ID,Date,variable,value
AM,2022-04-01,ER,7.247448004218501
AM,2022-04-02,GPP,0.551529414557272
AM,2022-04-02,ER,8.150582211193313
AM,2022-04-03,GPP,0.47117777529184074
AM,2022-04-03,ER,7.19387616457593
AM,2022-04-04,ER,4.778473442186076
AM,2022-04-05,ER,4.788789091172095
AM,2022-04-06,ER,5.107487458922955
AM,2022-04-07,GPP,0.4957072683229522
AM,2022-04-07,ER,7.139843371685718
AM,2022-04-08,GPP,0.11345987147767002
AM,2022-04-08,ER,4.49032984423052
AM,2022-04-09,GPP,2.659732674819248
AM,2022-04-09,ER,3.635535803691677
AM,2022-04-12,ER,2.783247579496914
AM,2022-04-13,ER,3.616530494900888
AM,2022-04-14,ER,4.492243200040493
AM,2022-04-15,ER,5.175857117283269
AM,2022-04-16,GPP,0.22096711443360575
AM,2022-04-16,ER,5.584749549230009
AM,2022-04-17,ER,7.377927438938929
AM,2022-04-18,ER,6.604990572354718
AM,2022-04-19,GPP,0.10877443080539466
AM,2022-04-19,ER,5.41821767142057
AM,2022-04-20,GPP,0.00999458971592981
AM,2022-04-20,ER,4.022488495539959
AM,2022-04-21,GPP,0.4590197254113521
AM,2022-04-21,ER,5.47556622682289
AM,2022-04-22,GPP,0.8730425435710911
AM,2022-04-22,ER,6.298643013579875
AM,2022-04-23,GPP,0
AM,2022-04-23,ER,5.278501388167012
AM,2022-04-27,GPP,3.11128599961255
AM,2022-04-27,ER,8.958320681601418
AM,2022-04-28,GPP,2.3089055646028283
AM,2022-04-28,ER,9.341517703300884
AM,2022-04-29,GPP,2.155089115003788
AM,2022-04-29,ER,9.216080897496129
AM,2022-04-30,GPP,2.129297031523151
AM,2022-04-30,ER,9.974315257028287
AM,2022-05-01,GPP,2.157038474062946
AM,2022-05-01,ER,10.148329032111
AM,2022-05-02,GPP,1.7507490452661274
AM,2022-05-02,ER,10.289170952715466
AM,2022-05-03,GPP,1.3328157609858269
AM,2022-05-03,ER,10.353009347656869
AM,2022-05-09,GPP,1.78838897598076
AM,2022-05-09,ER,13.459844211044878
AM,2022-05-10,GPP,1.1231107490372976
AM,2022-05-10,ER,13.41672225929957
AM,2022-05-11,GPP,1.0526332392380091
AM,2022-05-11,ER,14.119090492982696
AM,2022-05-12,GPP,1.2680390219407365
AM,2022-05-12,ER,14.952649037799004
AM,2022-05-13,GPP,1.2658175138316037
AM,2022-05-13,ER,15.486990800536216
AM,2022-05-14,GPP,1.23740012109321
AM,2022-05-14,ER,15.828542678496497
AM,2022-05-15,GPP,1.307343003944096
AM,2022-05-15,ER,16.681926241950546
AM,2022-05-16,GPP,1.0716894781721051
AM,2022-05-16,ER,17.273187241896178
AM,2022-05-17,GPP,1.3962107368632166
AM,2022-05-17,ER,17.890228656817193
AM,2022-05-18,GPP,1.503566680828509
AM,2022-05-18,ER,18.764312432125664
AM,2022-05-19,GPP,1.5806651442300677
AM,2022-05-19,ER,19.849496641327068
AM,2022-05-20,GPP,1.6093212899707368
AM,2022-05-20,ER,20.545205363642022
AM,2022-05-21,GPP,1.904793091223013
AM,2022-05-21,ER,21.06350708278404
AM,2022-05-22,GPP,2.0250459792195974
AM,2022-05-22,ER,21.031823662920416
AM,2022-05-23,GPP,1.0929396284975146
AM,2022-05-23,ER,21.198967123675633
AM,2022-07-02,GPP,3.5843787425722455
AM,2022-07-02,ER,20.67784317490538
AM,2022-07-07,GPP,4.163916490010006
AM,2022-07-07,ER,21.065317847834713
AM,2022-07-08,GPP,3.137282820704747
AM,2022-07-08,ER,19.71059523565615
AM,2022-07-12,GPP,4.24311247534216
AM,2022-07-12,ER,21.140429784477533
AM,2022-07-13,GPP,3.736507320298012
AM,2022-07-13,ER,16.81430015405358
AM,2022-07-14,GPP,3.3336850440561587
AM,2022-07-14,ER,13.68574100113137
AM,2022-07-15,GPP,3.410463722570316
AM,2022-07-15,ER,11.134221439242458
AM,2022-07-16,GPP,3.393830646947056
AM,2022-07-16,ER,8.529936261792917
AM,2022-07-17,GPP,2.743680699992241
AM,2022-07-17,ER,6.357978040697013
AM,2022-07-20,GPP,2.113871433733915
AM,2022-07-20,ER,4.025988212208919
AM,2022-07-21,GPP,1.3953792254751536
AM,2022-07-21,ER,3.832508192552486
AM,2022-07-22,GPP,1.8902306428205369
AM,2022-07-22,ER,4.044928135431073
AM,2022-07-23,GPP,2.037648036124636
AM,2022-07-23,ER,4.3150234181280105
AM,2022-07-24,GPP,2.0221512273345277
AM,2022-07-24,ER,4.517680854762527
AM,2022-07-25,GPP,1.6412656020757677
AM,2022-07-25,ER,4.650747687066366
AM,2022-07-26,GPP,2.035794728674131
AM,2022-07-26,ER,4.78625831365027
AM,2022-07-27,GPP,2.0646951446329886
AM,2022-07-27,ER,5.269267012484344
AM,2022-07-28,GPP,2.2031428446463086
AM,2022-07-28,ER,5.309204866030733
AM,2022-07-29,GPP,2.137710661771142
AM,2022-07-29,ER,5.579914392153009
AM,2022-07-30,GPP,2.4261709242572085
AM,2022-07-30,ER,5.647671553532526
AM,2022-07-31,GPP,2.3065366026367857
AM,2022-07-31,ER,5.909929416192406
AM,2022-08-01,GPP,2.0109703417189877
AM,2022-08-01,ER,5.758821729427862
AM,2022-08-02,GPP,2.270417933915931
AM,2022-08-02,ER,6.1234848598503016
AM,2022-08-03,GPP,2.637151960917948
AM,2022-08-03,ER,6.822303691398503
AM,2022-08-04,GPP,2.2235701250367086
AM,2022-08-04,ER,7.641203240136919
AM,2022-08-05,GPP,2.399305550575314
AM,2022-08-05,ER,8.396252355928587
AM,2022-08-06,GPP,2.139223371435242
AM,2022-08-06,ER,9.141384570027254
AM,2022-08-07,GPP,2.7296538732111353
AM,2022-08-07,ER,9.444992548744631
AM,2022-08-08,GPP,2.557494304776275
AM,2022-08-08,ER,9.356364820098037
AM,2022-08-09,GPP,2.470451845822943
AM,2022-08-09,ER,9.200523078512594
AM,2022-08-10,GPP,2.4995956661761944
AM,2022-08-10,ER,8.730484916725272
AM,2022-08-11,GPP,2.933505772107026
AM,2022-08-11,ER,8.269394642710651
AM,2022-08-12,GPP,3.026992640031991
AM,2022-08-12,ER,7.550404983339631
AM,2022-08-13,GPP,2.4897789552180662
AM,2022-08-13,ER,7.365368665139927
AM,2022-08-14,GPP,2.9815379505420183
AM,2022-08-14,ER,7.608141148736543
AM,2022-08-15,GPP,2.9385365257648
AM,2022-08-15,ER,7.472488166040909
AM,2022-08-16,GPP,2.708571201086034
AM,2022-08-16,ER,7.381316178529967
AM,2022-08-17,GPP,2.8880092320708526
AM,2022-08-17,ER,7.94146221963976
AM,2022-08-18,GPP,2.7814430361908973
AM,2022-08-18,ER,8.776627964945225
AM,2022-08-19,GPP,2.6412054329521495
AM,2022-08-19,ER,9.470501308942156
AM,2022-08-20,GPP,2.82935602266061
AM,2022-08-20,ER,10.023177813556924
AM,2022-08-21,GPP,3.4075764591656035
AM,2022-08-21,ER,10.57748414614344
AM,2022-08-22,GPP,3.458839039034777
AM,2022-08-22,ER,10.93714816621231
AM,2022-08-23,GPP,3.5275770541924074
AM,2022-08-23,ER,10.480166404762908
AM,2022-08-24,GPP,3.564709029360068
AM,2022-08-24,ER,9.29863793974012
AM,2022-08-25,GPP,2.9951454069683296
AM,2022-08-25,ER,9.06652181252366
AM,2022-08-26,GPP,2.9584252654821723
AM,2022-08-26,ER,9.663443452448304
AM,2022-08-27,GPP,3.792743672529653
AM,2022-08-27,ER,9.140698208877245
AM,2022-08-28,GPP,3.671812707480712
AM,2022-08-28,ER,6.41013376929776
AM,2022-08-29,GPP,2.0969210741505804
AM,2022-08-29,ER,4.659591170739999
AM,2022-09-12,ER,8.114203621780364
AM,2022-09-26,GPP,1.2691200492774908
AM,2022-09-26,ER,10.731258617129198
AM,2022-09-27,GPP,4.331808590095908
AM,2022-09-27,ER,8.79579904855481
AM,2022-09-28,GPP,2.508786533722853
AM,2022-09-28,ER,8.02486747858229
AM,2022-09-29,GPP,3.26101570980449
AM,2022-09-29,ER,8.432380874412306
AM,2022-09-30,GPP,3.2115258140736103
AM,2022-09-30,ER,9.160634300811727
AM,2022-10-01,GPP,3.1212078374263994
AM,2022-10-01,ER,9.51541338422429
AM,2022-10-02,GPP,2.6062340103715065
AM,2022-10-02,ER,9.545492674315774
AM,2022-10-03,GPP,2.6942848918989677
AM,2022-10-03,ER,10.61577527167328
AM,2022-10-04,GPP,3.642857954121081
AM,2022-10-04,ER,12.002859630165757
AM,2022-10-05,GPP,2.760360463144956
AM,2022-10-05,ER,10.927419117128643
AM,2022-10-06,GPP,3.919202757348824
AM,2022-10-06,ER,13.919056807185358
AM,2022-10-07,GPP,3.441624403320248
AM,2022-10-07,ER,13.235020591555752
AM,2022-10-08,GPP,2.8918649835061223
AM,2022-10-08,ER,12.784186275597378
AM,2022-10-09,GPP,3.5006310301902945
AM,2022-10-09,ER,13.688695233918752
AM,2022-10-10,GPP,3.081115275924844
AM,2022-10-10,ER,13.80184840455347
AM,2022-10-11,GPP,2.6614439487783605
AM,2022-10-11,ER,14.40285516046025
AM,2022-10-12,GPP,3.518845845912146
AM,2022-10-12,ER,15.81705488259583
AM,2022-10-13,GPP,3.4344751066194
AM,2022-10-13,ER,16.49087523762525
AM,2022-10-14,GPP,3.251484784045068
AM,2022-10-14,ER,16.236776455909318
AM,2022-10-15,GPP,2.848925926587023
AM,2022-10-15,ER,17.01506803311058
AM,2022-10-16,GPP,3.048985306685067
AM,2022-10-16,ER,19.375672450404487
AM,2022-10-17,GPP,4.117259958232834
AM,2022-10-17,ER,21.089834849220004
AM,2022-12-24,GPP,4.202820424917846
AM,2022-12-24,ER,17.197254613342498
AM,2022-12-25,GPP,3.9358099297956888
AM,2022-12-25,ER,16.083454659788774
AM,2022-12-26,GPP,3.9373825943178953
AM,2022-12-26,ER,15.913726863411478
AM,2022-12-27,GPP,3.9068760243422513
AM,2022-12-27,ER,16.31153365322102
AM,2022-12-28,GPP,3.905937460844963
AM,2022-12-28,ER,16.773525848842013
AM,2023-01-06,GPP,4.701936233811521
AM,2023-01-06,ER,18.291268968416546
AM,2023-01-07,GPP,4.133278180862979
AM,2023-01-07,ER,15.252989362091547
AM,2023-01-08,GPP,4.336896147720265
AM,2023-01-08,ER,14.603293439084698
AM,2023-01-09,GPP,4.255207592033244
AM,2023-01-09,ER,15.514597349631034
AM,2023-01-10,GPP,4.254249643587976
AM,2023-01-10,ER,15.067373326872197
AM,2023-01-11,GPP,4.348952813999827
AM,2023-01-11,ER,14.985801439434498
AM,2023-01-12,GPP,4.4384219423856415
AM,2023-01-12,ER,15.443814714252737
AM,2023-01-13,GPP,3.895370912749012
AM,2023-01-13,ER,15.865241736185142
AM,2023-01-14,GPP,4.446012570645418
AM,2023-01-14,ER,13.843254106728182
AM,2023-01-15,GPP,4.253803468632703
AM,2023-01-15,ER,12.568800489037956
AM,2023-01-16,GPP,4.23531432951531
AM,2023-01-16,ER,11.704928606818056
AM,2023-01-17,GPP,4.506621129626312
AM,2023-01-17,ER,11.928857077541126
AM,2023-01-18,GPP,4.941079548210291
AM,2023-01-18,ER,13.18813765060429
AM,2023-01-19,GPP,4.825760914727063
AM,2023-01-19,ER,13.182991291149266
AM,2023-01-20,GPP,5.275931034201232
AM,2023-01-20,ER,13.085557408549905
AM,2023-01-21,GPP,2.4902172767221353
AM,2023-01-21,ER,12.940796109015674
AM,2023-01-22,GPP,4.161752868018922
AM,2023-01-22,ER,13.702339210349178
AM,2023-01-23,GPP,5.369572836322261
AM,2023-01-23,ER,13.32153633996149
AM,2023-01-24,GPP,5.443463610677573
AM,2023-01-24,ER,11.60859233375923
AM,2023-01-25,GPP,2.87423180346692
AM,2023-01-25,ER,9.962481060163144
AM,2023-01-26,GPP,4.6559072104853705
AM,2023-01-26,ER,6.090850856299011
AM,2023-01-27,GPP,4.061322536051849
AM,2023-01-27,ER,3.4567872358946694
AM,2023-01-28,GPP,3.87687228281571
AM,2023-01-28,ER,2.257320802347665
AM,2023-01-29,GPP,4.133709305845256
AM,2023-01-29,ER,2.8098549605950596
AM,2023-01-30,GPP,4.500221160154062
AM,2023-01-30,ER,3.363064670834334
AM,2023-01-31,GPP,4.493286553597728
AM,2023-01-31,ER,4.088045819952494
AM,2023-02-01,GPP,4.248281125376207
AM,2023-02-01,ER,5.646755804847767
AM,2023-02-02,GPP,5.534742429113067
AM,2023-02-02,ER,6.152165240863834
AM,2023-02-03,GPP,4.37038708897344
AM,2023-02-03,ER,6.604394771088189
AM,2023-02-04,GPP,5.786619451060911
AM,2023-02-04,ER,4.852809259902806
AM,2023-02-05,GPP,5.937288506676163
AM,2023-02-05,ER,6.065575132783142
AM,2023-02-06,GPP,6.461586456842278
AM,2023-02-06,ER,6.393860400199314
AM,2023-02-07,GPP,5.78684364434422
AM,2023-02-07,ER,6.039676322980476
AM,2023-02-08,GPP,6.319577313212711
AM,2023-02-08,ER,6.8717544670145365
AM,2023-02-09,GPP,6.738973561721781
AM,2023-02-09,ER,7.292543055262016
AM,2023-02-10,GPP,2.6997432484130033
AM,2023-02-10,ER,7.859213559114739
AM,2023-02-11,GPP,1.3872830826535716
AM,2023-02-11,ER,5.315844810043955
AM,2023-02-12,GPP,4.514915328406232
AM,2023-02-12,ER,5.703289074669336
AM,2023-02-13,GPP,3.617054139734959
AM,2023-02-13,ER,3.4677801592134325
AM,2023-02-27,GPP,0.1867601325024181
AM,2023-02-27,ER,10.070009380447148
AM,2023-02-28,ER,7.547523418490228
AM,2023-03-01,GPP,1.4046720135583373
AM,2023-03-01,ER,6.5769849539857574
AM,2023-03-02,GPP,0.09342984633003804
AM,2023-03-02,ER,6.440367775661795
AM,2023-03-03,GPP,0.7066960909048865
AM,2023-03-03,ER,6.943285221980871
AM,2023-03-04,GPP,1.2360230721623189
AM,2023-03-04,ER,7.587825814629542
AM,2023-03-05,GPP,2.6179587259325605
AM,2023-03-05,ER,7.583905830390897
AM,2023-03-06,GPP,3.3335631582265486
AM,2023-03-06,ER,7.367016956077033
AM,2023-03-07,GPP,3.597264740232747
AM,2023-03-07,ER,7.365760757668122
AM,2023-03-08,GPP,4.428261361820276
AM,2023-03-08,ER,6.896714517859745
AM,2023-03-09,GPP,4.679313914180284
AM,2023-03-09,ER,5.86420242215654
AM,2023-03-10,GPP,3.9871152584999354
AM,2023-03-10,ER,6.471723969433077
AM,2023-03-11,GPP,4.516176124557824
AM,2023-03-11,ER,3.604200315273076
AM,2023-03-15,GPP,3.121249495042569
AM,2023-03-15,ER,12.489935351982652
AM,2023-03-16,GPP,3.0802764069552855
AM,2023-03-16,ER,4.719669365900357
AM,2023-03-17,GPP,3.721970519631408
AM,2023-03-17,ER,5.921026238982259
AM,2023-03-18,GPP,1.9548898048317949
AM,2023-03-18,ER,7.1994788063911415
AM,2023-03-19,GPP,2.746860108606121
AM,2023-03-19,ER,5.41560823935197
AM,2023-03-20,GPP,2.7603796697225698
AM,2023-03-20,ER,6.948775370473301
AM,2023-03-21,GPP,2.974215805190079
AM,2023-03-21,ER,5.673539053980225
AM,2023-03-22,GPP,4.059367831708929
AM,2023-03-22,ER,8.70807941923137
AM,2023-03-23,GPP,3.1515824783194906
AM,2023-03-23,ER,8.289045847248746
AM,2023-03-24,GPP,3.2533216662084143
AM,2023-03-24,ER,8.350397659083349
AM,2023-03-25,GPP,3.194407626419177
AM,2023-03-25,ER,9.105319003476678
AM,2023-03-26,GPP,3.0423134148676767
AM,2023-03-26,ER,9.734369659919238
AM,2023-03-27,GPP,4.2987182237366195
AM,2023-03-27,ER,10.80256336208187
AM,2023-03-28,GPP,3.4809637878789967
AM,2023-03-28,ER,11.495681730555464
AM,2023-03-29,GPP,5.67063176720107
AM,2023-03-29,ER,10.011459496368976
AM,2023-03-30,GPP,4.20591083750313
AM,2023-03-30,ER,6.129044920071525
AM,2023-03-31,GPP,4.413172439662505
AM,2023-03-31,ER,6.415460656462902
AM,2023-04-01,GPP,4.095118502364133
AM,2023-04-01,ER,6.959496509072185
AM,2023-04-02,GPP,5.472243658063734
AM,2023-04-02,ER,7.640685846599748
AM,2023-04-03,GPP,4.936549961427427
AM,2023-04-03,ER,6.894567860076691
AM,2023-04-04,GPP,3.9972486272152064
AM,2023-04-04,ER,7.014759513623857
AM,2023-04-05,GPP,4.620533342538104
AM,2023-04-05,ER,7.475866784282467
AM,2023-04-06,GPP,4.5300139724556034
AM,2023-04-06,ER,7.495492501948952
AM,2023-04-07,GPP,4.265991885930257
AM,2023-04-07,ER,7.79806806706744
AM,2023-04-08,GPP,2.924941352270448
AM,2023-04-08,ER,8.973021611721252
AM,2023-04-09,GPP,3.0044879999282426
AM,2023-04-09,ER,9.320248387737848
AM,2023-04-10,GPP,6.162645707235358
AM,2023-04-10,ER,9.860931267770669
AM,2023-04-11,GPP,5.600251105098768
AM,2023-04-11,ER,10.646211762585994
AM,2023-04-12,GPP,2.6385221096677536
AM,2023-04-12,ER,8.926034899597116
AM,2023-04-24,GPP,1.8631112872320457
AM,2023-04-24,ER,18.672992025452764
AM,2023-04-25,GPP,3.605232455039979
AM,2023-04-25,ER,15.232951107643876
AM,2023-04-26,GPP,3.491846195742455
AM,2023-04-26,ER,15.629018691316558
AM,2023-04-27,GPP,1.1848000188162755
AM,2023-04-27,ER,16.09065263247982
AM,2023-04-28,GPP,4.133110124300025
AM,2023-04-28,ER,16.511109960254032
AM,2023-04-29,GPP,3.4819410779016957
AM,2023-04-29,ER,17.780745581198605
AM,2023-04-30,GPP,1.589655239133315
AM,2023-04-30,ER,24.141379814420553
AM,2023-05-01,GPP,3.0853433068419585
AM,2023-05-01,ER,21.216740907593483
AM,2023-05-04,GPP,7.933576021622008
AM,2023-05-04,ER,18.252819551410916
AM,2023-05-05,GPP,5.528896615726067
AM,2023-05-05,ER,18.466366173882143
AM,2023-05-24,GPP,5.897729070932934
AM,2023-05-24,ER,9.08602149043019
AM,2023-05-25,GPP,6.800413182054043
AM,2023-05-25,ER,14.56653669922389
AM,2023-05-26,GPP,5.084794181276201
AM,2023-05-26,ER,13.554913074673983
AM,2023-05-27,GPP,5.576486649051247
AM,2023-05-27,ER,12.25082193625006
AM,2023-05-28,GPP,5.686231668363047
AM,2023-05-28,ER,12.039930018970466
AM,2023-05-29,GPP,6.224903222643135
AM,2023-05-29,ER,12.636996638585716
AM,2023-05-30,GPP,6.5381661114285565
AM,2023-05-30,ER,13.607718415510202
AM,2023-05-31,GPP,5.830408888108882
AM,2023-05-31,ER,14.664151575430177
AM,2023-06-01,GPP,6.367178856357031
AM,2023-06-01,ER,15.982145765852223
AM,2023-06-02,GPP,7.234737304273551
AM,2023-06-02,ER,17.394001380278787
AM,2023-06-03,GPP,6.694030939911284
AM,2023-06-03,ER,18.919646428514596
AM,2023-06-04,GPP,6.305314956598129
AM,2023-06-04,ER,19.32724447341059
AM,2023-06-17,GPP,6.2520171639650615
AM,2023-06-17,ER,14.140419420397196
AM,2023-06-18,GPP,4.519081502148123
AM,2023-06-18,ER,8.495271387073634
AM,2023-06-19,GPP,2.9058125864292332
AM,2023-06-19,ER,7.697024105504318
AM,2023-06-20,GPP,2.6192189056270365
AM,2023-06-20,ER,5.989195026594889
AM,2023-06-21,GPP,2.502977942137429
AM,2023-06-21,ER,7.027213415546715
AM,2023-06-22,GPP,1.4582111839675045
AM,2023-06-22,ER,4.924386332167532
AM,2023-06-23,ER,3.5609312858625213
AM,2023-06-24,GPP,1.0295515584708212
AM,2023-06-24,ER,6.712557325661558
AM,2023-06-25,ER,4.964873446696949
AM,2023-06-26,ER,5.974469511329496
AM,2023-06-27,ER,6.458449534698763
AM,2023-06-28,ER,8.836658700466867
AM,2023-06-29,ER,9.324740010234084
AM,2023-06-30,ER,8.203740610508346
AM,2023-07-01,ER,6.909848810794285
AM,2023-07-02,GPP,0.4368742618980457
AM,2023-07-02,ER,6.310671315143189
AM,2023-07-03,GPP,1.4304241864853702
AM,2023-07-03,ER,6.717570874778493
AM,2023-07-04,GPP,0.03500876452078191
AM,2023-07-04,ER,6.841477879674561
AM,2023-07-05,GPP,0.5767920136020712
AM,2023-07-05,ER,7.063777154586511
AM,2023-07-06,GPP,1.1847661784812311
AM,2023-07-06,ER,7.3390834051446845
AM,2023-07-07,GPP,1.4725718643371428
AM,2023-07-07,ER,7.548084710721746
AM,2023-07-08,GPP,2.44622126522445
AM,2023-07-08,ER,7.687359811849313
AM,2023-07-09,GPP,2.7143380287669316
AM,2023-07-09,ER,7.608610774076669
AM,2023-07-10,GPP,1.9702015442895608
AM,2023-07-10,ER,7.208123100276173
AM,2023-07-11,GPP,2.349789073206433
AM,2023-07-11,ER,7.114976626852582
AM,2023-07-12,GPP,2.7095045075885205
AM,2023-07-12,ER,6.956979585436361
AM,2023-07-13,GPP,2.916528380587409
AM,2023-07-13,ER,6.960590975330835
AM,2023-07-14,GPP,2.716545140985084
AM,2023-07-14,ER,6.941538576923476
AM,2023-07-15,GPP,2.310503530094765
AM,2023-07-15,ER,6.967675465666922
AM,2023-07-16,GPP,1.93368003267741
AM,2023-07-16,ER,7.0926438874993645
AM,2023-07-17,GPP,2.928557639723336
AM,2023-07-17,ER,7.243298081673862
AM,2023-07-18,GPP,3.6307835705272624
AM,2023-07-18,ER,7.422649354829557
AM,2023-07-19,GPP,3.322098598202723
AM,2023-07-19,ER,7.613584317108303
AM,2023-07-20,GPP,3.6269490273407783
AM,2023-07-20,ER,8.053198348996293
AM,2023-07-21,GPP,3.789731732220337
AM,2023-07-21,ER,8.690739641106367
AM,2023-07-22,GPP,3.4834455426722086
AM,2023-07-22,ER,8.976151094369262
AM,2023-07-23,GPP,2.672202697827895
AM,2023-07-23,ER,8.925018743533606
AM,2023-07-24,GPP,3.367424432679764
AM,2023-07-24,ER,8.70072915781709
AM,2023-07-25,GPP,4.132145291317241
AM,2023-07-25,ER,8.877959498697157
AM,2023-07-26,GPP,4.222880132764705
AM,2023-07-26,ER,8.667547489754897
AM,2023-07-27,GPP,4.351263566083858
AM,2023-07-27,ER,8.814224021883753
AM,2023-07-28,GPP,4.02121547830065
AM,2023-07-28,ER,9.188069367962695
AM,2023-07-29,GPP,3.7754935569021346
AM,2023-07-29,ER,9.644096890873689
AM,2023-07-30,GPP,4.003113926661865
AM,2023-07-30,ER,10.004746506849358
AM,2023-07-31,GPP,4.608279071800083
AM,2023-07-31,ER,9.984552908749372
AM,2023-08-01,GPP,4.654377132749002
AM,2023-08-01,ER,9.522776742217076
AM,2023-08-02,GPP,4.715302141561908
AM,2023-08-02,ER,9.05409302155038
AM,2023-08-04,GPP,5.224024551109579
AM,2023-08-04,ER,8.779433968336052
AM,2023-08-05,GPP,3.3495079132676207
AM,2023-08-05,ER,8.950189696000034
AM,2023-08-06,GPP,3.9300195260585697
AM,2023-08-06,ER,8.528567586216765
AM,2023-08-07,GPP,4.155392334615196
AM,2023-08-07,ER,8.12661466977063
AM,2023-08-08,GPP,4.231937834470432
AM,2023-08-08,ER,7.830718401357621
AM,2023-08-09,GPP,3.926260382388932
AM,2023-08-09,ER,7.743831469748095
AM,2023-08-10,GPP,3.0347397238074287
AM,2023-08-10,ER,7.838918233707511
AM,2023-08-11,GPP,3.567125491084298
AM,2023-08-11,ER,7.96520491196247
AM,2023-08-12,GPP,3.829486660307236
AM,2023-08-12,ER,8.271192951496847
AM,2023-08-13,GPP,3.93214220524941
AM,2023-08-13,ER,8.762247916977852
AM,2023-08-14,GPP,3.1125600109505416
AM,2023-08-14,ER,9.509571461078275
AM,2023-08-15,GPP,2.522549751977196
AM,2023-08-15,ER,9.592238607333298
AM,2023-08-16,GPP,3.928413920393559
AM,2023-08-16,ER,10.322589215619049
AM,2023-08-17,GPP,3.431524098068684
AM,2023-08-17,ER,9.902687382099744
AM,2023-08-18,GPP,2.983102328516141
AM,2023-08-18,ER,9.309756213295318
AM,2023-08-19,GPP,3.467615300422822
AM,2023-08-19,ER,8.853886812175617
AM,2023-08-20,GPP,3.63332407791868
AM,2023-08-20,ER,8.807613670286612
AM,2023-08-21,GPP,3.624397974089301
AM,2023-08-21,ER,8.989303367085324
AM,2023-08-22,GPP,3.489833199169176
AM,2023-08-22,ER,9.33633792901815
AM,2023-08-23,GPP,3.946198867995486
AM,2023-08-23,ER,10.023776677751796
AM,2023-08-24,GPP,3.606066055986828
AM,2023-08-24,ER,10.715802804480724
AM,2023-08-25,GPP,3.66799799721244
AM,2023-08-25,ER,11.705330118324357
AM,2023-08-26,GPP,3.7574196563347178
AM,2023-08-26,ER,12.803938726953138
AM,2023-08-27,GPP,3.977947384976242
AM,2023-08-27,ER,13.505191224699216
AM,2023-08-28,GPP,3.9277877560490944
AM,2023-08-28,ER,13.861120883134538
AM,2023-08-29,GPP,4.416542011601826
AM,2023-08-29,ER,14.341229266390236
AM,2023-08-30,GPP,0.25788495152072327
AM,2023-08-30,ER,15.190941990357269
AM,2023-08-31,GPP,4.79824183034467
AM,2023-08-31,ER,15.245431115037356
AM,2023-09-01,GPP,3.011508323634441
AM,2023-09-01,ER,11.344372775459822
AM,2023-09-02,GPP,3.6789710853808866
AM,2023-09-02,ER,9.372805417845532
AM,2023-09-03,GPP,2.5125681193472533
AM,2023-09-03,ER,9.108746031250494
AM,2023-09-04,GPP,1.3448567102643754
AM,2023-09-04,ER,8.52010906623333
AM,2023-09-05,GPP,0.5275353998720118
AM,2023-09-05,ER,7.934147222216184
AM,2023-09-06,GPP,0.2363424669515046
AM,2023-09-06,ER,7.675798845175723
AM,2023-09-07,GPP,0.7996434541031128
AM,2023-09-07,ER,7.935464464176279
AM,2023-09-08,GPP,1.5563687727142193
AM,2023-09-08,ER,8.484932820488307
AM,2023-09-09,GPP,1.535787526744139
AM,2023-09-09,ER,8.763278916955395
AM,2023-09-10,GPP,1.525059567924442
AM,2023-09-10,ER,8.769674748846663
AM,2023-09-11,GPP,2.040964387404657
AM,2023-09-11,ER,9.10484020686821
AM,2023-09-12,GPP,2.312470101948327
AM,2023-09-12,ER,9.48615197003122
AM,2023-09-13,GPP,3.145085641858234
AM,2023-09-13,ER,9.781009247663633
AM,2023-09-14,GPP,3.3920403177990512
AM,2023-09-14,ER,9.819900797346468
AM,2023-09-15,GPP,3.641238659567623
AM,2023-09-15,ER,9.946702980472091
AM,2023-09-16,GPP,4.313916915107433
AM,2023-09-16,ER,9.811034687954296
AM,2023-09-17,GPP,4.381720628532957
AM,2023-09-17,ER,10.514210801603546
AM,2023-09-18,GPP,4.434628027955535
AM,2023-09-18,ER,10.20518375665442
AM,2023-09-19,GPP,4.533752864959841
AM,2023-09-19,ER,9.751712654859192
AM,2023-09-20,GPP,1.5996183451420432
AM,2023-09-20,ER,9.908048592808012
AM,2023-10-02,GPP,6.550232098495919
AM,2023-10-02,ER,10.809059707980351
AM,2023-10-03,GPP,4.886412443066359
AM,2023-10-03,ER,11.09353924010276
AM,2023-10-04,GPP,4.91239506118116
AM,2023-10-04,ER,11.91006161068227
AM,2023-10-05,GPP,4.488767758692717
AM,2023-10-05,ER,12.216200955643696
AM,2023-10-06,GPP,4.309001623664501
AM,2023-10-06,ER,12.59433405946598
AM,2023-10-07,GPP,4.95273792571738
AM,2023-10-07,ER,12.955286907846522
AM,2023-10-08,GPP,4.92463230820519
AM,2023-10-08,ER,13.14921874298178
AM,2023-10-09,GPP,4.270692785347243
AM,2023-10-09,ER,12.788581576106196
AM,2023-10-10,GPP,4.345967883774091
AM,2023-10-10,ER,13.896878096634431
AM,2023-10-11,GPP,2.256473285576472
AM,2023-10-11,ER,15.933265546581866
AM,2023-10-12,GPP,2.709990592172941
AM,2023-10-12,ER,13.199929396632312
AM,2023-10-13,GPP,3.944143082867012
AM,2023-10-13,ER,13.706526476954238
AM,2023-10-14,GPP,3.514311427579899
AM,2023-10-14,ER,11.868295603975856
AM,2023-10-15,GPP,3.44856020123685
AM,2023-10-15,ER,10.199749523043812
AM,2023-10-16,GPP,3.2940495574945947
AM,2023-10-16,ER,8.93739120037828
AM,2023-10-17,GPP,2.937675106842372
AM,2023-10-17,ER,8.237110684949329
AM,2023-10-18,GPP,2.8223423170268553
AM,2023-10-18,ER,8.141075767341407
AM,2023-10-19,GPP,3.024666538849247
AM,2023-10-19,ER,8.48647963410035
AM,2023-10-20,GPP,3.052050894016532
AM,2023-10-20,ER,9.028265648366771
AM,2023-10-21,GPP,3.314113246046846
AM,2023-10-21,ER,9.400745218491954
AM,2023-10-22,GPP,3.513435771014957
AM,2023-10-22,ER,9.025280738365856
AM,2023-10-23,GPP,3.335941781154592
AM,2023-10-23,ER,9.331317339012765
AM,2023-10-24,GPP,3.0496529915730375
AM,2023-10-24,ER,9.393894455320677
AM,2023-10-25,GPP,2.9572399221079864
AM,2023-10-25,ER,10.250238119418214
AM,2023-10-26,GPP,2.912204773567616
AM,2023-10-26,ER,9.90200808308148
AM,2023-10-27,GPP,2.874498622768866
AM,2023-10-27,ER,10.065448093032668
AM,2023-10-28,GPP,2.7530582133074204
AM,2023-10-28,ER,10.290806841986036
AM,2023-10-29,GPP,2.6845152144943927
AM,2023-10-29,ER,10.695090408103122
AM,2023-10-30,GPP,2.8332307162011445
AM,2023-10-30,ER,11.176617104843457
AM,2023-10-31,GPP,2.953062889083039
AM,2023-10-31,ER,11.480060187271375
AM,2023-11-01,GPP,2.943501456176076
AM,2023-11-01,ER,11.729349184235447
AM,2023-11-02,GPP,2.594953742285436
AM,2023-11-02,ER,11.431146752298364
AM,2023-11-03,GPP,2.802995038128517
AM,2023-11-03,ER,12.148287220895297
AM,2023-11-04,GPP,2.8437471770633733
AM,2023-11-04,ER,12.31555673264628
AM,2023-11-05,GPP,2.624884327985999
AM,2023-11-05,ER,12.322904201380844
AM,2023-11-06,GPP,2.604655855714168
AM,2023-11-06,ER,12.64501725753572
AM,2023-11-07,GPP,2.6650073625790824
AM,2023-11-07,ER,13.23261322201945
AM,2023-11-08,GPP,2.6910319359697836
AM,2023-11-08,ER,13.765998905299432
AM,2023-11-09,GPP,2.937434782314695
AM,2023-11-09,ER,14.656067405186455
AM,2023-11-10,GPP,2.8023167285924737
AM,2023-11-10,ER,15.82419964781207
AM,2023-11-11,GPP,2.6902505950118605
AM,2023-11-11,ER,16.949563565674698
AM,2023-11-12,GPP,3.004747710955252
AM,2023-11-12,ER,17.71630852356926
AM,2023-11-13,GPP,2.947378413634949
AM,2023-11-13,ER,17.896580111936252
AM,2023-11-14,GPP,2.0528227175672935
AM,2023-11-14,ER,18.72760048509364
AM,2023-11-15,GPP,1.9535300574706933
AM,2023-11-15,ER,19.90793653254821
AM,2023-11-16,GPP,2.7701513121772994
AM,2023-11-16,ER,20.10121762113969
AM,2023-11-30,GPP,2.737310809209259
AM,2023-11-30,ER,16.566734588718646
AM,2023-12-01,GPP,3.621677558620461
AM,2023-12-01,ER,16.63376450634335
AM,2023-12-02,GPP,2.0899038470530495
AM,2023-12-02,ER,16.651145697301114
AM,2023-12-03,GPP,2.6398403416724827
AM,2023-12-03,ER,14.680716675382786
AM,2023-12-04,GPP,3.498643180498723
AM,2023-12-04,ER,10.257799957243694
AM,2023-12-05,GPP,2.9845555549779217
AM,2023-12-05,ER,6.847863964711818
AM,2023-12-06,GPP,2.390299547038061
AM,2023-12-06,ER,5.5213217397323975
AM,2023-12-07,GPP,2.3032114663837633
AM,2023-12-07,ER,5.1973390685952765
AM,2023-12-08,GPP,2.206868785006474
AM,2023-12-08,ER,5.699727746948742
AM,2023-12-09,GPP,2.506838770650414
AM,2023-12-09,ER,6.221828155132422
AM,2023-12-10,GPP,1.2702749324861229
AM,2023-12-10,ER,6.353736734840389
AM,2023-12-11,GPP,2.557170990395403
AM,2023-12-11,ER,5.44035556726443
AM,2023-12-12,GPP,2.646727426906585
AM,2023-12-12,ER,5.041890112474532
AM,2023-12-13,GPP,2.686537852516262
AM,2023-12-13,ER,5.415827218332195
AM,2023-12-14,GPP,3.1670343371196505
AM,2023-12-14,ER,5.414816706084534
AM,2023-12-15,GPP,2.7179827688920053
AM,2023-12-15,ER,5.398971944977777
AM,2023-12-16,GPP,1.2482931896377112
AM,2023-12-16,ER,5.365275679004141
AM,2023-12-17,GPP,0.4312360143810038
AM,2023-12-17,ER,2.116198977046571
AM,2023-12-18,GPP,2.3220485728098197
AM,2023-12-18,ER,2.5441485616291337
AM,2023-12-30,GPP,1.988014108236436
AM,2023-12-30,ER,12.328850966647073
AM,2023-12-31,GPP,1.5339784913629315
AM,2023-12-31,ER,8.755063736160142
AM,2024-01-18,ER,2.686559576028467
AM,2024-01-19,ER,2.9410425231967117
AM,2024-01-21,GPP,1.5151277888645185
AM,2024-01-21,ER,3.749630049485393
AM,2024-01-22,GPP,6.571853908052157
AM,2024-01-22,ER,9.196038560606702
AM,2024-01-23,GPP,6.232641291731515
AM,2024-01-23,ER,14.241801956662096
AM,2024-01-24,GPP,0.2802258603201406
AM,2024-01-24,ER,3.7152534099634114
AM,2024-01-25,ER,3.2690962748651247
AM,2024-01-26,GPP,0.22062878876612327
AM,2024-01-26,ER,3.9700283380668577
AM,2024-01-27,GPP,0.3748801222652456
AM,2024-01-27,ER,3.912529273073752
AM,2024-01-28,GPP,0.8394882776589396
AM,2024-01-28,ER,3.1707729484964893
AM,2024-01-29,GPP,5.958792976946931
AM,2024-01-29,ER,0.782716441341867
AM,2024-01-30,GPP,8.042421509190621
AM,2024-01-30,ER,0.16841288553677877
AM,2024-01-31,GPP,0.7420858945086453
AM,2024-01-31,ER,3.5886570021170736
AM,2024-02-01,GPP,7.520985716176932
AM,2024-02-01,ER,9.83198784805568
AM,2024-02-02,GPP,8.732766409543828
AM,2024-02-02,ER,11.23381292564364
AM,2024-02-03,GPP,0.7972919143040993
AM,2024-02-03,ER,2.582300790743281
AM,2024-02-04,GPP,0.3365559947995709
AM,2024-02-04,ER,3.868886112262868
AM,2024-02-05,GPP,1.427718375432124
AM,2024-02-05,ER,4.252175008572073
AM,2024-02-06,GPP,2.656940805143132
AM,2024-02-06,ER,3.9759529606401336
AM,2024-02-07,GPP,1.982648230696069
AM,2024-02-07,ER,3.46113684386853
AM,2024-02-08,GPP,2.0790747230993287
AM,2024-02-08,ER,3.4927553764479087
AM,2024-02-09,GPP,2.060789776109799
AM,2024-02-09,ER,3.854769458505245
AM,2024-02-10,GPP,1.5559549348596664
AM,2024-02-10,ER,3.977517175191153
AM,2024-02-11,GPP,1.52062790529324
AM,2024-02-11,ER,4.292791313079622
AM,2024-02-12,GPP,0.6908567351967363
AM,2024-02-12,ER,5.415587725077949
AM,2024-02-13,GPP,3.3422408253491995
AM,2024-02-13,ER,4.876276736327459
AM,2024-02-14,GPP,2.0344623662030252
AM,2024-02-14,ER,4.283221207480069
AM,2024-02-15,GPP,2.494236646673498
AM,2024-02-15,ER,5.734176535577783
AM,2024-02-16,GPP,1.7532724033373848
AM,2024-02-16,ER,4.84059933703008
AM,2024-02-17,GPP,1.0695568131764852
AM,2024-02-17,ER,5.60456643504362
AM,2024-02-18,GPP,1.788113444020593
AM,2024-02-18,ER,5.463941707242255
AM,2024-02-19,GPP,3.048616842839693
AM,2024-02-19,ER,4.187678698710282
AM,2024-02-20,GPP,2.0836937939261317
AM,2024-02-20,ER,3.158394750642237
AM,2024-02-21,GPP,1.0206557634487716
AM,2024-02-21,ER,2.7504845902470803
AM,2024-02-22,GPP,0.3472978815825088
AM,2024-02-22,ER,2.6630491394169677
AM,2024-02-24,GPP,5.906761941370258
AM,2024-02-24,ER,12.098798363217687
AM,2024-02-25,GPP,6.335153422267855
AM,2024-02-25,ER,9.029806341572618
AM,2024-02-26,GPP,8.425841292288533
AM,2024-02-26,ER,11.397208183299403
AM,2024-02-27,GPP,0.3738535796444097
AM,2024-02-27,ER,2.039110929646432
AM,2024-02-28,GPP,0.8801851073405715
AM,2024-02-28,ER,2.9129322211102626
AM,2024-02-29,GPP,2.212511104689664
AM,2024-02-29,ER,4.407963854489428
AM,2024-03-01,GPP,1.439876657494719
AM,2024-03-01,ER,4.140170247943521
AM,2024-03-02,GPP,1.909291283110182
AM,2024-03-02,ER,5.3588628521817165
AM,2024-03-03,GPP,2.5523778256085174
AM,2024-03-03,ER,5.719841218807414
AM,2024-03-04,GPP,2.72255249794742
AM,2024-03-04,ER,5.793631582997308
AM,2024-03-05,GPP,1.0917640587423594
AM,2024-03-05,ER,5.830108711436175
AM,2024-03-06,GPP,2.615965542887954
AM,2024-03-06,ER,5.900226793927978
AM,2024-03-07,GPP,2.6573375887416306
AM,2024-03-07,ER,5.388330862599861
AM,2024-03-08,GPP,1.900215212543047
AM,2024-03-08,ER,5.4459609446493875
AM,2024-03-09,GPP,1.5895930049232017
AM,2024-03-09,ER,6.31137087807018
AM,2024-03-10,GPP,2.9641908258680227
AM,2024-03-10,ER,5.607173753655887
AM,2024-03-11,GPP,2.0201594993828564
AM,2024-03-11,ER,4.054082739170393
AM,2024-03-12,GPP,0.961991256192249
AM,2024-03-12,ER,4.55773921493731
AM,2024-03-13,GPP,2.1511753981786685
AM,2024-03-13,ER,4.578351254547025
AM,2024-03-14,ER,4.491489626445846
AM,2024-03-18,GPP,0.454002729245969
AM,2024-03-18,ER,3.841193614809623
AM,2024-03-19,GPP,1.0599876435717226
AM,2024-03-19,ER,6.339150674007435
AM,2024-03-20,GPP,0.6972055354437009
AM,2024-03-20,ER,3.610278982060168
AM,2024-03-21,ER,2.3705702071059966
AM,2024-03-22,ER,3.0624020964644183
AM,2024-03-23,GPP,0.5431789081877036
AM,2024-03-23,ER,6.666891726311664
AM,2024-03-24,ER,3.384753996345258
AM,2024-03-25,ER,2.9515663018302685
AM,2024-03-26,ER,4.8344739526137515
AM,2024-03-27,GPP,0.8266403374387409
AM,2024-03-27,ER,3.3621123750283637
AM,2024-03-28,ER,2.708230373898993
AM,2024-03-29,GPP,0.8981450019658065
AM,2024-03-29,ER,3.434781525822117
AM,2024-03-30,GPP,0.25709786322473777
AM,2024-03-30,ER,6.160999643836674
AM,2024-03-31,GPP,0.3235636029895292
AM,2024-03-31,ER,7.1035432063361545
AM,2024-04-01,GPP,0.07540556874072313
AM,2024-04-01,ER,9.527163352416348
AM,2024-04-02,GPP,1.9957156268282064
AM,2024-04-02,ER,8.407275868628076
AM,2024-04-04,GPP,0.22680528899786523
AM,2024-04-04,ER,6.637745286942965
AM,2024-04-05,GPP,0.7777055320273436
AM,2024-04-05,ER,9.250738726946617
AM,2024-04-06,GPP,0.8028796580771742
AM,2024-04-06,ER,10.837204313867298
AM,2024-04-07,GPP,1.168450323555959
AM,2024-04-07,ER,10.116528418141977
AM,2024-04-08,GPP,0.23571306327563063
AM,2024-04-08,ER,10.608166452619024
AM,2024-04-09,GPP,3.669262053078381
AM,2024-04-09,ER,11.547166412274532
AM,2024-04-10,GPP,0.05080872972112726
AM,2024-04-10,ER,13.49536313866328
AM,2024-04-11,ER,12.805028732324372
AM,2024-04-29,GPP,0.21254855081473095
AM,2024-04-29,ER,17.165431210257267
AM,2024-04-30,GPP,0.19033749154125443
AM,2024-04-30,ER,16.362196025666567
AM,2024-05-01,GPP,0.18114114190049793
AM,2024-05-01,ER,15.619458878815852
AM,2024-05-02,GPP,0.1762216853711683
AM,2024-05-02,ER,14.919496216020995
AM,2024-05-03,GPP,0.16579576405044194
AM,2024-05-03,ER,14.236768712753795
AM,2024-05-04,GPP,0.15212205303731588
AM,2024-05-04,ER,13.645277736189083
AM,2024-05-05,GPP,0.06107393766787261
AM,2024-05-05,ER,12.93990171101574
AM,2024-05-06,GPP,0.05150478138934566
AM,2024-05-06,ER,12.53541789615872
AM,2024-05-07,GPP,0.16235610390038277
AM,2024-05-07,ER,11.814951264143511
AM,2024-05-08,ER,10.661235141904337
AM,2024-05-09,ER,10.57447219075906
AM,2024-05-10,GPP,1.9711046642920584
AM,2024-05-10,ER,9.82473142790635
AM,2024-05-11,GPP,0.6781477850589299
AM,2024-05-11,ER,9.910547785084711
AM,2024-05-12,GPP,0.17876662136662613
AM,2024-05-12,ER,9.414443711775446
AM,2024-05-13,GPP,0.01577229659348655
AM,2024-05-13,ER,9.560318605202792
AM,2024-05-14,GPP,1.5049221637822383
AM,2024-05-14,ER,9.701233167948446
AM,2024-05-15,GPP,0.24405811578628264
AM,2024-05-15,ER,11.016108608781726
AM,2024-05-16,GPP,0.1306232007772479
AM,2024-05-16,ER,11.57439986888814
AM,2024-05-17,GPP,0.12898373016067116
AM,2024-05-17,ER,12.213405863227475
AM,2024-05-18,GPP,0.16989806219537812
AM,2024-05-18,ER,12.768671916688982
AM,2024-05-19,GPP,0.08347926529964855
AM,2024-05-19,ER,13.333959240065898
AM,2024-05-20,GPP,0.10002274504192891
AM,2024-05-20,ER,13.93140452725236
AM,2024-05-21,GPP,0.10213444652466762
AM,2024-05-21,ER,14.495404718095278
AM,2024-05-22,GPP,0.07530799047885388
AM,2024-05-22,ER,15.034048232827908
AM,2024-05-23,GPP,0.11535281259601048
AM,2024-05-23,ER,15.630315685166403
AM,2024-05-24,GPP,0.09562061735013729
AM,2024-05-24,ER,16.247147272240696
AM,2024-05-29,GPP,0.05052864545105251
AM,2024-05-29,ER,16.9183382527577
AM,2024-05-30,GPP,0.11252908232908936
AM,2024-05-30,ER,16.602062204015226
AM,2024-05-31,GPP,0.11406760292367207
AM,2024-05-31,ER,16.153599533963803
AM,2024-06-01,GPP,0.08815301554046462
AM,2024-06-01,ER,15.743063584123858
AM,2024-06-02,GPP,0.06316672794463951
AM,2024-06-02,ER,15.440682936231504
AM,2024-06-03,GPP,0.06458607593472365
AM,2024-06-03,ER,15.19095611811361
AM,2024-06-04,GPP,0.08263462110347579
AM,2024-06-04,ER,14.909221364292986
AM,2024-06-05,GPP,0.10232983618416752
AM,2024-06-05,ER,14.548723195601816
AM,2024-06-06,GPP,0.11337285392317102
AM,2024-06-06,ER,14.119563981945154
AM,2024-06-07,GPP,0.11639346484055409
AM,2024-06-07,ER,13.65956562498886
AM,2024-06-08,GPP,0.15647816623418262
AM,2024-06-08,ER,13.16545187741513
AM,2024-06-09,GPP,0.21649829347360736
AM,2024-06-09,ER,12.690175421440712
AM,2024-06-10,GPP,0.4703131852542821
AM,2024-06-10,ER,12.127897894962924
AM,2024-06-11,ER,9.875003110117689
AM,2024-06-12,GPP,0.3735899642184628
AM,2024-06-12,ER,9.241384104973234
AM,2024-06-13,GPP,0.5786113753256169
AM,2024-06-13,ER,9.500252004184196
AM,2024-06-14,GPP,0.3313254790523225
AM,2024-06-14,ER,8.439060541501654
AM,2024-06-15,ER,8.140784065786612
AM,2024-06-16,GPP,0.3465818152010404
AM,2024-06-16,ER,8.163701489462602
AM,2024-06-17,GPP,1.9131232339622504
AM,2024-06-17,ER,8.723536112716296
AM,2024-06-18,GPP,0.1859954098526504
AM,2024-06-18,ER,5.067755528638537
AM,2024-06-19,GPP,0.2844942469388001
AM,2024-06-19,ER,5.2839052705401075
AM,2024-06-20,GPP,0.16357270796539866
AM,2024-06-20,ER,5.273006348434193
AM,2024-06-21,GPP,0.15527986413127134
AM,2024-06-21,ER,5.311690973286634
AM,2024-06-22,GPP,0.3222449812253336
AM,2024-06-22,ER,5.548250934329413
AM,2024-06-23,GPP,0.3890477622267096
AM,2024-06-23,ER,5.7385247334894025
AM,2024-06-24,GPP,0.5128707340819568
AM,2024-06-24,ER,5.855899898551506
AM,2024-06-25,GPP,0.5482221639769383
AM,2024-06-25,ER,5.935500251826533
AM,2024-06-26,GPP,1.1399805574557866
AM,2024-06-26,ER,7.010755057345159
AM,2024-06-27,GPP,0.6444270532246429
AM,2024-06-27,ER,6.609384859785957
AM,2024-06-28,GPP,0.35320484373010047
AM,2024-06-28,ER,6.595750138594163
AM,2024-07-04,GPP,1.2535907810266091
AM,2024-07-04,ER,6.985692833971384
AM,2024-07-05,GPP,1.172180197711803
AM,2024-07-05,ER,6.237013879389732
AM,2024-07-06,GPP,1.091898817500656
AM,2024-07-06,ER,5.61326762253467
AM,2024-07-07,GPP,0.9316769795821568
AM,2024-07-07,ER,5.330558953859182
AM,2024-07-08,GPP,0.9668289321818144
AM,2024-07-08,ER,5.350706285387908
AM,2024-07-09,GPP,0.7958616663314974
AM,2024-07-09,ER,5.355849194971657
AM,2024-07-10,GPP,1.013671112446722
AM,2024-07-10,ER,5.423794172940609
AM,2024-07-11,GPP,1.301442968606893
AM,2024-07-11,ER,5.297234992303855
AM,2024-07-12,GPP,1.1404754292016206
AM,2024-07-12,ER,5.042095610983013
AM,2024-07-13,GPP,1.2982282147992057
AM,2024-07-13,ER,5.062037414517044
AM,2024-07-14,GPP,1.2427977626255289
AM,2024-07-14,ER,5.084536155712263
AM,2024-07-15,GPP,1.0955036039100166
AM,2024-07-15,ER,4.903143298593833
AM,2024-07-16,GPP,0.8082766855271902
AM,2024-07-16,ER,4.86486997009595
AM,2024-07-17,GPP,0.986813986174525
AM,2024-07-17,ER,4.99092085950524
AM,2024-07-18,GPP,0.9194006254068282
AM,2024-07-18,ER,5.144613986050216
AM,2024-07-24,GPP,0.9118311256492247
AM,2024-07-24,ER,5.607991178719314
AM,2024-07-25,GPP,2.535758719722044
AM,2024-07-25,ER,6.090971270934128
GB,2022-04-27,GPP,17.516563538666002
GB,2022-04-27,ER,16.86585632301033
GB,2022-04-28,GPP,12.343704828705045
GB,2022-04-28,ER,15.007958050791384
GB,2022-05-23,GPP,18.21227786149513
GB,2022-05-23,ER,11.540679943651028
GB,2022-05-24,GPP,10.226739902921103
GB,2022-05-24,ER,10.794820318037274
GB,2022-05-25,GPP,10.885652814568074
GB,2022-05-25,ER,10.864603432084156
GB,2022-05-26,GPP,11.10978564861722
GB,2022-05-26,ER,11.380522882843271
GB,2022-05-27,GPP,9.312171791839372
GB,2022-05-27,ER,11.041254914111631
GB,2022-05-28,GPP,8.083230087778364
GB,2022-05-28,ER,9.4771235500028
GB,2022-05-29,GPP,7.626969834628784
GB,2022-05-29,ER,8.711592965033539
GB,2022-05-30,GPP,8.602849439850177
GB,2022-05-30,ER,9.5233348095038
GB,2022-06-30,GPP,10.368837105423266
GB,2022-06-30,ER,12.000506738299
GB,2022-07-01,GPP,9.703857399841256
GB,2022-07-01,ER,10.979274058975772
GB,2022-07-02,GPP,10.231343484545324
GB,2022-07-02,ER,12.316481233900753
GB,2022-07-03,GPP,6.951519183458403
GB,2022-07-03,ER,11.254521662268433
GB,2022-07-04,GPP,8.236079333315564
GB,2022-07-04,ER,10.438327119943422
GB,2022-07-05,GPP,9.697931937443167
GB,2022-07-05,ER,10.337362864408748
GB,2022-07-06,GPP,9.017846844918624
GB,2022-07-06,ER,9.23452587643199
GB,2022-07-07,GPP,9.6844104960884
GB,2022-07-07,ER,9.12350013872114
GB,2022-07-08,GPP,9.100599988519065
GB,2022-07-08,ER,9.074947419902044
GB,2022-07-09,GPP,8.75199721853401
GB,2022-07-09,ER,9.15946142948129
GB,2022-07-10,GPP,7.737458349800166
GB,2022-07-10,ER,10.013732647784014
GB,2022-07-11,GPP,7.607584057090742
GB,2022-07-11,ER,9.59642632075787
GB,2022-07-12,GPP,7.784881744232739
GB,2022-07-12,ER,9.66703364002445
GB,2022-07-13,GPP,6.562164564686214
GB,2022-07-13,ER,8.947819701349388
GB,2022-07-14,GPP,8.605026404539805
GB,2022-07-14,ER,10.513921277534878
GB,2022-07-15,GPP,8.358608029383877
GB,2022-07-15,ER,10.474259221590325
GB,2022-07-16,GPP,9.440475965896145
GB,2022-07-16,ER,11.125448507084345
GB,2022-07-17,GPP,8.756863851244853
GB,2022-07-17,ER,10.682131954030732
GB,2022-07-18,GPP,6.791757706943228
GB,2022-07-18,ER,11.121317589001649
GB,2022-07-19,GPP,7.558602890780859
GB,2022-07-19,ER,11.48465781373517
GB,2022-07-20,GPP,9.387606405887224
GB,2022-07-20,ER,9.521720540623742
GB,2022-07-21,GPP,6.744434149209094
GB,2022-07-21,ER,8.638519890816179
GB,2022-07-22,GPP,6.485779626402044
GB,2022-07-22,ER,8.71734452871248
GB,2022-07-23,GPP,7.739239283746248
GB,2022-07-23,ER,8.939588686806053
GB,2022-07-24,GPP,7.395133950206915
GB,2022-07-24,ER,9.204145058060368
GB,2022-07-25,GPP,6.935197368341088
GB,2022-07-25,ER,7.771110227646709
GB,2022-07-26,GPP,7.56344937092069
GB,2022-07-26,ER,8.643228048584989
GB,2022-07-27,GPP,6.637192009105129
GB,2022-07-27,ER,9.578091926147216
GB,2022-07-28,GPP,7.084084062550842
GB,2022-07-28,ER,11.28324347702078
GB,2022-07-29,GPP,7.231726271742614
GB,2022-07-29,ER,12.5789145971339
GB,2022-07-30,GPP,6.601294286512313
GB,2022-07-30,ER,11.987091884678607
GB,2022-07-31,GPP,6.229863788926182
GB,2022-07-31,ER,11.479956805919995
GB,2022-08-01,GPP,6.797005035117389
GB,2022-08-01,ER,10.74714168759567
GB,2022-08-29,GPP,5.854017392508679
GB,2022-08-29,ER,14.324789359892714
GB,2022-08-30,GPP,5.309756062442097
GB,2022-08-30,ER,17.276194257241173
GB,2022-08-31,GPP,5.575004785856696
GB,2022-08-31,ER,19.125220291948537
GB,2022-09-01,GPP,4.807339660193862
GB,2022-09-01,ER,21.33911300327706
GB,2022-09-02,GPP,3.776921700415708
GB,2022-09-02,ER,21.325123620727563
GB,2022-09-03,GPP,3.680619093127052
GB,2022-09-03,ER,21.624139688140644
GB,2022-09-04,GPP,2.4215802766212593
GB,2022-09-04,ER,21.0511397916622
GB,2022-09-05,GPP,3.576310409510436
GB,2022-09-05,ER,20.658583253117943
GB,2022-09-06,GPP,3.527316471862763
GB,2022-09-06,ER,20.593761887166067
GB,2022-09-07,GPP,3.6580673196637186
GB,2022-09-07,ER,20.704079260774375
GB,2022-09-08,GPP,2.712152632385987
GB,2022-09-08,ER,20.910768433412827
GB,2022-09-09,GPP,3.9955601139037418
GB,2022-09-09,ER,21.64824756345253
GB,2022-09-10,GPP,3.49383917362845
GB,2022-09-10,ER,20.90300669310038
GB,2022-09-11,GPP,3.1664226263866624
GB,2022-09-11,ER,19.413110259113935
GB,2022-09-12,GPP,2.155425991084218
GB,2022-09-12,ER,20.76106407850772
GB,2022-09-13,GPP,2.1519136144075013
GB,2022-09-13,ER,24.81549078378612
GB,2022-09-14,GPP,2.7128640420852688
GB,2022-09-14,ER,27.689793903453086
GB,2022-09-15,GPP,3.2203166070052966
GB,2022-09-15,ER,29.034361983527813
GB,2022-09-16,GPP,3.2935315747412397
GB,2022-09-16,ER,27.550081691754844
GB,2022-09-17,GPP,3.9111335408407975
GB,2022-09-17,ER,24.72468406133558
GB,2022-09-18,GPP,3.708293015768509
GB,2022-09-18,ER,22.668206410657483
GB,2022-09-19,GPP,3.9778819931624625
GB,2022-09-19,ER,23.149756262464905
GB,2022-09-20,GPP,4.208102485438646
GB,2022-09-20,ER,22.91837528358827
GB,2022-09-21,GPP,4.443829764626248
GB,2022-09-21,ER,21.40844250010577
GB,2022-09-22,GPP,4.355570786150249
GB,2022-09-22,ER,19.89937040132142
GB,2022-09-23,GPP,5.075981606888266
GB,2022-09-23,ER,19.45952459695212
GB,2022-09-24,GPP,4.559969582265288
GB,2022-09-24,ER,16.521654345646212
GB,2022-09-25,GPP,3.994596130117388
GB,2022-09-25,ER,14.192464935621745
GB,2022-09-26,GPP,4.61397035404099
GB,2022-09-26,ER,15.907394632475585
GB,2022-09-27,GPP,6.812094878579079
GB,2022-09-27,ER,15.166397574825218
GB,2022-09-28,GPP,1.8629275454855303
GB,2022-09-28,ER,12.599906663751904
GB,2022-09-29,GPP,4.109999633413274
GB,2022-09-29,ER,11.862568977299254
GB,2022-09-30,GPP,5.057659037450756
GB,2022-09-30,ER,13.14116804462884
GB,2022-10-01,GPP,3.762634958909452
GB,2022-10-01,ER,11.915847499583236
GB,2022-10-02,GPP,4.0096887588048835
GB,2022-10-02,ER,11.384610964517485
GB,2022-10-03,GPP,4.371212790656827
GB,2022-10-03,ER,9.727739795666237
GB,2022-10-04,GPP,3.838313046684725
GB,2022-10-04,ER,7.598699561230965
GB,2022-10-05,GPP,3.381752151598989
GB,2022-10-05,ER,6.324480598853138
GB,2022-10-06,GPP,3.348791912450952
GB,2022-10-06,ER,7.422909367365229
GB,2022-10-07,GPP,3.371232142314693
GB,2022-10-07,ER,7.844176746592799
GB,2022-10-08,GPP,3.6890423508136343
GB,2022-10-08,ER,7.602460822973024
GB,2022-10-09,GPP,4.090836179632881
GB,2022-10-09,ER,7.485770154359124
GB,2022-10-10,GPP,4.691916004024981
GB,2022-10-10,ER,9.20197793687768
GB,2022-10-11,GPP,8.529813772084228
GB,2022-10-11,ER,7.750560229170937
GB,2022-10-12,GPP,6.844091794952416
GB,2022-10-12,ER,22.144018462242705
GB,2022-10-13,GPP,5.629308659842049
GB,2022-10-13,ER,20.859006394032352
GB,2022-10-14,GPP,5.087307286341905
GB,2022-10-14,ER,19.079128672928142
GB,2022-10-15,GPP,5.4837653402718365
GB,2022-10-15,ER,17.98585511208935
GB,2022-10-16,GPP,5.310612496464765
GB,2022-10-16,ER,17.809161752435372
GB,2022-10-17,GPP,6.432916754532673
GB,2022-10-17,ER,19.5183867808673
GB,2022-10-18,GPP,4.559042752541477
GB,2022-10-18,ER,17.981930483292544
GB,2022-10-19,GPP,5.630736541836919
GB,2022-10-19,ER,17.02625462988302
GB,2022-10-20,GPP,5.46730389858482
GB,2022-10-20,ER,16.07642603632664
GB,2022-10-21,GPP,5.456252670460808
GB,2022-10-21,ER,16.343853045407446
GB,2022-10-22,GPP,5.619704642019118
GB,2022-10-22,ER,15.76635084975528
GB,2022-10-23,GPP,6.220891224837645
GB,2022-10-23,ER,16.546177068912574
GB,2022-10-24,GPP,4.428974235618979
GB,2022-10-24,ER,3.2967249398655256
GB,2022-10-25,GPP,4.7476460752660365
GB,2022-10-25,ER,4.025306329236598
GB,2022-10-26,GPP,5.0369272895979185
GB,2022-10-26,ER,5.669243497016692
GB,2022-10-27,GPP,6.311659147734138
GB,2022-10-27,ER,5.512684207434487
GB,2022-10-28,GPP,9.758254983408529
GB,2022-10-28,ER,6.800637505803692
GB,2022-11-07,GPP,9.550800432009884
GB,2022-11-07,ER,1.8642929882964203
GB,2022-11-08,GPP,6.246396411764068
GB,2022-11-08,ER,0.07949852265315752
GB,2022-11-09,GPP,9.423014745219112
GB,2022-11-09,ER,17.48702155862266
GB,2022-11-10,GPP,1.5797666003895752
GB,2022-11-10,ER,2.3772133945639724
GB,2022-11-11,GPP,6.871721924996397
GB,2022-11-11,ER,5.456642020634729
GB,2022-11-12,GPP,6.368562061873229
GB,2022-11-12,ER,2.7211873879982846
GB,2022-11-13,GPP,4.278365271185075
GB,2022-11-13,ER,16.5374627115422
GB,2022-11-14,GPP,9.07026687803457
GB,2022-11-14,ER,0.4496987648982856
GB,2022-11-15,GPP,5.09726818214985
GB,2022-11-15,ER,3.371271257357159
GB,2022-11-16,GPP,8.089803972441736
GB,2022-11-16,ER,3.8547115324060983
GB,2022-11-17,GPP,7.089863298172177
GB,2022-11-17,ER,17.090598894971638
GB,2022-11-18,GPP,6.289465796460399
GB,2022-11-18,ER,16.314658689806986
GB,2022-11-19,GPP,6.416149177291351
GB,2022-11-19,ER,17.330982287628462
GB,2022-11-20,GPP,4.212648960338747
GB,2022-11-20,ER,16.175647662049197
GB,2022-11-21,GPP,8.258402630331947
GB,2022-11-21,ER,16.583954466879664
GB,2022-11-22,GPP,7.040739494698871
GB,2022-11-22,ER,1.727509397709875
GB,2022-11-23,GPP,8.160343279931377
GB,2022-11-23,ER,2.182249780053742
GB,2022-11-24,GPP,6.430846365966366
GB,2022-11-24,ER,2.9645044279037354
GB,2022-11-25,GPP,6.635478820941754
GB,2022-11-25,ER,4.47802346698468
GB,2022-11-26,GPP,6.065031368504475
GB,2022-11-26,ER,4.3077487706533235
GB,2022-11-27,GPP,5.0115457661222775
GB,2022-11-27,ER,2.570324936205843
GB,2022-11-28,GPP,6.811839100620713
GB,2022-11-28,ER,0.49124341045934816
GB,2022-11-29,GPP,7.900252025380542
GB,2022-11-29,ER,1.5862488600407771
GB,2022-11-30,GPP,6.590458208660764
GB,2022-11-30,ER,1.9234585706989105
GB,2022-12-01,GPP,7.606577222651275
GB,2022-12-01,ER,16.065260772455062
GB,2022-12-02,GPP,7.337570566413312
GB,2022-12-02,ER,16.13596052705943
GB,2022-12-03,GPP,6.197110312484253
GB,2022-12-03,ER,15.976396557254464
GB,2022-12-04,GPP,7.76138517714751
GB,2022-12-04,ER,1.538407760370927
GB,2022-12-05,GPP,6.501215923317227
GB,2022-12-05,ER,0.18492518223977927
GB,2023-01-03,GPP,7.069653095833186
GB,2023-01-03,ER,19.11183408454769
GB,2023-01-04,GPP,6.487766211226877
GB,2023-01-04,ER,19.647418235938577
GB,2023-01-05,GPP,7.594667358871482
GB,2023-01-05,ER,17.17016071964106
GB,2023-01-06,GPP,6.527447350239528
GB,2023-01-06,ER,15.240163348737736
GB,2023-01-07,GPP,6.581684352354468
GB,2023-01-07,ER,15.630537304893924
GB,2023-01-08,GPP,9.144767912011782
GB,2023-01-08,ER,16.71149332544507
GB,2023-01-09,GPP,6.321247162471455
GB,2023-01-09,ER,16.840472800182688
GB,2023-01-10,GPP,8.00530989407658
GB,2023-01-10,ER,16.3839544049875
GB,2023-01-11,GPP,8.632866249818806
GB,2023-01-11,ER,16.313691238268337
GB,2023-01-12,GPP,8.65213043428604
GB,2023-01-12,ER,17.348100008157918
GB,2023-01-13,GPP,3.987842539630467
GB,2023-01-13,ER,14.093386149842829
GB,2023-01-14,GPP,8.295869617997738
GB,2023-01-14,ER,14.10699727027186
GB,2023-01-15,GPP,9.161811285742866
GB,2023-01-15,ER,13.851420974516364
GB,2023-01-16,GPP,8.922482905660546
GB,2023-01-16,ER,15.184397335794763
GB,2023-01-17,GPP,9.867076280068526
GB,2023-01-17,ER,17.04344000380444
GB,2023-01-18,GPP,6.605771291228551
GB,2023-01-19,GPP,9.182529073638364
GB,2023-01-19,ER,18.53378824541223
GB,2023-01-20,GPP,8.15674535630891
GB,2023-01-20,ER,18.056004361347277
GB,2023-01-21,GPP,4.7408235672726295
GB,2023-01-21,ER,17.556700703676725
GB,2023-01-22,GPP,9.512859649933253
GB,2023-01-22,ER,19.58129088434869
GB,2023-01-23,GPP,8.515911011729031
GB,2023-01-23,ER,16.10758337938975
GB,2023-01-24,GPP,14.782968672879033
GB,2023-01-24,ER,15.545905810106436
GB,2023-01-25,GPP,7.79929724471364
GB,2023-01-25,ER,0.2777204841735177
GB,2023-01-26,GPP,7.731829983096954
GB,2023-01-26,ER,16.067796262926894
GB,2023-01-27,GPP,8.703976598360923
GB,2023-01-27,ER,14.501496166042196
GB,2023-01-28,GPP,14.834330436798538
GB,2023-01-28,ER,15.659491925063849
GB,2023-01-29,GPP,11.272955159717911
GB,2023-01-29,ER,20.05033270868077
GB,2023-01-30,GPP,9.519377064968072
GB,2023-01-30,ER,0.989404477312256
GB,2023-01-31,GPP,9.380747312258087
GB,2023-01-31,ER,0.5445809401010039
GB,2023-02-01,GPP,9.63323081192691
GB,2023-02-01,ER,18.89731775979177
GB,2023-02-02,GPP,12.303834260711186
GB,2023-02-02,ER,0.7125004862725154
GB,2023-02-03,GPP,1.2740923550289418
GB,2023-02-03,ER,13.29721211796985
GB,2023-02-04,GPP,13.482384800609283
GB,2023-02-04,ER,15.483104293393774
GB,2023-02-05,GPP,10.382594324166764
GB,2023-02-05,ER,19.270110306380055
GB,2023-02-06,GPP,10.02675130534696
GB,2023-02-06,ER,17.44511887501159
GB,2023-02-07,GPP,12.082272642329604
GB,2023-02-07,ER,16.565022342909934
GB,2023-02-08,GPP,12.93782145705672
GB,2023-02-08,ER,16.920650775751238
GB,2023-02-09,GPP,13.84340045124901
GB,2023-02-09,ER,2.9982965293908372
GB,2023-02-10,GPP,12.49109322827944
GB,2023-02-10,ER,5.338639803912548
GB,2023-02-11,GPP,5.6388542493507
GB,2023-02-11,ER,5.0044329776835514
GB,2023-02-12,GPP,12.835965813092344
GB,2023-02-12,ER,17.35899438804051
GB,2023-02-13,GPP,12.501724260158472
GB,2023-02-13,ER,15.372268629131652
GB,2023-02-14,GPP,12.453064324169
GB,2023-02-14,ER,15.971650540711632
GB,2023-02-15,GPP,13.11013945263641
GB,2023-02-15,ER,1.0929539566295603
GB,2023-02-16,GPP,12.27382673662919
GB,2023-02-16,ER,4.189610450822982
GB,2023-02-17,GPP,7.545495132065134
GB,2023-02-17,ER,1.5595133403500303
GB,2023-02-18,GPP,14.753110425851366
GB,2023-02-18,ER,16.86964176084714
GB,2023-02-19,GPP,13.179527634845709
GB,2023-02-19,ER,17.61589091632698
GB,2023-02-20,GPP,14.66583201329128
GB,2023-02-20,ER,1.470790022864562
GB,2023-02-21,GPP,11.549698075539688
GB,2023-02-21,ER,2.829998561931398
GB,2023-02-22,GPP,11.32800756885578
GB,2023-02-22,ER,5.887535680995605
GB,2023-02-23,GPP,9.972439939708854
GB,2023-02-23,ER,2.1455968948371376
GB,2023-02-24,GPP,11.516983215094346
GB,2023-02-24,ER,5.467566448941748
GB,2023-02-25,GPP,13.681397422341956
GB,2023-02-25,ER,5.05417490402487
GB,2023-03-03,GPP,9.779154738814094
GB,2023-03-03,ER,6.37548149306315
GB,2023-03-04,GPP,8.913669603273673
GB,2023-03-04,ER,10.52265775539498
GB,2023-03-05,GPP,7.419838902923703
GB,2023-03-05,ER,3.8036701313876735
GB,2023-03-06,GPP,11.701977398083391
GB,2023-03-06,ER,4.2678619165691165
GB,2023-03-07,GPP,5.9982878883157715
GB,2023-03-07,ER,2.592090838788896
GB,2023-03-08,GPP,7.7100471736682845
GB,2023-03-08,ER,14.180662308882914
GB,2023-03-09,GPP,13.313201346232788
GB,2023-03-09,ER,15.127824342034666
GB,2023-03-10,GPP,13.772215868180048
GB,2023-03-10,ER,2.613740917208266
GB,2023-03-11,GPP,5.0474968867074415
GB,2023-03-11,ER,11.692153833364786
GB,2023-03-12,GPP,15.757380180851838
GB,2023-03-12,ER,1.9684052823046665
GB,2023-03-13,GPP,8.275311613266425
GB,2023-03-13,ER,4.276056393421661
GB,2023-03-14,GPP,9.434318930271738
GB,2023-03-14,ER,14.313890058525615
GB,2023-03-15,GPP,10.432630751626167
GB,2023-03-15,ER,15.528376564543308
GB,2023-03-16,GPP,7.187156230954448
GB,2023-03-16,ER,16.376988085264767
GB,2023-03-17,GPP,9.834239582034431
GB,2023-03-17,ER,3.975034669730652
GB,2023-03-18,GPP,6.445707344687884
GB,2023-03-18,ER,6.216295488152749
GB,2023-03-19,GPP,10.40875653453853
GB,2023-03-19,ER,17.10898467958387
GB,2023-03-20,GPP,8.74582652186678
GB,2023-03-20,ER,14.691136932475484
GB,2023-03-21,GPP,10.5817864866376
GB,2023-03-21,ER,16.93591976567191
GB,2023-03-22,GPP,7.62260423910636
GB,2023-03-22,ER,2.3872697296438066
GB,2023-03-23,GPP,8.066738591618073
GB,2023-03-23,ER,4.053648377767992
GB,2023-03-24,GPP,7.818444751251016
GB,2023-03-24,ER,4.695794412550059
GB,2023-03-25,GPP,7.080762007229163
GB,2023-03-25,ER,5.600616342187179
GB,2023-03-26,GPP,9.16703041006007
GB,2023-03-26,ER,9.208213876070856
GB,2023-03-27,GPP,9.305564880530332
GB,2023-03-27,ER,6.596941360769414
GB,2023-03-28,GPP,8.90954949789987
GB,2023-03-28,ER,7.009550786342174
GB,2023-03-29,GPP,12.71764176791864
GB,2023-03-29,ER,3.541537804553598
GB,2023-03-30,GPP,10.568926728644051
GB,2023-03-30,ER,1.3547863487421077
GB,2023-03-31,GPP,12.178515288273893
GB,2023-03-31,ER,3.66427262290396
GB,2023-04-01,GPP,6.882902675710986
GB,2023-04-01,ER,2.6697266926479752
GB,2023-04-02,GPP,10.037128624726146
GB,2023-04-02,ER,6.806226792046367
GB,2023-04-03,GPP,12.582618236594277
GB,2023-04-03,ER,1.3808673752681604
GB,2023-04-04,GPP,13.19708405519698
GB,2023-04-04,ER,6.039622135125609
GB,2023-04-05,GPP,7.497320828268295
GB,2023-04-05,ER,3.9127841709589406
GB,2023-04-06,GPP,10.470199080985145
GB,2023-04-06,ER,6.207251652414633
GB,2023-04-07,GPP,11.502817261416917
GB,2023-04-07,ER,5.8667042118801245
GB,2023-04-08,GPP,9.884735979358586
GB,2023-04-08,ER,2.692157166085399
GB,2023-04-09,GPP,11.995788215260893
GB,2023-04-09,ER,14.858071349628608
GB,2023-04-10,GPP,11.793457059274324
GB,2023-04-10,ER,15.212123798921608
GB,2023-04-11,GPP,14.649493724463731
GB,2023-04-11,ER,15.343361074496242
GB,2023-04-12,GPP,19.12788391660058
GB,2023-04-12,ER,17.355448939734913
GB,2023-04-13,GPP,12.067264789127094
GB,2023-04-13,ER,3.764009943180079
GB,2023-04-14,GPP,10.784800730758334
GB,2023-04-14,ER,2.5158572643635133
GB,2023-04-15,GPP,15.59769918869362
GB,2023-04-15,ER,7.045603588490516
GB,2023-04-16,GPP,12.026069669132577
GB,2023-04-16,ER,5.56034305999264
GB,2023-04-17,GPP,16.394670890877713
GB,2023-04-17,ER,4.0200741248613054
GB,2023-04-18,GPP,13.460429077477972
GB,2023-04-18,ER,15.504861378361673
GB,2023-04-19,GPP,26.30702706606538
GB,2023-04-19,ER,20.32499349133484
GB,2023-04-20,GPP,11.173506841617936
GB,2023-04-20,ER,23.303533429949727
GB,2023-04-21,GPP,10.826519866355795
GB,2023-04-21,ER,22.77795550833807
GB,2023-04-22,GPP,11.413380023322503
GB,2023-04-22,ER,26.730708527054983
GB,2023-04-23,GPP,11.784547097688137
GB,2023-04-23,ER,26.0732627365454
GB,2023-04-24,GPP,13.485988781860438
GB,2023-04-24,ER,26.314047538296833
GB,2023-04-25,GPP,15.26573144801671
GB,2023-04-25,ER,27.820271947739723
GB,2023-04-26,GPP,14.823130401222295
GB,2023-04-26,ER,28.06912388645019
GB,2023-04-27,GPP,18.18013365932572
GB,2023-04-27,ER,30.7684160865804
GB,2023-04-28,GPP,17.81529841429037
GB,2023-04-28,ER,31.197246367242204
GB,2023-04-29,GPP,15.20293417429887
GB,2023-04-29,ER,32.00699839453613
GB,2023-04-30,GPP,15.397211688300947
GB,2023-04-30,ER,31.07825660091605
GB,2023-05-01,GPP,16.03054394546545
GB,2023-05-01,ER,26.36554131212207
GB,2023-05-02,GPP,17.06389221294022
GB,2023-05-02,ER,27.89026536718223
GB,2023-05-03,GPP,14.92111804382161
GB,2023-05-03,ER,24.462250577712187
GB,2023-05-04,GPP,17.97398524478514
GB,2023-05-04,ER,4.408485480778615
GB,2023-05-05,GPP,20.145746690410704
GB,2023-05-05,ER,2.582841752204918
GB,2023-05-06,GPP,21.282278177927783
GB,2023-05-06,ER,7.678524981075429
GB,2023-05-07,GPP,18.13268491696232
GB,2023-05-07,ER,5.797733864249337
GB,2023-05-08,GPP,18.396061343780396
GB,2023-05-08,ER,6.153754269883998
GB,2023-05-09,GPP,23.153097904190872
GB,2023-05-09,ER,8.393541840177246
GB,2023-05-10,GPP,21.64087609542644
GB,2023-05-10,ER,9.934664248858546
GB,2023-05-11,GPP,23.47951806369461
GB,2023-05-11,ER,11.110872396857191
GB,2023-05-12,GPP,25.917672033372153
GB,2023-05-12,ER,14.769436551385756
GB,2023-05-13,GPP,24.385837446642693
GB,2023-05-13,ER,18.019949521480505
GB,2023-05-14,GPP,21.10687982726988
GB,2023-05-14,ER,13.568113686855284
GB,2023-05-15,GPP,22.888718283188403
GB,2023-05-15,ER,14.482473340574092
GB,2023-05-16,GPP,21.16666559754981
GB,2023-05-16,ER,14.06110702317334
GB,2023-05-17,GPP,22.20134599124838
GB,2023-05-17,ER,13.797171867250002
GB,2023-05-18,GPP,20.907753386430695
GB,2023-05-18,ER,13.87776122667557
GB,2023-05-19,GPP,21.171785507475217
GB,2023-05-19,ER,11.403318269414171
GB,2023-05-20,GPP,17.173146115228963
GB,2023-05-20,ER,9.320146201024423
GB,2023-05-21,GPP,20.09363036204198
GB,2023-05-21,ER,11.42524407929492
GB,2023-05-22,GPP,26.921804487945533
GB,2023-05-22,ER,15.0863883954044
GB,2023-05-23,GPP,21.283956987171173
GB,2023-05-23,ER,13.782988712889994
GB,2023-05-24,GPP,29.220903246618263
GB,2023-05-24,ER,15.926736776988196
GB,2023-05-25,GPP,25.649248602575707
GB,2023-05-25,ER,10.768362209696312
GB,2023-05-26,GPP,21.26154791036292
GB,2023-05-26,ER,11.423172776285089
GB,2023-05-27,GPP,15.941487916009091
GB,2023-05-27,ER,3.793891534172532
GB,2023-05-28,GPP,15.019332264909334
GB,2023-05-28,ER,4.360575934406493
GB,2023-05-29,GPP,25.979075497047123
GB,2023-05-29,ER,19.87887517066712
GB,2023-05-30,GPP,25.56048434829347
GB,2023-05-31,GPP,27.888682128740957
GB,2023-05-31,ER,21.483099577317063
GB,2023-06-01,GPP,22.750116606964415
GB,2023-06-01,ER,19.31153705830483
GB,2023-06-02,GPP,26.4911149153141
GB,2023-06-02,ER,21.21720815048736
GB,2023-06-03,GPP,25.03052576019811
GB,2023-06-03,ER,19.550479822974975
GB,2023-06-04,GPP,21.24112569329671
GB,2023-06-04,ER,18.296247130065485
GB,2023-06-05,GPP,26.88063761020187
GB,2023-06-05,ER,20.535598902976865
GB,2023-06-06,GPP,25.632388458163565
GB,2023-06-06,ER,19.85147767740387
GB,2023-06-07,GPP,25.304899848996303
GB,2023-06-07,ER,20.884850102325405
GB,2023-06-08,GPP,22.195032791713405
GB,2023-06-08,ER,19.88704096306236
GB,2023-06-09,GPP,14.928979226919465
GB,2023-06-09,ER,11.00762234730657
GB,2023-06-10,GPP,26.36609610654525
GB,2023-06-10,ER,18.713030162512357
GB,2023-06-11,GPP,22.402261546245395
GB,2023-06-11,ER,19.35886275912753
GB,2023-06-12,GPP,23.6355138338614
GB,2023-06-12,ER,19.741435852829348
GB,2023-06-13,GPP,22.712188749908883
GB,2023-06-13,ER,19.804031428535612
GB,2023-06-14,GPP,26.609459027687983
GB,2023-06-14,ER,20.93850779898629
GB,2023-06-15,GPP,17.149337241798815
GB,2023-06-15,ER,14.430051887810922
GB,2023-06-16,GPP,23.95569165635619
GB,2023-06-16,ER,20.093650552985466
GB,2023-06-17,GPP,22.783505217742324
GB,2023-06-17,ER,19.712751085288033
GB,2023-06-18,GPP,22.862592505113508
GB,2023-06-18,ER,19.942002085217627
GB,2023-06-19,GPP,20.63314660618781
GB,2023-06-19,ER,20.18565569819186
GB,2023-06-20,GPP,22.283988469071534
GB,2023-06-20,ER,20.06882416745993
GB,2023-06-21,GPP,14.301135725368974
GB,2023-06-21,ER,15.836442682370295
GB,2023-06-22,GPP,13.979056249804897
GB,2023-06-22,ER,16.61036055203998
GB,2023-06-23,GPP,18.644979113810287
GB,2023-06-23,ER,18.913128935649357
GB,2023-06-24,GPP,18.057034524337535
GB,2023-06-24,ER,18.501346884624493
GB,2023-06-25,GPP,13.92938934476728
GB,2023-06-25,ER,18.51127073256023
GB,2023-06-26,GPP,13.383928078054357
GB,2023-06-26,ER,19.335341041351025
GB,2023-06-27,GPP,12.31347960741824
GB,2023-06-27,ER,17.448164742640486
GB,2023-06-28,GPP,9.495737100941568
GB,2023-06-28,ER,0.2161977434013869
GB,2023-06-29,GPP,9.54828450350798
GB,2023-06-29,ER,0.8152330716331848
GB,2023-06-30,GPP,9.91542125449852
GB,2023-06-30,ER,1.2837751400828044
GB,2023-07-01,GPP,9.796786016804877
GB,2023-07-01,ER,1.2777352141405651
GB,2023-07-02,GPP,9.241372494735003
GB,2023-07-02,ER,0.8656734314988177
GB,2023-07-03,GPP,11.09121295783698
GB,2023-07-03,ER,0.6549712544969339
GB,2023-07-04,GPP,9.311617633775937
GB,2023-07-04,ER,17.80708505645302
GB,2023-07-05,GPP,10.078468699418323
GB,2023-07-05,ER,19.259251709034988
GB,2023-07-06,GPP,9.372531528796866
GB,2023-07-06,ER,18.105430792629587
GB,2023-07-07,GPP,9.611328444890672
GB,2023-07-07,ER,16.838618033503508
GB,2023-07-08,GPP,10.080310436994283
GB,2023-07-08,ER,17.52453060544027
GB,2023-07-09,GPP,9.420191183486622
GB,2023-07-09,ER,19.197677764148985
GB,2023-07-10,GPP,8.499599818393264
GB,2023-07-10,ER,16.490324683061747
GB,2023-07-11,GPP,10.049445366899167
GB,2023-07-12,GPP,10.057938249508869
GB,2023-07-13,GPP,14.80142834545963
GB,2023-07-13,ER,9.15790578497584
GB,2023-07-14,GPP,8.658698547637247
GB,2023-07-14,ER,11.939094029960913
GB,2023-07-15,GPP,7.1592819340071685
GB,2023-07-15,ER,11.681681566419826
GB,2023-07-16,GPP,5.497206252005411
GB,2023-07-16,ER,12.301330267857876
GB,2023-07-17,GPP,9.427518762921062
GB,2023-07-17,ER,12.008577791279436
GB,2023-07-18,GPP,8.894139349420126
GB,2023-07-18,ER,10.671606162773234
GB,2023-07-19,GPP,8.463270703617402
GB,2023-07-19,ER,11.37761996184956
GB,2023-07-20,GPP,7.4276424686250735
GB,2023-07-20,ER,11.654827484466074
GB,2023-07-21,GPP,7.327147647904566
GB,2023-07-21,ER,12.805372248567924
GB,2023-07-22,GPP,6.458344258475808
GB,2023-07-22,ER,13.901995729866918
GB,2023-07-23,GPP,6.187804938858332
GB,2023-07-23,ER,17.287737789701854
GB,2023-07-24,GPP,7.026091971792419
GB,2023-07-24,ER,15.349283692269331
GB,2023-07-25,GPP,7.853955690174541
GB,2023-07-25,ER,14.681122971231767
GB,2023-07-26,GPP,7.174219075576924
GB,2023-07-26,ER,14.711864458206936
GB,2023-07-27,GPP,8.846259985202858
GB,2023-07-27,ER,15.5416572497274
GB,2023-07-28,GPP,7.120655837680381
GB,2023-07-28,ER,15.83492594502678
GB,2023-07-29,GPP,6.575924910845856
GB,2023-07-29,ER,15.542902624048551
GB,2023-07-30,GPP,7.653223845018964
GB,2023-07-30,ER,13.89620707413062
GB,2023-07-31,GPP,8.680438755860534
GB,2023-07-31,ER,13.794564877878814
GB,2023-08-01,GPP,8.827962476956797
GB,2023-08-01,ER,11.885892092610726
GB,2023-08-02,GPP,7.731479666820402
GB,2023-08-02,ER,11.528843265051387
GB,2023-08-03,GPP,5.697065446867391
GB,2023-08-03,ER,11.739939085989958
GB,2023-08-04,GPP,2.9497072894772915
GB,2023-08-04,ER,16.856953660179425
GB,2023-08-05,GPP,3.011422733934009
GB,2023-08-05,ER,25.3080406332436
GB,2023-08-06,GPP,4.4976872445559355
GB,2023-08-06,ER,29.60635659438096
GB,2023-08-07,GPP,5.136752096157624
GB,2023-08-07,ER,26.28854324828717
GB,2023-08-08,GPP,3.904399737270439
GB,2023-08-08,ER,23.854931721940336
GB,2023-08-09,GPP,4.898909385496931
GB,2023-08-09,ER,22.50280667606907
GB,2023-08-10,GPP,4.573117945399123
GB,2023-08-10,ER,20.149104719603685
GB,2023-08-11,GPP,4.932637335207402
GB,2023-08-11,ER,18.111069253072483
GB,2023-08-12,GPP,5.3276484963697275
GB,2023-08-12,ER,17.093833986302343
GB,2023-08-13,GPP,5.026039744161913
GB,2023-08-13,ER,15.737765049122672
GB,2023-08-14,GPP,3.837836733110484
GB,2023-08-14,ER,15.106536300737092
GB,2023-08-15,GPP,5.177533990336099
GB,2023-08-15,ER,14.137696675653578
GB,2023-08-16,GPP,5.170603649427536
GB,2023-08-16,ER,13.702310282633114
GB,2023-08-17,GPP,6.470615599993472
GB,2023-08-17,ER,13.116264076579991
GB,2023-08-18,GPP,6.161028130862724
GB,2023-08-18,ER,13.33900711455338
GB,2023-08-19,GPP,5.109487557154571
GB,2023-08-19,ER,12.717962246877294
GB,2023-08-20,GPP,5.407574913279033
GB,2023-08-20,ER,12.478524506217822
GB,2023-08-21,GPP,5.9781890913911635
GB,2023-08-21,ER,12.313115122811324
GB,2023-08-22,GPP,5.194757439881387
GB,2023-08-22,ER,11.713623609695269
GB,2023-08-23,GPP,6.81686628150388
GB,2023-08-23,ER,12.564842028283984
GB,2023-08-24,GPP,6.507302533301921
GB,2023-08-24,ER,11.849975939523096
GB,2023-08-25,GPP,5.980195064454462
GB,2023-08-25,ER,10.997543867389714
GB,2023-08-26,GPP,6.201446997922145
GB,2023-08-26,ER,10.69717870051359
GB,2023-08-27,GPP,5.496642982785011
GB,2023-08-27,ER,10.035077005558357
GB,2023-08-28,GPP,6.604831506175472
GB,2023-08-28,ER,9.319563383370296
GB,2023-08-29,GPP,7.437704233744288
GB,2023-08-29,ER,8.722690791031106
GB,2023-08-30,GPP,5.043841942805947
GB,2023-08-30,ER,9.56426761223456
GB,2023-08-31,GPP,7.092059881180593
GB,2023-08-31,ER,7.939368290409894
GB,2023-09-01,GPP,6.328830037501678
GB,2023-09-01,ER,7.443918453859314
GB,2023-09-02,GPP,7.181113075305714
GB,2023-09-02,ER,6.592333292055112
GB,2023-09-03,GPP,6.523695681707637
GB,2023-09-03,ER,6.72653034042849
GB,2023-09-04,GPP,5.029202627836626
GB,2023-09-04,ER,6.972863481432742
GB,2023-09-05,GPP,6.477280321040787
GB,2023-09-05,ER,6.662839756098728
GB,2023-09-06,GPP,5.661055155484158
GB,2023-09-06,ER,7.283287968406033
GB,2023-09-07,GPP,5.68315119112589
GB,2023-09-07,ER,8.068627471467433
GB,2023-09-08,GPP,7.351643973553337
GB,2023-09-08,ER,8.437405709933994
GB,2023-09-09,GPP,5.4788356310260236
GB,2023-09-09,ER,7.593099338295732
GB,2023-09-10,GPP,5.965177717576236
GB,2023-09-10,ER,7.123112874834801
GB,2023-09-11,GPP,7.142230366162064
GB,2023-09-11,ER,6.928748595863257
GB,2023-09-12,GPP,5.804846621250515
GB,2023-09-12,ER,5.852260715107913
GB,2023-09-13,GPP,6.5791833304110465
GB,2023-09-13,ER,6.355990553926963
GB,2023-09-14,GPP,6.895684845299764
GB,2023-09-14,ER,6.798080783662845
GB,2023-09-15,GPP,7.798755155083504
GB,2023-09-15,ER,6.588336687167419
GB,2023-09-16,GPP,7.097557161827111
GB,2023-09-16,ER,6.108152998926204
GB,2023-09-17,GPP,6.596822040212998
GB,2023-09-17,ER,5.556030872613629
GB,2023-09-18,GPP,7.383456574598723
GB,2023-09-18,ER,4.103778457650565
GB,2023-09-19,GPP,8.328203462814788
GB,2023-09-19,ER,3.4594129118424743
GB,2023-09-20,GPP,0.949750046347107
GB,2023-09-20,ER,1.722377552583031
GB,2023-10-18,GPP,7.856363270642372
GB,2023-10-19,GPP,9.368728999072482
GB,2023-10-19,ER,4.082414182956121
GB,2023-10-20,GPP,6.2714580059296905
GB,2023-10-20,ER,6.13804406065605
GB,2023-10-21,GPP,6.935976674557331
GB,2023-10-21,ER,8.562835525921052
GB,2023-10-22,GPP,7.600135648861238
GB,2023-10-22,ER,5.538819643944632
GB,2023-10-23,GPP,8.400771497618765
GB,2023-10-23,ER,7.493853727167934
GB,2023-10-24,GPP,7.33631591297806
GB,2023-10-24,ER,8.287839929174577
GB,2023-11-03,GPP,16.163859943503443
GB,2023-11-03,ER,5.774424803286657
GB,2023-11-04,GPP,15.677670522973838
GB,2023-11-04,ER,4.914860027915727
GB,2023-12-14,GPP,16.9477992714082
GB,2023-12-14,ER,0.3774027297745004
GB,2023-12-15,GPP,13.077130493091234
GB,2023-12-15,ER,1.912806626336146
GB,2023-12-16,GPP,3.7240450417843385
GB,2023-12-16,ER,15.843506124263875
GB,2023-12-17,GPP,6.959462892696964
GB,2023-12-17,ER,1.8598556549224772
GB,2023-12-18,GPP,6.82880602053097
GB,2023-12-18,ER,7.202889611162987
GB,2023-12-19,GPP,2.410649604981732
GB,2023-12-19,ER,12.59311681072918
GB,2023-12-20,GPP,0.9740052186544936
GB,2023-12-20,ER,24.73064450906058
GB,2023-12-21,GPP,7.760970414822373
GB,2023-12-21,ER,30.117574470913972
GB,2023-12-25,GPP,2.3459002428826716
GB,2023-12-25,ER,17.386598106175345
GB,2023-12-26,GPP,4.989043311119989
GB,2023-12-26,ER,20.132936542427743
GB,2023-12-27,GPP,5.390183924799123
GB,2023-12-27,ER,34.365246495510974
GB,2023-12-28,GPP,2.851966272522695
GB,2023-12-28,ER,29.22434729574669
GB,2023-12-29,GPP,4.284172106820921
GB,2023-12-29,ER,25.340204172444498
GB,2023-12-30,GPP,3.5482402501604335
GB,2023-12-30,ER,21.719706751972343
GB,2023-12-31,GPP,3.754797593541495
GB,2023-12-31,ER,20.84186186843449
GB,2024-01-01,GPP,3.6364153932836927
GB,2024-01-01,ER,20.567480099341612
GB,2024-01-02,GPP,6.151116134463009
GB,2024-01-02,ER,20.383040589129138
GB,2024-01-03,GPP,4.770917918279327
GB,2024-01-03,ER,17.458510677422886
GB,2024-01-04,GPP,7.85591300872089
GB,2024-01-04,ER,19.77618757292276
GB,2024-01-05,GPP,5.145585138887127
GB,2024-01-05,ER,15.151007729185483
GB,2024-01-06,GPP,2.9324088136136783
GB,2024-01-06,ER,20.861328652112384
GB,2024-01-11,GPP,8.769151305905517
GB,2024-01-11,ER,15.084943962703356
GB,2024-01-12,GPP,3.094626562089324
GB,2024-01-12,ER,17.031363037390495
GB,2024-01-13,GPP,12.622956514572712
GB,2024-01-13,ER,21.12209294587845
GB,2024-01-14,GPP,7.754018589170251
GB,2024-01-14,ER,14.70173698155106
GB,2024-01-15,GPP,6.351336671820666
GB,2024-01-15,ER,16.576023741555776
GB,2024-01-16,GPP,3.7873447196131855
GB,2024-01-16,ER,22.348919338893488
GB,2024-01-17,GPP,9.857732819340718
GB,2024-01-17,ER,13.57656668487527
GB,2024-01-18,GPP,5.002802604124425
GB,2024-01-18,ER,12.840611700132293
GB,2024-01-19,GPP,9.534834116539084
GB,2024-01-19,ER,16.302608576688762
GB,2024-01-20,GPP,9.853553565560352
GB,2024-01-20,ER,13.030246548307913
GB,2024-01-21,GPP,9.439721247916324
GB,2024-01-21,ER,9.027528647249392
GB,2024-01-22,GPP,9.253654501397548
GB,2024-01-22,ER,11.477988942355974
GB,2024-01-23,GPP,8.626279332495878
GB,2024-01-23,ER,17.951246528177546
GB,2024-01-24,GPP,13.791116653308135
GB,2024-01-24,ER,19.332057203710523
GB,2024-01-25,GPP,13.231635718374182
GB,2024-01-25,ER,19.181560400105923
GB,2024-01-26,GPP,14.526748034262308
GB,2024-01-26,ER,20.416861480592548
GB,2024-01-27,GPP,13.047651359178948
GB,2024-01-27,ER,17.826997732771996
GB,2024-01-28,GPP,15.102896631000569
GB,2024-01-28,ER,18.297545707478463
GB,2024-01-29,GPP,12.380009801933982
GB,2024-01-29,ER,10.5868978146959
GB,2024-01-30,GPP,11.266137577879045
GB,2024-01-30,ER,9.065876621028636
GB,2024-01-31,GPP,11.405820910159555
GB,2024-01-31,ER,9.51217529086558
GB,2024-02-01,GPP,12.77219949534526
GB,2024-02-01,ER,8.968603750608436
GB,2024-02-02,GPP,12.961602116182572
GB,2024-02-02,ER,10.805044864127188
GB,2024-02-03,GPP,12.648186165461496
GB,2024-02-03,ER,10.271191758549191
GB,2024-02-04,GPP,9.130998639939303
GB,2024-02-04,ER,13.898661369377198
GB,2024-02-05,GPP,11.172915834927172
GB,2024-02-05,ER,11.216159899126284
GB,2024-02-06,GPP,11.627520313806018
GB,2024-02-06,ER,8.84041464499481
GB,2024-02-07,GPP,11.955822417916764
GB,2024-02-07,ER,5.411795948755083
GB,2024-02-08,GPP,11.70327897813746
GB,2024-02-08,ER,5.756395028468015
GB,2024-02-09,GPP,12.78460722455124
GB,2024-02-09,ER,8.035545405946793
GB,2024-02-10,GPP,12.159801245641455
GB,2024-02-10,ER,8.529094140349933
GB,2024-02-11,GPP,15.216155695084764
GB,2024-02-11,ER,9.491418352631324
GB,2024-02-12,GPP,12.531968610284618
GB,2024-02-12,ER,12.507191233410156
GB,2024-02-13,GPP,17.14958623532543
GB,2024-02-13,ER,7.6020443390828
GB,2024-02-14,GPP,14.540295135150638
GB,2024-02-14,ER,3.0006544046211143
GB,2024-02-15,GPP,13.584458980074883
GB,2024-02-15,ER,3.2613695514539676
GB,2024-02-16,GPP,12.250132921557134
GB,2024-02-16,ER,4.634633858950941
GB,2024-02-17,GPP,7.929422136598574
GB,2024-02-17,ER,6.719807539955625
GB,2024-02-18,GPP,7.397988107808368
GB,2024-02-18,ER,5.004411007182544
GB,2024-02-19,GPP,14.220843162227675
GB,2024-02-19,ER,1.068677086605939
GB,2024-02-20,GPP,15.208339574240611
GB,2024-02-20,ER,1.7479906580749829
GB,2024-02-21,GPP,15.078981279489708
GB,2024-02-21,ER,2.7213542841361287
GB,2024-02-22,GPP,12.937000994329598
GB,2024-02-22,ER,2.160823997241471
GB,2024-02-23,GPP,11.516872945396248
GB,2024-02-23,ER,7.372126297019962
GB,2024-02-24,GPP,14.90582035644726
GB,2024-02-24,ER,7.943493109597004
GB,2024-02-25,GPP,13.891417907890055
GB,2024-02-25,ER,5.572314279631965
GB,2024-02-26,GPP,13.358691046734304
GB,2024-02-26,ER,4.850157049281009
GB,2024-02-27,GPP,14.27282399649474
GB,2024-02-27,ER,6.6280374311485355
GB,2024-02-28,GPP,16.036595191733927
GB,2024-02-28,ER,9.346261341842462
GB,2024-02-29,GPP,18.85615586782809
GB,2024-02-29,ER,12.105183168976268
GB,2024-03-01,GPP,14.0727859542839
GB,2024-03-01,ER,9.490367856758182
GB,2024-03-02,GPP,14.199960653035136
GB,2024-03-02,ER,13.758429265612753
GB,2024-03-03,GPP,14.871761466143663
GB,2024-03-03,ER,14.343506720406625
GB,2024-03-04,GPP,16.17238469363858
GB,2024-03-04,ER,12.215638349653512
GB,2024-03-05,GPP,9.65523975217172
GB,2024-03-05,ER,12.794745308646458
GB,2024-03-06,GPP,16.39256748042832
GB,2024-03-06,ER,15.182549435092444
GB,2024-03-07,GPP,15.505767282392414
GB,2024-03-07,ER,12.018604294154423
GB,2024-03-08,GPP,15.123209916969428
GB,2024-03-08,ER,12.11610812841314
GB,2024-03-09,GPP,12.708748339832892
GB,2024-03-09,ER,16.143376636293386
GB,2024-03-10,GPP,15.119464780939078
GB,2024-03-10,ER,13.992393538589477
GB,2024-03-11,GPP,12.389153912602374
GB,2024-03-11,ER,7.088038124280525
GB,2024-03-12,GPP,9.749679423090608
GB,2024-03-12,ER,7.175770126025158
GB,2024-03-13,GPP,11.936971771809665
GB,2024-03-13,ER,9.920340424592416
GB,2024-03-14,GPP,12.104370068011248
GB,2024-03-14,ER,10.683397394519734
GB,2024-03-15,GPP,11.548878495551524
GB,2024-03-15,ER,12.964961489773064
GB,2024-03-16,GPP,11.690705617405335
GB,2024-03-16,ER,17.25125223916033
GB,2024-03-17,GPP,12.375078092439567
GB,2024-03-17,ER,17.447340022946108
GB,2024-03-18,GPP,9.714249593183697
GB,2024-03-18,ER,17.038619185797565
GB,2024-03-19,GPP,9.604034481251896
GB,2024-03-19,ER,9.19569133607575
GB,2024-03-20,GPP,6.744816194333108
GB,2024-03-20,ER,4.286596533628757
GB,2024-03-21,GPP,8.700707268448829
GB,2024-03-21,ER,5.639850958510884
GB,2024-03-22,GPP,5.021892577154856
GB,2024-03-22,ER,13.612419146904251
GB,2024-03-23,GPP,10.835501596511024
GB,2024-03-23,ER,11.122714575590468
GB,2024-03-24,GPP,10.466268805758704
GB,2024-03-24,ER,8.025354762446199
GB,2024-03-25,GPP,10.89667563597259
GB,2024-03-25,ER,6.754010598054486
GB,2024-03-26,GPP,11.419598197580822
GB,2024-03-26,ER,10.030803955979737
GB,2024-03-27,GPP,3.0634837219892095
GB,2024-03-27,ER,12.491439861059188
GB,2024-03-28,GPP,10.801665129163576
GB,2024-03-28,ER,12.71137175549316
GB,2024-03-29,GPP,7.014088808948192
GB,2024-03-29,ER,6.368623328212338
GB,2024-03-30,GPP,6.701671827248991
GB,2024-03-30,ER,6.214952454768273
GB,2024-03-31,GPP,8.189417032877044
GB,2024-03-31,ER,7.343868235120853
GB,2024-04-01,GPP,10.897054629374235
GB,2024-04-01,ER,10.230286628278444
GB,2024-04-02,GPP,9.686259857087046
GB,2024-04-02,ER,11.363539313153384
GB,2024-04-03,GPP,4.39288742612386
GB,2024-04-03,ER,13.456841785079805
GB,2024-04-04,GPP,8.17166249086572
GB,2024-04-04,ER,9.089573078341152
GB,2024-04-05,GPP,6.340044511328059
GB,2024-04-05,ER,7.450797896196052
GB,2024-04-06,GPP,6.426867776970506
GB,2024-04-06,ER,9.361644614494043
GB,2024-04-07,GPP,6.020564829019821
GB,2024-04-07,ER,10.219415469028965
GB,2024-04-08,GPP,7.529074777090278
GB,2024-04-08,ER,11.90197691274559
GB,2024-04-09,GPP,9.640394419205172
GB,2024-04-09,ER,13.97422914331395
GB,2024-04-10,GPP,9.446924077349028
GB,2024-04-10,ER,15.659839321489075
GB,2024-04-11,GPP,8.267318724772549
GB,2024-04-11,ER,17.252906403316246
GB,2024-04-12,GPP,8.005861642158148
GB,2024-04-12,ER,12.369373467529616
GB,2024-04-13,GPP,6.382989924427092
GB,2024-04-13,ER,9.9546782294909
GB,2024-04-14,GPP,5.4340392221582885
GB,2024-04-14,ER,9.455161820585364
GB,2024-04-15,GPP,7.604887099447052
GB,2024-04-15,ER,11.777634283971306
GB,2024-04-16,GPP,7.880669838457071
GB,2024-04-16,ER,11.6146666685607
GB,2024-04-17,GPP,8.879586094792538
GB,2024-04-17,ER,12.030128636583337
GB,2024-04-18,GPP,5.052470392214767
GB,2024-04-18,ER,15.78636829783502
GB,2024-04-19,GPP,7.226893284174585
GB,2024-04-19,ER,26.78160325355375
GB,2024-04-20,GPP,8.305386152513057
GB,2024-04-20,ER,26.80388516484009
GB,2024-04-21,GPP,7.600167392403428
GB,2024-04-21,ER,27.107511192565696
GB,2024-04-22,GPP,8.599861785864261
GB,2024-04-22,ER,25.67205409049209
GB,2024-04-23,GPP,6.3326479949229135
GB,2024-04-23,ER,22.26813097121953
GB,2024-04-24,GPP,6.547705638097643
GB,2024-04-24,ER,23.41604562661247
GB,2024-04-25,GPP,6.851979558199844
GB,2024-04-25,ER,24.25326030401463
GB,2024-04-26,GPP,7.612583835338845
GB,2024-04-26,ER,26.16690494169223
GB,2024-04-27,GPP,6.406191822463334
GB,2024-04-27,ER,25.28430659526366
GB,2024-04-28,GPP,7.70997072056298
GB,2024-04-28,ER,25.139371391792835
GB,2024-04-29,GPP,7.215956933064163
GB,2024-04-29,ER,23.835947987570556
GB,2024-04-30,GPP,8.108561587380928
GB,2024-04-30,ER,25.10382196941507
GB,2024-05-01,GPP,9.727588852938268
GB,2024-05-01,ER,23.485564080342677
GB,2024-05-02,GPP,10.48420815151854
GB,2024-05-02,ER,24.53920303167876
GB,2024-05-03,GPP,10.511828187539106
GB,2024-05-03,ER,25.194547862741075
GB,2024-05-04,GPP,8.539453254148096
GB,2024-05-04,ER,25.500882073016236
GB,2024-05-05,GPP,6.345555242926035
GB,2024-05-05,ER,24.76615287225986
GB,2024-05-06,GPP,9.806018971072762
GB,2024-05-06,ER,26.718673670872185
GB,2024-05-07,GPP,8.750762799840803
GB,2024-05-07,ER,29.17585261681883
GB,2024-05-08,GPP,9.344257183868546
GB,2024-05-08,ER,30.23806049016726
GB,2024-05-09,GPP,11.385962667711231
GB,2024-05-09,ER,30.44757904249396
GB,2024-05-10,GPP,6.983761319337621
GB,2024-05-10,ER,28.701239541749697
GB,2024-05-11,GPP,8.435823028642018
GB,2024-05-11,ER,27.068076065982066
GB,2024-05-12,GPP,5.614817572035803
GB,2024-05-12,ER,23.898907772520264
GB,2024-05-13,GPP,6.71223554276607
GB,2024-05-13,ER,24.989041509724427
GB,2024-05-14,GPP,9.151773755079407
GB,2024-05-14,ER,26.58404862776345
GB,2024-05-15,GPP,6.791327157023101
GB,2024-05-15,ER,26.463741428670115
GB,2024-05-16,GPP,7.274144228488048
GB,2024-05-16,ER,24.919168666276697
GB,2024-05-17,GPP,6.582087333644089
GB,2024-05-17,ER,25.13594057421549
GB,2024-05-18,GPP,8.346255177631221
GB,2024-05-18,ER,26.416208451115235
GB,2024-05-19,GPP,7.596416170253577
GB,2024-05-19,ER,26.229555489904666
GB,2024-05-20,GPP,7.484249429005124
GB,2024-05-20,ER,24.860910478136983
GB,2024-05-21,GPP,6.71891674499507
GB,2024-05-21,ER,23.759230088193533
GB,2024-05-22,GPP,7.711518385135957
GB,2024-05-22,ER,24.692278952835604
GB,2024-05-23,GPP,8.911754720065813
GB,2024-05-23,ER,24.976514876813
GB,2024-05-24,GPP,9.163897844765838
GB,2024-05-24,ER,25.506468049349284
GB,2024-05-25,GPP,8.992948804848666
GB,2024-05-25,ER,28.482634528290067
GB,2024-05-26,GPP,7.1742267924311385
GB,2024-05-26,ER,26.18029784641157
GB,2024-05-27,GPP,6.430128499257669
GB,2024-05-27,ER,25.03372428713702
GB,2024-05-28,GPP,8.310015024142924
GB,2024-05-28,ER,26.87046236528416
GB,2024-05-29,GPP,8.300285144804608
GB,2024-05-29,ER,25.24655755639096
GB,2024-05-30,GPP,7.70168608950144
GB,2024-05-30,ER,23.17297484160728
GB,2024-05-31,GPP,8.32496464933227
GB,2024-05-31,ER,23.652959294945056
GB,2024-06-01,GPP,9.09314320053855
GB,2024-06-01,ER,23.947677357263913
GB,2024-06-02,GPP,6.310934957289554
GB,2024-06-02,ER,25.190472821161222
GB,2024-06-03,GPP,8.20914402927857
GB,2024-06-03,ER,24.910921894748977
GB,2024-06-04,GPP,8.803296289789852
GB,2024-06-04,ER,26.1486225955325
GB,2024-06-05,GPP,9.117101513507103
GB,2024-06-05,ER,26.396760674757637
GB,2024-06-06,GPP,9.517651080192577
GB,2024-06-06,ER,26.520267452544616
GB,2024-06-07,GPP,10.012400084656909
GB,2024-06-07,ER,28.133741908088737
GB,2024-06-08,GPP,8.656242179295877
GB,2024-06-08,ER,28.315377702485332
GB,2024-06-09,GPP,7.413148849964321
GB,2024-06-09,ER,27.590964464845833
GB,2024-06-10,GPP,7.813795002962192
GB,2024-06-10,ER,26.36774288182592
GB,2024-06-11,GPP,9.962140925827647
GB,2024-06-11,ER,28.480060792113065
GB,2024-06-12,GPP,10.046968668187777
GB,2024-06-12,ER,29.09932176339803
GB,2024-06-13,GPP,10.83806343675148
GB,2024-06-13,ER,28.796853827416665
GB,2024-06-14,GPP,9.636497189959774
GB,2024-06-14,ER,28.339664179666904
GB,2024-06-15,GPP,9.690893719360146
GB,2024-06-15,ER,28.274209107579583
GB,2024-06-16,GPP,10.504467968194074
GB,2024-06-16,ER,27.591600525695036
ID,2022-11-07,GPP,6.159457451150274
ID,2022-11-07,ER,7.214166319762087
ID,2022-11-08,GPP,4.806903916614961
ID,2022-11-08,ER,9.249247180105352
ID,2022-11-09,GPP,5.172239928539483
ID,2022-11-09,ER,9.03884632151502
ID,2022-11-10,GPP,0.7857653638909214
ID,2022-11-10,ER,10.42613449180792
ID,2022-11-11,GPP,3.9404174422129703
ID,2022-11-11,ER,11.58425798209017
ID,2022-11-12,GPP,4.509825317915071
ID,2022-11-12,ER,10.515388197599464
ID,2022-11-13,GPP,4.4596109071381065
ID,2022-11-13,ER,10.118365147058787
ID,2022-11-14,GPP,4.607472491566477
ID,2022-11-14,ER,8.794646262069556
ID,2022-11-15,GPP,3.378583483274593
ID,2022-11-15,ER,9.938407576430537
ID,2022-11-16,GPP,4.2399492759252215
ID,2022-11-16,ER,9.506179812764628
ID,2022-11-17,GPP,4.038034442719967
ID,2022-11-17,ER,8.316292356457817
ID,2022-11-18,GPP,3.952314040866648
ID,2022-11-18,ER,7.803467710691578
ID,2022-11-19,GPP,3.420434338716476
ID,2022-11-19,ER,7.510074849185794
ID,2022-11-20,GPP,2.2709180087869547
ID,2022-11-20,ER,8.353902398566351
ID,2022-11-21,GPP,3.8050112434974848
ID,2022-11-21,ER,7.014917989202612
ID,2022-11-22,GPP,3.6156510856237616
ID,2022-11-22,ER,7.783472286241864
ID,2022-11-23,GPP,3.937403139094909
ID,2022-11-23,ER,7.718414351841886
ID,2022-11-24,GPP,3.565674818835179
ID,2022-11-24,ER,7.873801771987227
ID,2022-11-25,GPP,3.644360955173184
ID,2022-11-25,ER,8.437312861242686
ID,2022-11-26,GPP,2.6696159802343056
ID,2022-11-26,ER,8.412979499546523
ID,2022-11-27,GPP,3.5029220641481444
ID,2022-11-27,ER,8.343537366880135
ID,2022-11-28,GPP,3.8972756004864255
ID,2022-11-28,ER,7.5580546426713395
ID,2022-11-29,GPP,4.323168206096539
ID,2022-11-29,ER,7.545050336620752
ID,2022-11-30,GPP,3.34037125546737
ID,2022-11-30,ER,8.270494689215363
ID,2022-12-01,GPP,4.412075185259916
ID,2022-12-01,ER,7.29012668084734
ID,2022-12-02,GPP,4.278373096313419
ID,2022-12-02,ER,6.665598135952336
ID,2022-12-03,GPP,4.0362127614496766
ID,2022-12-03,ER,7.046652591466912
ID,2022-12-04,GPP,4.378416531066248
ID,2022-12-04,ER,7.709433104779422
ID,2022-12-05,GPP,3.305766568472488
ID,2022-12-05,ER,7.045184601776627
ID,2022-12-06,GPP,4.491404812517972
ID,2022-12-06,ER,7.437203339729541
ID,2022-12-07,GPP,4.28996127640671
ID,2022-12-07,ER,7.334647525599259
ID,2022-12-08,GPP,4.500962388670284
ID,2022-12-08,ER,7.370308603415296
ID,2022-12-09,GPP,4.952744034328013
ID,2022-12-09,ER,7.4866868923754835
ID,2022-12-10,GPP,4.798338253597013
ID,2022-12-10,ER,7.777565879697941
ID,2022-12-11,GPP,2.988960844755879
ID,2022-12-11,ER,7.57350728735212
ID,2022-12-12,GPP,4.347545264255732
ID,2022-12-12,ER,7.275950573191164
ID,2022-12-13,GPP,3.9263311297016568
ID,2022-12-13,ER,7.29704970571566
ID,2022-12-14,GPP,3.9111701211236944
ID,2022-12-14,ER,7.109414373409163
ID,2022-12-15,GPP,1.6896933595729204
ID,2022-12-15,ER,7.542958444219987
ID,2022-12-16,GPP,3.9807101865832406
ID,2022-12-16,ER,6.705481159897603
ID,2022-12-17,GPP,4.041317470185726
ID,2022-12-17,ER,7.040975477211361
ID,2022-12-18,GPP,3.5633728571865833
ID,2022-12-18,ER,7.3042956309493805
ID,2022-12-19,GPP,3.8447443605404863
ID,2022-12-19,ER,6.925656080154245
ID,2022-12-20,GPP,3.3787909156978633
ID,2022-12-20,ER,8.282756584127654
ID,2022-12-21,GPP,3.4733035808187536
ID,2022-12-21,ER,9.096478122921129
ID,2022-12-22,GPP,4.21546245089924
ID,2022-12-22,ER,9.137165887577437
ID,2022-12-23,GPP,5.117701766378054
ID,2022-12-23,ER,9.980095534306656
ID,2022-12-24,GPP,4.1062425707506325
ID,2022-12-24,ER,9.078372429061348
ID,2022-12-25,GPP,4.131534618325619
ID,2022-12-25,ER,8.992278597143795
ID,2022-12-26,GPP,4.390890398399674
ID,2022-12-26,ER,9.920661434853557
ID,2022-12-27,GPP,4.148665472903799
ID,2022-12-27,ER,11.726824641825065
ID,2022-12-28,GPP,4.190904770625154
ID,2022-12-28,ER,14.39044286858748
ID,2022-12-29,GPP,3.6636519501589087
ID,2022-12-29,ER,17.15672603929001
ID,2022-12-30,GPP,6.0205722399166435
ID,2022-12-30,ER,18.417623610805787
ID,2022-12-31,GPP,1.9292148230061008
ID,2022-12-31,ER,17.983271608368458
ID,2023-01-01,GPP,5.1816895600562685
ID,2023-01-01,ER,9.022967842309775
ID,2023-01-02,GPP,5.506283707485457
ID,2023-01-02,ER,9.566314533921735
ID,2023-01-03,GPP,5.86860253239152
ID,2023-01-03,ER,11.20062321679289
ID,2023-01-04,GPP,2.486963394724983
ID,2023-01-04,ER,9.936158713421747
ID,2023-01-05,GPP,4.073795995931802
ID,2023-01-05,ER,9.675200716180356
ID,2023-01-06,GPP,3.62834559901712
ID,2023-01-06,ER,8.669637516892568
ID,2023-01-07,GPP,3.522496408271145
ID,2023-01-07,ER,8.025073695913457
ID,2023-01-08,GPP,3.7525991205725746
ID,2023-01-08,ER,7.945881264047235
ID,2023-01-09,GPP,3.753769447496551
ID,2023-01-09,ER,8.66667920872231
ID,2023-01-10,GPP,3.8559376626388313
ID,2023-01-10,ER,8.33003947832154
ID,2023-01-11,GPP,3.9943244709456223
ID,2023-01-11,ER,8.381342259969642
ID,2023-01-12,GPP,3.910285343325056
ID,2023-01-12,ER,8.598548642473293
ID,2023-01-13,GPP,1.8695339779387403
ID,2023-01-13,ER,9.024104276120402
ID,2023-01-14,GPP,3.4662973946827096
ID,2023-01-14,ER,7.670967668055981
ID,2023-01-15,GPP,3.749071682328306
ID,2023-01-15,ER,7.514699833569035
ID,2023-01-16,GPP,3.885845576746824
ID,2023-01-16,ER,7.78383679090245
ID,2023-01-17,GPP,4.0824015792785815
ID,2023-01-17,ER,8.307163454410617
ID,2023-01-18,GPP,4.000487323075078
ID,2023-01-18,ER,8.909243765333555
ID,2023-01-19,GPP,3.722641857522971
ID,2023-01-19,ER,9.252481279508116
ID,2023-01-20,GPP,4.70168125404627
ID,2023-01-20,ER,9.639182065898948
ID,2023-01-21,GPP,2.2752600860163565
ID,2023-01-21,ER,9.48547916381937
ID,2023-01-22,GPP,3.811663393445272
ID,2023-01-22,ER,9.337490419290734
ID,2023-01-23,GPP,5.180434544388169
ID,2023-01-23,ER,10.43645855660484
ID,2023-01-24,GPP,4.350169780481775
ID,2023-01-24,ER,8.220663160736152
ID,2023-01-25,GPP,3.258910245094185
ID,2023-01-25,ER,9.51265259529614
ID,2023-01-26,GPP,4.986061504018072
ID,2023-01-26,ER,9.58047840960974
ID,2023-01-27,GPP,4.486468521753534
ID,2023-01-27,ER,8.372637527177602
ID,2023-01-28,GPP,4.620877228808389
ID,2023-01-28,ER,8.56525434711748
ID,2023-01-29,GPP,4.6635483280855246
ID,2023-01-29,ER,10.10047597885257
ID,2023-01-30,GPP,5.391312457090899
ID,2023-01-30,ER,11.290147455883169
ID,2023-01-31,GPP,5.708049369268404
ID,2023-01-31,ER,12.061470400654938
ID,2023-02-01,GPP,4.77861304290847
ID,2023-02-01,ER,12.129395981985668
ID,2023-02-02,GPP,5.712759310726493
ID,2023-02-02,ER,12.748307308762014
ID,2023-02-03,GPP,3.3324585613337883
ID,2023-02-03,ER,13.16361083150436
ID,2023-02-04,GPP,5.450380624447775
ID,2023-02-04,ER,11.800419745490242
ID,2023-02-05,GPP,5.256761890315186
ID,2023-02-05,ER,12.831067297889277
ID,2023-02-06,GPP,6.000958239678871
ID,2023-02-06,ER,13.631351188512102
ID,2023-02-07,GPP,6.3039539196648215
ID,2023-02-07,ER,13.965286427183155
ID,2023-02-18,GPP,5.106126044970806
ID,2023-02-18,ER,18.06737496381364
ID,2023-02-19,GPP,0.7777381776281803
ID,2023-02-19,ER,14.381558077588094
ID,2023-02-20,GPP,12.861437578515469
ID,2023-02-20,ER,14.858949090973372
ID,2023-02-21,GPP,12.965678263880967
ID,2023-02-21,ER,11.97589621734092
ID,2023-02-22,GPP,13.579944495965474
ID,2023-02-22,ER,10.670072548271683
ID,2023-02-23,GPP,13.990234564185226
ID,2023-02-23,ER,10.276612659130386
ID,2023-02-24,GPP,15.818282567108616
ID,2023-02-24,ER,8.428561970966845
ID,2023-02-25,GPP,17.12247734951576
ID,2023-02-25,ER,8.612649651828104
ID,2023-02-26,GPP,19.641246482013106
ID,2023-02-26,ER,10.412403487568186
ID,2023-02-27,GPP,0.06137347208382252
ID,2023-02-27,ER,12.288030392226482
ID,2023-02-28,GPP,18.352971323894323
ID,2023-02-28,ER,13.534393768920532
ID,2023-03-01,GPP,2.911502480055603
ID,2023-03-01,ER,15.448560554848584
ID,2023-03-02,GPP,6.856644962909398
ID,2023-03-02,ER,16.921930221414563
ID,2023-03-03,GPP,6.480331933165344
ID,2023-03-03,ER,19.00412455654377
ID,2023-03-04,GPP,5.031986154805088
ID,2023-03-04,ER,21.890263148763793
ID,2023-03-05,GPP,10.046712274587254
ID,2023-03-05,ER,21.76791713071577
ID,2023-03-06,GPP,10.207369038047633
ID,2023-03-06,ER,21.581617354669262
ID,2023-03-07,GPP,8.900551594475479
ID,2023-03-07,ER,21.484860196196905
ID,2023-03-08,GPP,10.089070777950845
ID,2023-03-08,ER,21.217352260262363
ID,2023-03-09,GPP,9.721072998677675
ID,2023-03-09,ER,19.47986088314969
ID,2023-03-10,GPP,8.668022984086344
ID,2023-03-10,ER,20.36716055878933
ID,2023-03-11,GPP,9.376973358572226
ID,2023-03-11,ER,21.26255660726715
ID,2023-03-12,GPP,8.355130575611538
ID,2023-03-12,ER,20.331640026708556
ID,2023-03-13,GPP,4.921593061088806
ID,2023-03-13,ER,21.21254689177898
ID,2023-03-14,GPP,8.820319870773897
ID,2023-03-14,ER,19.9612134587958
ID,2023-03-15,GPP,8.838431296294226
ID,2023-03-15,ER,19.023210991336697
ID,2023-03-16,GPP,8.443756864081092
ID,2023-03-16,ER,18.764298971644173
ID,2023-03-17,GPP,8.632824064465272
ID,2023-03-17,ER,20.11007861791373
ID,2023-03-18,GPP,2.827268237505381
ID,2023-03-18,ER,21.926990378615468
ID,2023-03-19,GPP,8.409930969896857
ID,2023-03-19,ER,19.044441151020376
ID,2023-03-20,GPP,7.404331496777652
ID,2023-03-20,ER,18.24931272634608
ID,2023-03-21,GPP,6.992350726021269
ID,2023-03-21,ER,17.74844430595475
ID,2023-03-22,GPP,6.8821297310652705
ID,2023-03-22,ER,20.043858933282745
ID,2023-03-23,GPP,7.992149446583901
ID,2023-03-23,ER,21.739136994256313
ID,2023-03-24,GPP,7.433064453799846
ID,2023-03-24,ER,20.82169272832771
ID,2023-03-25,GPP,5.2688585773076495
ID,2023-03-25,ER,20.959258337169683
ID,2023-03-26,GPP,6.4018219931096505
ID,2023-03-26,ER,20.69518833804684
ID,2023-03-27,GPP,6.904846967271599
ID,2023-03-27,ER,19.781159024794356
ID,2023-03-28,GPP,5.132463339273441
ID,2023-03-28,ER,19.933661063257432
ID,2023-03-29,GPP,7.319816405102023
ID,2023-03-29,ER,19.620472255909768
ID,2023-03-30,GPP,5.593065235778792
ID,2023-03-30,ER,17.244022701393625
ID,2023-03-31,GPP,5.629147950478647
ID,2023-03-31,ER,17.18000715300555
ID,2023-04-01,GPP,5.348739551607569
ID,2023-04-01,ER,17.78800455239823
ID,2023-04-02,GPP,5.754070923811949
ID,2023-04-02,ER,18.60141666585732
ID,2023-04-03,GPP,3.9256427597275096
ID,2023-04-03,ER,20.52263905220232
ID,2023-04-04,GPP,6.2019590525009445
ID,2023-04-04,ER,21.182166228528544
ID,2023-04-05,GPP,5.804115305726978
ID,2023-04-05,ER,20.283163871757456
ID,2023-04-06,GPP,5.456963888855516
ID,2023-04-06,ER,19.29755231020177
ID,2023-04-07,GPP,6.326925734239942
ID,2023-04-07,ER,19.742362544262352
ID,2023-04-08,GPP,4.898126016088804
ID,2023-04-08,ER,20.27545766920806
ID,2023-04-09,GPP,4.7141304945265405
ID,2023-04-09,ER,18.98629440774442
ID,2023-04-10,GPP,4.624720049824033
ID,2023-04-10,ER,16.681376269331366
ID,2023-04-11,GPP,5.069948660903263
ID,2023-04-11,ER,16.784830889034797
ID,2023-04-12,GPP,6.026646488800821
ID,2023-04-12,ER,15.448043652042868
ID,2023-04-13,GPP,4.806835644271754
ID,2023-04-13,ER,15.017603715410452
ID,2023-04-14,GPP,4.8627370466409605
ID,2023-04-14,ER,15.429482797304036
ID,2023-04-15,GPP,5.199175602592737
ID,2023-04-15,ER,15.195236483229632
ID,2023-04-16,GPP,5.39458912864567
ID,2023-04-16,ER,15.293089712559098
ID,2023-04-17,GPP,5.356697751640691
ID,2023-04-17,ER,14.815771159794254
ID,2023-04-18,GPP,4.973284439348952
ID,2023-04-18,ER,13.610692406152896
ID,2023-04-19,GPP,5.49587001897761
ID,2023-04-19,ER,13.29872065391782
ID,2023-04-20,GPP,4.904083419806308
ID,2023-04-20,ER,13.384749694366246
ID,2023-04-21,GPP,4.912143463267099
ID,2023-04-21,ER,13.492838985095071
ID,2023-04-22,GPP,5.030345465203276
ID,2023-04-22,ER,13.474510638008969
ID,2023-04-23,GPP,5.32040310273402
ID,2023-04-23,ER,13.259333202639825
ID,2023-04-24,GPP,3.890106093942173
ID,2023-04-24,ER,12.56278637989317
ID,2023-04-25,GPP,4.365240845689438
ID,2023-04-25,ER,11.623137774116364
ID,2023-04-26,GPP,4.620030324671286
ID,2023-04-26,ER,11.44715517002632
ID,2023-04-27,GPP,4.7750003934513074
ID,2023-04-27,ER,11.572292364754258
ID,2023-04-28,GPP,4.824858077369925
ID,2023-04-28,ER,11.289131998765622
ID,2023-04-29,GPP,3.765308400110515
ID,2023-04-29,ER,11.220122568871217
ID,2023-04-30,GPP,4.315824654843904
ID,2023-04-30,ER,11.428687141740026
ID,2023-05-01,GPP,4.576258444908628
ID,2023-05-01,ER,10.79840949737624
ID,2023-05-02,GPP,4.397547038164361
ID,2023-05-02,ER,10.32673004901283
ID,2023-05-03,GPP,6.0580350404339205
ID,2023-05-03,ER,10.675077306858324
ID,2023-06-03,GPP,5.5103974715298
ID,2023-06-03,ER,9.588268164698537
ID,2023-06-04,GPP,4.2369067637638445
ID,2023-06-04,ER,9.89185160785346
ID,2023-06-05,GPP,5.234531208992801
ID,2023-06-05,ER,9.472637494857608
ID,2023-06-06,GPP,5.687181980451412
ID,2023-06-06,ER,9.637168249713838
ID,2023-06-07,GPP,4.855871738395921
ID,2023-06-07,ER,9.36367374481794
ID,2023-06-08,GPP,5.152203731802358
ID,2023-06-08,ER,9.302156618066796
ID,2023-06-09,GPP,4.9083280798403965
ID,2023-06-09,ER,10.36057616355008
ID,2023-06-10,GPP,5.147963177254531
ID,2023-06-10,ER,10.389390710970474
ID,2023-06-11,GPP,5.3079931338857245
ID,2023-06-11,ER,9.783918930979103
ID,2023-06-12,GPP,4.748309688628372
ID,2023-06-12,ER,9.77466021551119
ID,2023-06-13,GPP,4.682168598544996
ID,2023-06-13,ER,9.13757842439328
ID,2023-06-14,GPP,4.062743447549607
ID,2023-06-14,ER,9.294341048084751
ID,2023-06-15,GPP,3.0465802702934077
ID,2023-06-15,ER,9.9012009511388
ID,2023-06-16,GPP,4.469486815817971
ID,2023-06-16,ER,9.465445356098629
ID,2023-06-17,GPP,4.464459468896852
ID,2023-06-17,ER,9.354905616213973
ID,2023-06-18,GPP,5.269635377759912
ID,2023-06-18,ER,10.850493453340151
ID,2023-06-19,GPP,5.012805258263335
ID,2023-06-19,ER,12.529573978397428
ID,2023-06-20,GPP,1.181522405717219
ID,2023-06-20,ER,12.764845151932771
ID,2023-06-21,GPP,2.218729916643654
ID,2023-06-21,ER,14.580324222657648
ID,2023-06-22,GPP,2.1318622335398265
ID,2023-06-22,ER,15.213975656487673
ID,2023-06-23,GPP,6.566712659865576
ID,2023-06-23,ER,16.12325404436147
ID,2023-06-24,GPP,6.434944688382405
ID,2023-06-24,ER,15.843935413130854
ID,2023-06-25,GPP,6.870672584781833
ID,2023-06-25,ER,18.001524451079156
ID,2023-06-26,GPP,7.85573300032036
ID,2023-06-26,ER,19.43322062933276
ID,2023-06-27,GPP,8.050324655335597
ID,2023-06-27,ER,19.888782388534143
ID,2023-06-28,GPP,6.486774470471306
ID,2023-06-28,ER,19.92871156628689
ID,2023-06-29,GPP,3.5330877315104052
ID,2023-06-29,ER,17.417744346851975
ID,2023-06-30,GPP,2.4428930311213257
ID,2023-06-30,ER,15.649658312748771
ID,2023-07-01,GPP,2.407368036348549
ID,2023-07-01,ER,15.640439599094732
ID,2023-07-02,GPP,2.5743512881368003
ID,2023-07-02,ER,15.720124072592984
ID,2023-07-03,GPP,3.086348562584555
ID,2023-07-03,ER,16.19349374363552
ID,2023-07-04,GPP,4.6260100808114055
ID,2023-07-04,ER,18.379045975282995
ID,2023-07-05,GPP,5.73603797325753
ID,2023-07-05,ER,18.75510429008757
ID,2023-07-06,GPP,4.217701175730675
ID,2023-07-06,ER,18.24957603349682
ID,2023-07-07,GPP,5.947741846899149
ID,2023-07-07,ER,19.872850212559698
ID,2023-07-08,GPP,8.605137350054244
ID,2023-07-08,ER,23.39491009120853
ID,2023-07-09,GPP,7.406625652877149
ID,2023-07-09,ER,21.338751380553873
ID,2023-07-10,GPP,4.17916874320379
ID,2023-07-10,ER,20.004228776648848
ID,2023-07-11,GPP,5.935956588896589
ID,2023-07-11,ER,17.56510865462496
ID,2023-07-12,GPP,7.616304446703065
ID,2023-07-12,ER,18.95522838944774
ID,2023-07-13,GPP,7.916875577367619
ID,2023-07-13,ER,18.33140627663891
ID,2023-07-14,GPP,5.873967692026628
ID,2023-07-14,ER,18.270908503883525
ID,2023-07-15,GPP,6.0662640060602815
ID,2023-07-15,ER,16.961832758221785
ID,2023-07-16,GPP,5.884616689907282
ID,2023-07-16,ER,18.467083877006843
ID,2023-07-17,GPP,8.670240879659122
ID,2023-07-17,ER,17.945540330132093
ID,2023-07-18,GPP,8.029094958316701
ID,2023-07-18,ER,16.3951914408196
ID,2023-07-19,GPP,7.9107637959311585
ID,2023-07-19,ER,16.106349824655958
ID,2023-07-20,GPP,7.4347445562616
ID,2023-07-20,ER,16.0283887131881
ID,2023-07-21,GPP,8.015342679174564
ID,2023-07-21,ER,16.395898149780447
ID,2023-07-22,GPP,7.779980921062909
ID,2023-07-22,ER,17.09034501304337
ID,2023-07-23,GPP,5.150739979911464
ID,2023-07-23,ER,16.826156344450894
ID,2023-07-24,GPP,7.142270338910382
ID,2023-07-24,ER,14.7712503079547
ID,2023-07-25,GPP,7.551589281002121
ID,2023-07-25,ER,14.984660929129644
ID,2023-07-26,GPP,7.654153635713456
ID,2023-07-26,ER,14.621991209752826
ID,2023-07-27,GPP,8.515819771167893
ID,2023-07-27,ER,15.009586723633047
ID,2023-07-28,GPP,5.800585703315862
ID,2023-07-28,ER,15.22303048657678
ID,2023-07-29,GPP,6.635945101368217
ID,2023-07-29,ER,15.662544634285096
ID,2023-07-30,GPP,7.960841944384859
ID,2023-07-30,ER,15.274317201363266
ID,2023-07-31,GPP,7.589282822161942
ID,2023-07-31,ER,15.68113251193676
ID,2023-08-01,GPP,7.716894876462146
ID,2023-08-01,ER,14.831421446668424
ID,2023-08-02,GPP,7.966780722213093
ID,2023-08-02,ER,15.437678792251983
ID,2023-08-03,GPP,9.317168114162246
ID,2023-08-03,ER,15.193483244864428
ID,2023-08-04,GPP,5.603018272126917
ID,2023-08-04,ER,15.392190174403012
ID,2023-08-05,GPP,5.487916157377603
ID,2023-08-05,ER,16.79945928542169
ID,2023-08-06,GPP,7.491854607347722
ID,2023-08-06,ER,17.031302228783968
ID,2023-08-07,GPP,7.7402420934700435
ID,2023-08-07,ER,18.535486944690877
ID,2023-08-08,GPP,7.721170021247265
ID,2023-08-08,ER,18.231747384872374
ID,2023-08-09,GPP,7.358875014325435
ID,2023-08-09,ER,18.027088185566043
ID,2023-08-10,GPP,7.402196061883026
ID,2023-08-10,ER,18.05529354219665
ID,2023-08-11,GPP,7.09901429701227
ID,2023-08-11,ER,17.894087909243016
ID,2023-08-12,GPP,8.490339920334554
ID,2023-08-12,ER,17.881637629152834
ID,2023-08-13,GPP,8.256625570736487
ID,2023-08-13,ER,17.65440033767478
ID,2023-08-14,GPP,7.0884414796047706
ID,2023-08-14,ER,18.743605403772953
ID,2023-08-15,GPP,5.927810029442675
ID,2023-08-15,ER,19.39637491021013
ID,2023-08-16,GPP,7.095450939125921
ID,2023-08-16,ER,16.870305337239582
ID,2023-08-17,GPP,4.0032446359306855
ID,2023-08-17,ER,16.361751193802505
ID,2023-08-18,GPP,7.959078685469629
ID,2023-08-18,ER,16.441571909504336
ID,2023-08-19,GPP,8.065450558288576
ID,2023-08-19,ER,16.704404117332597
ID,2023-08-20,GPP,8.25323332449839
ID,2023-08-20,ER,16.64305174066965
ID,2023-08-21,GPP,8.392176228945964
ID,2023-08-21,ER,16.13155334484908
ID,2023-08-22,GPP,8.343581066342924
ID,2023-08-22,ER,16.304714900001436
ID,2023-08-23,GPP,9.011959913495314
ID,2023-08-23,ER,16.75822272906875
ID,2023-08-24,GPP,8.562285401660045
ID,2023-08-24,ER,16.181617846675167
ID,2023-08-25,GPP,8.043526765247552
ID,2023-08-25,ER,15.90806015772595
ID,2023-08-26,GPP,8.496489446804825
ID,2023-08-26,ER,16.34280475027315
ID,2023-08-27,GPP,8.395998174261267
ID,2023-08-27,ER,15.541585948997914
ID,2023-08-28,GPP,8.223619030668345
ID,2023-08-28,ER,15.239989682108485
ID,2023-08-29,GPP,8.597764667566056
ID,2023-08-29,ER,15.327515344110136
ID,2023-08-30,GPP,1.953245411717236
ID,2023-08-30,ER,15.702036305071216
ID,2023-08-31,GPP,7.326334995728838
ID,2023-08-31,ER,14.91741519728424
ID,2023-09-01,GPP,5.938567650322576
ID,2023-09-01,ER,14.944391631590348
ID,2023-09-02,GPP,7.585850631440819
ID,2023-09-02,ER,15.825603513622118
ID,2023-09-03,GPP,7.33097131059763
ID,2023-09-03,ER,17.070342370069742
ID,2023-09-04,GPP,7.332548363657111
ID,2023-09-04,ER,17.980471164833606
ID,2023-09-05,GPP,7.940703602923088
ID,2023-09-05,ER,19.05128883369529
ID,2023-09-06,GPP,6.854546477635409
ID,2023-09-06,ER,19.278758751733516
ID,2023-09-07,GPP,6.558021507635821
ID,2023-09-07,ER,19.372390018741953
ID,2023-09-08,GPP,5.3270960562696015
ID,2023-09-08,ER,19.06722434741221
ID,2023-09-09,GPP,4.788457250254889
ID,2023-09-09,ER,18.89836362012139
ID,2023-09-10,GPP,6.729736715238373
ID,2023-09-10,ER,19.756600588677273
ID,2023-09-11,GPP,5.76287028737785
ID,2023-09-11,ER,19.263890581428896
ID,2023-09-12,GPP,6.686046984966952
ID,2023-09-12,ER,19.61897232003066
ID,2023-09-13,GPP,8.064848251742347
ID,2023-09-13,ER,21.152555677376945
ID,2023-09-14,GPP,7.222474921452383
ID,2023-09-14,ER,19.796334056922905
ID,2023-09-15,GPP,7.698649509729266
ID,2023-09-15,ER,19.684222350236475
ID,2023-09-16,GPP,7.890923789665262
ID,2023-09-16,ER,19.37300151319851
ID,2023-09-17,GPP,5.990700927898226
ID,2023-09-17,ER,17.620988000283138
ID,2023-09-18,GPP,6.839151261379783
ID,2023-09-18,ER,16.91004404198262
ID,2023-09-19,GPP,7.35358401475417
ID,2023-09-19,ER,17.43651414370997
ID,2023-10-03,GPP,7.076307828207213
ID,2023-10-03,ER,12.364553086405865
ID,2023-10-04,GPP,6.97994558081712
ID,2023-10-04,ER,12.7372119451361
ID,2023-10-05,GPP,6.649948151859712
ID,2023-10-05,ER,12.681857809998428
ID,2023-10-06,GPP,6.858896938917945
ID,2023-10-06,ER,13.085302470758808
ID,2023-10-07,GPP,6.78745096348715
ID,2023-10-07,ER,12.42728067565144
ID,2023-10-08,GPP,6.497243885169211
ID,2023-10-08,ER,11.539815478599357
ID,2023-10-09,GPP,6.271376577855571
ID,2023-10-09,ER,10.738099855826365
ID,2023-10-10,GPP,6.4223604247385095
ID,2023-10-10,ER,10.81958148144144
ID,2023-10-11,GPP,2.173475202404884
ID,2023-10-11,ER,12.03380366802286
ID,2023-10-12,GPP,3.0280272591173425
ID,2023-10-12,ER,11.9800003454064
ID,2023-10-13,GPP,6.180200372349926
ID,2023-10-13,ER,12.530205312576436
ID,2023-10-14,GPP,5.539630155616239
ID,2023-10-14,ER,12.340797999867334
ID,2023-10-15,GPP,5.800671661067384
ID,2023-10-15,ER,12.458779933230945
ID,2023-10-16,GPP,5.5127062252174115
ID,2023-10-16,ER,12.20359841543216
ID,2023-10-17,GPP,5.6700830144097205
ID,2023-10-17,ER,11.524004538718678
ID,2023-10-18,GPP,5.286223342535736
ID,2023-10-18,ER,11.689623336766225
ID,2023-10-19,GPP,5.266681714107546
ID,2023-10-19,ER,11.986912955574985
ID,2023-10-20,GPP,4.78309043793167
ID,2023-10-20,ER,12.871604484754874
ID,2023-10-21,GPP,5.381554728581789
ID,2023-10-21,ER,13.727801022830525
ID,2023-10-22,GPP,6.237322293530536
ID,2023-10-22,ER,12.861291091961077
ID,2023-10-23,GPP,5.48860153183504
ID,2023-10-23,ER,12.848058534398962
ID,2023-10-24,GPP,5.161951583930611
ID,2023-10-24,ER,12.844545408104738
ID,2023-10-25,GPP,5.229098736022242
ID,2023-10-25,ER,12.653935500562008
ID,2023-10-26,GPP,5.654679544694871
ID,2023-10-26,ER,13.061387512374374
ID,2023-10-27,GPP,5.803031648626372
ID,2023-10-27,ER,12.65691677220563
ID,2023-10-28,GPP,5.709694806954134
ID,2023-10-28,ER,12.750383689869476
ID,2023-10-29,GPP,5.9481501500239675
ID,2023-10-29,ER,12.695226505954198
ID,2023-10-30,GPP,5.637501101522656
ID,2023-10-30,ER,12.342705017058332
ID,2023-10-31,GPP,5.918231224002776
ID,2023-10-31,ER,12.451172757277371
ID,2023-11-01,GPP,5.984350525594379
ID,2023-11-01,ER,12.272345722110892
ID,2023-11-02,GPP,4.964503907456329
ID,2023-11-02,ER,10.146189393255945
ID,2023-11-03,GPP,5.4016017534995635
ID,2023-11-03,ER,10.80654795815416
ID,2023-11-04,GPP,6.0915884241233655
ID,2023-11-04,ER,11.502300330218516
ID,2023-11-05,GPP,5.452394237320301
ID,2023-11-05,ER,11.352726801815692
ID,2023-11-06,GPP,5.351370653818615
ID,2023-11-06,ER,10.781223668247817
ID,2023-11-07,GPP,5.328538260857499
ID,2023-11-07,ER,11.04612861605156
ID,2023-11-08,GPP,5.370237549802553
ID,2023-11-08,ER,10.971620454881853
ID,2023-11-09,GPP,5.4627647594304065
ID,2023-11-09,ER,10.875210728420845
ID,2023-11-10,GPP,5.110667179289498
ID,2023-11-10,ER,11.158754256376907
ID,2023-11-11,GPP,5.601171170313785
ID,2023-11-11,ER,11.19648507017602
ID,2023-11-12,GPP,4.1373251169635665
ID,2023-11-12,ER,10.971567120540612
ID,2023-11-13,GPP,4.239462585404994
ID,2023-11-13,ER,9.695881264470644
ID,2023-11-14,GPP,2.8906703308683377
ID,2023-11-14,ER,10.405761103229413
ID,2023-11-15,GPP,3.167432357049656
ID,2023-11-15,ER,11.667478506818036
ID,2023-11-16,GPP,2.421675846795876
ID,2023-11-16,ER,11.071583427699768
ID,2023-11-17,GPP,3.1231569722861883
ID,2023-11-17,ER,10.155785487294986
ID,2023-11-18,GPP,4.1783626716506905
ID,2023-11-18,ER,10.05081526593493
ID,2023-11-19,GPP,3.857794822818506
ID,2023-11-19,ER,9.42737783917376
ID,2023-11-20,GPP,4.1683324723667505
ID,2023-11-20,ER,9.16101162677842
ID,2023-11-21,GPP,3.950666721256678
ID,2023-11-21,ER,9.34545554535084
ID,2023-11-22,GPP,2.6035672388239144
ID,2023-11-22,ER,9.15727981973784
ID,2023-11-23,GPP,3.947098618992884
ID,2023-11-23,ER,8.454368057333147
ID,2023-11-24,GPP,3.2563701960612694
ID,2023-11-24,ER,8.170635954225965
ID,2023-11-25,GPP,3.830949191557865
ID,2023-11-25,ER,8.357392335330719
ID,2023-11-26,GPP,0.9375617703312208
ID,2023-11-26,ER,10.070444909304255
ID,2023-11-27,GPP,4.307005133078269
ID,2023-11-27,ER,9.496101340947147
ID,2023-11-28,GPP,3.843085259863905
ID,2023-11-28,ER,8.260139473038931
ID,2023-11-29,GPP,3.631114118703419
ID,2023-11-29,ER,7.807358045847907
ID,2023-11-30,GPP,4.310356486972136
ID,2023-11-30,ER,7.861903760941216
ID,2023-12-01,GPP,3.967198245015797
ID,2023-12-01,ER,8.798218452064289
ID,2023-12-02,GPP,2.268453695828404
ID,2023-12-02,ER,9.846577688393104
ID,2023-12-03,GPP,2.4567579202630347
ID,2023-12-03,ER,10.794510166974328
ID,2023-12-04,GPP,3.526520829989174
ID,2023-12-04,ER,10.049668741301469
ID,2023-12-05,GPP,3.999453681035982
ID,2023-12-05,ER,10.007911712210564
ID,2023-12-06,GPP,3.5485327994274023
ID,2023-12-06,ER,10.684821195170583
ID,2023-12-07,GPP,3.828590366661908
ID,2023-12-07,ER,11.094192774095683
ID,2023-12-08,GPP,4.009349917075479
ID,2023-12-08,ER,12.59778077101458
ID,2023-12-09,GPP,4.206189848695869
ID,2023-12-09,ER,13.592443234939136
ID,2023-12-10,GPP,3.6757170688912786
ID,2023-12-10,ER,15.203799508790835
ID,2023-12-11,GPP,4.952462458667362
ID,2023-12-11,ER,14.858632043333182
ID,2023-12-12,GPP,4.136725745251955
ID,2023-12-12,ER,12.099935428126775
ID,2023-12-13,GPP,4.162984395701304
ID,2023-12-13,ER,12.757612188697294
ID,2023-12-14,GPP,4.582920177073547
ID,2023-12-14,ER,14.675295842966024
ID,2024-01-11,ER,3.86710822395394
ID,2024-01-12,GPP,3.4097499086381147
ID,2024-01-12,ER,14.809193375499706
ID,2024-01-13,GPP,8.287272793353853
ID,2024-01-13,ER,17.961291703248637
ID,2024-01-14,GPP,6.331027852168761
ID,2024-01-14,ER,5.581692593481953
ID,2024-01-15,GPP,5.260839040824952
ID,2024-01-15,ER,4.66443806009198
ID,2024-01-16,GPP,0.01115616006878949
ID,2024-01-16,ER,9.632292592825875
ID,2024-01-17,GPP,7.080947405203582
ID,2024-01-17,ER,18.91568922092781
ID,2024-01-18,GPP,2.2220425654808937
ID,2024-01-18,ER,7.589372534094368
ID,2024-01-19,GPP,3.334163916203575
ID,2024-01-19,ER,7.31780049414581
ID,2024-01-20,GPP,3.7193301932201623
ID,2024-01-20,ER,3.899042246369592
ID,2024-01-21,GPP,5.09956635240394
ID,2024-01-21,ER,3.766702832985652
ID,2024-01-22,GPP,4.325795818265704
ID,2024-01-22,ER,5.685839845806517
ID,2024-01-23,GPP,0.08724765626368006
ID,2024-01-23,ER,8.940438506265211
ID,2024-01-24,GPP,5.582515938479724
ID,2024-01-24,ER,10.379131708835416
ID,2024-01-25,GPP,7.721572389781249
ID,2024-01-25,ER,9.53261585388752
ID,2024-01-26,GPP,3.5069736104697324
ID,2024-01-26,ER,4.2822332307406334
ID,2024-01-27,GPP,8.81607917010754
ID,2024-01-27,ER,3.550135865389979
ID,2024-01-28,GPP,10.98851524383148
ID,2024-01-28,ER,0.7030017555177344
ID,2024-01-31,GPP,15.817230493162766
ID,2024-01-31,ER,15.203281882655428
ID,2024-02-01,GPP,17.791031461831434
ID,2024-02-01,ER,16.761066935063287
ID,2024-02-02,GPP,20.103316520123524
ID,2024-02-02,ER,20.36231382084755
ID,2024-02-03,GPP,19.839107142055777
ID,2024-02-03,ER,1.6113711890503444
ID,2024-02-04,GPP,12.046096067343294
ID,2024-02-04,ER,6.730477196221414
ID,2024-02-05,GPP,14.869810601840182
ID,2024-02-05,ER,13.200430067592247
ID,2024-02-06,GPP,3.0854205386331004
ID,2024-02-06,ER,11.157004207923189
ID,2024-02-07,GPP,3.785692361465995
ID,2024-02-07,ER,9.963550359376857
ID,2024-02-08,GPP,4.513586693705642
ID,2024-02-08,ER,10.03271055615938
ID,2024-02-09,GPP,4.119612612854801
ID,2024-02-09,ER,13.534566662874614
ID,2024-02-10,GPP,1.8424184617042592
ID,2024-02-10,ER,14.734690925439429
ID,2024-02-11,GPP,4.4362205910678725
ID,2024-02-11,ER,14.86392851379878
ID,2024-02-12,GPP,0.633096929494887
ID,2024-02-12,ER,19.07033013929079
ID,2024-02-13,GPP,7.633402220237639
ID,2024-02-13,ER,21.075464123237833
ID,2024-02-14,GPP,5.090520259560316
ID,2024-02-14,ER,14.916187836108763
ID,2024-02-15,GPP,4.333973023689014
ID,2024-02-15,ER,17.23000254059178
ID,2024-02-16,GPP,3.2013128749162267
ID,2024-02-16,ER,19.695147261092497
ID,2024-02-17,GPP,1.9568937049467725
ID,2024-02-17,ER,21.59255784150519
ID,2024-02-18,GPP,1.1385252062915954
ID,2024-02-18,ER,21.32256718496554
ID,2024-02-19,GPP,7.805988480968558
ID,2024-02-19,ER,15.17765337024636
ID,2024-02-20,GPP,7.132957475182409
ID,2024-02-20,ER,14.341215240528532
ID,2024-02-21,GPP,6.948120764082102
ID,2024-02-21,ER,13.940782637904462
ID,2024-02-22,GPP,5.762363263260269
ID,2024-02-22,ER,12.95618904991427
ID,2024-02-23,GPP,15.154847001248408
ID,2024-02-23,ER,12.557027280639836
ID,2024-02-24,GPP,2.367612905705655
ID,2024-02-24,ER,11.269671296571415
ID,2024-02-25,GPP,1.58440400238886
ID,2024-02-25,ER,8.798146425155162
ID,2024-02-26,GPP,2.650840787794024
ID,2024-02-26,ER,8.490620268239727
ID,2024-02-27,GPP,1.576422716883792
ID,2024-02-27,ER,7.980648392218508
ID,2024-02-28,GPP,0.5699195249090039
ID,2024-02-28,ER,8.005357346213042
ID,2024-02-29,GPP,0.8950319619359898
ID,2024-02-29,ER,10.224266183562072
ID,2024-03-01,GPP,3.068585917762499
ID,2024-03-01,ER,11.975636834388826
ID,2024-03-02,GPP,3.294740639663017
ID,2024-03-02,ER,16.9710966630774
ID,2024-03-03,GPP,8.730911664209064
ID,2024-03-03,ER,19.54728094661465
ID,2024-03-04,GPP,9.4382023479673
ID,2024-03-04,ER,19.232339280387844
ID,2024-03-05,GPP,3.3561178213251823
ID,2024-03-05,ER,20.768750645447675
ID,2024-03-06,GPP,8.873098947693103
ID,2024-03-06,ER,21.988822110755887
ID,2024-03-07,GPP,9.59850123541982
ID,2024-03-07,ER,20.298674658351047
ID,2024-03-08,GPP,9.032712352799926
ID,2024-03-08,ER,20.283511820226597
ID,2024-03-09,GPP,5.645506987452503
ID,2024-03-09,ER,21.879079885749128
ID,2024-03-10,GPP,11.297283389916402
ID,2024-03-10,ER,23.25217576045406
ID,2024-03-11,GPP,9.33553994636359
ID,2024-03-11,ER,16.232412185565465
ID,2024-03-12,GPP,10.17720970919478
ID,2024-03-12,ER,18.71425501320595
ID,2024-03-13,GPP,9.08410775044612
ID,2024-03-13,ER,20.876070949037217
ID,2024-03-14,GPP,7.737299682414575
ID,2024-03-14,ER,18.074995588817114
ID,2024-03-15,GPP,4.313170191222417
ID,2024-03-15,ER,16.08234608214853
ID,2024-03-16,GPP,17.404010929035195
ID,2024-03-16,ER,14.46125735881695
ID,2024-03-17,GPP,18.875828619255845
ID,2024-03-17,ER,13.398177391152846
ID,2024-03-18,GPP,12.544857348474029
ID,2024-03-18,ER,14.131203336554226
ID,2024-03-19,GPP,2.491835296175816
ID,2024-03-19,ER,14.24902007472269
ID,2024-03-20,GPP,0.5406264028667757
ID,2024-03-20,ER,10.072660572196805
ID,2024-03-21,GPP,0.05203346360396451
ID,2024-03-21,ER,9.599156531518092
ID,2024-03-22,GPP,4.253337491951591
ID,2024-03-22,ER,11.445732389153996
ID,2024-03-23,GPP,3.502752019111091
ID,2024-03-23,ER,22.937035188239797
ID,2024-03-24,GPP,1.128376826581333
ID,2024-03-24,ER,15.364903553692354
ID,2024-03-25,GPP,15.791014424513298
ID,2024-03-25,ER,10.901890157789836
ID,2024-03-26,GPP,15.097712548054403
ID,2024-03-26,ER,11.53726280259338
ID,2024-03-27,GPP,2.5615466718581885
ID,2024-03-27,ER,16.65748951162725
ID,2024-03-28,GPP,3.7488332544000422
ID,2024-03-28,ER,23.58434462030491
ID,2024-03-29,GPP,15.201018875030806
ID,2024-03-29,ER,11.277911379794718
ID,2024-03-30,GPP,14.206955054389782
ID,2024-03-30,ER,9.974900843781397
ID,2024-03-31,GPP,13.418154817314226
ID,2024-03-31,ER,8.303761972952541
ID,2024-04-01,GPP,11.265742206022562
ID,2024-04-01,ER,5.067752757174254
ID,2024-04-02,GPP,8.824635766010799
ID,2024-04-02,ER,6.0636695742560835
ID,2024-04-03,GPP,0.20158026131629964
ID,2024-04-03,ER,11.84491412055878
ID,2024-04-04,GPP,2.329561325675536
ID,2024-04-04,ER,31.71063605070096
ID,2024-04-05,GPP,6.42211120467762
ID,2024-04-05,ER,13.1412947093057
ID,2024-04-06,GPP,4.070574195765199
ID,2024-04-06,ER,13.678961973409097
ID,2024-04-07,GPP,4.876220051761841
ID,2024-04-07,ER,14.998626122385504
ID,2024-04-08,GPP,3.667419950885008
ID,2024-04-08,ER,14.810484765342366
ID,2024-04-09,GPP,3.789544112875382
ID,2024-04-09,ER,16.483399702198582
ID,2024-04-10,GPP,3.534269561526501
ID,2024-04-10,ER,16.72293203679249
ID,2024-04-11,GPP,3.859932166742913
ID,2024-04-11,ER,19.798177535574673
ID,2024-04-12,GPP,5.437004327556772
ID,2024-04-12,ER,24.19950646355708
ID,2024-04-13,GPP,6.202855600064678
ID,2024-04-13,ER,19.917975633569572
ID,2024-04-14,GPP,13.273907950713228
ID,2024-04-14,ER,22.81067037581941
ID,2024-04-15,GPP,10.361910280325136
ID,2024-04-15,ER,27.04815606025033
ID,2024-04-16,GPP,8.950775319616188
ID,2024-04-16,ER,30.3043273988568
ID,2024-04-17,GPP,12.63735877888012
ID,2024-04-17,ER,31.004273643705364
ID,2024-04-18,GPP,10.540851058645943
ID,2024-04-18,ER,15.545853867934612
ID,2024-04-19,GPP,11.689662502106774
ID,2024-04-19,ER,15.614234400937592
ID,2024-04-20,GPP,7.204852251446271
ID,2024-04-20,ER,12.453840010779082
ID,2024-04-21,GPP,10.462154770830455
ID,2024-04-21,ER,19.167047799234787
ID,2024-04-22,GPP,11.196462996115324
ID,2024-04-22,ER,12.458648468656882
ID,2024-04-23,GPP,7.097731453453057
ID,2024-04-23,ER,6.248137020641905
ID,2024-04-24,GPP,5.4161466281807735
ID,2024-04-24,ER,7.8024407741977395
ID,2024-04-25,GPP,5.388718491887805
ID,2024-04-25,ER,9.067101180029212
ID,2024-04-26,GPP,8.451115307195646
ID,2024-04-26,ER,13.530522506229335
ID,2024-04-27,GPP,3.3438589350815082
ID,2024-04-27,ER,7.426538550954061
ID,2024-04-28,GPP,2.7086890828389154
ID,2024-04-28,ER,5.1559054781974165
ID,2024-04-29,GPP,3.878168464867232
ID,2024-04-29,ER,6.113155542170776
ID,2024-04-30,GPP,6.470252667316945
ID,2024-04-30,ER,10.276169348871822
ID,2024-05-01,GPP,10.47892742450342
ID,2024-05-01,ER,13.78927556849566
ID,2024-05-02,GPP,8.920374473981504
ID,2024-05-02,ER,12.890944079787838
ID,2024-05-03,GPP,7.771053253176533
ID,2024-05-03,ER,8.640962288905335
ID,2024-05-04,GPP,3.009908239138986
ID,2024-05-04,ER,30.59119966804534
ID,2024-05-05,GPP,0.30606451881545105
ID,2024-05-05,ER,30.54790420115731
ID,2024-05-06,GPP,0.18968043338238735
ID,2024-05-06,ER,24.899904364384103
ID,2024-05-07,GPP,0.3431611147717008
ID,2024-05-07,ER,14.428394086451826
ID,2024-05-08,GPP,3.951582914324605
ID,2024-05-08,ER,10.58005418034926
ID,2024-05-09,GPP,5.792297431835426
ID,2024-05-09,ER,6.956686461379775
ID,2024-05-10,ER,8.334167420223695
ID,2024-05-11,GPP,12.25093014463682
ID,2024-05-11,ER,15.045520810116557
ID,2024-05-12,GPP,10.357476417293842
ID,2024-05-12,ER,7.600940741816806
ID,2024-05-13,GPP,8.219176662565255
ID,2024-05-13,ER,9.932893570568275
ID,2024-05-14,GPP,11.811196960152545
ID,2024-05-14,ER,19.7799642287699
ID,2024-05-15,GPP,11.923998131236678
ID,2024-05-15,ER,8.604547979765117
ID,2024-05-16,GPP,12.938535971047044
ID,2024-05-16,ER,10.369956593640463
ID,2024-05-17,GPP,7.060281630302056
ID,2024-05-17,ER,9.859883589384316
ID,2024-05-18,GPP,5.2236082633315055
ID,2024-05-18,ER,9.123287919880733
ID,2024-05-19,GPP,5.615078825531018
ID,2024-05-19,ER,7.958690521277573
ID,2024-05-20,GPP,1.3079948651107791
ID,2024-05-20,ER,7.834517265828338
ID,2024-05-21,GPP,1.0743072177601338
ID,2024-05-21,ER,8.93933450547258
ID,2024-05-22,ER,15.269398365716606
ID,2024-05-23,GPP,2.6839853998615206
ID,2024-05-23,ER,22.07686415470341
ID,2024-05-24,GPP,8.651586843290811
ID,2024-05-24,ER,25.80495373153206
ID,2024-05-25,GPP,11.140947260787328
ID,2024-05-25,ER,29.03208954103792
ID,2024-05-26,GPP,10.8503181232922
ID,2024-05-26,ER,28.6298853406848
ID,2024-05-27,GPP,9.762615996026234
ID,2024-05-27,ER,28.229007674391713
ID,2024-05-28,GPP,8.092597805248275
ID,2024-05-28,ER,28.52242932318224
ID,2024-05-29,GPP,8.881751991754467
ID,2024-05-29,ER,31.3343981954653
ID,2024-05-30,GPP,10.579566666811784
ID,2024-05-30,ER,31.044723286117105
ID,2024-05-31,GPP,12.708938583961231
ID,2024-05-31,ER,28.379653303911265
ID,2024-06-01,GPP,13.066030463598317
ID,2024-06-01,ER,29.635238677953847
ID,2024-06-02,GPP,10.030657598676196
ID,2024-06-02,ER,30.311714346494405
ID,2024-06-03,GPP,11.759079162165476
ID,2024-06-03,ER,13.569764542043426
ID,2024-06-04,GPP,8.571270226749487
ID,2024-06-04,ER,33.51195450455959
ID,2024-06-05,GPP,6.359858101759362
ID,2024-06-05,ER,32.69881485837404
ID,2024-06-06,GPP,4.965876954556926
ID,2024-06-06,ER,32.7969473138567
ID,2024-06-07,GPP,1.6228855108259113
ID,2024-06-07,ER,27.462049138191297
ID,2024-06-08,ER,22.972142387790115
ID,2024-06-09,GPP,0.18083132080700337
ID,2024-06-09,ER,19.37841809064285
ID,2024-06-10,GPP,0.9567729390785272
ID,2024-06-10,ER,15.853203204856497
ID,2024-06-11,GPP,4.15200846777085
ID,2024-06-11,ER,10.815329757067229
ID,2024-06-12,GPP,7.695080065738234
ID,2024-06-12,ER,8.476270685358584
ID,2024-06-13,GPP,14.432359307809485
ID,2024-06-13,ER,11.363032121369129
ID,2024-06-14,GPP,17.12455165567509
ID,2024-06-14,ER,11.371448923213428
ID,2024-06-15,GPP,18.033167559743273
ID,2024-06-15,ER,15.0826257476225
ID,2024-06-16,GPP,0.6892815896024025
ID,2024-06-16,ER,19.038109376222113
ID,2024-06-17,ER,25.077229208618466
LF,2022-04-01,GPP,5.924765897635102
LF,2022-04-01,ER,12.055311485230929
LF,2022-04-02,GPP,2.110558933033829
LF,2022-04-02,ER,11.090154322863322
LF,2022-04-03,GPP,5.246092094841369
LF,2022-04-03,ER,7.755025519788461
LF,2022-04-04,GPP,4.244497522447154
LF,2022-04-04,ER,8.570600692909473
LF,2022-04-05,GPP,4.637986847414847
LF,2022-04-05,ER,12.644292361790397
LF,2022-04-06,GPP,4.00154259661549
LF,2022-04-06,ER,17.351877681117614
LF,2022-04-07,GPP,5.106022801955638
LF,2022-04-07,ER,16.876629763487532
LF,2022-04-08,GPP,7.758128152958585
LF,2022-04-08,ER,10.04664604604902
LF,2022-04-09,GPP,7.269202952840627
LF,2022-04-09,ER,7.122681769595945
LF,2022-04-10,GPP,3.5722416345541546
LF,2022-04-10,ER,2.8063314879253376
LF,2022-04-11,GPP,3.3128474492074567
LF,2022-04-11,ER,5.404050494848376
LF,2022-04-12,GPP,3.808108481292259
LF,2022-04-12,ER,9.2233289838909
LF,2022-04-13,GPP,5.319413968378893
LF,2022-04-13,ER,11.318090840390724
LF,2022-04-14,GPP,4.721152627530189
LF,2022-04-14,ER,13.88633882436071
LF,2022-04-15,GPP,5.62363106679407
LF,2022-04-15,ER,15.588330001947847
LF,2022-04-16,GPP,5.341133708775247
LF,2022-04-16,ER,15.404494918061854
LF,2022-04-17,GPP,6.1876205877165855
LF,2022-04-17,ER,17.04104556906598
LF,2022-04-18,GPP,5.474355706054924
LF,2022-04-18,ER,14.163685095754184
LF,2022-04-19,GPP,8.402615178034903
LF,2022-04-19,ER,11.02006732548334
LF,2022-04-20,GPP,4.394821725174445
LF,2022-04-20,ER,5.040624986872203
LF,2022-04-21,GPP,5.260196701886805
LF,2022-04-21,ER,7.968537653040591
LF,2022-04-22,GPP,5.248175805584374
LF,2022-04-22,ER,8.3547965975565
LF,2022-04-23,GPP,5.234655064229887
LF,2022-04-23,ER,8.771529164646836
LF,2022-04-24,GPP,4.327587028849877
LF,2022-04-24,ER,8.873438421113315
LF,2022-04-25,GPP,4.730282760846098
LF,2022-04-25,ER,9.84192159956849
LF,2022-04-26,GPP,4.549261357825027
LF,2022-04-26,ER,9.034553801330086
LF,2022-04-27,GPP,4.867119434188416
LF,2022-04-27,ER,9.17770630688545
LF,2022-04-28,GPP,5.546130448896074
LF,2022-04-28,ER,8.840058331428247
LF,2022-04-29,GPP,2.9144337820701236
LF,2022-04-29,ER,6.679373564069396
LF,2022-05-02,GPP,4.894753006749498
LF,2022-05-02,ER,9.2636134881421
LF,2022-05-03,GPP,3.5640762347302104
LF,2022-05-03,ER,9.247957420929572
LF,2022-05-04,GPP,3.587597033669984
LF,2022-05-04,ER,9.45482055383681
LF,2022-05-05,GPP,3.149241122539796
LF,2022-05-05,ER,8.813210257101305
LF,2022-05-06,GPP,3.064822088214212
LF,2022-05-06,ER,8.930928303710754
LF,2022-05-07,GPP,3.597933697494362
LF,2022-05-07,ER,9.784160017837264
LF,2022-05-08,GPP,2.839032924743862
LF,2022-05-08,ER,8.772146109850434
LF,2022-05-09,GPP,2.8355791336683662
LF,2022-05-09,ER,8.72818035370857
LF,2022-05-10,GPP,2.4193487321942486
LF,2022-05-10,ER,7.967752701371318
LF,2022-05-11,GPP,2.183409783506455
LF,2022-05-11,ER,7.778829673345566
LF,2022-05-12,GPP,2.137115763716645
LF,2022-05-12,ER,8.481234564946007
LF,2022-05-13,GPP,2.7956476894151967
LF,2022-05-13,ER,9.651875701128564
LF,2022-05-14,GPP,2.231817970340255
LF,2022-05-14,ER,8.643272601325672
LF,2022-05-15,GPP,2.539093186395954
LF,2022-05-15,ER,9.067308658161371
LF,2022-05-16,GPP,2.1507846204691816
LF,2022-05-16,ER,8.548998679635904
LF,2022-05-17,GPP,2.5735952811983496
LF,2022-05-17,ER,9.217680433909418
LF,2022-05-20,GPP,2.758452980567076
LF,2022-05-20,ER,9.63338969693232
LF,2022-05-21,GPP,2.4288576044905006
LF,2022-05-21,ER,10.216159640381958
LF,2022-05-22,GPP,2.8453462469663915
LF,2022-05-22,ER,9.820952424170342
LF,2022-05-23,GPP,2.538559514949438
LF,2022-05-23,ER,10.077650252166396
LF,2022-05-24,GPP,2.093701312284952
LF,2022-05-24,ER,10.44780422709468
LF,2022-05-25,GPP,2.705387834945416
LF,2022-05-25,ER,10.880342336595652
LF,2022-05-26,GPP,2.6618381069890407
LF,2022-05-26,ER,10.752623215905816
LF,2022-05-27,GPP,1.4379515012715265
LF,2022-05-27,ER,10.21413303603435
LF,2022-05-28,GPP,1.8798274287795536
LF,2022-05-28,ER,9.67336466657111
LF,2022-05-29,GPP,1.2722780264184177
LF,2022-05-29,ER,9.51258822388431
LF,2022-05-30,GPP,1.836006650652284
LF,2022-05-30,ER,9.652405703169784
LF,2022-05-31,GPP,1.592040930911786
LF,2022-05-31,ER,10.160124935735
LF,2022-06-01,GPP,1.525551291637699
LF,2022-06-01,ER,9.706842694688763
LF,2022-06-02,GPP,1.3931554729521956
LF,2022-06-02,ER,8.948320966555194
LF,2022-06-03,GPP,1.7526833827383836
LF,2022-06-03,ER,9.363351601261355
LF,2022-06-04,GPP,1.991454814213728
LF,2022-06-04,ER,9.476585971479295
LF,2022-06-05,GPP,1.9808458684030343
LF,2022-06-05,ER,9.23144189658387
LF,2022-06-06,GPP,2.309745288445396
LF,2022-06-06,ER,10.126403321276886
LF,2022-06-07,GPP,1.9874296253044972
LF,2022-06-07,ER,9.453655468669483
LF,2022-06-08,GPP,2.100653238583951
LF,2022-06-08,ER,9.60627999126587
LF,2022-06-09,GPP,2.183062281224624
LF,2022-06-09,ER,9.753910946532958
LF,2022-06-10,GPP,1.7629395152333514
LF,2022-06-10,ER,9.535792149979503
LF,2022-06-11,GPP,1.7336734270536278
LF,2022-06-11,ER,8.91473905306478
LF,2022-06-12,GPP,1.1205995647903093
LF,2022-06-12,ER,8.635270478325694
LF,2022-06-13,GPP,1.3447522829929035
LF,2022-06-13,ER,8.6465922136373
LF,2022-06-14,GPP,1.4599173758282178
LF,2022-06-14,ER,8.545325837757854
LF,2022-06-15,GPP,1.6452707616264846
LF,2022-06-15,ER,8.919552247520823
LF,2022-06-16,GPP,1.9568087584387728
LF,2022-06-16,ER,9.219868751839286
LF,2022-06-17,GPP,2.5027914714624884
LF,2022-06-17,ER,9.468117554788762
LF,2022-06-18,GPP,2.8260702265652866
LF,2022-06-18,ER,9.98008231771359
LF,2022-06-19,GPP,1.9246130217560191
LF,2022-06-19,ER,9.982045417367448
LF,2022-06-20,GPP,2.30738487530028
LF,2022-06-20,ER,9.539095507941456
LF,2022-06-21,GPP,2.5136450086968036
LF,2022-06-21,ER,10.01335090321653
LF,2022-06-22,GPP,2.011585703621324
LF,2022-06-22,ER,9.984229996506286
LF,2022-06-23,GPP,2.4704150312042303
LF,2022-06-23,ER,10.046395291706393
LF,2022-06-24,GPP,1.718167225529967
LF,2022-06-24,ER,9.424803967540305
LF,2022-06-25,GPP,1.5403390178088978
LF,2022-06-25,ER,8.42979598439631
LF,2022-06-26,GPP,1.231351520412978
LF,2022-06-26,ER,8.669164127562127
LF,2022-06-27,GPP,1.2719415387428024
LF,2022-06-27,ER,8.669190133666552
LF,2022-06-28,GPP,3.122079770564241
LF,2022-06-28,ER,11.221355596205973
LF,2022-06-29,GPP,2.3268617518663888
LF,2022-06-29,ER,9.474476428217631
LF,2022-06-30,GPP,1.8556580217659469
LF,2022-06-30,ER,8.775254534244437
LF,2022-07-01,GPP,1.5188536257819047
LF,2022-07-01,ER,9.383286735747468
LF,2022-07-02,GPP,1.6428656872879734
LF,2022-07-02,ER,9.200995178961731
LF,2022-07-03,GPP,1.5773560083566056
LF,2022-07-03,ER,8.903064299129793
LF,2022-07-04,GPP,1.9023537970585065
LF,2022-07-04,ER,8.910343832741695
LF,2022-07-05,GPP,2.11141777387342
LF,2022-07-05,ER,9.590295295431808
LF,2022-07-06,GPP,2.227592210636874
LF,2022-07-06,ER,9.99986443950157
LF,2022-07-07,GPP,2.4330872315907595
LF,2022-07-07,ER,10.06195690485882
LF,2022-07-08,GPP,2.2543047902644284
LF,2022-07-08,ER,10.350428175253771
LF,2022-07-09,GPP,2.481534987442497
LF,2022-07-09,ER,10.273508581690662
LF,2022-07-10,GPP,1.2350641532307474
LF,2022-07-10,ER,9.850132915767768
LF,2022-07-11,GPP,1.2475200670102913
LF,2022-07-11,ER,9.33496903821687
LF,2022-07-12,GPP,1.9131090493491465
LF,2022-07-12,ER,8.572647784935079
LF,2022-07-13,GPP,1.8287321599885196
LF,2022-07-13,ER,8.845155641047606
LF,2022-07-14,GPP,2.3330403810334763
LF,2022-07-14,ER,8.625292851297365
LF,2022-07-15,GPP,2.6864034931809457
LF,2022-07-15,ER,8.744163997073965
LF,2022-07-16,GPP,3.283273682220585
LF,2022-07-16,ER,9.860577320827538
LF,2022-07-17,GPP,3.0697348062965446
LF,2022-07-17,ER,8.897808242876746
LF,2022-07-18,GPP,2.3527434905207913
LF,2022-07-18,ER,8.953267031617504
LF,2022-07-19,GPP,3.154616440587309
LF,2022-07-19,ER,9.433163423680346
LF,2022-07-20,GPP,1.794336145588485
LF,2022-07-20,ER,8.731823090256057
LF,2022-07-21,GPP,2.317695652919165
LF,2022-07-21,ER,8.184880401176557
LF,2022-07-22,GPP,2.473056682860504
LF,2022-07-22,ER,8.480784419436892
LF,2022-07-23,GPP,2.321997650544164
LF,2022-07-23,ER,8.012022505740276
LF,2022-07-24,GPP,1.5833480249397724
LF,2022-07-24,ER,7.997220961662793
LF,2022-07-25,GPP,2.759028455561423
LF,2022-07-25,ER,7.81811558119159
LF,2022-07-26,GPP,4.428540415668581
LF,2022-07-26,ER,8.415884036597852
LF,2022-07-27,GPP,3.1490037136377085
LF,2022-07-27,ER,8.421389166098033
LF,2022-07-28,GPP,4.481492774180116
LF,2022-07-28,ER,8.52404748995649
LF,2022-07-29,GPP,4.371431646410835
LF,2022-07-29,ER,8.233290434794633
LF,2022-07-30,GPP,4.552497871462158
LF,2022-07-30,ER,8.34424770717253
LF,2022-07-31,GPP,4.243692921818806
LF,2022-07-31,ER,8.38947794669812
LF,2022-08-01,GPP,3.778450745979741
LF,2022-08-01,ER,8.40099779235345
LF,2022-08-02,GPP,3.969081572594775
LF,2022-08-02,ER,8.465808001028677
LF,2022-08-03,GPP,3.638736871116983
LF,2022-08-03,ER,8.41557719662292
LF,2022-08-04,GPP,3.766017953023019
LF,2022-08-04,ER,8.539195230632506
LF,2022-08-05,GPP,3.6174650030779114
LF,2022-08-05,ER,8.40849457894629
LF,2022-08-06,GPP,3.3168791370003325
LF,2022-08-06,ER,8.45136666737703
LF,2022-08-07,GPP,4.014915900469645
LF,2022-08-07,ER,8.347507576161293
LF,2022-08-08,GPP,4.264691014484945
LF,2022-08-08,ER,7.745776632206096
LF,2022-08-24,GPP,5.118939884739519
LF,2022-08-24,ER,8.379925417073558
LF,2022-08-25,GPP,3.7484880680510617
LF,2022-08-25,ER,8.405915021905518
LF,2022-08-26,GPP,4.3613686255684
LF,2022-08-26,ER,8.410743897683766
LF,2022-08-27,GPP,5.125794287271331
LF,2022-08-27,ER,9.029283747523444
LF,2022-08-28,GPP,4.739375653524906
LF,2022-08-28,ER,8.910131249040296
LF,2022-08-29,GPP,4.843840123433519
LF,2022-08-29,ER,8.538133418534201
LF,2022-08-30,GPP,3.658585754950644
LF,2022-08-30,ER,8.508467934243527
LF,2022-08-31,GPP,5.000074099455777
LF,2022-08-31,ER,8.280016358639207
LF,2022-09-01,GPP,4.937898457086246
LF,2022-09-01,ER,9.404799129318144
LF,2022-09-02,GPP,4.884677115579684
LF,2022-09-02,ER,8.585770371372966
LF,2022-09-03,GPP,3.494630108913303
LF,2022-09-03,ER,8.355418544170039
LF,2022-09-04,GPP,3.6187991149990513
LF,2022-09-04,ER,8.169970318343644
LF,2022-09-05,GPP,4.202927236517396
LF,2022-09-05,ER,8.553051777058231
LF,2022-09-06,GPP,4.344953359552975
LF,2022-09-06,ER,8.649618199018457
LF,2022-09-07,GPP,2.9706341539287404
LF,2022-09-07,ER,8.708194847861694
LF,2022-09-19,GPP,7.05627964280785
LF,2022-09-19,ER,8.246089801294069
LF,2022-09-20,GPP,4.301274740615187
LF,2022-09-20,ER,8.115774175157043
LF,2022-09-21,GPP,4.232447905196363
LF,2022-09-21,ER,7.7702003960621635
LF,2022-09-22,GPP,4.247599704871819
LF,2022-09-22,ER,7.487068632802086
LF,2022-09-23,GPP,4.437371732950095
LF,2022-09-23,ER,8.108134679850131
LF,2022-09-24,GPP,4.119334426553093
LF,2022-09-24,ER,6.965915737307535
LF,2022-09-25,GPP,3.8360709154903327
LF,2022-09-25,ER,6.774208883292058
LF,2022-09-26,GPP,3.925968269338555
LF,2022-09-26,ER,7.083804179406047
LF,2022-09-27,GPP,5.177370157488448
LF,2022-09-27,ER,8.555954063948123
LF,2022-09-28,GPP,0.549001721816564
LF,2022-09-28,ER,6.4107565464794485
LF,2022-09-29,GPP,2.846599879903568
LF,2022-09-29,ER,6.81983743005163
LF,2022-09-30,GPP,2.849840200643066
LF,2022-09-30,ER,7.413393552609861
LF,2022-10-01,GPP,2.6757216191866826
LF,2022-10-01,ER,6.923187913509267
LF,2022-10-02,GPP,3.1549029371867774
LF,2022-10-02,ER,6.997529745242067
LF,2022-10-03,GPP,2.676264257705886
LF,2022-10-03,ER,6.646963549822895
LF,2022-10-04,GPP,2.8069789341599476
LF,2022-10-04,ER,6.255558741327331
LF,2022-10-05,GPP,3.2341021991455756
LF,2022-10-05,ER,6.5606872480947995
LF,2022-10-06,GPP,3.280682601139288
LF,2022-10-06,ER,6.568221302918949
LF,2022-10-07,GPP,3.25983230653501
LF,2022-10-07,ER,7.062738685075731
LF,2022-10-08,GPP,3.26714434271471
LF,2022-10-08,ER,7.445813210768951
LF,2022-10-09,GPP,3.1885502252602396
LF,2022-10-09,ER,7.5689004604982175
LF,2022-10-10,GPP,3.351414313779656
LF,2022-10-10,ER,8.070739893173299
LF,2022-10-11,GPP,2.7022623317953154
LF,2022-10-11,ER,8.751349032895469
LF,2022-10-12,GPP,3.366268740287042
LF,2022-10-12,ER,9.545628279435276
LF,2022-10-13,GPP,3.2349781009783287
LF,2022-10-13,ER,9.733175865567672
LF,2022-10-14,GPP,3.1765434168336584
LF,2022-10-14,ER,8.96758285419872
LF,2022-10-15,GPP,2.3405494102314934
LF,2022-10-15,ER,8.26848614814056
LF,2022-10-16,GPP,2.527999973135734
LF,2022-10-16,ER,9.096952082114017
LF,2022-10-17,GPP,2.5627793055136987
LF,2022-10-17,ER,9.774994401924427
LF,2022-10-18,GPP,3.673634392757127
LF,2022-10-18,ER,10.223704416271104
LF,2022-10-19,GPP,2.2207227907200924
LF,2022-10-19,ER,8.839393699029815
LF,2022-10-20,GPP,2.3636302822670885
LF,2022-10-20,ER,10.209489871832156
LF,2022-10-21,GPP,2.700273131110242
LF,2022-10-21,ER,9.657758056288175
LF,2022-10-22,GPP,0.9326177028984304
LF,2022-10-22,ER,9.141492001164869
LF,2022-10-23,GPP,2.0543165468108167
LF,2022-10-23,ER,8.809852807909731
LF,2022-10-24,GPP,2.709631179695905
LF,2022-10-24,ER,8.55737045378317
LF,2022-10-25,GPP,3.304634921921579
LF,2022-10-25,ER,9.10068153721548
LF,2022-10-26,GPP,2.508029879281302
LF,2022-10-26,ER,9.723032042625086
LF,2022-10-27,GPP,3.3742576859177333
LF,2022-10-27,ER,9.563951496124645
LF,2022-10-28,GPP,3.1296622544753068
LF,2022-10-28,ER,10.356914297744858
LF,2022-10-29,GPP,2.15001600006319
LF,2022-10-29,ER,11.345445960443802
LF,2022-10-30,GPP,2.430964294811107
LF,2022-10-30,ER,11.69252627910239
LF,2022-10-31,GPP,1.8614689442578372
LF,2022-10-31,ER,12.50503877617972
LF,2022-11-08,GPP,3.3461610736364484
LF,2022-11-08,ER,12.051874311335997
LF,2022-11-10,GPP,1.8799807456637172
LF,2022-11-10,ER,12.321648345585578
LF,2022-11-11,GPP,3.4985523410649297
LF,2022-11-11,ER,13.644952159702806
LF,2022-11-12,GPP,2.597488527049373
LF,2022-11-12,ER,9.983532494575304
LF,2022-11-13,GPP,2.6905442753105326
LF,2022-11-13,ER,10.806585236603922
LF,2022-11-14,GPP,0.6575879506603454
LF,2022-11-14,ER,11.140454155501024
LF,2022-11-15,GPP,6.387887966378953
LF,2022-11-15,ER,19.586491698330317
LF,2022-11-16,GPP,3.7621531037658422
LF,2022-11-16,ER,12.606024863001943
LF,2022-11-19,GPP,2.64083503098877
LF,2022-11-19,ER,7.35345884137932
LF,2022-11-20,GPP,2.445751234756197
LF,2022-11-20,ER,8.016822385790057
LF,2022-11-21,GPP,3.408583529847645
LF,2022-11-21,ER,7.739610952086329
LF,2022-11-22,GPP,4.090255913035617
LF,2022-11-22,ER,12.06046024442422
LF,2022-11-23,GPP,4.866038662481031
LF,2022-11-23,ER,12.078075059924997
LF,2022-11-24,GPP,4.092234316140916
LF,2022-11-24,ER,11.440729346160465
LF,2022-11-25,GPP,4.145650267273733
LF,2022-11-25,ER,12.089442341556346
LF,2022-11-26,GPP,2.9176536317338746
LF,2022-11-26,ER,11.251723866993103
LF,2022-11-27,GPP,1.9605310345208913
LF,2022-11-27,ER,9.837910715770828
LF,2022-11-28,GPP,2.520746123169672
LF,2022-11-28,ER,8.439015088627574
LF,2022-11-29,GPP,2.7286461284159023
LF,2022-11-29,ER,9.403591221252752
LF,2022-11-30,GPP,1.9303687867926311
LF,2022-11-30,ER,10.374072234440076
LF,2022-12-01,GPP,5.292460660283028
LF,2022-12-01,ER,14.448651715800532
LF,2022-12-02,ER,15.879606949761174
LF,2022-12-03,GPP,6.117292390772392
LF,2022-12-03,ER,20.5096771535781
LF,2022-12-04,GPP,2.99548534721157
LF,2022-12-04,ER,12.339855846890806
LF,2022-12-05,GPP,4.785498608162481
LF,2022-12-05,ER,11.90998127855866
LF,2022-12-06,GPP,4.819243668779668
LF,2022-12-06,ER,11.723227669188011
LF,2022-12-07,GPP,3.828241600827787
LF,2022-12-07,ER,10.526489952387449
LF,2022-12-08,GPP,3.665255109624402
LF,2022-12-08,ER,10.315548209028137
LF,2022-12-09,GPP,4.002131637439336
LF,2022-12-09,ER,10.750218282975974
LF,2022-12-10,GPP,3.900760079436421
LF,2022-12-10,ER,10.38656465398915
LF,2022-12-11,GPP,3.662807583271406
LF,2022-12-11,ER,10.42782665382693
LF,2022-12-12,GPP,3.3245997531296707
LF,2022-12-12,ER,9.935119331344058
LF,2022-12-13,GPP,3.330113741439946
LF,2022-12-13,ER,9.85035008158722
LF,2022-12-14,GPP,3.4198462192504406
LF,2022-12-14,ER,8.79128106593765
LF,2022-12-15,GPP,1.0088527540866703
LF,2022-12-15,ER,9.6917157935809
LF,2022-12-16,GPP,3.776804414219816
LF,2022-12-16,ER,6.252431850119214
LF,2022-12-17,GPP,3.629551304960218
LF,2022-12-17,ER,8.480543615055025
LF,2022-12-18,GPP,4.700080880237624
LF,2022-12-18,ER,8.175996243962574
LF,2022-12-19,GPP,3.157506450663476
LF,2022-12-19,ER,4.778607544253594
LF,2022-12-20,GPP,3.51097751787358
LF,2022-12-20,ER,8.87568749683043
LF,2022-12-21,GPP,6.255909795292059
LF,2022-12-21,ER,10.96109234515879
LF,2022-12-22,GPP,5.68850462997797
LF,2022-12-22,ER,8.677953299603265
LF,2022-12-23,GPP,4.371697840216217
LF,2022-12-23,ER,9.09409303112098
LF,2022-12-24,GPP,3.043421635129229
LF,2022-12-24,ER,2.6021198140275765
LF,2022-12-25,GPP,2.7367419644886706
LF,2022-12-25,ER,2.2160256706617023
LF,2022-12-26,GPP,2.2622700386124026
LF,2022-12-26,ER,3.5763666513547605
LF,2022-12-27,GPP,1.8148253331088344
LF,2022-12-27,ER,4.697281247493736
LF,2022-12-28,GPP,1.8237303668223377
LF,2022-12-28,ER,5.29176874810157
LF,2022-12-29,GPP,2.9500515146281843
LF,2022-12-29,ER,6.454243831813672
LF,2022-12-30,GPP,3.956490915169037
LF,2022-12-30,ER,8.776624300937868
LF,2022-12-31,GPP,2.7164703109493527
LF,2022-12-31,ER,10.873214219389466
LF,2023-01-01,GPP,4.9089516091850465
LF,2023-01-01,ER,10.608576371588253
LF,2023-01-02,GPP,4.7286389380092695
LF,2023-01-02,ER,10.148189164787622
LF,2023-01-03,GPP,5.383480549663349
LF,2023-01-03,ER,10.764004694749104
LF,2023-01-04,GPP,4.646623092820603
LF,2023-01-04,ER,12.366543578989251
LF,2023-01-05,GPP,5.548222902325133
LF,2023-01-05,ER,10.835399332219804
LF,2023-01-06,GPP,3.996653205138467
LF,2023-01-06,ER,8.009804877285129
LF,2023-01-07,GPP,2.5027858175744107
LF,2023-01-07,ER,5.8213739641244775
LF,2023-01-08,GPP,2.8559016787771245
LF,2023-01-08,ER,7.406758953442192
LF,2023-01-09,GPP,3.688556795196839
LF,2023-01-09,ER,9.862201954642646
LF,2023-01-10,GPP,3.896546008402439
LF,2023-01-10,ER,8.078049334208742
LF,2023-01-11,GPP,2.8674440769469207
LF,2023-01-11,ER,7.454851600889807
LF,2023-01-12,GPP,3.5110038538659323
LF,2023-01-12,ER,8.1745266680966715
LF,2023-01-13,GPP,4.12237914532892
LF,2023-01-13,ER,10.035141460243343
LF,2023-01-14,GPP,3.7455124164020215
LF,2023-01-14,ER,4.444909403476293
LF,2023-01-15,GPP,3.266038036578734
LF,2023-01-15,ER,3.454052617976162
LF,2023-01-16,GPP,3.202939732542431
LF,2023-01-16,ER,5.696957722907609
LF,2023-01-17,GPP,3.982585686505927
LF,2023-01-17,ER,8.115703155314838
LF,2023-01-18,GPP,5.960002785281931
LF,2023-01-18,ER,10.327902709093657
LF,2023-01-19,GPP,5.338493873417799
LF,2023-01-19,ER,9.137733387756596
LF,2023-01-20,GPP,6.64627791641465
LF,2023-01-20,ER,11.064585351669727
LF,2023-01-21,GPP,3.296584237878923
LF,2023-01-21,ER,8.428876580573379
LF,2023-01-22,GPP,4.539883190332105
LF,2023-01-22,ER,9.055311676400247
LF,2023-01-23,GPP,4.106926309734998
LF,2023-01-23,ER,8.13415496045135
LF,2023-01-24,GPP,4.005157970439637
LF,2023-01-24,ER,6.280841739187659
LF,2023-01-25,GPP,2.7133508532958546
LF,2023-01-25,ER,8.53680083083289
LF,2023-01-26,GPP,5.0112105566014415
LF,2023-01-26,ER,7.303389829174729
LF,2023-01-27,GPP,4.036618083257416
LF,2023-01-27,ER,4.337639571934335
LF,2023-01-28,GPP,3.833776500190484
LF,2023-01-28,ER,3.9596677979691
LF,2023-01-29,GPP,4.923600593906905
LF,2023-01-29,ER,7.171834231763114
LF,2023-01-30,GPP,6.836221714322648
LF,2023-01-30,ER,10.698663506107913
LF,2023-01-31,GPP,7.1932628936602265
LF,2023-01-31,ER,10.250898600759962
LF,2023-02-01,GPP,7.00855173209759
LF,2023-02-01,ER,9.496950871428142
LF,2023-02-02,GPP,8.040507960737992
LF,2023-02-02,ER,9.696326907416864
LF,2023-02-03,GPP,5.46755732796435
LF,2023-02-03,ER,10.743169858403622
LF,2023-02-04,GPP,4.714426901608762
LF,2023-02-04,ER,3.985231409974059
LF,2023-02-05,GPP,6.053679057771565
LF,2023-02-05,ER,5.917280120366426
LF,2023-02-06,GPP,5.99311921148251
LF,2023-02-06,ER,6.395961002285593
LF,2023-02-07,GPP,4.342167060127233
LF,2023-02-07,ER,4.667029734201685
LF,2023-02-08,GPP,4.52792038850279
LF,2023-02-08,ER,8.135879707013792
LF,2023-02-09,GPP,5.375938512088742
LF,2023-02-09,ER,9.81356747267554
LF,2023-02-10,GPP,5.761555804229275
LF,2023-02-10,ER,12.743585350708871
LF,2023-02-11,GPP,3.1082567008835635
LF,2023-02-11,ER,9.723097399803947
LF,2023-02-12,GPP,7.135150498137158
LF,2023-02-12,ER,10.496949214403816
LF,2023-02-13,GPP,5.750962534657171
LF,2023-02-13,ER,4.811117132412547
LF,2023-02-14,GPP,6.933196648851482
LF,2023-02-14,ER,7.405882828737619
LF,2023-02-15,GPP,8.154296820263951
LF,2023-02-15,ER,10.692179998531396
LF,2023-02-16,GPP,7.773791401295331
LF,2023-02-16,ER,11.953106772503393
LF,2023-02-17,GPP,5.000062140550603
LF,2023-02-17,ER,12.50607198290538
LF,2023-02-18,GPP,6.833488896027249
LF,2023-02-18,ER,6.88616163184214
LF,2023-02-19,GPP,3.942110826855698
LF,2023-02-19,ER,5.906090213271287
LF,2023-02-20,GPP,5.442381483653229
LF,2023-02-20,ER,10.237331230796665
LF,2023-02-21,GPP,5.194755551678607
LF,2023-02-21,ER,10.92597516585779
LF,2023-02-22,GPP,5.807459576134691
LF,2023-02-22,ER,7.725354090669448
LF,2023-02-23,GPP,6.423311936681024
LF,2023-02-23,ER,7.158180017644003
LF,2023-02-24,GPP,6.97785603537275
LF,2023-02-24,ER,8.937501690698637
LF,2023-02-25,GPP,7.168790849746292
LF,2023-02-25,ER,7.477544658624215
LF,2023-02-26,GPP,7.226230645915426
LF,2023-02-26,ER,8.258139468898172
LF,2023-02-27,GPP,6.854230726570512
LF,2023-02-27,ER,8.216974718730029
LF,2023-02-28,GPP,6.370211618979252
LF,2023-02-28,ER,9.770906114977018
LF,2023-03-01,GPP,7.083322171091279
LF,2023-03-01,ER,9.28692938139494
LF,2023-03-02,GPP,7.748913176335099
LF,2023-03-02,ER,8.932056313030829
LF,2023-03-03,GPP,7.94727309197657
LF,2023-03-03,ER,9.95368291912633
LF,2023-03-04,GPP,4.840872045215066
LF,2023-03-04,ER,13.2323675385873
LF,2023-03-05,GPP,6.8927601032058545
LF,2023-03-05,ER,8.9324333511062
LF,2023-03-06,GPP,6.0809975587150715
LF,2023-03-06,ER,8.367300257063613
LF,2023-03-07,GPP,5.928892464980769
LF,2023-03-07,ER,9.519120006887231
LF,2023-03-08,GPP,6.558833269043555
LF,2023-03-08,ER,8.597401436258464
LF,2023-03-09,GPP,5.706627409159692
LF,2023-03-09,ER,5.810601915000367
LF,2023-03-10,GPP,5.553617024957706
LF,2023-03-10,ER,7.18700830806642
LF,2023-03-11,GPP,6.953474229610643
LF,2023-03-11,ER,8.083887047678752
LF,2023-03-12,GPP,5.255605323999848
LF,2023-03-12,ER,5.509951340201352
LF,2023-03-13,GPP,3.653998243430883
LF,2023-03-13,ER,6.872571991761379
LF,2023-03-14,GPP,5.648485182372841
LF,2023-03-14,ER,3.711472214928061
LF,2023-03-15,GPP,5.38976303699508
LF,2023-03-15,ER,4.285749025987695
LF,2023-03-16,GPP,6.455279230540501
LF,2023-03-16,ER,5.852605782504964
LF,2023-03-17,GPP,8.60082288090008
LF,2023-03-17,ER,9.3619285080212
LF,2023-03-18,GPP,4.3569497871515095
LF,2023-03-18,ER,10.123206009580894
LF,2023-03-19,GPP,6.105927768510955
LF,2023-03-19,ER,2.0800915039053285
LF,2023-03-20,GPP,5.082932636400308
LF,2023-03-20,ER,2.259232844278569
LF,2023-03-21,GPP,6.094635128518253
LF,2023-03-21,ER,4.040063808874117
LF,2023-03-22,GPP,5.835495701662436
LF,2023-03-22,ER,6.273602545662252
LF,2023-03-23,GPP,5.684888982826863
LF,2023-03-23,ER,6.021833936357319
LF,2023-03-24,GPP,5.975638078505041
LF,2023-03-24,ER,6.5248821663363135
LF,2023-03-25,GPP,6.472092254759334
LF,2023-03-25,ER,8.35638312256055
LF,2023-03-26,GPP,6.814763794049267
LF,2023-03-26,ER,9.55402246407815
LF,2023-03-27,GPP,6.986493618372373
LF,2023-03-27,ER,9.241972886727256
LF,2023-03-28,GPP,5.418159410525679
LF,2023-03-28,ER,9.6253021239562635
LF,2023-03-29,GPP,7.60423209074276
LF,2023-03-29,ER,9.026032405730753
LF,2023-03-30,GPP,6.586069534183297
LF,2023-03-30,ER,7.844568735155396
LF,2023-03-31,GPP,7.248733306713298
LF,2023-03-31,ER,7.983301840068554
LF,2023-04-01,GPP,7.527500447615517
LF,2023-04-01,ER,10.059656629946408
LF,2023-04-02,GPP,9.38611306118987
LF,2023-04-02,ER,10.97009654318984
LF,2023-04-03,GPP,7.577955129337522
LF,2023-04-03,ER,7.851310814651848
LF,2023-04-04,GPP,6.867275828936975
LF,2023-04-04,ER,8.304557105334254
LF,2023-04-05,GPP,7.679112622831351
LF,2023-04-05,ER,8.450611073736685
LF,2023-04-09,GPP,6.803523091414962
LF,2023-04-09,ER,9.598481983094816
LF,2023-04-13,GPP,4.766726146348927
LF,2023-04-13,ER,7.065537809701146
LF,2023-04-14,GPP,8.133345169592499
LF,2023-04-14,ER,9.460261718490807
LF,2023-04-15,GPP,6.561803356484642
LF,2023-04-15,ER,8.023724937058061
LF,2023-04-16,GPP,8.429242663570674
LF,2023-04-16,ER,10.014704460911146
LF,2023-04-17,GPP,7.981551486353712
LF,2023-04-17,ER,9.91451469334734
LF,2023-04-18,GPP,5.502063915236543
LF,2023-04-18,ER,6.54963761705019
LF,2023-04-19,GPP,6.052748933451159
LF,2023-04-19,ER,7.431127351920597
LF,2023-04-20,GPP,6.030417527125484
LF,2023-04-20,ER,6.938548922717613
LF,2023-04-21,GPP,6.092183731342449
LF,2023-04-21,ER,6.608849416588587
LF,2023-04-22,GPP,6.290254337833503
LF,2023-04-22,ER,8.028348325863798
LF,2023-04-23,GPP,7.077130137885696
LF,2023-04-23,ER,8.569898511730793
LF,2023-04-24,GPP,4.025392293812607
LF,2023-04-24,ER,9.1202733825995
LF,2023-04-25,GPP,5.648111170009551
LF,2023-04-25,ER,9.18653618906893
LF,2023-04-26,GPP,6.574601503717467
LF,2023-04-26,ER,10.614059907678593
LF,2023-04-27,GPP,8.08205717364482
LF,2023-04-27,ER,11.083992592446595
LF,2023-04-28,GPP,8.879916086346777
LF,2023-04-28,ER,13.38840082215117
LF,2023-04-29,GPP,6.714981419033307
LF,2023-04-29,ER,10.772589511685291
LF,2023-04-30,GPP,6.706962748850113
LF,2023-04-30,ER,10.644288426921948
LF,2023-05-01,GPP,6.9301302410051475
LF,2023-05-01,ER,6.829726041676583
LF,2023-05-02,GPP,7.619818536527771
LF,2023-05-02,ER,10.464646441942538
LF,2023-05-03,GPP,6.807932968184077
LF,2023-05-03,ER,10.636450039257532
LF,2023-05-04,GPP,6.398413030104237
LF,2023-05-04,ER,9.260660768259877
LF,2023-05-05,GPP,6.2894881974984
LF,2023-05-05,ER,8.718252004686883
LF,2023-05-06,GPP,6.593074896633016
LF,2023-05-06,ER,10.039933277240806
LF,2023-05-07,GPP,5.866240591701283
LF,2023-05-07,ER,9.47070709564592
LF,2023-05-08,GPP,5.932739335458939
LF,2023-05-08,ER,9.0646839618416
LF,2023-05-09,GPP,7.787026540602904
LF,2023-05-09,ER,10.544752193990048
LF,2023-05-10,GPP,7.657544923683242
LF,2023-05-10,ER,12.036379771205914
LF,2023-05-11,GPP,7.939917165773883
LF,2023-05-11,ER,13.575695525431955
LF,2023-05-12,GPP,8.323014714817203
LF,2023-05-12,ER,13.502481521627764
LF,2023-05-13,GPP,8.866486194279075
LF,2023-05-13,ER,14.046622865888205
LF,2023-05-14,GPP,9.161247539736914
LF,2023-05-14,ER,14.284484880214888
LF,2023-05-15,GPP,7.996413716037217
LF,2023-05-15,ER,13.705713852588676
LF,2023-05-16,GPP,8.498839523377763
LF,2023-05-16,ER,12.535595609384323
LF,2023-05-17,GPP,7.902851299431974
LF,2023-05-17,ER,12.465660695335234
LF,2023-05-18,GPP,6.738155412749881
LF,2023-05-18,ER,11.507720915827583
LF,2023-05-19,GPP,6.8692305617570355
LF,2023-05-19,ER,12.141042379429352
LF,2023-05-20,GPP,6.077628841606771
LF,2023-05-20,ER,11.426522065453716
LF,2023-05-21,GPP,5.347578031445467
LF,2023-05-21,ER,11.947965401198529
LF,2023-05-22,GPP,5.96574986610669
LF,2023-05-22,ER,10.552389670165274
LF,2023-05-23,GPP,5.064003131977407
LF,2023-05-23,ER,10.342086911797516
LF,2023-05-24,GPP,6.892750214241316
LF,2023-05-24,ER,12.858437548835589
LF,2023-05-25,GPP,6.413091318770033
LF,2023-05-25,ER,10.907830350981698
LF,2023-05-26,GPP,4.363928067766677
LF,2023-05-26,ER,11.267146722677442
LF,2023-05-27,GPP,5.164649904911984
LF,2023-05-27,ER,8.087790679790398
LF,2023-05-28,GPP,6.6303010623968754
LF,2023-05-28,ER,10.111350396672655
LF,2023-05-29,GPP,7.890646383123441
LF,2023-05-29,ER,11.085452941442268
LF,2023-05-30,GPP,9.311353834408973
LF,2023-05-30,ER,12.521149282794484
LF,2023-05-31,GPP,7.849042979744405
LF,2023-05-31,ER,12.36387424253319
LF,2023-06-01,GPP,7.346024588200954
LF,2023-06-01,ER,11.546101009886463
LF,2023-06-02,GPP,7.880498091477551
LF,2023-06-02,ER,11.02749902050304
LF,2023-06-03,GPP,6.806527791478539
LF,2023-06-03,ER,10.143006344842108
LF,2023-06-04,GPP,6.416976127961042
LF,2023-06-04,ER,10.851305437744267
LF,2023-06-05,GPP,7.083731769284615
LF,2023-06-05,ER,9.584641385022918
LF,2023-06-06,GPP,7.790777578760045
LF,2023-06-06,ER,9.474122652809482
LF,2023-06-07,GPP,6.8232730087695455
LF,2023-06-07,ER,10.254430254755183
LF,2023-06-08,GPP,8.502990668480336
LF,2023-06-08,ER,11.417948795236711
LF,2023-06-09,GPP,6.544527155736975
LF,2023-06-09,ER,12.332656511355516
LF,2023-06-10,GPP,7.864083308921659
LF,2023-06-10,ER,12.948900966970204
LF,2023-06-11,GPP,8.736627549850413
LF,2023-06-11,ER,12.998650652023066
LF,2023-06-12,GPP,8.443242942514061
LF,2023-06-12,ER,12.337721452743027
LF,2023-06-13,GPP,8.409815023689859
LF,2023-06-13,ER,12.58783906285933
LF,2023-06-14,GPP,7.862227745578948
LF,2023-06-14,ER,11.1586004572419
LF,2023-06-15,GPP,9.158485914084045
LF,2023-06-15,ER,12.012734486804296
LF,2023-06-16,GPP,6.89274926129219
LF,2023-06-16,ER,10.265058142933627
LF,2023-06-17,GPP,6.1413241900812245
LF,2023-06-17,ER,9.055421516369982
LF,2023-06-18,GPP,7.455479989618744
LF,2023-06-18,ER,10.031839328384958
LF,2023-06-19,GPP,7.0543857887361
LF,2023-06-19,ER,10.057441315408733
LF,2023-06-20,GPP,7.818396704356953
LF,2023-06-20,ER,5.756668490766172
LF,2023-06-21,GPP,5.681219925954829
LF,2023-06-21,ER,12.242436364733807
LF,2023-06-22,GPP,2.6564692778228935
LF,2023-06-22,ER,5.441879066890399
LF,2023-06-23,GPP,2.7113258769849775
LF,2023-06-23,ER,6.699131291962328
LF,2023-06-24,GPP,5.089499325408423
LF,2023-06-24,ER,10.948756943943032
LF,2023-06-25,GPP,4.145892700653035
LF,2023-06-25,ER,9.545531436172157
LF,2023-06-26,GPP,4.524853342581156
LF,2023-06-26,ER,9.646432777235391
LF,2023-06-27,GPP,4.298958577375128
LF,2023-06-27,ER,10.035095780312416
LF,2023-06-28,GPP,4.00253834403532
LF,2023-06-28,ER,9.911860678573538
LF,2023-06-29,GPP,4.6362428339397965
LF,2023-06-29,ER,9.808218538136003
LF,2023-06-30,GPP,4.742101327804567
LF,2023-06-30,ER,9.496441674140897
LF,2023-07-01,GPP,5.048462493157896
LF,2023-07-01,ER,9.44112771052846
LF,2023-07-02,GPP,4.80746346535537
LF,2023-07-02,ER,9.824448932188895
LF,2023-07-03,GPP,4.857931998964157
LF,2023-07-03,ER,10.090056200050372
LF,2023-07-04,GPP,4.782114190854226
LF,2023-07-04,ER,9.848348964904952
LF,2023-07-05,GPP,5.175747793287287
LF,2023-07-05,ER,9.732927914834644
LF,2023-07-06,GPP,4.924416669622452
LF,2023-07-06,ER,9.8483336992133
LF,2023-07-07,GPP,3.947005051484521
LF,2023-07-07,ER,9.715238646770525
LF,2023-07-08,GPP,5.256536486765534
LF,2023-07-08,ER,9.377264692299017
LF,2023-07-09,GPP,4.41604940591183
LF,2023-07-09,ER,9.208500901624884
LF,2023-07-10,GPP,3.0123753109631655
LF,2023-07-10,ER,8.773194855848455
LF,2023-07-11,GPP,4.4527395610196034
LF,2023-07-11,ER,8.11397133746888
LF,2023-07-12,GPP,4.938117684238923
LF,2023-07-12,ER,8.336190102767764
LF,2023-07-13,GPP,5.657216433085539
LF,2023-07-13,ER,8.447427035876819
LF,2023-07-14,GPP,3.2418354229865276
LF,2023-07-14,ER,8.340673268235234
LF,2023-07-15,GPP,4.819714366212455
LF,2023-07-15,ER,8.001991358011688
LF,2023-07-16,GPP,4.091320859214078
LF,2023-07-16,ER,8.801327732911462
LF,2023-07-17,GPP,6.131121970282981
LF,2023-07-17,ER,8.99006639374119
LF,2023-07-18,GPP,5.00536416110904
LF,2023-07-18,ER,8.726791431819896
LF,2023-07-19,GPP,5.560880555762449
LF,2023-07-19,ER,8.963297312634882
LF,2023-07-20,GPP,4.989993822179469
LF,2023-07-20,ER,9.081856060752932
LF,2023-07-21,GPP,5.126949614308888
LF,2023-07-21,ER,9.306142196605537
LF,2023-07-22,GPP,5.165463802332085
LF,2023-07-22,ER,9.506177153565492
LF,2023-07-23,GPP,2.300170036195728
LF,2023-07-23,ER,9.248031173666016
LF,2023-07-24,GPP,4.972928804717081
LF,2023-07-24,ER,9.321079377528456
LF,2023-07-25,GPP,5.442642123657188
LF,2023-07-25,ER,10.03039827957366
LF,2023-07-26,GPP,5.493371506806439
LF,2023-07-26,ER,11.230569085096764
LF,2023-07-27,GPP,6.034405158335904
LF,2023-07-27,ER,10.230802156034825
LF,2023-07-28,GPP,4.926893380062668
LF,2023-07-28,ER,10.588457024865706
LF,2023-07-29,GPP,6.296658659050945
LF,2023-07-29,ER,10.098271092390192
LF,2023-07-30,GPP,7.381491623461581
LF,2023-07-30,ER,10.118423005313709
LF,2023-07-31,GPP,6.953669582721189
LF,2023-07-31,ER,10.379708845949953
LF,2023-08-01,GPP,6.788137416822614
LF,2023-08-01,ER,9.83286370717374
LF,2023-08-02,GPP,7.398672979882071
LF,2023-08-02,ER,11.157756060415537
LF,2023-08-03,GPP,7.334121549673383
LF,2023-08-03,ER,10.710031469676393
LF,2023-08-04,GPP,6.980749354253132
LF,2023-08-04,ER,10.919280249847978
LF,2023-08-05,GPP,5.804647479284318
LF,2023-08-05,ER,11.243693950049494
LF,2023-08-06,GPP,7.321206868302429
LF,2023-08-06,ER,10.509490501644164
LF,2023-08-07,GPP,6.590490406757363
LF,2023-08-07,ER,10.872121662883464
LF,2023-08-08,GPP,6.303640310569863
LF,2023-08-08,ER,10.564235598370852
LF,2023-08-09,GPP,6.400429612763675
LF,2023-08-09,ER,10.432617720994465
LF,2023-08-10,GPP,6.169218433254091
LF,2023-08-10,ER,9.830857563884406
LF,2023-08-11,GPP,6.785380410078517
LF,2023-08-11,ER,9.8903322385698
LF,2023-08-12,GPP,7.055384886070634
LF,2023-08-12,ER,10.133305538948717
LF,2023-08-13,GPP,7.209726013015352
LF,2023-08-13,ER,9.989425818945255
LF,2023-08-14,GPP,4.291815419288302
LF,2023-08-14,ER,10.098660468231463
LF,2023-08-15,GPP,5.8716708729350575
LF,2023-08-15,ER,9.148688786677557
LF,2023-08-16,GPP,6.993132163168718
LF,2023-08-16,ER,9.259280798079386
LF,2023-08-17,GPP,6.3089046477123345
LF,2023-08-17,ER,9.5112617368108765
LF,2023-08-18,GPP,6.4564649549810875
LF,2023-08-18,ER,9.36977865786085
LF,2023-08-19,GPP,6.9731764070012066
LF,2023-08-19,ER,9.682859034983352
LF,2023-08-20,GPP,6.801593521101508
LF,2023-08-20,ER,9.851813956730876
LF,2023-08-21,GPP,7.905355764821304
LF,2023-08-21,ER,9.728200103766518
LF,2023-08-22,GPP,7.248228256256114
LF,2023-08-22,ER,9.6206687754760285
LF,2023-08-23,GPP,7.821696358502288
LF,2023-08-23,ER,10.456487846409834
LF,2023-08-24,GPP,7.919934527234211
LF,2023-08-24,ER,11.10297844872636
LF,2023-08-25,GPP,8.05786449026482
LF,2023-08-25,ER,11.690018415989757
LF,2023-08-26,GPP,8.019797705407148
LF,2023-08-26,ER,10.7479255842844
LF,2023-08-27,GPP,7.667734312768269
LF,2023-08-27,ER,10.68190953853615
LF,2023-08-28,GPP,8.216778055199377
LF,2023-08-28,ER,9.925368400456804
LF,2023-08-29,GPP,8.691121754647693
LF,2023-08-29,ER,11.436246611532416
LF,2023-08-30,GPP,7.411857717891425
LF,2023-08-30,ER,8.077337414596645
LF,2023-08-31,GPP,7.365071339087919
LF,2023-08-31,ER,11.657693312461411
LF,2023-09-01,GPP,4.350925135071737
LF,2023-09-01,ER,8.882650725825686
LF,2023-09-02,GPP,4.934722418727813
LF,2023-09-02,ER,9.302455740958
LF,2023-09-03,GPP,5.722177447722228
LF,2023-09-03,ER,9.80790217999052
LF,2023-09-04,GPP,5.9399769553539725
LF,2023-09-04,ER,9.832035959984774
LF,2023-09-05,GPP,5.758757857828331
LF,2023-09-05,ER,8.886235952052369
LF,2023-09-06,GPP,5.448209387306121
LF,2023-09-06,ER,9.046464169917623
LF,2023-09-07,GPP,5.099406781098227
LF,2023-09-07,ER,9.367512607468212
LF,2023-09-08,GPP,5.7556601439920705
LF,2023-09-08,ER,9.646721453185943
LF,2023-09-09,GPP,5.089615148397795
LF,2023-09-09,ER,9.15492278362806
LF,2023-09-10,GPP,5.14067766757902
LF,2023-09-10,ER,9.037126973277957
LF,2023-09-11,GPP,5.650212776854472
LF,2023-09-11,ER,9.194198667850374
LF,2023-09-12,GPP,5.195287162603347
LF,2023-09-12,ER,8.861645172185948
LF,2023-09-13,GPP,5.776596375927185
LF,2023-09-13,ER,9.497739951646375
LF,2023-09-14,GPP,5.648344291015994
LF,2023-09-14,ER,9.575410309973709
LF,2023-09-15,GPP,1.0659807870270357
LF,2023-09-15,ER,9.05123328267874
LF,2023-09-27,GPP,6.0595152136261214
LF,2023-09-27,ER,8.838232146155452
LF,2023-09-28,GPP,3.54421061307498
LF,2023-09-28,ER,8.972027839381456
LF,2023-09-29,GPP,3.994241308486867
LF,2023-09-29,ER,9.084288492321978
LF,2023-09-30,GPP,4.009151976711604
LF,2023-09-30,ER,9.39798668085194
LF,2023-10-01,GPP,3.01635102300562
LF,2023-10-01,ER,9.372817490111352
LF,2023-10-02,GPP,3.4107309191553816
LF,2023-10-02,ER,9.29282335058765
LF,2023-10-03,GPP,3.556730985132012
LF,2023-10-03,ER,9.6609711870791
LF,2023-10-04,GPP,3.7212064372687825
LF,2023-10-04,ER,9.773485162718318
LF,2023-10-05,GPP,3.421502911800079
LF,2023-10-05,ER,9.638140458747714
LF,2023-10-06,GPP,3.6285702532844057
LF,2023-10-06,ER,9.429226086302297
LF,2023-10-07,GPP,3.3102840381214365
LF,2023-10-07,ER,9.44768907105146
LF,2023-10-08,GPP,3.766591649203972
LF,2023-10-08,ER,8.109367194828826
LF,2023-10-09,GPP,3.312087667852864
LF,2023-10-09,ER,7.896529833123382
LF,2023-10-10,GPP,3.186572813950839
LF,2023-10-10,ER,7.532208184246455
LF,2023-10-11,GPP,1.808129926775843
LF,2023-10-11,ER,8.668911438363015
LF,2023-10-12,GPP,0.9575071518314509
LF,2023-10-12,ER,8.185217569893199
LF,2023-10-13,GPP,4.453157768583039
LF,2023-10-13,ER,10.432746684851624
LF,2023-10-14,GPP,3.2786061386444185
LF,2023-10-14,ER,9.145194258164596
LF,2023-10-15,GPP,3.592567921513617
LF,2023-10-15,ER,8.364665159049535
LF,2023-10-16,GPP,3.450783584535805
LF,2023-10-16,ER,7.198202674152561
LF,2023-10-17,GPP,3.0520084876564404
LF,2023-10-17,ER,6.761796368210598
LF,2023-10-18,GPP,2.807081133398448
LF,2023-10-18,ER,6.825937443369417
LF,2023-10-19,GPP,2.8381710362995656
LF,2023-10-19,ER,6.466376767908812
LF,2023-10-20,GPP,2.6268760543570835
LF,2023-10-20,ER,7.011575395620129
LF,2023-10-21,GPP,3.2043727849222745
LF,2023-10-21,ER,8.15509826798125
LF,2023-10-22,GPP,2.9297274249995953
LF,2023-10-22,ER,6.479125413332703
LF,2023-10-23,GPP,3.71083493189337
LF,2023-10-23,ER,8.295373923442543
LF,2023-10-24,GPP,2.9475012102172484
LF,2023-10-24,ER,8.078614848901998
LF,2023-10-25,GPP,3.1402974688922214
LF,2023-10-25,ER,8.794666124042728
LF,2023-10-26,GPP,4.2402869445890365
LF,2023-10-26,ER,9.616381245782357
LF,2023-10-27,GPP,3.8931759660374703
LF,2023-10-27,ER,9.008553548317684
LF,2023-10-28,GPP,3.411310691680314
LF,2023-10-28,ER,8.669253346994143
LF,2023-10-29,GPP,3.4645015392021468
LF,2023-10-29,ER,8.88552183771153
LF,2023-10-30,GPP,3.2124173727734813
LF,2023-10-30,ER,8.76217863974487
LF,2023-10-31,GPP,2.88847545304096
LF,2023-10-31,ER,9.13297792165997
LF,2023-11-01,GPP,2.0349598138397877
LF,2023-11-01,ER,8.912941116554515
LF,2023-11-02,GPP,0.23456292010144608
LF,2023-11-02,ER,9.685983851154177
LF,2023-11-03,GPP,3.3867700813133346
LF,2023-11-03,ER,16.669989081979438
LF,2023-11-04,GPP,2.483185176017821
LF,2023-11-04,ER,11.38582736878685
LF,2023-11-05,GPP,2.068863514489383
LF,2023-11-05,ER,8.682703301108553
LF,2023-11-06,GPP,2.6233568664723896
LF,2023-11-06,ER,8.407800842558066
LF,2023-11-07,GPP,2.694314275709583
LF,2023-11-07,ER,8.393124273818472
LF,2023-11-08,GPP,2.127645027509705
LF,2023-11-08,ER,7.914106658281031
LF,2023-11-09,GPP,2.934475696752436
LF,2023-11-09,ER,8.966180609312747
LF,2023-11-10,GPP,3.6106937133476418
LF,2023-11-10,ER,9.655985179048129
LF,2023-11-11,GPP,3.2708521008084848
LF,2023-11-11,ER,10.36721143806741
LF,2023-11-12,GPP,1.7578903458912332
LF,2023-11-12,ER,10.623802271892629
LF,2023-11-13,GPP,1.030598556396628
LF,2023-11-13,ER,11.248060695358456
LF,2023-11-15,GPP,4.179960593495723
LF,2023-11-15,ER,14.798190562539371
LF,2023-11-16,GPP,1.587793257401559
LF,2023-11-16,ER,12.203547507006776
LF,2023-11-17,GPP,2.7296980326661493
LF,2023-11-17,ER,12.10187210354107
LF,2023-11-18,GPP,2.559931053089972
LF,2023-11-18,ER,11.389356495632091
LF,2023-11-19,GPP,1.7818322522703385
LF,2023-11-19,ER,10.50175883302238
LF,2023-11-20,GPP,2.082177923382765
LF,2023-11-20,ER,10.369356561846145
LF,2023-11-21,GPP,3.0975622279027792
LF,2023-11-21,ER,10.050358465442796
LF,2023-11-22,GPP,2.941202043701037
LF,2023-11-22,ER,10.697515123012517
LF,2023-11-23,GPP,0.9272758145887716
LF,2023-11-23,ER,6.91113968925772
LF,2023-11-24,GPP,1.0129915260930735
LF,2023-11-24,ER,9.896828738609234
LF,2023-11-25,GPP,0.939721549152931
LF,2023-11-25,ER,10.178224140712317
LF,2023-11-26,GPP,1.7177667130188845
LF,2023-11-26,ER,11.402718047099372
LF,2023-11-27,GPP,1.7681777246487218
LF,2023-11-27,ER,9.26413830995315
LF,2023-11-28,GPP,0.19418467990737084
LF,2023-11-28,ER,6.945272737279698
LF,2023-11-29,GPP,0.2817060686591602
LF,2023-11-29,ER,7.355754028064755
LF,2023-11-30,ER,8.08524807066645
LF,2023-12-01,GPP,0.8734844211408707
LF,2023-12-01,ER,8.962312289605775
LF,2023-12-02,GPP,2.2964978475949125
LF,2023-12-02,ER,9.63581179468176
LF,2023-12-03,GPP,1.1101849884226258
LF,2023-12-03,ER,10.525082698747354
LF,2023-12-04,GPP,2.4929456134927577
LF,2023-12-04,ER,9.634657490496494
LF,2023-12-05,GPP,1.4420241525095174
LF,2023-12-05,ER,8.510583649809723
LF,2023-12-06,GPP,0.9675172657611004
LF,2023-12-06,ER,8.879789296455924
LF,2023-12-07,GPP,1.3516922855282638
LF,2023-12-07,ER,7.351721852719717
LF,2023-12-08,GPP,2.3122990149713853
LF,2023-12-08,ER,8.780509847894148
LF,2023-12-09,GPP,4.885579855993856
LF,2023-12-09,ER,10.761373517126406
LF,2023-12-10,GPP,4.967872591414781
LF,2023-12-10,ER,12.046222812131491
LF,2023-12-11,GPP,5.053232980387906
LF,2023-12-11,ER,9.454718399557
LF,2023-12-12,GPP,1.618133535643609
LF,2023-12-12,ER,5.985082236969107
LF,2023-12-13,GPP,1.1615780431033826
LF,2023-12-13,ER,7.508166273532439
LF,2023-12-14,GPP,1.4656176877254663
LF,2023-12-14,ER,7.864617127162952
LF,2023-12-15,GPP,2.294732602992152
LF,2023-12-15,ER,8.51111907381573
LF,2023-12-16,ER,4.932871900856941
LF,2023-12-17,GPP,0.7676090821837915
LF,2023-12-17,ER,1.6368680438054908
LF,2023-12-18,GPP,2.488717601394495
LF,2023-12-18,ER,6.014287431578033
LF,2023-12-19,GPP,2.679987191736928
LF,2023-12-19,ER,4.171750637533243
LF,2023-12-20,GPP,2.0158384579945494
LF,2023-12-20,ER,2.62501884666477
LF,2023-12-21,GPP,2.137577368901731
LF,2023-12-21,ER,3.500084488758767
LF,2023-12-22,GPP,2.451377598511887
LF,2023-12-22,ER,4.48792909937631
LF,2023-12-23,GPP,1.6708429167191123
LF,2023-12-23,ER,4.559841436653884
LF,2023-12-24,GPP,1.6661349060111217
LF,2023-12-24,ER,4.9017938176190174
LF,2023-12-25,GPP,1.038180203314829
LF,2023-12-25,ER,8.3956272991831
LF,2023-12-26,GPP,0.9209856435692492
LF,2023-12-26,ER,10.031862393511654
LF,2023-12-27,GPP,2.7061081648217327
LF,2023-12-27,ER,6.882610832471298
LF,2023-12-28,GPP,1.054740350212941
LF,2023-12-28,ER,3.573579128300144
LF,2023-12-29,GPP,2.8026952542572428
LF,2023-12-29,ER,2.1448334990415856
LF,2023-12-30,GPP,1.9478681307882633
LF,2023-12-30,ER,14.90617774676472
LF,2023-12-31,GPP,2.0223872758901194
LF,2023-12-31,ER,14.88915477272265
LF,2024-01-01,GPP,2.448365374655151
LF,2024-01-01,ER,1.31201914026542
LF,2024-01-02,GPP,2.9285115020520474
LF,2024-01-02,ER,0.5813681084843878
LF,2024-01-03,GPP,3.920218943780742
LF,2024-01-03,ER,0.5365016195533153
LF,2024-01-04,GPP,2.21255808270586
LF,2024-01-04,ER,0.46603651179871913
LF,2024-01-05,GPP,4.0935478097023585
LF,2024-01-05,ER,0.5749830793484693
LF,2024-01-06,GPP,1.5655174483224874
LF,2024-01-06,ER,4.6527612759622565
LF,2024-01-07,GPP,4.949394036376287
LF,2024-01-07,ER,2.6986607284255006
LF,2024-01-08,GPP,2.226803564174592
LF,2024-01-08,ER,0.4431653661204769
LF,2024-01-09,GPP,0.3207383217820009
LF,2024-01-09,ER,3.262814507365717
LF,2024-01-10,GPP,3.220956671583665
LF,2024-01-10,ER,16.481256961082504
LF,2024-01-11,GPP,2.855837117495267
LF,2024-01-11,ER,14.790787462208453
LF,2024-01-12,GPP,0.1972781337108875
LF,2024-01-12,ER,2.678847752831089
LF,2024-01-13,GPP,7.100328664173615
LF,2024-01-13,ER,6.3443416257020395
LF,2024-01-14,GPP,3.3539437310716185
LF,2024-01-14,ER,16.745605315204426
LF,2024-01-15,GPP,3.0563862591320508
LF,2024-01-15,ER,0.03180052474427697
LF,2024-01-16,ER,3.369728992859678
LF,2024-01-17,GPP,4.689500109397474
LF,2024-01-17,ER,17.445340559100945
LF,2024-01-18,GPP,2.2786719542765854
LF,2024-01-18,ER,14.331420342977104
LF,2024-01-19,GPP,1.1606377104599828
LF,2024-01-19,ER,12.822300847488052
LF,2024-01-20,GPP,2.5597374528847214
LF,2024-01-20,ER,14.731616777910096
LF,2024-01-21,GPP,3.1859965107474006
LF,2024-01-21,ER,15.595920647859096
LF,2024-01-22,GPP,4.592993330251309
LF,2024-01-22,ER,15.134043927632144
LF,2024-01-23,GPP,2.065396351249474
LF,2024-01-23,ER,3.212844260353812
LF,2024-01-24,GPP,2.8223121925502745
LF,2024-01-24,ER,6.461032554377237
LF,2024-01-25,GPP,3.3163809856622937
LF,2024-01-25,ER,8.411349879468343
LF,2024-01-26,GPP,3.912522245091061
LF,2024-01-26,ER,8.926976877461152
LF,2024-01-27,GPP,4.1899043031665455
LF,2024-01-27,ER,9.275898559594568
LF,2024-01-28,GPP,6.092662024765931
LF,2024-01-28,ER,7.743708741593242
LF,2024-01-29,GPP,6.196980810745567
LF,2024-01-29,ER,2.3506375021326553
LF,2024-01-30,GPP,3.5419782976505187
LF,2024-01-30,ER,0.1408080857557823
LF,2024-01-31,GPP,3.1907932186674106
LF,2024-01-31,ER,1.2605637324219423
LF,2024-02-01,GPP,5.090112510209548
LF,2024-02-01,ER,2.076203670266184
LF,2024-02-02,GPP,4.253936225818878
LF,2024-02-02,ER,3.140535995203785
LF,2024-02-03,GPP,4.662933929772409
LF,2024-02-03,ER,3.2952533769965515
LF,2024-02-04,GPP,2.7030047034317484
LF,2024-02-04,ER,5.347466691494327
LF,2024-02-05,GPP,4.267748514518427
LF,2024-02-05,ER,3.991126802128313
LF,2024-02-06,GPP,4.501014237273945
LF,2024-02-06,ER,1.35646428419057
LF,2024-02-07,GPP,4.914171335124233
LF,2024-02-07,ER,0.7571974091263748
LF,2024-02-08,GPP,4.742131482764827
LF,2024-02-08,ER,1.9309424285910088
LF,2024-02-09,GPP,3.739424987878697
LF,2024-02-09,ER,3.3367308655068655
LF,2024-02-10,GPP,3.5532526340357795
LF,2024-02-10,ER,4.098677407028734
LF,2024-02-11,GPP,3.7382244912399183
LF,2024-02-11,ER,5.2418024529724025
LF,2024-02-12,GPP,3.4264112376586264
LF,2024-02-12,ER,8.005715899470342
LF,2024-02-13,GPP,7.785663833472149
LF,2024-02-13,ER,4.32629992557701
LF,2024-02-14,GPP,5.057137947075845
LF,2024-02-14,ER,0.6606478986356003
LF,2024-02-15,GPP,3.854539830727582
LF,2024-02-15,ER,2.194352683648592
LF,2024-02-16,GPP,3.7540312433491185
LF,2024-02-16,ER,3.9634882840864343
LF,2024-02-17,GPP,1.783104083471572
LF,2024-02-17,ER,5.725557717313044
LF,2024-02-18,GPP,3.677177836674704
LF,2024-02-18,ER,3.200283839037954
LF,2024-02-19,GPP,5.016514352653507
LF,2024-02-19,ER,20.51887155267895
LF,2024-02-20,GPP,3.893358710791431
LF,2024-02-20,ER,1.1192323985733517
LF,2024-02-21,GPP,4.13388836011323
LF,2024-02-21,ER,1.4270099372468916
LF,2024-02-22,GPP,4.345597435307215
LF,2024-02-22,ER,2.177723610565261
LF,2024-02-23,GPP,2.1433423103462
LF,2024-02-23,ER,4.62519904689455
LF,2024-02-24,GPP,5.942419216712796
LF,2024-02-24,ER,4.704212147608926
LF,2024-02-25,GPP,5.295682180888662
LF,2024-02-25,ER,3.9385296074225336
LF,2024-02-26,GPP,4.309255734472428
LF,2024-02-26,ER,2.7404120636567573
LF,2024-02-27,GPP,4.295098007745155
LF,2024-02-27,ER,4.202141393135941
LF,2024-02-28,GPP,4.225278571572983
LF,2024-02-28,ER,5.860601902553793
LF,2024-02-29,GPP,6.53674451760056
LF,2024-02-29,ER,7.657366748561154
LF,2024-03-01,GPP,2.5425730251148733
LF,2024-03-01,ER,4.952237124818597
LF,2024-03-02,GPP,3.2980763467222336
LF,2024-03-02,ER,8.124711107758506
LF,2024-03-03,GPP,3.8255315484646695
LF,2024-03-03,ER,8.341300371486392
LF,2024-03-04,GPP,3.9575727233724254
LF,2024-03-04,ER,7.754234762900191
LF,2024-03-05,GPP,2.543724353217818
LF,2024-03-05,ER,8.775771988618356
LF,2024-03-06,GPP,4.7746783322541555
LF,2024-03-06,ER,9.152053285467549
LF,2024-03-07,GPP,4.442123982091277
LF,2024-03-07,ER,7.934559159111657
LF,2024-03-08,GPP,3.5529128659821563
LF,2024-03-08,ER,7.70339081417722
LF,2024-03-09,GPP,2.7734840970529455
LF,2024-03-09,ER,10.17392213137534
LF,2024-03-10,GPP,5.8855993021040565
LF,2024-03-10,ER,8.065851187737872
LF,2024-03-11,GPP,4.287232736108358
LF,2024-03-11,ER,3.5138252422899523
LF,2024-03-12,GPP,2.064597192588024
LF,2024-03-12,ER,3.124677527451613
LF,2024-03-13,GPP,3.408430410418417
LF,2024-03-13,ER,5.495560037772319
LF,2024-03-14,GPP,2.96073583155592
LF,2024-03-14,ER,5.083032526054202
LF,2024-03-15,GPP,3.103338992322239
LF,2024-03-15,ER,6.3870106861894005
LF,2024-03-16,GPP,3.3264162635113266
LF,2024-03-16,ER,8.913124117444392
LF,2024-03-17,GPP,4.399907385866982
LF,2024-03-17,ER,10.354074641428449
LF,2024-03-18,GPP,3.1141701663452905
LF,2024-03-18,ER,10.314622047603486
LF,2024-03-19,GPP,6.358526361806273
LF,2024-03-19,ER,4.699539185474869
LF,2024-03-20,GPP,3.788475182705181
LF,2024-03-20,ER,0.6097490174520019
LF,2024-03-21,GPP,5.035734959314459
LF,2024-03-21,ER,2.690735843445669
LF,2024-03-22,GPP,1.7863315925895893
LF,2024-03-22,ER,7.339498018894275
LF,2024-03-23,GPP,2.8109953332343798
LF,2024-03-23,ER,8.059501407369089
LF,2024-03-24,GPP,4.154824501314164
LF,2024-03-24,ER,4.694518372387446
LF,2024-03-25,GPP,1.20583438845729
LF,2024-03-25,ER,2.126555238110607
LF,2024-03-26,GPP,1.9706054733016225
LF,2024-03-26,ER,6.045395861972399
LF,2024-03-27,GPP,1.3458895620051634
LF,2024-03-27,ER,10.29254573093723
LF,2024-03-28,GPP,4.269288698027038
LF,2024-03-28,ER,10.144372378728628
LF,2024-03-29,GPP,3.4578779967781577
LF,2024-03-29,ER,3.183502870800637
LF,2024-03-30,GPP,4.080148641592825
LF,2024-03-30,ER,4.163221344737726
LF,2024-03-31,GPP,2.0350853010962933
LF,2024-03-31,ER,4.349865905149088
LF,2024-04-01,GPP,2.461370479874531
LF,2024-04-01,ER,6.536145085167076
LF,2024-04-02,GPP,2.74380316374039
LF,2024-04-02,ER,8.831649396203256
LF,2024-04-03,GPP,2.56827943164153
LF,2024-04-03,ER,11.637900283829657
LF,2024-04-04,GPP,5.009286552904937
LF,2024-04-04,ER,4.435974365685158
LF,2024-04-05,GPP,4.9252055133449755
LF,2024-04-05,ER,3.7895663260637127
LF,2024-04-06,GPP,4.210350688370897
LF,2024-04-06,ER,3.719790947323263
LF,2024-04-07,GPP,3.4698228915222376
LF,2024-04-07,ER,2.358443905604795
LF,2024-04-08,GPP,2.8534553396602593
LF,2024-04-08,ER,3.963604742484089
LF,2024-04-09,GPP,3.6418891856202382
LF,2024-04-09,ER,8.129633421744014
LF,2024-04-10,GPP,3.784483363253367
LF,2024-04-10,ER,10.509665728637476
LF,2024-04-11,GPP,3.715764477940826
LF,2024-04-11,ER,13.005335129685102
LF,2024-04-12,GPP,4.817882321569882
LF,2024-04-12,ER,9.369824239806094
LF,2024-04-13,GPP,4.551852977768253
LF,2024-04-13,ER,6.3841584411646055
LF,2024-04-14,GPP,1.722885214978359
LF,2024-04-14,ER,4.361456341430384
LF,2024-04-15,GPP,2.753277795758702
LF,2024-04-15,ER,8.489228388660464
LF,2024-04-16,GPP,2.7148919196417194
LF,2024-04-16,ER,9.057004000663769
LF,2024-04-17,GPP,1.723772482559491
LF,2024-04-17,ER,10.457063368240105
LF,2024-04-18,GPP,0.8807179663932388
LF,2024-04-18,ER,9.95145341093226
LF,2024-04-19,GPP,6.410717016546748
LF,2024-04-19,ER,9.532788035376218
LF,2024-05-02,GPP,1.514537491185281
LF,2024-05-02,ER,12.92819341227842
LF,2024-05-03,GPP,3.228914528917924
LF,2024-05-03,ER,13.76948151604658
LF,2024-05-04,GPP,2.470897309633795
LF,2024-05-04,ER,15.572708590842884
LF,2024-05-05,GPP,3.628968661999154
LF,2024-05-05,ER,16.400602906028332
LF,2024-05-06,GPP,4.041538489767658
LF,2024-05-06,ER,15.751941389470574
LF,2024-05-07,GPP,4.2105812802398574
LF,2024-05-07,ER,15.788036324458158
LF,2024-05-08,GPP,4.256306536769708
LF,2024-05-08,ER,14.852394841005504
LF,2024-05-09,GPP,4.024639826962426
LF,2024-05-09,ER,14.883438636080523
LF,2024-05-10,GPP,3.489823327034646
LF,2024-05-10,ER,15.4483935862299
LF,2024-05-11,GPP,4.542147005478477
LF,2024-05-11,ER,14.295047790997812
LF,2024-05-12,GPP,2.503646367403544
LF,2024-05-12,ER,9.597423550973796
LF,2024-05-13,GPP,1.5681286506998933
LF,2024-05-13,ER,9.530988291585034
LF,2024-05-14,GPP,3.784563150107563
LF,2024-05-14,ER,11.979390423514156
LF,2024-05-15,GPP,2.9198359024424945
LF,2024-05-15,ER,11.72875753768382
LF,2024-05-16,GPP,2.9227965333134023
LF,2024-05-16,ER,9.892496570088886
LF,2024-05-17,GPP,2.282372611052434
LF,2024-05-17,ER,9.720621447188144
LF,2024-05-18,GPP,2.6637865517925774
LF,2024-05-18,ER,10.945409417948818
LF,2024-05-19,GPP,3.76769186932169
LF,2024-05-19,ER,11.751233925294118
LF,2024-05-20,GPP,3.2506240922954963
LF,2024-05-20,ER,11.045031839323029
LF,2024-05-21,GPP,3.34156803203314
LF,2024-05-21,ER,9.960952493777944
LF,2024-05-22,GPP,3.2801030359475174
LF,2024-05-22,ER,12.358909017235025
LF,2024-05-23,GPP,4.6029337082958435
LF,2024-05-23,ER,13.44241076452958
LF,2024-05-24,GPP,4.445022584470265
LF,2024-05-24,ER,13.057190164420664
LF,2024-06-06,GPP,1.6351239645022606
LF,2024-06-06,ER,1.5278232030948338
LF,2024-06-07,GPP,3.808981179714357
LF,2024-06-07,ER,2.6070128044574736
LF,2024-06-08,GPP,4.548323785991382
LF,2024-06-08,ER,9.71232157676371
LF,2024-06-09,GPP,2.8379347666047807
LF,2024-06-09,ER,14.564556087016802
LF,2024-06-10,GPP,3.0110644581165764
LF,2024-06-10,ER,14.222699593947215
LF,2024-06-11,GPP,0.9723573675184496
LF,2024-06-11,ER,15.91891762794076
LF,2024-06-12,GPP,3.835082362213491
LF,2024-06-12,ER,17.439549621364566
LF,2024-06-13,GPP,2.955450652666336
LF,2024-06-13,ER,15.185330284244252
LF,2024-06-14,GPP,2.8227278256658286
LF,2024-06-14,ER,13.197993449266235
LF,2024-06-15,GPP,3.6939470095150018
LF,2024-06-15,ER,11.763685153919385
LF,2024-06-16,GPP,3.0468943998244873
LF,2024-06-16,ER,10.62804330232303
LF,2024-06-17,GPP,2.2877598624965354
LF,2024-06-17,ER,10.48690703716667
LF,2024-06-18,GPP,2.25715629407994
LF,2024-06-18,ER,9.608142647136637
LF,2024-06-19,GPP,1.8328560504532188
LF,2024-06-19,ER,9.306015550686084
LF,2024-06-20,GPP,1.2866561820405304
LF,2024-06-20,ER,8.39324395853915
LF,2024-06-21,GPP,1.3940356857548182
LF,2024-06-21,ER,8.465918249985695
LF,2024-06-22,GPP,2.215121764048179
LF,2024-06-22,ER,8.840866325391602
LF,2024-06-23,GPP,2.9969886184921664
LF,2024-06-23,ER,8.623183652673909
LF,2024-06-24,GPP,3.1500808873260655
LF,2024-06-24,ER,8.59852815732733
LF,2024-06-25,GPP,1.9182831139776833
LF,2024-06-25,ER,8.477526861613072
OS,2022-08-07,GPP,3.123049086288868
OS,2022-08-07,ER,11.9370402443053
OS,2022-08-08,GPP,2.5231816455279157
OS,2022-08-08,ER,10.998991153276132
OS,2022-08-09,GPP,2.5277907867828935
OS,2022-08-09,ER,11.02689715492772
OS,2022-08-10,GPP,2.489380303231099
OS,2022-08-10,ER,9.774950850515852
OS,2022-08-11,GPP,1.2738619090654788
OS,2022-08-11,ER,8.376536524126019
OS,2022-08-12,GPP,1.225055300865231
OS,2022-08-12,ER,7.052498072005057
OS,2022-08-13,GPP,0.29679281272403646
OS,2022-08-13,ER,6.25444456023526
OS,2022-08-14,GPP,1.689968118437455
OS,2022-08-14,ER,7.787662125102169
OS,2022-08-15,GPP,1.4196175606532233
OS,2022-08-15,ER,6.431699738784791
OS,2022-08-16,GPP,1.4079703996176192
OS,2022-08-16,ER,6.591867390894557
OS,2022-08-17,GPP,1.920090059151506
OS,2022-08-17,ER,7.616561874716754
OS,2022-08-18,GPP,0.8676253998750947
OS,2022-08-18,ER,9.205346057714044
OS,2022-08-19,GPP,3.37434197094566
OS,2022-08-19,ER,10.689189160725686
OS,2022-08-20,GPP,2.002847488251326
OS,2022-08-20,ER,10.48779443225788
OS,2022-08-21,GPP,3.1770334763563293
OS,2022-08-21,ER,10.835044968879831
OS,2022-08-22,GPP,4.081220710677287
OS,2022-08-22,ER,10.615463246797878
OS,2022-08-23,GPP,4.202092856131833
OS,2022-08-23,ER,9.8476281094534
OS,2022-08-24,GPP,4.119163018197903
OS,2022-08-24,ER,9.282174484342857
OS,2022-08-25,GPP,3.16950278018725
OS,2022-08-25,ER,8.705059807288855
OS,2022-08-26,GPP,2.8448202105182405
OS,2022-08-26,ER,8.461737792748579
OS,2022-08-27,GPP,1.822565069971094
OS,2022-08-27,ER,7.314140262851995
OS,2022-08-28,GPP,2.3894058570908085
OS,2022-08-28,ER,8.124610992528979
OS,2022-08-29,GPP,1.0961675968710016
OS,2022-08-29,ER,7.19660856420635
OS,2022-08-30,ER,7.12935422253234
OS,2022-10-04,GPP,0.4903383641570336
OS,2022-10-04,ER,8.527605149830654
OS,2022-10-05,GPP,1.8895411303040135
OS,2022-10-05,ER,7.0943788829550805
OS,2022-10-06,GPP,2.1249747389872917
OS,2022-10-06,ER,7.704729015593485
OS,2022-10-07,GPP,0.1777746877256844
OS,2022-10-07,ER,7.818189474592312
OS,2022-10-08,GPP,0.5423567078281742
OS,2022-10-08,ER,7.645794201892392
OS,2022-10-09,GPP,0.9832215990718948
OS,2022-10-09,ER,7.073580309650268
OS,2022-10-10,GPP,1.1137493107445977
OS,2022-10-10,ER,6.727966185894946
OS,2022-10-11,GPP,0.695705181702013
OS,2022-10-11,ER,6.727075160431913
OS,2022-10-12,GPP,0.7281436742615007
OS,2022-10-12,ER,7.390564655599976
OS,2022-10-13,GPP,1.172180514030155
OS,2022-10-13,ER,7.873666954354474
OS,2022-10-14,GPP,1.5859553069729926
OS,2022-10-14,ER,7.739858422278334
OS,2022-10-15,GPP,1.9391646423757056
OS,2022-10-15,ER,6.463111708088505
OS,2022-10-16,GPP,1.7428275625214746
OS,2022-10-16,ER,5.8101614941520525
OS,2022-10-17,GPP,1.3751652722704784
OS,2022-10-17,ER,7.133106954351057
OS,2022-10-18,GPP,2.518476533965654
OS,2022-10-18,ER,7.003701132047226
OS,2022-10-19,GPP,1.9182308409532352
OS,2022-10-19,ER,4.0509141326149285
OS,2022-10-20,GPP,1.7836979976902647
OS,2022-10-20,ER,3.5618584157262254
OS,2022-10-21,GPP,1.8103687738314207
OS,2022-10-21,ER,3.6888553249915175
OS,2022-10-22,GPP,1.6418993781941742
OS,2022-10-22,ER,3.755243460829627
OS,2022-10-23,GPP,1.8057441626124904
OS,2022-10-23,ER,4.364664798472756
OS,2022-10-24,GPP,1.921147016765937
OS,2022-10-24,ER,5.538143228766825
OS,2022-10-25,GPP,1.002503227308191
OS,2022-10-25,ER,5.081911113303294
OS,2022-10-26,GPP,0.507668688207461
OS,2022-10-26,ER,5.363067984500494
OS,2022-10-27,GPP,1.9842075489595736
OS,2022-10-27,ER,6.156299277033265
OS,2022-10-28,GPP,1.996269882665844
OS,2022-10-28,ER,6.636853071664122
OS,2022-10-29,GPP,1.416767614191152
OS,2022-10-29,ER,6.260358079167328
OS,2022-10-30,GPP,1.3524888762812104
OS,2022-10-30,ER,5.792719612693691
OS,2022-10-31,GPP,1.805428901064144
OS,2022-10-31,ER,4.391424244607043
OS,2022-11-01,GPP,1.74760718178755
OS,2022-11-01,ER,4.364765588400648
OS,2022-11-02,GPP,1.706880375225397
OS,2022-11-02,ER,3.7832046293316863
OS,2022-11-03,GPP,1.999346547064878
OS,2022-11-03,ER,4.080121172136382
OS,2022-11-04,GPP,1.6302822575776512
OS,2022-11-04,ER,3.2900079501679764
OS,2022-11-05,GPP,1.7870117312619092
OS,2022-11-05,ER,3.884110140864448
OS,2022-12-12,GPP,3.1628597793589392
OS,2022-12-12,ER,2.557254696682985
OS,2022-12-13,GPP,1.253980967866291
OS,2022-12-13,ER,2.14180869824419
OS,2022-12-14,GPP,1.1227781956074785
OS,2022-12-14,ER,2.6807353706009627
OS,2022-12-15,GPP,2.1673584570443443
OS,2022-12-15,ER,4.981803871969387
OS,2022-12-16,GPP,1.8916477971401184
OS,2022-12-16,ER,3.434148871564416
OS,2022-12-17,GPP,1.2319798337195635
OS,2022-12-17,ER,1.89271722469173
OS,2022-12-18,GPP,1.5202986164084014
OS,2022-12-18,ER,1.7059939393160508
OS,2022-12-20,GPP,0.7290653878616712
OS,2022-12-20,ER,1.7093620530688838
OS,2023-01-05,GPP,2.896924632830025
OS,2023-01-05,ER,4.399309990153978
OS,2023-01-06,GPP,2.0806046861651035
OS,2023-01-06,ER,1.9930406216749028
OS,2023-01-07,GPP,1.5215650446912077
OS,2023-01-07,ER,1.0682004418034656
OS,2023-01-08,GPP,1.7498388060514003
OS,2023-01-08,ER,1.4485728775673297
OS,2023-01-09,GPP,2.04118660419263
OS,2023-01-09,ER,2.5551766633968978
OS,2023-01-10,GPP,2.1364835495003573
OS,2023-01-10,ER,1.736417294327788
OS,2023-01-11,GPP,1.795773432020172
OS,2023-01-11,ER,1.4046878336748925
OS,2023-01-12,GPP,2.0295579066037783
OS,2023-01-12,ER,1.8801034839394828
OS,2023-01-13,GPP,1.0060585439745149
OS,2023-01-13,ER,1.9811457963061985
OS,2023-01-14,GPP,2.3115655036110705
OS,2023-01-14,ER,1.2751555449670573
OS,2023-01-15,GPP,1.7087168979063805
OS,2023-01-15,ER,0.7594194940927284
OS,2023-01-16,GPP,1.8445570167933496
OS,2023-01-16,ER,2.039312688888467
OS,2023-01-17,GPP,2.1854231696267212
OS,2023-01-17,ER,2.045220756375463
OS,2023-01-18,GPP,2.7878869081886304
OS,2023-01-18,ER,3.478469237918633
OS,2023-01-19,GPP,2.77372667128716
OS,2023-01-19,ER,3.125307047871799
OS,2023-01-20,GPP,3.0949543484812967
OS,2023-01-20,ER,4.164907374796912
OS,2023-01-21,GPP,0.8491611059077002
OS,2023-01-21,ER,2.3989134003637407
OS,2023-01-22,GPP,2.466874347115569
OS,2023-01-22,ER,2.753976973649576
OS,2023-01-23,GPP,2.8974419613181204
OS,2023-01-23,ER,3.4042891372500685
OS,2023-01-24,GPP,1.617031441742988
OS,2023-01-24,ER,1.6715342854789967
OS,2023-01-25,GPP,1.7281403005820797
OS,2023-01-25,ER,2.960428513788884
OS,2023-01-26,GPP,3.205669683686691
OS,2023-01-26,ER,3.8356138053434825
OS,2023-01-27,GPP,1.242236060745738
OS,2023-01-27,ER,1.794686524950382
OS,2023-01-28,GPP,1.7377483175697976
OS,2023-01-28,ER,1.6669433372155649
OS,2023-01-29,GPP,2.542922951580013
OS,2023-01-29,ER,3.232269722638674
OS,2023-01-30,GPP,3.0134913145442215
OS,2023-01-30,ER,4.170918962976691
OS,2023-01-31,GPP,2.790190631155894
OS,2023-01-31,ER,3.8998402586588976
OS,2023-02-01,GPP,2.573376819912542
OS,2023-02-01,ER,3.5810424560024687
OS,2023-02-02,ER,0.31082752530905366
OS,2023-02-03,GPP,2.5949006047950074
OS,2023-02-03,ER,7.172959595257466
OS,2023-02-04,GPP,2.321374955182812
OS,2023-02-04,ER,3.270288963006078
OS,2023-02-05,GPP,0.6313122086890093
OS,2023-02-05,ER,2.089498872674535
OS,2023-02-07,ER,0.34178298900858983
OS,2023-02-09,ER,0.9207188437693358
OS,2023-02-10,ER,1.9303991877913265
OS,2023-02-11,GPP,1.3443357502537454
OS,2023-02-11,ER,3.0384284440872618
OS,2023-02-13,GPP,1.5581460701209084
OS,2023-02-13,ER,5.895022570189246
OS,2023-02-14,GPP,2.0320766352409025
OS,2023-02-14,ER,3.634908457579733
OS,2023-02-15,GPP,0.39450427834819474
OS,2023-02-15,ER,6.644621452666462
OS,2023-03-30,ER,3.6049894034361096
OS,2023-03-31,GPP,4.628836985037943
OS,2023-03-31,ER,3.917060665657753
OS,2023-04-01,GPP,0.00735479491453315
OS,2023-04-01,ER,6.630327259085187
OS,2023-04-02,GPP,0.47824694269629314
OS,2023-04-02,ER,7.417311366591456
OS,2023-04-03,GPP,2.6823293651200357
OS,2023-04-03,ER,6.0675713266247415
OS,2023-04-04,GPP,3.006181121246685
OS,2023-04-04,ER,7.04840706303357
OS,2023-04-05,GPP,0.0238103385116742
OS,2023-04-05,ER,7.68463978589772
OS,2023-04-06,GPP,3.599862922697505
OS,2023-04-06,ER,7.351592001456011
OS,2023-04-07,GPP,3.706050248288668
OS,2023-04-07,ER,7.619191418344332
OS,2023-04-08,GPP,3.5626408454378726
OS,2023-04-08,ER,8.506653767151366
OS,2023-04-09,GPP,0.5351374397664019
OS,2023-04-09,ER,9.183220311724051
OS,2023-04-10,GPP,1.1354391213639732
OS,2023-04-10,ER,6.08392145777282
OS,2023-04-11,GPP,1.1946686274842253
OS,2023-04-11,ER,5.850979619129367
OS,2023-04-12,GPP,6.355990356094266
OS,2023-04-12,ER,5.015406723577456
OS,2023-04-13,GPP,4.664481933727301
OS,2023-04-13,ER,5.8508624535533
OS,2023-04-14,GPP,2.2982925935559506
OS,2023-04-14,ER,6.631981555784085
OS,2023-04-15,GPP,3.4625698613145395
OS,2023-04-15,ER,5.2893863965742565
OS,2023-04-16,GPP,2.912319891728234
OS,2023-04-16,ER,3.6615936064330863
OS,2023-04-17,GPP,0.8988911032854984
OS,2023-04-17,ER,3.818099216533984
OS,2023-04-18,GPP,3.188656812051539
OS,2023-04-18,ER,6.516376591583465
OS,2023-04-19,GPP,1.3081029322678366
OS,2023-04-19,ER,4.828982748338834
OS,2023-04-20,GPP,1.029231885331268
OS,2023-04-20,ER,4.657468343520435
OS,2023-04-21,GPP,0.7366818286208783
OS,2023-04-21,ER,4.584790926202422
OS,2023-04-22,GPP,0.388237948482519
OS,2023-04-22,ER,4.369094312242203
OS,2023-04-23,GPP,1.2335282256007534
OS,2023-04-23,ER,3.475794172427862
OS,2023-04-24,GPP,1.9416620944651133
OS,2023-04-24,ER,4.317862463682908
OS,2023-04-25,GPP,3.686736934194486
OS,2023-04-25,ER,4.713159768607902
OS,2023-04-26,GPP,2.4376214453787672
OS,2023-04-26,ER,3.99838701034109
OS,2023-04-27,GPP,4.639843512899529
OS,2023-04-27,ER,6.1703642386018585
OS,2023-04-28,GPP,3.9911732582209622
OS,2023-04-28,ER,6.135094897681099
OS,2023-04-29,GPP,2.7798950971193146
OS,2023-04-29,ER,7.411737916509027
OS,2023-04-30,GPP,3.589263436912627
OS,2023-04-30,ER,1.3541657400576912
OS,2023-05-01,GPP,3.948352149853929
OS,2023-05-01,ER,6.003888717799566
OS,2023-05-02,GPP,4.414242354232257
OS,2023-05-02,ER,5.882909043836071
OS,2023-05-03,GPP,4.034856338803447
OS,2023-05-03,ER,5.10579991151744
OS,2023-05-04,GPP,3.3914706404618857
OS,2023-05-04,ER,4.680207672835765
OS,2023-05-05,GPP,3.7009849982406338
OS,2023-05-05,ER,4.5328288585561705
OS,2023-05-06,GPP,4.790561729934077
OS,2023-05-06,ER,4.941609663117877
OS,2023-05-07,GPP,3.7273701527781977
OS,2023-05-07,ER,4.545460930382805
OS,2023-05-08,GPP,2.839376605365006
OS,2023-05-08,ER,4.18558534468001
OS,2023-05-09,GPP,2.7402457590787126
OS,2023-05-09,ER,3.541556559212822
OS,2023-05-10,GPP,3.203255410463515
OS,2023-05-10,ER,4.359290304022335
OS,2023-05-11,GPP,3.0913761504833066
OS,2023-05-11,ER,5.552487591168965
OS,2023-05-12,GPP,4.068046033710516
OS,2023-05-12,ER,6.091590440089851
OS,2023-05-13,GPP,4.061122898099239
OS,2023-05-13,ER,6.19000527911154
OS,2023-05-14,GPP,3.829251948837044
OS,2023-05-14,ER,6.203903268155031
OS,2023-05-15,GPP,3.6759254902253105
OS,2023-05-15,ER,6.036528945375866
OS,2023-05-16,GPP,2.880604546345667
OS,2023-05-16,ER,5.4218084423585395
OS,2023-05-17,GPP,4.071636231350749
OS,2023-05-17,ER,5.600952496845883
OS,2023-05-18,GPP,3.132990428790199
OS,2023-05-18,ER,5.4059736376347525
OS,2023-05-19,GPP,3.5241999851481753
OS,2023-05-19,ER,5.063495828950682
OS,2023-05-20,GPP,3.544809350712118
OS,2023-05-20,ER,5.248030266518205
OS,2023-05-21,GPP,1.8915019505807549
OS,2023-05-21,ER,4.908933151553232
OS,2023-05-22,GPP,2.9788447016493067
OS,2023-05-22,ER,5.077856168023554
OS,2023-05-23,GPP,2.6024382421582337
OS,2023-05-23,ER,4.614573419160009
OS,2023-05-24,GPP,3.2218039513788654
OS,2023-05-24,ER,5.2506103201181755
OS,2023-05-25,GPP,3.751330838684044
OS,2023-05-25,ER,4.472574198058675
OS,2023-05-26,GPP,1.2107394699319132
OS,2023-05-26,ER,4.7512857698385265
OS,2023-05-27,GPP,2.7767883544213854
OS,2023-05-27,ER,4.034418072410547
OS,2023-05-28,GPP,3.7169860104030974
OS,2023-05-28,ER,5.169576599611386
OS,2023-05-29,GPP,3.4829648019552506
OS,2023-05-29,ER,5.132205905339196
OS,2023-05-30,GPP,4.519917984700249
OS,2023-05-30,ER,5.060986010135244
OS,2023-05-31,GPP,2.8886497868536765
OS,2023-05-31,ER,4.659332601243994
OS,2023-06-01,GPP,3.1415483498424024
OS,2023-06-01,ER,4.233006123270183
OS,2023-06-02,GPP,4.633368456052213
OS,2023-06-02,ER,4.324542358609473
OS,2023-06-03,GPP,2.2871651634383667
OS,2023-06-03,ER,3.3588499945336956
OS,2023-06-04,GPP,2.5066644943843066
OS,2023-06-04,ER,3.745197960402229
OS,2023-06-05,GPP,4.4023104167520835
OS,2023-06-05,ER,3.0141081677498507
OS,2023-06-06,GPP,1.876325016855373
OS,2023-06-06,ER,2.717273517410989
OS,2023-06-07,GPP,2.005891271132019
OS,2023-06-07,ER,2.9665631631544107
OS,2023-06-08,GPP,2.401520186188423
OS,2023-06-08,ER,1.4455988557085264
OS,2023-06-09,GPP,2.1105893878700552
OS,2023-06-09,ER,3.3041519235306622
OS,2023-06-10,GPP,3.94909316849886
OS,2023-06-10,ER,4.781747842751138
OS,2023-06-11,GPP,4.540236808943589
OS,2023-06-11,ER,5.075766064483244
OS,2023-06-12,GPP,1.0176541728008175
OS,2023-06-12,ER,5.743404015792791
OS,2023-07-14,GPP,1.518020278874186
OS,2023-07-14,ER,10.351569837860174
OS,2023-07-15,GPP,1.888079884409168
OS,2023-07-15,ER,11.894697118807022
OS,2023-07-16,GPP,1.6470541752991708
OS,2023-07-16,ER,10.669190439832883
OS,2023-07-17,GPP,1.5824277684452863
OS,2023-07-17,ER,12.405080127880094
OS,2023-07-18,GPP,1.3091741663535903
OS,2023-07-18,ER,12.242472548855508
OS,2023-07-19,GPP,1.7481664268235877
OS,2023-07-19,ER,8.995672865051592
OS,2023-07-20,GPP,2.6379696648588187
OS,2023-07-20,ER,7.767992100530525
OS,2023-07-21,GPP,5.231027083619182
OS,2023-07-21,ER,7.709863738736035
OS,2023-07-22,GPP,2.1674714698453084
OS,2023-07-22,ER,10.975848527705995
OS,2023-07-24,GPP,0.8686209931017077
OS,2023-07-24,ER,3.182974448282951
OS,2023-07-25,GPP,0.9516429767307448
OS,2023-07-25,ER,6.6683881694840546
OS,2023-07-26,GPP,1.9541377071692607
OS,2023-07-26,ER,7.667168439827312
OS,2023-07-27,GPP,1.6410460430493254
OS,2023-07-27,ER,8.014312353406808
OS,2023-07-28,GPP,1.4144408003074864
OS,2023-07-28,ER,8.116964948797497
OS,2023-07-29,GPP,1.6525965368276536
OS,2023-07-29,ER,8.522683104287205
OS,2023-07-30,GPP,0.0660348770218205
OS,2023-07-30,ER,9.078322659714887
OS,2023-07-31,GPP,2.7757098713628343
OS,2023-07-31,ER,7.776309258500838
OS,2023-08-01,GPP,0.6208043562153093
OS,2023-08-01,ER,7.09289711355892
OS,2023-08-02,GPP,0.2328962186094155
OS,2023-08-02,ER,6.689323057110804
OS,2023-08-03,GPP,0.1569574127760795
OS,2023-08-03,ER,6.49045441175592
OS,2023-08-04,ER,6.201792594997968
OS,2023-08-05,GPP,3.3612344647354995
OS,2023-08-05,ER,7.646798644774389
OS,2023-08-06,GPP,3.66316880570239
OS,2023-08-06,ER,8.541139161631335
OS,2023-08-07,GPP,2.83383659362918
OS,2023-08-07,ER,7.276100255848567
OS,2023-08-08,GPP,2.0314168122442235
OS,2023-08-08,ER,7.61745417194502
OS,2023-08-09,GPP,2.1079303581376787
OS,2023-08-09,ER,7.946396165746193
OS,2023-08-10,GPP,1.6841855375282029
OS,2023-08-10,ER,8.346346911829198
OS,2023-08-11,GPP,1.4068633326816788
OS,2023-08-11,ER,8.774692391605473
OS,2023-08-12,GPP,1.735786479166021
OS,2023-08-12,ER,9.071243045122811
OS,2023-08-13,GPP,2.141324906833062
OS,2023-08-13,ER,8.71580423758324
OS,2023-08-14,GPP,4.485253288028821
OS,2023-08-14,ER,8.695456954139273
OS,2023-08-15,GPP,2.466633056814296
OS,2023-08-15,ER,9.254439986009642
OS,2023-08-16,GPP,1.519944948576024
OS,2023-08-16,ER,7.7490906942012545
OS,2023-08-17,GPP,4.229878682385677
OS,2023-08-17,ER,7.427718170107246
OS,2023-08-18,GPP,0.33075962783852514
OS,2023-08-18,ER,8.098991332931137
OS,2023-08-19,GPP,0.557644390086761
OS,2023-08-19,ER,8.218813505393
OS,2023-08-20,GPP,0.8306057184997743
OS,2023-08-20,ER,8.387624583468897
OS,2023-08-21,GPP,1.727103885003595
OS,2023-08-21,ER,8.700330153526282
OS,2023-08-22,GPP,1.297090362358753
OS,2023-08-22,ER,7.799008499402192
OS,2023-08-23,GPP,1.8537131527510236
OS,2023-08-23,ER,8.387213685881267
OS,2023-08-24,GPP,1.9500679798294376
OS,2023-08-24,ER,8.131356869712196
OS,2023-08-25,GPP,2.034771465020102
OS,2023-08-25,ER,7.943206472573706
OS,2023-08-26,GPP,2.0166814402290822
OS,2023-08-26,ER,7.959110820653448
OS,2023-08-27,GPP,1.6550601874964186
OS,2023-08-27,ER,7.986708555480684
OS,2023-08-28,GPP,1.3151136311162734
OS,2023-08-28,ER,7.7327561433736145
OS,2023-08-29,GPP,1.9342402426208365
OS,2023-08-29,ER,8.371401713595226
OS,2023-08-30,GPP,2.9467179057774384
OS,2023-08-30,ER,10.18956780672556
OS,2023-08-31,GPP,0.2863627089317649
OS,2023-08-31,ER,8.115707974052757
OS,2023-09-01,GPP,3.3643306141811604
OS,2023-09-01,ER,9.037462729326814
OS,2023-09-02,GPP,0.3869363227304363
OS,2023-09-02,ER,12.081550279250704
OS,2023-09-03,GPP,1.7145364553122169
OS,2023-09-03,ER,13.46852252606075
OS,2023-09-04,GPP,1.7882202175152562
OS,2023-09-04,ER,15.373254427558264
OS,2023-09-27,ER,6.861980706233153
OS,2023-09-28,GPP,0.9097434041556404
OS,2023-09-28,ER,7.558669155491007
OS,2023-09-29,GPP,0.9887646269543432
OS,2023-09-29,ER,7.306551596385285
OS,2023-09-30,GPP,0.4256955341060464
OS,2023-09-30,ER,7.3415531096032
OS,2023-10-01,GPP,3.5490231632364293
OS,2023-10-01,ER,6.747572815337977
OS,2023-10-02,GPP,0.17582339736691857
OS,2023-10-02,ER,6.174560085560514
OS,2023-10-03,GPP,0.44909310974126015
OS,2023-10-03,ER,6.119412928534512
OS,2023-10-04,GPP,5.921804879772007
OS,2023-10-04,ER,7.266928808765495
OS,2023-10-05,GPP,0.7349437113387984
OS,2023-10-05,ER,8.095224668547813
OS,2023-10-06,GPP,1.8475949777928171
OS,2023-10-06,ER,9.265557119900553
OS,2023-10-07,GPP,0.16625552257919182
OS,2023-10-07,ER,11.59896913498596
OS,2023-10-08,GPP,0.2049050507850075
OS,2023-10-08,ER,10.895095507327678
OS,2023-10-09,GPP,0.06484889369398143
OS,2023-10-09,ER,10.419563169143368
OS,2023-10-10,ER,10.589336940038145
OS,2023-10-12,GPP,1.8964451948259944
OS,2023-10-12,ER,5.076859450705201
OS,2023-10-13,GPP,2.6469428165453004
OS,2023-10-13,ER,8.525176767659623
OS,2023-10-14,GPP,0.27392960526861654
OS,2023-10-14,ER,8.643284848820176
OS,2023-10-15,GPP,1.081888022287571
OS,2023-10-15,ER,7.965543011806498
OS,2023-10-16,GPP,1.9753707810775685
OS,2023-10-16,ER,8.948892155744325
OS,2023-10-17,GPP,0.39768340638677285
OS,2023-10-17,ER,6.259489607010274
OS,2023-10-18,GPP,0.22117420998919848
OS,2023-10-18,ER,7.238600274390336
OS,2023-10-19,GPP,2.1117260327949996
OS,2023-10-19,ER,8.663007818286891
OS,2023-10-20,GPP,1.6900961919787516
OS,2023-10-20,ER,13.326211157407023
OS,2023-10-21,GPP,0.0222718496706306
OS,2023-10-21,ER,13.787242344856429
OS,2023-10-22,GPP,0.6111448213905311
OS,2023-10-22,ER,13.58782478075832
OS,2023-10-23,GPP,0.21166169123139036
OS,2023-10-23,ER,12.815732945988016
OS,2023-10-24,GPP,0.09966993727007444
OS,2023-10-24,ER,12.21544507792871
OS,2023-10-25,GPP,3.035797209309905
OS,2023-10-25,ER,10.299099649244626
OS,2023-10-26,GPP,1.3365646428202442
OS,2023-10-26,ER,7.112980933557131
OS,2023-10-27,GPP,1.1607096694115149
OS,2023-10-27,ER,6.871179329073274
OS,2023-10-28,GPP,1.0243299883961072
OS,2023-10-28,ER,6.627600464884559
OS,2023-10-29,GPP,0.2467445141594407
OS,2023-10-29,ER,7.596604287831937
OS,2023-10-30,GPP,0.41659679410314887
OS,2023-10-30,ER,7.997213918572173
OS,2023-10-31,GPP,0.2753100950903804
OS,2023-10-31,ER,6.032914403310789
OS,2023-11-01,GPP,2.0211513509489736
OS,2023-11-01,ER,5.860601035664767
OS,2023-11-02,GPP,0.4955798931920792
OS,2023-11-02,ER,6.441513752619868
OS,2023-11-03,GPP,0.03551753400539378
OS,2023-11-03,ER,9.249920838333177
OS,2023-11-04,GPP,0.02114187444293213
OS,2023-11-04,ER,9.293740444013247
OS,2023-11-05,GPP,0.7749363624834255
OS,2023-11-05,ER,8.167485072403254
OS,2023-11-06,GPP,1.6261337616965856
OS,2023-11-06,ER,5.574075365170355
OS,2023-11-07,GPP,2.2813441929628113
OS,2023-11-07,ER,9.593116315706231
OS,2023-11-08,GPP,0.04687859208857829
OS,2023-11-08,ER,9.727635731230627
OS,2023-11-09,GPP,2.4376223242351704
OS,2023-11-09,ER,8.697725808386966
OS,2023-11-10,GPP,0.9649327827132242
OS,2023-11-10,ER,5.417280305883195
OS,2023-11-11,GPP,1.8874761232608832
OS,2023-11-11,ER,7.070351684985095
OS,2023-11-12,GPP,2.1634301546640584
OS,2023-11-12,ER,6.287735716493019
OS,2023-11-13,GPP,0.8075886356414499
OS,2023-11-13,ER,5.338231013780605
OS,2023-11-14,GPP,0.6937234996870429
OS,2023-11-14,ER,3.7435448586871822
OS,2023-11-15,GPP,1.456501058803693
OS,2023-11-15,ER,5.019121825355314
OS,2023-11-16,GPP,0.8156915290806563
OS,2023-11-16,ER,5.451126284798292
OS,2023-11-17,GPP,1.3458420523036734
OS,2023-11-17,ER,6.119843442143416
OS,2023-11-18,GPP,1.2551553690446633
OS,2023-11-18,ER,5.3076910568487055
OS,2023-11-19,GPP,1.1027780195593768
OS,2023-11-19,ER,4.173623422063975
OS,2023-11-20,GPP,3.066951051599359
OS,2023-11-20,ER,5.576600862977685
OS,2023-11-21,GPP,1.1402683895259125
OS,2023-11-21,ER,6.251446187597464
OS,2023-11-22,GPP,1.6963387709047708
OS,2023-11-22,ER,6.1530961552014265
OS,2023-11-23,GPP,0.7490317000819237
OS,2023-11-23,ER,5.329964754152844
OS,2023-11-24,GPP,0.860580051778887
OS,2023-11-24,ER,4.311791978214507
OS,2023-11-25,GPP,0.5691734375289924
OS,2023-11-25,ER,4.945848648641407
OS,2023-11-26,GPP,1.51737239112031
OS,2023-11-26,ER,5.370943823521825
OS,2023-11-27,GPP,1.4878171912116775
OS,2023-11-27,ER,5.309679380425282
OS,2023-11-28,GPP,1.8545050412081083
OS,2023-11-28,ER,5.951439687659936
OS,2023-11-29,GPP,2.0660534350554
OS,2023-11-29,ER,4.838573907064753
OS,2023-11-30,GPP,1.402343775982509
OS,2023-11-30,ER,7.221163338114697
OS,2023-12-01,GPP,2.3702193779126235
OS,2023-12-01,ER,5.7892522915312545
OS,2023-12-07,GPP,2.140434077548085
OS,2023-12-07,ER,6.046353049488534
OS,2023-12-08,GPP,4.043810054420796
OS,2023-12-08,ER,6.207515692037233
OS,2023-12-09,GPP,0.47877776921888904
OS,2023-12-09,ER,4.630836351882108
OS,2023-12-18,GPP,0.20797839735771192
OS,2023-12-18,ER,7.917218246285834
OS,2023-12-19,GPP,2.2679262180821467
OS,2023-12-19,ER,8.390451852011667
AM,2022-04-11,GPP,3.3751197573134473
AM,2022-04-11,ER,9.97928982173839
AM,2022-07-01,GPP,3.6062240042296216
AM,2022-07-01,ER,21.172709324498783
AM,2022-07-03,GPP,2.840433965657699
AM,2022-07-03,ER,19.780224502339983
AM,2022-07-04,GPP,3.0253924113666177
AM,2022-07-04,ER,18.351238298771655
AM,2022-07-05,GPP,2.8641137289182206
AM,2022-07-05,ER,15.80628904567258
AM,2022-07-06,GPP,2.712083817661743
AM,2022-07-06,ER,14.888222680220425
AM,2022-07-09,GPP,2.618559033683189
AM,2022-07-09,ER,15.16070956044126
AM,2022-07-10,GPP,2.5024790335867597
AM,2022-07-10,ER,18.225678795053575
AM,2022-07-11,GPP,3.1599557622636403
AM,2022-07-11,ER,20.403738252174893
AM,2022-08-30,GPP,11.166495134432632
AM,2022-08-30,ER,21.40371725337816
AM,2022-08-31,GPP,4.7681588171117895
AM,2022-08-31,ER,10.218201437577928
AM,2022-09-01,GPP,7.607098737652739
AM,2022-09-01,ER,13.964652198425942
AM,2022-09-02,GPP,10.07519628974782
AM,2022-09-02,ER,18.41834274126746
AM,2022-09-03,GPP,8.969242917681678
AM,2022-09-03,ER,15.136414871525323
AM,2022-09-04,GPP,3.436300920383125
AM,2022-09-04,ER,9.097434780402583
AM,2022-09-05,GPP,2.2768652000612897
AM,2022-09-05,ER,9.030255221971974
AM,2022-09-06,GPP,0.7554678331257094
AM,2022-09-06,ER,8.065637736979555
AM,2022-09-09,GPP,0.3997786061779638
AM,2022-09-09,ER,8.930430746563681
AM,2022-09-11,GPP,2.4861835319599064
AM,2022-09-11,ER,10.997320950483251
AM,2022-09-21,GPP,1.2983979569411288
AM,2022-09-21,ER,14.335587417062914
AM,2022-09-22,GPP,1.6883229138555154
AM,2022-09-22,ER,20.542719387873536
AM,2022-10-18,GPP,4.254112126100853
AM,2022-10-18,ER,19.702802498780503
AM,2022-10-19,GPP,4.0532971233687505
AM,2022-10-19,ER,19.21956895681822
AM,2022-10-20,GPP,4.017462900536734
AM,2022-10-20,ER,19.44457491794157
AM,2022-10-21,GPP,4.139204625634249
AM,2022-10-21,ER,19.598911502955712
AM,2022-10-22,GPP,4.144060524134526
AM,2022-10-22,ER,19.871600855968527
AM,2022-10-23,GPP,4.231404014577987
AM,2022-10-23,ER,19.80707805532368
AM,2022-10-24,GPP,4.3646766367439005
AM,2022-10-24,ER,20.276724819170873
AM,2022-10-25,GPP,4.432048937430492
AM,2022-10-25,ER,20.64880415899841
AM,2022-10-26,GPP,4.539253252698916
AM,2022-10-26,ER,20.44814329812777
AM,2022-10-27,GPP,4.228552338254892
AM,2022-10-27,ER,20.520053428993418
AM,2022-10-28,GPP,4.217603807090828
AM,2022-10-28,ER,20.514657648924768
AM,2022-10-29,GPP,3.4447748313844544
AM,2022-10-29,ER,20.240311857216657
AM,2022-10-30,GPP,3.9226184608241783
AM,2022-10-30,ER,20.518104405349693
AM,2022-10-31,GPP,4.161837405448797
AM,2022-10-31,ER,20.577134404271614
AM,2022-11-01,GPP,3.9171024483277286
AM,2022-11-01,ER,19.983237096536257
AM,2022-11-02,GPP,4.154746086034246
AM,2022-11-02,ER,20.063232257000152
AM,2022-11-03,GPP,4.076784550574825
AM,2022-11-03,ER,19.876009796404567
AM,2022-11-04,GPP,3.918591434902947
AM,2022-11-04,ER,20.010404511271144
AM,2022-11-05,GPP,4.093152933886791
AM,2022-11-05,ER,20.430581114839377
AM,2022-11-09,GPP,4.413253748501098
AM,2022-11-09,ER,19.89680156265881
AM,2022-11-10,GPP,1.1897058515225751
AM,2022-11-10,ER,21.92177103226969
AM,2022-11-11,GPP,3.2483510383202923
AM,2022-11-11,ER,21.253820300139378
AM,2022-11-12,GPP,3.854841086999607
AM,2022-11-12,ER,21.28391089795492
AM,2022-11-13,GPP,3.798802661796705
AM,2022-11-13,ER,19.969099813014935
AM,2022-11-14,GPP,4.158154336623564
AM,2022-11-14,ER,20.37486814483161
AM,2022-11-15,GPP,3.0968171618639526
AM,2022-11-15,ER,20.817280358388565
AM,2022-11-16,GPP,4.355128537981132
AM,2022-11-16,ER,19.96190289634751
AM,2022-11-17,GPP,4.765990652111532
AM,2022-11-17,ER,19.282495224870026
AM,2022-11-18,GPP,3.770093877526138
AM,2022-11-18,ER,18.64253713251819
AM,2022-11-19,GPP,4.246963153357156
AM,2022-11-19,ER,19.387097523871827
AM,2022-11-20,GPP,1.774023615669785
AM,2022-11-20,ER,18.571928540988324
AM,2022-11-21,GPP,4.344931376441655
AM,2022-11-21,ER,19.16930118413338
AM,2022-11-22,GPP,3.8616635526944423
AM,2022-11-22,ER,19.745698853340297
AM,2022-11-23,GPP,4.25937958612823
AM,2022-11-23,ER,19.81418673261987
AM,2022-11-24,GPP,4.34491864611314
AM,2022-11-24,ER,20.078688967626505
AM,2022-11-25,GPP,4.3007229642176705
AM,2022-11-25,ER,20.863516441619943
AM,2022-11-26,GPP,3.802852573793682
AM,2022-11-26,ER,20.77935185715751
AM,2022-11-27,GPP,3.351479566702369
AM,2022-11-27,ER,21.101783158161588
AM,2022-11-28,GPP,0.2145878234374771
AM,2022-11-28,ER,19.881810688745844
AM,2022-11-29,GPP,4.320430724370484
AM,2022-11-29,ER,19.04764991954001
AM,2022-11-30,GPP,2.568157538694266
AM,2022-11-30,ER,18.625190754533808
AM,2022-12-01,GPP,3.9928645693809903
AM,2022-12-01,ER,18.085315125977544
AM,2022-12-02,GPP,4.2172963199704405
AM,2022-12-02,ER,18.71534714334335
AM,2022-12-03,GPP,4.35982388588199
AM,2022-12-03,ER,18.835201302897953
AM,2022-12-04,GPP,4.324879965753542
AM,2022-12-04,ER,18.97808877948736
AM,2022-12-05,GPP,3.8076883731188538
AM,2022-12-05,ER,18.70812805507485
AM,2022-12-06,GPP,4.566613389011934
AM,2022-12-06,ER,18.16539170869316
AM,2022-12-07,GPP,4.271160326306578
AM,2022-12-07,ER,18.15365464222324
AM,2022-12-08,GPP,4.305832361435212
AM,2022-12-08,ER,18.069697118179764
AM,2022-12-09,GPP,4.45400564962192
AM,2022-12-09,ER,17.924678269877177
AM,2022-12-10,GPP,5.262742306748563
AM,2022-12-10,ER,17.83050835359738
AM,2022-12-11,GPP,3.873736661322284
AM,2022-12-11,ER,17.52851970215338
AM,2022-12-12,GPP,5.077587618225461
AM,2022-12-12,ER,17.395396726967824
AM,2022-12-13,GPP,4.551937550021638
AM,2022-12-13,ER,17.201526169154462
AM,2022-12-14,GPP,4.856711255151685
AM,2022-12-14,ER,17.85872776433709
AM,2022-12-15,GPP,3.240087692688182
AM,2022-12-15,ER,17.15898802771483
AM,2022-12-16,GPP,4.146204316855161
AM,2022-12-16,ER,16.458787569497346
AM,2022-12-17,GPP,4.476398054057651
AM,2022-12-17,ER,16.930267652877724
AM,2022-12-18,GPP,4.133342513255169
AM,2022-12-18,ER,16.108910931434714
AM,2022-12-19,GPP,4.510147054996588
AM,2022-12-19,ER,17.184331146127715
AM,2022-12-20,GPP,2.6843446745663178
AM,2022-12-20,ER,16.097342465594117
AM,2022-12-21,GPP,2.846774475729913
AM,2022-12-21,ER,15.70400879920334
AM,2022-12-22,GPP,4.614542743823227
AM,2022-12-22,ER,17.916319708722636
AM,2022-12-23,GPP,4.3013813643840475
AM,2022-12-23,ER,16.378107193381176
AM,2022-12-29,GPP,5.175810220399889
AM,2022-12-29,ER,16.450343293648743
AM,2022-12-30,GPP,5.903996781380758
AM,2022-12-30,ER,17.363363014812894
AM,2022-12-31,GPP,2.852819170085068
AM,2022-12-31,ER,17.224398491572558
AM,2023-01-01,GPP,4.549843199252166
AM,2023-01-01,ER,17.555728982531686
AM,2023-01-02,GPP,5.490283768551776
AM,2023-01-02,ER,17.86469992714337
AM,2023-01-04,GPP,1.6877869180489151
AM,2023-01-04,ER,18.062454217064747
AM,2023-01-05,GPP,5.345823429510221
AM,2023-01-05,ER,18.91160985706246
AM,2023-02-15,GPP,2.268916074424638
AM,2023-02-15,ER,3.1350703634759847
AM,2023-02-16,GPP,2.18095499857444
AM,2023-02-16,ER,5.032366034427471
AM,2023-02-18,GPP,0.10386778915093577
AM,2023-02-18,ER,2.733771521005341
AM,2023-02-19,GPP,0.02402968141770738
AM,2023-02-19,ER,3.059731190389517
AM,2023-02-21,GPP,1.5913399998483029
AM,2023-02-21,ER,5.353233348004661
AM,2023-02-22,GPP,1.3217006296183849
AM,2023-02-22,ER,6.906394417625487
AM,2023-02-23,GPP,0.17445386119728154
AM,2023-02-23,ER,4.623170522802448
AM,2023-02-24,GPP,1.0639591228144718
AM,2023-02-24,ER,7.405708043383434
AM,2023-02-26,GPP,2.0783183032504664
AM,2023-02-26,ER,11.428145195860338
AM,2023-05-06,GPP,5.220316948699686
AM,2023-05-06,ER,18.39461548003923
AM,2023-05-07,GPP,4.887566854042084
AM,2023-05-07,ER,18.33455088542479
AM,2023-05-08,GPP,7.5361123506983
AM,2023-05-08,ER,20.35609582911686
AM,2023-05-09,GPP,7.676919713653989
AM,2023-05-09,ER,19.435429082340494
AM,2023-05-10,GPP,5.336269623777289
AM,2023-05-10,ER,15.326304579575195
AM,2023-05-11,GPP,4.4128316719313885
AM,2023-05-11,ER,12.83430562037209
AM,2023-05-12,GPP,3.196739063207421
AM,2023-05-12,ER,11.42387080578615
AM,2023-05-13,GPP,4.914497229280062
AM,2023-05-13,ER,12.14314856669242
AM,2023-05-14,GPP,4.657024816230441
AM,2023-05-14,ER,15.259158309517804
AM,2023-05-15,GPP,5.802089199882876
AM,2023-05-15,ER,17.08777828026533
AM,2023-05-16,GPP,5.164954424724333
AM,2023-05-16,ER,15.56152325752056
AM,2023-05-17,GPP,2.9099640653481185
AM,2023-05-17,ER,15.366975158657263
AM,2023-05-18,GPP,5.34220737466625
AM,2023-05-18,ER,17.7954574041818
AM,2023-05-19,GPP,7.552372154620032
AM,2023-05-19,ER,20.089351684908248
AM,2023-05-20,GPP,1.6288790583092638
AM,2023-05-20,ER,4.579164950420869
AM,2023-05-21,GPP,0.2644673524138022
AM,2023-05-21,ER,0.3507117146384693
AM,2023-05-22,GPP,0.14941765176410804
AM,2023-05-22,ER,0.08129809447252832
AM,2023-05-23,GPP,0.33913445211394155
AM,2023-05-23,ER,0.24815738966487627
AM,2023-06-05,GPP,9.34046200631421
AM,2023-06-05,ER,20.2808170616956
AM,2023-06-06,GPP,9.350816288130533
AM,2023-06-06,ER,20.94190279319876
AM,2023-06-07,GPP,7.634682088015996
AM,2023-06-07,ER,18.194182140233195
AM,2023-06-08,GPP,7.758149620416842
AM,2023-06-08,ER,17.718428948309995
AM,2023-06-09,GPP,6.451322109001366
AM,2023-06-09,ER,18.391024932906213
AM,2023-06-10,GPP,7.208232221016185
AM,2023-06-10,ER,19.730180300705904
AM,2023-06-11,GPP,7.697530927382217
AM,2023-06-11,ER,20.519800399975
AM,2023-06-12,GPP,4.791826318469974
AM,2023-06-12,ER,19.271710942737737
AM,2023-06-13,GPP,6.782852828017168
AM,2023-06-13,ER,19.71500970902303
AM,2023-06-14,GPP,6.78470957955167
AM,2023-06-14,ER,19.61320690928569
AM,2023-06-15,GPP,2.357115966189667
AM,2023-06-15,ER,18.743263805561377
AM,2023-06-16,GPP,5.837376565917267
AM,2023-06-16,ER,20.073087248453827
AM,2023-12-23,GPP,0.2751536096326056
AM,2023-12-23,ER,7.149239825471063
AM,2023-12-25,GPP,3.1743733661884335
AM,2023-12-25,ER,17.176429994385764
AM,2023-12-28,GPP,0.05676573879762717
AM,2023-12-28,ER,8.721302928284658
AM,2023-12-29,GPP,0.1030776252272483
AM,2023-12-29,ER,8.800198260729136
AM,2024-01-03,GPP,3.6341720243002418
AM,2024-01-03,ER,14.963152867721169
AM,2024-01-04,GPP,5.084071351252177
AM,2024-01-04,ER,18.578233739512736
AM,2024-01-05,GPP,8.54651496141124
AM,2024-01-05,ER,16.413024538637053
AM,2024-01-07,GPP,0.5185638376752045
AM,2024-01-07,ER,7.048520931236622
AM,2024-01-10,GPP,4.011286105755084
AM,2024-01-10,ER,12.121993548905342
AM,2024-01-11,GPP,4.062136348612918
AM,2024-01-11,ER,11.563750113663255
AM,2024-01-13,GPP,0.6398420155379183
AM,2024-01-13,ER,3.9865793997353176
AM,2024-01-20,GPP,0.7915938626478094
AM,2024-01-20,ER,7.7911955975254035
AM,2024-03-16,GPP,2.683996039250102
AM,2024-03-16,ER,6.314365648377389
AM,2024-03-17,GPP,1.1968170296772205
AM,2024-03-17,ER,5.278503439327636
AM,2024-04-03,GPP,0.3906964451365927
AM,2024-04-03,ER,6.754361058114016
AM,2024-04-17,GPP,0.5007641209460637
AM,2024-04-17,ER,12.84785607002192
AM,2024-06-29,GPP,0.9718723986259008
AM,2024-06-29,ER,18.842808804611128
AM,2024-06-30,GPP,0.8591072751432042
AM,2024-06-30,ER,19.07317211943227
AM,2024-07-01,GPP,0.6673240226815466
AM,2024-07-01,ER,19.22403221526328
AM,2024-07-02,GPP,1.0316065776147765
AM,2024-07-02,ER,18.88950743243966
AM,2024-07-03,GPP,1.184925798970164
AM,2024-07-03,ER,18.963613919897337
GB,2022-04-29,GPP,4.435377160919528
GB,2022-04-29,ER,21.201592911717643
GB,2022-04-30,GPP,3.9231553959307592
GB,2022-04-30,ER,19.71779330762265
GB,2022-05-01,GPP,3.693050710059869
GB,2022-05-01,ER,20.57475737165344
GB,2022-05-02,GPP,3.787459482317257
GB,2022-05-02,ER,20.1114925347622
GB,2022-05-03,GPP,3.725913044689612
GB,2022-05-03,ER,19.79803336829597
GB,2022-05-04,GPP,3.914937595391804
GB,2022-05-04,ER,20.608854140274207
GB,2022-05-05,GPP,3.713878518720944
GB,2022-05-05,ER,20.435054977003947
GB,2022-05-06,GPP,5.356581175057646
GB,2022-05-06,ER,24.129041260981005
GB,2022-05-07,GPP,3.480797555369013
GB,2022-05-07,ER,20.3726004346385
GB,2022-05-08,GPP,2.7272376505639664
GB,2022-05-08,ER,18.180068205929132
GB,2022-08-02,GPP,2.2172179484175287
GB,2022-08-02,ER,17.278818027220776
GB,2022-08-03,GPP,2.7529096118253573
GB,2022-08-03,ER,17.952031284451156
GB,2022-08-04,GPP,2.0686822341117144
GB,2022-08-04,ER,16.10027157220857
GB,2022-08-05,GPP,2.368752783569342
GB,2022-08-05,ER,16.588157763974742
GB,2022-08-06,GPP,1.914630127610375
GB,2022-08-06,ER,15.72441615522903
GB,2022-08-07,GPP,2.526807344972064
GB,2022-08-07,ER,17.19659665073385
GB,2022-08-08,GPP,2.9199039167236487
GB,2022-08-08,ER,18.054324716337305
GB,2022-08-09,GPP,2.109111961264574
GB,2022-08-09,ER,17.35062736663235
GB,2022-08-10,GPP,2.429213031837169
GB,2022-08-10,ER,16.798492517346457
GB,2022-08-11,GPP,2.0198012658827005
GB,2022-08-11,ER,16.731073807237113
GB,2022-08-12,GPP,3.014924584063826
GB,2022-08-12,ER,18.575140815134525
GB,2022-08-13,GPP,2.0212710779051415
GB,2022-08-13,ER,18.134177635707125
GB,2022-08-14,GPP,1.9699911074387455
GB,2022-08-14,ER,16.05238207037157
GB,2022-08-16,GPP,2.313474515192493
GB,2022-08-16,ER,17.731749033230766
GB,2022-08-17,GPP,2.4378973992639255
GB,2022-08-17,ER,17.96478059069961
GB,2022-08-18,GPP,1.5746592007142717
GB,2022-08-18,ER,16.366292367691837
GB,2022-08-19,GPP,2.329392572966458
GB,2022-08-19,ER,18.853370546979356
GB,2022-08-20,GPP,2.10211434797187
GB,2022-08-20,ER,18.503354021515023
GB,2022-08-21,GPP,1.9367287705069216
GB,2022-08-21,ER,17.296148442394454
GB,2022-08-22,GPP,2.4727354871136984
GB,2022-08-22,ER,17.946189276726336
GB,2022-08-23,GPP,2.3562595850695467
GB,2022-08-23,ER,18.75761058448826
GB,2022-08-24,GPP,2.1972536478436844
GB,2022-08-24,ER,18.33625814563056
GB,2022-08-26,GPP,2.2649480068918453
GB,2022-08-26,ER,18.415477969743968
GB,2022-08-27,GPP,2.822819197292905
GB,2022-08-27,ER,20.466163270253773
GB,2022-08-28,GPP,2.820763796414676
GB,2022-08-28,ER,21.351986166740783
GB,2022-12-06,GPP,2.2119632605875106
GB,2022-12-06,ER,17.280043230943257
GB,2022-12-08,GPP,2.1022041312402404
GB,2022-12-08,ER,16.916273488699854
GB,2022-12-09,GPP,2.111967881789711
GB,2022-12-09,ER,17.089565248199317
GB,2022-12-10,GPP,2.409468376331606
GB,2022-12-10,ER,17.623356980578713
GB,2022-12-11,GPP,2.022738278899867
GB,2022-12-11,ER,17.08258033756077
GB,2022-12-12,GPP,2.6016930693677782
GB,2022-12-12,ER,17.79800880382826
GB,2022-12-13,GPP,2.129788552662562
GB,2022-12-13,ER,17.13093169267437
GB,2022-12-14,GPP,2.523098519118501
GB,2022-12-14,ER,18.10262521969105
GB,2022-12-15,GPP,1.5087041276537492
GB,2022-12-15,ER,15.11594527579343
GB,2022-12-16,GPP,1.9317409682953144
GB,2022-12-16,ER,16.100717397241755
GB,2022-12-17,GPP,1.870101652965215
GB,2022-12-17,ER,16.077107812553265
GB,2022-12-18,GPP,1.918684595359479
GB,2022-12-18,ER,15.769422547074324
GB,2022-12-19,GPP,1.7310173959596429
GB,2022-12-19,ER,15.528448854036691
GB,2022-12-20,GPP,1.7870481921084136
GB,2022-12-20,ER,16.859493180108394
GB,2022-12-21,GPP,1.9825732034916987
GB,2022-12-21,ER,17.462468512962595
GB,2022-12-22,GPP,2.3177454259521904
GB,2022-12-22,ER,17.829239075566377
GB,2022-12-23,GPP,1.8103982952963025
GB,2022-12-23,ER,14.200625389466166
GB,2022-12-24,GPP,1.91040350257706
GB,2022-12-24,ER,14.402920407566352
GB,2022-12-25,GPP,1.820884658321719
GB,2022-12-25,ER,14.561899419622293
GB,2022-12-26,GPP,1.813506997590052
GB,2022-12-26,ER,15.021962641697035
GB,2022-12-27,GPP,1.4713478120528538
GB,2022-12-27,ER,14.957905014775008
GB,2022-12-28,GPP,1.5146134875017765
GB,2022-12-28,ER,15.507281209769369
GB,2022-12-29,GPP,1.9001094922436672
GB,2022-12-29,ER,17.10053617060318
GB,2022-12-30,GPP,2.2294985592765633
GB,2022-12-30,ER,18.01314542488874
GB,2022-12-31,GPP,1.5392286407868243
GB,2022-12-31,ER,17.634323581620663
GB,2023-01-01,GPP,2.5880320850156364
GB,2023-01-01,ER,19.646743788661475
GB,2023-01-02,GPP,1.9574052035549712
GB,2023-01-02,ER,18.12876844530922
GB,2023-10-05,GPP,2.7639411609128675
GB,2023-10-05,ER,20.97654202205416
GB,2023-10-06,GPP,3.2283765274064447
GB,2023-10-06,ER,21.356148015322905
GB,2023-10-07,GPP,2.4254058019449154
GB,2023-10-07,ER,19.73800670031329
GB,2023-10-11,GPP,1.1104433410499654
GB,2023-10-11,ER,16.86657042939115
GB,2023-10-12,GPP,2.46310632520845
GB,2023-10-12,ER,20.34443209459771
GB,2023-10-13,GPP,2.5710456262540875
GB,2023-10-13,ER,19.871748116766227
GB,2023-10-14,GPP,2.3226354971293706
GB,2023-10-14,ER,19.55730948769141
GB,2023-10-15,GPP,2.259205097217305
GB,2023-10-15,ER,20.0626928561496
GB,2023-10-25,GPP,2.879711717117527
GB,2023-10-25,ER,21.31529768791824
GB,2023-12-22,GPP,0.12868306232348092
GB,2023-12-22,ER,18.366148315624912
GB,2023-12-23,GPP,0.45231970216154305
GB,2023-12-23,ER,19.624932566267784
GB,2023-12-24,GPP,0.7463062186835302
GB,2023-12-24,ER,19.405441037767336
GB,2024-06-17,GPP,2.8885697074664325
GB,2024-06-17,ER,17.65863151969316
GB,2024-06-18,GPP,3.006294763032709
GB,2024-06-18,ER,17.572836329373654
GB,2024-06-19,GPP,2.7666383065515148
GB,2024-06-19,ER,18.01836417183028
GB,2024-06-20,GPP,2.7302190613996693
GB,2024-06-20,ER,17.18741252585806
GB,2024-06-21,GPP,2.5328891627235683
GB,2024-06-21,ER,16.777636383297754
GB,2024-06-22,GPP,2.311349993304741
GB,2024-06-22,ER,15.487473346903665
GB,2024-06-23,GPP,2.672783216836403
GB,2024-06-23,ER,16.534554015407807
GB,2024-06-24,GPP,3.1403047665163304
GB,2024-06-24,ER,17.39188330101776
GB,2024-06-25,GPP,2.630662793941196
GB,2024-06-25,ER,15.748393302489635
GB,2024-06-26,GPP,2.944959470656376
GB,2024-06-26,ER,17.51656944815572
GB,2024-06-27,GPP,2.257366441856155
GB,2024-06-27,ER,17.40214404561137
GB,2024-06-28,GPP,2.3413706195090076
GB,2024-06-28,ER,16.37272543315299
GB,2024-06-29,GPP,2.321988169596569
GB,2024-06-29,ER,17.071593497478105
GB,2024-06-30,GPP,3.2182981448009267
GB,2024-06-30,ER,17.054107769166503
GB,2024-07-01,GPP,2.8822717583139896
GB,2024-07-01,ER,18.130360419139215
GB,2024-07-02,GPP,3.4957719754895127
GB,2024-07-02,ER,18.136175308306857
GB,2024-07-03,GPP,3.3425045683402015
GB,2024-07-03,ER,17.438981552325266
GB,2024-07-04,GPP,3.270078392305249
GB,2024-07-04,ER,17.23662893800623
GB,2024-07-05,GPP,2.61544242203544
GB,2024-07-05,ER,16.53950873236692
GB,2024-07-06,GPP,2.6586438566295225
GB,2024-07-06,ER,17.02280131607202
GB,2024-07-07,GPP,2.152471050402673
GB,2024-07-07,ER,16.737173387877736
GB,2024-07-08,GPP,2.3781744537869165
GB,2024-07-08,ER,16.22180259126323
GB,2024-07-09,GPP,4.114574626778645
GB,2024-07-09,ER,18.834277334937905
GB,2024-07-10,GPP,3.457885383510765
GB,2024-07-10,ER,17.888793279187897
GB,2024-07-11,GPP,3.639022045292535
GB,2024-07-11,ER,17.835223078242862
GB,2024-07-12,GPP,2.7474414687109334
GB,2024-07-12,ER,16.897194502511393
GB,2024-07-13,GPP,2.1566030535702763
GB,2024-07-13,ER,15.342624254610785
GB,2024-07-14,GPP,2.2734023551330127
GB,2024-07-14,ER,15.831443907212067
GB,2024-07-15,GPP,1.9116548605383017
GB,2024-07-15,ER,16.15000990325302
GB,2024-07-16,GPP,2.787711288042671
GB,2024-07-16,ER,17.852383982390098
GB,2024-07-17,GPP,3.286869412535216
GB,2024-07-17,ER,18.238897515184934
GB,2024-07-18,GPP,2.6320931054079817
GB,2024-07-18,ER,17.33021171356352
GB,2024-07-19,GPP,2.951049385513286
GB,2024-07-19,ER,16.660910572754734
GB,2024-07-20,GPP,2.632985082111864
GB,2024-07-20,ER,17.539680676715086
GB,2024-07-21,GPP,2.563078333159487
GB,2024-07-21,ER,16.983906042398687
GB,2024-07-22,GPP,2.4823597274577134
GB,2024-07-22,ER,16.023586895077347
GB,2024-07-23,GPP,3.501410688912298
GB,2024-07-23,ER,18.179405777620133
GB,2024-07-24,GPP,2.4614733295999236
GB,2024-07-24,ER,15.986551572073395
GB,2024-07-25,GPP,3.305504652776178
GB,2024-07-25,ER,18.47964984714619
IU,2022-01-21,GPP,2.5527659018217097
IU,2022-01-21,ER,9.87217993272446
IU,2022-01-22,GPP,2.610275446376563
IU,2022-01-22,ER,9.170731361577817
IU,2022-02-01,GPP,3.367173471301072
IU,2022-02-01,ER,10.28164507487818
IU,2022-02-02,GPP,3.1438573307971867
IU,2022-02-02,ER,9.727874679076926
IU,2022-02-04,GPP,3.278865330401808
IU,2022-02-04,ER,9.998547695193109
IU,2022-02-05,GPP,3.690074932712675
IU,2022-02-05,ER,9.249066310767732
IU,2022-02-06,GPP,2.6995101494363434
IU,2022-02-06,ER,9.81098361559864
IU,2022-02-07,GPP,2.8375969428908205
IU,2022-02-07,ER,9.576898959867725
IU,2022-02-08,GPP,2.6564416294465536
IU,2022-02-08,ER,8.929786882031797
IU,2022-02-09,GPP,3.1506619499516595
IU,2022-02-09,ER,8.834812729326726
IU,2022-02-10,GPP,3.1621691666769767
IU,2022-02-10,ER,9.040106725767869
IU,2022-02-11,GPP,3.2081285013919674
IU,2022-02-11,ER,9.006528761557545
IU,2022-02-12,GPP,3.34824457586377
IU,2022-02-12,ER,9.667500458440053
IU,2022-02-13,GPP,2.5169638136460866
IU,2022-02-13,ER,8.261441728732436
IU,2022-02-14,GPP,3.3586910717751413
IU,2022-02-14,ER,9.081026223853614
IU,2022-02-15,GPP,3.4569702508916422
IU,2022-02-15,ER,9.11889408746449
IU,2022-02-16,GPP,3.507372378981643
IU,2022-02-16,ER,9.468147357858903
IU,2022-02-17,GPP,3.486221355951241
IU,2022-02-17,ER,9.277467499153593
IU,2022-02-18,GPP,3.2457224678907415
IU,2022-02-18,ER,9.833026409097112
IU,2022-02-19,GPP,3.7073386992124338
IU,2022-02-19,ER,8.475226172813178
IU,2022-02-20,GPP,3.41229357744064
IU,2022-02-20,ER,9.108369056428836
IU,2022-02-21,GPP,3.5230758145500363
IU,2022-02-21,ER,8.942848375487372
IU,2022-02-22,GPP,3.696722699931072
IU,2022-02-22,ER,8.935944135407214
IU,2022-02-23,GPP,3.790302875334435
IU,2022-02-23,ER,9.218302157353737
IU,2022-02-24,GPP,3.769888446881248
IU,2022-02-24,ER,9.005991073614569
IU,2022-02-25,GPP,3.790633847060614
IU,2022-02-25,ER,8.579954610201106
IU,2022-02-26,GPP,3.752845940328147
IU,2022-02-26,ER,9.06744424288456
IU,2022-02-27,GPP,3.8696395959244665
IU,2022-02-27,ER,8.803494677109098
IU,2022-02-28,GPP,2.9583647050422837
IU,2022-02-28,ER,9.495142341639864
IU,2022-03-01,GPP,3.819242190972579
IU,2022-03-01,ER,8.674127063593414
IU,2022-03-02,GPP,3.671903637709176
IU,2022-03-02,ER,8.798951918194993
IU,2022-03-03,GPP,3.8701395306030286
IU,2022-03-03,ER,8.903771611368471
IU,2022-03-04,GPP,3.891800562159036
IU,2022-03-04,ER,8.882038199290646
IU,2022-03-05,GPP,3.802288778065624
IU,2022-03-05,ER,8.79955227496468
IU,2022-03-06,GPP,3.793288729436193
IU,2022-03-06,ER,8.924124060822066
IU,2022-03-07,GPP,3.5573252792369936
IU,2022-03-07,ER,8.735080048645303
IU,2022-03-08,GPP,3.4766383169246473
IU,2022-03-08,ER,8.830947067776624
IU,2022-03-09,GPP,3.783031538627934
IU,2022-03-09,ER,10.004764349834131
IU,2022-03-10,GPP,2.781539584187545
IU,2022-03-10,ER,9.208331224896652
IU,2022-03-11,GPP,2.7623016839798553
IU,2022-03-11,ER,9.792635588765592
IU,2022-03-12,GPP,3.51693985689356
IU,2022-03-12,ER,8.73572251301358
IU,2022-03-13,GPP,3.600557041344125
IU,2022-03-13,ER,9.23785271813948
IU,2022-03-15,GPP,3.4694631714128397
IU,2022-03-15,ER,10.902106036218605
IU,2022-03-16,GPP,3.904783989315492
IU,2022-03-16,ER,10.7736741782503
IU,2022-03-17,GPP,4.055585991383701
IU,2022-03-17,ER,11.119783197276842
IU,2022-03-18,GPP,4.330921643103014
IU,2022-03-18,ER,11.221378776428182
IU,2022-03-19,GPP,4.548276151680158
IU,2022-03-19,ER,11.501779741988749
IU,2022-03-20,GPP,5.070107689689086
IU,2022-03-20,ER,11.09051445807846
IU,2022-03-21,GPP,4.329112573658044
IU,2022-03-21,ER,11.666079690580199
IU,2022-03-22,GPP,4.885456150869113
IU,2022-03-22,ER,11.82420668213954
IU,2022-03-23,GPP,3.1252662313707957
IU,2022-03-23,ER,13.069117288893906
IU,2022-03-24,GPP,3.277582755779236
IU,2022-03-24,ER,11.892002268412108
IU,2022-03-25,GPP,4.432263638918561
IU,2022-03-25,ER,11.395053544275084
IU,2022-03-26,GPP,4.089964043864496
IU,2022-03-26,ER,11.650695800928313
IU,2022-03-27,GPP,4.260691651707886
IU,2022-03-27,ER,11.932462199917962
IU,2022-03-28,GPP,3.2343540111635085
IU,2022-03-28,ER,11.612314436300354
IU,2022-03-29,GPP,2.7276901376523197
IU,2022-03-29,ER,10.940812800426825
IU,2022-03-30,GPP,2.56919351946577
IU,2022-03-30,ER,11.346829774455292
IU,2022-03-31,GPP,2.644914757016496
IU,2022-03-31,ER,18.11311332784847
IU,2022-04-01,GPP,2.169522529029611
IU,2022-04-01,ER,8.105095314106666
IU,2022-04-02,GPP,2.7929363073798683
IU,2022-04-02,ER,18.001038114831353
IU,2022-04-03,GPP,3.007539000050834
IU,2022-04-03,ER,10.030448533715864
IU,2022-04-04,GPP,3.93096331743264
IU,2022-04-04,ER,12.885234860082898
IU,2022-04-05,GPP,3.4394108911182433
IU,2022-04-05,ER,12.001433581614208
IU,2022-04-06,GPP,2.9485672142308186
IU,2022-04-06,ER,12.12915767271853
IU,2022-04-07,GPP,2.1514206766528665
IU,2022-04-07,ER,10.366216053578452
IU,2022-04-08,GPP,5.106487319793102
IU,2022-04-08,ER,10.73497847373412
IU,2022-04-09,GPP,4.930874471172434
IU,2022-04-09,ER,10.905977940013988
IU,2022-04-10,GPP,4.61575406060214
IU,2022-04-10,ER,12.513942354193183
IU,2022-04-11,GPP,4.510628714725214
IU,2022-04-11,ER,11.305518640287072
IU,2022-04-12,GPP,4.368414082211781
IU,2022-04-12,ER,11.255915154286376
IU,2022-04-13,GPP,4.94151534780017
IU,2022-04-13,ER,10.764584548049577
IU,2022-04-14,GPP,3.954748627725349
IU,2022-04-14,ER,10.6935492782581
IU,2022-04-15,GPP,4.664960127248086
IU,2022-04-15,ER,11.195792629235074
IU,2022-04-16,GPP,4.6901886969476765
IU,2022-04-16,ER,10.574841388663463
IU,2022-04-17,GPP,8.08208774599781
IU,2022-04-17,ER,17.270667072581258
IU,2022-04-18,GPP,4.8111969987607575
IU,2022-04-18,ER,9.296719179560432
IU,2022-04-19,GPP,9.501101985109552
IU,2022-04-19,ER,12.3934497489421
IU,2022-04-20,GPP,7.808803969295885
IU,2022-04-20,ER,12.26073973601494
IU,2022-04-21,GPP,8.507974031342266
IU,2022-04-21,ER,12.184200332983364
IU,2022-04-22,GPP,8.942355725139517
IU,2022-04-22,ER,13.15172471825472
IU,2022-04-23,GPP,9.302297052766749
IU,2022-04-23,ER,13.271403017752329
IU,2022-04-24,GPP,8.847032583395622
IU,2022-04-24,ER,13.154136100215004
IU,2022-04-25,GPP,8.979071236757855
IU,2022-04-25,ER,13.0051827110045
IU,2022-04-26,GPP,8.825027144926457
IU,2022-04-26,ER,13.144298386025666
IU,2022-04-27,GPP,9.043635460917988
IU,2022-04-27,ER,13.046621874025057
IU,2022-04-28,GPP,8.67652295673748
IU,2022-04-28,ER,12.308538082743944
IU,2022-04-29,GPP,8.188011827643757
IU,2022-04-29,ER,12.616085942549038
IU,2022-04-30,GPP,7.453024631525357
IU,2022-04-30,ER,12.35218185291917
IU,2022-05-01,GPP,7.272679685139066
IU,2022-05-01,ER,11.805272588763165
IU,2022-05-02,GPP,6.719539523590924
IU,2022-05-02,ER,11.71811576417521
IU,2022-05-03,GPP,7.692279502105726
IU,2022-05-03,ER,12.225560924066343
IU,2022-05-04,GPP,6.655350292893791
IU,2022-05-04,ER,11.336157799040944
IU,2022-05-05,GPP,6.4999268317930285
IU,2022-05-05,ER,11.121626069030324
IU,2022-05-06,GPP,7.146685382264467
IU,2022-05-06,ER,11.692046083406993
IU,2022-05-07,GPP,6.701954070202536
IU,2022-05-07,ER,11.118720468724128
IU,2022-05-08,GPP,6.082082665167964
IU,2022-05-08,ER,10.848107316548104
IU,2022-05-09,GPP,5.88500224813217
IU,2022-05-09,ER,10.379918204894237
IU,2022-05-10,GPP,5.791476785742647
IU,2022-05-10,ER,10.26393857394161
IU,2022-05-11,GPP,5.875227496892147
IU,2022-05-11,ER,10.54073522305841
IU,2022-05-12,GPP,5.781318037046352
IU,2022-05-12,ER,10.895001349538411
IU,2022-05-13,GPP,5.479483916486538
IU,2022-05-13,ER,10.517672128077267
IU,2022-05-14,GPP,5.648886014488995
IU,2022-05-14,ER,10.570124309918352
IU,2022-05-15,GPP,5.941460045836557
IU,2022-05-15,ER,11.14763323485901
IU,2022-05-16,GPP,5.516890130044323
IU,2022-05-16,ER,10.293276231216124
IU,2022-05-17,GPP,5.719261090557273
IU,2022-05-17,ER,11.042001033192944
IU,2022-05-18,GPP,5.8946865750534
IU,2022-05-18,ER,10.303034964701968
IU,2022-05-19,GPP,5.806836589619454
IU,2022-05-19,ER,10.173059860662768
IU,2022-05-20,GPP,5.491390245072867
IU,2022-05-20,ER,9.954600795812537
IU,2022-05-21,GPP,5.970497942832209
IU,2022-05-21,ER,10.57337405095112
IU,2022-05-22,GPP,5.839070627749297
IU,2022-05-22,ER,10.009654941798452
IU,2022-05-23,GPP,6.016615727175273
IU,2022-05-23,ER,10.085678542495582
IU,2022-05-24,GPP,5.5996649909727525
IU,2022-05-24,ER,10.410761148495643
IU,2022-05-25,GPP,5.950466658221478
IU,2022-05-25,ER,10.138015106222996
IU,2022-05-26,GPP,6.1016023758344575
IU,2022-05-26,ER,10.264891158315631
IU,2022-05-27,GPP,5.090970452108041
IU,2022-05-27,ER,9.999748985662366
IU,2022-05-28,GPP,5.290838572209712
IU,2022-05-28,ER,9.992999430646838
IU,2022-05-29,GPP,5.508670376015089
IU,2022-05-29,ER,9.983506427506354
IU,2022-05-30,GPP,5.351146802856659
IU,2022-05-30,ER,9.911762833204122
IU,2022-05-31,GPP,5.942879452420961
IU,2022-05-31,ER,10.626650612268929
IU,2022-06-01,GPP,5.72578677856329
IU,2022-06-01,ER,9.893407867888628
IU,2022-06-02,GPP,5.965087474231602
IU,2022-06-02,ER,10.334082488085611
IU,2022-06-03,GPP,5.783863365593921
IU,2022-06-03,ER,10.095518030612666
IU,2022-06-04,GPP,5.367799823945675
IU,2022-06-04,ER,10.002159159032768
IU,2022-06-05,GPP,5.632896068086581
IU,2022-06-05,ER,9.887398588040206
IU,2022-06-06,GPP,6.027803807291439
IU,2022-06-06,ER,10.221787208930625
IU,2022-06-07,GPP,5.908628005770041
IU,2022-06-07,ER,9.968234719002291
IU,2022-06-08,GPP,5.7947232889145655
IU,2022-06-08,ER,10.032740313246052
IU,2022-06-09,GPP,6.41742942778862
IU,2022-06-09,ER,10.895083226395224
IU,2022-06-10,GPP,6.562481561781038
IU,2022-06-10,ER,10.772312325158415
IU,2022-06-11,GPP,5.965529543023767
IU,2022-06-11,ER,10.054172393878504
IU,2022-06-12,GPP,5.45347993832282
IU,2022-06-12,ER,10.712144493791408
IU,2022-06-13,GPP,5.013428980579496
IU,2022-06-13,ER,9.849869033015771
IU,2022-06-14,GPP,5.847731360311446
IU,2022-06-14,ER,10.555380041500255
IU,2022-06-15,GPP,5.9648971039309115
IU,2022-06-15,ER,9.775349949001678
IU,2022-06-16,GPP,6.126691707082344
IU,2022-06-16,ER,10.032320169604928
IU,2022-06-17,GPP,5.992695976101312
IU,2022-06-17,ER,10.041405116162233
IU,2022-06-18,GPP,4.089932219175265
IU,2022-06-18,ER,9.449449571419551
IU,2022-06-19,GPP,5.7742888838150055
IU,2022-06-19,ER,9.921128534554976
IU,2022-06-20,GPP,5.663405346278624
IU,2022-06-20,ER,9.82796047542528
IU,2022-06-21,GPP,5.756053240949469
IU,2022-06-21,ER,9.475935879475486
IU,2022-06-22,GPP,6.228148469846157
IU,2022-06-22,ER,10.258803288301182
IU,2022-06-23,GPP,5.986709943633033
IU,2022-06-23,ER,9.89536840970866
IU,2022-06-24,GPP,7.344327381513219
IU,2022-06-24,ER,12.123229206926649
IU,2022-06-25,GPP,5.5033697328943365
IU,2022-06-25,ER,9.59628959207557
IU,2022-06-26,GPP,5.522551446954703
IU,2022-06-26,ER,10.45661725164207
IU,2022-07-08,GPP,5.5400821684892385
IU,2022-07-08,ER,10.643627612082351
IU,2022-07-09,GPP,4.61359459402324
IU,2022-07-09,ER,9.895015801438872
IU,2022-07-10,GPP,4.709392683110755
IU,2022-07-10,ER,9.906334080922628
IU,2022-07-11,GPP,5.002935007714721
IU,2022-07-11,ER,10.38060937580699
IU,2022-07-12,GPP,4.721271694848258
IU,2022-07-12,ER,9.576087913791248
IU,2022-07-13,GPP,4.6724034823785
IU,2022-07-13,ER,9.515815224635473
IU,2022-07-14,GPP,5.547071175498443
IU,2022-07-14,ER,10.733206101386555
IU,2022-07-15,GPP,5.679657148049367
IU,2022-07-15,ER,10.102918599675505
IU,2022-07-16,GPP,5.397966170870206
IU,2022-07-16,ER,10.29970048606931
IU,2022-07-17,GPP,5.11666980251246
IU,2022-07-17,ER,9.666049143122754
IU,2022-07-18,GPP,4.753010394683365
IU,2022-07-18,ER,10.111131767701142
IU,2022-07-19,GPP,5.030388525113558
IU,2022-07-19,ER,9.74844070819536
IU,2022-07-20,GPP,5.5881383784664065
IU,2022-07-20,ER,9.697081552428214
IU,2022-07-21,GPP,5.229550710729667
IU,2022-07-21,ER,10.095365065176608
IU,2022-07-22,GPP,5.414827413167868
IU,2022-07-22,ER,10.336313744576678
IU,2022-07-23,GPP,4.963792574993398
IU,2022-07-23,ER,10.186320952532238
IU,2022-07-24,GPP,5.101032371475102
IU,2022-07-24,ER,9.901162360021198
IU,2022-07-25,GPP,4.991218797403072
IU,2022-07-25,ER,9.961024930331345
IU,2022-07-26,GPP,5.1541854036408035
IU,2022-07-26,ER,9.93561901366693
IU,2022-07-27,GPP,4.95240492143749
IU,2022-07-27,ER,9.762705613501538
IU,2022-07-28,GPP,4.860763478922031
IU,2022-07-28,ER,9.663732920559449
IU,2022-07-29,GPP,5.153687973388208
IU,2022-07-29,ER,9.934751871885558
IU,2022-07-30,GPP,4.82456837909183
IU,2022-07-30,ER,9.973510773510435
IU,2022-07-31,GPP,4.609616299770202
IU,2022-07-31,ER,9.90515450632108
IU,2022-08-01,GPP,4.712764526859121
IU,2022-08-01,ER,10.039437312515687
IU,2022-08-02,GPP,4.728333148345115
IU,2022-08-02,ER,10.055050877528844
IU,2022-08-04,GPP,4.714186438690303
IU,2022-08-04,ER,9.6824533084434
IU,2022-08-05,GPP,5.019563722071389
IU,2022-08-05,ER,10.440235838972338
IU,2022-08-06,GPP,4.5467265184721235
IU,2022-08-06,ER,10.008177444233596
IU,2022-08-07,GPP,4.554441568865819
IU,2022-08-07,ER,9.573201319527609
IU,2022-08-08,GPP,4.834768714696703
IU,2022-08-08,ER,10.259974417080414
IU,2022-08-09,GPP,4.613141075110126
IU,2022-08-09,ER,10.202983592324356
IU,2022-08-10,GPP,5.131531316069479
IU,2022-08-10,ER,10.221755166736164
IU,2022-08-11,GPP,3.444803749870651
IU,2022-08-11,ER,9.416872636422228
IU,2022-08-12,GPP,4.315868533874411
IU,2022-08-12,ER,9.411422127632422
IU,2022-08-13,GPP,4.459281389620057
IU,2022-08-13,ER,10.430326668653894
IU,2022-08-14,GPP,4.794976625339071
IU,2022-08-14,ER,10.03551004207433
IU,2022-08-15,GPP,4.383362990728122
IU,2022-08-15,ER,9.393282176984394
IU,2022-08-16,GPP,4.7924610070505045
IU,2022-08-16,ER,10.217888169221457
IU,2022-08-17,GPP,5.363632917257074
IU,2022-08-17,ER,10.48048998695239
IU,2022-08-18,GPP,5.089585404105985
IU,2022-08-18,ER,10.870730216701672
IU,2022-08-19,GPP,4.414941917445833
IU,2022-08-19,ER,9.731586918333932
IU,2022-08-20,GPP,4.300855597528736
IU,2022-08-20,ER,9.830055691556389
IU,2022-08-21,GPP,4.825708306988344
IU,2022-08-21,ER,10.131497789495832
IU,2022-08-22,GPP,4.910926509822343
IU,2022-08-22,ER,9.66160743541746
IU,2022-08-23,GPP,4.586305269856268
IU,2022-08-23,ER,9.59041494064661
IU,2022-08-24,GPP,3.9494535803941706
IU,2022-08-24,ER,8.075355548598104
IU,2022-08-25,GPP,5.392310282005518
IU,2022-08-25,ER,11.190449221243716
IU,2022-08-26,GPP,4.3861033724546665
IU,2022-08-26,ER,9.6884943752282755
IU,2022-08-27,GPP,4.990810816747027
IU,2022-08-27,ER,9.947444363868533
IU,2022-08-28,GPP,4.589181857513316
IU,2022-08-28,ER,9.527360446242565
IU,2022-08-29,GPP,4.232900339582135
IU,2022-08-29,ER,9.533280986590327
IU,2022-08-30,GPP,4.268930703781478
IU,2022-08-30,ER,9.70767635814409
IU,2022-08-31,GPP,4.616012173508026
IU,2022-08-31,ER,10.790588986893615
IU,2022-09-01,GPP,4.724796264186218
IU,2022-09-01,ER,9.75948276436437
IU,2022-09-02,GPP,4.689470195508947
IU,2022-09-02,ER,10.38314548242303
IU,2022-09-03,GPP,4.80700093186886
IU,2022-09-03,ER,10.47864003683521
IU,2022-09-04,GPP,4.874146659256254
IU,2022-09-04,ER,11.40695175784385
IU,2022-09-05,GPP,5.113905265717696
IU,2022-09-05,ER,10.632408930268364
IU,2022-09-06,GPP,4.434295450405788
IU,2022-09-06,ER,10.437442108594428
IU,2022-09-07,GPP,4.874207058851029
IU,2022-09-07,ER,10.739840809891009
IU,2022-09-08,GPP,2.9727641217238543
IU,2022-09-08,ER,10.314591891127984
IU,2022-09-09,GPP,5.139207544250828
IU,2022-09-09,ER,11.811144342308602
IU,2022-09-10,GPP,4.403479002022431
IU,2022-09-10,ER,11.095971304132016
IU,2022-09-11,GPP,4.8124188127315355
IU,2022-09-11,ER,10.976659514343098
IU,2022-09-12,GPP,4.6343439978233585
IU,2022-09-12,ER,11.662608180984726
IU,2022-09-13,GPP,3.9302968000380782
IU,2022-09-13,ER,11.142842760117434
IU,2022-09-14,GPP,4.480460606857662
IU,2022-09-14,ER,11.047661328736067
IU,2022-09-15,GPP,5.340827774541692
IU,2022-09-15,ER,11.85151499723846
IU,2022-09-16,GPP,5.202660976062776
IU,2022-09-16,ER,12.256956700843066
IU,2022-09-17,GPP,4.500996674549856
IU,2022-09-17,ER,11.21961340824434
IU,2022-09-18,GPP,4.455572109502941
IU,2022-09-18,ER,11.064349159754157
IU,2022-09-19,GPP,4.2122572619591985
IU,2022-09-19,ER,11.333206245453296
IU,2022-09-20,GPP,4.4574559719022435
IU,2022-09-20,ER,11.179194360349394
IU,2022-09-21,GPP,4.571275909871475
IU,2022-09-21,ER,11.007500239249495
IU,2022-09-22,GPP,4.572840084707724
IU,2022-09-22,ER,10.752183204214962
IU,2022-09-23,GPP,4.427292233124849
IU,2022-09-23,ER,10.489931565384214
IU,2022-09-24,GPP,4.32334642390882
IU,2022-09-24,ER,10.62947586090657
IU,2022-09-25,GPP,4.008957268393747
IU,2022-09-25,ER,10.503178510371924
IU,2022-09-26,GPP,4.021415828649308
IU,2022-09-26,ER,10.24819548359073
IU,2022-09-27,GPP,4.5875115752140525
IU,2022-09-27,ER,10.059366263996042
IU,2022-09-28,GPP,3.4451190681560853
IU,2022-09-28,ER,10.33011537181678
IU,2022-09-29,GPP,3.477378878860216
IU,2022-09-29,ER,10.085438935225636
IU,2022-09-30,GPP,3.9372583608468967
IU,2022-09-30,ER,10.027975524818904
IU,2022-10-01,GPP,3.594240552017294
IU,2022-10-01,ER,9.68176484315176
IU,2022-10-02,GPP,3.722871956212403
IU,2022-10-02,ER,9.941833691599507
IU,2022-10-03,GPP,3.5269778558595433
IU,2022-10-03,ER,9.270169659999556
IU,2022-10-04,GPP,3.516849576919665
IU,2022-10-04,ER,9.392864667008956
IU,2022-10-05,GPP,3.739892268279261
IU,2022-10-05,ER,9.6231391284246
IU,2022-10-06,GPP,3.608784374227028
IU,2022-10-06,ER,9.4012025313428
IU,2022-10-07,GPP,3.53283558048771
IU,2022-10-07,ER,9.312949130703876
IU,2022-10-08,GPP,3.7230909762434887
IU,2022-10-08,ER,9.606540205101378
IU,2022-10-09,GPP,3.6161020249470246
IU,2022-10-09,ER,9.34475384256435
IU,2022-10-10,GPP,3.7187091538501593
IU,2022-10-10,ER,9.422267708048992
IU,2022-10-11,GPP,3.2287124661800473
IU,2022-10-11,ER,9.435983557850646
IU,2022-10-12,GPP,3.3964920813733044
IU,2022-10-12,ER,9.422648839465728
IU,2022-10-13,GPP,3.254636043583396
IU,2022-10-13,ER,9.452199963531204
IU,2022-10-14,GPP,3.549866475555352
IU,2022-10-14,ER,9.418425502168772
IU,2022-10-15,GPP,3.4545228940876624
IU,2022-10-15,ER,9.60071570012778
IU,2022-10-16,GPP,3.3019105741956993
IU,2022-10-16,ER,9.610521600516808
IU,2022-10-17,GPP,3.420696819030273
IU,2022-10-17,ER,9.43631463422695
IU,2022-10-18,GPP,3.5647371042441702
IU,2022-10-18,ER,9.289868628128955
IU,2022-10-19,GPP,3.269880307423441
IU,2022-10-19,ER,9.103797265008112
IU,2022-10-20,GPP,3.2507654185711963
IU,2022-10-20,ER,9.566752613367145
IU,2022-10-21,GPP,3.209009119482739
IU,2022-10-21,ER,9.066128809604445
IU,2022-10-22,GPP,3.305128549567832
IU,2022-10-22,ER,9.415451284013557
IU,2022-10-23,GPP,3.2840437291791944
IU,2022-10-23,ER,9.43311387855889
IU,2022-10-24,GPP,3.32308073767141
IU,2022-10-24,ER,9.341766325576405
IU,2022-10-25,GPP,3.389588609040039
IU,2022-10-25,ER,9.420450804536095
IU,2022-10-26,GPP,3.1613669433539955
IU,2022-10-26,ER,9.260259744786792
IU,2022-10-27,GPP,3.4337628813504417
IU,2022-10-27,ER,9.66883850329205
IU,2022-10-28,GPP,3.004617837849441
IU,2022-10-28,ER,9.251047412625072
IU,2022-10-29,GPP,2.9927180942718485
IU,2022-10-29,ER,9.46089212816465
IU,2022-10-30,GPP,2.835227876583214
IU,2022-10-30,ER,9.312735257452193
IU,2022-10-31,GPP,3.2132718688220514
IU,2022-10-31,ER,9.3000621091792
IU,2022-11-01,GPP,3.151045512887657
IU,2022-11-01,ER,9.355768897254086
IU,2022-11-02,GPP,3.3034848691660454
IU,2022-11-02,ER,9.43466361593037
IU,2022-11-03,GPP,3.247110201032652
IU,2022-11-03,ER,9.278627362910251
IU,2022-11-04,GPP,3.1358018254690365
IU,2022-11-04,ER,9.515222261860629
IU,2022-11-05,GPP,3.0047150991996663
IU,2022-11-05,ER,9.44650645465833
IU,2022-11-06,GPP,3.148050518762051
IU,2022-11-06,ER,9.00527576006429
IU,2022-11-07,GPP,3.084118902815768
IU,2022-11-07,ER,9.259938487253995
IU,2022-11-08,GPP,2.966356977244965
IU,2022-11-08,ER,9.217695574104091
IU,2022-11-09,GPP,3.413729804986811
IU,2022-11-09,ER,9.24222222703346
IU,2022-11-10,GPP,2.6987107114814006
IU,2022-11-10,ER,10.57449621160264
IU,2022-11-11,GPP,2.663678530698786
IU,2022-11-11,ER,9.210990853862857
IU,2022-11-12,GPP,3.057901423682688
IU,2022-11-12,ER,9.49757006853352
IU,2022-11-13,GPP,2.774162805936659
IU,2022-11-13,ER,8.988712780895277
IU,2022-11-14,GPP,3.026372021036365
IU,2022-11-14,ER,9.441142984173007
IU,2022-11-15,GPP,2.675147694348722
IU,2022-11-15,ER,9.40030532205858
IU,2022-11-16,GPP,3.197146003400332
IU,2022-11-16,ER,8.959627844725585
IU,2022-11-17,GPP,3.096545564135957
IU,2022-11-17,ER,8.986710583860209
IU,2022-11-18,GPP,3.038980417464152
IU,2022-11-18,ER,8.862510840208897
IU,2022-11-19,GPP,2.7392895133989006
IU,2022-11-19,ER,9.229302874778591
IU,2022-11-20,GPP,2.72718018681546
IU,2022-11-20,ER,9.531110708275657
IU,2022-11-21,GPP,3.083533164566109
IU,2022-11-21,ER,9.453427399744935
IU,2022-11-22,GPP,2.845372923028685
IU,2022-11-22,ER,9.197826928851876
IU,2022-11-23,GPP,3.0453067520947226
IU,2022-11-23,ER,9.256181018740042
IU,2022-11-24,GPP,2.7923088938212035
IU,2022-11-24,ER,9.224939959030957
IU,2022-11-25,GPP,2.9528385473733785
IU,2022-11-25,ER,9.478425089518304
IU,2022-11-26,GPP,2.7001035352402516
IU,2022-11-26,ER,9.12053568235366
IU,2022-11-27,GPP,2.6896928910967226
IU,2022-11-27,ER,8.921589088261499
IU,2022-11-28,GPP,2.8379806276977373
IU,2022-11-28,ER,8.940952050218073
IU,2022-11-29,GPP,3.071776762884041
IU,2022-11-29,ER,9.061506811286227
IU,2022-11-30,GPP,3.161538992946298
IU,2022-11-30,ER,10.073246533042775
IU,2022-12-01,GPP,3.094528936664695
IU,2022-12-01,ER,9.002321113874137
IU,2022-12-02,GPP,2.853815045038494
IU,2022-12-02,ER,9.243056315566568
IU,2022-12-03,GPP,2.922249286702683
IU,2022-12-03,ER,8.915167006494581
IU,2022-12-04,GPP,2.9952278251678055
IU,2022-12-04,ER,9.260336617014987
IU,2022-12-05,GPP,2.6749131595220943
IU,2022-12-05,ER,8.919447296759252
IU,2022-12-06,GPP,3.014858017053448
IU,2022-12-06,ER,9.116535886055612
IU,2022-12-07,GPP,2.821060680570348
IU,2022-12-07,ER,8.920158521630222
IU,2022-12-08,GPP,2.8059138264666355
IU,2022-12-08,ER,8.717534697499453
IU,2022-12-10,GPP,3.0344378640473493
IU,2022-12-10,ER,8.99169258439358
IU,2022-12-11,GPP,2.5014542206747117
IU,2022-12-11,ER,8.576803648928674
IU,2022-12-12,GPP,3.0458446254390856
IU,2022-12-12,ER,8.898530465867157
IU,2022-12-13,GPP,2.8488362573890895
IU,2022-12-13,ER,9.094626195797138
IU,2022-12-14,GPP,2.884335674293832
IU,2022-12-14,ER,9.218943784219483
IU,2022-12-15,GPP,2.208447965788544
IU,2022-12-15,ER,8.910327490203601
IU,2022-12-16,GPP,2.935863492004369
IU,2022-12-16,ER,8.59812048957741
IU,2022-12-17,GPP,3.0350787923401503
IU,2022-12-17,ER,9.020466252231447
IU,2022-12-18,GPP,2.911128028201313
IU,2022-12-18,ER,8.497672276532045
IU,2022-12-19,GPP,2.9359446054940723
IU,2022-12-19,ER,8.940374259222015
IU,2022-12-20,GPP,2.8532702067445017
IU,2022-12-20,ER,9.395367608594215
IU,2022-12-21,GPP,2.758075381301202
IU,2022-12-21,ER,9.010406265336504
IU,2022-12-22,GPP,2.681069296383296
IU,2022-12-22,ER,8.837749388481777
IU,2022-12-23,GPP,2.8793469911179694
IU,2022-12-23,ER,8.068713731295418
IU,2022-12-24,GPP,2.8200744278385357
IU,2022-12-24,ER,8.261913705868695
IU,2022-12-25,GPP,2.9615835412182663
IU,2022-12-25,ER,8.685124095634421
IU,2022-12-26,GPP,2.8802999568401813
IU,2022-12-26,ER,8.63896934740521
IU,2022-12-27,GPP,2.956234606301997
IU,2022-12-27,ER,8.584875672967291
IU,2022-12-28,GPP,2.8556117439185025
IU,2022-12-28,ER,8.818527941676122
IU,2022-12-29,GPP,2.8725175175128124
IU,2022-12-29,ER,9.180368942339822
IU,2022-12-30,GPP,3.0087015402817063
IU,2022-12-30,ER,8.790676075077336
IU,2022-12-31,GPP,2.3868670796631903
IU,2022-12-31,ER,9.0762170220114875
IU,2023-01-01,GPP,2.979978961887517
IU,2023-01-01,ER,8.962494368036767
IU,2023-01-02,GPP,3.0684796878360627
IU,2023-01-02,ER,9.000674556320236
IU,2023-01-03,GPP,2.964047731499732
IU,2023-01-03,ER,8.864063111430628
IU,2023-01-05,GPP,3.0323607491006905
IU,2023-01-05,ER,8.58238218135309
IU,2023-01-06,GPP,3.0194260631997714
IU,2023-01-06,ER,8.340798765898914
IU,2023-01-07,GPP,2.926539188092399
IU,2023-01-07,ER,8.676907623717831
IU,2023-01-08,GPP,3.038458250798132
IU,2023-01-08,ER,8.998998675907744
IU,2023-01-09,GPP,2.970956304572244
IU,2023-01-09,ER,8.54740277194546
IU,2023-01-10,GPP,3.2072393681394473
IU,2023-01-10,ER,8.725323280041684
IU,2023-01-11,GPP,3.120609259972618
IU,2023-01-11,ER,8.973601116558221
IU,2023-01-12,GPP,3.0399507379171107
IU,2023-01-12,ER,8.597621446548965
IU,2023-01-13,GPP,2.960070646471041
IU,2023-01-13,ER,8.475413872245657
IU,2023-01-14,GPP,3.16680484698435
IU,2023-01-14,ER,8.28158472831224
IU,2023-01-15,GPP,3.159466855743562
IU,2023-01-15,ER,8.89040615884422
IU,2023-01-16,GPP,3.0724883626562014
IU,2023-01-16,ER,8.62885636225815
IU,2023-01-17,GPP,3.0911644806987923
IU,2023-01-17,ER,8.69402611856871
IU,2023-01-19,GPP,3.266393430734775
IU,2023-01-19,ER,9.062446719503974
IU,2023-01-20,GPP,3.1421992910905296
IU,2023-01-20,ER,8.07155107432104
IU,2023-01-21,GPP,2.6450790232650827
IU,2023-01-21,ER,9.22427634667308
IU,2023-01-22,GPP,2.882248322972344
IU,2023-01-22,ER,8.613899784356134
IU,2023-01-23,GPP,3.432344308196776
IU,2023-01-23,ER,8.346469411333521
IU,2023-01-24,GPP,3.2926465268902723
IU,2023-01-24,ER,8.539012194140717
IU,2023-01-26,GPP,3.4697301370080034
IU,2023-01-26,ER,8.111835608438088
IU,2023-01-27,GPP,3.135194362794996
IU,2023-01-27,ER,8.065087827995356
IU,2023-02-04,GPP,3.4510023433521213
IU,2023-02-04,ER,8.439515939070523
IU,2023-02-06,GPP,3.4627921613582067
IU,2023-02-06,ER,8.548096273379013
IU,2023-02-08,GPP,3.5987216227401846
IU,2023-02-08,ER,8.28881510762097
IU,2023-02-17,GPP,4.295771108068371
IU,2023-02-17,ER,10.05920824542235
IU,2023-02-18,GPP,4.592412628750817
IU,2023-02-18,ER,9.22889630696242
IU,2023-02-19,GPP,4.603856954512927
IU,2023-02-19,ER,10.429855759350604
IU,2023-02-20,GPP,4.683863515123144
IU,2023-02-20,ER,10.029790117588188
IU,2023-02-21,GPP,4.715654578654154
IU,2023-02-21,ER,10.467273113863705
IU,2023-02-22,GPP,4.561105049110071
IU,2023-02-22,ER,10.861756705008158
IU,2023-02-23,GPP,4.9098924218303734
IU,2023-02-23,ER,10.201914505565265
IU,2023-02-24,GPP,5.377538833509016
IU,2023-02-24,ER,10.516827738717428
IU,2023-02-25,GPP,4.538046384091791
IU,2023-02-25,ER,10.026530628247231
IU,2023-02-26,GPP,5.698672022947985
IU,2023-02-26,ER,11.062202421270214
IU,2023-02-27,GPP,5.474809748361262
IU,2023-02-27,ER,10.522007233354968
IU,2023-02-28,GPP,3.987029373079766
IU,2023-02-28,ER,9.592698603019306
IU,2023-03-01,GPP,5.031200146453324
IU,2023-03-01,ER,10.018782895317944
IU,2023-03-02,GPP,4.876692035310907
IU,2023-03-02,ER,9.484760152364744
IU,2023-03-03,GPP,4.852438511316452
IU,2023-03-03,ER,10.027318570011724
IU,2023-03-04,GPP,3.4544085614728113
IU,2023-03-04,ER,9.80360822992203
IU,2023-03-05,GPP,4.460832920546871
IU,2023-03-05,ER,9.280642625490229
IU,2023-03-06,GPP,4.665679477166901
IU,2023-03-06,ER,9.44345167596176
IU,2023-03-07,GPP,4.354670886796335
IU,2023-03-07,ER,9.25759130841002
IU,2023-03-08,GPP,4.33189109823146
IU,2023-03-08,ER,8.732096122681893
IU,2023-03-09,GPP,4.37571023008061
IU,2023-03-09,ER,8.982071938487387
IU,2023-03-10,GPP,4.2789514496077805
IU,2023-03-10,ER,9.04134202020478
IU,2023-03-11,GPP,4.087806530873192
IU,2023-03-11,ER,8.794795804642767
IU,2023-03-12,GPP,3.865900769488243
IU,2023-03-12,ER,9.20444422479477
IU,2023-03-13,GPP,2.3063378107850383
IU,2023-03-13,ER,8.422982469590638
IU,2023-03-14,GPP,3.827765819556558
IU,2023-03-14,ER,8.54885269334464
IU,2023-03-15,GPP,3.953287397553243
IU,2023-03-15,ER,8.883897995111592
IU,2023-03-16,GPP,3.7515725566835942
IU,2023-03-16,ER,9.013397331633524
IU,2023-03-17,GPP,3.8551716190398344
IU,2023-03-17,ER,8.925603201961641
IU,2023-03-18,GPP,3.0022708783051333
IU,2023-03-18,ER,9.481148222389544
IU,2023-03-19,GPP,3.767159987169312
IU,2023-03-19,ER,8.419519936363882
IU,2023-03-20,GPP,3.977399067868492
IU,2023-03-20,ER,8.737062827079102
IU,2023-03-21,GPP,3.897270711936641
IU,2023-03-21,ER,8.924762290250257
IU,2023-03-22,GPP,3.893041930344882
IU,2023-03-22,ER,8.864173203900469
IU,2023-03-23,GPP,3.7692693905762784
IU,2023-03-23,ER,8.884024751996499
IU,2023-03-24,GPP,3.7906530617732854
IU,2023-03-24,ER,8.954778398382453
IU,2023-03-25,GPP,3.691687933358003
IU,2023-03-25,ER,9.00710539854072
IU,2023-03-26,GPP,3.791412896453082
IU,2023-03-26,ER,8.777243523004403
IU,2023-03-27,GPP,4.069721741922208
IU,2023-03-27,ER,8.858393849897235
IU,2023-03-28,GPP,3.675125755121553
IU,2023-03-28,ER,9.32796222831749
IU,2023-03-29,GPP,4.245306773088548
IU,2023-03-29,ER,8.705864498904056
IU,2023-03-30,GPP,3.877278402380118
IU,2023-03-30,ER,8.825103626597633
IU,2023-03-31,GPP,3.8986622579896633
IU,2023-03-31,ER,8.743871025502578
IU,2023-04-01,GPP,3.982491513477447
IU,2023-04-01,ER,8.898122402451065
IU,2023-04-02,GPP,4.323820116880884
IU,2023-04-02,ER,8.935485401881573
IU,2023-04-03,GPP,4.431450246153054
IU,2023-04-03,ER,8.811814732831893
IU,2023-04-04,GPP,4.169320636722855
IU,2023-04-04,ER,8.998702274525966
IU,2023-04-05,GPP,3.9827442921339737
IU,2023-04-05,ER,8.705672958535603
IU,2023-04-06,GPP,4.302856067370694
IU,2023-04-06,ER,9.018031862416604
IU,2023-04-07,GPP,4.5927273512160065
IU,2023-04-07,ER,9.292556144732975
IU,2023-04-08,GPP,4.588987237823942
IU,2023-04-08,ER,9.827096063016835
IU,2023-04-09,GPP,3.898829366388906
IU,2023-04-09,ER,9.031486281552882
IU,2023-04-10,GPP,4.459434376613732
IU,2023-04-10,ER,9.230898769743307
IU,2023-04-12,GPP,4.528584511665881
IU,2023-04-12,ER,9.149530038028
IU,2023-04-13,GPP,4.289588745481816
IU,2023-04-13,ER,8.976882165942952
IU,2023-04-14,GPP,4.251830541299723
IU,2023-04-14,ER,9.104907656812356
IU,2023-04-15,GPP,4.129245558875355
IU,2023-04-15,ER,8.758833584175367
IU,2023-04-16,GPP,4.475358979968237
IU,2023-04-16,ER,8.946040899796163
IU,2023-04-17,GPP,4.921587640471053
IU,2023-04-17,ER,8.942821144000503
IU,2023-04-18,GPP,4.326490381983544
IU,2023-04-18,ER,8.879591919095722
IU,2023-04-19,GPP,4.472933156667099
IU,2023-04-19,ER,8.696757296016422
IU,2023-04-20,GPP,4.361907607486765
IU,2023-04-20,ER,8.961518280240414
IU,2023-04-21,GPP,4.17712069720963
IU,2023-04-21,ER,8.914449834469288
IU,2023-04-22,GPP,4.216092847820029
IU,2023-04-22,ER,9.078381438931606
IU,2023-04-23,GPP,4.632424449437473
IU,2023-04-23,ER,8.948619786462574
IU,2023-04-24,GPP,3.976673478698872
IU,2023-04-24,ER,9.226267647109662
IU,2023-04-25,GPP,4.2266565644344665
IU,2023-04-25,ER,8.999103413414051
IU,2023-04-26,GPP,4.585698444673148
IU,2023-04-26,ER,9.272400273531964
IU,2023-04-27,GPP,4.899539731753004
IU,2023-04-27,ER,9.51116663091557
IU,2023-04-28,GPP,4.666681659851091
IU,2023-04-28,ER,9.119631141135695
IU,2023-04-29,GPP,4.931196516692408
IU,2023-04-29,ER,10.094545800918208
IU,2023-04-30,GPP,4.336234608976724
IU,2023-04-30,ER,9.01036510317581
IU,2023-05-01,GPP,4.514942561698378
IU,2023-05-01,ER,8.883037733255117
IU,2023-05-02,GPP,4.687283902339027
IU,2023-05-02,ER,8.878025611007992
IU,2023-05-03,GPP,4.508135498528465
IU,2023-05-03,ER,8.884980212258517
IU,2023-05-04,GPP,4.495265021216704
IU,2023-05-04,ER,8.864457334524216
IU,2023-05-05,GPP,4.747032459081219
IU,2023-05-05,ER,8.935018898766721
IU,2023-05-06,GPP,4.7436703851200415
IU,2023-05-06,ER,8.939113907607974
IU,2023-05-07,GPP,4.685011328582487
IU,2023-05-07,ER,8.796086112689721
IU,2023-05-08,GPP,4.849134018021705
IU,2023-05-08,ER,9.206968831007815
IU,2023-05-09,GPP,5.018504679437488
IU,2023-05-09,ER,9.006906891590273
IU,2023-05-10,GPP,5.062236723306874
IU,2023-05-10,ER,9.28732594080544
IU,2023-05-11,GPP,5.129510701354824
IU,2023-05-11,ER,8.81250992961464
IU,2023-05-12,GPP,5.127104286065786
IU,2023-05-12,ER,8.898726462551291
IU,2023-05-13,GPP,5.290654219765554
IU,2023-05-13,ER,9.327069544881317
IU,2023-05-14,GPP,5.252800200130484
IU,2023-05-14,ER,9.240497829660171
IU,2023-05-15,GPP,5.4672420406740505
IU,2023-05-15,ER,9.497516313534245
IU,2023-05-16,GPP,5.177074104615772
IU,2023-05-16,ER,8.93848970146821
IU,2023-05-17,GPP,4.69302839094501
IU,2023-05-17,ER,8.758535537206882
IU,2023-05-18,GPP,4.047702426540362
IU,2023-05-18,ER,8.955873971389614
IU,2023-05-19,GPP,4.958102809948517
IU,2023-05-19,ER,9.184492828328574
IU,2023-05-20,GPP,4.9555117700573375
IU,2023-05-20,ER,9.242050264996369
IU,2023-05-21,GPP,5.376268183886403
IU,2023-05-21,ER,9.79508224597072
IU,2023-05-22,GPP,4.7669851700538075
IU,2023-05-22,ER,8.81273712468619
IU,2023-05-23,GPP,4.842443518634098
IU,2023-05-23,ER,10.069554966962617
IU,2023-05-24,GPP,4.592644540153872
IU,2023-05-24,ER,8.684721910435886
IU,2023-05-25,GPP,5.349945705941068
IU,2023-05-25,ER,9.41494797929547
IU,2023-05-26,GPP,4.216327867352459
IU,2023-05-26,ER,9.221311037063568
IU,2023-05-27,GPP,4.849811725235544
IU,2023-05-27,ER,9.023490775706344
IU,2023-05-28,GPP,4.930273328506526
IU,2023-05-28,ER,9.242379795483949
IU,2023-05-29,GPP,5.066910667338006
IU,2023-05-29,ER,9.27039765854824
IU,2023-05-30,GPP,5.254658751239575
IU,2023-05-30,ER,9.09155125525225
IU,2023-05-31,GPP,5.298684780675585
IU,2023-05-31,ER,9.454215153938891
IU,2023-06-01,GPP,5.074821183354513
IU,2023-06-01,ER,9.254228810907332
IU,2023-06-02,GPP,5.074142286611712
IU,2023-06-02,ER,8.925830849769964
IU,2023-06-03,GPP,5.250881458594845
IU,2023-06-03,ER,9.692125687469796
IU,2023-06-04,GPP,5.2056850854900105
IU,2023-06-04,ER,9.84550276089131
IU,2023-06-05,GPP,5.507097658931253
IU,2023-06-05,ER,9.20232829001357
IU,2023-06-06,GPP,5.153012394260105
IU,2023-06-06,ER,8.919977915525008
IU,2023-06-07,GPP,5.119166266917382
IU,2023-06-07,ER,9.388166498746752
IU,2023-06-08,GPP,5.275123271123898
IU,2023-06-08,ER,9.322940301363731
IU,2023-06-09,GPP,5.668205882767067
IU,2023-06-09,ER,10.52821984559452
IU,2023-06-10,GPP,5.1351839610421335
IU,2023-06-10,ER,9.619407285808387
IU,2023-06-11,GPP,5.4389762049550825
IU,2023-06-11,ER,9.865029403781309
IU,2023-06-12,GPP,4.295667642366843
IU,2023-06-12,ER,9.282766854881183
IU,2023-06-13,GPP,4.917992230295748
IU,2023-06-13,ER,9.09640914925096
IU,2023-06-14,GPP,5.013148990254471
IU,2023-06-14,ER,8.901834486064738
IU,2023-06-15,GPP,4.8813943930757855
IU,2023-06-15,ER,11.1072116772223
IU,2023-06-16,GPP,4.833173558802437
IU,2023-06-16,ER,9.21254752587522
IU,2023-06-17,GPP,4.472618037846132
IU,2023-06-17,ER,9.429844476074182
IU,2023-06-18,GPP,4.992017531371602
IU,2023-06-18,ER,9.27995689562646
IU,2023-06-19,GPP,4.456226993259949
IU,2023-06-19,ER,9.390652215857124
IU,2023-06-20,GPP,4.2565927788332205
IU,2023-06-20,ER,8.770126142131712
IU,2023-06-21,GPP,3.689600789842455
IU,2023-06-21,ER,9.222731305685992
IU,2023-06-22,GPP,3.535547286222646
IU,2023-06-22,ER,9.638697484354886
IU,2023-06-23,GPP,4.338264493800082
IU,2023-06-23,ER,9.583603962212004
IU,2023-06-24,GPP,4.520635826694334
IU,2023-06-24,ER,9.44178572316276
IU,2023-06-25,GPP,4.69530705967732
IU,2023-06-25,ER,9.692351118799156
IU,2023-06-29,GPP,5.645531938213299
IU,2023-06-29,ER,10.283853574416472
IU,2023-06-30,GPP,5.905839258273583
IU,2023-06-30,ER,10.467063084355829
IU,2023-07-01,GPP,5.9063736463490475
IU,2023-07-01,ER,10.547603359773507
IU,2023-07-02,GPP,5.743101284303376
IU,2023-07-02,ER,10.508212640802473
IU,2023-07-03,GPP,5.4162300831447485
IU,2023-07-03,ER,10.575306651904445
IU,2023-07-04,GPP,5.439698128146832
IU,2023-07-04,ER,10.60817444264665
IU,2023-07-05,GPP,5.6999602341580395
IU,2023-07-05,ER,10.344978666050547
IU,2023-07-06,GPP,5.529414351865933
IU,2023-07-06,ER,10.428714158012866
IU,2023-07-07,GPP,6.062414858226335
IU,2023-07-07,ER,11.510411399156371
IU,2023-07-08,GPP,5.120419820497029
IU,2023-07-08,ER,10.200182700938749
IU,2023-07-09,GPP,4.72693928826309
IU,2023-07-09,ER,9.828468652912388
IU,2023-07-10,GPP,3.7464555805557382
IU,2023-07-10,ER,9.802696635029378
IU,2023-07-12,GPP,4.871237749636177
IU,2023-07-12,ER,9.5858475900586
IU,2023-07-13,GPP,5.253473128600422
IU,2023-07-13,ER,10.056947892280323
IU,2023-07-14,GPP,4.392160266453717
IU,2023-07-14,ER,9.454700226677849
IU,2023-07-15,GPP,4.800130091607353
IU,2023-07-15,ER,10.170021762133192
IU,2023-07-16,GPP,4.636457865006778
IU,2023-07-16,ER,10.44906293094444
IU,2023-07-17,GPP,4.838255023590709
IU,2023-07-17,ER,9.541208746511623
IU,2023-07-18,GPP,5.094499119644343
IU,2023-07-18,ER,9.39543690135882
IU,2023-07-19,GPP,4.976507643360905
IU,2023-07-19,ER,9.428406735929434
IU,2023-07-20,GPP,4.701037693427042
IU,2023-07-20,ER,9.56450053527781
IU,2023-07-21,GPP,4.958657737839636
IU,2023-07-21,ER,9.444580742977603
IU,2023-07-23,GPP,3.975457547381608
IU,2023-07-23,ER,9.778458639033405
IU,2023-07-24,GPP,4.7800220683980115
IU,2023-07-24,ER,9.58750743075721
IU,2023-07-25,GPP,4.8674503800080515
IU,2023-07-25,ER,9.370463998817142
IU,2023-07-26,GPP,4.990347814055334
IU,2023-07-26,ER,9.798162130271049
IU,2023-07-27,GPP,4.803610608936207
IU,2023-07-27,ER,8.971770961462783
IU,2023-07-28,GPP,4.975090149755089
IU,2023-07-28,ER,10.257877337113367
IU,2023-07-29,GPP,4.565658840161821
IU,2023-07-29,ER,9.751623479873423
IU,2023-07-30,GPP,4.83512632022339
IU,2023-07-30,ER,9.93839707643562
IU,2023-07-31,GPP,4.7739665667115
IU,2023-07-31,ER,9.582944531004808
IU,2023-08-01,GPP,4.726173657885979
IU,2023-08-01,ER,9.288612129671243
IU,2023-08-02,GPP,5.189555411667567
IU,2023-08-02,ER,9.715179466379672
IU,2023-08-03,GPP,4.54711706363522
IU,2023-08-03,ER,9.149064681322418
IU,2023-08-04,GPP,4.586702022378199
IU,2023-08-04,ER,10.116201922476394
IU,2023-08-05,GPP,4.120143052798153
IU,2023-08-05,ER,9.561130212488743
IU,2023-08-06,GPP,4.487230827397148
IU,2023-08-06,ER,9.7436289671825609
IU,2023-08-07,GPP,4.577290616332351
IU,2023-08-07,ER,9.595790100674542
IU,2023-08-08,GPP,4.420148932032055
IU,2023-08-08,ER,9.344562633113394
IU,2023-08-09,GPP,4.558271098446028
IU,2023-08-09,ER,9.667805973342086
IU,2023-08-10,GPP,4.423968380850424
IU,2023-08-10,ER,9.407148561762096
IU,2023-08-11,GPP,4.552988306782025
IU,2023-08-11,ER,9.593171489878538
IU,2023-08-12,GPP,4.456324816326921
IU,2023-08-12,ER,9.256832607269171
IU,2023-08-13,GPP,4.528950866030364
IU,2023-08-13,ER,9.53317428880953
IU,2023-08-14,GPP,5.190693638412406
IU,2023-08-14,ER,11.168742695070502
IU,2023-08-15,GPP,4.771845336990803
IU,2023-08-15,ER,10.726401701465216
IU,2023-08-16,GPP,4.478527276288859
IU,2023-08-16,ER,9.755704427059438
IU,2023-08-17,GPP,4.721691334256128
IU,2023-08-17,ER,9.285471856204635
IU,2023-08-18,GPP,4.866139544995806
IU,2023-08-18,ER,9.818985617140584
IU,2023-08-19,GPP,4.190389934887871
IU,2023-08-19,ER,9.33373547250012
IU,2023-08-20,GPP,4.29732416812695
IU,2023-08-20,ER,9.355542922643354
IU,2023-08-21,GPP,4.5590089523608714
IU,2023-08-21,ER,9.363905582763303
IU,2023-08-22,GPP,4.475728078679107
IU,2023-08-22,ER,9.708186138723637
IU,2023-08-23,GPP,4.676651641283571
IU,2023-08-23,ER,9.59412458528769
IU,2023-08-24,GPP,4.477717205894839
IU,2023-08-24,ER,9.353935582709155
IU,2023-08-25,GPP,4.375373364722863
IU,2023-08-25,ER,9.294326231204884
IU,2023-08-26,GPP,4.340089265467597
IU,2023-08-26,ER,9.45872080390494
IU,2023-08-27,GPP,4.2783389333737185
IU,2023-08-27,ER,9.238365568619958
IU,2023-08-28,GPP,4.473131164887544
IU,2023-08-28,ER,9.541448455086451
IU,2023-08-29,GPP,4.407936410749158
IU,2023-08-29,ER,9.375024173426382
IU,2023-08-30,GPP,2.661238852295612
IU,2023-08-30,ER,9.380846827579171
IU,2023-08-31,GPP,3.946091362643633
IU,2023-08-31,ER,9.279626850032368
IU,2023-09-01,GPP,4.1632460514133784
IU,2023-09-01,ER,10.10274635357221
IU,2023-09-02,GPP,4.272081723509467
IU,2023-09-02,ER,9.858007759410786
IU,2023-09-03,GPP,3.8401060780072886
IU,2023-09-03,ER,9.32738850957158
IU,2023-09-04,GPP,3.915840529254651
IU,2023-09-04,ER,9.776056459248991
IU,2023-09-05,GPP,4.1621860737170335
IU,2023-09-05,ER,9.34575329985187
IU,2023-09-07,GPP,4.152105344674594
IU,2023-09-07,ER,9.798606238690294
IU,2023-09-08,GPP,3.75537547795706
IU,2023-09-08,ER,9.447773935483731
IU,2023-09-09,GPP,3.912523320946984
IU,2023-09-09,ER,9.744386663586514
IU,2023-09-10,GPP,3.877408963068715
IU,2023-09-10,ER,9.604685641174449
IU,2023-09-11,GPP,3.71332363404351
IU,2023-09-11,ER,9.455490322346632
IU,2023-09-12,GPP,4.032485585161202
IU,2023-09-12,ER,10.407203432088943
IU,2023-09-13,GPP,3.842577083553797
IU,2023-09-13,ER,9.532357473976765
IU,2023-09-14,GPP,3.89492435669905
IU,2023-09-14,ER,9.417636951730948
IU,2023-09-15,GPP,3.952046279950778
IU,2023-09-15,ER,9.633665659322196
IU,2023-09-16,GPP,4.047150515414444
IU,2023-09-16,ER,9.732581846017023
IU,2023-09-17,GPP,3.769942840860813
IU,2023-09-17,ER,9.59160640074598
IU,2023-09-18,GPP,3.619295443318939
IU,2023-09-18,ER,8.966405624614369
IU,2023-09-19,GPP,3.757176852174192
IU,2023-09-19,ER,9.300988327621848
IU,2023-09-20,GPP,3.758625517402122
IU,2023-09-20,ER,9.359812625734085
IU,2023-09-21,GPP,3.7079013134823384
IU,2023-09-21,ER,9.394412246869653
IU,2023-09-22,GPP,3.5091023546210316
IU,2023-09-22,ER,8.984316788836763
IU,2023-09-23,GPP,3.671069612666897
IU,2023-09-23,ER,9.367617586448516
IU,2023-09-24,GPP,3.6255026410564186
IU,2023-09-24,ER,9.249416980042792
IU,2023-09-25,GPP,3.529410886525878
IU,2023-09-25,ER,9.116480695091038
IU,2023-09-26,GPP,3.79298816919936
IU,2023-09-26,ER,9.917281422708331
IU,2023-09-27,GPP,3.2176235536341036
IU,2023-09-27,ER,9.291268271027292
IU,2023-09-28,GPP,3.919456801296189
IU,2023-09-28,ER,9.50492858657178
IU,2023-09-29,GPP,3.987484933328908
IU,2023-09-29,ER,9.100909151648649
IU,2023-09-30,GPP,3.8363406678202554
IU,2023-09-30,ER,9.494202499125542
IU,2023-10-01,GPP,3.7110121991327105
IU,2023-10-01,ER,9.061027370886812
IU,2023-10-02,GPP,3.7046768896120503
IU,2023-10-02,ER,9.086519369537246
IU,2023-10-03,GPP,3.839628727519463
IU,2023-10-03,ER,9.140040743314367
IU,2023-10-04,GPP,3.600920496723241
IU,2023-10-04,ER,9.24060546427076
IU,2023-10-05,GPP,3.696832726262846
IU,2023-10-05,ER,9.50068332017266
IU,2023-10-06,GPP,3.679442082782033
IU,2023-10-06,ER,9.124335988322184
IU,2023-10-07,GPP,3.682539435502308
IU,2023-10-07,ER,8.957387453730519
IU,2023-10-08,GPP,3.749763214960839
IU,2023-10-08,ER,8.726538909020057
IU,2023-10-09,GPP,3.420036181647651
IU,2023-10-09,ER,8.787547679058378
IU,2023-10-10,GPP,3.5445441733100274
IU,2023-10-10,ER,9.225250189247834
IU,2023-10-11,GPP,2.981446493442386
IU,2023-10-11,ER,9.856900014253853
IU,2023-10-12,GPP,2.30414236837398
IU,2023-10-12,ER,9.239939743131472
IU,2023-10-13,GPP,3.4575092537126944
IU,2023-10-13,ER,9.365329775839124
IU,2023-10-14,GPP,3.455674804931582
IU,2023-10-14,ER,9.159443439597352
IU,2023-10-15,GPP,3.3257048625435144
IU,2023-10-15,ER,9.04653489022689
IU,2023-10-16,GPP,3.1896370621810735
IU,2023-10-16,ER,8.950466144257316
IU,2023-10-17,GPP,3.207010725531683
IU,2023-10-17,ER,9.146261499537234
IU,2023-10-18,GPP,3.1607982157348986
IU,2023-10-18,ER,9.174349465086772
IU,2023-10-19,GPP,3.000951008197674
IU,2023-10-19,ER,8.801817482006449
IU,2023-10-20,GPP,3.082910729211374
IU,2023-10-20,ER,9.18114270554826
IU,2023-10-21,GPP,3.154928128832755
IU,2023-10-21,ER,8.90360826037161
IU,2023-10-22,GPP,3.324920490901346
IU,2023-10-22,ER,8.861162110935549
IU,2023-10-23,GPP,3.1442527052567204
IU,2023-10-23,ER,8.675217663754713
IU,2023-10-24,GPP,3.044008267354353
IU,2023-10-24,ER,8.874224738919144
IU,2023-10-25,GPP,3.213980643765459
IU,2023-10-25,ER,9.114754354862344
IU,2023-10-26,GPP,3.09989056491527
IU,2023-10-26,ER,8.720235226954525
IU,2023-10-27,GPP,3.1204510023094105
IU,2023-10-27,ER,8.772379376916488
IU,2023-10-28,GPP,2.984584935330806
IU,2023-10-28,ER,9.00122024313086
IU,2023-10-29,GPP,3.205192845596382
IU,2023-10-29,ER,8.961030880426797
IU,2023-10-30,GPP,3.135641271220704
IU,2023-10-30,ER,8.952315724461332
IU,2023-10-31,GPP,2.960497194113418
IU,2023-10-31,ER,8.710498344300182
IU,2023-11-01,GPP,3.2310686216663824
IU,2023-11-01,ER,8.290611435795146
IU,2023-11-02,GPP,3.0480897023745537
IU,2023-11-02,ER,8.798664644875805
IU,2023-11-03,GPP,3.0439863274891334
IU,2023-11-03,ER,8.789149056791214
IU,2023-11-04,GPP,3.189483005123753
IU,2023-11-04,ER,8.464960980341946
IU,2023-11-05,GPP,2.999772141275577
IU,2023-11-05,ER,8.707112395638132
IU,2023-11-06,GPP,3.0022489812332
IU,2023-11-06,ER,8.617039414405626
IU,2023-11-07,GPP,2.938675815953404
IU,2023-11-07,ER,8.801560107789781
IU,2023-11-08,GPP,2.950561235307712
IU,2023-11-08,ER,8.704288070335702
IU,2023-11-09,GPP,3.197590032522887
IU,2023-11-09,ER,8.696058527237634
IU,2023-11-10,GPP,2.8311712076380573
IU,2023-11-10,ER,8.599456831582875
IU,2023-11-11,GPP,2.941281085133349
IU,2023-11-11,ER,8.729244806887506
IU,2023-11-12,GPP,2.855897499838951
IU,2023-11-12,ER,8.8517280215015
IU,2023-11-13,GPP,2.854220935928898
IU,2023-11-13,ER,8.669551067606182
IU,2023-11-14,GPP,2.9132241074292766
IU,2023-11-14,ER,9.614175110974047
IU,2023-11-15,GPP,2.461995194148052
IU,2023-11-15,ER,9.23014135712718
IU,2023-11-16,GPP,2.60054852807756
IU,2023-11-16,ER,9.209520487514562
IU,2023-11-17,GPP,2.7300419876122177
IU,2023-11-17,ER,8.872652064118013
IU,2023-11-18,GPP,2.9707433920688637
IU,2023-11-18,ER,8.819035578137356
IU,2023-11-19,GPP,2.895046763635079
IU,2023-11-19,ER,8.86104717473368
IU,2023-11-20,GPP,2.97740527970365
IU,2023-11-20,ER,8.82342500211059
IU,2023-11-21,GPP,2.9440147091104083
IU,2023-11-21,ER,8.819422574299592
IU,2023-11-22,GPP,2.5020454291169445
IU,2023-11-22,ER,8.552122592348484
IU,2023-11-23,GPP,3.005389969452948
IU,2023-11-23,ER,8.351621833368796
IU,2023-11-24,GPP,2.5222943462454244
IU,2023-11-24,ER,8.264442786402327
IU,2023-11-25,GPP,2.8668480119386626
IU,2023-11-25,ER,8.655523307924508
IU,2023-11-26,GPP,2.4954865960503265
IU,2023-11-26,ER,9.6528351511733
IU,2023-11-27,GPP,2.9034955297446756
IU,2023-11-27,ER,8.132622170909041
IU,2023-11-28,GPP,2.903762922271754
IU,2023-11-28,ER,8.2364316056957545
IU,2023-11-29,GPP,2.7927376670770725
IU,2023-11-29,ER,8.493174935882374
IU,2023-11-30,GPP,2.8815845778919265
IU,2023-11-30,ER,8.685686546126435
IU,2023-12-01,GPP,2.893032261459723
IU,2023-12-01,ER,8.662730281152541
IU,2023-12-02,GPP,2.582115705615804
IU,2023-12-02,ER,9.176942156304497
IU,2023-12-03,GPP,2.7242653255371447
IU,2023-12-03,ER,9.216851250242554
IU,2023-12-04,GPP,2.6852772912728717
IU,2023-12-04,ER,8.133250571809166
IU,2023-12-05,GPP,2.88411747868751
IU,2023-12-05,ER,8.212863949031648
IU,2023-12-06,GPP,2.8056479885641954
IU,2023-12-06,ER,8.375431596912323
IU,2023-12-07,GPP,2.777686917856116
IU,2023-12-07,ER,8.409248914758843
IU,2023-12-08,GPP,2.9610969579808866
IU,2023-12-08,ER,8.8300736236153
IU,2023-12-09,GPP,2.84929974672528
IU,2023-12-09,ER,8.694575880754915
IU,2023-12-10,GPP,3.00329236034814
IU,2023-12-10,ER,9.407249000388932
IU,2023-12-11,GPP,2.950513256684679
IU,2023-12-11,ER,8.011140065966138
IU,2023-12-12,GPP,2.799313328971161
IU,2023-12-12,ER,8.64705222889141
IU,2023-12-13,GPP,2.867186141094232
IU,2023-12-13,ER,8.44455026554315
IU,2023-12-14,GPP,2.8749240570797565
IU,2023-12-14,ER,8.455110529952231
IU,2023-12-15,GPP,2.8740075112279313
IU,2023-12-15,ER,8.43987199776907
IU,2023-12-16,GPP,2.787981031792063
IU,2023-12-16,ER,9.157538713445184
IU,2023-12-17,GPP,1.825657564563388
IU,2023-12-17,ER,8.874592348478165
IU,2023-12-18,GPP,3.0041891580061852
IU,2023-12-18,ER,8.987891551296258
IU,2023-12-19,GPP,3.042400671976052
IU,2023-12-19,ER,8.891663973268532
IU,2023-12-20,GPP,3.1191688250722995
IU,2023-12-20,ER,9.98178136969397
IU,2023-12-21,GPP,3.1123653919453145
IU,2023-12-21,ER,10.995089089520196
IU,2023-12-22,GPP,2.525897813268754
IU,2023-12-22,ER,11.714752090689029
IU,2023-12-23,GPP,2.7879780422897835
IU,2023-12-23,ER,12.162336432457735
IU,2023-12-24,GPP,2.72369195837769
IU,2023-12-24,ER,12.53114777677585
IU,2023-12-25,GPP,2.161033741059107
IU,2023-12-25,ER,13.363307384326776
IU,2023-12-26,GPP,2.5253018066795536
IU,2023-12-26,ER,12.624881087794751
IU,2023-12-27,GPP,2.9763054500803587
IU,2023-12-27,ER,11.909165833265831
IU,2023-12-28,GPP,2.015693940504302
IU,2023-12-28,ER,12.322879075931548
IU,2023-12-29,GPP,3.5421579804051246
IU,2023-12-29,ER,11.63532893039796
IU,2023-12-30,GPP,3.228642724232273
IU,2023-12-30,ER,12.159424596374985
IU,2023-12-31,GPP,3.774241145787173
IU,2023-12-31,ER,12.903035186600956
IU,2024-01-01,GPP,3.294739786008742
IU,2024-01-01,ER,12.71455528201608
IU,2024-01-02,GPP,5.166535105316254
IU,2024-01-02,ER,11.69685985114229
IU,2024-01-03,GPP,5.193435592696444
IU,2024-01-03,ER,13.517234132681937
IU,2024-01-04,GPP,4.630921050925996
IU,2024-01-04,ER,11.045648987596438
IU,2024-01-05,GPP,5.110950705941291
IU,2024-01-05,ER,12.817345477247954
IU,2024-01-06,GPP,2.9886856330604665
IU,2024-01-06,ER,11.13338905210137
IU,2024-01-07,GPP,5.594567370719992
IU,2024-01-07,ER,11.312905999792632
IU,2024-01-08,GPP,3.7307026861317216
IU,2024-01-08,ER,12.930005276960122
IU,2024-01-09,GPP,2.7233820435190266
IU,2024-01-09,ER,13.14667109066068
IU,2024-01-10,GPP,5.056226297929143
IU,2024-01-10,ER,11.23896500863964
IU,2024-01-11,GPP,6.035523363681428
IU,2024-01-11,ER,13.455873813191294
IU,2024-01-12,GPP,3.2287321325618543
IU,2024-01-12,ER,13.819059911291884
IU,2024-01-13,GPP,7.70305358670213
IU,2024-01-13,ER,10.071460561657965
IU,2024-01-14,GPP,5.634988147034902
IU,2024-01-14,ER,11.451575229795818
IU,2024-01-15,GPP,6.99755512476401
IU,2024-01-15,ER,14.198249319553376
IU,2024-01-16,GPP,1.947449195417171
IU,2024-01-16,ER,11.457093892360184
IU,2024-01-17,GPP,8.429969410387582
IU,2024-01-17,ER,10.175688410913502
IU,2024-01-18,GPP,7.692816752927347
IU,2024-01-18,ER,15.348672129396956
IU,2024-01-19,GPP,4.811645766636822
IU,2024-01-19,ER,9.942266584813542
IU,2024-01-20,GPP,8.525806002876449
IU,2024-01-20,ER,11.057417847867796
IU,2024-01-21,GPP,8.608483720984013
IU,2024-01-21,ER,10.958795504376967
IU,2024-01-22,GPP,9.737398658359131
IU,2024-01-22,ER,14.714168954601517
IU,2024-01-23,GPP,3.428111264878271
IU,2024-01-23,ER,13.136736372398572
IU,2024-01-24,GPP,6.132000228710423
IU,2024-01-24,ER,11.801873375419278
IU,2024-01-25,GPP,7.14525840665564
IU,2024-01-25,ER,13.137593476012851
IU,2024-01-26,GPP,3.933632112879663
IU,2024-01-26,ER,10.459550033184067
IU,2024-01-27,GPP,6.981523464733019
IU,2024-01-27,ER,12.603838614296812
IU,2024-01-28,GPP,8.801826627391984
IU,2024-01-28,ER,11.282865911691207
IU,2024-01-29,GPP,10.22136998177514
IU,2024-01-29,ER,13.339949068841552
IU,2024-01-30,GPP,8.608024657660739
IU,2024-01-30,ER,12.803710157011864
IU,2024-01-31,GPP,8.032603930611552
IU,2024-01-31,ER,12.209835699273844
IU,2024-02-01,GPP,8.694281643890122
IU,2024-02-01,ER,12.343998050355896
IU,2024-02-02,GPP,9.035200657712728
IU,2024-02-02,ER,13.20357540373803
IU,2024-02-03,GPP,8.038112711679208
IU,2024-02-03,ER,12.595417327961211
IU,2024-02-04,GPP,3.3369053625748024
IU,2024-02-04,ER,11.175236940939287
IU,2024-02-05,GPP,6.073989953785449
IU,2024-02-05,ER,11.940164911859243
IU,2024-02-06,GPP,6.260650835018009
IU,2024-02-06,ER,11.059275920787664
IU,2024-02-07,GPP,5.648185861540391
IU,2024-02-07,ER,11.12109067522967
IU,2024-02-08,GPP,5.556542646676071
IU,2024-02-08,ER,11.50486697099519
IU,2024-02-09,GPP,6.220840371111191
IU,2024-02-09,ER,11.3095143483762
IU,2024-02-10,GPP,4.450351988683465
IU,2024-02-10,ER,10.462238280002992
IU,2024-02-11,GPP,6.21284461738001
IU,2024-02-11,ER,11.523507986154456
IU,2024-02-12,GPP,5.5556552755895146
IU,2024-02-12,ER,12.48671539156737
IU,2024-02-13,GPP,6.586271491058901
IU,2024-02-13,ER,10.199033489078111
IU,2024-02-14,GPP,5.488904264024894
IU,2024-02-14,ER,10.944275011917616
IU,2024-02-15,GPP,4.237602238330588
IU,2024-02-15,ER,10.49175602205496
IU,2024-02-16,GPP,4.706517486870043
IU,2024-02-16,ER,11.346682923959357
IU,2024-02-17,GPP,3.6219307121131368
IU,2024-02-17,ER,11.581318707293454
IU,2024-02-18,GPP,3.1339753665148313
IU,2024-02-18,ER,10.95944464821308
IU,2024-02-19,GPP,5.1726168590469825
IU,2024-02-19,ER,10.912432484352472
IU,2024-02-20,GPP,5.060659796882233
IU,2024-02-20,ER,11.051234199146412
IU,2024-02-21,GPP,5.113351490861184
IU,2024-02-21,ER,10.943265195953488
IU,2024-02-23,GPP,4.870485879928503
IU,2024-02-23,ER,11.524166427134396
IU,2024-02-24,GPP,7.290082081524456
IU,2024-02-24,ER,11.46164218474961
IU,2024-02-25,GPP,7.5173521212056755
IU,2024-02-25,ER,11.891968816699364
IU,2024-02-26,GPP,7.461649595691916
IU,2024-02-26,ER,11.843067816104984
IU,2024-02-27,GPP,8.00145273772529
IU,2024-02-27,ER,11.979611651548309
IU,2024-02-28,GPP,7.852856227849352
IU,2024-02-28,ER,12.12677778345713
IU,2024-02-29,GPP,8.829339796657077
IU,2024-02-29,ER,11.68113061047142
IU,2024-03-01,GPP,6.232484010609164
IU,2024-03-01,ER,11.701148056140743
IU,2024-03-02,GPP,5.716459793859621
IU,2024-03-02,ER,11.353860887334337
IU,2024-03-03,GPP,6.165712321738819
IU,2024-03-03,ER,11.61779873698246
IU,2024-03-04,GPP,5.370034128174003
IU,2024-03-04,ER,10.275538292398076
IU,2024-03-05,GPP,4.133250061305217
IU,2024-03-05,ER,11.486967468402488
IU,2024-03-06,GPP,3.7690696445814056
IU,2024-03-06,ER,9.600611595360798
IU,2024-03-07,GPP,4.664985912306788
IU,2024-03-07,ER,10.060324576874256
IU,2024-03-08,GPP,4.73995283353558
IU,2024-03-08,ER,10.200693584958175
IU,2024-03-09,GPP,4.167544252296158
IU,2024-03-09,ER,10.38412059693511
IU,2024-03-10,GPP,5.580962743407435
IU,2024-03-10,ER,10.187058154456784
IU,2024-03-11,GPP,5.12672055175969
IU,2024-03-11,ER,10.058233299246778
IU,2024-03-12,GPP,5.044082706489528
IU,2024-03-12,ER,10.901917689430498
IU,2024-03-13,GPP,5.282087196606417
IU,2024-03-13,ER,10.724565306764454
IU,2024-03-14,GPP,6.131803751936241
IU,2024-03-14,ER,11.156801261417492
IU,2024-03-15,GPP,6.29540098850372
IU,2024-03-15,ER,11.762392134368302
IU,2024-03-16,GPP,5.250348607578847
IU,2024-03-16,ER,11.034608829507896
IU,2024-03-17,GPP,6.671539921633586
IU,2024-03-17,ER,12.041543362144806
IU,2024-03-18,GPP,3.910396344292893
IU,2024-03-18,ER,10.18216413396625
IU,2024-03-19,GPP,7.1193820969591375
IU,2024-03-19,ER,11.715604435363325
IU,2024-03-20,GPP,6.0201318800058115
IU,2024-03-20,ER,11.627605532853751
IU,2024-03-21,GPP,6.473754104388262
IU,2024-03-21,ER,11.967891805120528
IU,2024-03-22,GPP,2.6250871073579094
IU,2024-03-22,ER,12.354055227254351
IU,2024-03-23,GPP,5.7882462254124265
IU,2024-03-23,ER,11.647977808327637
IU,2024-03-24,GPP,6.47313208589843
IU,2024-03-24,ER,11.513762340064632
IU,2024-03-25,GPP,6.303213380996203
IU,2024-03-25,ER,11.99889950266616
IU,2024-03-26,GPP,7.0777170295016445
IU,2024-03-26,ER,12.956850680499173
IU,2024-03-27,GPP,2.7117111014161237
IU,2024-03-27,ER,11.844545851091816
IU,2024-03-28,GPP,6.196241358407648
IU,2024-03-28,ER,12.11940656566952
IU,2024-03-29,GPP,6.648633506758968
IU,2024-03-29,ER,12.231310526008096
IU,2024-03-30,GPP,6.167019520383454
IU,2024-03-30,ER,12.893995880013213
IU,2024-03-31,GPP,6.885107633661927
IU,2024-03-31,ER,12.562440262486485
IU,2024-04-01,GPP,6.986869125795803
IU,2024-04-01,ER,12.42162265360306
IU,2024-04-02,GPP,6.552023612726473
IU,2024-04-02,ER,12.39577115920472
IU,2024-04-03,GPP,3.778310748370145
IU,2024-04-03,ER,14.025340585529106
IU,2024-04-04,GPP,6.896623323943925
IU,2024-04-04,ER,11.68828784088154
IU,2024-04-05,GPP,6.175684126316035
IU,2024-04-05,ER,12.596397198530196
IU,2024-04-06,GPP,6.433437737158731
IU,2024-04-06,ER,12.05385236091409
IU,2024-04-07,GPP,5.954860348834469
IU,2024-04-07,ER,12.695991905232574
IU,2024-04-08,GPP,6.481222415578002
IU,2024-04-08,ER,12.791364353170126
IU,2024-04-09,GPP,5.130529710766823
IU,2024-04-09,ER,11.34659958352114
IU,2024-04-10,GPP,7.09172555521766
IU,2024-04-10,ER,14.57479034983816
IU,2024-04-11,GPP,3.6865739384710614
IU,2024-04-11,ER,10.149614966339124
IU,2024-04-12,GPP,6.128295886947564
IU,2024-04-12,ER,12.17828358788892
IU,2024-04-13,GPP,5.9031911602261475
IU,2024-04-13,ER,11.96173881740493
IU,2024-04-14,GPP,3.485658315070149
IU,2024-04-14,ER,11.642712362228748
IU,2024-04-15,GPP,2.16577796576618
IU,2024-04-15,ER,12.159634139570567
IU,2024-04-16,GPP,1.3771234822175364
IU,2024-04-16,ER,15.556364772861125
IU,2024-04-17,GPP,0.9561766575103532
IU,2024-04-17,ER,16.167575262291606
IU,2024-04-18,GPP,0.8730031500054769
IU,2024-04-18,ER,16.350989911041204
IU,2024-04-19,GPP,1.2977731952222478
IU,2024-04-19,ER,16.60056697218413
IU,2024-04-20,GPP,2.764891065999904
IU,2024-04-20,ER,16.76225785344477
IU,2024-04-21,GPP,6.187912525243655
IU,2024-04-21,ER,19.231299673647467
IU,2024-04-22,GPP,8.843692456345922
IU,2024-04-22,ER,16.80926125413667
IU,2024-04-23,GPP,9.90479473773
IU,2024-04-23,ER,18.567776727405885
IU,2024-04-24,GPP,9.201553475148591
IU,2024-04-24,ER,19.651153638549506
IU,2024-04-25,GPP,9.55719988553314
IU,2024-04-25,ER,19.89627035828707
IU,2024-04-26,GPP,6.683574014596093
IU,2024-04-26,ER,17.705724329474997
IU,2024-04-27,GPP,2.8881646921710376
IU,2024-04-27,ER,16.065093452841236
IU,2024-04-28,GPP,1.950432549486534
IU,2024-04-28,ER,13.556003017779016
IU,2024-04-29,GPP,0.903148090679142
IU,2024-04-29,ER,13.46143979486064
IU,2024-04-30,GPP,0.6339639155668572
IU,2024-04-30,ER,12.855471946964068
IU,2024-05-01,GPP,0.6771051321467374
IU,2024-05-01,ER,13.297454834816836
IU,2024-05-02,GPP,0.9490160393234204
IU,2024-05-02,ER,14.006171565352089
IU,2024-05-03,GPP,1.1372120073957177
IU,2024-05-03,ER,8.304415153319724
IU,2024-05-04,GPP,2.437888514438315
IU,2024-05-04,ER,15.939266569347536
IU,2024-05-05,GPP,2.7874834766264547
IU,2024-05-05,ER,10.918534357995728
IU,2024-05-06,GPP,5.279387034571465
IU,2024-05-06,ER,9.039959464746437
IU,2024-05-07,GPP,7.053909279373341
IU,2024-05-07,ER,12.779465116044838
IU,2024-05-08,GPP,9.1894872246399
IU,2024-05-08,ER,13.159003910739877
IU,2024-05-09,GPP,9.05416232726882
IU,2024-05-09,ER,12.163000458798344
IU,2024-05-10,GPP,2.5571868990930233
IU,2024-05-10,ER,10.683556748629226
IU,2024-05-11,GPP,10.514886972249412
IU,2024-05-11,ER,14.11567693077737
IU,2024-05-12,GPP,5.988991879397141
IU,2024-05-12,ER,10.73363840559536
IU,2024-05-13,GPP,9.229727630471876
IU,2024-05-13,ER,16.052124692753008
IU,2024-05-14,GPP,7.812573544465455
IU,2024-05-14,ER,12.024298810699934
IU,2024-05-15,GPP,7.625240155363168
IU,2024-05-15,ER,11.99429664886474
IU,2024-05-16,GPP,9.71159583893199
IU,2024-05-16,ER,13.536206705513184
IU,2024-05-17,GPP,3.887422836515517
IU,2024-05-17,ER,10.18624639205084
IU,2024-05-18,GPP,8.981027897132552
IU,2024-05-18,ER,12.833882765756078
IU,2024-05-19,GPP,8.594317019252294
IU,2024-05-19,ER,12.31532776912354
IU,2024-05-20,GPP,8.011663898602027
IU,2024-05-20,ER,10.45476592377739
IU,2024-05-21,GPP,7.617564951584316
IU,2024-05-21,ER,11.746649353820445
IU,2024-05-22,GPP,5.83957149687848
IU,2024-05-22,ER,9.460795450600754
IU,2024-05-23,GPP,4.1848806736167825
IU,2024-05-23,ER,9.506808428027275
IU,2024-05-24,GPP,2.4539338918048883
IU,2024-05-24,ER,7.669697795100984
IU,2024-05-25,GPP,1.3814890658325392
IU,2024-05-25,ER,9.602297703680131
IU,2024-05-26,GPP,0.9223567894463208
IU,2024-05-26,ER,9.390693223428777
IU,2024-05-27,GPP,0.6591373475953485
IU,2024-05-27,ER,14.132629694407491
IU,2024-05-28,GPP,0.5585561230260325
IU,2024-05-28,ER,14.067211607284742
IU,2024-05-29,GPP,0.535037947958275
IU,2024-05-29,ER,11.56754665644628
IU,2024-05-30,GPP,0.5752477336805194
IU,2024-05-30,ER,12.049180336335343
IU,2024-05-31,GPP,0.5810928171669029
IU,2024-05-31,ER,10.384449747003003
IU,2024-06-01,GPP,0.684402820048786
IU,2024-06-01,ER,8.954034581790415
IU,2024-06-02,GPP,0.6424412237243514
IU,2024-06-02,ER,16.746809565270695
IU,2024-06-03,GPP,0.9840741737277858
IU,2024-06-03,ER,9.38876108207734
IU,2024-06-04,GPP,1.5265591687605018
IU,2024-06-04,ER,8.876038022042724
IU,2024-06-05,GPP,1.7280003428776247
IU,2024-06-05,ER,10.772399700202447
IU,2024-06-06,GPP,2.0649918257019664
IU,2024-06-06,ER,8.306011408885341
IU,2024-06-07,GPP,3.505638701630938
IU,2024-06-07,ER,11.039883431861092
IU,2024-06-08,GPP,5.929517259238603
IU,2024-06-08,ER,12.358817399705694
IU,2024-06-09,GPP,7.503324715268077
IU,2024-06-09,ER,12.113453726564028
IU,2024-06-10,GPP,9.467306759757165
IU,2024-06-10,ER,12.553285784376463
IU,2024-06-12,GPP,12.11800219766702
IU,2024-06-12,ER,15.41661112038008
IU,2024-06-13,GPP,11.0203625671694
IU,2024-06-13,ER,13.405206931389143
IU,2024-06-14,GPP,10.565763449597076
IU,2024-06-14,ER,13.635809081130532
IU,2024-06-15,GPP,8.069087459544905
IU,2024-06-15,ER,12.415308097164608
IU,2024-06-16,GPP,9.12893949820579
IU,2024-06-16,ER,14.428910337485734
IU,2024-06-17,GPP,7.973284497180856
IU,2024-06-17,ER,11.086067757930495
IU,2024-06-19,GPP,7.130419228923697
IU,2024-06-19,ER,11.038660226247677
IU,2024-06-20,GPP,6.796955463146008
IU,2024-06-20,ER,10.997815082188977
IU,2024-06-21,GPP,6.15817173603443
IU,2024-06-21,ER,10.621317799164022
IU,2024-06-22,GPP,6.274493234165779
IU,2024-06-22,ER,10.83999392822612
IU,2024-06-23,GPP,5.76954588506719
IU,2024-06-23,ER,10.585729454065175
IU,2024-06-25,GPP,6.429992774197362
IU,2024-06-25,ER,11.192096467969304
IU,2024-06-26,GPP,5.853935236727467
IU,2024-06-26,ER,11.325698246971466
IU,2024-06-27,GPP,5.0287743596548475
IU,2024-06-27,ER,10.211337229681488
IU,2024-06-28,GPP,4.83202013399791
IU,2024-06-28,ER,10.808786831418953
IU,2024-06-29,GPP,5.249245281430801
IU,2024-06-29,ER,10.40590498325862
IU,2024-06-30,GPP,5.019859012007471
IU,2024-06-30,ER,10.005844782398595
IU,2024-07-01,GPP,5.123716207824923
IU,2024-07-01,ER,10.536211145203204
IU,2024-07-02,GPP,4.846455027906848
IU,2024-07-02,ER,10.062027528839394
IU,2024-07-03,GPP,4.461342127051157
IU,2024-07-03,ER,9.986529678940354
IU,2024-07-04,GPP,4.5935635631234835
IU,2024-07-04,ER,9.674274153476988
IU,2024-07-05,GPP,4.220156959358804
IU,2024-07-05,ER,9.863727059085535
IU,2024-07-06,GPP,4.022255688778627
IU,2024-07-06,ER,9.506633476850933
IU,2024-07-07,GPP,4.683155057778834
IU,2024-07-07,ER,10.669188478370913
IU,2024-07-08,GPP,4.851142327394178
IU,2024-07-08,ER,10.294908051981023
IU,2024-07-09,GPP,4.479209593507469
IU,2024-07-09,ER,9.625174808052654
IU,2024-07-10,GPP,4.813799662626832
IU,2024-07-10,ER,10.242362606864845
IU,2024-07-11,GPP,4.345306719915142
IU,2024-07-11,ER,9.153010935735471
IU,2024-07-12,GPP,4.057979126873815
IU,2024-07-12,ER,9.394113895043846
IU,2024-07-13,GPP,4.372157004701888
IU,2024-07-13,ER,9.649461121637572
IU,2024-07-14,GPP,4.210023995101186
IU,2024-07-14,ER,9.74591335894509
IU,2024-07-15,GPP,4.351252164619013
IU,2024-07-15,ER,9.902871786002809
IU,2024-07-16,GPP,3.7927580185995673
IU,2024-07-16,ER,9.21098169526482
IU,2024-07-17,GPP,3.483664549703727
IU,2024-07-17,ER,9.19439509587158
IU,2024-07-18,GPP,3.9381312434300537
IU,2024-07-18,ER,10.138261415952432
IU,2024-07-19,GPP,4.140601593330021
IU,2024-07-19,ER,9.389104571282736
IU,2024-07-20,GPP,3.85159147360729
IU,2024-07-20,ER,9.620280289140789
IU,2024-07-21,GPP,4.132286878596134
IU,2024-07-21,ER,9.302247427235114
IU,2024-07-22,GPP,4.085540946844239
IU,2024-07-22,ER,10.005545788837171
IU,2024-07-23,GPP,4.035048552765405
IU,2024-07-23,ER,9.547898119496953
IU,2024-07-24,GPP,4.163883041259747
IU,2024-07-24,ER,10.510570718876115
IU,2024-07-25,GPP,3.8208038720059863
IU,2024-07-25,ER,9.639528680181025
IU,2024-07-26,GPP,3.978855203092908
IU,2024-07-26,ER,9.94840092279052
IU,2024-07-27,GPP,3.876423536604483
IU,2024-07-27,ER,10.27691674809933
IU,2024-07-28,GPP,3.923071412954555
IU,2024-07-28,ER,9.959784210876744
IU,2024-07-29,GPP,3.7786667140222816
IU,2024-07-29,ER,9.69945281060513
IU,2024-07-30,GPP,4.246880161657461
IU,2024-07-30,ER,10.401948610694127
IU,2024-07-31,GPP,3.946820531175002
IU,2024-07-31,ER,9.63114687235272
IU,2024-08-01,GPP,3.879948360877414
IU,2024-08-01,ER,9.690056689896412
IU,2024-08-02,GPP,4.508962507520379
IU,2024-08-02,ER,11.324526229114817
IU,2024-08-03,GPP,3.5202323008586927
IU,2024-08-03,ER,9.741520049891976
IU,2024-08-04,GPP,3.744162179285966
IU,2024-08-04,ER,9.717453844193937
IU,2024-08-05,GPP,4.623161578301352
IU,2024-08-05,ER,13.526812071855227
IU,2024-08-06,GPP,3.3300276591298417
IU,2024-08-06,ER,11.931376926293929
LF,2022-05-18,GPP,2.7891814160670267
LF,2022-05-18,ER,19.704678554674583
LF,2022-11-09,GPP,3.1364227213105877
LF,2022-11-09,ER,10.790503594272971
LF,2022-11-18,GPP,2.3688171377373135
LF,2022-11-18,ER,8.735027727914368
LF,2023-04-06,GPP,7.085843182580745
LF,2023-04-06,ER,23.45555219363202
LF,2024-04-20,GPP,1.9682669854588144
LF,2024-04-20,ER,21.996653661206796
LF,2024-04-21,GPP,0.1982049657846946
LF,2024-04-21,ER,15.022770847079284
LF,2024-04-22,GPP,0.2316204187915675
LF,2024-04-22,ER,14.615816732530371
LF,2024-04-23,GPP,0.41550004957030434
LF,2024-04-23,ER,14.448636344910234
LF,2024-04-24,GPP,0.30117299584118007
LF,2024-04-24,ER,14.53826813446403
LF,2024-04-25,GPP,0.30561086732267895
LF,2024-04-25,ER,14.314957694382008
LF,2024-04-26,GPP,0.2469826474096024
LF,2024-04-26,ER,14.445691419619257
LF,2024-04-27,GPP,1.7355793511915647
LF,2024-04-27,ER,14.54355745106636
LF,2024-04-28,GPP,1.0625145557226754
LF,2024-04-28,ER,15.21754383809943
LF,2024-04-29,GPP,1.807161568064121
LF,2024-04-29,ER,13.097380834595386
LF,2024-04-30,GPP,1.3110260382147685
LF,2024-04-30,ER,14.931578296529002
LF,2024-05-01,GPP,3.759620127734424
LF,2024-05-01,ER,18.997797989203605
LF,2024-05-25,GPP,2.3458014854852585
LF,2024-05-25,ER,3.385786745493732
LF,2024-05-26,GPP,0.6405948389517656
LF,2024-05-26,ER,13.870382659978596
LF,2024-05-27,GPP,1.8910645054551232
LF,2024-05-27,ER,15.07607352107294
LF,2024-05-28,GPP,1.3747327093627972
LF,2024-05-28,ER,14.126678397434686
LF,2024-05-30,GPP,1.8342575288686545
LF,2024-05-30,ER,15.900554744724037
LF,2024-06-03,GPP,1.7680031987894864
LF,2024-06-03,ER,15.065161469239907
LF,2024-06-04,GPP,0.7965987015475972
LF,2024-06-04,ER,14.833039724786568
OS,2022-07-27,GPP,5.032174127564958
OS,2022-07-27,ER,6.633560428564511
OS,2022-07-30,GPP,7.801583240243508
OS,2022-07-30,ER,8.813397515627447
OS,2022-07-31,GPP,6.628569908859005
OS,2022-07-31,ER,8.549827815033554
OS,2022-08-01,GPP,6.523837321443669
OS,2022-08-01,ER,7.9459168615174995
OS,2022-08-02,GPP,7.952437555254268
OS,2022-08-02,ER,9.37069656498749
OS,2022-08-03,GPP,7.341728853955035
OS,2022-08-03,ER,9.244791490211918
OS,2022-08-04,GPP,7.886502100559766
OS,2022-08-04,ER,10.894185458824838
OS,2022-08-05,GPP,10.442214091300537
OS,2022-08-05,ER,13.379557312840282
OS,2022-08-06,GPP,8.756741989022412
OS,2022-08-06,ER,12.20935468622722
OS,2022-08-31,GPP,3.1819390135617533
OS,2022-08-31,ER,5.511411446286004
OS,2022-09-01,GPP,2.7874873135082026
OS,2022-09-01,ER,7.467775950329664
OS,2022-09-03,GPP,1.8371331646733648
OS,2022-09-03,ER,8.504413290261711
OS,2022-09-04,GPP,1.80063376519874
OS,2022-09-04,ER,8.792229827509832
OS,2022-09-05,GPP,1.5614615781963177
OS,2022-09-05,ER,7.772290085233745
OS,2022-09-06,GPP,1.4495058706145707
OS,2022-09-06,ER,7.7696819868406735
OS,2022-09-07,GPP,1.7080454139801184
OS,2022-09-07,ER,9.326175546182943
OS,2022-09-08,GPP,1.9699930420367509
OS,2022-09-08,ER,10.611237319732478
OS,2022-09-09,GPP,2.5593792504223436
OS,2022-09-09,ER,9.877983932926805
OS,2022-09-10,GPP,1.8018235650355523
OS,2022-09-10,ER,9.377689358140378
OS,2022-09-11,GPP,2.124710119366746
OS,2022-09-11,ER,9.9381449284740615
OS,2022-09-12,GPP,1.7018051950539406
OS,2022-09-12,ER,9.66954267077009
OS,2022-09-13,GPP,2.4022990845709766
OS,2022-09-13,ER,10.692204352477328
OS,2022-09-14,GPP,2.4145760493760084
OS,2022-09-14,ER,10.095501290250365
OS,2022-09-15,GPP,2.7669166548058084
OS,2022-09-15,ER,9.851301981079756
OS,2022-09-16,GPP,1.9466884201774677
OS,2022-09-16,ER,10.729153745083902
OS,2022-09-17,GPP,1.97354610243245
OS,2022-09-17,ER,9.656043506328688
OS,2022-09-18,GPP,2.0315352376322418
OS,2022-09-18,ER,9.959612503751613
OS,2022-09-19,GPP,1.8296540087170896
OS,2022-09-19,ER,10.305284108890492
OS,2022-09-20,GPP,1.9334477791483704
OS,2022-09-20,ER,9.885659687003136
OS,2022-09-21,GPP,1.727770895600083
OS,2022-09-21,ER,8.097697668605464
OS,2022-09-22,GPP,3.1224567631007156
OS,2022-09-22,ER,9.394646337457312
OS,2022-09-23,GPP,1.7491549556701018
OS,2022-09-23,ER,8.686477437303585
OS,2022-09-24,GPP,1.9899804315217924
OS,2022-09-24,ER,7.838920782267519
OS,2022-09-25,GPP,1.3044600680231788
OS,2022-09-25,ER,6.861937271783304
OS,2022-09-26,GPP,1.7287279642679827
OS,2022-09-26,ER,7.719179596919581
OS,2022-09-27,GPP,6.135458456216169
OS,2022-09-27,ER,9.13543905166493
OS,2023-02-12,GPP,2.593779671758169
OS,2023-02-12,ER,5.98755046640556
OS,2023-02-16,GPP,5.659106179013012
OS,2023-02-16,ER,8.14309055137883
OS,2023-02-17,GPP,1.765889060763026
OS,2023-02-17,ER,4.5826173333984785
OS,2023-02-22,GPP,0.41459931109457776
OS,2023-02-22,ER,9.798233752404965
OS,2023-02-23,GPP,2.4850677726824406
OS,2023-02-23,ER,12.089449068954169
OS,2023-02-24,GPP,2.04654772910533
OS,2023-02-24,ER,13.06772448565112
OS,2023-02-25,GPP,1.8531730485680291
OS,2023-02-25,ER,11.599229052260808
OS,2023-02-26,GPP,1.6238108778590363
OS,2023-02-26,ER,10.899319285286362
OS,2023-02-27,GPP,1.5111851553012663
OS,2023-02-27,ER,10.539245162846148
OS,2023-02-28,GPP,1.524346636846263
OS,2023-02-28,ER,10.689266331321392
OS,2023-03-01,GPP,1.6335398678038648
OS,2023-03-01,ER,10.57642312598229
OS,2023-03-02,GPP,1.497999455171647
OS,2023-03-02,ER,10.107525903797976
OS,2023-03-03,GPP,1.5920622300957945
OS,2023-03-03,ER,10.089703851011963
OS,2023-03-04,GPP,1.5147266339584318
OS,2023-03-04,ER,10.077525529558011
OS,2023-03-05,GPP,1.6302026814716797
OS,2023-03-05,ER,9.670361918385044
OS,2023-03-06,GPP,1.359841125384161
OS,2023-03-06,ER,9.235341814055236
OS,2023-03-07,GPP,1.0358314049485071
OS,2023-03-07,ER,12.004636102597791
OS,2023-03-25,GPP,2.8019763746196658
OS,2023-03-25,ER,5.293137329850799
OS,2023-03-26,GPP,4.901389479159806
OS,2023-03-26,ER,7.985719766678019
OS,2023-03-27,GPP,6.379127951666356
OS,2023-03-27,ER,8.28202603536967
OS,2023-03-28,GPP,5.367253733355825
OS,2023-03-28,ER,10.246483788089376
OS,2023-06-27,GPP,2.4707232537236243
OS,2023-06-27,ER,6.906779485053188
OS,2023-06-28,GPP,1.8380225490577748
OS,2023-06-28,ER,7.06112020773656
OS,2023-06-29,GPP,1.6272555252223897
OS,2023-06-29,ER,7.459179234648204
OS,2023-06-30,GPP,1.9246682583414116
OS,2023-06-30,ER,8.30487395114016
OS,2023-07-01,GPP,2.043713144702647
OS,2023-07-01,ER,8.330988714829981
OS,2023-07-02,GPP,2.1649494207042985
OS,2023-07-02,ER,9.266843849473984
OS,2023-07-03,GPP,1.742966270919757
OS,2023-07-03,ER,9.58993419544196
OS,2023-07-04,GPP,1.721432448924215
OS,2023-07-04,ER,9.032427525516487
OS,2023-07-05,GPP,1.9195802932740584
OS,2023-07-05,ER,9.46582014223668
OS,2023-07-06,GPP,2.473753812319926
OS,2023-07-06,ER,8.254767396890415
OS,2023-07-07,GPP,2.64902022246852
OS,2023-07-07,ER,8.841025411087381
OS,2023-07-08,GPP,2.1295356000051617
OS,2023-07-08,ER,7.0345682215977865
OS,2023-07-09,GPP,1.9085251614511032
OS,2023-07-09,ER,6.230435091597773
OS,2023-07-10,GPP,0.8560803004457151
OS,2023-07-10,ER,7.07690856285507
OS,2023-07-11,GPP,2.36010363596881
OS,2023-07-11,ER,6.277269320164642
OS,2023-07-12,GPP,1.6939610692920053
OS,2023-07-12,ER,5.724658456337296
OS,2023-07-13,GPP,1.4308042387907192
OS,2023-07-13,ER,6.97604363082337
OS,2023-07-23,GPP,1.7678550837746565
OS,2023-07-23,ER,7.644669515996631
OS,2023-09-05,GPP,1.797090765583517
OS,2023-09-05,ER,8.32776409834709
OS,2023-09-06,GPP,1.6635070385928348
OS,2023-09-06,ER,8.567528495703344
OS,2023-09-07,GPP,1.8213467282926088
OS,2023-09-07,ER,8.929552177093134
OS,2023-09-08,GPP,1.6582420430632565
OS,2023-09-08,ER,8.884489338621513
OS,2023-09-09,GPP,1.6696071639142525
OS,2023-09-09,ER,8.831733084225123
OS,2023-09-10,GPP,1.7907607882181795
OS,2023-09-10,ER,9.075993941264686
OS,2023-09-11,GPP,1.6433162708737297
OS,2023-09-11,ER,8.875079287101837
OS,2023-09-12,GPP,1.6037818987340264
OS,2023-09-12,ER,8.679659600119152
OS,2023-09-13,GPP,1.7675695771701925
OS,2023-09-13,ER,8.815458329600778
OS,2023-09-14,GPP,1.6610247015513129
OS,2023-09-14,ER,8.526959605599437
OS,2023-12-02,GPP,1.5245524115501885
OS,2023-12-02,ER,6.163056985281582
OS,2023-12-03,GPP,1.545780902049603
OS,2023-12-03,ER,6.339313520092147
OS,2023-12-04,GPP,1.541305641815645
OS,2023-12-04,ER,6.004864876338084
OS,2023-12-05,GPP,1.49188141142862
OS,2023-12-05,ER,6.180606224664642
OS,2023-12-06,GPP,1.6022888843407277
OS,2023-12-06,ER,6.1023112889729845
OS,2023-12-10,GPP,1.4350703695077245
OS,2023-12-10,ER,7.374278124961222
OS,2023-12-11,GPP,1.565040573508917
OS,2023-12-11,ER,7.806635821679037
OS,2023-12-12,GPP,1.5564111623242294
OS,2023-12-12,ER,8.427861367122478
OS,2023-12-13,GPP,1.627933738238316
OS,2023-12-13,ER,8.828932290749673
OS,2023-12-14,GPP,1.6421938177816964
OS,2023-12-14,ER,9.461256473706715
OS,2023-12-15,GPP,1.4943574821232966
OS,2023-12-15,ER,8.709384392392657
OS,2023-12-16,GPP,1.5325867455946245
OS,2023-12-16,ER,8.328829067564854
OS,2023-12-17,GPP,1.5376657480444291
OS,2023-12-17,ER,7.791625834252504
OS,2023-12-20,GPP,1.2200575427672986
OS,2023-12-20,ER,0.93657974396694
OS,2023-12-21,GPP,1.393954757317078
OS,2023-12-21,ER,4.490713763950713
OS,2023-12-22,GPP,1.6613134352101953
OS,2023-12-22,ER,4.337510277879639
OS,2023-12-23,GPP,1.651292470744516
OS,2023-12-23,ER,4.123047158295612
OS,2023-12-24,GPP,1.3684469773069554
OS,2023-12-24,ER,4.232375827874894
OS,2023-12-25,GPP,1.7801547308894017
OS,2023-12-25,ER,7.9177299531392595
OS,2023-12-26,GPP,1.070628098468983
OS,2023-12-26,ER,7.25785472641729
OS,2023-12-27,GPP,1.253644913058736
OS,2023-12-27,ER,8.27835392998344
OS,2023-12-28,GPP,1.2176346891128864
OS,2023-12-28,ER,8.560462363934237
OS,2023-12-29,GPP,0.6332775167627869
OS,2023-12-29,ER,4.8039817061640955
OS,2023-12-30,GPP,1.1679328871471717
OS,2023-12-30,ER,13.30755949250744
OS,2023-12-31,GPP,0.9507977569955256
OS,2023-12-31,ER,9.4003829144724
OS,2024-01-01,GPP,5.733509168935339
OS,2024-01-01,ER,13.72153435736874
OS,2024-01-02,GPP,1.239654400891481
OS,2024-01-02,ER,9.792311260047404
OS,2024-01-03,GPP,6.0099484090253945
OS,2024-01-03,ER,12.344996952178048
OS,2024-01-04,GPP,1.2241012816140393
OS,2024-01-04,ER,9.426170932678591
OS,2024-01-05,GPP,5.5877743165692815
OS,2024-01-05,ER,11.01808079270983
OS,2024-01-06,GPP,1.4778003415672996
OS,2024-01-06,ER,12.470018777377604
OS,2024-01-07,GPP,1.2993485673460217
OS,2024-01-07,ER,11.740268377189734
OS,2024-01-08,GPP,4.190164752998409
OS,2024-01-08,ER,5.6530098718293145
OS,2024-01-09,GPP,1.5816598675068985
OS,2024-01-09,ER,11.728490032398181
OS,2024-01-10,GPP,3.81186508462447
OS,2024-01-10,ER,9.3268711639212
OS,2024-01-11,GPP,1.542385330447355
OS,2024-01-11,ER,9.293728517072816
OS,2024-01-12,GPP,1.6421194833285249
OS,2024-01-12,ER,8.197288736999306
OS,2024-01-13,GPP,1.1741000601957303
OS,2024-01-13,ER,11.252770908025155
OS,2024-01-14,GPP,1.366164685097453
OS,2024-01-14,ER,4.501127071952042
OS,2024-01-15,GPP,1.1103675234660968
OS,2024-01-15,ER,11.02208922764313
OS,2024-01-16,GPP,1.2966011729669435
OS,2024-01-16,ER,9.905150483025846
OS,2024-01-17,GPP,0.5991778310494894
OS,2024-01-17,ER,6.706656758319199
OS,2024-01-18,GPP,1.4521662574682128
OS,2024-01-18,ER,10.39153241747955
OS,2024-01-19,GPP,1.8433416585132545
OS,2024-01-19,ER,11.715850268092057
OS,2024-01-20,GPP,1.7288118898651863
OS,2024-01-20,ER,6.633833641271828
OS,2024-01-21,GPP,1.267490645077187
OS,2024-01-21,ER,9.668242942770505
OS,2024-01-22,GPP,1.3947670934908605
OS,2024-01-22,ER,9.495644673986602
OS,2024-01-23,GPP,1.628077346731549
OS,2024-01-23,ER,9.571439745162303
OS,2024-01-24,GPP,1.5307985241146396
OS,2024-01-24,ER,10.309061019717667
OS,2024-01-25,GPP,1.8087641805936896
OS,2024-01-25,ER,11.917332586632028
OS,2024-01-26,GPP,1.330342613075712
OS,2024-01-26,ER,10.529252114433367
OS,2024-01-27,GPP,1.7414760391679882
OS,2024-01-27,ER,9.733974822166266
OS,2024-01-28,GPP,0.6285925419450694
OS,2024-01-28,ER,6.05628970460557
OS,2024-01-29,GPP,0.7200931276350866
OS,2024-01-29,ER,4.688224182464542
OS,2024-01-30,GPP,0.45819528677429
OS,2024-01-30,ER,11.881469499241826
OS,2024-01-31,GPP,1.659004909098586
OS,2024-01-31,ER,12.40882683753737
OS,2024-02-01,GPP,1.4509297327667343
OS,2024-02-01,ER,7.812517044215459
OS,2024-02-02,GPP,4.05193337817555
OS,2024-02-02,ER,10.32199906836927
OS,2024-02-03,GPP,3.7564516041225295
OS,2024-02-03,ER,9.830048087421329
OS,2024-02-04,GPP,1.7136907644056942
OS,2024-02-04,ER,13.1321500867655
OS,2024-02-05,GPP,0.9902960377500354
OS,2024-02-05,ER,4.130243048392747
OS,2024-02-06,GPP,1.0631096756262333
OS,2024-02-06,ER,7.666149207190247
OS,2024-02-07,GPP,1.0787670386939303
OS,2024-02-07,ER,6.488738827947516
OS,2024-02-08,GPP,1.3602986300358535
OS,2024-02-08,ER,7.810733805550635
OS,2024-02-09,GPP,1.6981934879277245
OS,2024-02-09,ER,7.838886278528336
OS,2024-02-10,GPP,1.9959251923918364
OS,2024-02-10,ER,7.5771432076308916
OS,2024-02-11,GPP,2.96785276392929
OS,2024-02-11,ER,6.358848305538822
OS,2024-02-12,GPP,1.2722667365105802
OS,2024-02-12,ER,8.61384927787092
OS,2024-02-13,GPP,2.307875527160294
OS,2024-02-13,ER,2.1918198137408975
OS,2024-02-14,GPP,1.7233133554027733
OS,2024-02-14,ER,4.624493913721629
OS,2024-02-15,GPP,1.858165034272823
OS,2024-02-15,ER,6.9414279154170115
OS,2024-02-16,GPP,1.5468170182524514
OS,2024-02-16,ER,6.263720496982598
OS,2024-02-17,GPP,1.4461237650011152
OS,2024-02-17,ER,3.3719072339976055
OS,2024-02-18,GPP,1.596072443780022
OS,2024-02-18,ER,5.5536711390994
OS,2024-02-19,GPP,1.7193803009861068
OS,2024-02-19,ER,5.247813855219298
OS,2024-02-20,GPP,2.2743895485887373
OS,2024-02-20,ER,5.127686074236716
OS,2024-02-21,GPP,1.949597434588461
OS,2024-02-21,ER,4.4908939739591895
OS,2024-02-22,GPP,1.966896972474991
OS,2024-02-22,ER,4.001014314657874
OS,2024-02-23,GPP,4.734826041761144
OS,2024-02-23,ER,7.785150430181756
OS,2024-02-24,GPP,3.2165050838742775
OS,2024-02-24,ER,9.639921217667702
OS,2024-02-25,GPP,1.655564860704987
OS,2024-02-25,ER,1.8722909384338169
OS,2024-02-28,GPP,3.49683458205744
OS,2024-02-28,ER,6.344673605424231
OS,2024-03-02,GPP,1.440103728270101
OS,2024-03-02,ER,6.865729652501348
OS,2024-03-03,GPP,2.8632023183805893
OS,2024-03-03,ER,6.363149289135411
OS,2024-03-04,GPP,3.0789499140928216
OS,2024-03-04,ER,8.399435859505862
OS,2024-03-05,GPP,1.2840608042939332
OS,2024-03-05,ER,6.593446887164458
OS,2024-03-06,GPP,2.4268304019909435
OS,2024-03-06,ER,4.982458223185872
OS,2024-03-07,GPP,3.072924685749436
OS,2024-03-07,ER,9.861625096505062
OS,2024-03-08,GPP,2.812854542129596
OS,2024-03-08,ER,9.442225046984822
OS,2024-03-09,GPP,1.3030449116148357
OS,2024-03-09,ER,6.56004407496963
OS,2024-03-10,GPP,0.6689081465427414
OS,2024-03-10,ER,4.2612183837128015
OS,2024-03-11,GPP,1.4231105328301723
OS,2024-03-11,ER,5.754871632351793
OS,2024-03-12,GPP,1.5238462561791624
OS,2024-03-12,ER,7.295215680299328
OS,2024-03-13,GPP,1.998976405791017
OS,2024-03-13,ER,7.1536669814121625
OS,2024-03-14,GPP,2.0665088324462686
OS,2024-03-14,ER,6.722895324432949
OS,2024-03-15,GPP,1.2436561142838756
OS,2024-03-15,ER,12.012856615556704
OS,2024-03-16,GPP,1.8641359473532
OS,2024-03-16,ER,11.150780261076315
OS,2024-03-17,GPP,1.4837847058450029
OS,2024-03-17,ER,10.556740066980293
OS,2024-03-18,GPP,1.279696278207371
OS,2024-03-18,ER,9.502174402213022
OS,2024-03-19,GPP,0.40946789243942067
OS,2024-03-19,ER,6.737250978460722
OS,2024-03-20,GPP,1.2042089234719684
OS,2024-03-20,ER,8.439865895174512
OS,2024-03-21,GPP,2.770485692078016
OS,2024-03-21,ER,9.495084075442094
OS,2024-03-22,GPP,1.5170102278522086
OS,2024-03-22,ER,13.215615134319368
OS,2024-03-23,GPP,1.7740054605084736
OS,2024-03-23,ER,11.98575802279598
OS,2024-03-24,GPP,1.4839939315274582
OS,2024-03-24,ER,11.04011865005276
OS,2024-03-25,GPP,5.4417351208251565
OS,2024-03-25,ER,10.207790974653744
OS,2024-03-26,GPP,1.5404733597811957
OS,2024-03-26,ER,12.7955851428771
OS,2024-03-27,GPP,2.8059873100124304
OS,2024-03-27,ER,12.024788691902891
OS,2024-03-28,GPP,1.6156679624336374
OS,2024-03-28,ER,11.810963317576483
OS,2024-03-29,GPP,6.6668475671218825
OS,2024-03-29,ER,10.8339263744188
OS,2024-03-30,GPP,4.967608615948663
OS,2024-03-30,ER,12.182477986714217
OS,2024-03-31,GPP,1.419812188650193
OS,2024-03-31,ER,11.12863548605951
OS,2024-04-01,GPP,1.6283790483222014
OS,2024-04-01,ER,12.869238963164191
OS,2024-04-02,GPP,1.870496479086268
OS,2024-04-02,ER,12.438071356547493
OS,2024-04-03,GPP,1.5130088291650603
OS,2024-04-03,ER,11.350068805377338
OS,2024-04-04,GPP,1.0694377442935123
OS,2024-04-04,ER,7.379605626305009
OS,2024-04-05,GPP,1.84864431829526
OS,2024-04-05,ER,12.816159062491328
OS,2024-04-06,GPP,1.6199863049356018
OS,2024-04-06,ER,10.933891903802088
OS,2024-04-07,GPP,1.0252766403626938
OS,2024-04-07,ER,8.888029953887683
OS,2024-04-08,GPP,2.0029196390963473
OS,2024-04-08,ER,9.65315458553778
OS,2024-04-09,GPP,3.113702170152806
OS,2024-04-09,ER,15.692501883653286
OS,2024-04-10,GPP,1.8661751123087669
OS,2024-04-10,ER,13.204133111576134
OS,2024-04-11,GPP,2.0665366992812206
OS,2024-04-11,ER,13.613064958763706
OS,2024-04-12,GPP,1.2848231053132146
OS,2024-04-12,ER,4.181023057681005
OS,2024-04-13,GPP,1.3273951461092823
OS,2024-04-13,ER,8.044435176874586
OS,2024-04-14,GPP,1.6754694038592006
OS,2024-04-14,ER,10.242681037523452
OS,2024-04-15,GPP,1.304146662230426
OS,2024-04-15,ER,8.255768803065632
OS,2024-04-16,GPP,1.1150035243796084
OS,2024-04-16,ER,9.70465878417972
OS,2024-04-17,GPP,1.277979209544977
OS,2024-04-17,ER,10.155005325451391
OS,2024-04-18,GPP,0.7416181648066842
OS,2024-04-18,ER,10.46595375336284
OS,2024-04-19,GPP,0.9786466607045028
OS,2024-04-19,ER,10.625280947894105
OS,2024-04-20,GPP,0.8836925068366819
OS,2024-04-20,ER,11.30192584426119
OS,2024-04-21,GPP,1.3263501962761213
OS,2024-04-21,ER,11.78731708295842
OS,2024-04-22,GPP,1.2932857064417158
OS,2024-04-22,ER,11.945437511617389
OS,2024-04-23,GPP,1.3966096969378894
OS,2024-04-23,ER,12.423378585031903
OS,2024-04-24,GPP,1.5960636338166128
OS,2024-04-24,ER,13.195165627041254
OS,2024-04-25,GPP,1.5950641510750396
OS,2024-04-25,ER,13.407131972653954
OS,2024-04-26,GPP,1.3013745426369605
OS,2024-04-26,ER,12.641512597999698
OS,2024-04-27,GPP,1.2411784343758123
OS,2024-04-27,ER,11.664216387106064
OS,2024-04-28,GPP,1.4287066075175054
OS,2024-04-28,ER,11.942973540461573
OS,2024-04-29,GPP,1.6067879496018125
OS,2024-04-29,ER,11.703648107367492
OS,2024-04-30,GPP,1.8026477292812175
OS,2024-04-30,ER,11.697017428357093
OS,2024-05-01,GPP,1.5966010476235444
OS,2024-05-01,ER,11.840792494280008
OS,2024-05-02,GPP,1.3842561110105724
OS,2024-05-02,ER,11.752679330019516
OS,2024-05-03,GPP,1.4473737832407754
OS,2024-05-03,ER,11.748372868976386
OS,2024-05-04,GPP,1.124363784731652
OS,2024-05-04,ER,11.148538224838854
OS,2024-05-05,GPP,1.1218467220764867
OS,2024-05-05,ER,11.26809839957545
OS,2024-05-06,GPP,1.2375163789827257
OS,2024-05-06,ER,11.549583197447753
OS,2024-05-07,GPP,1.2514921071824143
OS,2024-05-07,ER,11.73300824510964
OS,2024-05-08,GPP,1.4590187297137898
OS,2024-05-08,ER,12.442024797133795
OS,2024-05-09,GPP,1.7929571047983115
OS,2024-05-09,ER,14.874491004219871
OS,2024-05-10,GPP,1.6558518567652598
OS,2024-05-10,ER,13.138936404861402
OS,2024-05-11,GPP,1.7593361703965518
OS,2024-05-11,ER,13.040238208981346
OS,2024-05-12,GPP,1.7434155494963193
OS,2024-05-12,ER,12.694910127882848
OS,2024-05-13,GPP,1.7145459134893362
OS,2024-05-13,ER,12.346710903210411
OS,2024-05-14,GPP,1.733760310200359
OS,2024-05-14,ER,12.458225148156544
OS,2024-05-15,GPP,1.81088697079972
OS,2024-05-15,ER,12.48470946499302
OS,2024-05-16,GPP,1.6955193231708154
OS,2024-05-16,ER,12.21632641140403
OS,2024-05-17,GPP,1.6813144182733384
OS,2024-05-17,ER,12.16318233076929
OS,2024-05-18,GPP,1.6953139815198683
OS,2024-05-18,ER,12.298246816297
OS,2024-05-19,GPP,1.6177883772430517
OS,2024-05-19,ER,12.661744396703932
OS,2024-05-20,GPP,1.6585000927593347
OS,2024-05-20,ER,12.734386792532993
OS,2024-05-21,GPP,1.6421738556597654
OS,2024-05-21,ER,13.154612381311544
OS,2024-05-22,GPP,1.7022153858582612
OS,2024-05-22,ER,13.248638474145986
OS,2024-05-23,GPP,1.640474310079383
OS,2024-05-23,ER,13.682840591224595
OS,2024-05-24,GPP,1.764678170180322
OS,2024-05-24,ER,14.006511205328758
OS,2024-05-25,GPP,1.6215930390654096
OS,2024-05-25,ER,14.053752886059806
OS,2024-05-26,GPP,1.8938043781329013
OS,2024-05-26,ER,8.447100189192776
OS,2024-05-27,GPP,1.147270917452315
OS,2024-05-27,ER,11.101134585819
OS,2024-05-28,GPP,1.0094839261535844
OS,2024-05-28,ER,10.875199239207175
OS,2024-05-29,GPP,1.0299853194120117
OS,2024-05-29,ER,11.20247114614238
OS,2024-05-30,GPP,1.3271040935692764
OS,2024-05-30,ER,12.050252381932369
OS,2024-05-31,GPP,1.3288478803077135
OS,2024-05-31,ER,11.905257248351054
OS,2024-06-01,GPP,1.5190113924695197
OS,2024-06-01,ER,11.575615367800872
OS,2024-06-02,GPP,1.4038317664858648
OS,2024-06-02,ER,11.348146615826076
OS,2024-06-03,GPP,1.6781045333823068
OS,2024-06-03,ER,10.655363180031866
OS,2024-06-04,GPP,1.270468058638754
OS,2024-06-04,ER,11.39970366996647
OS,2024-06-05,GPP,0.975053641547869
OS,2024-06-05,ER,10.803461471877664
OS,2024-06-06,GPP,4.028529503898392
OS,2024-06-06,ER,15.558353126087228
OS,2024-06-07,GPP,2.61400290836089
OS,2024-06-07,ER,15.772141068981457
OS,2024-06-08,GPP,2.049278239611123
OS,2024-06-08,ER,14.980589721737504
OS,2024-06-09,GPP,1.5965132574471297
OS,2024-06-09,ER,13.709853775101577
OS,2024-06-10,GPP,1.6283421486299507
OS,2024-06-10,ER,13.585643435401858
OS,2024-06-11,GPP,1.7343049780138748
OS,2024-06-11,ER,13.269141164219104
OS,2024-06-12,GPP,1.6242817371397609
OS,2024-06-12,ER,13.061342764542411
OS,2024-06-13,GPP,1.677356689717372
OS,2024-06-13,ER,12.728979511734703
OS,2024-06-14,GPP,1.7047348840052374
OS,2024-06-14,ER,11.92156615209342
OS,2024-06-15,GPP,1.679085766292952
OS,2024-06-15,ER,11.670666292072848
OS,2024-06-16,GPP,1.700652295017062
OS,2024-06-16,ER,11.49752338860889
OS,2024-06-17,GPP,1.7088027660769984
OS,2024-06-17,ER,10.89096487458355
OS,2024-06-18,GPP,1.7643118030313936
OS,2024-06-18,ER,10.297192682075572
OS,2024-06-19,GPP,1.7876081865799711
OS,2024-06-19,ER,10.12490026306009
OS,2024-06-20,GPP,2.9623296767439675
OS,2024-06-20,ER,10.370411199662104
OS,2024-06-21,GPP,3.6755602203437774
OS,2024-06-21,ER,10.052308054286526
OS,2024-06-22,GPP,2.487842796929443
OS,2024-06-22,ER,9.711654807769538
OS,2024-06-23,GPP,3.0959164984802583
OS,2024-06-23,ER,9.319915330698343
OS,2024-06-24,GPP,3.3781149829732122
OS,2024-06-24,ER,9.721102063208074
AM,2022-03-30,DO,2.34
AM,2022-03-31,DO,1.86
AM,2022-04-01,DO,1.37
AM,2022-04-02,DO,1.5
AM,2022-04-03,DO,2
AM,2022-04-04,DO,2.38
AM,2022-04-05,DO,2.1
AM,2022-04-06,DO,1.54
AM,2022-04-07,DO,1.54
AM,2022-04-08,DO,2.5
AM,2022-04-09,DO,2.7
AM,2022-04-10,DO,5.36
AM,2022-04-11,DO,4.27
AM,2022-04-12,DO,2.61
AM,2022-04-13,DO,2.18
AM,2022-04-14,DO,2.14
AM,2022-04-15,DO,2.07
AM,2022-04-16,DO,2.06
AM,2022-04-17,DO,1.88
AM,2022-04-18,DO,1.84
AM,2022-04-19,DO,2.5
AM,2022-04-20,DO,3.4
AM,2022-04-21,DO,2.95
AM,2022-04-22,DO,2.87
AM,2022-04-23,DO,3.57
AM,2022-04-27,DO,3.41
AM,2022-04-28,DO,3.27
AM,2022-04-29,DO,3.52
AM,2022-04-30,DO,3.54
AM,2022-05-01,DO,3.62
AM,2022-05-02,DO,3.64
AM,2022-05-03,DO,3.65
AM,2022-05-09,DO,4.09
AM,2022-05-10,DO,4.14
AM,2022-05-11,DO,4.23
AM,2022-05-12,DO,4.24
AM,2022-05-13,DO,4.28
AM,2022-05-14,DO,4.29
AM,2022-05-15,DO,4.33
AM,2022-05-16,DO,4.37
AM,2022-05-17,DO,4.39
AM,2022-05-18,DO,4.42
AM,2022-05-19,DO,4.47
AM,2022-05-20,DO,4.53
AM,2022-05-21,DO,4.24
AM,2022-05-22,DO,4.51
AM,2022-05-23,DO,4.56
AM,2022-06-30,DO,4.93
AM,2022-07-01,DO,4.62
AM,2022-07-02,DO,4.88
AM,2022-07-03,DO,4.9
AM,2022-07-04,DO,4.93
AM,2022-07-05,DO,4.89
AM,2022-07-06,DO,4.9
AM,2022-07-07,DO,4.91
AM,2022-07-08,DO,4.93
AM,2022-07-09,DO,4.91
AM,2022-07-10,DO,4.89
AM,2022-07-11,DO,4.65
AM,2022-07-12,DO,4.64
AM,2022-07-13,DO,4.85
AM,2022-07-14,DO,4.84
AM,2022-07-15,DO,4.81
AM,2022-07-16,DO,4.76
AM,2022-07-17,DO,4.65
AM,2022-07-18,DO,4.33
AM,2022-07-19,DO,4.23
AM,2022-07-20,DO,4
AM,2022-07-21,DO,3.79
AM,2022-07-22,DO,3.62
AM,2022-07-23,DO,3.64
AM,2022-07-24,DO,3.55
AM,2022-07-25,DO,3.56
AM,2022-07-26,DO,3.2
AM,2022-07-27,DO,3.27
AM,2022-07-28,DO,3.41
AM,2022-07-29,DO,3.43
AM,2022-07-30,DO,3.63
AM,2022-07-31,DO,3.69
AM,2022-08-01,DO,3.88
AM,2022-08-02,DO,3.96
AM,2022-08-03,DO,4.14
AM,2022-08-04,DO,4.25
AM,2022-08-05,DO,4.37
AM,2022-08-06,DO,4.28
AM,2022-08-07,DO,4.43
AM,2022-08-08,DO,4.44
AM,2022-08-09,DO,4.55
AM,2022-08-10,DO,4.56
AM,2022-08-11,DO,4.51
AM,2022-08-12,DO,4.33
AM,2022-08-13,DO,4.3
AM,2022-08-14,DO,4.3
AM,2022-08-15,DO,4.33
AM,2022-08-16,DO,4.5
AM,2022-08-17,DO,4.52
AM,2022-08-18,DO,4.55
AM,2022-08-19,DO,4.58
AM,2022-08-20,DO,4.59
AM,2022-08-21,DO,4.57
AM,2022-08-22,DO,4.58
AM,2022-08-23,DO,4.58
AM,2022-08-24,DO,4.53
AM,2022-08-25,DO,4.44
AM,2022-08-26,DO,4.54
AM,2022-08-27,DO,4.33
AM,2022-08-28,DO,4.27
AM,2022-08-29,DO,2.47
AM,2022-08-30,DO,0.67
AM,2022-08-31,DO,0.05
AM,2022-09-01,DO,1.63
AM,2022-09-02,DO,0.88
AM,2022-09-03,DO,0.01
AM,2022-09-04,DO,0.03
AM,2022-09-05,DO,1.41
AM,2022-09-06,DO,0.81
AM,2022-09-07,DO,0.37
AM,2022-09-08,DO,0.12
AM,2022-09-09,DO,0.02
AM,2022-09-10,DO,0
AM,2022-09-11,DO,0.59
AM,2022-09-12,DO,0.01
AM,2022-09-13,DO,0.05
AM,2022-09-14,DO,0.13
AM,2022-09-15,DO,0.25
AM,2022-09-16,DO,0.33
AM,2022-09-17,DO,0.25
AM,2022-09-18,DO,0.3
AM,2022-09-19,DO,0.02
AM,2022-09-20,DO,0.43
AM,2022-09-21,DO,0.63
AM,2022-09-22,DO,0
AM,2022-09-23,DO,0.01
AM,2022-09-24,DO,0
AM,2022-09-25,DO,0
AM,2022-09-26,DO,0
AM,2022-09-27,DO,2.7
AM,2022-09-28,DO,3.56
AM,2022-09-29,DO,3.7
AM,2022-09-30,DO,3.4
AM,2022-10-01,DO,3.53
AM,2022-10-02,DO,3.95
AM,2022-10-03,DO,2.9
AM,2022-10-04,DO,3.32
AM,2022-10-05,DO,3.89
AM,2022-10-06,DO,2.43
AM,2022-10-07,DO,3.31
AM,2022-10-08,DO,4.36
AM,2022-10-09,DO,4.37
AM,2022-10-10,DO,4.66
AM,2022-10-11,DO,4.58
AM,2022-10-12,DO,4.39
AM,2022-10-13,DO,4.4
AM,2022-10-14,DO,4.62
AM,2022-10-15,DO,4.81
AM,2022-10-16,DO,4.8
AM,2022-10-17,DO,4.71
AM,2022-10-18,DO,4.75
AM,2022-10-19,DO,5.18
AM,2022-10-20,DO,5.14
AM,2022-10-21,DO,5.13
AM,2022-10-22,DO,5.1
AM,2022-10-23,DO,5.08
AM,2022-10-24,DO,5.02
AM,2022-10-25,DO,4.89
AM,2022-10-26,DO,4.9
AM,2022-10-27,DO,4.97
AM,2022-10-28,DO,4.73
AM,2022-10-29,DO,4.98
AM,2022-10-30,DO,4.94
AM,2022-10-31,DO,4.9
AM,2022-11-01,DO,4.93
AM,2022-11-02,DO,4.93
AM,2022-11-03,DO,5.01
AM,2022-11-04,DO,5
AM,2022-11-05,DO,4.86
AM,2022-11-06,DO,4.94
AM,2022-11-08,DO,4.93
AM,2022-11-09,DO,4.97
AM,2022-11-10,DO,4.17
AM,2022-11-11,DO,4.51
AM,2022-11-12,DO,4.77
AM,2022-11-13,DO,4.77
AM,2022-11-14,DO,4.9
AM,2022-11-15,DO,4.76
AM,2022-11-16,DO,4.75
AM,2022-11-17,DO,5.2
AM,2022-11-18,DO,5.26
AM,2022-11-19,DO,5.23
AM,2022-11-20,DO,5.12
AM,2022-11-21,DO,5.14
AM,2022-11-22,DO,5.08
AM,2022-11-23,DO,5.09
AM,2022-11-24,DO,4.99
AM,2022-11-25,DO,4.69
AM,2022-11-26,DO,4.45
AM,2022-11-27,DO,4.56
AM,2022-11-28,DO,3.63
AM,2022-11-29,DO,5.14
AM,2022-11-30,DO,5.2
AM,2022-12-01,DO,5.32
AM,2022-12-02,DO,4.24
AM,2022-12-03,DO,5.26
AM,2022-12-04,DO,5.22
AM,2022-12-05,DO,5.21
AM,2022-12-06,DO,5.22
AM,2022-12-07,DO,5.29
AM,2022-12-08,DO,5.31
AM,2022-12-09,DO,5.35
AM,2022-12-10,DO,5.28
AM,2022-12-11,DO,5.35
AM,2022-12-12,DO,5.35
AM,2022-12-13,DO,5.41
AM,2022-12-14,DO,5.23
AM,2022-12-15,DO,5.06
AM,2022-12-16,DO,5.64
AM,2022-12-17,DO,5.52
AM,2022-12-18,DO,5.57
AM,2022-12-19,DO,5.62
AM,2022-12-20,DO,5.49
AM,2022-12-21,DO,5.56
AM,2022-12-22,DO,5.39
AM,2022-12-23,DO,5.45
AM,2022-12-24,DO,6.15
AM,2022-12-25,DO,6.06
AM,2022-12-26,DO,6.05
AM,2022-12-27,DO,5.96
AM,2022-12-28,DO,5.85
AM,2022-12-29,DO,5.59
AM,2022-12-30,DO,5.56
AM,2022-12-31,DO,5.46
AM,2023-01-01,DO,5.55
AM,2023-01-02,DO,5.46
AM,2023-01-03,DO,5.52
AM,2023-01-04,DO,5.15
AM,2023-01-05,DO,5.24
AM,2023-01-06,DO,5.48
AM,2023-01-07,DO,5.54
AM,2023-01-08,DO,5.33
AM,2023-01-09,DO,5.39
AM,2023-01-10,DO,5.55
AM,2023-01-11,DO,5.37
AM,2023-01-12,DO,5.3
AM,2023-01-13,DO,5.07
AM,2023-01-14,DO,5.77
AM,2023-01-15,DO,5.7
AM,2023-01-16,DO,5.61
AM,2023-01-17,DO,5.33
AM,2023-01-18,DO,5.31
AM,2023-01-19,DO,5.16
AM,2023-01-20,DO,5.29
AM,2023-01-21,DO,5.51
AM,2023-01-22,DO,5.11
AM,2023-01-23,DO,5.27
AM,2023-01-24,DO,5.29
AM,2023-01-25,DO,5.1
AM,2023-01-26,DO,5.33
AM,2023-01-27,DO,5.51
AM,2023-01-28,DO,5.08
AM,2023-01-29,DO,4.56
AM,2023-01-30,DO,4.13
AM,2023-01-31,DO,3.73
AM,2023-02-01,DO,3.03
AM,2023-02-02,DO,3.56
AM,2023-02-03,DO,3.49
AM,2023-02-04,DO,3.72
AM,2023-02-05,DO,3.4
AM,2023-02-06,DO,3.35
AM,2023-02-07,DO,3.27
AM,2023-02-08,DO,3
AM,2023-02-09,DO,2.77
AM,2023-02-10,DO,2.35
AM,2023-02-11,DO,2.9
AM,2023-02-12,DO,2.6
AM,2023-02-13,DO,2.51
AM,2023-02-14,DO,6.31
AM,2023-02-15,DO,6.83
AM,2023-02-16,DO,6.42
AM,2023-02-17,DO,6.7
AM,2023-02-18,DO,7.38
AM,2023-02-19,DO,7.06
AM,2023-02-20,DO,6.8
AM,2023-02-21,DO,6.8
AM,2023-02-22,DO,6.02
AM,2023-02-23,DO,5.75
AM,2023-02-24,DO,4.85
AM,2023-02-25,DO,2.06
AM,2023-02-26,DO,0.28
AM,2023-02-27,DO,0.02
AM,2023-02-28,DO,0.51
AM,2023-03-01,DO,0.33
AM,2023-03-02,DO,0.62
AM,2023-03-03,DO,0.85
AM,2023-03-04,DO,0.8
AM,2023-03-05,DO,1.26
AM,2023-03-06,DO,1.56
AM,2023-03-07,DO,1.78
AM,2023-03-08,DO,2.01
AM,2023-03-09,DO,2.77
AM,2023-03-10,DO,2.29
AM,2023-03-11,DO,2.12
AM,2023-03-12,DO,8.53
AM,2023-03-13,DO,8.91
AM,2023-03-14,DO,9.55
AM,2023-03-15,DO,3.76
AM,2023-03-16,DO,3.23
AM,2023-03-17,DO,2.97
AM,2023-03-18,DO,2.7
AM,2023-03-19,DO,2.24
AM,2023-03-20,DO,1.55
AM,2023-03-21,DO,1.94
AM,2023-03-22,DO,1.53
AM,2023-03-23,DO,1.89
AM,2023-03-24,DO,1.8
AM,2023-03-25,DO,1.38
AM,2023-03-26,DO,1.32
AM,2023-03-27,DO,1.24
AM,2023-03-28,DO,1.03
AM,2023-03-29,DO,1.89
AM,2023-03-30,DO,3.32
AM,2023-03-31,DO,3.12
AM,2023-04-01,DO,2.77
AM,2023-04-02,DO,2.59
AM,2023-04-03,DO,3
AM,2023-04-04,DO,3.06
AM,2023-04-05,DO,3.05
AM,2023-04-06,DO,3.2
AM,2023-04-07,DO,2.88
AM,2023-04-08,DO,2.68
AM,2023-04-09,DO,2.46
AM,2023-04-10,DO,2.16
AM,2023-04-11,DO,2.03
AM,2023-04-12,DO,2.46
AM,2023-04-14,DO,4.07
AM,2023-04-19,DO,2.22
AM,2023-04-20,DO,2.86
AM,2023-04-21,DO,2.19
AM,2023-04-23,DO,3.3
AM,2023-04-24,DO,2.83
AM,2023-04-25,DO,4.27
AM,2023-04-26,DO,4.57
AM,2023-04-27,DO,3.73
AM,2023-04-28,DO,4.6
AM,2023-04-29,DO,3.53
AM,2023-04-30,DO,2.42
AM,2023-05-01,DO,2.12
AM,2023-05-02,DO,3.11
AM,2023-05-04,DO,4.99
AM,2023-05-05,DO,4.99
AM,2023-05-06,DO,5.04
AM,2023-05-07,DO,5.06
AM,2023-05-08,DO,4.88
AM,2023-05-09,DO,4.87
AM,2023-05-10,DO,4.9
AM,2023-05-11,DO,5.19
AM,2023-05-12,DO,5.53
AM,2023-05-13,DO,5.49
AM,2023-05-14,DO,4.82
AM,2023-05-15,DO,4.77
AM,2023-05-16,DO,4.77
AM,2023-05-17,DO,4.68
AM,2023-05-18,DO,4.74
AM,2023-05-19,DO,4.7
AM,2023-05-20,DO,4.79
AM,2023-05-21,DO,7.46
AM,2023-05-22,DO,8.01
AM,2023-05-23,DO,7.87
AM,2023-05-24,DO,4.89
AM,2023-05-25,DO,4.57
AM,2023-05-26,DO,4.67
AM,2023-05-27,DO,4.73
AM,2023-05-28,DO,4.66
AM,2023-05-29,DO,4.56
AM,2023-05-30,DO,4.58
AM,2023-05-31,DO,4.65
AM,2023-06-01,DO,4.68
AM,2023-06-02,DO,4.64
AM,2023-06-03,DO,4.69
AM,2023-06-04,DO,4.82
AM,2023-06-05,DO,4.84
AM,2023-06-06,DO,4.82
AM,2023-06-07,DO,4.83
AM,2023-06-08,DO,4.79
AM,2023-06-09,DO,4.8
AM,2023-06-10,DO,4.75
AM,2023-06-11,DO,4.76
AM,2023-06-12,DO,4.78
AM,2023-06-13,DO,4.77
AM,2023-06-14,DO,4.55
AM,2023-06-15,DO,4.67
AM,2023-06-16,DO,4.72
AM,2023-06-17,DO,4.11
AM,2023-06-18,DO,3.49
AM,2023-06-19,DO,3.35
AM,2023-06-20,DO,3.04
AM,2023-06-21,DO,2.81
AM,2023-06-22,DO,3.43
AM,2023-06-23,DO,2.74
AM,2023-06-24,DO,1.4
AM,2023-06-25,DO,0.89
AM,2023-06-26,DO,0.81
AM,2023-06-27,DO,0.68
AM,2023-06-28,DO,0.13
AM,2023-06-29,DO,0.11
AM,2023-06-30,DO,0.31
AM,2023-07-01,DO,0.58
AM,2023-07-02,DO,0.54
AM,2023-07-03,DO,0.63
AM,2023-07-04,DO,0.77
AM,2023-07-05,DO,0.96
AM,2023-07-06,DO,1.21
AM,2023-07-07,DO,1.51
AM,2023-07-08,DO,1.76
AM,2023-07-09,DO,2.06
AM,2023-07-10,DO,2.56
AM,2023-07-11,DO,2.89
AM,2023-07-12,DO,3.21
AM,2023-07-13,DO,3.42
AM,2023-07-14,DO,3.64
AM,2023-07-15,DO,3.82
AM,2023-07-16,DO,3.95
AM,2023-07-17,DO,3.93
AM,2023-07-18,DO,3.95
AM,2023-07-19,DO,3.06
AM,2023-07-20,DO,4.17
AM,2023-07-21,DO,3.69
AM,2023-07-22,DO,4.2
AM,2023-07-23,DO,4.23
AM,2023-07-24,DO,3.99
AM,2023-07-25,DO,4.06
AM,2023-07-26,DO,4
AM,2023-07-27,DO,4.02
AM,2023-07-28,DO,4.03
AM,2023-07-29,DO,3.99
AM,2023-07-30,DO,3.88
AM,2023-07-31,DO,3.96
AM,2023-08-01,DO,3.7
AM,2023-08-02,DO,3.75
AM,2023-08-03,DO,3.63
AM,2023-08-04,DO,3.37
AM,2023-08-05,DO,3.4
AM,2023-08-06,DO,3.5
AM,2023-08-07,DO,3.45
AM,2023-08-08,DO,3.37
AM,2023-08-09,DO,3.36
AM,2023-08-10,DO,2.18
AM,2023-08-11,DO,3.38
AM,2023-08-12,DO,2.96
AM,2023-08-13,DO,3.67
AM,2023-08-14,DO,3.49
AM,2023-08-15,DO,4
AM,2023-08-16,DO,3.81
AM,2023-08-17,DO,3.92
AM,2023-08-18,DO,2.63
AM,2023-08-19,DO,3.99
AM,2023-08-20,DO,3.95
AM,2023-08-21,DO,3.95
AM,2023-08-22,DO,4.06
AM,2023-08-23,DO,4.02
AM,2023-08-24,DO,4.17
AM,2023-08-25,DO,4.25
AM,2023-08-26,DO,4.28
AM,2023-08-27,DO,4.28
AM,2023-08-28,DO,3.99
AM,2023-08-29,DO,4.08
AM,2023-08-30,DO,2.58
AM,2023-08-31,DO,3.15
AM,2023-09-01,DO,2.42
AM,2023-09-02,DO,1.69
AM,2023-09-03,DO,1.39
AM,2023-09-04,DO,0.98
AM,2023-09-05,DO,0.75
AM,2023-09-06,DO,0.62
AM,2023-09-07,DO,0.62
AM,2023-09-08,DO,0.58
AM,2023-09-09,DO,0.66
AM,2023-09-10,DO,0.78
AM,2023-09-11,DO,0.77
AM,2023-09-12,DO,0.95
AM,2023-09-13,DO,1
AM,2023-09-14,DO,1.22
AM,2023-09-15,DO,1.42
AM,2023-09-16,DO,1.71
AM,2023-09-17,DO,1.55
AM,2023-09-18,DO,1.89
AM,2023-09-19,DO,2.3
AM,2023-09-20,DO,2.39
AM,2023-10-02,DO,3.11
AM,2023-10-03,DO,3.12
AM,2023-10-04,DO,3.12
AM,2023-10-05,DO,3.13
AM,2023-10-06,DO,3.17
AM,2023-10-07,DO,3.15
AM,2023-10-08,DO,3.25
AM,2023-10-09,DO,3.52
AM,2023-10-10,DO,2.92
AM,2023-10-11,DO,2.9
AM,2023-10-12,DO,3.23
AM,2023-10-13,DO,3.27
AM,2023-10-14,DO,3.13
AM,2023-10-15,DO,3.14
AM,2023-10-16,DO,3.28
AM,2023-10-17,DO,3.47
AM,2023-10-18,DO,3.43
AM,2023-10-19,DO,3.31
AM,2023-10-20,DO,3.11
AM,2023-10-21,DO,3.16
AM,2023-10-22,DO,3.31
AM,2023-10-23,DO,3.39
AM,2023-10-24,DO,3.31
AM,2023-10-25,DO,2.27
AM,2023-10-26,DO,3.57
AM,2023-10-27,DO,3.64
AM,2023-10-28,DO,3.71
AM,2023-10-29,DO,3.77
AM,2023-10-30,DO,3.79
AM,2023-10-31,DO,3.82
AM,2023-11-01,DO,3.91
AM,2023-11-02,DO,4.14
AM,2023-11-03,DO,4.02
AM,2023-11-04,DO,4.09
AM,2023-11-05,DO,4.17
AM,2023-11-06,DO,4.15
AM,2023-11-07,DO,4.17
AM,2023-11-08,DO,4.19
AM,2023-11-09,DO,4.08
AM,2023-11-10,DO,4.1
AM,2023-11-11,DO,4.11
AM,2023-11-12,DO,4.18
AM,2023-11-13,DO,4.29
AM,2023-11-14,DO,4.08
AM,2023-11-15,DO,4.07
AM,2023-11-16,DO,4.09
AM,2023-11-30,DO,4.5
AM,2023-12-01,DO,4.31
AM,2023-12-02,DO,4.1
AM,2023-12-03,DO,4.14
AM,2023-12-04,DO,4.03
AM,2023-12-05,DO,3.93
AM,2023-12-06,DO,3.93
AM,2023-12-07,DO,3.78
AM,2023-12-08,DO,3.49
AM,2023-12-09,DO,3.49
AM,2023-12-10,DO,3.47
AM,2023-12-11,DO,3.67
AM,2023-12-12,DO,3.65
AM,2023-12-13,DO,3.41
AM,2023-12-14,DO,3.3
AM,2023-12-15,DO,3.22
AM,2023-12-16,DO,3.17
AM,2023-12-17,DO,2.69
AM,2023-12-18,DO,2.37
AM,2023-12-19,DO,6.7
AM,2023-12-20,DO,6.59
AM,2023-12-21,DO,7.4
AM,2023-12-22,DO,7.47
AM,2023-12-23,DO,6.79
AM,2023-12-24,DO,5.31
AM,2023-12-25,DO,2.23
AM,2023-12-26,DO,0.37
AM,2023-12-27,DO,0
AM,2023-12-28,DO,0.01
AM,2023-12-29,DO,0.01
AM,2023-12-30,DO,0.02
AM,2023-12-31,DO,0.51
AM,2024-01-01,DO,3.59
AM,2024-01-02,DO,0.77
AM,2024-01-03,DO,0.79
AM,2024-01-04,DO,0.61
AM,2024-01-05,DO,0.67
AM,2024-01-06,DO,0.66
AM,2024-01-07,DO,0.61
AM,2024-01-08,DO,1.26
AM,2024-01-09,DO,2.84
AM,2024-01-10,DO,0.69
AM,2024-01-11,DO,0.19
AM,2024-01-12,DO,0.61
AM,2024-01-13,DO,6.69
AM,2024-01-14,DO,5.45
AM,2024-01-15,DO,4.14
AM,2024-01-16,DO,5.5
AM,2024-01-17,DO,5.39
AM,2024-01-18,DO,4.5
AM,2024-01-19,DO,4.45
AM,2024-01-20,DO,5.83
AM,2024-01-21,DO,5.42
AM,2024-01-22,DO,5.58
AM,2024-01-23,DO,4.75
AM,2024-01-24,DO,3.36
AM,2024-01-25,DO,3.22
AM,2024-01-26,DO,3.12
AM,2024-01-27,DO,3.04
AM,2024-01-28,DO,2.95
AM,2024-01-29,DO,0.83
AM,2024-01-30,DO,2.68
AM,2024-01-31,DO,1.12
AM,2024-02-01,DO,2.62
AM,2024-02-02,DO,2.51
AM,2024-02-03,DO,2.38
AM,2024-02-04,DO,1.88
AM,2024-02-05,DO,2.05
AM,2024-02-06,DO,2.04
AM,2024-02-07,DO,2.37
AM,2024-02-08,DO,2.42
AM,2024-02-09,DO,2.03
AM,2024-02-10,DO,0.9
AM,2024-02-11,DO,1.86
AM,2024-02-12,DO,1.58
AM,2024-02-13,DO,1.63
AM,2024-02-14,DO,1.53
AM,2024-02-15,DO,0.24
AM,2024-02-16,DO,1.83
AM,2024-02-17,DO,1.66
AM,2024-02-18,DO,1.22
AM,2024-02-19,DO,1.85
AM,2024-02-20,DO,2.12
AM,2024-02-21,DO,2.25
AM,2024-02-22,DO,2.34
AM,2024-02-23,DO,2.34
AM,2024-02-24,DO,2.52
AM,2024-02-25,DO,2.66
AM,2024-02-26,DO,2.7
AM,2024-02-27,DO,2.43
AM,2024-02-28,DO,2.18
AM,2024-02-29,DO,1.94
AM,2024-03-01,DO,2.22
AM,2024-03-02,DO,2.01
AM,2024-03-03,DO,2.11
AM,2024-03-04,DO,2.25
AM,2024-03-05,DO,2.18
AM,2024-03-06,DO,2.15
AM,2024-03-07,DO,2.48
AM,2024-03-08,DO,2.36
AM,2024-03-09,DO,1.94
AM,2024-03-10,DO,1.86
AM,2024-03-11,DO,2.36
AM,2024-03-12,DO,1.7
AM,2024-03-13,DO,1.71
AM,2024-03-14,DO,1.85
AM,2024-03-15,DO,4.01
AM,2024-03-16,DO,4.26
AM,2024-03-17,DO,1.5
AM,2024-03-18,DO,1.78
AM,2024-03-19,DO,2.13
AM,2024-03-20,DO,3.35
AM,2024-03-21,DO,3.3
AM,2024-03-22,DO,1.94
AM,2024-03-23,DO,1.78
AM,2024-03-24,DO,2.72
AM,2024-03-25,DO,2.44
AM,2024-03-26,DO,1.95
AM,2024-03-27,DO,2.1
AM,2024-03-28,DO,3.15
AM,2024-03-29,DO,2.6
AM,2024-03-30,DO,1.36
AM,2024-03-31,DO,0.79
AM,2024-04-01,DO,1.11
AM,2024-04-02,DO,1.94
AM,2024-04-03,DO,2.02
AM,2024-04-04,DO,2.48
AM,2024-04-05,DO,1.25
AM,2024-04-06,DO,0.74
AM,2024-04-07,DO,1.44
AM,2024-04-08,DO,1.19
AM,2024-04-09,DO,0.4
AM,2024-04-10,DO,0.02
AM,2024-04-11,DO,0
AM,2024-04-12,DO,2.84
AM,2024-04-13,DO,2.72
AM,2024-04-14,DO,2.21
AM,2024-04-15,DO,0.34
AM,2024-04-16,DO,0
AM,2024-04-17,DO,0.01
AM,2024-04-18,DO,0.02
AM,2024-04-19,DO,0.02
AM,2024-04-20,DO,0.02
AM,2024-04-21,DO,0.02
AM,2024-04-22,DO,0.02
AM,2024-04-23,DO,0.02
AM,2024-04-24,DO,0.02
AM,2024-04-25,DO,0.02
AM,2024-04-26,DO,0.02
AM,2024-04-27,DO,0.02
AM,2024-04-28,DO,0.02
AM,2024-04-29,DO,0.02
AM,2024-04-30,DO,0.02
AM,2024-05-01,DO,0.02
AM,2024-05-02,DO,0.01
AM,2024-05-03,DO,0.02
AM,2024-05-04,DO,0
AM,2024-05-05,DO,0
AM,2024-05-06,DO,0
AM,2024-05-07,DO,0.05
AM,2024-05-08,DO,0.07
AM,2024-05-09,DO,0.17
AM,2024-05-10,DO,0.28
AM,2024-05-11,DO,0.25
AM,2024-05-12,DO,0.64
AM,2024-05-13,DO,0.32
AM,2024-05-14,DO,0.06
AM,2024-05-15,DO,0
AM,2024-05-16,DO,0
AM,2024-05-17,DO,0.01
AM,2024-05-18,DO,0
AM,2024-05-19,DO,0.02
AM,2024-05-20,DO,0.02
AM,2024-05-21,DO,0.02
AM,2024-05-22,DO,0.02
AM,2024-05-23,DO,0.02
AM,2024-05-24,DO,0.02
AM,2024-05-25,DO,0.02
AM,2024-05-26,DO,0.02
AM,2024-05-27,DO,0.02
AM,2024-05-28,DO,0.02
AM,2024-05-29,DO,0.02
AM,2024-05-30,DO,0.02
AM,2024-05-31,DO,0.02
AM,2024-06-01,DO,0.02
AM,2024-06-02,DO,0.02
AM,2024-06-03,DO,0.02
AM,2024-06-04,DO,0.01
AM,2024-06-05,DO,0.01
AM,2024-06-06,DO,0.01
AM,2024-06-07,DO,0
AM,2024-06-08,DO,0.02
AM,2024-06-09,DO,0
AM,2024-06-10,DO,0
AM,2024-06-11,DO,0.12
AM,2024-06-12,DO,0.75
AM,2024-06-13,DO,0.36
AM,2024-06-14,DO,0.57
AM,2024-06-15,DO,0.6
AM,2024-06-16,DO,0.49
AM,2024-06-17,DO,0.6
AM,2024-06-18,DO,2.85
AM,2024-06-19,DO,2.95
AM,2024-06-20,DO,3.13
AM,2024-06-21,DO,3.27
AM,2024-06-22,DO,3.37
AM,2024-06-23,DO,3.46
AM,2024-06-24,DO,3.53
AM,2024-06-25,DO,3.72
AM,2024-06-26,DO,2.15
AM,2024-06-27,DO,3.79
AM,2024-06-28,DO,3.57
AM,2024-06-29,DO,3.86
AM,2024-06-30,DO,3.7
AM,2024-07-01,DO,3.74
AM,2024-07-02,DO,3.71
AM,2024-07-03,DO,3.92
AM,2024-07-04,DO,3.72
AM,2024-07-05,DO,3.79
AM,2024-07-06,DO,3.64
AM,2024-07-07,DO,3.27
AM,2024-07-08,DO,3.49
AM,2024-07-09,DO,3.53
AM,2024-07-10,DO,3.58
AM,2024-07-11,DO,3.62
AM,2024-07-12,DO,3.56
AM,2024-07-13,DO,3.46
AM,2024-07-14,DO,3.28
AM,2024-07-15,DO,3.36
AM,2024-07-16,DO,3.35
AM,2024-07-17,DO,3.35
AM,2024-07-18,DO,3.45
AM,2024-07-19,DO,3.52
AM,2024-07-20,DO,3.5
AM,2024-07-21,DO,3.52
AM,2024-07-22,DO,3.46
AM,2024-07-23,DO,3.67
AM,2024-07-24,DO,3.73
AM,2024-07-25,DO,3.74
GB,2022-03-18,DO,5.07
GB,2022-03-19,DO,4.45
GB,2022-03-20,DO,3.86
GB,2022-03-21,DO,3.14
GB,2022-03-22,DO,3.09
GB,2022-03-23,DO,3.1
GB,2022-03-24,DO,3.39
GB,2022-03-25,DO,3.59
GB,2022-03-26,DO,3.6
GB,2022-03-27,DO,3.48
GB,2022-03-28,DO,4.06
GB,2022-03-29,DO,5.15
GB,2022-03-30,DO,5.32
GB,2022-04-27,DO,4.66
GB,2022-04-28,DO,4.72
GB,2022-04-29,DO,4.75
GB,2022-04-30,DO,4.68
GB,2022-05-01,DO,4.61
GB,2022-05-02,DO,4.41
GB,2022-05-03,DO,4.6
GB,2022-05-04,DO,4.56
GB,2022-05-05,DO,4.55
GB,2022-05-06,DO,4.41
GB,2022-05-07,DO,4.49
GB,2022-05-08,DO,4.5
GB,2022-05-09,DO,4.48
GB,2022-05-23,DO,4.68
GB,2022-05-24,DO,4.68
GB,2022-05-25,DO,4.68
GB,2022-05-26,DO,4.65
GB,2022-05-27,DO,4.7
GB,2022-05-28,DO,4.79
GB,2022-05-29,DO,4.71
GB,2022-05-30,DO,4.71
GB,2022-05-31,DO,4.74
GB,2022-06-01,DO,4.76
GB,2022-06-02,DO,4.8
GB,2022-06-03,DO,4.77
GB,2022-06-04,DO,4.76
GB,2022-06-05,DO,4.72
GB,2022-06-06,DO,4.74
GB,2022-06-07,DO,4.79
GB,2022-06-08,DO,4.81
GB,2022-06-09,DO,4.76
GB,2022-06-10,DO,4.82
GB,2022-06-11,DO,4.79
GB,2022-06-12,DO,4.83
GB,2022-06-13,DO,4.79
GB,2022-06-14,DO,4.75
GB,2022-06-15,DO,4.76
GB,2022-06-16,DO,4.76
GB,2022-06-17,DO,4.79
GB,2022-06-18,DO,4.78
GB,2022-06-19,DO,4.79
GB,2022-06-20,DO,4.82
GB,2022-06-21,DO,4.82
GB,2022-06-22,DO,4.78
GB,2022-06-23,DO,4.78
GB,2022-06-24,DO,4.74
GB,2022-06-25,DO,4.78
GB,2022-06-26,DO,4.82
GB,2022-06-27,DO,4.82
GB,2022-06-28,DO,4.77
GB,2022-06-29,DO,4.84
GB,2022-06-30,DO,4.8
GB,2022-07-01,DO,4.7
GB,2022-07-02,DO,4.8
GB,2022-07-03,DO,4.82
GB,2022-07-04,DO,4.8
GB,2022-07-05,DO,4.83
GB,2022-07-06,DO,4.82
GB,2022-07-07,DO,4.81
GB,2022-07-08,DO,4.82
GB,2022-07-09,DO,4.77
GB,2022-07-10,DO,4.79
GB,2022-07-11,DO,4.75
GB,2022-07-12,DO,4.78
GB,2022-07-13,DO,4.76
GB,2022-07-14,DO,4.81
GB,2022-07-15,DO,4.77
GB,2022-07-16,DO,4.79
GB,2022-07-17,DO,4.79
GB,2022-07-18,DO,4.79
GB,2022-07-19,DO,4.72
GB,2022-07-20,DO,4.77
GB,2022-07-21,DO,4.78
GB,2022-07-22,DO,4.7
GB,2022-07-23,DO,4.71
GB,2022-07-24,DO,4.77
GB,2022-07-25,DO,4.71
GB,2022-07-26,DO,4.69
GB,2022-07-27,DO,4.71
GB,2022-07-28,DO,4.6
GB,2022-07-29,DO,4.62
GB,2022-07-30,DO,4.65
GB,2022-07-31,DO,4.61
GB,2022-08-01,DO,4.68
GB,2022-08-02,DO,4.7
GB,2022-08-03,DO,4.63
GB,2022-08-04,DO,4.69
GB,2022-08-05,DO,4.7
GB,2022-08-06,DO,4.72
GB,2022-08-07,DO,4.7
GB,2022-08-08,DO,4.68
GB,2022-08-09,DO,4.72
GB,2022-08-10,DO,4.74
GB,2022-08-11,DO,4.77
GB,2022-08-12,DO,4.72
GB,2022-08-13,DO,4.74
GB,2022-08-14,DO,4.75
GB,2022-08-15,DO,4.78
GB,2022-08-16,DO,4.76
GB,2022-08-17,DO,4.75
GB,2022-08-18,DO,4.8
GB,2022-08-19,DO,4.78
GB,2022-08-20,DO,4.76
GB,2022-08-21,DO,4.76
GB,2022-08-22,DO,4.58
GB,2022-08-23,DO,4.76
GB,2022-08-24,DO,4.73
GB,2022-08-25,DO,4.64
GB,2022-08-26,DO,4.65
GB,2022-08-27,DO,4.6
GB,2022-08-28,DO,4.56
GB,2022-08-29,DO,4.52
GB,2022-08-30,DO,4.47
GB,2022-08-31,DO,4.45
GB,2022-09-01,DO,4.4
GB,2022-09-02,DO,4.41
GB,2022-09-03,DO,4.4
GB,2022-09-04,DO,4.42
GB,2022-09-05,DO,4.43
GB,2022-09-06,DO,4.43
GB,2022-09-07,DO,4.42
GB,2022-09-08,DO,4.41
GB,2022-09-09,DO,4.37
GB,2022-09-10,DO,4.38
GB,2022-09-11,DO,4.43
GB,2022-09-12,DO,4.29
GB,2022-09-13,DO,4.2
GB,2022-09-14,DO,4.05
GB,2022-09-15,DO,4.03
GB,2022-09-16,DO,4.03
GB,2022-09-17,DO,4.16
GB,2022-09-18,DO,4.25
GB,2022-09-19,DO,4.23
GB,2022-09-20,DO,4.21
GB,2022-09-21,DO,4.29
GB,2022-09-22,DO,4.34
GB,2022-09-23,DO,4.34
GB,2022-09-24,DO,4.48
GB,2022-09-25,DO,4.62
GB,2022-09-26,DO,4.65
GB,2022-09-27,DO,4.66
GB,2022-09-28,DO,4.82
GB,2022-09-29,DO,4.78
GB,2022-09-30,DO,4.65
GB,2022-10-01,DO,4.66
GB,2022-10-02,DO,4.7
GB,2022-10-03,DO,4.82
GB,2022-10-04,DO,4.84
GB,2022-10-05,DO,4.8
GB,2022-10-06,DO,4.73
GB,2022-10-07,DO,4.73
GB,2022-10-08,DO,4.7
GB,2022-10-09,DO,4.73
GB,2022-10-10,DO,4.78
GB,2022-10-11,DO,4.72
GB,2022-10-12,DO,4.67
GB,2022-10-13,DO,4.7
GB,2022-10-14,DO,4.76
GB,2022-10-15,DO,4.83
GB,2022-10-16,DO,4.84
GB,2022-10-17,DO,4.77
GB,2022-10-18,DO,4.8
GB,2022-10-19,DO,5.29
GB,2022-10-20,DO,5.18
GB,2022-10-21,DO,5.21
GB,2022-10-22,DO,5.04
GB,2022-10-23,DO,5
GB,2022-10-24,DO,5.02
GB,2022-10-25,DO,4.9
GB,2022-10-26,DO,4.82
GB,2022-10-27,DO,4.92
GB,2022-10-28,DO,4.94
GB,2022-11-07,DO,5.12
GB,2022-11-08,DO,5.23
GB,2022-11-09,DO,5.3
GB,2022-11-10,DO,4.88
GB,2022-11-11,DO,4.93
GB,2022-11-12,DO,5.09
GB,2022-11-13,DO,5.1
GB,2022-11-14,DO,5.17
GB,2022-11-15,DO,5.03
GB,2022-11-16,DO,4.99
GB,2022-11-17,DO,5.44
GB,2022-11-18,DO,5.51
GB,2022-11-19,DO,5.37
GB,2022-11-20,DO,5.32
GB,2022-11-21,DO,5.24
GB,2022-11-22,DO,5.17
GB,2022-11-23,DO,5.15
GB,2022-11-24,DO,5.05
GB,2022-11-25,DO,4.97
GB,2022-11-26,DO,5.01
GB,2022-11-27,DO,5.06
GB,2022-11-28,DO,5.15
GB,2022-11-29,DO,5.06
GB,2022-11-30,DO,5.11
GB,2022-12-01,DO,5.22
GB,2022-12-02,DO,5.27
GB,2022-12-03,DO,5.18
GB,2022-12-04,DO,5.1
GB,2022-12-05,DO,5.15
GB,2022-12-06,DO,5.17
GB,2022-12-07,DO,5.23
GB,2022-12-08,DO,5.2
GB,2022-12-09,DO,5.23
GB,2022-12-10,DO,5.23
GB,2022-12-11,DO,5.21
GB,2022-12-12,DO,5.23
GB,2022-12-13,DO,5.37
GB,2022-12-14,DO,5.21
GB,2022-12-15,DO,5.08
GB,2022-12-16,DO,5.59
GB,2022-12-17,DO,5.42
GB,2022-12-18,DO,5.65
GB,2022-12-19,DO,5.48
GB,2022-12-20,DO,5.47
GB,2022-12-21,DO,5.41
GB,2022-12-22,DO,5.43
GB,2022-12-23,DO,5.35
GB,2022-12-24,DO,6.38
GB,2022-12-25,DO,6.19
GB,2022-12-26,DO,6.14
GB,2022-12-27,DO,5.89
GB,2022-12-28,DO,5.66
GB,2022-12-29,DO,5.38
GB,2022-12-30,DO,5.31
GB,2022-12-31,DO,5.22
GB,2023-01-01,DO,5.26
GB,2023-01-02,DO,5.2
GB,2023-01-03,DO,5.21
GB,2023-01-04,DO,5.12
GB,2023-01-05,DO,5.28
GB,2023-01-06,DO,5.97
GB,2023-01-07,DO,5.79
GB,2023-01-08,DO,5.49
GB,2023-01-09,DO,5.65
GB,2023-01-10,DO,5.85
GB,2023-01-11,DO,5.54
GB,2023-01-12,DO,5.54
GB,2023-01-13,DO,5.2
GB,2023-01-14,DO,6.5
GB,2023-01-15,DO,6.32
GB,2023-01-16,DO,5.52
GB,2023-01-17,DO,5.64
GB,2023-01-18,DO,5.26
GB,2023-01-19,DO,5.08
GB,2023-01-20,DO,5.32
GB,2023-01-21,DO,5.69
GB,2023-01-22,DO,5.01
GB,2023-01-23,DO,5.42
GB,2023-01-24,DO,5.56
GB,2023-01-25,DO,5.16
GB,2023-01-26,DO,5.38
GB,2023-01-27,DO,6.13
GB,2023-01-28,DO,5.61
GB,2023-01-29,DO,5.1
GB,2023-01-30,DO,5.1
GB,2023-01-31,DO,5.07
GB,2023-02-01,DO,5.2
GB,2023-02-02,DO,5.09
GB,2023-02-03,DO,5.12
GB,2023-02-04,DO,5.81
GB,2023-02-05,DO,5.45
GB,2023-02-06,DO,5.58
GB,2023-02-07,DO,5.5
GB,2023-02-08,DO,5.29
GB,2023-02-09,DO,5.14
GB,2023-02-10,DO,5.03
GB,2023-02-11,DO,4.98
GB,2023-02-12,DO,5.2
GB,2023-02-13,DO,5.48
GB,2023-02-14,DO,5.33
GB,2023-02-15,DO,5.03
GB,2023-02-16,DO,5.02
GB,2023-02-17,DO,5.1
GB,2023-02-18,DO,5.55
GB,2023-02-19,DO,5.08
GB,2023-02-20,DO,5.11
GB,2023-02-21,DO,5.02
GB,2023-02-22,DO,4.95
GB,2023-02-23,DO,4.96
GB,2023-02-24,DO,4.93
GB,2023-02-25,DO,4.87
GB,2023-02-26,DO,4.85
GB,2023-02-27,DO,4.86
GB,2023-02-28,DO,4.82
GB,2023-03-01,DO,4.87
GB,2023-03-02,DO,4.94
GB,2023-03-03,DO,4.74
GB,2023-03-04,DO,4.6
GB,2023-03-05,DO,4.81
GB,2023-03-06,DO,4.9
GB,2023-03-07,DO,4.63
GB,2023-03-08,DO,5.07
GB,2023-03-09,DO,5.25
GB,2023-03-10,DO,4.86
GB,2023-03-11,DO,5.17
GB,2023-03-12,DO,4.74
GB,2023-03-13,DO,4.82
GB,2023-03-14,DO,5.66
GB,2023-03-15,DO,5.35
GB,2023-03-16,DO,5.15
GB,2023-03-17,DO,4.81
GB,2023-03-18,DO,4.83
GB,2023-03-19,DO,5.24
GB,2023-03-20,DO,5.38
GB,2023-03-21,DO,5.09
GB,2023-03-22,DO,4.93
GB,2023-03-23,DO,4.88
GB,2023-03-24,DO,4.79
GB,2023-03-25,DO,4.73
GB,2023-03-26,DO,4.74
GB,2023-03-27,DO,4.77
GB,2023-03-28,DO,4.84
GB,2023-03-29,DO,5.08
GB,2023-03-30,DO,5.12
GB,2023-03-31,DO,5
GB,2023-04-01,DO,4.78
GB,2023-04-02,DO,4.92
GB,2023-04-03,DO,5.19
GB,2023-04-04,DO,4.98
GB,2023-04-05,DO,4.8
GB,2023-04-06,DO,4.8
GB,2023-04-07,DO,4.99
GB,2023-04-08,DO,5
GB,2023-04-09,DO,5.21
GB,2023-04-10,DO,6.28
GB,2023-04-11,DO,5.96
GB,2023-04-12,DO,5.26
GB,2023-04-13,DO,5.1
GB,2023-04-14,DO,5.15
GB,2023-04-15,DO,4.98
GB,2023-04-16,DO,4.98
GB,2023-04-17,DO,5.13
GB,2023-04-18,DO,5.43
GB,2023-04-19,DO,5.32
GB,2023-04-20,DO,5.19
GB,2023-04-21,DO,5.15
GB,2023-04-22,DO,5.02
GB,2023-04-23,DO,5.17
GB,2023-04-24,DO,5.29
GB,2023-04-25,DO,5.28
GB,2023-04-26,DO,5
GB,2023-04-27,DO,4.93
GB,2023-04-28,DO,5.09
GB,2023-04-29,DO,5.14
GB,2023-04-30,DO,4.98
GB,2023-05-01,DO,5.28
GB,2023-05-02,DO,5.31
GB,2023-05-03,DO,5.32
GB,2023-05-04,DO,5.41
GB,2023-05-05,DO,5.33
GB,2023-05-06,DO,5.31
GB,2023-05-07,DO,5.24
GB,2023-05-08,DO,5.24
GB,2023-05-09,DO,5.22
GB,2023-05-10,DO,5.13
GB,2023-05-11,DO,4.9
GB,2023-05-12,DO,4.79
GB,2023-05-13,DO,4.78
GB,2023-05-14,DO,4.97
GB,2023-05-15,DO,5.02
GB,2023-05-16,DO,4.98
GB,2023-05-17,DO,5.07
GB,2023-05-18,DO,5.12
GB,2023-05-19,DO,5.1
GB,2023-05-20,DO,4.97
GB,2023-05-21,DO,4.79
GB,2023-05-22,DO,5.03
GB,2023-05-23,DO,4.58
GB,2023-05-24,DO,4.88
GB,2023-05-25,DO,5.1
GB,2023-05-26,DO,5.16
GB,2023-05-27,DO,5.2
GB,2023-05-28,DO,5.08
GB,2023-05-29,DO,4.94
GB,2023-05-30,DO,4.95
GB,2023-05-31,DO,4.97
GB,2023-06-01,DO,4.94
GB,2023-06-02,DO,4.89
GB,2023-06-03,DO,4.73
GB,2023-06-04,DO,4.88
GB,2023-06-05,DO,4.82
GB,2023-06-06,DO,4.77
GB,2023-06-07,DO,4.79
GB,2023-06-08,DO,4.79
GB,2023-06-09,DO,4.76
GB,2023-06-10,DO,4.81
GB,2023-06-11,DO,4.87
GB,2023-06-12,DO,4.89
GB,2023-06-13,DO,4.83
GB,2023-06-14,DO,4.78
GB,2023-06-15,DO,4.74
GB,2023-06-16,DO,5.04
GB,2023-06-17,DO,4.78
GB,2023-06-18,DO,4.84
GB,2023-06-19,DO,4.94
GB,2023-06-20,DO,4.92
GB,2023-06-21,DO,5
GB,2023-06-22,DO,4.94
GB,2023-06-23,DO,4.93
GB,2023-06-24,DO,4.85
GB,2023-06-25,DO,4.81
GB,2023-06-26,DO,4.72
GB,2023-06-27,DO,4.52
GB,2023-06-28,DO,4.52
GB,2023-06-29,DO,4.54
GB,2023-06-30,DO,4.51
GB,2023-07-01,DO,4.5
GB,2023-07-02,DO,4.5
GB,2023-07-03,DO,4.49
GB,2023-07-04,DO,4.56
GB,2023-07-05,DO,4.61
GB,2023-07-06,DO,4.57
GB,2023-07-07,DO,4.57
GB,2023-07-08,DO,4.66
GB,2023-07-09,DO,4.67
GB,2023-07-10,DO,4.66
GB,2023-07-11,DO,4.67
GB,2023-07-12,DO,4.65
GB,2023-07-13,DO,4.53
GB,2023-07-14,DO,4.47
GB,2023-07-15,DO,4.63
GB,2023-07-16,DO,4.63
GB,2023-07-17,DO,4.63
GB,2023-07-18,DO,4.58
GB,2023-07-19,DO,4.56
GB,2023-07-20,DO,4.51
GB,2023-07-21,DO,4.42
GB,2023-07-22,DO,4.32
GB,2023-07-23,DO,4.11
GB,2023-07-24,DO,4.31
GB,2023-07-25,DO,4.35
GB,2023-07-26,DO,4.3
GB,2023-07-27,DO,4.3
GB,2023-07-28,DO,4.26
GB,2023-07-29,DO,4.29
GB,2023-07-30,DO,4.39
GB,2023-07-31,DO,4.38
GB,2023-08-01,DO,4.52
GB,2023-08-02,DO,4.55
GB,2023-08-03,DO,4.47
GB,2023-08-04,DO,4.09
GB,2023-08-05,DO,3.91
GB,2023-08-06,DO,3.85
GB,2023-08-07,DO,3.86
GB,2023-08-08,DO,4.01
GB,2023-08-09,DO,4.03
GB,2023-08-10,DO,4.16
GB,2023-08-11,DO,4.27
GB,2023-08-12,DO,4.29
GB,2023-08-13,DO,4.35
GB,2023-08-14,DO,4.3
GB,2023-08-15,DO,4.37
GB,2023-08-16,DO,4.35
GB,2023-08-17,DO,4.41
GB,2023-08-18,DO,4.35
GB,2023-08-19,DO,4.41
GB,2023-08-20,DO,4.44
GB,2023-08-21,DO,4.44
GB,2023-08-22,DO,4.42
GB,2023-08-23,DO,4.42
GB,2023-08-24,DO,4.45
GB,2023-08-25,DO,4.44
GB,2023-08-26,DO,4.45
GB,2023-08-27,DO,4.48
GB,2023-08-28,DO,4.51
GB,2023-08-29,DO,4.42
GB,2023-08-30,DO,4.41
GB,2023-08-31,DO,4.53
GB,2023-09-01,DO,4.56
GB,2023-09-02,DO,4.56
GB,2023-09-03,DO,4.57
GB,2023-09-04,DO,4.49
GB,2023-09-05,DO,4.55
GB,2023-09-06,DO,4.51
GB,2023-09-07,DO,4.48
GB,2023-09-08,DO,4.49
GB,2023-09-09,DO,4.47
GB,2023-09-10,DO,4.51
GB,2023-09-11,DO,4.57
GB,2023-09-12,DO,4.52
GB,2023-09-13,DO,4.52
GB,2023-09-14,DO,4.47
GB,2023-09-15,DO,4.48
GB,2023-09-16,DO,4.55
GB,2023-09-17,DO,4.51
GB,2023-09-18,DO,4.63
GB,2023-09-19,DO,4.65
GB,2023-09-20,DO,4.78
GB,2023-10-04,DO,4.71
GB,2023-10-05,DO,4.69
GB,2023-10-06,DO,4.72
GB,2023-10-07,DO,4.75
GB,2023-10-08,DO,4.78
GB,2023-10-09,DO,5.14
GB,2023-10-10,DO,4.94
GB,2023-10-11,DO,4.59
GB,2023-10-12,DO,4.65
GB,2023-10-13,DO,4.66
GB,2023-10-14,DO,4.78
GB,2023-10-15,DO,4.83
GB,2023-10-16,DO,5.01
GB,2023-10-17,DO,5.05
GB,2023-10-18,DO,4.97
GB,2023-10-19,DO,4.87
GB,2023-10-20,DO,4.69
GB,2023-10-21,DO,4.75
GB,2023-10-22,DO,4.8
GB,2023-10-23,DO,4.81
GB,2023-10-24,DO,4.85
GB,2023-10-25,DO,4.78
GB,2023-10-26,DO,4.77
GB,2023-10-27,DO,4.79
GB,2023-10-28,DO,4.75
GB,2023-10-29,DO,4.82
GB,2023-10-30,DO,4.87
GB,2023-10-31,DO,4.96
GB,2023-11-01,DO,6.8
GB,2023-11-02,DO,6.38
GB,2023-11-03,DO,5.07
GB,2023-11-04,DO,4.94
GB,2023-11-05,DO,4.99
GB,2023-11-06,DO,5.33
GB,2023-11-07,DO,5.21
GB,2023-11-08,DO,5.28
GB,2023-11-09,DO,5.42
GB,2023-11-10,DO,5.19
GB,2023-11-11,DO,5.02
GB,2023-12-14,DO,5.34
GB,2023-12-15,DO,5.24
GB,2023-12-16,DO,4.95
GB,2023-12-17,DO,4.79
GB,2023-12-18,DO,4.93
GB,2023-12-19,DO,4.56
GB,2023-12-20,DO,3.77
GB,2023-12-21,DO,3.75
GB,2023-12-22,DO,6.79
GB,2023-12-23,DO,7.16
GB,2023-12-24,DO,6.65
GB,2023-12-25,DO,3.29
GB,2023-12-26,DO,2.93
GB,2023-12-27,DO,3.7
GB,2023-12-28,DO,4.13
GB,2023-12-29,DO,4.29
GB,2023-12-30,DO,4.53
GB,2023-12-31,DO,4.47
GB,2024-01-01,DO,4.32
GB,2024-01-02,DO,4.4
GB,2024-01-03,DO,4.4
GB,2024-01-04,DO,4.37
GB,2024-01-05,DO,4.49
GB,2024-01-06,DO,4.28
GB,2024-01-11,DO,4.79
GB,2024-01-12,DO,4.22
GB,2024-01-13,DO,4.15
GB,2024-01-14,DO,4.89
GB,2024-01-15,DO,4.36
GB,2024-01-16,DO,4.2
GB,2024-01-17,DO,4.92
GB,2024-01-18,DO,4.86
GB,2024-01-19,DO,4.76
GB,2024-01-20,DO,4.84
GB,2024-01-21,DO,5.17
GB,2024-01-22,DO,4.66
GB,2024-01-23,DO,4.52
GB,2024-01-24,DO,4.34
GB,2024-01-25,DO,4.29
GB,2024-01-26,DO,4.19
GB,2024-01-27,DO,4.26
GB,2024-01-28,DO,4.23
GB,2024-01-29,DO,4.87
GB,2024-01-30,DO,4.95
GB,2024-01-31,DO,4.98
GB,2024-02-01,DO,4.92
GB,2024-02-02,DO,4.87
GB,2024-02-03,DO,4.67
GB,2024-02-04,DO,4.66
GB,2024-02-05,DO,4.78
GB,2024-02-06,DO,4.9
GB,2024-02-07,DO,5.08
GB,2024-02-08,DO,4.87
GB,2024-02-09,DO,4.85
GB,2024-02-10,DO,4.76
GB,2024-02-11,DO,4.58
GB,2024-02-12,DO,4.49
GB,2024-02-13,DO,4.78
GB,2024-02-14,DO,5.12
GB,2024-02-15,DO,4.95
GB,2024-02-16,DO,4.93
GB,2024-02-17,DO,4.78
GB,2024-02-18,DO,4.86
GB,2024-02-19,DO,5.17
GB,2024-02-20,DO,5.13
GB,2024-02-21,DO,5.11
GB,2024-02-22,DO,5.03
GB,2024-02-23,DO,4.75
GB,2024-02-24,DO,4.8
GB,2024-02-25,DO,4.98
GB,2024-02-26,DO,4.9
GB,2024-02-27,DO,4.8
GB,2024-02-28,DO,4.6
GB,2024-02-29,DO,4.55
GB,2024-03-01,DO,4.58
GB,2024-03-02,DO,4.27
GB,2024-03-03,DO,4.33
GB,2024-03-04,DO,4.47
GB,2024-03-05,DO,4.26
GB,2024-03-06,DO,4.3
GB,2024-03-07,DO,4.6
GB,2024-03-08,DO,4.47
GB,2024-03-09,DO,4.1
GB,2024-03-10,DO,4.18
GB,2024-03-11,DO,4.86
GB,2024-03-12,DO,4.68
GB,2024-03-13,DO,4.69
GB,2024-03-14,DO,4.56
GB,2024-03-15,DO,4.37
GB,2024-03-16,DO,4.34
GB,2024-03-17,DO,4.31
GB,2024-03-18,DO,4.31
GB,2024-03-19,DO,4.69
GB,2024-03-20,DO,4.83
GB,2024-03-21,DO,4.68
GB,2024-03-22,DO,4.31
GB,2024-03-23,DO,4.64
GB,2024-03-24,DO,4.8
GB,2024-03-25,DO,4.74
GB,2024-03-26,DO,4.56
GB,2024-03-27,DO,4.52
GB,2024-03-28,DO,4.5
GB,2024-03-29,DO,4.81
GB,2024-03-30,DO,4.62
GB,2024-03-31,DO,4.64
GB,2024-04-01,DO,4.65
GB,2024-04-02,DO,4.47
GB,2024-04-03,DO,4.48
GB,2024-04-04,DO,4.75
GB,2024-04-05,DO,4.71
GB,2024-04-06,DO,4.71
GB,2024-04-07,DO,4.65
GB,2024-04-08,DO,4.6
GB,2024-04-09,DO,4.51
GB,2024-04-10,DO,4.4
GB,2024-04-11,DO,4.32
GB,2024-04-12,DO,4.6
GB,2024-04-13,DO,4.73
GB,2024-04-14,DO,4.64
GB,2024-04-15,DO,4.64
GB,2024-04-16,DO,4.59
GB,2024-04-17,DO,4.56
GB,2024-04-18,DO,4.55
GB,2024-04-19,DO,4.51
GB,2024-04-20,DO,4.54
GB,2024-04-21,DO,4.47
GB,2024-04-22,DO,4.6
GB,2024-04-23,DO,4.76
GB,2024-04-24,DO,4.67
GB,2024-04-25,DO,4.57
GB,2024-04-26,DO,4.61
GB,2024-04-27,DO,4.65
GB,2024-04-28,DO,4.66
GB,2024-04-29,DO,4.58
GB,2024-04-30,DO,4.67
GB,2024-05-01,DO,4.65
GB,2024-05-02,DO,4.69
GB,2024-05-03,DO,4.62
GB,2024-05-04,DO,4.67
GB,2024-05-05,DO,4.57
GB,2024-05-06,DO,4.56
GB,2024-05-07,DO,4.46
GB,2024-05-08,DO,4.36
GB,2024-05-09,DO,4.41
GB,2024-05-10,DO,4.48
GB,2024-05-11,DO,4.6
GB,2024-05-12,DO,4.71
GB,2024-05-13,DO,4.74
GB,2024-05-14,DO,4.71
GB,2024-05-15,DO,4.71
GB,2024-05-16,DO,4.71
GB,2024-05-17,DO,4.78
GB,2024-05-18,DO,4.76
GB,2024-05-19,DO,4.75
GB,2024-05-20,DO,4.8
GB,2024-05-21,DO,4.81
GB,2024-05-22,DO,4.79
GB,2024-05-23,DO,4.77
GB,2024-05-24,DO,4.73
GB,2024-05-25,DO,3.82
GB,2024-05-26,DO,4.7
GB,2024-05-27,DO,4.74
GB,2024-05-28,DO,4.76
GB,2024-05-29,DO,4.78
GB,2024-05-30,DO,4.79
GB,2024-05-31,DO,4.81
GB,2024-06-01,DO,4.83
GB,2024-06-02,DO,4.86
GB,2024-06-03,DO,4.84
GB,2024-06-04,DO,4.83
GB,2024-06-05,DO,4.85
GB,2024-06-06,DO,4.79
GB,2024-06-07,DO,4.75
GB,2024-06-08,DO,4.78
GB,2024-06-09,DO,4.81
GB,2024-06-10,DO,4.83
GB,2024-06-11,DO,4.71
GB,2024-06-12,DO,4.8
GB,2024-06-13,DO,4.86
GB,2024-06-14,DO,4.86
GB,2024-06-15,DO,4.78
GB,2024-06-16,DO,4.83
GB,2024-06-17,DO,4.96
GB,2024-06-18,DO,4.94
GB,2024-06-19,DO,4.96
GB,2024-06-20,DO,5.01
GB,2024-06-21,DO,4.94
GB,2024-06-22,DO,4.77
GB,2024-06-23,DO,4.83
GB,2024-06-24,DO,4.89
GB,2024-06-25,DO,4.93
GB,2024-06-26,DO,4.93
GB,2024-06-27,DO,4.96
GB,2024-06-28,DO,5.01
GB,2024-06-29,DO,5.02
GB,2024-06-30,DO,4.9
GB,2024-07-01,DO,4.81
GB,2024-07-02,DO,4.84
GB,2024-07-03,DO,4.85
GB,2024-07-04,DO,4.84
GB,2024-07-05,DO,4.86
GB,2024-07-06,DO,4.92
GB,2024-07-07,DO,4.94
GB,2024-07-08,DO,4.78
GB,2024-07-09,DO,4.89
GB,2024-07-10,DO,4.89
GB,2024-07-11,DO,4.88
GB,2024-07-12,DO,4.84
GB,2024-07-13,DO,4.88
GB,2024-07-14,DO,4.94
GB,2024-07-15,DO,4.95
GB,2024-07-16,DO,4.93
GB,2024-07-17,DO,4.96
GB,2024-07-18,DO,4.95
GB,2024-07-19,DO,4.94
GB,2024-07-20,DO,4.85
GB,2024-07-21,DO,4.86
GB,2024-07-22,DO,4.93
GB,2024-07-23,DO,4.79
GB,2024-07-24,DO,4.79
GB,2024-07-25,DO,4.81
GB,2024-07-26,DO,4.93
ID,2022-11-07,DO,5.13
ID,2022-11-08,DO,5
ID,2022-11-09,DO,5.08
ID,2022-11-10,DO,4.59
ID,2022-11-11,DO,4.57
ID,2022-11-12,DO,4.86
ID,2022-11-13,DO,4.86
ID,2022-11-14,DO,5.19
ID,2022-11-15,DO,4.99
ID,2022-11-16,DO,4.84
ID,2022-11-17,DO,5.24
ID,2022-11-18,DO,5.39
ID,2022-11-19,DO,5.45
ID,2022-11-20,DO,5.34
ID,2022-11-21,DO,5.4
ID,2022-11-22,DO,5.23
ID,2022-11-23,DO,5.18
ID,2022-11-24,DO,5.12
ID,2022-11-25,DO,5.01
ID,2022-11-26,DO,4.95
ID,2022-11-27,DO,5.05
ID,2022-11-28,DO,5.29
ID,2022-11-29,DO,5.28
ID,2022-11-30,DO,5.19
ID,2022-12-01,DO,5.21
ID,2022-12-02,DO,5.45
ID,2022-12-03,DO,5.35
ID,2022-12-04,DO,5.29
ID,2022-12-05,DO,5.16
ID,2022-12-06,DO,5.17
ID,2022-12-07,DO,5.24
ID,2022-12-08,DO,5.27
ID,2022-12-09,DO,5.26
ID,2022-12-10,DO,5.29
ID,2022-12-11,DO,5.22
ID,2022-12-12,DO,5.37
ID,2022-12-13,DO,5.31
ID,2022-12-14,DO,5.33
ID,2022-12-15,DO,5.11
ID,2022-12-16,DO,5.56
ID,2022-12-17,DO,5.5
ID,2022-12-18,DO,5.48
ID,2022-12-19,DO,5.64
ID,2022-12-20,DO,5.49
ID,2022-12-21,DO,5.34
ID,2022-12-22,DO,5.38
ID,2022-12-23,DO,5.11
ID,2022-12-24,DO,5.86
ID,2022-12-25,DO,5.85
ID,2022-12-26,DO,5.68
ID,2022-12-27,DO,5.27
ID,2022-12-28,DO,4.81
ID,2022-12-29,DO,4.54
ID,2022-12-30,DO,4.35
ID,2022-12-31,DO,4.02
ID,2023-01-01,DO,5.22
ID,2023-01-02,DO,5.14
ID,2023-01-03,DO,5.01
ID,2023-01-04,DO,4.99
ID,2023-01-05,DO,4.99
ID,2023-01-06,DO,5.37
ID,2023-01-07,DO,5.66
ID,2023-01-08,DO,5.55
ID,2023-01-09,DO,5.31
ID,2023-01-10,DO,5.49
ID,2023-01-11,DO,5.51
ID,2023-01-12,DO,5.35
ID,2023-01-13,DO,4.33
ID,2023-01-14,DO,5.77
ID,2023-01-15,DO,5.84
ID,2023-01-16,DO,5.76
ID,2023-01-17,DO,5.53
ID,2023-01-18,DO,5.3
ID,2023-01-19,DO,5.16
ID,2023-01-20,DO,5.02
ID,2023-01-21,DO,5.42
ID,2023-01-22,DO,5.3
ID,2023-01-23,DO,4.96
ID,2023-01-24,DO,5.6
ID,2023-01-25,DO,5.21
ID,2023-01-26,DO,5.13
ID,2023-01-27,DO,5.67
ID,2023-01-28,DO,5.61
ID,2023-01-29,DO,5.3
ID,2023-01-30,DO,4.99
ID,2023-01-31,DO,4.96
ID,2023-02-01,DO,4.96
ID,2023-02-02,DO,4.99
ID,2023-02-03,DO,4.74
ID,2023-02-04,DO,5.47
ID,2023-02-05,DO,5.17
ID,2023-02-06,DO,5.07
ID,2023-02-07,DO,5.15
ID,2023-02-08,DO,4.9
ID,2023-02-09,DO,4.82
ID,2023-02-10,DO,4.58
ID,2023-02-11,DO,4.77
ID,2023-02-12,DO,4.66
ID,2023-02-13,DO,5.14
ID,2023-02-14,DO,5.01
ID,2023-02-15,DO,4.88
ID,2023-02-16,DO,4.45
ID,2023-02-17,DO,4.33
ID,2023-02-18,DO,4.61
ID,2023-02-19,DO,4.68
ID,2023-02-20,DO,4.24
ID,2023-02-21,DO,3.95
ID,2023-02-22,DO,3.77
ID,2023-02-23,DO,3.85
ID,2023-02-24,DO,3.69
ID,2023-02-25,DO,3.8
ID,2023-02-26,DO,3.67
ID,2023-02-27,DO,3.68
ID,2023-02-28,DO,3.43
ID,2023-03-01,DO,3.56
ID,2023-03-02,DO,3.7
ID,2023-03-03,DO,3.67
ID,2023-03-04,DO,3.48
ID,2023-03-05,DO,3.85
ID,2023-03-06,DO,3.92
ID,2023-03-07,DO,3.86
ID,2023-03-08,DO,3.88
ID,2023-03-09,DO,4.37
ID,2023-03-10,DO,4.26
ID,2023-03-11,DO,3.91
ID,2023-03-12,DO,4.43
ID,2023-03-13,DO,4.12
ID,2023-03-14,DO,4.5
ID,2023-03-15,DO,4.76
ID,2023-03-16,DO,4.84
ID,2023-03-17,DO,4.54
ID,2023-03-18,DO,4
ID,2023-03-19,DO,4.75
ID,2023-03-20,DO,4.81
ID,2023-03-21,DO,5.02
ID,2023-03-22,DO,4.43
ID,2023-03-23,DO,4.2
ID,2023-03-24,DO,4.31
ID,2023-03-25,DO,4.08
ID,2023-03-26,DO,4.08
ID,2023-03-27,DO,4.21
ID,2023-03-28,DO,4.19
ID,2023-03-29,DO,4.32
ID,2023-03-30,DO,4.64
ID,2023-03-31,DO,4.66
ID,2023-04-01,DO,4.47
ID,2023-04-02,DO,4.24
ID,2023-04-03,DO,4.21
ID,2023-04-04,DO,4.09
ID,2023-04-05,DO,4.11
ID,2023-04-06,DO,4.13
ID,2023-04-07,DO,4.12
ID,2023-04-08,DO,4.02
ID,2023-04-09,DO,4.23
ID,2023-04-10,DO,4.71
ID,2023-04-11,DO,4.62
ID,2023-04-12,DO,4.68
ID,2023-04-13,DO,4.57
ID,2023-04-14,DO,4.52
ID,2023-04-15,DO,4.61
ID,2023-04-16,DO,4.43
ID,2023-04-17,DO,4.41
ID,2023-04-18,DO,4.89
ID,2023-04-19,DO,4.84
ID,2023-04-20,DO,4.72
ID,2023-04-21,DO,4.72
ID,2023-04-22,DO,4.58
ID,2023-04-23,DO,4.62
ID,2023-04-24,DO,4.69
ID,2023-04-25,DO,4.77
ID,2023-04-26,DO,4.76
ID,2023-04-27,DO,4.69
ID,2023-04-28,DO,4.63
ID,2023-04-29,DO,4.62
ID,2023-04-30,DO,4.65
ID,2023-05-01,DO,4.79
ID,2023-05-02,DO,4.8
ID,2023-05-03,DO,4.84
ID,2023-05-04,DO,5.64
ID,2023-05-05,DO,5.74
ID,2023-05-06,DO,5.77
ID,2023-05-07,DO,5.68
ID,2023-05-08,DO,5.79
ID,2023-05-09,DO,5.72
ID,2023-05-10,DO,5.77
ID,2023-05-11,DO,5.71
ID,2023-05-12,DO,5.61
ID,2023-05-13,DO,5.7
ID,2023-05-14,DO,5.9
ID,2023-05-15,DO,5.79
ID,2023-05-16,DO,5.83
ID,2023-05-17,DO,5.66
ID,2023-05-18,DO,5.64
ID,2023-05-19,DO,5.92
ID,2023-05-20,DO,5.82
ID,2023-05-21,DO,5.69
ID,2023-05-22,DO,5.7
ID,2023-05-23,DO,5.67
ID,2023-05-24,DO,5.77
ID,2023-05-25,DO,5.6
ID,2023-05-26,DO,5.63
ID,2023-05-27,DO,5.88
ID,2023-05-28,DO,5.83
ID,2023-05-29,DO,5.64
ID,2023-05-30,DO,5.65
ID,2023-05-31,DO,5.79
ID,2023-06-01,DO,5.61
ID,2023-06-02,DO,5.66
ID,2023-06-03,DO,4.57
ID,2023-06-04,DO,4.52
ID,2023-06-05,DO,4.67
ID,2023-06-06,DO,4.63
ID,2023-06-07,DO,4.57
ID,2023-06-08,DO,4.59
ID,2023-06-09,DO,4.56
ID,2023-06-10,DO,4.6
ID,2023-06-11,DO,4.46
ID,2023-06-12,DO,4.56
ID,2023-06-13,DO,4.6
ID,2023-06-14,DO,4.59
ID,2023-06-15,DO,4.6
ID,2023-06-16,DO,4.74
ID,2023-06-17,DO,4.72
ID,2023-06-18,DO,4.57
ID,2023-06-19,DO,4.46
ID,2023-06-20,DO,4.57
ID,2023-06-21,DO,4.36
ID,2023-06-22,DO,4.73
ID,2023-06-23,DO,4.55
ID,2023-06-24,DO,4.49
ID,2023-06-25,DO,4.33
ID,2023-06-26,DO,4.21
ID,2023-06-27,DO,4.05
ID,2023-06-28,DO,4.01
ID,2023-06-29,DO,4.04
ID,2023-06-30,DO,4.06
ID,2023-07-01,DO,4.05
ID,2023-07-02,DO,4.01
ID,2023-07-03,DO,3.93
ID,2023-07-04,DO,4
ID,2023-07-05,DO,3.96
ID,2023-07-06,DO,3.94
ID,2023-07-07,DO,3.93
ID,2023-07-08,DO,3.91
ID,2023-07-09,DO,4.01
ID,2023-07-10,DO,4.1
ID,2023-07-11,DO,4.23
ID,2023-07-12,DO,4.2
ID,2023-07-13,DO,4.23
ID,2023-07-14,DO,4.22
ID,2023-07-15,DO,4.32
ID,2023-07-16,DO,4.3
ID,2023-07-17,DO,4.37
ID,2023-07-18,DO,4.37
ID,2023-07-19,DO,4.35
ID,2023-07-20,DO,4.39
ID,2023-07-21,DO,4.33
ID,2023-07-22,DO,4.31
ID,2023-07-23,DO,4.34
ID,2023-07-24,DO,4.54
ID,2023-07-25,DO,4.49
ID,2023-07-26,DO,4.52
ID,2023-07-27,DO,4.46
ID,2023-07-28,DO,4.43
ID,2023-07-29,DO,4.51
ID,2023-07-30,DO,4.52
ID,2023-07-31,DO,4.47
ID,2023-08-01,DO,4.51
ID,2023-08-02,DO,4.29
ID,2023-08-03,DO,4.49
ID,2023-08-04,DO,4.42
ID,2023-08-05,DO,4.37
ID,2023-08-06,DO,4.34
ID,2023-08-07,DO,4.2
ID,2023-08-08,DO,4.23
ID,2023-08-09,DO,4.21
ID,2023-08-10,DO,4.22
ID,2023-08-11,DO,4.24
ID,2023-08-12,DO,4.24
ID,2023-08-13,DO,4.28
ID,2023-08-14,DO,4.2
ID,2023-08-15,DO,4.2
ID,2023-08-16,DO,4.46
ID,2023-08-17,DO,4.13
ID,2023-08-18,DO,4.3
ID,2023-08-19,DO,4.4
ID,2023-08-20,DO,4.41
ID,2023-08-21,DO,4.46
ID,2023-08-22,DO,4.48
ID,2023-08-23,DO,4.39
ID,2023-08-24,DO,4.44
ID,2023-08-25,DO,4.49
ID,2023-08-26,DO,4.29
ID,2023-08-27,DO,4.43
ID,2023-08-28,DO,4.44
ID,2023-08-29,DO,4.49
ID,2023-08-30,DO,4.29
ID,2023-08-31,DO,4.48
ID,2023-09-01,DO,4.47
ID,2023-09-02,DO,4.52
ID,2023-09-03,DO,4.4
ID,2023-09-04,DO,4.31
ID,2023-09-05,DO,4.27
ID,2023-09-06,DO,4.19
ID,2023-09-07,DO,4.06
ID,2023-09-08,DO,4.02
ID,2023-09-09,DO,4.12
ID,2023-09-10,DO,3.9
ID,2023-09-11,DO,4.04
ID,2023-09-12,DO,4.07
ID,2023-09-13,DO,4.07
ID,2023-09-14,DO,4.06
ID,2023-09-15,DO,4.11
ID,2023-09-16,DO,4.16
ID,2023-09-17,DO,4.11
ID,2023-09-18,DO,4.27
ID,2023-09-19,DO,4.49
ID,2023-09-20,DO,4.33
ID,2023-10-02,DO,5.34
ID,2023-10-03,DO,4.78
ID,2023-10-04,DO,4.69
ID,2023-10-05,DO,4.72
ID,2023-10-06,DO,4.7
ID,2023-10-07,DO,4.7
ID,2023-10-08,DO,4.95
ID,2023-10-09,DO,5.25
ID,2023-10-10,DO,5.24
ID,2023-10-11,DO,4.58
ID,2023-10-12,DO,4.85
ID,2023-10-13,DO,4.71
ID,2023-10-14,DO,4.77
ID,2023-10-15,DO,4.85
ID,2023-10-16,DO,4.99
ID,2023-10-17,DO,5.33
ID,2023-10-18,DO,5.33
ID,2023-10-19,DO,5.22
ID,2023-10-20,DO,5.06
ID,2023-10-21,DO,4.81
ID,2023-10-22,DO,5.08
ID,2023-10-23,DO,4.95
ID,2023-10-24,DO,4.97
ID,2023-10-25,DO,4.97
ID,2023-10-26,DO,4.89
ID,2023-10-27,DO,4.94
ID,2023-10-28,DO,4.95
ID,2023-10-29,DO,4.93
ID,2023-10-30,DO,4.95
ID,2023-10-31,DO,4.96
ID,2023-11-01,DO,4.99
ID,2023-11-02,DO,5.48
ID,2023-11-03,DO,5.33
ID,2023-11-04,DO,5.16
ID,2023-11-05,DO,5.22
ID,2023-11-06,DO,5.36
ID,2023-11-07,DO,5.31
ID,2023-11-08,DO,5.27
ID,2023-11-09,DO,5.22
ID,2023-11-10,DO,5.07
ID,2023-11-11,DO,5.03
ID,2023-11-12,DO,5.05
ID,2023-11-13,DO,5.27
ID,2023-11-14,DO,5.04
ID,2023-11-15,DO,4.97
ID,2023-11-16,DO,4.96
ID,2023-11-17,DO,5.04
ID,2023-11-18,DO,5.05
ID,2023-11-19,DO,5.22
ID,2023-11-20,DO,5.29
ID,2023-11-21,DO,5.1
ID,2023-11-22,DO,5.05
ID,2023-11-23,DO,5.45
ID,2023-11-24,DO,5.37
ID,2023-11-25,DO,5.47
ID,2023-11-26,DO,5.2
ID,2023-11-27,DO,5.18
ID,2023-11-28,DO,5.61
ID,2023-11-29,DO,5.82
ID,2023-11-30,DO,5.63
ID,2023-12-01,DO,5.39
ID,2023-12-02,DO,5.12
ID,2023-12-03,DO,4.94
ID,2023-12-04,DO,5.09
ID,2023-12-05,DO,5.39
ID,2023-12-06,DO,5.51
ID,2023-12-07,DO,5.64
ID,2023-12-08,DO,5.28
ID,2023-12-09,DO,5.06
ID,2023-12-10,DO,4.84
ID,2023-12-11,DO,4.81
ID,2023-12-12,DO,5.57
ID,2023-12-13,DO,5.37
ID,2023-12-14,DO,5.37
ID,2024-01-11,DO,6.52
ID,2024-01-12,DO,4.8
ID,2024-01-13,DO,4
ID,2024-01-14,DO,5.37
ID,2024-01-15,DO,5.47
ID,2024-01-16,DO,4.36
ID,2024-01-17,DO,5.32
ID,2024-01-18,DO,6.4
ID,2024-01-19,DO,5.66
ID,2024-01-20,DO,5.92
ID,2024-01-21,DO,6.58
ID,2024-01-22,DO,6.72
ID,2024-01-23,DO,5.21
ID,2024-01-24,DO,4.63
ID,2024-01-25,DO,4.21
ID,2024-01-26,DO,3.83
ID,2024-01-27,DO,4.12
ID,2024-01-28,DO,3.89
ID,2024-01-29,DO,4.87
ID,2024-01-30,DO,4.94
ID,2024-01-31,DO,4.75
ID,2024-02-01,DO,4.95
ID,2024-02-02,DO,4.58
ID,2024-02-03,DO,4.54
ID,2024-02-04,DO,4.11
ID,2024-02-05,DO,4.28
ID,2024-02-06,DO,4.57
ID,2024-02-07,DO,4.77
ID,2024-02-08,DO,4.72
ID,2024-02-09,DO,4.11
ID,2024-02-10,DO,4.02
ID,2024-02-11,DO,4.03
ID,2024-02-12,DO,3.53
ID,2024-02-13,DO,3.68
ID,2024-02-14,DO,4.49
ID,2024-02-15,DO,4.3
ID,2024-02-16,DO,4.05
ID,2024-02-17,DO,3.98
ID,2024-02-18,DO,4.32
ID,2024-02-19,DO,4.92
ID,2024-02-20,DO,4.95
ID,2024-02-21,DO,4.82
ID,2024-02-22,DO,4.65
ID,2024-02-23,DO,4.21
ID,2024-02-24,DO,4.19
ID,2024-02-25,DO,4.37
ID,2024-02-26,DO,4.68
ID,2024-02-27,DO,4.42
ID,2024-02-28,DO,4.13
ID,2024-02-29,DO,3.8
ID,2024-03-01,DO,4.37
ID,2024-03-02,DO,3.8
ID,2024-03-03,DO,3.77
ID,2024-03-04,DO,3.89
ID,2024-03-05,DO,3.89
ID,2024-03-06,DO,3.77
ID,2024-03-07,DO,3.91
ID,2024-03-08,DO,3.89
ID,2024-03-09,DO,3.6
ID,2024-03-10,DO,3.52
ID,2024-03-11,DO,4.51
ID,2024-03-12,DO,4.42
ID,2024-03-13,DO,3.95
ID,2024-03-14,DO,4.03
ID,2024-03-15,DO,3.86
ID,2024-03-16,DO,3.5
ID,2024-03-17,DO,3.56
ID,2024-03-18,DO,3.49
ID,2024-03-19,DO,4.51
ID,2024-03-20,DO,4.8
ID,2024-03-21,DO,4.63
ID,2024-03-22,DO,3.77
ID,2024-03-23,DO,3.77
ID,2024-03-24,DO,4.13
ID,2024-03-25,DO,4.51
ID,2024-03-26,DO,4.14
ID,2024-03-27,DO,3.67
ID,2024-03-28,DO,3.93
ID,2024-03-29,DO,4.58
ID,2024-03-30,DO,4.73
ID,2024-03-31,DO,4.59
ID,2024-04-01,DO,4.5
ID,2024-04-02,DO,4.51
ID,2024-04-03,DO,4.04
ID,2024-04-04,DO,3.87
ID,2024-04-05,DO,5.19
ID,2024-04-06,DO,5.49
ID,2024-04-07,DO,5.67
ID,2024-04-08,DO,5.72
ID,2024-04-09,DO,4.98
ID,2024-04-10,DO,5.35
ID,2024-04-11,DO,4.51
ID,2024-04-12,DO,4.81
ID,2024-04-13,DO,5.2
ID,2024-04-14,DO,4.54
ID,2024-04-15,DO,4.07
ID,2024-04-16,DO,3.49
ID,2024-04-17,DO,2.94
ID,2024-04-18,DO,3.41
ID,2024-04-19,DO,3.09
ID,2024-04-20,DO,3.27
ID,2024-04-21,DO,2.8
ID,2024-04-22,DO,2.21
ID,2024-04-23,DO,2.94
ID,2024-04-24,DO,3.68
ID,2024-04-25,DO,3.98
ID,2024-04-26,DO,4.18
ID,2024-04-27,DO,3.94
ID,2024-04-28,DO,4.07
ID,2024-04-29,DO,4.31
ID,2024-04-30,DO,4.26
ID,2024-05-01,DO,4.1
ID,2024-05-02,DO,3.11
ID,2024-05-03,DO,3.65
ID,2024-05-04,DO,4.39
ID,2024-05-05,DO,4.45
ID,2024-05-06,DO,4.58
ID,2024-05-07,DO,4.84
ID,2024-05-08,DO,4.58
ID,2024-05-09,DO,4.3
ID,2024-05-10,DO,3.58
ID,2024-05-11,DO,3.91
ID,2024-05-12,DO,3.92
ID,2024-05-13,DO,4
ID,2024-05-14,DO,3.54
ID,2024-05-15,DO,3.74
ID,2024-05-16,DO,3.75
ID,2024-05-17,DO,3.53
ID,2024-05-18,DO,3.98
ID,2024-05-19,DO,4.28
ID,2024-05-20,DO,4.57
ID,2024-05-21,DO,5.3
ID,2024-05-22,DO,4.99
ID,2024-05-23,DO,4.81
ID,2024-05-24,DO,4.78
ID,2024-05-25,DO,4.53
ID,2024-05-26,DO,4.44
ID,2024-05-27,DO,4.21
ID,2024-05-28,DO,4.09
ID,2024-05-29,DO,3.84
ID,2024-05-30,DO,4.19
ID,2024-05-31,DO,4.42
ID,2024-06-01,DO,4.54
ID,2024-06-02,DO,4.74
ID,2024-06-03,DO,4.01
ID,2024-06-04,DO,4.37
ID,2024-06-05,DO,4.39
ID,2024-06-06,DO,4.21
ID,2024-06-07,DO,4.56
ID,2024-06-08,DO,4.69
ID,2024-06-09,DO,4.64
ID,2024-06-10,DO,4.35
ID,2024-06-11,DO,4
ID,2024-06-12,DO,3.64
ID,2024-06-13,DO,3.35
ID,2024-06-14,DO,3.35
ID,2024-06-15,DO,3.2
ID,2024-06-16,DO,2.99
ID,2024-06-17,DO,3.19
IU,2022-05-12,DO,3.8
IU,2022-05-13,DO,3.7
IU,2022-05-14,DO,3.7
IU,2022-05-15,DO,3.7
IU,2022-05-16,DO,3.6
IU,2022-05-17,DO,3.7
IU,2022-05-18,DO,3.7
IU,2022-05-19,DO,3.6
IU,2022-05-20,DO,3.6
IU,2022-05-21,DO,3.6
IU,2022-05-22,DO,3.6
IU,2022-05-23,DO,3.6
IU,2022-05-24,DO,3.6
IU,2022-05-25,DO,3.5
IU,2022-05-26,DO,3.6
IU,2022-05-27,DO,3.6
IU,2022-05-28,DO,3.6
IU,2022-05-29,DO,3.7
IU,2022-05-30,DO,3.6
IU,2022-05-31,DO,3.6
IU,2022-06-01,DO,3.6
IU,2022-06-02,DO,3.6
IU,2022-06-03,DO,3.6
IU,2022-06-04,DO,3.6
IU,2022-06-05,DO,3.6
IU,2022-06-06,DO,3.4
IU,2022-06-07,DO,3.6
IU,2022-06-08,DO,3.6
IU,2022-06-09,DO,3.5
IU,2022-06-10,DO,3.6
IU,2022-06-11,DO,3.5
IU,2022-06-12,DO,3.5
IU,2022-06-13,DO,3.6
IU,2022-06-14,DO,3.6
IU,2022-06-15,DO,3.5
IU,2022-06-16,DO,3.6
IU,2022-06-17,DO,3.7
IU,2022-06-18,DO,3.6
IU,2022-06-19,DO,3.6
IU,2022-06-20,DO,3.7
IU,2022-06-21,DO,3.7
IU,2022-06-22,DO,3.7
IU,2022-06-23,DO,3.6
IU,2022-06-24,DO,3.5
IU,2022-06-25,DO,3.4
IU,2022-06-26,DO,3.5
IU,2022-06-27,DO,3.3
IU,2022-06-28,DO,4.1
IU,2022-07-07,DO,6.9
IU,2022-07-08,DO,3.6
IU,2022-07-09,DO,3.8
IU,2022-07-10,DO,3.8
IU,2022-07-11,DO,3.8
IU,2022-07-12,DO,3.7
IU,2022-07-13,DO,3.8
IU,2022-07-14,DO,3.8
IU,2022-07-15,DO,3.7
IU,2022-07-16,DO,3.7
IU,2022-07-17,DO,3.8
IU,2022-07-18,DO,3.7
IU,2022-07-19,DO,3.8
IU,2022-07-20,DO,3.7
IU,2022-07-21,DO,3.7
IU,2022-07-22,DO,3.7
IU,2022-07-23,DO,3.8
IU,2022-07-24,DO,3.6
IU,2022-07-25,DO,3.8
IU,2022-07-26,DO,3.7
IU,2022-07-27,DO,3.7
IU,2022-07-28,DO,3.8
IU,2022-07-29,DO,3.8
IU,2022-07-30,DO,3.7
IU,2022-07-31,DO,3.7
IU,2022-08-01,DO,3.7
IU,2022-08-02,DO,3.8
IU,2022-08-03,DO,3.7
IU,2022-08-04,DO,3.6
IU,2022-08-05,DO,3.7
IU,2022-08-06,DO,3.7
IU,2022-08-07,DO,3.8
IU,2022-08-08,DO,3.8
IU,2022-08-09,DO,3.8
IU,2022-08-10,DO,3.8
IU,2022-08-11,DO,3.8
IU,2022-08-12,DO,3.9
IU,2022-08-13,DO,3.8
IU,2022-08-14,DO,3.8
IU,2022-08-15,DO,3.8
IU,2022-08-16,DO,3.8
IU,2022-08-17,DO,3.8
IU,2022-08-18,DO,3.8
IU,2022-08-19,DO,3.8
IU,2022-08-20,DO,3.8
IU,2022-08-21,DO,3.9
IU,2022-08-22,DO,3.8
IU,2022-08-23,DO,3.8
IU,2022-08-24,DO,3.8
IU,2022-08-25,DO,3.7
IU,2022-08-26,DO,3.8
IU,2022-08-27,DO,3.8
IU,2022-08-28,DO,3.7
IU,2022-08-29,DO,3.8
IU,2022-08-30,DO,3.8
IU,2022-08-31,DO,3.8
IU,2022-09-01,DO,3.8
IU,2022-09-02,DO,3.8
IU,2022-09-03,DO,3.9
IU,2022-09-04,DO,3.8
IU,2022-09-05,DO,3.8
IU,2022-09-06,DO,3.8
IU,2022-09-07,DO,3.8
IU,2022-09-08,DO,3.8
IU,2022-09-09,DO,3.8
IU,2022-09-10,DO,3.8
IU,2022-09-11,DO,3.8
IU,2022-09-12,DO,3.8
IU,2022-09-13,DO,3.8
IU,2022-09-14,DO,3.9
IU,2022-09-15,DO,3.9
IU,2022-09-16,DO,3.9
IU,2022-09-17,DO,3.8
IU,2022-09-18,DO,3.9
IU,2022-09-19,DO,3.8
IU,2022-09-20,DO,3.8
IU,2022-09-21,DO,3.8
IU,2022-09-22,DO,3.8
IU,2022-09-23,DO,3.8
IU,2022-09-24,DO,3.9
IU,2022-09-25,DO,3.9
IU,2022-09-26,DO,3.9
IU,2022-09-27,DO,3.8
IU,2022-09-28,DO,4
IU,2022-09-29,DO,4.2
IU,2022-09-30,DO,4
IU,2022-10-01,DO,4
IU,2022-10-02,DO,4
IU,2022-10-03,DO,4
IU,2022-10-04,DO,4.2
IU,2022-10-05,DO,4.2
IU,2022-10-06,DO,4.1
IU,2022-10-07,DO,4.1
IU,2022-10-08,DO,4.1
IU,2022-10-09,DO,4.1
IU,2022-10-10,DO,4
IU,2022-10-11,DO,4
IU,2022-10-12,DO,3.9
IU,2022-10-13,DO,3.9
IU,2022-10-14,DO,3.9
IU,2022-10-15,DO,4.1
IU,2022-10-16,DO,4.1
IU,2022-10-17,DO,4
IU,2022-10-18,DO,3.9
IU,2022-10-19,DO,4.4
IU,2022-10-20,DO,4.5
IU,2022-10-21,DO,4.4
IU,2022-10-22,DO,4.4
IU,2022-10-23,DO,4.4
IU,2022-10-24,DO,4.2
IU,2022-10-25,DO,4.2
IU,2022-10-26,DO,4
IU,2022-10-27,DO,4.1
IU,2022-10-28,DO,4
IU,2022-10-29,DO,4.1
IU,2022-10-30,DO,4.2
IU,2022-10-31,DO,4.1
IU,2022-11-01,DO,4
IU,2022-11-02,DO,4.1
IU,2022-11-03,DO,4.1
IU,2022-11-04,DO,4.2
IU,2022-11-05,DO,4.1
IU,2022-11-06,DO,4
IU,2022-11-07,DO,4
IU,2022-11-08,DO,4.1
IU,2022-11-09,DO,4.2
IU,2022-11-10,DO,4.1
IU,2022-11-11,DO,3.8
IU,2022-11-12,DO,4.1
IU,2022-11-13,DO,4
IU,2022-11-14,DO,4.5
IU,2022-11-15,DO,4.2
IU,2022-11-16,DO,4
IU,2022-11-17,DO,4.4
IU,2022-11-18,DO,4.5
IU,2022-11-19,DO,4.7
IU,2022-11-20,DO,4.5
IU,2022-11-21,DO,4.6
IU,2022-11-22,DO,4.3
IU,2022-11-23,DO,4.3
IU,2022-11-24,DO,4.2
IU,2022-11-25,DO,4.1
IU,2022-11-26,DO,4.1
IU,2022-11-27,DO,4.2
IU,2022-11-28,DO,4.4
IU,2022-11-29,DO,4.4
IU,2022-11-30,DO,4.3
IU,2022-12-01,DO,4.3
IU,2022-12-02,DO,4.6
IU,2022-12-03,DO,4.4
IU,2022-12-04,DO,4.4
IU,2022-12-05,DO,4.2
IU,2022-12-06,DO,4.3
IU,2022-12-07,DO,4.3
IU,2022-12-08,DO,4.3
IU,2022-12-09,DO,4.3
IU,2022-12-10,DO,4.5
IU,2022-12-11,DO,4.4
IU,2022-12-12,DO,4.5
IU,2022-12-13,DO,4.4
IU,2022-12-14,DO,4.5
IU,2022-12-15,DO,4.2
IU,2022-12-16,DO,4.6
IU,2022-12-17,DO,4.8
IU,2022-12-18,DO,4.6
IU,2022-12-19,DO,5
IU,2022-12-20,DO,4.7
IU,2022-12-21,DO,4.6
IU,2022-12-22,DO,4.7
IU,2022-12-23,DO,4.5
IU,2022-12-24,DO,5.3
IU,2022-12-25,DO,5.3
IU,2022-12-26,DO,5.2
IU,2022-12-27,DO,5.1
IU,2022-12-28,DO,5
IU,2022-12-29,DO,4.9
IU,2022-12-30,DO,4.6
IU,2022-12-31,DO,4.5
IU,2023-01-01,DO,4.5
IU,2023-01-02,DO,4.5
IU,2023-01-03,DO,4.4
IU,2023-01-04,DO,4.3
IU,2023-01-05,DO,4.3
IU,2023-01-06,DO,4.6
IU,2023-01-07,DO,4.9
IU,2023-01-08,DO,4.8
IU,2023-01-09,DO,4.6
IU,2023-01-10,DO,4.7
IU,2023-01-11,DO,4.8
IU,2023-01-12,DO,4.6
IU,2023-01-13,DO,4.3
IU,2023-01-14,DO,5
IU,2023-01-15,DO,5.1
IU,2023-01-16,DO,5
IU,2023-01-17,DO,4.9
IU,2023-01-18,DO,4.6
IU,2023-01-19,DO,4.6
IU,2023-01-20,DO,4.3
IU,2023-01-21,DO,4.8
IU,2023-01-22,DO,4.6
IU,2023-01-23,DO,4.4
IU,2023-01-24,DO,4.9
IU,2023-01-25,DO,4.6
IU,2023-01-26,DO,4.4
IU,2023-01-27,DO,5
IU,2023-01-28,DO,5.1
IU,2023-01-29,DO,4.6
IU,2023-01-30,DO,4.4
IU,2023-01-31,DO,4.4
IU,2023-02-01,DO,4.4
IU,2023-02-02,DO,4.5
IU,2023-02-03,DO,4.3
IU,2023-02-04,DO,4.9
IU,2023-02-05,DO,4.7
IU,2023-02-06,DO,4.6
IU,2023-02-07,DO,4.7
IU,2023-02-08,DO,4.5
IU,2023-02-09,DO,4.5
IU,2023-02-10,DO,4.2
IU,2023-02-11,DO,4.4
IU,2023-02-12,DO,4.4
IU,2023-02-13,DO,4.8
IU,2023-02-14,DO,4.8
IU,2023-02-15,DO,4.7
IU,2023-02-16,DO,4.5
IU,2023-02-17,DO,4.4
IU,2023-02-18,DO,4.5
IU,2023-02-19,DO,4.8
IU,2023-02-20,DO,4.4
IU,2023-02-21,DO,4.2
IU,2023-02-22,DO,4
IU,2023-02-23,DO,4
IU,2023-02-24,DO,3.8
IU,2023-02-25,DO,3.9
IU,2023-02-26,DO,3.9
IU,2023-02-27,DO,4
IU,2023-02-28,DO,3.9
IU,2023-03-01,DO,4
IU,2023-03-02,DO,4.1
IU,2023-03-03,DO,4.1
IU,2023-03-04,DO,3.9
IU,2023-03-05,DO,4.1
IU,2023-03-06,DO,4.1
IU,2023-03-07,DO,4.1
IU,2023-03-08,DO,4
IU,2023-03-09,DO,4.3
IU,2023-03-10,DO,4.2
IU,2023-03-11,DO,3.9
IU,2023-03-12,DO,4.4
IU,2023-03-13,DO,4
IU,2023-03-14,DO,4.4
IU,2023-03-15,DO,4.6
IU,2023-03-16,DO,4.7
IU,2023-03-17,DO,4.4
IU,2023-03-18,DO,4.1
IU,2023-03-19,DO,4.6
IU,2023-03-20,DO,4.7
IU,2023-03-21,DO,4.8
IU,2023-03-22,DO,4.4
IU,2023-03-23,DO,4.3
IU,2023-03-24,DO,4.2
IU,2023-03-25,DO,4.2
IU,2023-03-26,DO,4.1
IU,2023-03-27,DO,4.1
IU,2023-03-28,DO,4.1
IU,2023-03-29,DO,4.1
IU,2023-03-30,DO,4.4
IU,2023-03-31,DO,4.4
IU,2023-04-01,DO,4.2
IU,2023-04-02,DO,4.1
IU,2023-04-03,DO,4.2
IU,2023-04-04,DO,4.2
IU,2023-04-05,DO,4.1
IU,2023-04-06,DO,4
IU,2023-04-07,DO,4
IU,2023-04-08,DO,4
IU,2023-04-09,DO,4
IU,2023-04-10,DO,4.4
IU,2023-04-11,DO,4.4
IU,2023-04-12,DO,4.2
IU,2023-04-13,DO,4.1
IU,2023-04-14,DO,4.1
IU,2023-04-15,DO,4.1
IU,2023-04-16,DO,4
IU,2023-04-17,DO,3.9
IU,2023-04-18,DO,4.3
IU,2023-04-19,DO,4.2
IU,2023-04-20,DO,4.1
IU,2023-04-21,DO,4.1
IU,2023-04-22,DO,4
IU,2023-04-23,DO,4
IU,2023-04-24,DO,4.1
IU,2023-04-25,DO,4.1
IU,2023-04-26,DO,4.1
IU,2023-04-27,DO,4
IU,2023-04-28,DO,3.9
IU,2023-04-29,DO,3.9
IU,2023-04-30,DO,4
IU,2023-05-01,DO,4.1
IU,2023-05-02,DO,4
IU,2023-05-03,DO,4.1
IU,2023-05-04,DO,4.1
IU,2023-05-05,DO,4.1
IU,2023-05-06,DO,4
IU,2023-05-07,DO,4
IU,2023-05-08,DO,4
IU,2023-05-09,DO,3.9
IU,2023-05-10,DO,3.9
IU,2023-05-11,DO,3.8
IU,2023-05-12,DO,3.9
IU,2023-05-13,DO,3.8
IU,2023-05-14,DO,3.8
IU,2023-05-15,DO,3.8
IU,2023-05-16,DO,3.8
IU,2023-05-17,DO,3.8
IU,2023-05-18,DO,3.8
IU,2023-05-19,DO,3.8
IU,2023-05-20,DO,3.8
IU,2023-05-21,DO,3.8
IU,2023-05-22,DO,3.8
IU,2023-05-23,DO,3.8
IU,2023-05-24,DO,3.8
IU,2023-05-25,DO,4
IU,2023-05-26,DO,3.9
IU,2023-05-27,DO,4.1
IU,2023-05-28,DO,4.1
IU,2023-05-29,DO,4
IU,2023-05-30,DO,3.9
IU,2023-05-31,DO,3.8
IU,2023-06-01,DO,3.9
IU,2023-06-02,DO,3.9
IU,2023-06-03,DO,3.8
IU,2023-06-04,DO,3.8
IU,2023-06-05,DO,3.9
IU,2023-06-06,DO,3.9
IU,2023-06-07,DO,3.8
IU,2023-06-08,DO,3.8
IU,2023-06-09,DO,3.8
IU,2023-06-10,DO,3.8
IU,2023-06-11,DO,3.8
IU,2023-06-12,DO,3.8
IU,2023-06-13,DO,3.9
IU,2023-06-14,DO,3.9
IU,2023-06-15,DO,3.8
IU,2023-06-16,DO,4
IU,2023-06-17,DO,4
IU,2023-06-18,DO,3.9
IU,2023-06-19,DO,3.8
IU,2023-06-20,DO,4
IU,2023-06-21,DO,3.9
IU,2023-06-22,DO,4.4
IU,2023-06-23,DO,4.2
IU,2023-06-24,DO,4.1
IU,2023-06-25,DO,4
IU,2023-06-26,DO,4
IU,2023-06-27,DO,4
IU,2023-06-28,DO,3.9
IU,2023-06-29,DO,4
IU,2023-06-30,DO,4
IU,2023-07-01,DO,3.9
IU,2023-07-02,DO,3.9
IU,2023-07-03,DO,3.8
IU,2023-07-04,DO,3.9
IU,2023-07-05,DO,3.9
IU,2023-07-06,DO,3.9
IU,2023-07-07,DO,3.9
IU,2023-07-08,DO,3.8
IU,2023-07-09,DO,3.9
IU,2023-07-10,DO,3.9
IU,2023-07-11,DO,4
IU,2023-07-12,DO,4
IU,2023-07-13,DO,4
IU,2023-07-14,DO,3.9
IU,2023-07-15,DO,4
IU,2023-07-16,DO,4
IU,2023-07-17,DO,4
IU,2023-07-18,DO,4
IU,2023-07-19,DO,4
IU,2023-07-20,DO,4
IU,2023-07-21,DO,4
IU,2023-07-22,DO,3.9
IU,2023-07-23,DO,3.9
IU,2023-07-24,DO,4.1
IU,2023-07-25,DO,4
IU,2023-07-26,DO,4
IU,2023-07-27,DO,4
IU,2023-07-28,DO,4
IU,2023-07-29,DO,4
IU,2023-07-30,DO,4
IU,2023-07-31,DO,4
IU,2023-08-01,DO,4
IU,2023-08-02,DO,3.9
IU,2023-08-03,DO,4
IU,2023-08-04,DO,4
IU,2023-08-05,DO,4
IU,2023-08-06,DO,4.1
IU,2023-08-07,DO,4
IU,2023-08-08,DO,4
IU,2023-08-09,DO,4
IU,2023-08-10,DO,4
IU,2023-08-11,DO,4
IU,2023-08-12,DO,4
IU,2023-08-13,DO,4
IU,2023-08-14,DO,4
IU,2023-08-15,DO,3.9
IU,2023-08-16,DO,4.1
IU,2023-08-17,DO,4
IU,2023-08-18,DO,4
IU,2023-08-19,DO,4
IU,2023-08-20,DO,4.1
IU,2023-08-21,DO,4.1
IU,2023-08-22,DO,4.1
IU,2023-08-23,DO,4
IU,2023-08-24,DO,4.1
IU,2023-08-25,DO,4.1
IU,2023-08-26,DO,4
IU,2023-08-27,DO,4
IU,2023-08-28,DO,4
IU,2023-08-29,DO,4
IU,2023-08-30,DO,3.9
IU,2023-08-31,DO,4.1
IU,2023-09-01,DO,4
IU,2023-09-02,DO,4.1
IU,2023-09-03,DO,4.1
IU,2023-09-04,DO,4.1
IU,2023-09-05,DO,4.1
IU,2023-09-06,DO,4.1
IU,2023-09-07,DO,4
IU,2023-09-08,DO,3.9
IU,2023-09-09,DO,4
IU,2023-09-10,DO,4
IU,2023-09-11,DO,3.9
IU,2023-09-12,DO,3.9
IU,2023-09-13,DO,4
IU,2023-09-14,DO,3.9
IU,2023-09-15,DO,4
IU,2023-09-16,DO,4
IU,2023-09-17,DO,4
IU,2023-09-18,DO,4
IU,2023-09-19,DO,4.2
IU,2023-09-20,DO,4.1
IU,2023-09-21,DO,4
IU,2023-09-22,DO,4.1
IU,2023-09-23,DO,4.2
IU,2023-09-24,DO,4.2
IU,2023-09-25,DO,4.1
IU,2023-09-26,DO,4.1
IU,2023-09-27,DO,4.1
IU,2023-09-28,DO,4.1
IU,2023-09-29,DO,4.1
IU,2023-09-30,DO,4.1
IU,2023-10-01,DO,4.2
IU,2023-10-02,DO,4.2
IU,2023-10-03,DO,4.2
IU,2023-10-04,DO,4.2
IU,2023-10-05,DO,4.2
IU,2023-10-06,DO,4.2
IU,2023-10-07,DO,4.1
IU,2023-10-08,DO,4.3
IU,2023-10-09,DO,4.6
IU,2023-10-10,DO,4.6
IU,2023-10-11,DO,4.3
IU,2023-10-12,DO,4.1
IU,2023-10-13,DO,4.1
IU,2023-10-14,DO,4.2
IU,2023-10-15,DO,4.2
IU,2023-10-16,DO,4.4
IU,2023-10-17,DO,4.7
IU,2023-10-18,DO,4.7
IU,2023-10-19,DO,4.6
IU,2023-10-20,DO,4.5
IU,2023-10-21,DO,4.3
IU,2023-10-22,DO,4.6
IU,2023-10-23,DO,4.4
IU,2023-10-24,DO,4.4
IU,2023-10-25,DO,4.4
IU,2023-10-26,DO,4.4
IU,2023-10-27,DO,4.4
IU,2023-10-28,DO,4.4
IU,2023-10-29,DO,4.4
IU,2023-10-30,DO,4.4
IU,2023-10-31,DO,4.4
IU,2023-11-01,DO,4.4
IU,2023-11-02,DO,4.8
IU,2023-11-03,DO,4.7
IU,2023-11-04,DO,4.6
IU,2023-11-05,DO,4.7
IU,2023-11-06,DO,4.8
IU,2023-11-07,DO,4.7
IU,2023-11-08,DO,4.7
IU,2023-11-09,DO,4.7
IU,2023-11-10,DO,4.5
IU,2023-11-11,DO,4.5
IU,2023-11-12,DO,4.5
IU,2023-11-13,DO,4.7
IU,2023-11-14,DO,4.7
IU,2023-11-15,DO,4.4
IU,2023-11-16,DO,4.4
IU,2023-11-17,DO,4.4
IU,2023-11-18,DO,4.4
IU,2023-11-19,DO,4.6
IU,2023-11-20,DO,4.6
IU,2023-11-21,DO,4.5
IU,2023-11-22,DO,4.4
IU,2023-11-23,DO,4.8
IU,2023-11-24,DO,4.7
IU,2023-11-25,DO,4.8
IU,2023-11-26,DO,4.7
IU,2023-11-27,DO,4.6
IU,2023-11-28,DO,5
IU,2023-11-29,DO,5.2
IU,2023-11-30,DO,5.2
IU,2023-12-01,DO,4.8
IU,2023-12-02,DO,4.5
IU,2023-12-03,DO,4.4
IU,2023-12-04,DO,4.5
IU,2023-12-05,DO,4.8
IU,2023-12-06,DO,5
IU,2023-12-07,DO,5.1
IU,2023-12-08,DO,5
IU,2023-12-09,DO,4.6
IU,2023-12-10,DO,4.6
IU,2023-12-11,DO,4.5
IU,2023-12-12,DO,5.1
IU,2023-12-13,DO,5
IU,2023-12-14,DO,5
IU,2023-12-15,DO,4.9
IU,2023-12-16,DO,4.8
IU,2023-12-17,DO,4.8
IU,2023-12-18,DO,4.6
IU,2023-12-19,DO,4.9
IU,2023-12-20,DO,5.1
IU,2023-12-21,DO,4.8
IU,2023-12-22,DO,4.5
IU,2023-12-23,DO,4.2
IU,2023-12-24,DO,4.2
IU,2023-12-25,DO,3.8
IU,2023-12-26,DO,3.7
IU,2023-12-27,DO,3.8
IU,2023-12-28,DO,4
IU,2023-12-29,DO,4.4
IU,2023-12-30,DO,4.9
IU,2023-12-31,DO,4.8
IU,2024-01-01,DO,4.7
IU,2024-01-02,DO,4.3
IU,2024-01-03,DO,4.8
IU,2024-01-04,DO,4.2
IU,2024-01-05,DO,4.7
IU,2024-01-06,DO,4
IU,2024-01-07,DO,4.2
IU,2024-01-08,DO,4.6
IU,2024-01-09,DO,4
IU,2024-01-10,DO,4.2
IU,2024-01-11,DO,4.6
IU,2024-01-12,DO,4.4
IU,2024-01-13,DO,3.7
IU,2024-01-14,DO,4.7
IU,2024-01-15,DO,4.7
IU,2024-01-16,DO,3.9
IU,2024-01-17,DO,4.8
IU,2024-01-18,DO,5.1
IU,2024-01-19,DO,4.5
IU,2024-01-20,DO,4.6
IU,2024-01-21,DO,5.2
IU,2024-01-22,DO,5
IU,2024-01-23,DO,3.9
IU,2024-01-24,DO,3.8
IU,2024-01-25,DO,3.5
IU,2024-01-26,DO,3.4
IU,2024-01-27,DO,3.6
IU,2024-01-28,DO,3.5
IU,2024-01-29,DO,4.3
IU,2024-01-30,DO,4.4
IU,2024-01-31,DO,4.4
IU,2024-02-01,DO,4.5
IU,2024-02-02,DO,4.3
IU,2024-02-03,DO,4.3
IU,2024-02-04,DO,4
IU,2024-02-05,DO,4.1
IU,2024-02-06,DO,4.3
IU,2024-02-07,DO,4.5
IU,2024-02-08,DO,4.5
IU,2024-02-09,DO,4.2
IU,2024-02-10,DO,4.2
IU,2024-02-11,DO,4.2
IU,2024-02-12,DO,3.8
IU,2024-02-13,DO,3.9
IU,2024-02-14,DO,4.5
IU,2024-02-15,DO,4.5
IU,2024-02-16,DO,4.4
IU,2024-02-17,DO,4.2
IU,2024-02-18,DO,4.3
IU,2024-02-19,DO,4.6
IU,2024-02-20,DO,4.8
IU,2024-02-21,DO,4.7
IU,2024-02-22,DO,4.7
IU,2024-02-23,DO,4.3
IU,2024-02-24,DO,4.2
IU,2024-02-25,DO,4.4
IU,2024-02-26,DO,4.6
IU,2024-02-27,DO,4.4
IU,2024-02-28,DO,4.2
IU,2024-02-29,DO,3.8
IU,2024-03-01,DO,4.3
IU,2024-03-02,DO,4
IU,2024-03-03,DO,4
IU,2024-03-04,DO,4.1
IU,2024-03-05,DO,4.1
IU,2024-03-06,DO,4
IU,2024-03-07,DO,4.1
IU,2024-03-08,DO,4.2
IU,2024-03-09,DO,4
IU,2024-03-10,DO,3.8
IU,2024-03-11,DO,4.4
IU,2024-03-12,DO,4.5
IU,2024-03-13,DO,4.3
IU,2024-03-14,DO,4.3
IU,2024-03-15,DO,4
IU,2024-03-16,DO,3.8
IU,2024-03-17,DO,3.7
IU,2024-03-18,DO,3.7
IU,2024-03-19,DO,4.2
IU,2024-03-20,DO,4.6
IU,2024-03-21,DO,4.4
IU,2024-03-22,DO,3.8
IU,2024-03-23,DO,3.9
IU,2024-03-24,DO,4
IU,2024-03-25,DO,4.3
IU,2024-03-26,DO,4
IU,2024-03-27,DO,3.7
IU,2024-03-28,DO,3.8
IU,2024-03-29,DO,4.2
IU,2024-03-30,DO,4.4
IU,2024-03-31,DO,4.2
IU,2024-04-01,DO,3.9
IU,2024-04-02,DO,3.8
IU,2024-04-03,DO,3.5
IU,2024-04-04,DO,4
IU,2024-04-05,DO,4.2
IU,2024-04-06,DO,4.1
IU,2024-04-07,DO,4.2
IU,2024-04-08,DO,4
IU,2024-04-09,DO,3.8
IU,2024-04-10,DO,3.6
IU,2024-04-11,DO,3.2
IU,2024-04-12,DO,3.7
IU,2024-04-13,DO,3.9
IU,2024-04-14,DO,3.8
IU,2024-04-15,DO,3.4
IU,2024-04-16,DO,3.4
IU,2024-04-17,DO,3.5
IU,2024-04-18,DO,3.6
IU,2024-04-19,DO,3.9
IU,2024-04-20,DO,4
IU,2024-04-21,DO,3.8
IU,2024-04-22,DO,3.5
IU,2024-04-23,DO,4
IU,2024-04-24,DO,4.1
IU,2024-04-25,DO,4
IU,2024-04-26,DO,3.9
IU,2024-04-27,DO,3.9
IU,2024-04-28,DO,4
IU,2024-04-29,DO,4
IU,2024-04-30,DO,3.6
IU,2024-05-01,DO,3.4
IU,2024-05-02,DO,3
IU,2024-05-03,DO,2.9
IU,2024-05-04,DO,3
IU,2024-05-05,DO,3
IU,2024-05-06,DO,2.9
IU,2024-05-07,DO,3
IU,2024-05-08,DO,3.1
IU,2024-05-09,DO,3.1
IU,2024-05-10,DO,3.1
IU,2024-05-11,DO,3.2
IU,2024-05-12,DO,3.4
IU,2024-05-13,DO,3.5
IU,2024-05-14,DO,3.4
IU,2024-05-15,DO,3.3
IU,2024-05-16,DO,3.4
IU,2024-05-17,DO,3.4
IU,2024-05-18,DO,3.2
IU,2024-05-19,DO,3.1
IU,2024-05-20,DO,3.2
IU,2024-05-21,DO,3.2
IU,2024-05-22,DO,3
IU,2024-05-23,DO,3
IU,2024-05-24,DO,2.9
IU,2024-05-25,DO,3
IU,2024-05-26,DO,2.9
IU,2024-05-27,DO,3
IU,2024-05-28,DO,3
IU,2024-05-29,DO,3.2
IU,2024-05-30,DO,3.4
IU,2024-05-31,DO,3.3
IU,2024-06-01,DO,3.4
IU,2024-06-02,DO,3.2
IU,2024-06-03,DO,3.1
IU,2024-06-04,DO,2.9
IU,2024-06-05,DO,2.8
IU,2024-06-06,DO,2.8
IU,2024-06-07,DO,2.7
IU,2024-06-08,DO,2.7
IU,2024-06-09,DO,2.8
IU,2024-06-10,DO,2.9
IU,2024-06-11,DO,2.9
IU,2024-06-12,DO,3
IU,2024-06-13,DO,3.2
IU,2024-06-14,DO,3.2
IU,2024-06-15,DO,3.3
IU,2024-06-16,DO,3.3
IU,2024-06-17,DO,3.3
IU,2024-06-18,DO,3.5
IU,2024-06-19,DO,3.5
IU,2024-06-20,DO,3.6
IU,2024-06-21,DO,3.7
IU,2024-06-22,DO,3.5
IU,2024-06-23,DO,3.6
IU,2024-06-24,DO,3.6
IU,2024-06-25,DO,3.5
IU,2024-06-26,DO,3.5
IU,2024-06-27,DO,3.6
IU,2024-06-28,DO,3.6
IU,2024-06-29,DO,3.7
IU,2024-06-30,DO,3.7
IU,2024-07-01,DO,3.6
IU,2024-07-02,DO,3.6
IU,2024-07-03,DO,3.7
IU,2024-07-04,DO,3.7
IU,2024-07-05,DO,3.7
IU,2024-07-06,DO,3.7
IU,2024-07-07,DO,3.6
IU,2024-07-08,DO,3.7
IU,2024-07-09,DO,3.7
IU,2024-07-10,DO,3.7
IU,2024-07-11,DO,3.7
IU,2024-07-12,DO,3.8
IU,2024-07-13,DO,3.8
IU,2024-07-14,DO,3.7
IU,2024-07-15,DO,3.7
IU,2024-07-16,DO,3.7
IU,2024-07-17,DO,3.8
IU,2024-07-18,DO,3.8
IU,2024-07-19,DO,3.8
IU,2024-07-20,DO,3.8
IU,2024-07-21,DO,3.7
IU,2024-07-22,DO,3.8
IU,2024-07-23,DO,3.8
IU,2024-07-24,DO,3.7
IU,2024-07-25,DO,3.8
IU,2024-07-26,DO,4.4
LF,2022-03-28,DO,2.53
LF,2022-03-29,DO,2.49
LF,2022-03-30,DO,2.31
LF,2022-03-31,DO,2.23
LF,2022-04-01,DO,2.33
LF,2022-04-02,DO,2.48
LF,2022-04-03,DO,2.8
LF,2022-04-04,DO,2.43
LF,2022-04-05,DO,2.14
LF,2022-04-06,DO,1.72
LF,2022-04-07,DO,1.76
LF,2022-04-08,DO,2.42
LF,2022-04-09,DO,2.56
LF,2022-04-10,DO,3.1
LF,2022-04-11,DO,2.64
LF,2022-04-12,DO,2.37
LF,2022-04-13,DO,2.34
LF,2022-04-14,DO,2.08
LF,2022-04-15,DO,2.04
LF,2022-04-16,DO,2.03
LF,2022-04-17,DO,1.86
LF,2022-04-18,DO,1.88
LF,2022-04-19,DO,2.03
LF,2022-04-20,DO,2.51
LF,2022-04-21,DO,2.41
LF,2022-04-22,DO,2.33
LF,2022-04-23,DO,2.25
LF,2022-04-24,DO,2.06
LF,2022-04-25,DO,2.08
LF,2022-04-26,DO,2.15
LF,2022-04-27,DO,2.14
LF,2022-04-28,DO,2.12
LF,2022-04-29,DO,2.41
LF,2022-05-02,DO,2.18
LF,2022-05-03,DO,2.15
LF,2022-05-04,DO,2.16
LF,2022-05-05,DO,2.32
LF,2022-05-06,DO,2.14
LF,2022-05-07,DO,2.14
LF,2022-05-08,DO,2.33
LF,2022-05-09,DO,2.49
LF,2022-05-10,DO,2.74
LF,2022-05-11,DO,2.86
LF,2022-05-12,DO,2.63
LF,2022-05-13,DO,2.47
LF,2022-05-14,DO,2.41
LF,2022-05-15,DO,2.52
LF,2022-05-16,DO,2.46
LF,2022-05-17,DO,2.39
LF,2022-05-18,DO,2.43
LF,2022-05-19,DO,2.5
LF,2022-05-20,DO,2.43
LF,2022-05-21,DO,2.44
LF,2022-05-22,DO,2.57
LF,2022-05-23,DO,2.67
LF,2022-05-24,DO,2.77
LF,2022-05-25,DO,2.76
LF,2022-05-26,DO,2.69
LF,2022-05-27,DO,2.73
LF,2022-05-28,DO,2.9
LF,2022-05-29,DO,2.85
LF,2022-05-30,DO,2.71
LF,2022-05-31,DO,2.81
LF,2022-06-01,DO,2.87
LF,2022-06-02,DO,2.72
LF,2022-06-03,DO,2.67
LF,2022-06-04,DO,2.74
LF,2022-06-05,DO,2.66
LF,2022-06-06,DO,2.8
LF,2022-06-07,DO,3.11
LF,2022-06-08,DO,3.14
LF,2022-06-09,DO,3.09
LF,2022-06-10,DO,2.95
LF,2022-06-11,DO,3.03
LF,2022-06-12,DO,2.82
LF,2022-06-13,DO,2.96
LF,2022-06-14,DO,2.94
LF,2022-06-15,DO,2.86
LF,2022-06-16,DO,2.86
LF,2022-06-17,DO,2.89
LF,2022-06-18,DO,2.92
LF,2022-06-19,DO,3.04
LF,2022-06-20,DO,3.32
LF,2022-06-21,DO,3.5
LF,2022-06-22,DO,3.82
LF,2022-06-23,DO,3.6
LF,2022-06-24,DO,3.28
LF,2022-06-25,DO,3.71
LF,2022-06-26,DO,3.89
LF,2022-06-27,DO,3.23
LF,2022-06-28,DO,3
LF,2022-06-29,DO,3.33
LF,2022-06-30,DO,3.17
LF,2022-07-01,DO,3.36
LF,2022-07-02,DO,3.35
LF,2022-07-03,DO,3.41
LF,2022-07-04,DO,3.45
LF,2022-07-05,DO,3.65
LF,2022-07-06,DO,3.77
LF,2022-07-07,DO,3.84
LF,2022-07-08,DO,3.82
LF,2022-07-09,DO,3.97
LF,2022-07-10,DO,3.44
LF,2022-07-11,DO,3.23
LF,2022-07-12,DO,2.91
LF,2022-07-13,DO,3.14
LF,2022-07-14,DO,3.18
LF,2022-07-15,DO,3.05
LF,2022-07-16,DO,3.11
LF,2022-07-17,DO,3.05
LF,2022-07-18,DO,2.93
LF,2022-07-19,DO,3
LF,2022-07-20,DO,3.08
LF,2022-07-21,DO,3.15
LF,2022-07-22,DO,3.14
LF,2022-07-23,DO,2.98
LF,2022-07-24,DO,2.92
LF,2022-07-25,DO,2.56
LF,2022-07-26,DO,2.57
LF,2022-07-27,DO,2.46
LF,2022-07-28,DO,2.55
LF,2022-07-29,DO,2.55
LF,2022-07-30,DO,2.52
LF,2022-07-31,DO,2.52
LF,2022-08-01,DO,2.56
LF,2022-08-02,DO,2.62
LF,2022-08-03,DO,2.61
LF,2022-08-04,DO,2.7
LF,2022-08-05,DO,2.92
LF,2022-08-06,DO,3.11
LF,2022-08-07,DO,3.28
LF,2022-08-08,DO,3.27
LF,2022-08-24,DO,3.28
LF,2022-08-25,DO,3.08
LF,2022-08-26,DO,3.04
LF,2022-08-27,DO,2.81
LF,2022-08-28,DO,2.78
LF,2022-08-29,DO,2.79
LF,2022-08-30,DO,2.66
LF,2022-08-31,DO,2.62
LF,2022-09-01,DO,2.41
LF,2022-09-02,DO,2.44
LF,2022-09-03,DO,2.47
LF,2022-09-04,DO,2.4
LF,2022-09-05,DO,2.31
LF,2022-09-06,DO,2.26
LF,2022-09-07,DO,2.27
LF,2022-09-19,DO,2.11
LF,2022-09-20,DO,2.09
LF,2022-09-21,DO,2.17
LF,2022-09-22,DO,2.13
LF,2022-09-23,DO,2.15
LF,2022-09-24,DO,2.29
LF,2022-09-25,DO,2.34
LF,2022-09-26,DO,2.2
LF,2022-09-27,DO,2.01
LF,2022-09-28,DO,2.55
LF,2022-09-29,DO,3.05
LF,2022-09-30,DO,2.86
LF,2022-10-01,DO,2.79
LF,2022-10-02,DO,2.81
LF,2022-10-03,DO,3.06
LF,2022-10-04,DO,3.3
LF,2022-10-05,DO,3.01
LF,2022-10-06,DO,2.88
LF,2022-10-07,DO,2.86
LF,2022-10-08,DO,2.92
LF,2022-10-09,DO,2.88
LF,2022-10-10,DO,2.93
LF,2022-10-11,DO,2.98
LF,2022-10-12,DO,2.81
LF,2022-10-13,DO,2.64
LF,2022-10-14,DO,2.98
LF,2022-10-15,DO,3.46
LF,2022-10-16,DO,3.42
LF,2022-10-17,DO,3.24
LF,2022-10-18,DO,3.18
LF,2022-10-19,DO,4.45
LF,2022-10-20,DO,4.68
LF,2022-10-21,DO,4.51
LF,2022-10-22,DO,3.36
LF,2022-10-23,DO,3.68
LF,2022-10-24,DO,3.3
LF,2022-10-25,DO,3.03
LF,2022-10-26,DO,2.6
LF,2022-10-27,DO,3.18
LF,2022-10-28,DO,3.03
LF,2022-10-29,DO,3.25
LF,2022-10-30,DO,3.25
LF,2022-10-31,DO,3.36
LF,2022-11-08,DO,3.99
LF,2022-11-09,DO,4.17
LF,2022-11-10,DO,2.68
LF,2022-11-11,DO,1.89
LF,2022-11-12,DO,2.7
LF,2022-11-13,DO,2.68
LF,2022-11-14,DO,1.22
LF,2022-11-15,DO,0.83
LF,2022-11-16,DO,3.37
LF,2022-11-17,DO,4.81
LF,2022-11-18,DO,5.23
LF,2022-11-19,DO,5.21
LF,2022-11-20,DO,5.03
LF,2022-11-21,DO,4.81
LF,2022-11-22,DO,4.1
LF,2022-11-23,DO,3.54
LF,2022-11-24,DO,3.21
LF,2022-11-25,DO,2.51
LF,2022-11-26,DO,2.58
LF,2022-11-27,DO,2.55
LF,2022-11-28,DO,3.89
LF,2022-11-29,DO,4.07
LF,2022-11-30,DO,3.96
LF,2022-12-01,DO,0.42
LF,2022-12-02,DO,0.06
LF,2022-12-03,DO,0.82
LF,2022-12-04,DO,2.8
LF,2022-12-05,DO,3.75
LF,2022-12-06,DO,3.09
LF,2022-12-07,DO,3.6
LF,2022-12-08,DO,3.87
LF,2022-12-09,DO,3.6
LF,2022-12-10,DO,3.94
LF,2022-12-11,DO,3.97
LF,2022-12-12,DO,4.23
LF,2022-12-13,DO,4.57
LF,2022-12-14,DO,3.15
LF,2022-12-15,DO,2.71
LF,2022-12-16,DO,4.32
LF,2022-12-17,DO,4.93
LF,2022-12-18,DO,4.88
LF,2022-12-19,DO,5.76
LF,2022-12-20,DO,4.95
LF,2022-12-21,DO,3.76
LF,2022-12-22,DO,3.96
LF,2022-12-23,DO,2.5
LF,2022-12-24,DO,6.99
LF,2022-12-25,DO,6.95
LF,2022-12-26,DO,6.45
LF,2022-12-27,DO,6.18
LF,2022-12-28,DO,5.61
LF,2022-12-29,DO,5.03
LF,2022-12-30,DO,4.41
LF,2022-12-31,DO,4.27
LF,2023-01-01,DO,4.59
LF,2023-01-02,DO,4.61
LF,2023-01-03,DO,4.51
LF,2023-01-04,DO,3.07
LF,2023-01-05,DO,3.28
LF,2023-01-06,DO,5.17
LF,2023-01-07,DO,5.88
LF,2023-01-08,DO,5.14
LF,2023-01-09,DO,4.45
LF,2023-01-10,DO,5.4
LF,2023-01-11,DO,4.98
LF,2023-01-12,DO,4.68
LF,2023-01-13,DO,3.4
LF,2023-01-14,DO,6.28
LF,2023-01-15,DO,5.99
LF,2023-01-16,DO,5.5
LF,2023-01-17,DO,4.8
LF,2023-01-18,DO,3.94
LF,2023-01-19,DO,3.65
LF,2023-01-20,DO,2.95
LF,2023-01-21,DO,4.26
LF,2023-01-22,DO,3.27
LF,2023-01-23,DO,3.56
LF,2023-01-24,DO,4.85
LF,2023-01-25,DO,2.94
LF,2023-01-26,DO,3.38
LF,2023-01-27,DO,6.34
LF,2023-01-28,DO,5.46
LF,2023-01-29,DO,3.81
LF,2023-01-30,DO,3.7
LF,2023-01-31,DO,3.64
LF,2023-02-01,DO,3.74
LF,2023-02-02,DO,3.32
LF,2023-02-03,DO,1.95
LF,2023-02-04,DO,5.26
LF,2023-02-05,DO,3.74
LF,2023-02-06,DO,3.12
LF,2023-02-07,DO,3.23
LF,2023-02-08,DO,3
LF,2023-02-09,DO,2.26
LF,2023-02-10,DO,2.12
LF,2023-02-11,DO,2.14
LF,2023-02-12,DO,2.1
LF,2023-02-13,DO,3.48
LF,2023-02-14,DO,2.63
LF,2023-02-15,DO,2.49
LF,2023-02-16,DO,2.3
LF,2023-02-17,DO,2.11
LF,2023-02-18,DO,2.6
LF,2023-02-19,DO,2.32
LF,2023-02-20,DO,2.3
LF,2023-02-21,DO,2.16
LF,2023-02-22,DO,1.79
LF,2023-02-23,DO,1.88
LF,2023-02-24,DO,1.63
LF,2023-02-25,DO,1.89
LF,2023-02-26,DO,1.82
LF,2023-02-27,DO,1.84
LF,2023-02-28,DO,1.55
LF,2023-03-01,DO,1.66
LF,2023-03-02,DO,1.83
LF,2023-03-03,DO,1.14
LF,2023-03-04,DO,0.75
LF,2023-03-05,DO,1.81
LF,2023-03-06,DO,2.08
LF,2023-03-07,DO,1.89
LF,2023-03-08,DO,1.96
LF,2023-03-09,DO,2.31
LF,2023-03-10,DO,1.83
LF,2023-03-11,DO,1.87
LF,2023-03-12,DO,1.83
LF,2023-03-13,DO,1.8
LF,2023-03-14,DO,2.82
LF,2023-03-15,DO,2.67
LF,2023-03-16,DO,2.27
LF,2023-03-17,DO,1.9
LF,2023-03-18,DO,1.56
LF,2023-03-19,DO,3.49
LF,2023-03-20,DO,3.8
LF,2023-03-21,DO,2.87
LF,2023-03-22,DO,2.37
LF,2023-03-23,DO,2.23
LF,2023-03-24,DO,2.2
LF,2023-03-25,DO,1.91
LF,2023-03-26,DO,1.94
LF,2023-03-27,DO,2.1
LF,2023-03-28,DO,2.15
LF,2023-03-29,DO,2.28
LF,2023-03-30,DO,2.67
LF,2023-03-31,DO,2.65
LF,2023-04-01,DO,2.15
LF,2023-04-02,DO,1.74
LF,2023-04-03,DO,2.59
LF,2023-04-04,DO,2.38
LF,2023-04-05,DO,2.36
LF,2023-04-06,DO,2.4
LF,2023-04-07,DO,1.92
LF,2023-04-08,DO,2.1
LF,2023-04-09,DO,2.19
LF,2023-04-10,DO,2.47
LF,2023-04-11,DO,2.46
LF,2023-04-12,DO,2.86
LF,2023-04-13,DO,2.34
LF,2023-04-14,DO,2.29
LF,2023-04-15,DO,2.83
LF,2023-04-16,DO,2.47
LF,2023-04-17,DO,2.47
LF,2023-04-18,DO,4.04
LF,2023-04-19,DO,3.32
LF,2023-04-20,DO,3.15
LF,2023-04-21,DO,2.91
LF,2023-04-22,DO,2.45
LF,2023-04-23,DO,2.83
LF,2023-04-24,DO,3.33
LF,2023-04-25,DO,2.82
LF,2023-04-26,DO,3.14
LF,2023-04-27,DO,2.71
LF,2023-04-28,DO,2.36
LF,2023-04-29,DO,2.83
LF,2023-04-30,DO,2.28
LF,2023-05-01,DO,3.55
LF,2023-05-02,DO,3.3
LF,2023-05-03,DO,3.76
LF,2023-05-04,DO,4.17
LF,2023-05-05,DO,3.86
LF,2023-05-06,DO,3.73
LF,2023-05-07,DO,3.41
LF,2023-05-08,DO,2.83
LF,2023-05-09,DO,2.87
LF,2023-05-10,DO,2.65
LF,2023-05-11,DO,3.12
LF,2023-05-12,DO,3.2
LF,2023-05-13,DO,3.12
LF,2023-05-14,DO,3.14
LF,2023-05-15,DO,3.28
LF,2023-05-16,DO,3.61
LF,2023-05-17,DO,3.14
LF,2023-05-18,DO,3.31
LF,2023-05-19,DO,3.31
LF,2023-05-20,DO,3.74
LF,2023-05-21,DO,3.57
LF,2023-05-22,DO,3.25
LF,2023-05-23,DO,2.8
LF,2023-05-24,DO,2.94
LF,2023-05-25,DO,3.38
LF,2023-05-26,DO,3.89
LF,2023-05-27,DO,4.06
LF,2023-05-28,DO,4.26
LF,2023-05-29,DO,4.24
LF,2023-05-30,DO,3.77
LF,2023-05-31,DO,3.44
LF,2023-06-01,DO,3.14
LF,2023-06-02,DO,4.01
LF,2023-06-03,DO,3.27
LF,2023-06-04,DO,3.51
LF,2023-06-05,DO,3.39
LF,2023-06-06,DO,2.91
LF,2023-06-07,DO,2.51
LF,2023-06-08,DO,2.65
LF,2023-06-09,DO,2.36
LF,2023-06-10,DO,2.62
LF,2023-06-11,DO,2.96
LF,2023-06-12,DO,3.32
LF,2023-06-13,DO,3.24
LF,2023-06-14,DO,3.63
LF,2023-06-15,DO,3.14
LF,2023-06-16,DO,3.11
LF,2023-06-17,DO,3.16
LF,2023-06-18,DO,3.08
LF,2023-06-19,DO,2.67
LF,2023-06-20,DO,2.34
LF,2023-06-21,DO,1.77
LF,2023-06-22,DO,2.38
LF,2023-06-23,DO,2.14
LF,2023-06-24,DO,2.2
LF,2023-06-25,DO,2.58
LF,2023-06-26,DO,2.55
LF,2023-06-27,DO,2.41
LF,2023-06-28,DO,2.22
LF,2023-06-29,DO,2.24
LF,2023-06-30,DO,2.2
LF,2023-07-01,DO,2.15
LF,2023-07-02,DO,2.13
LF,2023-07-03,DO,2.1
LF,2023-07-04,DO,2.12
LF,2023-07-05,DO,2.18
LF,2023-07-06,DO,2.18
LF,2023-07-07,DO,2.21
LF,2023-07-08,DO,2.29
LF,2023-07-09,DO,2.4
LF,2023-07-10,DO,2.51
LF,2023-07-11,DO,2.47
LF,2023-07-12,DO,2.73
LF,2023-07-13,DO,2.85
LF,2023-07-14,DO,2.88
LF,2023-07-15,DO,2.68
LF,2023-07-16,DO,2.58
LF,2023-07-17,DO,2.72
LF,2023-07-18,DO,2.76
LF,2023-07-19,DO,2.76
LF,2023-07-20,DO,2.74
LF,2023-07-21,DO,2.78
LF,2023-07-22,DO,2.74
LF,2023-07-23,DO,2.89
LF,2023-07-24,DO,2.97
LF,2023-07-25,DO,3.01
LF,2023-07-26,DO,2.62
LF,2023-07-27,DO,3.29
LF,2023-07-28,DO,2.66
LF,2023-07-29,DO,2.83
LF,2023-07-30,DO,2.89
LF,2023-07-31,DO,2.86
LF,2023-08-01,DO,2.66
LF,2023-08-02,DO,2.51
LF,2023-08-03,DO,2.36
LF,2023-08-04,DO,2.46
LF,2023-08-05,DO,2.31
LF,2023-08-06,DO,2.37
LF,2023-08-07,DO,2.38
LF,2023-08-08,DO,2.46
LF,2023-08-09,DO,2.58
LF,2023-08-10,DO,2.74
LF,2023-08-11,DO,2.68
LF,2023-08-12,DO,2.64
LF,2023-08-13,DO,2.78
LF,2023-08-14,DO,2.66
LF,2023-08-15,DO,2.88
LF,2023-08-16,DO,2.38
LF,2023-08-17,DO,2.73
LF,2023-08-18,DO,2.64
LF,2023-08-19,DO,2.68
LF,2023-08-20,DO,2.67
LF,2023-08-21,DO,2.78
LF,2023-08-22,DO,2.83
LF,2023-08-23,DO,2.8
LF,2023-08-24,DO,2.62
LF,2023-08-25,DO,2.67
LF,2023-08-26,DO,2.88
LF,2023-08-27,DO,2.78
LF,2023-08-28,DO,2.75
LF,2023-08-29,DO,2.34
LF,2023-08-30,DO,2.01
LF,2023-08-31,DO,1.73
LF,2023-09-01,DO,2.41
LF,2023-09-02,DO,2.71
LF,2023-09-03,DO,2.43
LF,2023-09-04,DO,2.51
LF,2023-09-05,DO,2.43
LF,2023-09-06,DO,2.48
LF,2023-09-07,DO,2.45
LF,2023-09-08,DO,2.37
LF,2023-09-09,DO,2.44
LF,2023-09-10,DO,2.42
LF,2023-09-11,DO,2.38
LF,2023-09-12,DO,2.31
LF,2023-09-13,DO,2.15
LF,2023-09-14,DO,2.32
LF,2023-09-15,DO,2.42
LF,2023-09-27,DO,2.96
LF,2023-09-28,DO,3.02
LF,2023-09-29,DO,2.94
LF,2023-09-30,DO,2.95
LF,2023-10-01,DO,2.98
LF,2023-10-02,DO,3.19
LF,2023-10-03,DO,3.24
LF,2023-10-04,DO,3.16
LF,2023-10-05,DO,3.13
LF,2023-10-06,DO,3.14
LF,2023-10-07,DO,3.18
LF,2023-10-08,DO,3.74
LF,2023-10-09,DO,4.18
LF,2023-10-10,DO,3.67
LF,2023-10-11,DO,2.95
LF,2023-10-12,DO,2.01
LF,2023-10-13,DO,2.31
LF,2023-10-14,DO,2.73
LF,2023-10-15,DO,3.14
LF,2023-10-16,DO,3.74
LF,2023-10-17,DO,3.98
LF,2023-10-18,DO,3.77
LF,2023-10-19,DO,3.52
LF,2023-10-20,DO,3.02
LF,2023-10-21,DO,3.01
LF,2023-10-22,DO,3.4
LF,2023-10-23,DO,3.31
LF,2023-10-24,DO,3.5
LF,2023-10-25,DO,3.32
LF,2023-10-26,DO,3.05
LF,2023-10-27,DO,3.06
LF,2023-10-28,DO,3.02
LF,2023-10-29,DO,3
LF,2023-10-30,DO,2.95
LF,2023-10-31,DO,2.87
LF,2023-11-01,DO,3.3
LF,2023-11-02,DO,3.63
LF,2023-11-03,DO,2.25
LF,2023-11-04,DO,3.73
LF,2023-11-05,DO,4.33
LF,2023-11-06,DO,4.22
LF,2023-11-07,DO,4.02
LF,2023-11-08,DO,4.01
LF,2023-11-09,DO,3.39
LF,2023-11-10,DO,3.08
LF,2023-11-11,DO,3.02
LF,2023-11-12,DO,3.3
LF,2023-11-13,DO,3.89
LF,2023-11-14,DO,2.1
LF,2023-11-15,DO,2.68
LF,2023-11-16,DO,2.94
LF,2023-11-17,DO,3.1
LF,2023-11-18,DO,3.07
LF,2023-11-19,DO,4.06
LF,2023-11-20,DO,3.9
LF,2023-11-21,DO,3.55
LF,2023-11-22,DO,2.81
LF,2023-11-23,DO,4.44
LF,2023-11-24,DO,4.12
LF,2023-11-25,DO,4.25
LF,2023-11-26,DO,3.25
LF,2023-11-27,DO,3.24
LF,2023-11-28,DO,4.81
LF,2023-11-29,DO,5.27
LF,2023-11-30,DO,4.73
LF,2023-12-01,DO,3.35
LF,2023-12-02,DO,3.25
LF,2023-12-03,DO,2.57
LF,2023-12-04,DO,3.32
LF,2023-12-05,DO,4.28
LF,2023-12-06,DO,4.45
LF,2023-12-07,DO,4.37
LF,2023-12-08,DO,3.43
LF,2023-12-09,DO,2.41
LF,2023-12-10,DO,2.07
LF,2023-12-11,DO,2.11
LF,2023-12-12,DO,4.02
LF,2023-12-13,DO,4.13
LF,2023-12-14,DO,4
LF,2023-12-15,DO,3.07
LF,2023-12-16,DO,2.68
LF,2023-12-17,DO,2.63
LF,2023-12-18,DO,2.71
LF,2023-12-19,DO,3.22
LF,2023-12-20,DO,3.08
LF,2023-12-21,DO,2.85
LF,2023-12-22,DO,2.62
LF,2023-12-23,DO,2.67
LF,2023-12-24,DO,2.4
LF,2023-12-25,DO,2.18
LF,2023-12-26,DO,2.01
LF,2023-12-27,DO,2.35
LF,2023-12-28,DO,2.92
LF,2023-12-29,DO,3
LF,2023-12-30,DO,3.63
LF,2023-12-31,DO,3.5
LF,2024-01-01,DO,3.07
LF,2024-01-02,DO,3.09
LF,2024-01-03,DO,3.18
LF,2024-01-04,DO,3.09
LF,2024-01-05,DO,2.98
LF,2024-01-06,DO,2.58
LF,2024-01-07,DO,2.83
LF,2024-01-08,DO,3.18
LF,2024-01-09,DO,2.58
LF,2024-01-10,DO,3.14
LF,2024-01-11,DO,3.47
LF,2024-01-12,DO,2.08
LF,2024-01-13,DO,2.02
LF,2024-01-14,DO,3.64
LF,2024-01-15,DO,2.94
LF,2024-01-16,DO,2.67
LF,2024-01-17,DO,3.73
LF,2024-01-18,DO,3.98
LF,2024-01-19,DO,3.59
LF,2024-01-20,DO,3.71
LF,2024-01-21,DO,4.41
LF,2024-01-22,DO,3.4
LF,2024-01-23,DO,2.89
LF,2024-01-24,DO,2.39
LF,2024-01-25,DO,2.2
LF,2024-01-26,DO,2.08
LF,2024-01-27,DO,2.19
LF,2024-01-28,DO,2.2
LF,2024-01-29,DO,3.15
LF,2024-01-30,DO,3.23
LF,2024-01-31,DO,3.18
LF,2024-02-01,DO,3.1
LF,2024-02-02,DO,2.94
LF,2024-02-03,DO,2.84
LF,2024-02-04,DO,2.5
LF,2024-02-05,DO,2.72
LF,2024-02-06,DO,3.15
LF,2024-02-07,DO,3.14
LF,2024-02-08,DO,2.83
LF,2024-02-09,DO,2.79
LF,2024-02-10,DO,2.68
LF,2024-02-11,DO,2.25
LF,2024-02-12,DO,2.15
LF,2024-02-13,DO,2.36
LF,2024-02-14,DO,3.13
LF,2024-02-15,DO,2.86
LF,2024-02-16,DO,2.74
LF,2024-02-17,DO,2.25
LF,2024-02-18,DO,2.54
LF,2024-02-19,DO,3.35
LF,2024-02-20,DO,3.31
LF,2024-02-21,DO,3.2
LF,2024-02-22,DO,2.97
LF,2024-02-23,DO,2.35
LF,2024-02-24,DO,2.44
LF,2024-02-25,DO,2.63
LF,2024-02-26,DO,2.76
LF,2024-02-27,DO,2.62
LF,2024-02-28,DO,2.26
LF,2024-02-29,DO,1.96
LF,2024-03-01,DO,2.25
LF,2024-03-02,DO,2.04
LF,2024-03-03,DO,2.1
LF,2024-03-04,DO,2.24
LF,2024-03-05,DO,1.91
LF,2024-03-06,DO,1.92
LF,2024-03-07,DO,2.24
LF,2024-03-08,DO,2
LF,2024-03-09,DO,1.73
LF,2024-03-10,DO,1.71
LF,2024-03-11,DO,2.84
LF,2024-03-12,DO,2.58
LF,2024-03-13,DO,2.55
LF,2024-03-14,DO,2.26
LF,2024-03-15,DO,1.99
LF,2024-03-16,DO,1.79
LF,2024-03-17,DO,1.71
LF,2024-03-18,DO,1.75
LF,2024-03-19,DO,2.44
LF,2024-03-20,DO,3.24
LF,2024-03-21,DO,2.67
LF,2024-03-22,DO,1.94
LF,2024-03-23,DO,2.13
LF,2024-03-24,DO,2.34
LF,2024-03-25,DO,2.51
LF,2024-03-26,DO,1.96
LF,2024-03-27,DO,1.87
LF,2024-03-28,DO,1.83
LF,2024-03-29,DO,2.75
LF,2024-03-30,DO,2.73
LF,2024-03-31,DO,2.47
LF,2024-04-01,DO,2.28
LF,2024-04-02,DO,1.93
LF,2024-04-03,DO,1.8
LF,2024-04-04,DO,2.66
LF,2024-04-05,DO,2.89
LF,2024-04-06,DO,2.89
LF,2024-04-07,DO,2.86
LF,2024-04-08,DO,2.57
LF,2024-04-09,DO,2.31
LF,2024-04-10,DO,2.1
LF,2024-04-11,DO,1.84
LF,2024-04-12,DO,2.14
LF,2024-04-13,DO,2.64
LF,2024-04-14,DO,2.56
LF,2024-04-15,DO,2.37
LF,2024-04-16,DO,2.4
LF,2024-04-17,DO,2.28
LF,2024-04-18,DO,2.15
LF,2024-04-19,DO,2.3
LF,2024-04-20,DO,2.41
LF,2024-04-21,DO,3.55
LF,2024-04-22,DO,3.91
LF,2024-04-23,DO,3.95
LF,2024-04-24,DO,3.82
LF,2024-04-25,DO,3.76
LF,2024-04-26,DO,3.66
LF,2024-04-27,DO,3.5
LF,2024-04-28,DO,2.25
LF,2024-04-29,DO,2.46
LF,2024-04-30,DO,2.31
LF,2024-05-01,DO,2.05
LF,2024-05-02,DO,1.71
LF,2024-05-03,DO,1.67
LF,2024-05-04,DO,1.7
LF,2024-05-05,DO,1.7
LF,2024-05-06,DO,1.77
LF,2024-05-07,DO,1.67
LF,2024-05-08,DO,1.76
LF,2024-05-09,DO,1.7
LF,2024-05-10,DO,1.52
LF,2024-05-11,DO,1.58
LF,2024-05-12,DO,1.93
LF,2024-05-13,DO,2.02
LF,2024-05-14,DO,1.79
LF,2024-05-15,DO,1.73
LF,2024-05-16,DO,1.91
LF,2024-05-17,DO,1.86
LF,2024-05-18,DO,1.77
LF,2024-05-19,DO,1.76
LF,2024-05-20,DO,1.79
LF,2024-05-21,DO,1.86
LF,2024-05-22,DO,1.79
LF,2024-05-23,DO,1.7
LF,2024-05-24,DO,1.7
LF,2024-05-25,DO,1.63
LF,2024-05-26,DO,3.9
LF,2024-05-27,DO,3.61
LF,2024-05-28,DO,3.94
LF,2024-05-29,DO,3.7
LF,2024-05-30,DO,3.52
LF,2024-05-31,DO,3.3
LF,2024-06-01,DO,3.41
LF,2024-06-02,DO,2.58
LF,2024-06-03,DO,2.79
LF,2024-06-04,DO,2.85
LF,2024-06-05,DO,2.49
LF,2024-06-06,DO,2.71
LF,2024-06-07,DO,2.33
LF,2024-06-08,DO,1.5
LF,2024-06-09,DO,1.43
LF,2024-06-10,DO,1.6
LF,2024-06-11,DO,0.8
LF,2024-06-12,DO,1.06
LF,2024-06-13,DO,1.17
LF,2024-06-14,DO,1.38
LF,2024-06-15,DO,1.47
LF,2024-06-16,DO,1.54
LF,2024-06-17,DO,1.36
LF,2024-06-18,DO,1.65
LF,2024-06-19,DO,1.78
LF,2024-06-20,DO,1.98
LF,2024-06-21,DO,2.08
LF,2024-06-22,DO,2.11
LF,2024-06-23,DO,2.21
LF,2024-06-24,DO,2.26
LF,2024-06-25,DO,2.3
OS,2022-07-23,DO,8.57
OS,2022-07-25,DO,4.38
OS,2022-07-26,DO,4.82
OS,2022-07-27,DO,4.5
OS,2022-07-28,DO,4.92
OS,2022-07-29,DO,4.99
OS,2022-07-30,DO,4.95
OS,2022-07-31,DO,4.99
OS,2022-08-01,DO,4.71
OS,2022-08-02,DO,4.63
OS,2022-08-03,DO,4.01
OS,2022-08-04,DO,3.39
OS,2022-08-05,DO,2.35
OS,2022-08-06,DO,2.03
OS,2022-08-07,DO,1.87
OS,2022-08-08,DO,1.78
OS,2022-08-09,DO,1.65
OS,2022-08-10,DO,1.92
OS,2022-08-11,DO,2.06
OS,2022-08-12,DO,2.13
OS,2022-08-13,DO,2.25
OS,2022-08-14,DO,1.9
OS,2022-08-15,DO,2.21
OS,2022-08-16,DO,2.24
OS,2022-08-17,DO,2.05
OS,2022-08-18,DO,2.04
OS,2022-08-19,DO,1.9
OS,2022-08-20,DO,1.95
OS,2022-08-21,DO,2.25
OS,2022-08-22,DO,2.04
OS,2022-08-23,DO,1.88
OS,2022-08-24,DO,1.84
OS,2022-08-25,DO,1.85
OS,2022-08-26,DO,1.75
OS,2022-08-27,DO,1.7
OS,2022-08-28,DO,1.52
OS,2022-08-29,DO,1.82
OS,2022-08-30,DO,2.63
OS,2022-08-31,DO,3.34
OS,2022-09-01,DO,3.3
OS,2022-09-02,DO,2.39
OS,2022-09-03,DO,2.29
OS,2022-09-04,DO,1.76
OS,2022-09-05,DO,1.44
OS,2022-09-06,DO,1.62
OS,2022-09-07,DO,1.86
OS,2022-09-08,DO,1.31
OS,2022-09-09,DO,0.98
OS,2022-09-10,DO,1.03
OS,2022-09-11,DO,0.85
OS,2022-09-12,DO,0.81
OS,2022-09-13,DO,0.61
OS,2022-09-14,DO,0.4
OS,2022-09-15,DO,0.61
OS,2022-09-16,DO,1.16
OS,2022-09-17,DO,1.04
OS,2022-09-18,DO,1.25
OS,2022-09-19,DO,0.92
OS,2022-09-20,DO,1.16
OS,2022-09-21,DO,1.24
OS,2022-09-22,DO,1.66
OS,2022-09-23,DO,1.7
OS,2022-09-24,DO,1.9
OS,2022-09-25,DO,2.26
OS,2022-09-26,DO,2.38
OS,2022-09-27,DO,1.64
OS,2022-09-28,DO,2.65
OS,2022-09-29,DO,4.46
OS,2022-10-03,DO,4.07
OS,2022-10-04,DO,4.17
OS,2022-10-05,DO,3.87
OS,2022-10-06,DO,3.62
OS,2022-10-07,DO,3.8
OS,2022-10-08,DO,3.63
OS,2022-10-09,DO,3.5
OS,2022-10-10,DO,3.32
OS,2022-10-11,DO,2.68
OS,2022-10-12,DO,2.4
OS,2022-10-13,DO,2.23
OS,2022-10-14,DO,2.4
OS,2022-10-15,DO,2.65
OS,2022-10-16,DO,2.76
OS,2022-10-17,DO,2.94
OS,2022-10-18,DO,2.43
OS,2022-10-19,DO,4.35
OS,2022-10-20,DO,4.6
OS,2022-10-21,DO,4.68
OS,2022-10-22,DO,4.66
OS,2022-10-23,DO,3.95
OS,2022-10-24,DO,3.56
OS,2022-10-25,DO,3.3
OS,2022-10-26,DO,2.99
OS,2022-10-27,DO,3
OS,2022-10-28,DO,2.45
OS,2022-10-29,DO,2.68
OS,2022-10-30,DO,3.13
OS,2022-10-31,DO,3.11
OS,2022-11-01,DO,3.1
OS,2022-11-02,DO,3.38
OS,2022-11-03,DO,3.17
OS,2022-11-04,DO,3.72
OS,2022-11-05,DO,3.46
OS,2022-12-12,DO,4.42
OS,2022-12-13,DO,4.3
OS,2022-12-14,DO,3.65
OS,2022-12-15,DO,2.63
OS,2022-12-16,DO,3.87
OS,2022-12-17,DO,4.59
OS,2022-12-18,DO,4.52
OS,2022-12-19,DO,5.33
OS,2022-12-20,DO,4.95
OS,2023-01-05,DO,3.25
OS,2023-01-06,DO,4.88
OS,2023-01-07,DO,5.55
OS,2023-01-08,DO,4.82
OS,2023-01-09,DO,4.46
OS,2023-01-10,DO,5.11
OS,2023-01-11,DO,4.43
OS,2023-01-12,DO,4.18
OS,2023-01-13,DO,3.44
OS,2023-01-14,DO,5.64
OS,2023-01-15,DO,5.52
OS,2023-01-16,DO,5.04
OS,2023-01-17,DO,4.09
OS,2023-01-18,DO,3.49
OS,2023-01-19,DO,3.57
OS,2023-01-20,DO,2.74
OS,2023-01-21,DO,3.78
OS,2023-01-22,DO,3.91
OS,2023-01-23,DO,3.37
OS,2023-01-24,DO,4.55
OS,2023-01-25,DO,4.18
OS,2023-01-26,DO,3.44
OS,2023-01-27,DO,3.23
OS,2023-01-28,DO,4.35
OS,2023-01-29,DO,4.18
OS,2023-01-30,DO,2.83
OS,2023-01-31,DO,2.76
OS,2023-02-01,DO,2.88
OS,2023-02-02,DO,3.17
OS,2023-02-03,DO,4.31
OS,2023-02-04,DO,4.04
OS,2023-02-05,DO,3.77
OS,2023-02-06,DO,5.99
OS,2023-02-07,DO,6.37
OS,2023-02-08,DO,6.88
OS,2023-02-09,DO,5.92
OS,2023-02-10,DO,4.71
OS,2023-02-11,DO,5.07
OS,2023-02-12,DO,5.79
OS,2023-02-13,DO,4.72
OS,2023-02-14,DO,6.34
OS,2023-02-15,DO,4.24
OS,2023-02-16,DO,4.65
OS,2023-02-17,DO,6.78
OS,2023-02-18,DO,5.15
OS,2023-02-19,DO,6.78
OS,2023-02-20,DO,6.22
OS,2023-02-21,DO,3.3
OS,2023-02-22,DO,1.05
OS,2023-02-23,DO,0.07
OS,2023-02-24,DO,0
OS,2023-02-25,DO,0.02
OS,2023-02-26,DO,0.02
OS,2023-02-27,DO,0.08
OS,2023-02-28,DO,0.07
OS,2023-03-01,DO,0.13
OS,2023-03-02,DO,0.13
OS,2023-03-03,DO,0.12
OS,2023-03-04,DO,0.12
OS,2023-03-05,DO,0.13
OS,2023-03-06,DO,0.08
OS,2023-03-07,DO,0.04
OS,2023-03-08,DO,0.03
OS,2023-03-25,DO,5.91
OS,2023-03-26,DO,4.74
OS,2023-03-27,DO,3.94
OS,2023-03-28,DO,2.97
OS,2023-03-29,DO,2.35
OS,2023-03-30,DO,3.52
OS,2023-03-31,DO,3.16
OS,2023-04-01,DO,4.58
OS,2023-04-02,DO,3.8
OS,2023-04-03,DO,4.01
OS,2023-04-04,DO,3.56
OS,2023-04-05,DO,3.55
OS,2023-04-06,DO,3.63
OS,2023-04-07,DO,3.02
OS,2023-04-08,DO,2.2
OS,2023-04-09,DO,1.53
OS,2023-04-10,DO,3.18
OS,2023-04-11,DO,2.9
OS,2023-04-12,DO,2.57
OS,2023-04-13,DO,2.04
OS,2023-04-14,DO,2.16
OS,2023-04-15,DO,2.33
OS,2023-04-16,DO,2.04
OS,2023-04-17,DO,2.59
OS,2023-04-18,DO,2.88
OS,2023-04-19,DO,2.7
OS,2023-04-20,DO,2.86
OS,2023-04-21,DO,2.76
OS,2023-04-22,DO,2.52
OS,2023-04-23,DO,2.91
OS,2023-04-24,DO,2.51
OS,2023-04-25,DO,2.89
OS,2023-04-26,DO,2.77
OS,2023-04-27,DO,2.19
OS,2023-04-28,DO,2.02
OS,2023-04-29,DO,2.08
OS,2023-04-30,DO,5.45
OS,2023-05-01,DO,2.76
OS,2023-05-02,DO,2.61
OS,2023-05-03,DO,3.08
OS,2023-05-04,DO,3.55
OS,2023-05-05,DO,3.56
OS,2023-05-06,DO,2.98
OS,2023-05-07,DO,3.37
OS,2023-05-08,DO,3.3
OS,2023-05-09,DO,2.85
OS,2023-05-10,DO,2.98
OS,2023-05-11,DO,2.14
OS,2023-05-12,DO,2.69
OS,2023-05-13,DO,2.51
OS,2023-05-14,DO,2.41
OS,2023-05-15,DO,2.57
OS,2023-05-16,DO,2.34
OS,2023-05-17,DO,2.68
OS,2023-05-18,DO,2.78
OS,2023-05-19,DO,3.18
OS,2023-05-20,DO,2.94
OS,2023-05-21,DO,2.8
OS,2023-05-22,DO,2.95
OS,2023-05-23,DO,3.36
OS,2023-05-24,DO,2.59
OS,2023-05-25,DO,3.61
OS,2023-05-26,DO,2.56
OS,2023-05-27,DO,3.24
OS,2023-05-28,DO,2.96
OS,2023-05-29,DO,3.3
OS,2023-05-30,DO,2.43
OS,2023-05-31,DO,2.52
OS,2023-06-01,DO,2.83
OS,2023-06-02,DO,2.76
OS,2023-06-03,DO,3.44
OS,2023-06-04,DO,2.49
OS,2023-06-05,DO,3.44
OS,2023-06-06,DO,3.51
OS,2023-06-07,DO,3.1
OS,2023-06-08,DO,3.32
OS,2023-06-09,DO,2.5
OS,2023-06-10,DO,2.68
OS,2023-06-11,DO,2.42
OS,2023-06-12,DO,2.07
OS,2023-06-26,DO,3.18
OS,2023-06-27,DO,2.63
OS,2023-06-28,DO,2.78
OS,2023-06-29,DO,2.27
OS,2023-06-30,DO,2.45
OS,2023-07-01,DO,2.25
OS,2023-07-02,DO,1.89
OS,2023-07-03,DO,1.15
OS,2023-07-04,DO,1.13
OS,2023-07-05,DO,0.43
OS,2023-07-06,DO,0.39
OS,2023-07-07,DO,0.81
OS,2023-07-08,DO,1.55
OS,2023-07-09,DO,2.53
OS,2023-07-10,DO,0.59
OS,2023-07-11,DO,1.56
OS,2023-07-12,DO,2.72
OS,2023-07-13,DO,1.24
OS,2023-07-14,DO,0.28
OS,2023-07-15,DO,0.73
OS,2023-07-16,DO,0.2
OS,2023-07-17,DO,0.21
OS,2023-07-18,DO,0.26
OS,2023-07-19,DO,0.26
OS,2023-07-20,DO,0.65
OS,2023-07-21,DO,0.65
OS,2023-07-22,DO,0.89
OS,2023-07-24,DO,4.75
OS,2023-07-25,DO,1.98
OS,2023-07-26,DO,2.14
OS,2023-07-27,DO,1.87
OS,2023-07-28,DO,1.79
OS,2023-07-29,DO,1.56
OS,2023-07-30,DO,1.23
OS,2023-07-31,DO,1.95
OS,2023-08-01,DO,2.08
OS,2023-08-02,DO,1.96
OS,2023-08-03,DO,1.94
OS,2023-08-04,DO,1.79
OS,2023-08-05,DO,1.58
OS,2023-08-06,DO,1.79
OS,2023-08-07,DO,2.31
OS,2023-08-08,DO,2
OS,2023-08-09,DO,2.05
OS,2023-08-10,DO,2.02
OS,2023-08-11,DO,1.96
OS,2023-08-12,DO,1.91
OS,2023-08-13,DO,1.74
OS,2023-08-14,DO,1.59
OS,2023-08-15,DO,1.57
OS,2023-08-16,DO,2.88
OS,2023-08-17,DO,1.78
OS,2023-08-18,DO,1.19
OS,2023-08-19,DO,1.26
OS,2023-08-20,DO,1.4
OS,2023-08-21,DO,0.86
OS,2023-08-22,DO,1.71
OS,2023-08-23,DO,1.24
OS,2023-08-24,DO,1.86
OS,2023-08-25,DO,1.67
OS,2023-08-26,DO,1.97
OS,2023-08-27,DO,1.79
OS,2023-08-28,DO,1.83
OS,2023-08-29,DO,0.07
OS,2023-08-30,DO,0.1
OS,2023-08-31,DO,0.05
OS,2023-09-01,DO,0.12
OS,2023-09-02,DO,0.03
OS,2023-09-03,DO,0.01
OS,2023-09-04,DO,0.12
OS,2023-09-05,DO,0.12
OS,2023-09-06,DO,0.12
OS,2023-09-07,DO,0.12
OS,2023-09-08,DO,0.12
OS,2023-09-09,DO,0.12
OS,2023-09-10,DO,0.01
OS,2023-09-11,DO,0.12
OS,2023-09-12,DO,0.12
OS,2023-09-13,DO,0.12
OS,2023-09-14,DO,0.12
OS,2023-09-15,DO,0.12
OS,2023-09-27,DO,2.5
OS,2023-09-28,DO,2.14
OS,2023-09-29,DO,1.31
OS,2023-09-30,DO,0.76
OS,2023-10-01,DO,1.34
OS,2023-10-02,DO,0.5
OS,2023-10-03,DO,0.31
OS,2023-10-04,DO,0.07
OS,2023-10-05,DO,0.24
OS,2023-10-06,DO,0.02
OS,2023-10-07,DO,0.01
OS,2023-10-08,DO,0.07
OS,2023-10-09,DO,0
OS,2023-10-10,DO,0.11
OS,2023-10-11,DO,0.12
OS,2023-10-12,DO,0.7
OS,2023-10-13,DO,1.96
OS,2023-10-14,DO,0.03
OS,2023-10-15,DO,0.07
OS,2023-10-16,DO,0.1
OS,2023-10-17,DO,0.63
OS,2023-10-18,DO,0.43
OS,2023-10-19,DO,0.09
OS,2023-10-20,DO,0.14
OS,2023-10-21,DO,0.14
OS,2023-10-22,DO,0.05
OS,2023-10-23,DO,0.03
OS,2023-10-24,DO,0.02
OS,2023-10-25,DO,0.14
OS,2023-10-26,DO,1.98
OS,2023-10-27,DO,2.06
OS,2023-10-28,DO,1.74
OS,2023-10-29,DO,0.55
OS,2023-10-30,DO,0.17
OS,2023-10-31,DO,1.55
OS,2023-11-01,DO,2.12
OS,2023-11-02,DO,0.05
OS,2023-11-03,DO,0.08
OS,2023-11-04,DO,0.12
OS,2023-11-05,DO,0.14
OS,2023-11-06,DO,1.48
OS,2023-11-07,DO,0.01
OS,2023-11-08,DO,0.04
OS,2023-11-09,DO,0.12
OS,2023-11-10,DO,1.49
OS,2023-11-11,DO,0.84
OS,2023-11-12,DO,0.98
OS,2023-11-13,DO,0.63
OS,2023-11-14,DO,2.98
OS,2023-11-15,DO,1.5
OS,2023-11-16,DO,1.74
OS,2023-11-17,DO,0.94
OS,2023-11-18,DO,1.17
OS,2023-11-19,DO,2.7
OS,2023-11-20,DO,0.27
OS,2023-11-21,DO,0.75
OS,2023-11-22,DO,0.76
OS,2023-11-23,DO,0.4
OS,2023-11-24,DO,2.14
OS,2023-11-25,DO,0.84
OS,2023-11-26,DO,1.02
OS,2023-11-27,DO,0.58
OS,2023-11-28,DO,0.27
OS,2023-11-29,DO,1.72
OS,2023-11-30,DO,0.39
OS,2023-12-01,DO,1.45
OS,2023-12-07,DO,5.47
OS,2023-12-08,DO,4.15
OS,2023-12-09,DO,4.66
OS,2023-12-18,DO,5.79
OS,2023-12-19,DO,5.26
OS,2023-12-20,DO,4.36
OS,2023-12-21,DO,6.3
OS,2023-12-22,DO,7.56
OS,2023-12-23,DO,7.67
OS,2023-12-24,DO,8
OS,2023-12-25,DO,7.06
OS,2023-12-26,DO,6.24
OS,2023-12-27,DO,5.02
OS,2023-12-28,DO,3.91
OS,2023-12-29,DO,3.91
OS,2023-12-30,DO,2.5
OS,2023-12-31,DO,2.24
OS,2024-01-01,DO,1.45
OS,2024-01-02,DO,1.08
OS,2024-01-03,DO,1.64
OS,2024-01-04,DO,1.6
OS,2024-01-05,DO,2.15
OS,2024-01-06,DO,1.38
OS,2024-01-07,DO,0.24
OS,2024-01-08,DO,0.11
OS,2024-01-09,DO,2.17
OS,2024-01-10,DO,1.57
OS,2024-01-11,DO,2.82
OS,2024-01-12,DO,2.34
OS,2024-01-13,DO,1.63
OS,2024-01-14,DO,1.79
OS,2024-01-15,DO,2.98
OS,2024-01-16,DO,1.79
OS,2024-01-17,DO,2.25
OS,2024-01-18,DO,2.72
OS,2024-01-19,DO,2.32
OS,2024-01-20,DO,1.85
OS,2024-01-21,DO,3.04
OS,2024-01-22,DO,2.95
OS,2024-01-23,DO,2.98
OS,2024-01-24,DO,2.54
OS,2024-01-25,DO,1.98
OS,2024-01-26,DO,1.46
OS,2024-01-27,DO,1.48
OS,2024-01-28,DO,1.75
OS,2024-01-29,DO,2.27
OS,2024-01-30,DO,1.79
OS,2024-01-31,DO,1.71
OS,2024-02-01,DO,1.59
OS,2024-02-02,DO,1.92
OS,2024-02-03,DO,2.36
OS,2024-02-04,DO,1.52
OS,2024-02-05,DO,0.87
OS,2024-02-06,DO,2.36
OS,2024-02-07,DO,3.22
OS,2024-02-08,DO,3.41
OS,2024-02-09,DO,2.54
OS,2024-02-10,DO,2.6
OS,2024-02-11,DO,3.05
OS,2024-02-12,DO,2.7
OS,2024-02-13,DO,2.83
OS,2024-02-14,DO,5.54
OS,2024-02-15,DO,5.64
OS,2024-02-16,DO,5.26
OS,2024-02-17,DO,4.41
OS,2024-02-18,DO,5.49
OS,2024-02-19,DO,5.44
OS,2024-02-20,DO,5.29
OS,2024-02-21,DO,6.42
OS,2024-02-22,DO,6.99
OS,2024-02-23,DO,6.48
OS,2024-02-24,DO,5.3
OS,2024-02-25,DO,5.23
OS,2024-02-26,DO,6.23
OS,2024-02-27,DO,6.25
OS,2024-02-28,DO,6.46
OS,2024-02-29,DO,5.25
OS,2024-03-01,DO,6.06
OS,2024-03-02,DO,4.56
OS,2024-03-03,DO,3.03
OS,2024-03-04,DO,3.76
OS,2024-03-05,DO,3.1
OS,2024-03-06,DO,2.83
OS,2024-03-07,DO,3.51
OS,2024-03-08,DO,3.26
OS,2024-03-09,DO,2.39
OS,2024-03-10,DO,2.53
OS,2024-03-11,DO,3.32
OS,2024-03-12,DO,3.17
OS,2024-03-13,DO,3.76
OS,2024-03-14,DO,3.29
OS,2024-03-15,DO,1.61
OS,2024-03-16,DO,0.8
OS,2024-03-17,DO,0.59
OS,2024-03-18,DO,0.46
OS,2024-03-19,DO,1.14
OS,2024-03-20,DO,2.52
OS,2024-03-21,DO,2.3
OS,2024-03-22,DO,1
OS,2024-03-23,DO,0.25
OS,2024-03-24,DO,0.05
OS,2024-03-25,DO,0.09
OS,2024-03-26,DO,0.51
OS,2024-03-27,DO,0.32
OS,2024-03-28,DO,0
OS,2024-03-29,DO,0
OS,2024-03-30,DO,1.56
OS,2024-03-31,DO,0.76
OS,2024-04-01,DO,0.26
OS,2024-04-02,DO,0.08
OS,2024-04-03,DO,0
OS,2024-04-04,DO,0.24
OS,2024-04-05,DO,0.74
OS,2024-04-06,DO,1.29
OS,2024-04-07,DO,1.23
OS,2024-04-08,DO,1.79
OS,2024-04-09,DO,1.37
OS,2024-04-10,DO,0.09
OS,2024-04-11,DO,0.01
OS,2024-04-12,DO,0
OS,2024-04-13,DO,2.68
OS,2024-04-14,DO,2.81
OS,2024-04-15,DO,2.83
OS,2024-04-16,DO,3.17
OS,2024-04-17,DO,2.98
OS,2024-04-18,DO,2.05
OS,2024-04-19,DO,2.74
OS,2024-04-20,DO,2.05
OS,2024-04-21,DO,2.63
OS,2024-04-22,DO,2.7
OS,2024-04-23,DO,2.61
OS,2024-04-24,DO,2.39
OS,2024-04-25,DO,2.22
OS,2024-04-26,DO,2.16
OS,2024-04-27,DO,2.22
OS,2024-04-28,DO,2.39
OS,2024-04-29,DO,2.6
OS,2024-04-30,DO,2.73
OS,2024-05-01,DO,2.8
OS,2024-05-02,DO,2.48
OS,2024-05-03,DO,2.36
OS,2024-05-04,DO,1.91
OS,2024-05-05,DO,1.97
OS,2024-05-06,DO,1.85
OS,2024-05-07,DO,1.71
OS,2024-05-08,DO,1
OS,2024-05-09,DO,0
OS,2024-05-10,DO,0.01
OS,2024-05-11,DO,0.01
OS,2024-05-12,DO,0.01
OS,2024-05-13,DO,0.01
OS,2024-05-14,DO,0.01
OS,2024-05-15,DO,0.01
OS,2024-05-16,DO,0.01
OS,2024-05-17,DO,0.01
OS,2024-05-18,DO,0.01
OS,2024-05-19,DO,0.01
OS,2024-05-20,DO,0.01
OS,2024-05-21,DO,0.01
OS,2024-05-22,DO,0.01
OS,2024-05-23,DO,0.01
OS,2024-05-24,DO,0.01
OS,2024-05-25,DO,0
OS,2024-05-26,DO,0
OS,2024-05-27,DO,1.73
OS,2024-05-28,DO,1.75
OS,2024-05-29,DO,1.87
OS,2024-05-30,DO,1.93
OS,2024-05-31,DO,2.03
OS,2024-06-01,DO,2.19
OS,2024-06-02,DO,2.3
OS,2024-06-03,DO,2.29
OS,2024-06-04,DO,2.32
OS,2024-06-05,DO,1.73
OS,2024-06-06,DO,0.58
OS,2024-06-07,DO,0.36
OS,2024-06-08,DO,0
OS,2024-06-09,DO,0
OS,2024-06-10,DO,0
OS,2024-06-11,DO,0.01
OS,2024-06-12,DO,0.01
OS,2024-06-13,DO,0.01
OS,2024-06-14,DO,0.01
OS,2024-06-15,DO,0.01
OS,2024-06-16,DO,0.01
OS,2024-06-17,DO,0.01
OS,2024-06-18,DO,0.01
OS,2024-06-19,DO,0
OS,2024-06-20,DO,0
OS,2024-06-21,DO,0.05
OS,2024-06-22,DO,0.2
OS,2024-06-23,DO,0.25
OS,2024-06-24,DO,0.5
OS,2024-06-25,DO,0.62
AM,2022-07-01,CO2,4768.011019875924
AM,2022-07-02,CO2,4768.352822539219
AM,2022-07-03,CO2,4768.011019875924
AM,2022-07-26,CO2,4767.001417789545
AM,2022-07-27,CO2,4766.98561188604
AM,2022-07-28,CO2,4766.999442051607
AM,2022-07-29,CO2,4767.195040107481
AM,2022-07-30,CO2,4766.187413759039
AM,2022-07-31,CO2,4767.001417789545
AM,2022-08-01,CO2,7974
AM,2022-08-02,CO2,7911
AM,2022-08-03,CO2,7743
AM,2022-08-04,CO2,7561
AM,2022-08-05,CO2,7439
AM,2022-08-06,CO2,7348
AM,2022-08-07,CO2,7265
AM,2022-08-08,CO2,7110
AM,2022-08-09,CO2,7430
AM,2022-08-10,CO2,7232
AM,2022-08-11,CO2,7242
AM,2022-08-12,CO2,7457
AM,2022-08-13,CO2,7457
AM,2022-08-14,CO2,7159
AM,2022-08-15,CO2,7218
AM,2022-08-16,CO2,7397
AM,2022-08-17,CO2,7340
AM,2022-08-18,CO2,7220
AM,2022-08-19,CO2,7120
AM,2022-08-20,CO2,7291
AM,2022-08-21,CO2,7124
AM,2022-08-22,CO2,7153
AM,2022-08-23,CO2,7137
AM,2022-08-24,CO2,7108
AM,2022-08-25,CO2,7321
AM,2022-08-26,CO2,7188
AM,2022-08-27,CO2,7273
AM,2022-08-28,CO2,7454
AM,2022-08-29,CO2,7534
AM,2022-09-12,CO2,11382
AM,2022-09-13,CO2,11424
AM,2022-09-14,CO2,11400
AM,2022-09-15,CO2,11358
AM,2022-09-16,CO2,11532
AM,2022-09-17,CO2,11670
AM,2022-09-18,CO2,11496
AM,2022-09-19,CO2,11232
AM,2022-09-20,CO2,11232
AM,2022-09-21,CO2,10776
AM,2022-09-22,CO2,10494
AM,2022-09-23,CO2,10410
AM,2022-09-24,CO2,9672
AM,2022-09-25,CO2,9306
AM,2022-09-26,CO2,9150
AM,2022-10-10,CO2,4021.5933333333337
AM,2022-10-11,CO2,4021.868333333334
AM,2022-10-12,CO2,4022.008333333333
AM,2022-10-13,CO2,4022.12
AM,2022-10-14,CO2,4022.455
AM,2022-10-15,CO2,4022.14
AM,2022-10-16,CO2,4021.8933333333334
AM,2022-10-17,CO2,4021.776666666666
AM,2022-10-18,CO2,4022.2516666666666
AM,2022-10-19,CO2,4021.6883333333335
AM,2022-10-20,CO2,4023.4483333333337
AM,2022-10-21,CO2,4022.98
AM,2022-10-22,CO2,4022.013333333334
AM,2022-10-23,CO2,4021.9233333333336
AM,2022-10-24,CO2,4022.4683333333337
AM,2022-10-25,CO2,4021.941666666667
AM,2022-10-26,CO2,4022.021666666667
AM,2022-10-27,CO2,3979.7916666666665
AM,2022-10-28,CO2,3979.6883333333335
AM,2022-10-29,CO2,3979.723333333334
AM,2022-10-30,CO2,3979.7833333333338
AM,2022-10-31,CO2,3979.6583333333338
AM,2022-11-01,CO2,3979.785
AM,2022-11-02,CO2,3979.81
AM,2022-11-03,CO2,2135.362
AM,2022-11-04,CO2,1796.951
AM,2022-11-05,CO2,1613.825
AM,2022-11-06,CO2,1414.26
AM,2022-11-07,CO2,1331.014
AM,2022-11-08,CO2,1219.829
AM,2022-11-09,CO2,1141.31
AM,2022-11-10,CO2,1092.147
AM,2022-11-11,CO2,945.0238
AM,2022-11-12,CO2,918.9213
AM,2022-11-13,CO2,853.4061
AM,2022-11-14,CO2,830.5179
AM,2022-11-15,CO2,794.5515
AM,2022-11-16,CO2,801.097
AM,2022-11-17,CO2,5358
AM,2022-11-18,CO2,5328
AM,2022-11-19,CO2,5370
AM,2022-11-20,CO2,5448
AM,2022-11-21,CO2,5082
AM,2022-11-22,CO2,755.3135
AM,2022-11-23,CO2,742.2546
AM,2022-11-24,CO2,709.5629
AM,2022-11-25,CO2,676.869
AM,2022-12-05,CO2,5598
AM,2022-12-06,CO2,5628
AM,2022-12-07,CO2,5538
AM,2022-12-08,CO2,5502
AM,2022-12-09,CO2,5430
AM,2022-12-10,CO2,5472
AM,2022-12-11,CO2,5430
AM,2022-12-12,CO2,5340
AM,2022-12-13,CO2,5250
AM,2022-12-14,CO2,5502
AM,2022-12-15,CO2,5628
AM,2022-12-16,CO2,4944
AM,2022-12-17,CO2,5100
AM,2022-12-18,CO2,5088
AM,2022-12-19,CO2,4663.799999999999
AM,2023-01-03,CO2,5358
AM,2023-01-04,CO2,5340
AM,2023-01-05,CO2,5208
AM,2023-01-06,CO2,4842
AM,2023-01-07,CO2,4780.200000000001
AM,2023-01-08,CO2,5028
AM,2023-01-09,CO2,4992
AM,2023-01-10,CO2,4705.799999999999
AM,2023-01-11,CO2,4944
AM,2023-01-12,CO2,4974
AM,2023-01-13,CO2,5268
AM,2023-01-14,CO2,4436.4
AM,2023-01-15,CO2,4525.799999999999
AM,2023-01-16,CO2,4616.4
AM,2023-01-17,CO2,4992
AM,2023-01-18,CO2,5034
AM,2023-01-19,CO2,5172
AM,2023-01-20,CO2,5106
AM,2023-01-21,CO2,4798.200000000001
AM,2023-01-22,CO2,5160
AM,2023-01-23,CO2,5052
AM,2023-01-24,CO2,5034
AM,2023-01-25,CO2,5280
AM,2023-01-26,CO2,5100
AM,2023-01-27,CO2,4741.799999999999
AM,2023-01-28,CO2,5178
AM,2023-01-29,CO2,5640
AM,2023-01-30,CO2,6018
AM,2023-01-31,CO2,6456
AM,2023-02-01,CO2,6714
AM,2023-02-02,CO2,6594
AM,2023-02-03,CO2,6894
AM,2023-02-04,CO2,5826
AM,2023-02-05,CO2,6684
AM,2023-02-06,CO2,6894
AM,2023-02-07,CO2,6558
AM,2023-02-08,CO2,7122
AM,2023-02-09,CO2,7416
AM,2023-02-10,CO2,8136
AM,2023-02-11,CO2,7464
AM,2023-02-12,CO2,8142
AM,2023-02-13,CO2,7692
AM,2023-02-14,CO2,3683.4
AM,2023-02-15,CO2,3237.473
AM,2023-02-16,CO2,2369.3999999999996
AM,2023-02-17,CO2,2411.3999999999996
AM,2023-02-18,CO2,2477.3999999999996
AM,2023-02-19,CO2,2553
AM,2023-02-20,CO2,2494.2
AM,2023-02-21,CO2,2431.2
AM,2023-02-22,CO2,2790.6000000000004
AM,2023-02-23,CO2,3277.7999999999997
AM,2023-02-24,CO2,3789.6
AM,2023-02-25,CO2,5112
AM,2023-02-26,CO2,8862
AM,2023-02-27,CO2,11160
AM,2023-02-28,CO2,11478
AM,2023-03-01,CO2,11346
AM,2023-03-02,CO2,11106
AM,2023-03-03,CO2,10374
AM,2023-03-04,CO2,10620
AM,2023-03-05,CO2,9780
AM,2023-03-06,CO2,10026
AM,2023-03-07,CO2,11148
AM,2023-03-08,CO2,10788
AM,2023-03-09,CO2,10248
AM,2023-03-10,CO2,8634
AM,2023-03-11,CO2,7152
AM,2023-03-12,CO2,603
AM,2023-03-13,CO2,693.5999999999999
AM,2023-03-15,CO2,6414
AM,2023-03-16,CO2,7620
AM,2023-03-17,CO2,8130
AM,2023-03-18,CO2,8598
AM,2023-03-19,CO2,7788
AM,2023-03-20,CO2,6984
AM,2023-03-21,CO2,6594
AM,2023-03-22,CO2,7620
AM,2023-03-23,CO2,7710
AM,2023-03-24,CO2,7764
AM,2023-03-25,CO2,8460
AM,2023-03-26,CO2,8340
AM,2023-03-27,CO2,8160
AM,2023-03-28,CO2,8070
AM,2023-03-29,CO2,7800
AM,2023-03-30,CO2,7332
AM,2023-03-31,CO2,7602
AM,2023-04-01,CO2,8520
AM,2023-04-02,CO2,8508
AM,2023-04-03,CO2,9606
AM,2023-04-04,CO2,10890
AM,2023-04-05,CO2,10914
AM,2023-04-06,CO2,10644
AM,2023-04-07,CO2,9006
AM,2023-04-08,CO2,9330
AM,2023-04-09,CO2,8574
AM,2023-04-10,CO2,7284
AM,2023-04-11,CO2,7200
AM,2023-04-12,CO2,7272
AM,2023-04-26,CO2,5976
AM,2023-04-27,CO2,6180
AM,2023-04-28,CO2,5958
AM,2023-04-29,CO2,6090
AM,2023-04-30,CO2,6156
AM,2023-05-01,CO2,5868
AM,2023-05-02,CO2,5916
AM,2023-05-03,CO2,5688
AM,2023-05-04,CO2,5580
AM,2023-05-05,CO2,5586
AM,2023-05-06,CO2,5598
AM,2023-05-07,CO2,5592
AM,2023-05-08,CO2,5598
AM,2023-05-09,CO2,5628
AM,2023-05-10,CO2,5610
AM,2023-05-11,CO2,5700
AM,2023-05-12,CO2,5664
AM,2023-05-13,CO2,5766
AM,2023-05-14,CO2,5718
AM,2023-05-15,CO2,5670
AM,2023-05-16,CO2,5586
AM,2023-05-17,CO2,5328
AM,2023-05-18,CO2,4962
AM,2023-05-29,CO2,5790
AM,2023-05-30,CO2,5826
AM,2023-05-31,CO2,5736
AM,2023-06-01,CO2,5682
AM,2023-06-02,CO2,5790
AM,2023-06-03,CO2,5658
AM,2023-06-04,CO2,5652
AM,2023-06-05,CO2,5496
AM,2023-06-06,CO2,5550
AM,2023-06-07,CO2,5496
AM,2023-06-08,CO2,5592
AM,2023-06-09,CO2,5604
AM,2023-06-10,CO2,5628
AM,2023-06-11,CO2,5574
AM,2023-06-12,CO2,5508
AM,2023-06-13,CO2,5568
AM,2023-06-14,CO2,5532
AM,2023-06-15,CO2,5868
AM,2023-06-16,CO2,5778
AM,2023-06-17,CO2,6108
AM,2023-06-18,CO2,6798
AM,2023-06-19,CO2,7500
AM,2023-06-20,CO2,7764
AM,2023-06-21,CO2,8238
AM,2023-06-22,CO2,8238
AM,2023-06-23,CO2,8460
AM,2023-06-24,CO2,8460
AM,2023-06-25,CO2,7710
AM,2023-06-26,CO2,6546
AM,2023-06-27,CO2,6996
AM,2023-06-28,CO2,7266
AM,2023-06-29,CO2,8520
AM,2023-06-30,CO2,8946
AM,2023-07-01,CO2,9546
AM,2023-07-02,CO2,10404
AM,2023-07-03,CO2,13014
AM,2023-07-04,CO2,14076
AM,2023-07-05,CO2,13518
AM,2023-07-06,CO2,12900
AM,2023-07-07,CO2,12264
AM,2023-07-08,CO2,12144
AM,2023-07-09,CO2,11826
AM,2023-07-10,CO2,12606
AM,2023-07-11,CO2,12396
AM,2023-07-12,CO2,7026
AM,2023-07-13,CO2,619.8
AM,2023-07-14,CO2,694.2
AM,2023-07-16,CO2,681.5999999999999
AM,2023-07-17,CO2,784.8000000000001
AM,2023-07-18,CO2,834.5999999999999
AM,2023-07-19,CO2,756
AM,2023-07-20,CO2,7164
AM,2023-07-21,CO2,7350
AM,2023-07-22,CO2,7284
AM,2023-07-23,CO2,7392
AM,2023-07-24,CO2,7752
AM,2023-07-25,CO2,7800
AM,2023-07-26,CO2,7902
AM,2023-07-27,CO2,7818
AM,2023-07-28,CO2,8160
AM,2023-07-29,CO2,8490
AM,2023-07-30,CO2,8940
AM,2023-07-31,CO2,9204
AM,2023-08-01,CO2,9408
AM,2023-08-02,CO2,9546
AM,2023-08-03,CO2,10014
AM,2023-08-04,CO2,11142
AM,2023-08-05,CO2,11934
AM,2023-08-06,CO2,11886
AM,2023-08-07,CO2,9366
AM,2023-08-08,CO2,9018
AM,2023-08-09,CO2,8760
AM,2023-08-10,CO2,9000
AM,2023-08-11,CO2,9048
AM,2023-08-12,CO2,8916
AM,2023-08-13,CO2,9042
AM,2023-08-14,CO2,9240
AM,2023-08-15,CO2,9084
AM,2023-08-16,CO2,9078
AM,2023-08-17,CO2,9072
AM,2023-08-18,CO2,9348
AM,2023-08-19,CO2,9636
AM,2023-08-20,CO2,9378
AM,2023-08-21,CO2,9108
AM,2023-08-22,CO2,8082
AM,2023-08-23,CO2,8082
AM,2023-08-24,CO2,7836
AM,2023-08-25,CO2,7680
AM,2023-08-26,CO2,7542
AM,2023-08-27,CO2,7554
AM,2023-08-28,CO2,7518
AM,2023-08-30,CO2,727.2
AM,2023-08-31,CO2,785.4000000000001
AM,2023-09-01,CO2,652.8
AM,2023-09-02,CO2,6090
AM,2023-09-03,CO2,11694
AM,2023-09-04,CO2,12390
AM,2023-09-05,CO2,12606
AM,2023-09-06,CO2,12834
AM,2023-09-07,CO2,12780
AM,2023-09-08,CO2,12444
AM,2023-09-09,CO2,12282
AM,2023-09-10,CO2,12048
AM,2023-09-11,CO2,12264
AM,2023-09-12,CO2,12408
AM,2023-09-13,CO2,12324
AM,2023-09-14,CO2,12936
AM,2023-09-15,CO2,18054
AM,2023-09-16,CO2,665.4000000000001
AM,2023-09-17,CO2,711
AM,2023-09-18,CO2,653.4000000000001
AM,2023-09-20,CO2,7234.357
AM,2023-09-21,CO2,7923.109
AM,2023-09-22,CO2,7777.506
AM,2023-09-23,CO2,7487.936
AM,2023-09-24,CO2,7741.514
AM,2023-09-25,CO2,9513.294
AM,2023-09-26,CO2,9598.365
AM,2023-09-27,CO2,1653.988
AM,2023-09-28,CO2,8161.964
AM,2023-09-29,CO2,9212.271
AM,2023-09-30,CO2,9426.586
AM,2023-10-01,CO2,8065.441
AM,2023-10-02,CO2,8031.085
AM,2023-10-03,CO2,7802.046
AM,2023-10-04,CO2,8549.694
AM,2023-10-05,CO2,8924.337
AM,2023-10-06,CO2,2172.597
AM,2023-10-07,CO2,618.405
AM,2023-10-14,CO2,7221.269
AM,2023-10-15,CO2,7885.481
AM,2023-10-16,CO2,8211.044
AM,2023-10-17,CO2,7535.379
AM,2023-10-18,CO2,7162.373
AM,2023-10-19,CO2,7150.921
AM,2023-10-20,CO2,8330.472
AM,2023-10-21,CO2,8850.717
AM,2023-10-22,CO2,8608.59
AM,2023-10-23,CO2,9671.985
AM,2023-10-24,CO2,8621.678
AM,2023-10-25,CO2,7211.453
AM,2023-10-26,CO2,7198.365
AM,2023-10-27,CO2,6969.326
AM,2023-10-28,CO2,6550.512
AM,2023-10-29,CO2,4945.604
AM,2023-11-03,CO2,6100.614
AM,2023-11-04,CO2,6051.535
AM,2023-11-05,CO2,5861.759
AM,2023-11-06,CO2,5873.211
AM,2023-11-07,CO2,5850.308
AM,2023-11-08,CO2,5812.68
AM,2023-11-09,CO2,5994.275
AM,2023-11-10,CO2,6004.091
AM,2023-11-11,CO2,5994.275
AM,2023-11-12,CO2,5897.751
AM,2023-11-13,CO2,5788.14
AM,2023-11-14,CO2,5982.823
AM,2023-11-15,CO2,5968.099
AM,2023-11-16,CO2,5981.187
AM,2023-11-17,CO2,8680.574
AM,2023-11-18,CO2,12480.98
AM,2023-11-19,CO2,13902.66
AM,2023-11-20,CO2,13937.02
AM,2023-11-21,CO2,10020.45
AM,2023-11-22,CO2,8186.504
AM,2023-11-23,CO2,8163.6
AM,2023-11-24,CO2,8909.612
AM,2023-11-25,CO2,11029.86
AM,2023-11-26,CO2,12407.36
AM,2023-11-27,CO2,11730.06
AM,2023-11-28,CO2,13155.01
AM,2023-11-29,CO2,15106.75
AM,2023-11-30,CO2,14782.82
AM,2023-12-01,CO2,14179.14
AM,2023-12-02,CO2,15010.23
AM,2023-12-03,CO2,16816.36
AM,2023-12-04,CO2,17084.66
AM,2023-12-05,CO2,11949.29
AM,2023-12-06,CO2,9294.071
AM,2023-12-07,CO2,9488.754
AM,2023-12-08,CO2,9874.848
AM,2023-12-09,CO2,10995.5
AM,2023-12-10,CO2,11345.6
AM,2023-12-11,CO2,11260.53
AM,2023-12-12,CO2,10524.34
AM,2023-12-13,CO2,9321.883
AM,2023-12-14,CO2,10211.86
AM,2023-12-15,CO2,8260.124
AM,2023-12-16,CO2,8731.29
AM,2023-12-17,CO2,8140.696
AM,2023-12-18,CO2,8934.152
AM,2023-12-19,CO2,3703.886
AM,2023-12-20,CO2,4099.796
AM,2023-12-21,CO2,3029.857
AM,2023-12-22,CO2,3137.833
AM,2023-12-23,CO2,3317.792
AM,2023-12-24,CO2,3715.338
AM,2023-12-25,CO2,5151.739
AM,2023-12-26,CO2,7008.59
AM,2023-12-27,CO2,8287.936
AM,2023-12-28,CO2,8731.29
AM,2023-12-29,CO2,9369.326
AM,2023-12-30,CO2,9490.39
AM,2023-12-31,CO2,8260.124
AM,2024-01-01,CO2,5837.22
AM,2024-01-02,CO2,5258.079
AM,2024-01-03,CO2,5127.199
AM,2024-01-04,CO2,5102.659
AM,2024-01-05,CO2,4983.232
AM,2024-01-06,CO2,4971.78
AM,2024-01-07,CO2,5017.587
AM,2024-01-08,CO2,4729.653
AM,2024-01-09,CO2,4813.088
AM,2024-01-10,CO2,4705.113
AM,2024-01-11,CO2,4125.972
AM,2024-01-12,CO2,3944.377
AM,2024-01-13,CO2,3667.894
AM,2024-01-14,CO2,3849.489
AM,2024-01-15,CO2,4271.575
AM,2024-01-16,CO2,4089.98
AM,2024-01-17,CO2,3644.99
AM,2024-01-18,CO2,4958.692
AM,2024-01-19,CO2,4728.017
AM,2024-01-20,CO2,3643.354
AM,2024-01-21,CO2,4922.7
AM,2024-01-22,CO2,5331.698
AM,2024-01-23,CO2,5343.15
AM,2024-01-24,CO2,5598.365
AM,2024-01-25,CO2,6056.442
AM,2024-01-26,CO2,10395.09
AM,2024-01-27,CO2,10223.31
AM,2024-01-28,CO2,9778.324
AM,2024-01-29,CO2,9657.261
AM,2024-01-30,CO2,9694.889
AM,2024-01-31,CO2,9320.247
AM,2024-02-01,CO2,8850.717
AM,2024-02-02,CO2,8620.042
AM,2024-02-03,CO2,8898.161
AM,2024-02-04,CO2,9307.159
AM,2024-02-05,CO2,9189.367
AM,2024-02-06,CO2,8755.829
AM,2024-02-07,CO2,8654.397
AM,2024-02-08,CO2,8269.939
AM,2024-02-09,CO2,8862.169
AM,2024-02-10,CO2,9187.731
AM,2024-02-11,CO2,9032.313
AM,2024-02-12,CO2,9874.848
AM,2024-02-13,CO2,9428.223
AM,2024-02-14,CO2,8065.441
AM,2024-02-15,CO2,8536.606
AM,2024-02-16,CO2,8935.789
AM,2024-02-17,CO2,9294.071
AM,2024-02-18,CO2,9356.238
AM,2024-02-19,CO2,8139.061
AM,2024-02-20,CO2,8017.997
AM,2024-02-21,CO2,8343.56
AM,2024-02-22,CO2,7993.457
AM,2024-02-23,CO2,8536.606
AM,2024-02-24,CO2,8415.543
AM,2024-02-25,CO2,7872.394
AM,2024-02-26,CO2,7836.402
AM,2024-02-27,CO2,8534.971
AM,2024-02-28,CO2,8801.638
AM,2024-02-29,CO2,9729.245
AM,2024-03-01,CO2,8922.7
AM,2024-03-02,CO2,9789.776
AM,2024-03-03,CO2,9865.032
AM,2024-03-04,CO2,9621.27
AM,2024-03-05,CO2,9233.539
AM,2024-03-06,CO2,9498.57
GB,2022-03-30,CO2,3840.362263958122
GB,2022-03-31,CO2,3980.2964050098226
GB,2022-04-01,CO2,4359.547202697946
GB,2022-04-02,CO2,4477.662387727526
GB,2022-04-03,CO2,4634.76663790069
GB,2022-04-04,CO2,4626.807016248993
GB,2022-04-05,CO2,4673.613992755516
GB,2022-04-06,CO2,4708.6603778941035
GB,2022-04-07,CO2,4712.208585508761
GB,2022-04-08,CO2,4583.568686341081
GB,2022-04-09,CO2,4420.037738312875
GB,2022-04-10,CO2,4431.720661541781
GB,2022-04-11,CO2,4484.019593037119
GB,2022-04-12,CO2,4522.416949595194
GB,2022-04-13,CO2,4486.733549456663
GB,2022-04-14,CO2,4490.443565694301
GB,2022-04-15,CO2,4506.595472765054
GB,2022-04-16,CO2,4459.033616451112
GB,2022-04-17,CO2,4465.900093110927
GB,2022-04-18,CO2,4445.029165294605
GB,2022-04-19,CO2,4369.939404090068
GB,2022-04-20,CO2,4304.161303325877
GB,2022-04-21,CO2,4304.552028569158
GB,2022-04-22,CO2,4299.71752756424
GB,2022-04-23,CO2,4324.013007142289
GB,2022-04-24,CO2,4344.830452950595
GB,2022-04-25,CO2,4365.68468893002
GB,2022-04-26,CO2,4346.9731397685855
GB,2022-04-27,CO2,5143.242570997082
GB,2022-04-28,CO2,5761.234667923286
GB,2022-04-29,CO2,5860.954426743276
GB,2022-04-30,CO2,5955.783818002203
GB,2022-05-01,CO2,5983.513387534491
GB,2022-05-02,CO2,6166.920225510124
GB,2022-05-03,CO2,6121.463925193319
GB,2022-05-04,CO2,6079.124569929712
GB,2022-05-05,CO2,6097.720638831799
GB,2022-05-06,CO2,6170.023544574017
GB,2022-05-07,CO2,6177.562123156234
GB,2022-05-08,CO2,6066.534155813188
GB,2022-05-09,CO2,6097.625256906674
GB,2022-05-10,CO2,6063.774892979209
GB,2022-05-11,CO2,6075.884990972782
GB,2022-05-12,CO2,6095.799374339992
GB,2022-05-13,CO2,6122.887841075544
GB,2022-05-14,CO2,6147.3090204049195
GB,2022-05-15,CO2,6229.2489070821075
GB,2022-05-16,CO2,6180.018207728208
GB,2022-05-17,CO2,6154.360469869532
GB,2022-05-18,CO2,6162.811989735088
GB,2022-05-19,CO2,6152.820733078224
GB,2022-05-20,CO2,6158.111023425347
GB,2022-05-21,CO2,6135.474848694744
GB,2022-05-22,CO2,6106.955653082313
GB,2022-05-23,CO2,6086.359970249923
GB,2022-05-24,CO2,5782.089244552443
GB,2022-05-25,CO2,5793.426748952503
GB,2022-05-26,CO2,5793.093934163762
GB,2022-05-27,CO2,5772.862746545245
GB,2022-05-28,CO2,5708.038465032306
GB,2022-05-29,CO2,5789.851289359238
GB,2022-05-30,CO2,5552.846963107634
GB,2022-05-31,CO2,5596.4722711117665
GB,2022-06-01,CO2,5734.6704611261885
GB,2022-06-02,CO2,5644.042984318758
GB,2022-06-03,CO2,5664.432914712662
GB,2022-06-04,CO2,5755.586695356945
GB,2022-06-05,CO2,5783.588784675304
GB,2022-06-06,CO2,5736.025565762431
GB,2022-06-07,CO2,5762.0086241157305
GB,2022-06-08,CO2,5735.820153973679
GB,2022-06-09,CO2,5750.847576277152
GB,2022-06-10,CO2,5709.019536262164
GB,2022-06-11,CO2,5745.460541405975
GB,2022-06-12,CO2,5729.77532446887
GB,2022-06-13,CO2,5764.414973826746
GB,2022-06-14,CO2,5753.589465974769
GB,2022-06-15,CO2,5790.311166498234
GB,2022-06-16,CO2,5779.261170472481
GB,2022-06-17,CO2,5765.964248810566
GB,2022-06-18,CO2,5763.800441709153
GB,2022-06-19,CO2,5735.789495497746
GB,2022-06-20,CO2,5719.505756980481
GB,2022-06-21,CO2,5722.477585247596
GB,2022-06-22,CO2,5754.582119295536
GB,2022-06-23,CO2,5727.954551648178
GB,2022-06-24,CO2,5729.999131343182
GB,2022-06-25,CO2,5783.737307958713
GB,2022-06-26,CO2,5746.4974791919785
GB,2022-06-27,CO2,5747.653985034121
GB,2022-06-28,CO2,5755.037227338276
GB,2022-06-29,CO2,5747.4911544619445
GB,2022-06-30,CO2,5781.676036426812
GB,2022-07-01,CO2,5810.989286565909
GB,2022-07-02,CO2,5788.697168065224
GB,2022-07-03,CO2,5785.574431966571
GB,2022-07-04,CO2,5831.6473082993625
GB,2022-07-05,CO2,5815.461336255352
GB,2022-07-06,CO2,5811.655597442856
GB,2022-07-07,CO2,5825.476097743764
GB,2022-07-08,CO2,5796.822345486959
GB,2022-07-09,CO2,5825.506756219696
GB,2022-07-10,CO2,5817.400655182985
GB,2022-07-11,CO2,5855.6123576368
GB,2022-07-12,CO2,5849.723886359249
GB,2022-07-13,CO2,5872.184626477569
GB,2022-07-14,CO2,5830.394398582897
GB,2022-07-15,CO2,5843.211344771595
GB,2022-07-16,CO2,5831.234100173731
GB,2022-07-17,CO2,5842.626449180738
GB,2022-07-18,CO2,5894.254300702874
GB,2022-07-19,CO2,5931.929820477591
GB,2022-07-21,CO2,5961.506392859982
GB,2022-07-22,CO2,5907.518179340729
GB,2022-07-23,CO2,5915.432835227724
GB,2022-07-24,CO2,5901.400110143414
GB,2022-07-25,CO2,5884.457895693053
GB,2022-07-26,CO2,5886.628175139383
GB,2022-07-27,CO2,5921.166992176411
GB,2022-07-28,CO2,5982.282279400911
GB,2022-07-29,CO2,6047.604250173164
GB,2022-07-30,CO2,5997.780820284556
GB,2022-07-31,CO2,6001.984437984716
GB,2022-08-01,CO2,5976.051114492375
GB,2022-08-02,CO2,5964.46289188913
GB,2022-08-03,CO2,6000.14492942873
GB,2022-08-04,CO2,5964.896538998717
GB,2022-08-05,CO2,5965.645627760683
GB,2022-08-06,CO2,5939.420708097244
GB,2022-08-07,CO2,5944.801951922968
GB,2022-08-08,CO2,5936.714927271283
GB,2022-08-09,CO2,5922.238335585407
GB,2022-08-10,CO2,5971.713621447308
GB,2022-08-11,CO2,5918.845464248811
GB,2022-08-12,CO2,5892.289092395563
GB,2022-08-13,CO2,5945.220269794589
GB,2022-08-14,CO2,5984.1871927055545
GB,2022-08-15,CO2,5922.410704350097
GB,2022-08-16,CO2,5950.043870008063
GB,2022-08-17,CO2,5942.770316917801
GB,2022-08-18,CO2,5887.747550160673
GB,2022-08-19,CO2,5844.629469608366
GB,2022-08-20,CO2,5945.694113572621
GB,2022-08-21,CO2,5888.761323764861
GB,2022-08-22,CO2,5873.5421156619395
GB,2022-08-23,CO2,5900.430280354731
GB,2022-08-24,CO2,5912.139774262778
GB,2022-08-25,CO2,5999.8281251774215
GB,2022-08-26,CO2,6058.075822952979
GB,2022-08-27,CO2,6054.3627408677485
GB,2022-08-28,CO2,6057.871433113426
GB,2022-08-29,CO2,6080.367941453666
GB,2022-08-30,CO2,6206.169887699139
GB,2022-08-31,CO2,6204.691467859698
GB,2022-09-01,CO2,6229.221655103501
GB,2022-09-02,CO2,6280.911845526703
GB,2022-09-03,CO2,6278.04698127562
GB,2022-09-04,CO2,6263.184433442721
GB,2022-09-05,CO2,6228.49947767041
GB,2022-09-06,CO2,6237.983166225715
GB,2022-09-07,CO2,6241.066046305654
GB,2022-09-08,CO2,6492.625654331361
GB,2022-09-09,CO2,6782.355064893774
GB,2022-09-10,CO2,6868.828999511737
GB,2022-09-11,CO2,6858.963783255931
GB,2022-09-12,CO2,7123.430609649471
GB,2022-09-13,CO2,7242.443406724426
GB,2022-09-14,CO2,7388.578735508193
GB,2022-09-15,CO2,7405.641880613624
GB,2022-09-16,CO2,7404.22477772605
GB,2022-09-17,CO2,7302.091174900927
GB,2022-09-18,CO2,7201.84817809168
GB,2022-09-19,CO2,7240.787849024038
GB,2022-09-20,CO2,7252.62542723154
GB,2022-09-21,CO2,7170.143907479533
GB,2022-09-22,CO2,7066.5523237989255
GB,2022-09-23,CO2,7048.933919629373
GB,2022-09-24,CO2,6862.424784539044
GB,2022-09-25,CO2,6778.85318564275
GB,2022-09-26,CO2,6737.167877865717
GB,2022-10-13,CO2,7866.111750144777
GB,2022-10-18,CO2,7937.818518854963
GB,2022-10-19,CO2,7974.377048156517
GB,2022-10-20,CO2,7319.968472867249
GB,2022-10-21,CO2,7489.278202959111
GB,2022-10-22,CO2,7452.889998523851
GB,2022-10-23,CO2,7443.781024674395
GB,2022-10-24,CO2,7278.439863967206
GB,2022-10-25,CO2,7136.388925477193
GB,2022-10-26,CO2,7273.033752711004
GB,2022-10-27,CO2,7096.383020881829
GB,2022-10-28,CO2,7045.707966661746
GB,2022-10-29,CO2,6902.222892797529
GB,2022-10-30,CO2,6765.216976847173
GB,2022-10-31,CO2,6764.443701954195
GB,2022-11-01,CO2,6792.060175775261
GB,2022-11-02,CO2,6819.526763713991
GB,2022-11-03,CO2,6768.9981888789225
GB,2022-11-04,CO2,6623.244387795655
GB,2022-11-05,CO2,6796.703231630463
GB,2022-11-06,CO2,6761.544772729854
GB,2022-11-07,CO2,6650.949430547196
GB,2022-11-08,CO2,6174.1556258303335
GB,2022-11-09,CO2,6222.412066949027
GB,2022-11-10,CO2,6563.998586303611
GB,2022-11-11,CO2,6494.291431523726
GB,2022-11-12,CO2,6608.153604641921
GB,2022-11-13,CO2,6488.302809224795
GB,2022-11-14,CO2,6544.673526973782
GB,2022-11-15,CO2,6839.706853872621
GB,2022-11-16,CO2,6801.4041979402045
GB,2022-11-17,CO2,6334.424512019259
GB,2022-11-18,CO2,6239.144781813847
GB,2022-11-19,CO2,6421.266348348416
GB,2022-11-20,CO2,6427.101678267683
GB,2022-11-21,CO2,6564.611755822273
GB,2022-11-22,CO2,6651.480844130038
GB,2022-11-23,CO2,6681.975808191491
GB,2022-11-24,CO2,6814.437456709097
GB,2022-11-25,CO2,6795.78347735247
GB,2022-11-26,CO2,6827.348081574257
GB,2022-11-27,CO2,6790.271764679165
GB,2022-11-28,CO2,6709.745574392224
GB,2022-11-29,CO2,6711.496514017737
GB,2022-11-30,CO2,6815.800055639456
GB,2022-12-01,CO2,6619.231533945747
GB,2022-12-02,CO2,6626.429462795371
GB,2022-12-03,CO2,6734.776516742934
GB,2022-12-04,CO2,6732.276147705725
GB,2022-12-05,CO2,6757.961137543008
GB,2022-12-06,CO2,6768.810831525998
GB,2022-12-07,CO2,6747.8336209931085
GB,2022-12-08,CO2,6703.232351505104
GB,2022-12-09,CO2,6691.26532639922
GB,2022-12-10,CO2,6652.7650936219015
GB,2022-12-11,CO2,6679.175667389602
GB,2022-12-12,CO2,6547.224993470881
GB,2022-12-13,CO2,6558.950157266626
GB,2022-12-14,CO2,6603.081330123656
GB,2022-12-15,CO2,6754.496729762568
GB,2022-12-16,CO2,6349.815066937673
GB,2022-12-17,CO2,6362.323725118376
GB,2022-12-18,CO2,6233.513841734134
GB,2022-12-19,CO2,6349.6856200392895
GB,2022-12-20,CO2,6268.307805420873
GB,2022-12-21,CO2,6142.567176127267
GB,2022-12-22,CO2,6113.407559017566
GB,2022-12-23,CO2,6181.830464305585
GB,2022-12-24,CO2,5608.727826541157
GB,2022-12-25,CO2,5648.67173288519
GB,2022-12-26,CO2,5696.041462749952
GB,2022-12-27,CO2,5835.453047111858
GB,2022-12-28,CO2,5988.193914860277
GB,2022-12-29,CO2,6191.096137032034
GB,2022-12-30,CO2,6243.832122134285
GB,2022-12-31,CO2,6261.484591277095
GB,2023-01-01,CO2,6230.829521841325
GB,2023-01-02,CO2,6306.903420123315
GB,2023-01-03,CO2,6216.59376951639
GB,2023-01-04,CO2,6229.957458525896
GB,2023-01-05,CO2,6137.6686329726235
GB,2023-01-06,CO2,5811.691706314511
GB,2023-01-07,CO2,5879.974604562435
GB,2023-01-08,CO2,6028.548304132082
GB,2023-01-09,CO2,5944.140410142278
GB,2023-01-10,CO2,5806.026019962074
GB,2023-01-11,CO2,5995.994793736587
GB,2023-01-12,CO2,5953.459905526473
GB,2023-01-13,CO2,6193.470465668185
GB,2023-01-14,CO2,5607.687482257827
GB,2023-01-15,CO2,5682.879097732409
GB,2023-01-16,CO2,5753.006273632575
GB,2023-01-17,CO2,5939.103563196204
GB,2023-01-18,CO2,6032.254573222661
GB,2023-01-19,CO2,6187.294486016328
GB,2023-01-20,CO2,6088.911436747022
GB,2023-01-21,CO2,6008.3137100162385
GB,2023-01-22,CO2,6145.922575993278
GB,2023-01-23,CO2,6028.844669399435
GB,2023-01-24,CO2,5973.786134420385
GB,2023-01-25,CO2,6170.943298852011
GB,2023-01-26,CO2,6093.88151634551
GB,2023-01-27,CO2,5685.325984761602
GB,2023-01-28,CO2,5919.654166713979
GB,2023-01-29,CO2,6131.363206422384
GB,2023-01-30,CO2,6110.9787264242
GB,2023-01-31,CO2,6112.862519445422
GB,2023-02-01,CO2,6011.239891219186
GB,2023-02-02,CO2,6001.3542359794255
GB,2023-02-03,CO2,6021.050603517777
GB,2023-02-04,CO2,5747.664885825565
GB,2023-02-05,CO2,5855.867163636776
GB,2023-02-06,CO2,5813.787042819672
GB,2023-02-07,CO2,5859.689253636436
GB,2023-02-08,CO2,5928.998870178388
GB,2023-02-09,CO2,6094.760392655592
GB,2023-02-10,CO2,6138.441907865603
GB,2023-02-11,CO2,6161.960365403613
GB,2023-02-12,CO2,6069.85549070594
GB,2023-02-13,CO2,5844.386245699297
GB,2023-02-14,CO2,5875.780865704521
GB,2023-02-15,CO2,6085.521971907752
GB,2023-02-16,CO2,6121.228876877833
GB,2023-02-17,CO2,6093.561305596875
GB,2023-02-18,CO2,5865.908155154599
GB,2023-02-19,CO2,6103.705854633405
GB,2023-02-20,CO2,6048.547849932438
GB,2023-02-21,CO2,6112.252756424086
GB,2023-02-22,CO2,6167.216590777476
GB,2023-02-23,CO2,6169.567073932348
GB,2023-02-24,CO2,6154.275307436384
GB,2023-02-25,CO2,6188.364126176662
GB,2023-02-26,CO2,6168.21128799664
GB,2023-02-27,CO2,6169.451253023266
GB,2023-02-28,CO2,6200.549167111404
GB,2023-03-01,CO2,6211.691819864422
GB,2023-03-02,CO2,6226.711066574313
GB,2023-03-03,CO2,6228.390469755982
GB,2023-03-04,CO2,6333.6784891048865
GB,2023-03-05,CO2,6224.35377042479
GB,2023-03-06,CO2,6117.045698161627
GB,2023-03-07,CO2,6281.961046703078
GB,2023-03-08,CO2,6161.296098425062
GB,2023-03-09,CO2,5948.4346406713075
GB,2023-03-10,CO2,6231.3745614134705
GB,2023-03-11,CO2,6086.905009822068
GB,2023-03-12,CO2,6224.013120692201
GB,2023-03-13,CO2,6229.334069515256
GB,2023-03-14,CO2,5851.567142062294
GB,2023-03-15,CO2,5793.849835920379
GB,2023-03-16,CO2,6013.266757128096
GB,2023-03-17,CO2,6202.0037414695635
GB,2023-03-18,CO2,6179.847882861912
GB,2023-03-19,CO2,5866.661672363087
GB,2023-03-20,CO2,5745.461563355173
GB,2023-03-21,CO2,5964.916296683207
GB,2023-03-22,CO2,6197.926164170462
GB,2023-03-23,CO2,6243.522130877628
GB,2023-03-24,CO2,6246.7821488185145
GB,2023-03-25,CO2,6318.7920957907045
GB,2023-03-26,CO2,6310.613095711221
GB,2023-03-27,CO2,6247.6984965991815
GB,2023-03-29,CO2,7182
GB,2023-03-30,CO2,5967.756974803276
GB,2023-03-31,CO2,6015.6717442401805
GB,2023-04-01,CO2,6161.745756072081
GB,2023-04-02,CO2,6165.547407087786
GB,2023-04-03,CO2,5915.631093372092
GB,2023-04-04,CO2,6072.618160037245
GB,2023-04-05,CO2,6127.633091850523
GB,2023-04-06,CO2,6192.049956283286
GB,2023-04-07,CO2,6164.535677381994
GB,2023-04-08,CO2,5993.951576640513
GB,2023-04-09,CO2,6025.308725175151
GB,2023-04-10,CO2,5546.657357466474
GB,2023-04-11,CO2,5600.883003849342
GB,2023-04-12,CO2,5776.9856302587805
GB,2023-04-13,CO2,5874.622997263448
GB,2023-04-14,CO2,5853.275500471232
GB,2023-04-15,CO2,6006.348161059194
GB,2023-04-16,CO2,6001.875430070288
GB,2023-04-17,CO2,5933.454568680664
GB,2023-04-18,CO2,5595.6220093792235
GB,2023-04-19,CO2,5651.092389884974
GB,2023-04-20,CO2,5811.613697525748
GB,2023-04-21,CO2,5806.1084571973615
GB,2023-04-22,CO2,5952.584095063985
GB,2023-04-23,CO2,5851.6223273189735
GB,2023-04-24,CO2,5757.915717578662
GB,2023-04-25,CO2,5771.1373556496765
GB,2023-04-26,CO2,5933.885149942657
GB,2023-04-27,CO2,5916.48578355116
GB,2023-04-28,CO2,5879.877519388647
GB,2023-04-29,CO2,5819.860486902018
GB,2023-04-30,CO2,5847.104289915633
GB,2023-05-01,CO2,5633.503622242157
GB,2023-05-02,CO2,5652.03633029398
GB,2023-05-03,CO2,5676.494640444207
GB,2023-05-04,CO2,5747.52351618654
GB,2023-05-05,CO2,5595.858079643908
GB,2023-05-06,CO2,5623.350897612046
GB,2023-05-07,CO2,5656.001152531596
GB,2023-05-08,CO2,5711.279065938434
GB,2023-05-09,CO2,5702.435798880399
GB,2023-05-10,CO2,5706.814169893377
GB,2023-05-11,CO2,5879.553902142687
GB,2023-05-12,CO2,5869.604545402933
GB,2023-05-13,CO2,6018.1959587586725
GB,2023-05-14,CO2,6022.110024186131
GB,2023-05-15,CO2,6018.703526860232
GB,2023-05-16,CO2,5837.9210544244725
GB,2023-05-17,CO2,5771.725998387592
GB,2023-05-18,CO2,5773.447982785834
GB,2023-05-19,CO2,5764.616297818706
GB,2023-05-20,CO2,5892.520734213724
GB,2023-05-21,CO2,5944.621407564695
GB,2023-05-22,CO2,5916.579462227623
GB,2023-05-23,CO2,6070.93535035825
GB,2023-05-24,CO2,6067.474349075136
GB,2023-05-25,CO2,5731.062299158595
GB,2023-05-26,CO2,5760.851777623855
GB,2023-05-27,CO2,5779.249929031306
GB,2023-05-28,CO2,5889.436150885122
GB,2023-05-29,CO2,5925.3661814300485
GB,2023-05-30,CO2,5924.934918868589
GB,2023-05-31,CO2,5896.124467734793
GB,2023-06-01,CO2,5928.2443310207
GB,2023-06-02,CO2,5896.677342250787
GB,2023-06-03,CO2,6062.122741776148
GB,2023-06-04,CO2,6145.5444547901025
GB,2023-06-05,CO2,6007.615378064428
GB,2023-06-06,CO2,5968.812307674839
GB,2023-06-07,CO2,6013.096432261801
GB,2023-06-08,CO2,6010.756168598908
GB,2023-06-09,CO2,7464
GB,2023-06-10,CO2,6077.4519797426965
GB,2023-06-11,CO2,6057.759018701671
GB,2023-06-12,CO2,6046.095171857791
GB,2023-06-13,CO2,6054.771520546857
GB,2023-06-14,CO2,6131.046402171075
GB,2023-06-15,CO2,6134.994532571793
GB,2023-06-16,CO2,5935.869093985261
GB,2023-06-17,CO2,6049.249588381573
GB,2023-06-18,CO2,6088.301673725687
GB,2023-06-19,CO2,6078.480741935118
GB,2023-06-20,CO2,6041.142124745932
GB,2023-06-21,CO2,5989.752046737143
GB,2023-06-22,CO2,6129.435128935924
GB,2023-06-23,CO2,6136.7863501652155
GB,2023-06-24,CO2,6255.352896090478
GB,2023-06-25,CO2,6369.0890288076125
GB,2023-06-26,CO2,6499.295576095473
GB,2023-06-27,CO2,6667.525446535024
GB,2023-06-28,CO2,6755.082647302623
GB,2023-06-29,CO2,6730.174338855644
GB,2023-06-30,CO2,6771.430427969613
GB,2023-07-01,CO2,6782.620771685194
GB,2023-07-02,CO2,6816.450696628703
GB,2023-07-03,CO2,6775.310428423815
GB,2023-07-04,CO2,6765.7552034246655
GB,2023-07-05,CO2,6699.427293992075
GB,2023-07-06,CO2,6664.537948380212
GB,2023-07-07,CO2,6659.387324423451
GB,2023-07-08,CO2,6582.6253136816285
GB,2023-07-09,CO2,6584.9451383605665
GB,2023-07-10,CO2,6671.960706053346
GB,2023-07-11,CO2,6648.9634426061975
GB,2023-07-12,CO2,6602.481786594299
GB,2023-07-13,CO2,6651.419527178172
GB,2023-07-14,CO2,6617.610041218619
GB,2023-07-15,CO2,6621.316310309197
GB,2023-07-16,CO2,6617.18422905288
GB,2023-07-17,CO2,6607.755044454791
GB,2023-07-18,CO2,6638.158033088444
GB,2023-07-19,CO2,6621.990796779724
GB,2023-07-20,CO2,6649.774188969763
GB,2023-07-21,CO2,6688.550348030477
GB,2023-07-22,CO2,6754.9906718748225
GB,2023-07-23,CO2,6818.593383446694
GB,2023-07-24,CO2,6681.154842335949
GB,2023-07-25,CO2,6608.821278117797
GB,2023-07-26,CO2,6634.673186324048
GB,2023-07-27,CO2,6794.32208999966
GB,2023-07-28,CO2,6717.692932653548
GB,2023-07-29,CO2,6723.276181770699
GB,2023-07-30,CO2,6816.403005666141
GB,2023-07-31,CO2,6957.731766723064
GB,2023-08-01,CO2,6693.493175650357
GB,2023-08-02,CO2,6748.998643078565
GB,2023-08-03,CO2,6874.633670955068
GB,2023-08-04,CO2,7202.706615417808
GB,2023-08-05,CO2,7345.503576822192
GB,2023-08-06,CO2,7444.305625262584
GB,2023-08-07,CO2,7335.004752063769
GB,2023-08-08,CO2,7191.553743172813
GB,2023-08-09,CO2,7117.6089057195095
GB,2023-08-10,CO2,7055.297256634154
GB,2023-08-11,CO2,6996.30694244155
GB,2023-08-12,CO2,6972.284323299307
GB,2023-08-13,CO2,6971.906202096132
GB,2023-08-14,CO2,7008.83603960621
GB,2023-08-15,CO2,6966.026587711629
GB,2023-08-16,CO2,7010.38940238682
GB,2023-08-17,CO2,6917.344334427197
GB,2023-10-03,CO2,6722.032810246745
GB,2023-10-04,CO2,6921.176470588236
GB,2023-10-05,CO2,6931.764705882353
GB,2023-10-06,CO2,6924.705882352941
GB,2023-10-07,CO2,6914.117647058823
GB,2023-10-08,CO2,6744.705882352941
GB,2023-10-09,CO2,6554.117647058823
GB,2023-10-10,CO2,6716.470588235294
GB,2023-10-11,CO2,6967.058823529412
GB,2023-10-12,CO2,6974.117647058823
GB,2023-10-13,CO2,6949.411764705883
GB,2023-10-14,CO2,6850.588235294117
GB,2023-10-15,CO2,6780
GB,2023-10-16,CO2,6603.529411764706
GB,2023-10-17,CO2,6681.176470588236
GB,2023-10-18,CO2,6674.117647058823
GB,2023-10-19,CO2,6857.64705882353
GB,2023-10-20,CO2,7048.235294117647
GB,2023-10-21,CO2,6995.2941176470595
GB,2023-10-22,CO2,7030.588235294117
GB,2023-10-23,CO2,7175.294117647059
GB,2023-10-24,CO2,7277.64705882353
GB,2023-10-25,CO2,7009.411764705883
GB,2023-10-26,CO2,7065.882352941177
GB,2023-10-27,CO2,7108.235294117647
GB,2023-10-28,CO2,7341.176470588235
GB,2023-10-29,CO2,7563.529411764706
GB,2023-10-30,CO2,7697.64705882353
GB,2023-11-02,CO2,6780
GB,2023-11-03,CO2,6585.882352941177
GB,2023-11-04,CO2,6698.823529411765
GB,2023-11-05,CO2,6744.705882352941
GB,2023-11-06,CO2,6691.764705882353
GB,2023-11-07,CO2,6727.058823529412
GB,2023-11-08,CO2,6720
GB,2023-11-09,CO2,6744.705882352941
GB,2023-11-10,CO2,6956.470588235294
GB,2023-11-11,CO2,6949.411764705883
GB,2023-11-12,CO2,6691.764705882353
GB,2023-11-13,CO2,6511.764705882353
GB,2023-11-14,CO2,6829.411764705883
GB,2023-11-15,CO2,6832.941176470588
GB,2023-11-16,CO2,6931.764705882353
GB,2023-11-17,CO2,6758.823529411765
GB,2023-11-18,CO2,6667.058823529412
GB,2023-11-19,CO2,6617.64705882353
GB,2023-11-20,CO2,6681.176470588236
GB,2023-11-21,CO2,6712.941176470588
GB,2023-11-22,CO2,6720
GB,2023-11-23,CO2,6324.705882352941
GB,2023-11-24,CO2,6412.941176470588
GB,2023-11-25,CO2,6582.35294117647
GB,2023-11-26,CO2,6554.117647058823
GB,2023-11-27,CO2,6458.823529411765
GB,2023-11-28,CO2,6201.176470588236
GB,2023-11-29,CO2,6120
GB,2023-11-30,CO2,6465.882352941177
GB,2023-12-01,CO2,6751.764705882353
GB,2023-12-02,CO2,6910.588235294117
GB,2023-12-03,CO2,6878.823529411765
GB,2023-12-04,CO2,6716.470588235294
GB,2023-12-05,CO2,6451.764705882353
GB,2023-12-07,CO2,6377.64705882353
GB,2023-12-08,CO2,6712.941176470588
GB,2023-12-09,CO2,6896.470588235294
GB,2023-12-10,CO2,6963.529411764706
GB,2023-12-11,CO2,6832.941176470588
GB,2023-12-12,CO2,6441.176470588236
GB,2023-12-13,CO2,6377.64705882353
GB,2023-12-14,CO2,6402.35294117647
GB,2023-12-15,CO2,6504.705882352941
GB,2023-12-16,CO2,6688.235294117647
GB,2023-12-17,CO2,6878.823529411765
GB,2023-12-18,CO2,6878.823529411765
GB,2023-12-20,CO2,7750.588235294118
GB,2023-12-26,CO2,7965.882352941177
GB,2023-12-27,CO2,7680
GB,2023-12-28,CO2,7447.058823529412
GB,2023-12-29,CO2,7341.176470588235
GB,2023-12-30,CO2,7037.64705882353
GB,2023-12-31,CO2,7154.117647058823
GB,2024-01-01,CO2,7277.64705882353
GB,2024-01-02,CO2,7185.882352941177
GB,2024-01-03,CO2,7217.64705882353
GB,2024-01-04,CO2,7224.705882352941
GB,2024-01-06,CO2,7348.235294117647
GB,2024-01-07,CO2,7108.235294117647
GB,2024-01-08,CO2,7118.823529411765
GB,2024-01-09,CO2,7242.35294117647
GB,2024-01-10,CO2,6995.2941176470595
GB,2024-01-11,CO2,6974.117647058823
GB,2024-01-12,CO2,7411.764705882353
GB,2024-01-13,CO2,7429.411764705883
GB,2024-01-14,CO2,6850.588235294117
GB,2024-01-15,CO2,7252.941176470588
GB,2024-01-16,CO2,7348.235294117647
GB,2024-01-17,CO2,6780
GB,2024-01-18,CO2,6861.176470588236
GB,2024-01-19,CO2,6910.588235294117
GB,2024-01-20,CO2,6868.235294117647
GB,2024-01-21,CO2,6638.823529411765
GB,2024-01-22,CO2,7090.588235294117
GB,2024-01-23,CO2,7224.705882352941
GB,2024-01-24,CO2,7387.058823529412
GB,2024-01-25,CO2,7450.588235294118
GB,2024-01-26,CO2,7591.764705882353
GB,2024-01-27,CO2,7475.294117647059
GB,2024-01-28,CO2,7492.941176470588
GB,2024-01-29,CO2,6910.588235294117
GB,2024-01-30,CO2,6832.941176470588
GB,2024-01-31,CO2,6797.64705882353
GB,2024-02-01,CO2,6850.588235294117
GB,2024-02-02,CO2,6896.470588235294
GB,2024-02-03,CO2,7069.411764705883
GB,2024-02-04,CO2,7055.2941176470595
GB,2024-02-05,CO2,6981.176470588236
GB,2024-02-06,CO2,6832.941176470588
GB,2024-02-07,CO2,6727.058823529412
GB,2024-02-08,CO2,6949.411764705883
GB,2024-02-09,CO2,6963.529411764706
GB,2024-02-10,CO2,7062.35294117647
GB,2024-02-11,CO2,7154.117647058823
GB,2024-02-12,CO2,7214.117647058823
GB,2024-02-13,CO2,7037.64705882353
GB,2024-02-14,CO2,6645.882352941177
GB,2024-02-15,CO2,6804.705882352941
GB,2024-02-16,CO2,6850.588235294117
GB,2024-02-17,CO2,6956.470588235294
GB,2024-02-18,CO2,6910.588235294117
GB,2024-02-19,CO2,6617.64705882353
GB,2024-02-20,CO2,6635.2941176470595
GB,2024-02-21,CO2,6628.235294117647
GB,2024-02-22,CO2,6698.823529411765
GB,2024-02-23,CO2,6921.176470588236
GB,2024-02-24,CO2,6949.411764705883
GB,2024-02-25,CO2,6769.411764705883
GB,2024-02-26,CO2,6642.35294117647
ID,2022-06-02,CO2,4178.394007999996
ID,2022-06-03,CO2,4264.984753999997
ID,2022-06-04,CO2,4158.6036440000025
ID,2022-06-05,CO2,4055.8897579999975
ID,2022-06-06,CO2,4151.838248
ID,2022-06-07,CO2,4041.168171999998
ID,2022-06-08,CO2,4197.2254140000005
ID,2022-06-09,CO2,4143.144398000004
ID,2022-06-10,CO2,4112.2785959999965
ID,2022-06-11,CO2,3998.331202000001
ID,2022-06-12,CO2,3311.748888000002
ID,2022-06-13,CO2,3793.48302
ID,2022-06-14,CO2,4195.244270000003
ID,2022-06-15,CO2,4390.787398
ID,2022-06-16,CO2,4469.337650000001
ID,2022-06-17,CO2,4300.940410000003
ID,2022-06-18,CO2,3584.7041640000025
ID,2022-06-19,CO2,4352.239394000004
ID,2022-06-20,CO2,4175.569823999998
ID,2022-06-21,CO2,4240.71574
ID,2022-06-22,CO2,4391.187841999999
ID,2022-06-23,CO2,4495.029294
ID,2022-06-24,CO2,4323.407426000005
ID,2022-06-25,CO2,3931.0987620000014
ID,2022-06-26,CO2,4157.022944000004
ID,2022-06-27,CO2,3978.488148000004
ID,2022-06-28,CO2,4261.7390499999965
ID,2022-06-29,CO2,4371.165642
ID,2022-06-30,CO2,4266.386308000001
ID,2022-07-01,CO2,4011.040030000004
ID,2022-07-02,CO2,3525.712440000003
ID,2022-07-03,CO2,3540.750165999998
ID,2022-07-04,CO2,4307.674191999999
ID,2022-07-05,CO2,4313.786232000006
ID,2022-07-06,CO2,4420.968229999999
ID,2022-07-07,CO2,4303.100700000003
ID,2022-07-08,CO2,3560.055782000003
ID,2022-07-09,CO2,3199.434884000002
ID,2022-07-10,CO2,3167.1991419999977
ID,2022-07-11,CO2,3486.205477999996
ID,2022-07-12,CO2,3944.092116
ID,2022-07-13,CO2,4272.730184
ID,2022-07-14,CO2,4302.942630000005
ID,2022-07-15,CO2,4123.796630000004
ID,2022-07-16,CO2,3673.096907999999
ID,2022-07-17,CO2,4060.589706000006
ID,2022-07-18,CO2,3393.2392420000033
ID,2022-07-19,CO2,3869.135322000002
ID,2022-07-20,CO2,3869.9256719999976
ID,2022-07-21,CO2,4396.5622220000005
ID,2022-07-22,CO2,4296.735747999999
ID,2022-07-23,CO2,4422.812380000003
ID,2022-07-24,CO2,3940.9939440000016
ID,2022-07-25,CO2,4412.2111520000035
ID,2022-07-26,CO2,4334.577706000004
ID,2022-07-27,CO2,4085.701760000003
ID,2022-07-28,CO2,4149.814952000001
ID,2022-07-29,CO2,4376.518946000004
ID,2022-07-30,CO2,4294.080172000002
ID,2022-07-31,CO2,4394.127944
ID,2022-08-01,CO2,4040.946874000001
ID,2022-08-02,CO2,4221.610346000001
ID,2022-08-03,CO2,4245.384074000001
ID,2022-08-04,CO2,4241.253177999999
ID,2022-08-05,CO2,4359.742450000005
ID,2022-08-06,CO2,3694.668193999998
ID,2022-08-07,CO2,4197.309717999997
ID,2022-08-09,CO2,3492.0049999999997
ID,2022-08-10,CO2,3485.293
ID,2022-08-11,CO2,3430.17
ID,2022-08-12,CO2,3505.038
ID,2022-08-13,CO2,3437.749
ID,2022-08-14,CO2,3527.117
ID,2022-08-15,CO2,4288.168354000001
ID,2022-08-16,CO2,3890.7276839999977
ID,2022-08-17,CO2,4150.447232000006
ID,2022-08-18,CO2,3553.7435200000036
ID,2022-08-30,CO2,3736.619972
ID,2022-08-31,CO2,3425.8648900000044
ID,2022-09-01,CO2,3667.480154000005
ID,2022-09-02,CO2,3726.6931760000007
ID,2022-09-03,CO2,3648.0691579999984
ID,2022-09-04,CO2,3545.4079619999975
ID,2022-09-05,CO2,4128.833793999998
ID,2022-09-06,CO2,4024.802658000001
ID,2022-09-07,CO2,3703.225050000001
ID,2022-09-08,CO2,3196.4842439999993
ID,2022-09-09,CO2,2905.319303999997
ID,2022-09-16,CO2,4301.857
ID,2022-09-17,CO2,4494.837
ID,2022-09-18,CO2,4236.78
ID,2022-09-19,CO2,4168.423
ID,2022-09-20,CO2,4134.392
ID,2022-09-21,CO2,4078.042
ID,2022-09-22,CO2,4027.005
ID,2022-09-23,CO2,4160.641
ID,2022-09-24,CO2,3959.9319999999993
ID,2022-09-25,CO2,3971.449
ID,2022-09-26,CO2,4023.747
ID,2022-09-27,CO2,3984.3846
ID,2022-09-28,CO2,3833.1318
ID,2022-09-29,CO2,3606.0162
ID,2022-09-30,CO2,3727.3356
ID,2022-10-01,CO2,3772.809
ID,2022-10-02,CO2,3802.6008
ID,2022-10-03,CO2,3757.347
ID,2022-10-04,CO2,3606.1434
ID,2022-10-05,CO2,3576.0624
ID,2022-10-06,CO2,3681.9198
ID,2022-10-07,CO2,3742.3908
ID,2022-10-08,CO2,3530.2529999999997
ID,2022-10-10,CO2,3333.3552
ID,2022-10-11,CO2,3681.7356
ID,2022-10-12,CO2,3772.3512
ID,2022-10-13,CO2,3862.818
ID,2022-10-14,CO2,3711.7404
ID,2022-10-15,CO2,3470.2392
ID,2022-10-16,CO2,3514.9955999999997
ID,2022-10-17,CO2,3545.1876
ID,2022-10-18,CO2,3605.7582
ID,2022-10-19,CO2,3122.1881999999996
ID,2022-10-20,CO2,3047.7437999999997
ID,2022-10-21,CO2,3047.8686
ID,2022-10-22,CO2,3106.6686
ID,2022-10-23,CO2,3182.2068
ID,2022-10-24,CO2,3318.4770000000003
ID,2022-10-25,CO2,3333.789
ID,2022-10-26,CO2,3439.38
ID,2022-10-27,CO2,3378.5627999999997
ID,2022-10-28,CO2,3439.9476000000004
ID,2022-10-29,CO2,3439.2954
ID,2022-11-07,CO2,3060.4236
ID,2022-11-08,CO2,3348.3936000000003
ID,2022-11-09,CO2,3121.0542
ID,2022-11-10,CO2,3650.9394
ID,2022-11-11,CO2,3681.1182
ID,2022-11-12,CO2,3363.3354
ID,2022-11-13,CO2,3317.871
ID,2022-11-14,CO2,3015.1626
ID,2022-11-15,CO2,3348.3887999999997
ID,2022-11-16,CO2,3544.9385999999995
ID,2022-11-17,CO2,3000.5519999999997
ID,2022-11-18,CO2,2834.1012
ID,2022-11-19,CO2,2788.6296
ID,2022-11-21,CO2,2712.2826
ID,2022-11-22,CO2,3151.0842
ID,2022-11-23,CO2,3166.731
ID,2022-11-24,CO2,3302.0202
ID,2022-11-25,CO2,3469.3134
ID,2022-11-26,CO2,3771.9834
ID,2022-11-27,CO2,4195.8168000000005
ID,2022-11-28,CO2,3544.9788
ID,2022-11-29,CO2,3166.7562
ID,2022-11-30,CO2,3287.6238000000003
ID,2022-12-01,CO2,3363.2364
ID,2022-12-02,CO2,3151.5696000000003
ID,2022-12-03,CO2,3151.4838
ID,2022-12-05,CO2,2848.0950000000003
ID,2022-12-06,CO2,3242.2380000000003
ID,2022-12-07,CO2,3227.2080000000005
ID,2022-12-08,CO2,3226.8846000000003
ID,2022-12-09,CO2,3211.9866
ID,2022-12-10,CO2,3182.0766
ID,2022-12-11,CO2,3227.187
ID,2022-12-12,CO2,3121.206
ID,2022-12-13,CO2,3150.837
ID,2022-12-14,CO2,3090.5976
ID,2022-12-15,CO2,3272.223
ID,2022-12-16,CO2,2967.909
ID,2022-12-17,CO2,2727.615
ID,2022-12-18,CO2,2893.9758
ID,2022-12-19,CO2,2636.388
ID,2022-12-20,CO2,2924.3586
ID,2022-12-21,CO2,3045.4272
ID,2022-12-22,CO2,2985.129
ID,2022-12-23,CO2,3105.6432000000004
ID,2022-12-24,CO2,2531.1492
ID,2022-12-25,CO2,2561.0934
ID,2022-12-26,CO2,2637.423
ID,2022-12-27,CO2,2697.6792
ID,2022-12-28,CO2,2652.2093999999997
ID,2022-12-29,CO2,2788.4592
ID,2022-12-30,CO2,2969.664
ID,2023-01-03,CO2,2666.58
ID,2023-01-04,CO2,3196.6908
ID,2023-01-05,CO2,3317.7528
ID,2023-01-06,CO2,2939.3886
ID,2023-01-07,CO2,2788.2606
ID,2023-01-08,CO2,2818.3302
ID,2023-01-09,CO2,3060.8532
ID,2023-01-10,CO2,2908.965
ID,2023-01-11,CO2,2833.5642
ID,2023-01-12,CO2,2985.348
ID,2023-01-13,CO2,3166.2371999999996
ID,2023-01-14,CO2,2485.4748
ID,2023-01-15,CO2,2031.357
ID,2023-01-16,CO2,2092.062
ID,2023-01-17,CO2,2303.4528
ID,2023-01-18,CO2,2560.2192
ID,2023-01-19,CO2,3029.9088
ID,2023-01-20,CO2,3121.0212
ID,2023-01-21,CO2,2893.9368
ID,2023-01-22,CO2,3015.1458
ID,2023-01-23,CO2,3105.7068
ID,2023-01-24,CO2,2803.2246
ID,2023-01-25,CO2,3030.2334
ID,2023-01-26,CO2,3166.4813999999997
ID,2023-01-27,CO2,2742.8502
ID,2023-01-28,CO2,2712.846
ID,2023-01-29,CO2,3060.6348
ID,2023-01-30,CO2,3317.2902000000004
ID,2023-01-31,CO2,3377.9418000000005
ID,2023-02-01,CO2,1922.6934
ID,2023-02-02,CO2,2545.7142000000003
ID,2023-02-03,CO2,3287.016
ID,2023-02-04,CO2,2818.5534
ID,2023-02-05,CO2,3045.0504
ID,2023-02-06,CO2,3075.6564000000003
ID,2023-02-07,CO2,3030.3678
ID,2023-02-08,CO2,3226.7088000000003
ID,2023-02-09,CO2,3317.2734
ID,2023-02-10,CO2,3544.332
ID,2023-02-11,CO2,3438.7662
ID,2023-02-12,CO2,3499.1298
ID,2023-02-13,CO2,2439.5802
ID,2023-02-14,CO2,3090.4439999999995
ID,2023-02-15,CO2,2651.16
ID,2023-02-16,CO2,3680.492999999999
ID,2023-02-17,CO2,3846.8322
ID,2023-02-18,CO2,3438.8496000000005
ID,2023-02-19,CO2,3302.6130000000003
ID,2023-02-20,CO2,3634.9452
ID,2023-02-21,CO2,3665.4246
ID,2023-02-22,CO2,4043.2608
ID,2023-02-23,CO2,4028.43
ID,2023-02-24,CO2,4088.9778
ID,2023-02-25,CO2,3907.5096
ID,2023-02-26,CO2,2681.7702
ID,2023-02-27,CO2,3241.8162
ID,2023-02-28,CO2,2803.0176
ID,2023-03-01,CO2,3392.9562
ID,2023-03-02,CO2,4058.2422
ID,2023-03-03,CO2,4043.4882
ID,2023-03-04,CO2,4149.2148
ID,2023-03-05,CO2,3983.3022
ID,2023-03-06,CO2,3937.413
ID,2023-03-07,CO2,4028.7618
ID,2023-03-08,CO2,4013.5332
ID,2023-03-09,CO2,3650.2992
ID,2023-03-10,CO2,3786.644999999999
ID,2023-03-11,CO2,3968.274
ID,2023-03-12,CO2,3589.9979999999996
ID,2023-03-13,CO2,4013.3274
ID,2023-03-14,CO2,3589.9554000000003
ID,2023-03-15,CO2,3362.9957999999997
ID,2023-03-16,CO2,3286.9092
ID,2023-03-17,CO2,3514.143
ID,2023-03-18,CO2,3846.7176
ID,2023-03-19,CO2,3302.2421999999997
ID,2023-03-20,CO2,3211.6236
ID,2023-03-21,CO2,3105.6174
ID,2023-03-22,CO2,3574.0692
ID,2023-03-23,CO2,3635.4654
ID,2023-03-24,CO2,3680.5032
ID,2023-03-25,CO2,3816.4338
ID,2023-03-26,CO2,3922.3002
ID,2023-03-27,CO2,3952.4766
ID,2023-03-28,CO2,3816.6078
ID,2023-03-29,CO2,3710.8014
ID,2023-03-30,CO2,3407.8752
ID,2023-03-31,CO2,3256.1874
ID,2023-04-01,CO2,3362.3004
ID,2023-04-02,CO2,3634.5336
ID,2023-04-03,CO2,3543.9606000000003
ID,2023-04-04,CO2,3589.32
ID,2023-04-05,CO2,3740.7186
ID,2023-04-06,CO2,3891.9114
ID,2023-04-07,CO2,4027.7664
ID,2023-04-08,CO2,4406.3964
ID,2023-04-09,CO2,4316.2356
ID,2023-04-10,CO2,3195.965999999999
ID,2023-04-11,CO2,3301.7826
ID,2023-04-12,CO2,3316.83
ID,2023-04-13,CO2,3422.7570000000005
ID,2023-04-14,CO2,3619.3248
ID,2023-04-15,CO2,3271.8282
ID,2023-04-16,CO2,3468.054
ID,2023-04-17,CO2,3438.2664
ID,2023-04-18,CO2,3090.0492
ID,2023-04-19,CO2,3226.3932000000004
ID,2023-04-20,CO2,3301.5276
ID,2023-04-21,CO2,3347.2662
ID,2023-04-22,CO2,3316.8990000000003
ID,2023-04-23,CO2,3347.2092
ID,2023-04-24,CO2,3317.3148
ID,2023-04-25,CO2,3332.4701999999997
ID,2023-04-26,CO2,3301.8509999999997
ID,2023-04-27,CO2,3422.6898
ID,2023-04-28,CO2,3558.879
ID,2023-04-29,CO2,3574.3722
ID,2023-04-30,CO2,3558.5694000000003
ID,2023-05-01,CO2,3332.0202
ID,2023-05-02,CO2,3362.2272000000003
ID,2023-05-03,CO2,3317.4462
ID,2023-05-04,CO2,3257.0112
ID,2023-05-05,CO2,3317.1282
ID,2023-05-06,CO2,3740.7906
ID,2023-05-07,CO2,4118.949
ID,2023-05-08,CO2,4466.886
ID,2023-05-18,CO2,2575.3146
ID,2023-05-19,CO2,3316.782
ID,2023-05-20,CO2,3332.4107999999997
ID,2023-05-21,CO2,3422.733
ID,2023-05-22,CO2,3392.3376
ID,2023-05-23,CO2,3362.4102000000003
ID,2023-05-24,CO2,3438.0137999999997
ID,2023-05-25,CO2,3226.4808000000003
ID,2023-05-26,CO2,3332.166
ID,2023-05-27,CO2,3135.1416
ID,2023-05-28,CO2,3135.0186000000003
ID,2023-05-29,CO2,3226.1472
ID,2023-06-09,CO2,3316.4082
ID,2023-06-10,CO2,3437.5674
ID,2023-06-11,CO2,3740.1228
ID,2023-06-12,CO2,3392.0496
ID,2023-06-13,CO2,3392.085
ID,2023-06-14,CO2,3422.5404
ID,2023-06-15,CO2,3377.1456000000003
ID,2023-06-16,CO2,3407.7077999999997
ID,2023-06-17,CO2,3377.5955999999996
ID,2023-06-18,CO2,3573.8802
ID,2023-06-19,CO2,3573.942
ID,2023-06-20,CO2,3498.5634
ID,2023-06-21,CO2,3574.3878000000004
ID,2023-06-22,CO2,3453.1859999999997
ID,2023-06-23,CO2,3528.2904
ID,2023-06-24,CO2,3770.6856
ID,2023-06-25,CO2,3906.5646
ID,2023-06-26,CO2,3921.9534
ID,2023-06-27,CO2,4027.71
ID,2023-06-28,CO2,4133.1516
ID,2023-06-29,CO2,4043.0784
ID,2023-06-30,CO2,4042.900799999999
ID,2023-07-01,CO2,4058.2524
ID,2023-07-02,CO2,4163.8374
ID,2023-07-03,CO2,4239.2982
ID,2023-07-04,CO2,4164.000599999999
ID,2023-07-05,CO2,4254.684
ID,2023-07-06,CO2,4300.6878
ID,2023-07-12,CO2,3300.6552
ID,2023-07-13,CO2,4133.2194
ID,2023-07-14,CO2,4133.2062000000005
ID,2023-07-15,CO2,4087.653
ID,2023-07-16,CO2,4133.5253999999995
ID,2023-07-17,CO2,4042.9902
ID,2023-07-18,CO2,4028.025
ID,2023-07-19,CO2,4073.313599999999
ID,2023-07-20,CO2,4012.4736
ID,2023-07-21,CO2,4012.637400000001
ID,2023-07-22,CO2,3997.179
ID,2023-07-23,CO2,3952.1058
ID,2023-07-24,CO2,3921.6432
ID,2023-07-25,CO2,3891.3768
ID,2023-07-26,CO2,3830.8764
ID,2023-07-27,CO2,3906.8322
ID,2023-07-28,CO2,3951.9996
ID,2023-07-29,CO2,3966.6318
ID,2023-07-30,CO2,3951.9024
ID,2023-07-31,CO2,3861.3084
ID,2023-08-01,CO2,3846.054
ID,2023-08-02,CO2,4012.219200000001
ID,2023-08-03,CO2,3906.402
ID,2023-08-04,CO2,3952.0914
ID,2023-08-05,CO2,3936.6384
ID,2023-08-06,CO2,4012.278600000001
ID,2023-08-07,CO2,3028.6032
ID,2023-08-08,CO2,4087.704
ID,2023-08-09,CO2,4073.0802
ID,2023-08-10,CO2,4072.6944
ID,2023-08-11,CO2,4057.7826
ID,2023-08-12,CO2,4042.416
ID,2023-08-13,CO2,4027.2708
ID,2023-08-14,CO2,3982.0194
ID,2023-08-15,CO2,4072.8726
ID,2023-08-16,CO2,4012.0062
ID,2023-08-17,CO2,3951.8748
ID,2023-08-18,CO2,4087.7106
ID,2023-08-19,CO2,4042.8036
ID,2023-08-20,CO2,3981.528
ID,2023-08-21,CO2,3952.199399999999
ID,2023-08-22,CO2,3876.3252
ID,2023-08-23,CO2,4042.5096
ID,2023-08-24,CO2,3860.4444
ID,2023-08-25,CO2,3860.7912
ID,2023-08-26,CO2,3875.9628
ID,2023-08-27,CO2,3891.288
ID,2023-08-28,CO2,3906.4542
ID,2023-08-29,CO2,3845.873399999999
ID,2023-08-30,CO2,4163.0388
ID,2023-08-31,CO2,3860.8884
ID,2023-09-01,CO2,3876.1182
ID,2023-09-02,CO2,3815.499
ID,2023-09-03,CO2,3906.6456
ID,2023-09-04,CO2,3921.7386
ID,2023-09-05,CO2,3936.237
ID,2023-09-06,CO2,3966.659400000001
ID,2023-09-07,CO2,3951.9798
ID,2023-09-08,CO2,4148.0838
ID,2023-09-09,CO2,4012.0512
ID,2023-09-10,CO2,4026.9354
ID,2023-09-11,CO2,4103.1233999999995
ID,2023-09-12,CO2,4027.2288
ID,2023-09-13,CO2,4042.7352
ID,2023-09-14,CO2,4103.233200000001
ID,2023-09-15,CO2,4042.5462
ID,2023-09-16,CO2,4011.7788
ID,2023-09-17,CO2,4042.179
ID,2023-09-18,CO2,3951.6966
ID,2023-09-19,CO2,3755.1264
ID,2023-09-20,CO2,3785.3376
ID,2023-09-21,CO2,3951.4902
ID,2023-09-22,CO2,3845.7498
ID,2023-09-23,CO2,3634.224
ID,2023-09-24,CO2,3648.9786
ID,2023-09-25,CO2,3694.1772
ID,2023-09-26,CO2,3876.0126
ID,2023-09-27,CO2,3830.3394
ID,2023-09-28,CO2,3679.305
ID,2023-09-29,CO2,3633.8052
ID,2023-09-30,CO2,3860.7636
ID,2023-10-01,CO2,3785.2854
ID,2023-10-02,CO2,3558.3887999999997
ID,2023-10-03,CO2,3603.4608
ID,2023-10-04,CO2,3679.5096
ID,2023-10-05,CO2,3573.84
ID,2023-10-06,CO2,3618.909000000001
ID,2023-10-07,CO2,3815.2992
ID,2023-10-08,CO2,3573.66
ID,2023-10-09,CO2,3543.5033999999996
ID,2023-10-10,CO2,3285.8484
ID,2023-10-11,CO2,4012.164
ID,2023-10-12,CO2,3996.759
ID,2023-10-13,CO2,3785.4246
ID,2023-10-14,CO2,3739.8828
ID,2023-10-15,CO2,4193.6694
ID,2023-10-16,CO2,3800.525399999999
ID,2023-10-17,CO2,3513.0972
ID,2023-10-18,CO2,4404.8856
ID,2023-10-19,CO2,4496.1978
ID,2023-10-20,CO2,3180.4824000000003
ID,2023-10-21,CO2,3633.7092
ID,2023-10-22,CO2,3482.8116
ID,2023-10-23,CO2,3468.1356
ID,2023-10-24,CO2,3286.2816000000003
ID,2023-10-25,CO2,3331.6896
ID,2023-10-26,CO2,3376.531199999999
ID,2023-10-27,CO2,3346.758
ID,2023-10-28,CO2,2968.41
ID,2023-10-29,CO2,3316.2155999999995
ID,2023-10-30,CO2,2968.4705999999996
ID,2023-10-31,CO2,3286.3176000000003
ID,2023-11-01,CO2,3225.3648
ID,2023-11-02,CO2,2922.9485999999997
ID,2023-11-03,CO2,3164.7618
ID,2023-11-04,CO2,3331.5750000000003
ID,2023-11-05,CO2,3286.0548
ID,2023-11-06,CO2,3392.3297999999995
ID,2023-11-07,CO2,3437.6885999999995
ID,2023-11-08,CO2,3497.9988000000003
ID,2023-11-09,CO2,3573.6996
ID,2023-11-10,CO2,3513.0294000000004
ID,2023-11-11,CO2,3528.1602000000003
ID,2023-11-12,CO2,3301.2552
ID,2023-11-13,CO2,3164.8212
ID,2023-11-14,CO2,3301.5984
ID,2023-11-15,CO2,3483.1499999999996
ID,2023-11-16,CO2,3603.6618
ID,2023-11-17,CO2,3512.8602
ID,2023-11-18,CO2,3391.263
ID,2023-11-19,CO2,3301.1238000000003
ID,2023-11-20,CO2,3165.018
ID,2023-11-21,CO2,3255.8238
ID,2023-11-22,CO2,3483.0204000000003
ID,2023-11-23,CO2,2983.974
ID,2023-11-24,CO2,3074.5884000000005
ID,2023-11-25,CO2,2953.3542
ID,2023-11-26,CO2,4072.5774
ID,2023-11-27,CO2,3891.2172
ID,2023-11-28,CO2,3044.412
ID,2023-11-29,CO2,2771.8938
ID,2023-11-30,CO2,2892.2874
ID,2023-12-01,CO2,2953.4664
ID,2023-12-02,CO2,3210.2136
ID,2023-12-03,CO2,3467.511
ID,2023-12-04,CO2,3316.0482
ID,2023-12-05,CO2,3028.848
ID,2023-12-06,CO2,2953.179
ID,2023-12-07,CO2,2802.174
ID,2023-12-08,CO2,2953.2624
ID,2023-12-09,CO2,3195.4884
ID,2023-12-10,CO2,3301.3266
ID,2023-12-11,CO2,3437.0724
ID,2023-12-12,CO2,2862.8052
ID,2023-12-13,CO2,3013.6818000000003
ID,2023-12-14,CO2,2650.3872
ID,2023-12-15,CO2,3104.4138
ID,2023-12-16,CO2,3210.2316
ID,2023-12-17,CO2,3013.2678
ID,2023-12-18,CO2,3452.5242
ID,2023-12-19,CO2,3467.9778
ID,2023-12-20,CO2,3724.7136
ID,2023-12-21,CO2,4102.911
ID,2023-12-22,CO2,4420.810799999999
ID,2023-12-23,CO2,4117.9884
ID,2023-12-24,CO2,3770.9214
ID,2023-12-25,CO2,4421.5722000000005
ID,2023-12-29,CO2,4420.7364
ID,2023-12-30,CO2,3392.1978
ID,2023-12-31,CO2,3618.87
ID,2024-01-01,CO2,3769.9458
ID,2024-01-02,CO2,3830.799
ID,2024-01-03,CO2,3467.658
ID,2024-01-04,CO2,3543.231
ID,2024-01-05,CO2,3573.4938
ID,2024-01-06,CO2,3875.7648
ID,2024-01-07,CO2,3920.91
ID,2024-01-08,CO2,3513.1175999999996
ID,2024-01-09,CO2,3981.6474
ID,2024-01-10,CO2,3921.633
ID,2024-01-11,CO2,3226.1328000000003
ID,2024-02-01,CO2,2000.3394
ID,2024-02-02,CO2,3679.0158
ID,2024-02-03,CO2,3739.6392
ID,2024-02-04,CO2,4087.4958
ID,2024-02-05,CO2,3905.9898
ID,2024-02-06,CO2,3679.0596
ID,2024-02-07,CO2,3604.44
ID,2024-02-08,CO2,3664.0896
ID,2024-02-09,CO2,4072.7856
ID,2024-02-10,CO2,4118.0352
ID,2024-02-11,CO2,4117.7046
ID,2024-02-12,CO2,4420.446
ID,2024-02-13,CO2,4208.3988
ID,2024-02-14,CO2,3618.9594
ID,2024-02-15,CO2,3785.43
ID,2024-02-16,CO2,3921.6768
ID,2024-02-17,CO2,4011.7764
ID,2024-02-18,CO2,3846.0126
ID,2024-02-19,CO2,3437.4288
ID,2024-02-20,CO2,3406.9871999999996
ID,2024-02-21,CO2,3467.9106
ID,2024-02-22,CO2,3513.4326
ID,2024-02-23,CO2,3785.4042
ID,2024-02-24,CO2,3845.916
ID,2024-02-25,CO2,3679.389
ID,2024-02-26,CO2,3558.7176
ID,2024-02-27,CO2,3770.2608
ID,2024-02-28,CO2,3951.7206
ID,2024-02-29,CO2,4268.775
ID,2024-03-01,CO2,3875.9724
ID,2024-03-02,CO2,4209.0402
ID,2024-03-03,CO2,2529.3192
ID,2024-03-04,CO2,3149.0946000000004
LF,2022-04-18,CO2,1859.03752185582
LF,2022-04-19,CO2,1812.820524040362
LF,2022-04-20,CO2,1733.7378235306358
LF,2022-04-21,CO2,1776.8737852491415
LF,2022-04-22,CO2,1795.702870862374
LF,2022-04-23,CO2,1812.820524040362
LF,2022-04-24,CO2,1815.2168623322584
LF,2022-04-25,CO2,1771.053957931967
LF,2022-04-26,CO2,998.0309682305212
LF,2022-05-02,CO2,1748.4595545199209
LF,2022-05-03,CO2,1898.0806925621553
LF,2022-05-04,CO2,2126.46808463539
LF,2022-05-05,CO2,2453.6313011130765
LF,2022-05-06,CO2,2453.8185475501928
LF,2022-05-07,CO2,2453.8102254863206
LF,2022-05-08,CO2,2453.901768188911
LF,2022-05-09,CO2,2453.8185475501928
LF,2022-05-10,CO2,2453.8185475501928
LF,2022-05-16,CO2,2839.912378820348
LF,2022-05-17,CO2,2196.5939558514515
LF,2022-05-18,CO2,2219.1883592634977
LF,2022-05-19,CO2,2162.3590655986686
LF,2022-05-20,CO2,2138.7368872984503
LF,2022-05-21,CO2,2165.7815143659627
LF,2022-05-22,CO2,2165.0970246125044
LF,2022-05-23,CO2,2102.1052426505776
LF,2022-05-24,CO2,2118.1959531467805
LF,2022-05-25,CO2,2070.2664826380947
LF,2022-05-26,CO2,2051.7796419015917
LF,2022-05-27,CO2,2038.0856858004784
LF,2022-05-28,CO2,1935.0387701654013
LF,2022-05-29,CO2,1801.8653591594716
LF,2022-05-30,CO2,1711.8277018204512
LF,2022-05-31,CO2,1658.0788200977845
LF,2022-06-01,CO2,1679.6469049828356
LF,2022-06-02,CO2,1707.034817185062
LF,2022-06-03,CO2,1721.755924019557
LF,2022-06-04,CO2,1692.313710350567
LF,2022-06-05,CO2,1628.2945696036616
LF,2022-06-06,CO2,1609.123031062103
LF,2022-06-07,CO2,1495.805648351191
LF,2022-06-08,CO2,1315.0456358680954
LF,2022-06-09,CO2,1334.901872214709
LF,2022-06-10,CO2,1096.6272441069384
LF,2022-06-11,CO2,992.8958387184024
LF,2022-06-12,CO2,1128.8080409445545
LF,2022-06-13,CO2,2248
LF,2022-06-14,CO2,2275
LF,2022-06-15,CO2,2316
LF,2022-06-16,CO2,2300
LF,2022-06-17,CO2,2293
LF,2022-06-18,CO2,2251
LF,2022-06-19,CO2,2222
LF,2022-06-20,CO2,2124
LF,2022-06-21,CO2,2053
LF,2022-06-22,CO2,1898
LF,2022-06-23,CO2,2005
LF,2022-06-24,CO2,2121
LF,2022-06-25,CO2,1993
LF,2022-06-26,CO2,1936
LF,2022-06-27,CO2,1654
LF,2022-06-28,CO2,1632.0605115572662
LF,2022-06-29,CO2,1604.3301464267138
LF,2022-06-30,CO2,1616.996951794445
LF,2022-07-01,CO2,1594.744377155935
LF,2022-07-02,CO2,1577.2846871528138
LF,2022-07-03,CO2,1568.3836156870905
LF,2022-07-04,CO2,1557.4284508062
LF,2022-07-05,CO2,1547.8426815354208
LF,2022-07-06,CO2,1498.8866844481431
LF,2022-07-07,CO2,1475.2647141995214
LF,2022-07-08,CO2,1461.5709661500052
LF,2022-07-09,CO2,1401.3175593051076
LF,2022-07-10,CO2,1487.9317276188494
LF,2022-07-11,CO2,1484.1657856652448
LF,2022-07-12,CO2,1599.194808862998
LF,2022-07-13,CO2,1531.7521790908145
LF,2022-07-14,CO2,1547.5002286070946
LF,2022-07-15,CO2,1509.499604452304
LF,2022-07-16,CO2,1527.6442003120774
LF,2022-07-17,CO2,1450.9580461458445
LF,2022-07-18,CO2,1453.3543844377407
LF,2022-07-19,CO2,1491.0127637158014
LF,2022-07-20,CO2,1510.5267551856862
LF,2022-07-21,CO2,1513.9500361593675
LF,2022-07-22,CO2,1539.626307874753
LF,2022-07-23,CO2,1613.5736708207637
LF,2022-07-24,CO2,1609.807728867159
LF,2022-07-25,CO2,2739.0323205659006
LF,2022-07-26,CO2,2752.707552023302
LF,2022-07-27,CO2,2931.34273354832
LF,2022-07-28,CO2,2921.0878703422454
LF,2022-07-29,CO2,2917.667502090919
LF,2022-07-30,CO2,2934.7631017996464
LF,2022-07-31,CO2,2921.0878703422454
LF,2022-08-01,CO2,2915.1043064183923
LF,2022-08-02,CO2,2899.7188908353273
LF,2022-08-03,CO2,2821.0857898262775
LF,2022-08-04,CO2,2792.025142785811
LF,2022-08-05,CO2,2298.855476708624
LF,2022-08-08,CO2,2345.8647350046813
LF,2022-08-09,CO2,2540.740424175596
LF,2022-08-10,CO2,2632.193664579216
LF,2022-08-11,CO2,2654.415655632997
LF,2022-08-12,CO2,2607.40639733694
LF,2022-08-13,CO2,2610.826765588266
LF,2022-08-14,CO2,2581.7661185478
LF,2022-08-15,CO2,2578.3478308124418
LF,2022-08-16,CO2,2486.037417830022
LF,2022-08-17,CO2,2509.114500946635
LF,2022-08-18,CO2,1981.756756225944
LF,2022-08-19,CO2,2101.416591865183
LF,2022-08-20,CO2,1273.198969894934
LF,2022-08-23,CO2,1316.7893163008423
LF,2022-09-19,CO2,2335
LF,2022-09-20,CO2,2446
LF,2022-09-21,CO2,2444
LF,2022-09-22,CO2,2462
LF,2022-09-23,CO2,2455
LF,2022-09-24,CO2,2406
LF,2022-09-25,CO2,2384
LF,2022-09-26,CO2,2416
LF,2022-09-27,CO2,2474
LF,2022-11-08,CO2,1589
LF,2022-11-09,CO2,1509
LF,2022-11-10,CO2,1809
LF,2022-11-11,CO2,2207
LF,2022-11-12,CO2,1986
LF,2022-11-13,CO2,1956
LF,2022-11-14,CO2,1573
LF,2022-11-15,CO2,1751
LF,2022-11-16,CO2,1779
LF,2022-11-17,CO2,1310
LF,2022-11-18,CO2,1116
LF,2022-11-19,CO2,1125
LF,2022-11-20,CO2,1166
LF,2022-11-21,CO2,1247
LF,2022-11-22,CO2,1416
LF,2022-11-23,CO2,1552
LF,2022-11-24,CO2,1703
LF,2022-11-25,CO2,1965
LF,2022-11-26,CO2,2006
LF,2022-11-27,CO2,1998
LF,2022-11-28,CO2,1542
LF,2022-11-29,CO2,1543
LF,2022-11-30,CO2,1548
LF,2022-12-01,CO2,1573
LF,2022-12-02,CO2,1245
LF,2022-12-03,CO2,1389
LF,2022-12-04,CO2,1464
LF,2022-12-05,CO2,1600
LF,2022-12-06,CO2,1810
LF,2022-12-07,CO2,1668
LF,2022-12-08,CO2,1595
LF,2022-12-09,CO2,1646
LF,2022-12-10,CO2,1574
LF,2022-12-11,CO2,1556
LF,2022-12-12,CO2,1458
LF,2022-12-13,CO2,1355
LF,2022-12-14,CO2,1680
LF,2022-12-15,CO2,1929
LF,2022-12-16,CO2,1597
LF,2022-12-17,CO2,1179
LF,2022-12-18,CO2,1254
LF,2022-12-19,CO2,976
LF,2022-12-20,CO2,1184
LF,2022-12-21,CO2,1512
LF,2022-12-22,CO2,1459
LF,2022-12-23,CO2,1935
LF,2022-12-24,CO2,770.6
LF,2022-12-25,CO2,705.2
LF,2022-12-26,CO2,793.7
LF,2022-12-27,CO2,900
LF,2022-12-28,CO2,1035
LF,2022-12-29,CO2,1159
LF,2022-12-30,CO2,1260
LF,2022-12-31,CO2,1418
LF,2023-01-01,CO2,1391
LF,2023-01-02,CO2,1347
LF,2023-01-03,CO2,1370
LF,2023-01-04,CO2,1773
LF,2023-01-05,CO2,1713
LF,2023-01-06,CO2,1123
LF,2023-01-07,CO2,932
LF,2023-01-08,CO2,1118
LF,2023-01-09,CO2,1254
LF,2023-01-10,CO2,1018
LF,2023-01-11,CO2,1136
LF,2023-01-12,CO2,1196
LF,2023-01-13,CO2,1499
LF,2023-01-14,CO2,844
LF,2023-01-15,CO2,750.9
LF,2023-01-16,CO2,877
LF,2023-01-17,CO2,1088
LF,2023-01-18,CO2,1300
LF,2023-01-19,CO2,1540
LF,2023-01-20,CO2,1701
LF,2023-01-21,CO2,1271
LF,2023-01-22,CO2,1582
LF,2023-01-23,CO2,1488
LF,2023-01-24,CO2,997
LF,2023-01-25,CO2,1746
LF,2023-01-26,CO2,1803
LF,2023-01-27,CO2,857
LF,2023-01-28,CO2,940
LF,2023-01-29,CO2,1363
LF,2023-01-30,CO2,1504
LF,2023-01-31,CO2,1610
LF,2023-02-01,CO2,1555
LF,2023-02-02,CO2,1650
LF,2023-02-03,CO2,2093
LF,2023-02-04,CO2,1134
LF,2023-02-05,CO2,1537
LF,2023-02-06,CO2,1663
LF,2023-02-07,CO2,1781
LF,2023-02-08,CO2,1883
LF,2023-02-09,CO2,2153
LF,2023-02-10,CO2,2209
LF,2023-02-11,CO2,2233
LF,2023-02-12,CO2,2106
LF,2023-02-13,CO2,1690
LF,2023-02-14,CO2,1925
LF,2023-02-15,CO2,2084
LF,2023-02-16,CO2,2250
LF,2023-02-17,CO2,2365
LF,2023-02-18,CO2,2235
LF,2023-02-19,CO2,2303
LF,2023-02-20,CO2,2312
LF,2023-02-21,CO2,2439
LF,2023-02-22,CO2,2533
LF,2023-02-23,CO2,2484
LF,2023-02-24,CO2,2620
LF,2023-02-25,CO2,2522
LF,2023-02-26,CO2,2534
LF,2023-02-27,CO2,2534
LF,2023-02-28,CO2,2631
LF,2023-03-01,CO2,2618
LF,2023-03-02,CO2,2525
LF,2023-03-03,CO2,2493
LF,2023-03-04,CO2,2571
LF,2023-03-05,CO2,2489
LF,2023-03-06,CO2,2402
LF,2023-03-07,CO2,2429
LF,2023-03-08,CO2,2405
LF,2023-03-09,CO2,2356
LF,2023-03-10,CO2,2509
LF,2023-03-11,CO2,2502
LF,2023-03-12,CO2,2497
LF,2023-03-13,CO2,2508
LF,2023-03-14,CO2,2138
LF,2023-03-15,CO2,2065
LF,2023-03-16,CO2,2178
LF,2023-03-17,CO2,2377
LF,2023-03-18,CO2,2503
LF,2023-03-19,CO2,1889
LF,2023-03-20,CO2,1743
LF,2023-03-21,CO2,2084
LF,2023-03-22,CO2,2291
LF,2023-03-23,CO2,2318
LF,2023-03-24,CO2,2335
LF,2023-03-25,CO2,2386
LF,2023-03-26,CO2,2430
LF,2023-03-27,CO2,2355
LF,2023-03-28,CO2,2378
LF,2023-03-29,CO2,2310
LF,2023-03-30,CO2,2134
LF,2023-03-31,CO2,2157
LF,2023-04-01,CO2,2317
LF,2023-04-02,CO2,2414
LF,2023-04-03,CO2,2200
LF,2023-04-04,CO2,2272
LF,2023-04-05,CO2,2287
LF,2023-04-06,CO2,2279
LF,2023-04-07,CO2,2270
LF,2023-04-08,CO2,2261
LF,2023-04-09,CO2,2267
LF,2023-04-10,CO2,1794
LF,2023-04-11,CO2,1924
LF,2023-04-12,CO2,1990
LF,2023-04-13,CO2,2114
LF,2023-04-14,CO2,2176
LF,2023-04-15,CO2,2043
LF,2023-04-16,CO2,2125
LF,2023-04-17,CO2,2126
LF,2023-04-18,CO2,1585
LF,2023-04-19,CO2,1854
LF,2023-04-20,CO2,1907
LF,2023-04-21,CO2,1986
LF,2023-04-22,CO2,2118
LF,2023-04-23,CO2,2052
LF,2023-04-24,CO2,1812
LF,2023-04-25,CO2,1909
LF,2023-04-26,CO2,1867
LF,2023-04-27,CO2,1781
LF,2023-04-28,CO2,1958
LF,2023-04-29,CO2,1837
LF,2023-04-30,CO2,2087
LF,2023-05-01,CO2,1756
LF,2023-05-02,CO2,1629
LF,2023-05-03,CO2,1529
LF,2023-05-04,CO2,1474
LF,2023-05-05,CO2,1599
LF,2023-05-06,CO2,1630
LF,2023-05-07,CO2,1736
LF,2023-05-08,CO2,1877
LF,2023-05-09,CO2,1831
LF,2023-05-10,CO2,1794
LF,2023-05-11,CO2,1804
LF,2023-05-12,CO2,1723
LF,2023-05-13,CO2,1684
LF,2023-05-17,CO2,1526
LF,2023-05-18,CO2,1615
LF,2023-05-19,CO2,1612
LF,2023-05-20,CO2,1570
LF,2023-05-21,CO2,1652
LF,2023-05-22,CO2,1668
LF,2023-05-23,CO2,1711
LF,2023-05-24,CO2,1806
LF,2023-05-25,CO2,1549
LF,2023-05-26,CO2,1537
LF,2023-05-27,CO2,1154
LF,2023-05-28,CO2,1227
LF,2023-05-29,CO2,1189
LF,2023-05-30,CO2,1382
LF,2023-05-31,CO2,1512
LF,2023-06-01,CO2,1665
LF,2023-06-02,CO2,1592
LF,2023-06-03,CO2,1708
LF,2023-06-04,CO2,1653
LF,2023-06-05,CO2,1597
LF,2023-06-06,CO2,1784
LF,2023-06-07,CO2,1842
LF,2023-06-08,CO2,1933
LF,2023-06-09,CO2,1854
LF,2023-06-10,CO2,1955
LF,2023-06-11,CO2,1687
LF,2023-06-12,CO2,1524
LF,2023-06-13,CO2,1602
LF,2023-06-14,CO2,1451
LF,2023-06-15,CO2,1509
LF,2023-06-16,CO2,1788
LF,2023-06-17,CO2,1837
LF,2023-06-18,CO2,1866
LF,2023-06-19,CO2,1987
LF,2023-06-20,CO2,2141
LF,2023-06-21,CO2,2392
LF,2023-06-22,CO2,2265
LF,2023-06-23,CO2,2350
LF,2023-06-24,CO2,2365
LF,2023-06-25,CO2,2252
LF,2023-06-26,CO2,2283
LF,2023-06-27,CO2,2363
LF,2023-06-28,CO2,2454
LF,2023-06-29,CO2,2456
LF,2023-06-30,CO2,2482
LF,2023-07-01,CO2,2515
LF,2023-07-02,CO2,2522
LF,2023-07-03,CO2,2529
LF,2023-07-04,CO2,2530
LF,2023-07-05,CO2,2524
LF,2023-07-06,CO2,2518
LF,2023-07-07,CO2,2512
LF,2023-07-08,CO2,2471
LF,2023-07-09,CO2,2439
LF,2023-07-10,CO2,2390
LF,2023-07-11,CO2,2374
LF,2023-07-12,CO2,2320
LF,2023-07-13,CO2,2321
LF,2023-07-14,CO2,2469
LF,2023-07-15,CO2,2277
LF,2023-07-16,CO2,2278
LF,2023-07-17,CO2,2303
LF,2023-07-18,CO2,2297
LF,2023-07-19,CO2,2248
LF,2023-07-20,CO2,2235
LF,2023-07-21,CO2,2224
LF,2023-07-22,CO2,2233
LF,2023-07-23,CO2,2524
LF,2023-07-24,CO2,2423
LF,2023-07-25,CO2,2812
LF,2023-07-26,CO2,2465
LF,2023-07-27,CO2,2098
LF,2023-07-28,CO2,2086
LF,2023-07-29,CO2,2078
LF,2023-07-30,CO2,2118
LF,2023-07-31,CO2,2126
LF,2023-08-29,CO2,1683.128333333333
LF,2023-08-30,CO2,1830.1783333333333
LF,2023-08-31,CO2,2043.0733333333335
LF,2023-09-01,CO2,2224.6916666666666
LF,2023-09-02,CO2,2170.645
LF,2023-09-03,CO2,1977.23
LF,2023-09-04,CO2,1973.1133333333337
LF,2023-09-05,CO2,2049.6566666666668
LF,2023-09-06,CO2,1999.1766666666665
LF,2023-09-07,CO2,2015.3633333333337
LF,2023-09-08,CO2,2025.24
LF,2023-09-09,CO2,1985.185
LF,2023-09-10,CO2,1903.155
LF,2023-09-11,CO2,1918.7933333333333
LF,2023-09-12,CO2,1920.4383333333333
LF,2023-09-13,CO2,1983.265
LF,2023-09-14,CO2,2079.835
LF,2023-09-15,CO2,2196.7083333333335
LF,2023-09-16,CO2,2019.755
LF,2023-09-17,CO2,3271.605
LF,2023-09-18,CO2,3416.735
LF,2023-09-19,CO2,3360.2316666666666
LF,2023-09-20,CO2,3676.543333333333
LF,2023-09-21,CO2,3722.136666666667
LF,2023-09-22,CO2,3931.9616666666666
LF,2023-09-23,CO2,3330.2516666666666
LF,2023-09-24,CO2,3614.101666666667
LF,2023-09-25,CO2,3797.77
LF,2023-09-26,CO2,3052.1266666666666
LF,2023-09-27,CO2,2947.0516666666667
LF,2023-09-28,CO2,2798.903333333333
LF,2023-09-29,CO2,2812.8683333333333
LF,2023-09-30,CO2,2693.865
LF,2023-10-01,CO2,2677.641666666667
LF,2023-10-02,CO2,2430.2533333333336
LF,2023-10-03,CO2,2283.653333333333
LF,2023-10-04,CO2,2565.431666666667
LF,2023-10-05,CO2,2619.4783333333335
LF,2023-10-06,CO2,2561.3166666666666
LF,2023-10-07,CO2,2774.486666666666
LF,2023-10-08,CO2,2517.266666666667
LF,2023-10-09,CO2,2396.765
LF,2023-10-10,CO2,2332.375
LF,2023-10-11,CO2,2366.258333333333
LF,2023-10-25,CO2,1641.1681666666666
LF,2023-10-26,CO2,1691.125
LF,2023-10-27,CO2,1677.655
LF,2023-10-28,CO2,1665.7378333333334
LF,2023-10-29,CO2,1657.368333333333
LF,2023-10-30,CO2,1667.7166666666665
LF,2023-10-31,CO2,1713.775
LF,2023-11-01,CO2,1640.7431666666669
LF,2023-11-03,CO2,676.269
LF,2023-11-04,CO2,889.712
LF,2023-11-05,CO2,1165.4321666666667
LF,2023-11-06,CO2,1252.8056666666666
LF,2023-11-07,CO2,1278.792
LF,2023-11-08,CO2,1262.5943333333332
LF,2023-11-09,CO2,1371.5855
LF,2023-12-10,CO2,1707.8366666666668
LF,2023-12-11,CO2,1665.3396666666667
LF,2023-12-12,CO2,1302.4021666666663
LF,2023-12-13,CO2,1280.9883333333337
LF,2023-12-14,CO2,1240.6313333333333
LF,2023-12-15,CO2,1284.8318333333334
OS,2022-04-20,CO2,1149.233
OS,2022-04-21,CO2,1233.3425
OS,2022-04-22,CO2,1229.5925
OS,2022-04-23,CO2,1277.2095
OS,2022-04-24,CO2,1273.515
OS,2022-04-25,CO2,1301.1735
OS,2022-04-26,CO2,1314.15
OS,2022-04-27,CO2,1312.7675
OS,2022-05-02,CO2,1456.308
OS,2022-05-03,CO2,1578.267
OS,2022-05-04,CO2,1726.929
OS,2022-05-05,CO2,1993.282
OS,2022-05-06,CO2,2444.572
OS,2022-05-07,CO2,2062.6795
OS,2022-05-08,CO2,2771.9605
OS,2022-05-09,CO2,2790.814
OS,2022-05-10,CO2,2761.81
OS,2022-05-16,CO2,2490.2875
OS,2022-05-17,CO2,2937.2435
OS,2022-05-18,CO2,3211.549
OS,2022-05-19,CO2,3165.3465
OS,2022-05-20,CO2,3085.0505
OS,2022-05-21,CO2,3139.874
OS,2022-05-22,CO2,3039.701
OS,2022-05-23,CO2,2924.3535
OS,2022-05-24,CO2,3000.4875
OS,2022-05-25,CO2,3035.032
OS,2022-05-26,CO2,3043.4525
OS,2022-05-27,CO2,3005.164
OS,2022-05-28,CO2,2896.1855
OS,2022-05-29,CO2,2774.7395
OS,2022-05-30,CO2,2932.6655
OS,2022-05-31,CO2,2877.182
OS,2022-06-01,CO2,2826.458
OS,2022-06-02,CO2,2869.8645
OS,2022-08-24,CO2,2313
OS,2022-08-25,CO2,2446
OS,2022-08-26,CO2,2492
OS,2022-08-27,CO2,2544
OS,2022-08-28,CO2,2507
OS,2022-08-29,CO2,2552
OS,2022-08-30,CO2,2540
OS,2022-08-31,CO2,2562
OS,2022-09-01,CO2,2260
OS,2022-09-02,CO2,2115
OS,2022-09-03,CO2,2302
OS,2022-09-04,CO2,2480
OS,2022-09-05,CO2,2645
OS,2022-09-06,CO2,2858
OS,2022-09-07,CO2,2958
OS,2022-09-08,CO2,3042
OS,2022-09-09,CO2,3087
OS,2022-09-10,CO2,2857
OS,2022-09-11,CO2,2871
OS,2022-09-12,CO2,3025
OS,2022-09-13,CO2,3164
OS,2022-09-14,CO2,3079
OS,2022-09-15,CO2,3015
OS,2022-09-16,CO2,2864
OS,2022-09-17,CO2,2838
OS,2022-09-18,CO2,2950
OS,2022-09-19,CO2,2955
OS,2022-09-20,CO2,3011
OS,2022-09-21,CO2,3048
OS,2022-09-22,CO2,2899
OS,2022-09-23,CO2,2971
OS,2022-09-24,CO2,2987
OS,2022-09-25,CO2,2879
OS,2022-09-26,CO2,2829
OS,2022-09-27,CO2,2952
OS,2022-09-28,CO2,2437
OS,2022-09-29,CO2,2241
OS,2022-09-30,CO2,1971
OS,2022-10-01,CO2,2136
OS,2022-10-03,CO2,2029
OS,2022-10-04,CO2,1946
OS,2022-10-05,CO2,1906
OS,2022-10-06,CO2,2001
OS,2022-10-07,CO2,2010
OS,2022-10-08,CO2,2378
OS,2022-10-09,CO2,2409
OS,2022-10-10,CO2,2399
OS,2022-10-11,CO2,2505
OS,2022-10-12,CO2,2712
OS,2022-10-13,CO2,2709
OS,2022-10-14,CO2,2668
OS,2022-10-15,CO2,2299
OS,2022-10-16,CO2,2180
OS,2022-10-17,CO2,2203
OS,2022-10-18,CO2,2296
OS,2022-10-19,CO2,1653
OS,2022-10-20,CO2,1562
OS,2022-10-21,CO2,1746
OS,2022-10-22,CO2,2354
OS,2022-10-23,CO2,2615
OS,2022-10-24,CO2,2819
OS,2022-10-25,CO2,2947
OS,2022-10-26,CO2,3170
OS,2022-10-27,CO2,3110
OS,2022-10-28,CO2,3203
OS,2022-10-29,CO2,3034
OS,2022-10-30,CO2,3283
OS,2022-10-31,CO2,2927
OS,2022-11-01,CO2,2138
OS,2022-11-02,CO2,2021
OS,2022-11-03,CO2,2031
OS,2022-11-04,CO2,1928
OS,2022-11-05,CO2,2220
OS,2022-11-06,CO2,2417
OS,2022-11-07,CO2,2432
OS,2022-11-08,CO2,2170
OS,2022-11-09,CO2,1680
OS,2022-11-10,CO2,2624
OS,2022-11-11,CO2,3174
OS,2022-11-12,CO2,3317
OS,2022-11-13,CO2,3012
OS,2022-11-14,CO2,1806
OS,2022-11-15,CO2,2106
OS,2022-11-16,CO2,2158
OS,2022-11-17,CO2,1821
OS,2022-11-18,CO2,1710
OS,2022-11-19,CO2,1898
OS,2022-11-20,CO2,2057
OS,2022-11-21,CO2,2217
OS,2022-11-22,CO2,2371
OS,2022-11-23,CO2,2647
OS,2022-11-24,CO2,3117
OS,2022-11-25,CO2,3443
OS,2022-11-26,CO2,2868
OS,2022-11-27,CO2,2858
OS,2022-11-28,CO2,2241
OS,2022-11-29,CO2,1693
OS,2022-11-30,CO2,1707
OS,2022-12-01,CO2,1710
OS,2022-12-02,CO2,1392
OS,2022-12-03,CO2,1492
OS,2022-12-04,CO2,1524
OS,2022-12-05,CO2,1650
OS,2022-12-06,CO2,1719
OS,2022-12-07,CO2,1650
OS,2022-12-08,CO2,1615
OS,2022-12-09,CO2,1599
OS,2022-12-10,CO2,1585
OS,2022-12-11,CO2,1592
OS,2022-12-12,CO2,1517
OS,2022-12-13,CO2,1500
OS,2022-12-14,CO2,1566
OS,2022-12-15,CO2,2207
OS,2022-12-16,CO2,1760
OS,2022-12-17,CO2,1461
OS,2022-12-18,CO2,1507
OS,2022-12-19,CO2,1339
OS,2022-12-20,CO2,4362
OS,2022-12-21,CO2,4495
OS,2023-01-04,CO2,1831
OS,2023-01-05,CO2,1963
OS,2023-01-06,CO2,1507
OS,2023-01-07,CO2,1160
OS,2023-01-08,CO2,1311
OS,2023-01-09,CO2,1357
OS,2023-01-10,CO2,1249
OS,2023-01-11,CO2,1251
OS,2023-01-12,CO2,1253
OS,2023-01-13,CO2,1507
OS,2023-01-14,CO2,1142
OS,2023-01-15,CO2,954
OS,2023-01-16,CO2,1135
OS,2023-01-17,CO2,1311
OS,2023-01-18,CO2,1441
OS,2023-01-19,CO2,1399
OS,2023-01-20,CO2,1580
OS,2023-01-21,CO2,1354
OS,2023-01-22,CO2,1427
OS,2023-01-23,CO2,1549
OS,2023-01-24,CO2,1311
OS,2023-01-25,CO2,1391
OS,2023-01-26,CO2,1447
OS,2023-01-27,CO2,1187
OS,2023-01-28,CO2,1256
OS,2023-01-29,CO2,1382
OS,2023-01-30,CO2,1681
OS,2023-01-31,CO2,1782
OS,2023-02-01,CO2,1687
OS,2023-02-02,CO2,1488
OS,2023-02-03,CO2,1288
OS,2023-02-04,CO2,1201
OS,2023-02-05,CO2,1246
OS,2023-02-06,CO2,887
OS,2023-02-07,CO2,884
OS,2023-02-08,CO2,854
OS,2023-02-09,CO2,932
OS,2023-02-10,CO2,894
OS,2023-02-11,CO2,1052
OS,2023-02-13,CO2,959
OS,2023-02-14,CO2,894
OS,2023-02-15,CO2,600.5
OS,2023-02-23,CO2,604.6
OS,2023-02-24,CO2,809
OS,2023-02-25,CO2,914
OS,2023-02-26,CO2,1007
OS,2023-02-27,CO2,1135
OS,2023-02-28,CO2,1273
OS,2023-03-01,CO2,1436
OS,2023-03-02,CO2,1735
OS,2023-03-03,CO2,1989
OS,2023-03-04,CO2,2229
OS,2023-03-05,CO2,2552
OS,2023-03-06,CO2,2598
OS,2023-03-07,CO2,2449
OS,2023-03-08,CO2,2555
OS,2023-03-09,CO2,1903
OS,2023-03-10,CO2,1771
OS,2023-03-11,CO2,1733
OS,2023-03-12,CO2,1419
OS,2023-03-13,CO2,1494
OS,2023-03-14,CO2,1351
OS,2023-03-15,CO2,1241
OS,2023-03-16,CO2,1288
OS,2023-03-17,CO2,1313
OS,2023-03-18,CO2,1321
OS,2023-03-19,CO2,1332
OS,2023-03-20,CO2,1049
OS,2023-03-21,CO2,967
OS,2023-03-22,CO2,1040
OS,2023-03-23,CO2,1142
OS,2023-03-24,CO2,1351
OS,2023-03-25,CO2,1502
OS,2023-03-26,CO2,1804
OS,2023-03-27,CO2,2077
OS,2023-03-28,CO2,2336
OS,2023-03-29,CO2,2175
OS,2023-03-30,CO2,1716
OS,2023-03-31,CO2,1784
OS,2023-04-01,CO2,1707
OS,2023-04-02,CO2,1834
OS,2023-04-03,CO2,1816
OS,2023-04-04,CO2,1878
OS,2023-04-05,CO2,2057
OS,2023-04-06,CO2,2185
OS,2023-04-07,CO2,2208
OS,2023-04-08,CO2,2294
OS,2023-04-09,CO2,2295
OS,2023-04-10,CO2,1631
OS,2023-04-11,CO2,1692
OS,2023-04-12,CO2,1743
OS,2023-04-13,CO2,1693
OS,2023-04-14,CO2,2115
OS,2023-04-15,CO2,1976
OS,2023-04-16,CO2,2083
OS,2023-04-17,CO2,1889
OS,2023-04-18,CO2,1587
OS,2023-04-19,CO2,1655
OS,2023-04-20,CO2,1612
OS,2023-04-21,CO2,1662
OS,2023-04-22,CO2,1791
OS,2023-04-23,CO2,1715
OS,2023-04-24,CO2,1793
OS,2023-04-25,CO2,1768
OS,2023-04-26,CO2,1743
OS,2023-04-27,CO2,1856
OS,2023-04-28,CO2,1883
OS,2023-04-29,CO2,2039
OS,2023-04-30,CO2,1567
OS,2023-05-01,CO2,1680
OS,2023-05-02,CO2,1788
OS,2023-05-03,CO2,1655
OS,2023-05-04,CO2,1492
OS,2023-05-05,CO2,1493
OS,2023-05-06,CO2,1743
OS,2023-05-07,CO2,1651
OS,2023-05-08,CO2,1657
OS,2023-05-09,CO2,1767
OS,2023-05-10,CO2,1804
OS,2023-05-11,CO2,1972
OS,2023-05-12,CO2,1972
OS,2023-05-13,CO2,2133
OS,2023-05-14,CO2,2208
OS,2023-05-15,CO2,2230
OS,2023-05-16,CO2,1871
OS,2023-05-17,CO2,2064
OS,2023-05-18,CO2,1858
OS,2023-05-19,CO2,1773
OS,2023-05-20,CO2,2487
OS,2023-05-21,CO2,2745
OS,2023-05-22,CO2,2668
OS,2023-05-23,CO2,2354
OS,2023-05-24,CO2,2685
OS,2023-05-25,CO2,2758
OS,2023-05-26,CO2,2676
OS,2023-05-27,CO2,3261
OS,2023-05-28,CO2,3726
OS,2023-05-29,CO2,3613
OS,2023-05-30,CO2,3026
OS,2023-05-31,CO2,1999
OS,2023-06-01,CO2,1834
OS,2023-06-02,CO2,1728
OS,2023-06-03,CO2,1768
OS,2023-06-04,CO2,2421
OS,2023-06-05,CO2,2789
OS,2023-06-06,CO2,3150
OS,2023-06-07,CO2,3198
OS,2023-06-08,CO2,3611
OS,2023-06-09,CO2,3484
OS,2023-06-10,CO2,3100
OS,2023-06-11,CO2,2661
OS,2023-06-12,CO2,2766
OS,2023-06-13,CO2,2137
OS,2023-06-14,CO2,2478
OS,2023-06-15,CO2,2665
OS,2023-06-16,CO2,3602
OS,2023-06-17,CO2,3268
OS,2023-06-18,CO2,3703
OS,2023-06-19,CO2,4033
OS,2023-06-20,CO2,4057
OS,2023-06-22,CO2,4482
OS,2023-06-26,CO2,4190
OS,2023-06-27,CO2,3829
OS,2023-06-28,CO2,3833
OS,2023-06-29,CO2,3951
OS,2023-06-30,CO2,3983
OS,2023-07-01,CO2,4038
OS,2023-07-24,CO2,4247
OS,2023-07-25,CO2,3233
OS,2023-07-26,CO2,3153
OS,2023-07-27,CO2,3454
OS,2023-07-28,CO2,3588
OS,2023-07-29,CO2,3953
OS,2023-07-30,CO2,4321
OS,2023-07-31,CO2,1770
OS,2023-08-01,CO2,2423
OS,2023-08-02,CO2,2450
OS,2023-08-03,CO2,2459
OS,2023-08-04,CO2,2527
OS,2023-08-05,CO2,2461
OS,2023-08-06,CO2,2562
OS,2023-08-07,CO2,2692
OS,2023-08-08,CO2,2816
OS,2023-08-09,CO2,2829
OS,2023-08-10,CO2,2901
OS,2023-08-11,CO2,2949
OS,2023-08-12,CO2,2993
OS,2023-08-13,CO2,2934
OS,2023-08-14,CO2,2816
OS,2023-08-15,CO2,2371
OS,2023-08-16,CO2,2354
OS,2023-08-17,CO2,2128
OS,2023-08-18,CO2,2313
OS,2023-08-19,CO2,2465
OS,2023-08-20,CO2,2472
OS,2023-08-21,CO2,2466
OS,2023-08-22,CO2,2302
OS,2023-08-23,CO2,2365
OS,2023-08-24,CO2,2296
OS,2023-08-25,CO2,2219
OS,2023-08-26,CO2,2256
OS,2023-08-27,CO2,2148
OS,2023-08-28,CO2,2181
OS,2023-08-29,CO2,2846
OS,2023-08-30,CO2,2868
OS,2023-08-31,CO2,3163
OS,2023-09-01,CO2,4367
OS,2023-09-02,CO2,4473
OS,2023-09-15,CO2,4420
OS,2023-09-16,CO2,4423
OS,2023-09-17,CO2,4376
OS,2023-09-18,CO2,4478
OS,2023-09-22,CO2,4490
OS,2023-09-23,CO2,4461
OS,2023-09-27,CO2,4261
OS,2023-09-28,CO2,4262
OS,2023-09-29,CO2,4492
OS,2023-10-01,CO2,4349
OS,2023-10-02,CO2,4315
OS,2023-10-03,CO2,4446
OS,2023-10-05,CO2,3962
OS,2023-10-06,CO2,3034
OS,2023-10-07,CO2,4287
OS,2023-10-08,CO2,4497
OS,2023-10-09,CO2,4499
OS,2023-10-10,CO2,4447
OS,2023-10-11,CO2,4497
OS,2023-10-12,CO2,1879
OS,2023-10-13,CO2,2898
OS,2023-10-14,CO2,2756
OS,2023-10-15,CO2,2747
OS,2023-10-16,CO2,2425
OS,2023-10-17,CO2,1831
OS,2023-10-18,CO2,2115
OS,2023-10-19,CO2,2276
OS,2023-10-20,CO2,2969
OS,2023-10-21,CO2,3360
OS,2023-10-22,CO2,3216
OS,2023-10-23,CO2,3565
OS,2023-10-24,CO2,3421
OS,2023-10-25,CO2,3275
OS,2023-10-26,CO2,2599
OS,2023-10-27,CO2,2549
OS,2023-10-28,CO2,2995
OS,2023-10-29,CO2,2969
OS,2023-10-30,CO2,2870
OS,2023-10-31,CO2,2928
OS,2023-11-01,CO2,2708
OS,2023-11-03,CO2,625.9
OS,2023-11-06,CO2,1354
AM,2022-04-01,depth,1.2854483041346025
AM,2022-04-02,depth,1.2227656322646532
AM,2022-04-03,depth,1.1959590646182192
AM,2022-04-04,depth,1.2039704710801684
AM,2022-04-05,depth,1.221448905185638
AM,2022-04-06,depth,1.2382275120622734
AM,2022-04-07,depth,1.2714078040537335
AM,2022-04-08,depth,1.3337033211252867
AM,2022-04-09,depth,1.3959575508072009
AM,2022-04-10,depth,1.4395537244880545
AM,2022-04-11,depth,1.4656290775057677
AM,2022-04-12,depth,1.4622834033950005
AM,2022-04-13,depth,1.4276935420295993
AM,2022-04-14,depth,1.3791292091458178
AM,2022-04-15,depth,1.3226109463453095
AM,2022-04-16,depth,1.2312983814945595
AM,2022-04-17,depth,1.1005373216488454
AM,2022-04-18,depth,0.9886703607168219
AM,2022-04-19,depth,0.9404462735415346
AM,2022-04-20,depth,0.9332258059166724
AM,2022-04-21,depth,0.9235979790589234
AM,2022-04-22,depth,0.899053026455688
AM,2022-04-23,depth,0.864985883398446
AM,2022-04-24,depth,0.8261354768563722
AM,2022-04-25,depth,0.7869343518464352
AM,2022-04-26,depth,0.7535152136750107
AM,2022-04-27,depth,0.7275185259874383
AM,2022-04-28,depth,0.6994242078003556
AM,2022-04-29,depth,0.6641258162365514
AM,2022-04-30,depth,0.63249667712884206
AM,2022-05-01,depth,0.6157037824813328
AM,2022-05-02,depth,0.6036790548231253
AM,2022-05-03,depth,0.5871574292151279
AM,2022-05-04,depth,0.5687398167403336
AM,2022-05-05,depth,0.5487740378137694
AM,2022-05-06,depth,0.5285227543294773
AM,2022-05-07,depth,0.5160945420001424
AM,2022-05-08,depth,0.5057978617054134
AM,2022-05-09,depth,0.48327269357133035
AM,2022-05-10,depth,0.4541030080492291
AM,2022-05-11,depth,0.42912946786121237
AM,2022-05-12,depth,0.4108314364648162
AM,2022-05-13,depth,0.40047548625370327
AM,2022-05-14,depth,0.3881293093984667
AM,2022-05-15,depth,0.3698460587795037
AM,2022-05-16,depth,0.35726225169699033
AM,2022-05-17,depth,0.3455656119005128
AM,2022-05-18,depth,0.32840130202429907
AM,2022-05-19,depth,0.3121156641186556
AM,2022-05-20,depth,0.30157456259177035
AM,2022-05-21,depth,0.29754368300233186
AM,2022-05-22,depth,0.29657373759658484
AM,2022-05-23,depth,0.29789054379608493
AM,2022-05-24,depth,0.30751429498504695
AM,2022-05-25,depth,0.316242391226847
AM,2022-05-26,depth,0.31547450207580846
AM,2022-05-27,depth,0.3146848516245237
AM,2022-05-28,depth,0.3218470476766868
AM,2022-05-29,depth,0.3311359548908157
AM,2022-05-30,depth,0.3305511259831683
AM,2022-05-31,depth,0.3265511339954684
AM,2022-06-01,depth,0.3252851272948437
AM,2022-06-02,depth,0.3164819096798599
AM,2022-06-03,depth,0.3007313346840033
AM,2022-06-04,depth,0.2953230060533446
AM,2022-06-05,depth,0.30149170716200946
AM,2022-06-06,depth,0.3035212687732776
AM,2022-06-07,depth,0.3117087246505327
AM,2022-06-08,depth,0.32724773396256535
AM,2022-06-09,depth,0.32308934280214935
AM,2022-06-10,depth,0.30133957634192954
AM,2022-06-11,depth,0.2817215744962007
AM,2022-06-12,depth,0.273316954219021
AM,2022-06-13,depth,0.27455933327840903
AM,2022-06-14,depth,0.2754989735004656
AM,2022-06-15,depth,0.2639279817407716
AM,2022-06-16,depth,0.24309079024516148
AM,2022-06-17,depth,0.225319521439144
AM,2022-06-18,depth,0.2166216541532071
AM,2022-06-19,depth,0.21372344116047517
AM,2022-06-20,depth,0.2098435823387643
AM,2022-06-21,depth,0.21351427865933092
AM,2022-06-22,depth,0.22090819494912564
AM,2022-06-23,depth,0.21395880714556412
AM,2022-06-24,depth,0.20613894385948509
AM,2022-06-25,depth,0.2112595752417938
AM,2022-06-26,depth,0.2128717409524692
AM,2022-06-27,depth,0.2020389120332162
AM,2022-06-28,depth,0.18851959636241494
AM,2022-06-29,depth,0.17550433457796838
AM,2022-06-30,depth,0.194616755039335
AM,2022-07-01,depth,0.2546547789741982
AM,2022-07-02,depth,0.28893722343100603
AM,2022-07-03,depth,0.27453660802777574
AM,2022-07-04,depth,0.252808820583445
AM,2022-07-05,depth,0.23460004938166484
AM,2022-07-06,depth,0.21934442834866866
AM,2022-07-07,depth,0.20682236343281665
AM,2022-07-08,depth,0.20297413535313147
AM,2022-07-09,depth,0.21672940652656406
AM,2022-07-10,depth,0.24370973728976192
AM,2022-07-11,depth,0.26988439053446067
AM,2022-07-12,depth,0.30238374129743795
AM,2022-07-13,depth,0.3503241812154658
AM,2022-07-14,depth,0.4032478538513346
AM,2022-07-15,depth,0.46782838148439965
AM,2022-07-16,depth,0.5624217782693994
AM,2022-07-17,depth,0.6789263380674444
AM,2022-07-18,depth,0.7772968006022336
AM,2022-07-19,depth,0.931872851773671
AM,2022-07-20,depth,1.0053179655451214
AM,2022-07-21,depth,1.0861627904171798
AM,2022-07-22,depth,1.11701588138309
AM,2022-07-23,depth,1.111335509451395
AM,2022-07-24,depth,1.097832695711241
AM,2022-07-25,depth,1.0926645875155183
AM,2022-07-26,depth,1.0971510288450697
AM,2022-07-27,depth,1.0838578306859923
AM,2022-07-28,depth,1.038265811016975
AM,2022-07-29,depth,0.9827496170485401
AM,2022-07-30,depth,0.9295936796350817
AM,2022-07-31,depth,0.8758953922426108
AM,2022-08-01,depth,0.8189147656930802
AM,2022-08-02,depth,0.7557794592564204
AM,2022-08-03,depth,0.6902303033673655
AM,2022-08-04,depth,0.6271854260523261
AM,2022-08-05,depth,0.571099243913663
AM,2022-08-06,depth,0.535396116184737
AM,2022-08-07,depth,0.5244214192864934
AM,2022-08-08,depth,0.5269988557291998
AM,2022-08-09,depth,0.5346482176501837
AM,2022-08-10,depth,0.5456221254643789
AM,2022-08-11,depth,0.5795784959823336
AM,2022-08-12,depth,0.6251430766369412
AM,2022-08-13,depth,0.6361587155935502
AM,2022-08-14,depth,0.624835866624824
AM,2022-08-15,depth,0.6203077146829331
AM,2022-08-16,depth,0.6102133856458476
AM,2022-08-17,depth,0.5802434864294204
AM,2022-08-18,depth,0.5444388615534208
AM,2022-08-19,depth,0.516315251084141
AM,2022-08-20,depth,0.494492918978953
AM,2022-08-21,depth,0.47903058485449235
AM,2022-08-22,depth,0.4762311515681887
AM,2022-08-23,depth,0.4990297271875012
AM,2022-08-24,depth,0.5353187317515066
AM,2022-08-25,depth,0.5365023638659995
AM,2022-08-26,depth,0.516713129505201
AM,2022-08-27,depth,0.5655089962088141
AM,2022-08-28,depth,0.7376860151607657
AM,2022-08-29,depth,0.9641796586384
AM,2022-08-30,depth,1.1508254937959579
AM,2022-08-31,depth,1.2953289720931882
AM,2022-09-01,depth,1.4210649288136203
AM,2022-09-02,depth,1.4975445641611562
AM,2022-09-03,depth,1.4812043914460638
AM,2022-09-04,depth,1.41952910700606
AM,2022-09-05,depth,1.3834824262632726
AM,2022-09-06,depth,1.3757054261981216
AM,2022-09-07,depth,1.365429753713694
AM,2022-09-08,depth,1.342961897693764
AM,2022-09-09,depth,1.3119747199861531
AM,2022-09-10,depth,1.2793754341112586
AM,2022-09-11,depth,1.262393429595429
AM,2022-09-12,depth,1.2800519818889147
AM,2022-09-13,depth,1.3207269291034305
AM,2022-09-14,depth,1.3439510560310706
AM,2022-09-15,depth,1.3302445477735112
AM,2022-09-16,depth,1.287440085355588
AM,2022-09-17,depth,1.236281365525539
AM,2022-09-18,depth,1.1879721131847965
AM,2022-09-19,depth,1.139384674849124
AM,2022-09-20,depth,1.0872584785928505
AM,2022-09-21,depth,1.0336989407526038
AM,2022-09-22,depth,0.9817319937503305
AM,2022-09-23,depth,0.9322939106397272
AM,2022-09-24,depth,0.8863524953109495
AM,2022-09-25,depth,0.8461688320135574
AM,2022-09-26,depth,0.8099549848749578
AM,2022-09-27,depth,0.7705010244978494
AM,2022-09-28,depth,0.7208358825550096
AM,2022-09-29,depth,0.6771766246362496
AM,2022-09-30,depth,0.6528064133285756
AM,2022-10-01,depth,0.6267473470864182
AM,2022-10-02,depth,0.5902615096855724
AM,2022-10-03,depth,0.5540135906613712
AM,2022-10-04,depth,0.5253052931664698
AM,2022-10-05,depth,0.5019280642768864
AM,2022-10-06,depth,0.47733622908429796
AM,2022-10-07,depth,0.4531725854594314
AM,2022-10-08,depth,0.43193137595551967
AM,2022-10-09,depth,0.41373116015041445
AM,2022-10-10,depth,0.39988426165893926
AM,2022-10-11,depth,0.3848351510092394
AM,2022-10-12,depth,0.36918226001532883
AM,2022-10-13,depth,0.3602484907496323
AM,2022-10-14,depth,0.352264252339932
AM,2022-10-15,depth,0.32686931135736164
AM,2022-10-16,depth,0.295388211965527
AM,2022-10-17,depth,0.2839259890043392
AM,2022-10-18,depth,0.27847826214579957
AM,2022-10-19,depth,0.27280614272349596
AM,2022-10-20,depth,0.2681106488887458
AM,2022-10-21,depth,0.264667616982031
AM,2022-10-22,depth,0.2603993552546768
AM,2022-10-23,depth,0.2574510099500082
AM,2022-10-24,depth,0.2587724247230423
AM,2022-10-25,depth,0.26137168928440174
AM,2022-10-26,depth,0.26281007740304146
AM,2022-10-27,depth,0.2646022583493359
AM,2022-10-28,depth,0.26576841357910413
AM,2022-10-29,depth,0.2652714938794861
AM,2022-10-30,depth,0.2649812451228959
AM,2022-10-31,depth,0.2655343184259738
AM,2022-11-01,depth,0.2659487321270254
AM,2022-11-02,depth,0.2655511602642849
AM,2022-11-03,depth,0.2648113176624056
AM,2022-11-04,depth,0.26445930066946727
AM,2022-11-05,depth,0.2645108320130346
AM,2022-11-06,depth,0.2655182143444853
AM,2022-11-07,depth,0.2665335436991851
AM,2022-11-08,depth,0.2672335029244839
AM,2022-11-09,depth,0.27147504556742963
AM,2022-11-10,depth,0.2732454507378359
AM,2022-11-11,depth,0.2693152480823466
AM,2022-11-12,depth,0.26840175118909365
AM,2022-11-13,depth,0.26926817445268353
AM,2022-11-14,depth,0.2692020064390179
AM,2022-11-15,depth,0.2678380745623848
AM,2022-11-16,depth,0.26671238892068794
AM,2022-11-17,depth,0.2668227116910678
AM,2022-11-18,depth,0.26756306884565195
AM,2022-11-19,depth,0.2664253896034871
AM,2022-11-20,depth,0.2658214654662744
AM,2022-11-21,depth,0.26478996398007587
AM,2022-11-22,depth,0.2630558873113406
AM,2022-11-23,depth,0.2625556255127337
AM,2022-11-24,depth,0.2614367808732674
AM,2022-11-25,depth,0.2607389625551978
AM,2022-11-26,depth,0.2617266957659847
AM,2022-11-27,depth,0.2620761594723758
AM,2022-11-28,depth,0.2623957654537931
AM,2022-11-29,depth,0.26366915234621285
AM,2022-11-30,depth,0.2634982893097455
AM,2022-12-01,depth,0.2634807128657738
AM,2022-12-02,depth,0.26251351452648003
AM,2022-12-03,depth,0.26157631753734556
AM,2022-12-04,depth,0.261626824660679
AM,2022-12-05,depth,0.25831809484753504
AM,2022-12-06,depth,0.2549838360725545
AM,2022-12-07,depth,0.25496522610657757
AM,2022-12-08,depth,0.2550393062381569
AM,2022-12-09,depth,0.2551986693279113
AM,2022-12-10,depth,0.25471514093134806
AM,2022-12-11,depth,0.2543656259429218
AM,2022-12-12,depth,0.25400378186332606
AM,2022-12-13,depth,0.2540459763173836
AM,2022-12-14,depth,0.2536805140569544
AM,2022-12-15,depth,0.25247603976416505
AM,2022-12-16,depth,0.2533704682737062
AM,2022-12-17,depth,0.2537581795859322
AM,2022-12-18,depth,0.2539100136450943
AM,2022-12-19,depth,0.2570841358211701
AM,2022-12-20,depth,0.25316089349988097
AM,2022-12-21,depth,0.24968651429177394
AM,2022-12-22,depth,0.25682695242015185
AM,2022-12-23,depth,0.2627751446935177
AM,2022-12-24,depth,0.2698914999059226
AM,2022-12-25,depth,0.28004642593671253
AM,2022-12-26,depth,0.2817020122779478
AM,2022-12-27,depth,0.2787184771755266
AM,2022-12-28,depth,0.27592396733798874
AM,2022-12-29,depth,0.27167589260732644
AM,2022-12-30,depth,0.26447199374671593
AM,2022-12-31,depth,0.25885033650558126
AM,2023-01-01,depth,0.258846966533142
AM,2023-01-02,depth,0.2590932010641299
AM,2023-01-03,depth,0.2559442644010232
AM,2023-01-04,depth,0.254531395300674
AM,2023-01-05,depth,0.2629732074015917
AM,2023-01-06,depth,0.2888034938174928
AM,2023-01-07,depth,0.31738508847791613
AM,2023-01-08,depth,0.3255349485452689
AM,2023-01-09,depth,0.31931007534473393
AM,2023-01-10,depth,0.3168026790663715
AM,2023-01-11,depth,0.31947448814234547
AM,2023-01-12,depth,0.32022775528454395
AM,2023-01-13,depth,0.32022300623320415
AM,2023-01-14,depth,0.3280058797032255
AM,2023-01-15,depth,0.3458286344575342
AM,2023-01-16,depth,0.3612363676409111
AM,2023-01-17,depth,0.3664073352204994
AM,2023-01-18,depth,0.364411131077012
AM,2023-01-19,depth,0.36389101809062435
AM,2023-01-20,depth,0.36223246383664093
AM,2023-01-21,depth,0.3577964560383087
AM,2023-01-22,depth,0.3580926745217367
AM,2023-01-23,depth,0.36139027864426215
AM,2023-01-24,depth,0.38663959518670166
AM,2023-01-25,depth,0.4609480008883576
AM,2023-01-26,depth,0.5684321800112169
AM,2023-01-27,depth,0.6828592806867902
AM,2023-01-28,depth,0.7872505874184909
AM,2023-01-29,depth,0.874835754930255
AM,2023-01-30,depth,0.955202856133849
AM,2023-01-31,depth,1.0261520196992724
AM,2023-02-01,depth,0.934137670147103
AM,2023-02-02,depth,0.8084621018514079
AM,2023-02-03,depth,0.8340125161711059
AM,2023-02-04,depth,0.8697799059027903
AM,2023-02-05,depth,0.8956520103851027
AM,2023-02-06,depth,0.9207103555451144
AM,2023-02-07,depth,0.9388890820208207
AM,2023-02-08,depth,0.951511443672978
AM,2023-02-09,depth,0.9613747762996004
AM,2023-02-10,depth,0.9785505590996206
AM,2023-02-11,depth,1.0127626859735765
AM,2023-02-12,depth,1.086442010512241
AM,2023-02-13,depth,1.2269489013922503
AM,2023-02-14,depth,1.4150290631634048
AM,2023-02-15,depth,1.6113720417073063
AM,2023-02-16,depth,1.779742665294045
AM,2023-02-17,depth,1.9112971885111945
AM,2023-02-18,depth,2.019729908142836
AM,2023-02-19,depth,2.1050475447177353
AM,2023-02-20,depth,2.165629188013588
AM,2023-02-21,depth,2.197188468359487
AM,2023-02-22,depth,2.1973411758863834
AM,2023-02-23,depth,2.1624864796050782
AM,2023-02-24,depth,2.091587765352118
AM,2023-02-25,depth,2.005312139403618
AM,2023-02-26,depth,1.9234759599829918
AM,2023-02-27,depth,1.839257532343336
AM,2023-02-28,depth,1.745388333906483
AM,2023-03-01,depth,1.6504740679456886
AM,2023-03-02,depth,1.5617053193867638
AM,2023-03-03,depth,1.4805687193966999
AM,2023-03-04,depth,1.40513593929354
AM,2023-03-05,depth,1.331406588830006
AM,2023-03-06,depth,1.2615785687083856
AM,2023-03-07,depth,1.1999350090823881
AM,2023-03-08,depth,1.1417989758700346
AM,2023-03-09,depth,1.082648687739337
AM,2023-03-10,depth,1.0297756436683896
AM,2023-03-11,depth,0.9872035204402347
AM,2023-03-12,depth,0.9647187997903571
AM,2023-03-13,depth,0.9598801310241007
AM,2023-03-14,depth,0.9673237719581113
AM,2023-03-15,depth,0.9945308674663781
AM,2023-03-16,depth,1.0050474225159907
AM,2023-03-17,depth,0.990450924653624
AM,2023-03-18,depth,0.9807890893371168
AM,2023-03-19,depth,0.9949065024847437
AM,2023-03-20,depth,1.0213202310141376
AM,2023-03-21,depth,1.0364516732694313
AM,2023-03-22,depth,1.0343974480421225
AM,2023-03-23,depth,1.0148381815158962
AM,2023-03-24,depth,0.9951526656075119
AM,2023-03-25,depth,0.9783820349307984
AM,2023-03-26,depth,0.9439885357265955
AM,2023-03-27,depth,0.898618423687508
AM,2023-03-28,depth,0.8743119979516145
AM,2023-03-29,depth,0.89088728643584425
AM,2023-03-30,depth,0.9272600776832541
AM,2023-03-31,depth,0.9610311423533997
AM,2023-04-01,depth,0.97790505470464
AM,2023-04-02,depth,0.9738541229453365
AM,2023-04-03,depth,0.9489247908192352
AM,2023-04-04,depth,0.913866299425404
AM,2023-04-05,depth,0.8814944897656127
AM,2023-04-06,depth,0.8514076147596666
AM,2023-04-07,depth,0.818875295526577
AM,2023-04-08,depth,0.7908770168791306
AM,2023-04-09,depth,0.772740920695807
AM,2023-04-10,depth,0.7620450124946586
AM,2023-04-11,depth,0.7518377394248574
AM,2023-04-12,depth,0.7364594146068362
AM,2023-04-13,depth,0.714399819880133
AM,2023-04-14,depth,0.6841885200986634
AM,2023-04-15,depth,0.6504685669538857
AM,2023-04-16,depth,0.6220375015721964
AM,2023-04-17,depth,0.5995692124832752
AM,2023-04-18,depth,0.5835871770853726
AM,2023-04-19,depth,0.5700378339994967
AM,2023-04-20,depth,0.5467750702584334
AM,2023-04-21,depth,0.5140620075345098
AM,2023-04-22,depth,0.4790346377924809
AM,2023-04-23,depth,0.44102146411495785
AM,2023-04-24,depth,0.4039335270438483
AM,2023-04-25,depth,0.37566080811102204
AM,2023-04-26,depth,0.3570176118271202
AM,2023-04-27,depth,0.3456811072209637
AM,2023-04-28,depth,0.3378086595923528
AM,2023-04-29,depth,0.33410989880446573
AM,2023-04-30,depth,0.3379096128039752
AM,2023-05-01,depth,0.3428124867075213
AM,2023-05-02,depth,0.34945225603730823
AM,2023-05-03,depth,0.348924152959202
AM,2023-05-04,depth,0.318763200544379
AM,2023-05-05,depth,0.28693271468384807
AM,2023-05-06,depth,0.2747946062355895
AM,2023-05-07,depth,0.271831182832901
AM,2023-05-08,depth,0.27071917713666427
AM,2023-05-09,depth,0.25565094565971186
AM,2023-05-10,depth,0.24432054036710768
AM,2023-05-11,depth,0.23948440279335317
AM,2023-05-12,depth,0.23605260479185255
AM,2023-05-13,depth,0.23593395577441864
AM,2023-05-14,depth,0.23620156531436834
AM,2023-05-15,depth,0.2352767885638155
AM,2023-05-16,depth,0.23289221199289561
AM,2023-05-17,depth,0.23242721259891141
AM,2023-05-18,depth,0.2406913402666881
AM,2023-05-19,depth,0.2489975833074371
AM,2023-05-20,depth,0.2634244234682296
AM,2023-05-21,depth,0.2872394822518227
AM,2023-05-22,depth,0.2976731499864413
AM,2023-05-23,depth,0.30010866762213934
AM,2023-05-24,depth,0.3292619861210564
AM,2023-05-25,depth,0.37698181173168777
AM,2023-05-26,depth,0.4021996347337713
AM,2023-05-27,depth,0.4099034743021272
AM,2023-05-28,depth,0.41438076052844836
AM,2023-05-29,depth,0.40813018623529224
AM,2023-05-30,depth,0.38931563349263354
AM,2023-05-31,depth,0.36567271048890604
AM,2023-06-01,depth,0.3391073502760342
AM,2023-06-02,depth,0.3156559948076131
AM,2023-06-03,depth,0.3012611921060016
AM,2023-06-04,depth,0.2918807971299326
AM,2023-06-05,depth,0.2799712924345233
AM,2023-06-06,depth,0.2631526333453947
AM,2023-06-07,depth,0.2488132133148418
AM,2023-06-08,depth,0.24346273328108356
AM,2023-06-09,depth,0.24569546162559777
AM,2023-06-10,depth,0.25205097934059456
AM,2023-06-11,depth,0.254886690599099
AM,2023-06-12,depth,0.2550367864393744
AM,2023-06-13,depth,0.2539973370609634
AM,2023-06-14,depth,0.2544111627598615
AM,2023-06-15,depth,0.2529457635304401
AM,2023-06-16,depth,0.2773747290102859
AM,2023-06-17,depth,0.4394518843921384
AM,2023-06-18,depth,0.6810858584200327
AM,2023-06-19,depth,0.8365961047035694
AM,2023-06-20,depth,0.90834405101015
AM,2023-06-21,depth,0.9474080615025358
AM,2023-06-22,depth,1.009059858279836
AM,2023-06-23,depth,1.1268199516196538
AM,2023-06-24,depth,1.3021054484197707
AM,2023-06-25,depth,1.4849148483215935
AM,2023-06-26,depth,1.6279344199976262
AM,2023-06-27,depth,1.7143585147711013
AM,2023-06-28,depth,1.7428100067474679
AM,2023-06-29,depth,1.7276899286404999
AM,2023-06-30,depth,1.6930124438610719
AM,2023-07-01,depth,1.6574145155342759
AM,2023-07-02,depth,1.6242113822499176
AM,2023-07-03,depth,1.5871537722912856
AM,2023-07-04,depth,1.5347272834922818
AM,2023-07-05,depth,1.4672949132282929
AM,2023-07-06,depth,1.3924681876681249
AM,2023-07-07,depth,1.3138090778805978
AM,2023-07-08,depth,1.2270454307154612
AM,2023-07-09,depth,1.1268590778592176
AM,2023-07-10,depth,1.0307418456225548
AM,2023-07-11,depth,0.9487228761205471
AM,2023-07-12,depth,0.8865748102221488
AM,2023-07-13,depth,0.8362742526679197
AM,2023-07-14,depth,0.7916181503874296
AM,2023-07-15,depth,0.7525960706850175
AM,2023-07-16,depth,0.7262248621600007
AM,2023-07-17,depth,0.7145161030038498
AM,2023-07-18,depth,0.6982484764261119
AM,2023-07-19,depth,0.6650949773447985
AM,2023-07-20,depth,0.6231654471958353
AM,2023-07-21,depth,0.5929473938733449
AM,2023-07-22,depth,0.5802927305684648
AM,2023-07-23,depth,0.5803145796949027
AM,2023-07-24,depth,0.5914285547454409
AM,2023-07-25,depth,0.610395172613683
AM,2023-07-26,depth,0.6252370296424762
AM,2023-07-27,depth,0.6162998280832164
AM,2023-07-28,depth,0.5910815036010144
AM,2023-07-29,depth,0.5659991077263122
AM,2023-07-30,depth,0.5567194228344909
AM,2023-07-31,depth,0.5747970105448684
AM,2023-08-01,depth,0.6137596745408116
AM,2023-08-02,depth,0.65315610275571
AM,2023-08-03,depth,0.6802548942841428
AM,2023-08-04,depth,0.6929629047164745
AM,2023-08-05,depth,0.6993968132640335
AM,2023-08-06,depth,0.7076855629554705
AM,2023-08-07,depth,0.7488452734717177
AM,2023-08-08,depth,0.7902128761053105
AM,2023-08-09,depth,0.7969985791948802
AM,2023-08-10,depth,0.78493481378135
AM,2023-08-11,depth,0.7555999068065238
AM,2023-08-12,depth,0.7105155103003865
AM,2023-08-13,depth,0.6615658268253054
AM,2023-08-14,depth,0.6164645696837406
AM,2023-08-15,depth,0.5780540158860424
AM,2023-08-16,depth,0.560094436645496
AM,2023-08-17,depth,0.5770838132411087
AM,2023-08-18,depth,0.6080603028414964
AM,2023-08-19,depth,0.6241902918255084
AM,2023-08-20,depth,0.621674401656545
AM,2023-08-21,depth,0.604538726357397
AM,2023-08-22,depth,0.5810001196471948
AM,2023-08-23,depth,0.551052401523818
AM,2023-08-24,depth,0.510825963589339
AM,2023-08-25,depth,0.4711411576719726
AM,2023-08-26,depth,0.44285474378186407
AM,2023-08-27,depth,0.4278848206645617
AM,2023-08-28,depth,0.4190545248062446
AM,2023-08-29,depth,0.41278233209590603
AM,2023-08-30,depth,0.417496951397525
AM,2023-08-31,depth,0.5064312348529912
AM,2023-09-01,depth,0.7230339385205995
AM,2023-09-02,depth,0.9894762512875958
AM,2023-09-03,depth,1.1897686421455096
AM,2023-09-04,depth,1.3219947399133114
AM,2023-09-05,depth,1.3908369865262589
AM,2023-09-06,depth,1.405732415254852
AM,2023-09-07,depth,1.384342514464174
AM,2023-09-08,depth,1.3496570700144852
AM,2023-09-09,depth,1.3295087887047654
AM,2023-09-10,depth,1.3196411654841214
AM,2023-09-11,depth,1.2892433568240809
AM,2023-09-12,depth,1.243003595856536
AM,2023-09-13,depth,1.1870446063509632
AM,2023-09-14,depth,1.1190587418016193
AM,2023-09-15,depth,1.05044669498629
AM,2023-09-16,depth,0.9916018543555355
AM,2023-09-17,depth,0.9445536824286256
AM,2023-09-18,depth,0.9029849574179075
AM,2023-09-19,depth,0.865792714365574
AM,2023-09-20,depth,0.8375899958970887
AM,2023-09-21,depth,0.8122384568118586
AM,2023-09-22,depth,0.7829756040381579
AM,2023-09-23,depth,0.7561059936843916
AM,2023-09-24,depth,0.7332300386537168
AM,2023-09-25,depth,0.7077515801332358
AM,2023-09-26,depth,0.6874003469622557
AM,2023-09-27,depth,0.7041897538799344
AM,2023-09-28,depth,0.7523051392354912
AM,2023-09-29,depth,0.7874265701421259
AM,2023-09-30,depth,0.7961392853071182
AM,2023-10-01,depth,0.7820616276233157
AM,2023-10-02,depth,0.7066697338057981
AM,2023-10-03,depth,0.6272516640175577
AM,2023-10-04,depth,0.603251430014816
AM,2023-10-05,depth,0.5876492516596286
AM,2023-10-06,depth,0.5721858516903633
AM,2023-10-07,depth,0.5569816919697316
AM,2023-10-08,depth,0.5408204066106387
AM,2023-10-09,depth,0.5243439133171276
AM,2023-10-10,depth,0.5061414411567634
AM,2023-10-11,depth,0.49672419518871946
AM,2023-10-12,depth,0.5044107646520096
AM,2023-10-13,depth,0.5371640338236834
AM,2023-10-14,depth,0.6152397058768596
AM,2023-10-15,depth,0.6920784189420305
AM,2023-10-16,depth,0.7330717606438037
AM,2023-10-17,depth,0.7459206666652881
AM,2023-10-18,depth,0.7393553913167553
AM,2023-10-19,depth,0.727480686558734
AM,2023-10-20,depth,0.7205032781641647
AM,2023-10-21,depth,0.7134463702207404
AM,2023-10-22,depth,0.7027575569386473
AM,2023-10-23,depth,0.6896131530567915
AM,2023-10-24,depth,0.6724784904831181
AM,2023-10-25,depth,0.6528470521894407
AM,2023-10-26,depth,0.632890990446723
AM,2023-10-27,depth,0.6111481105474311
AM,2023-10-28,depth,0.5879531843664937
AM,2023-10-29,depth,0.5652308003048823
AM,2023-10-30,depth,0.544540301209801
AM,2023-10-31,depth,0.526499336780157
AM,2023-11-01,depth,0.5054497837944316
AM,2023-11-02,depth,0.4855012851353906
AM,2023-11-03,depth,0.4799019143464283
AM,2023-11-04,depth,0.4773874122028498
AM,2023-11-05,depth,0.4660118646210353
AM,2023-11-06,depth,0.45428807003605015
AM,2023-11-07,depth,0.4400294524619959
AM,2023-11-08,depth,0.42514210412239556
AM,2023-11-09,depth,0.4085482794301266
AM,2023-11-10,depth,0.38846447043537813
AM,2023-11-11,depth,0.36783661057338574
AM,2023-11-12,depth,0.354763856780986
AM,2023-11-13,depth,0.3475485518869732
AM,2023-11-14,depth,0.3364787907065356
AM,2023-11-15,depth,0.32564544926868805
AM,2023-11-16,depth,0.33015325082916336
AM,2023-11-17,depth,0.3388840511805101
AM,2023-11-18,depth,0.3369086653804315
AM,2023-11-19,depth,0.33382134601880564
AM,2023-11-20,depth,0.33211483986697043
AM,2023-11-21,depth,0.33055214569170144
AM,2023-11-22,depth,0.3296275908492078
AM,2023-11-23,depth,0.32933856846498477
AM,2023-11-24,depth,0.32846967410723366
AM,2023-11-25,depth,0.3286237165869993
AM,2023-11-26,depth,0.33163643662113973
AM,2023-11-27,depth,0.33079103680967936
AM,2023-11-28,depth,0.33520374234964445
AM,2023-11-29,depth,0.3482028752765978
AM,2023-11-30,depth,0.3568753998044898
AM,2023-12-01,depth,0.358489780241562
AM,2023-12-02,depth,0.371730032823806
AM,2023-12-03,depth,0.4267369198221132
AM,2023-12-04,depth,0.5785485548127518
AM,2023-12-05,depth,0.7609497273320468
AM,2023-12-06,depth,0.8732411229806643
AM,2023-12-07,depth,0.9135515046686079
AM,2023-12-08,depth,0.9118466537160376
AM,2023-12-09,depth,0.8939722774085781
AM,2023-12-10,depth,0.8784107106606623
AM,2023-12-11,depth,0.8831325672227528
AM,2023-12-12,depth,0.9313305955053905
AM,2023-12-13,depth,0.9965939346727939
AM,2023-12-14,depth,1.0408013974635917
AM,2023-12-15,depth,1.0621072566192562
AM,2023-12-16,depth,1.0798849830040318
AM,2023-12-17,depth,1.1348417165313014
AM,2023-12-18,depth,1.3405724154686756
AM,2023-12-19,depth,1.659967642514035
AM,2023-12-20,depth,1.919505016199493
AM,2023-12-21,depth,2.081503052723187
AM,2023-12-22,depth,2.1777182405653317
AM,2023-12-23,depth,2.223910576235964
AM,2023-12-24,depth,2.2401494441620033
AM,2023-12-25,depth,2.2451369825562306
AM,2023-12-26,depth,2.2425411709429577
AM,2023-12-27,depth,2.2345056246656485
AM,2023-12-28,depth,2.2216380864870655
AM,2023-12-29,depth,2.1993638682427035
AM,2023-12-30,depth,2.16892384455563
AM,2023-12-31,depth,2.1336246957279297
AM,2024-01-01,depth,2.0987590858486134
AM,2024-01-02,depth,2.0634789681884387
AM,2024-01-03,depth,2.027376343955321
AM,2024-01-04,depth,1.9897901975494388
AM,2024-01-05,depth,1.9539276794122298
AM,2024-01-06,depth,1.93453473102518
AM,2024-01-07,depth,1.9333724039384816
AM,2024-01-08,depth,1.9498407186275426
AM,2024-01-09,depth,1.9758492782970227
AM,2024-01-10,depth,2.009086592110378
AM,2024-01-11,depth,2.067192443043324
AM,2024-01-12,depth,2.1379034278522506
AM,2024-01-13,depth,2.1914091839587497
AM,2024-01-14,depth,2.2279653452794665
AM,2024-01-15,depth,2.2605026421378827
AM,2024-01-16,depth,2.2903318794229692
AM,2024-01-17,depth,2.314552280367676
AM,2024-01-18,depth,2.338853736119962
AM,2024-01-19,depth,2.3542458038886296
AM,2024-01-20,depth,2.3476749158659342
AM,2024-01-21,depth,2.3200164890351713
AM,2024-01-22,depth,2.2797965492485606
AM,2024-01-23,depth,2.233848020040686
AM,2024-01-24,depth,2.185169899609163
AM,2024-01-25,depth,2.1406394709233365
AM,2024-01-26,depth,2.103672315211008
AM,2024-01-27,depth,2.0696849499722436
AM,2024-01-28,depth,2.0365466717903673
AM,2024-01-29,depth,1.9991748508189093
AM,2024-01-30,depth,1.955033839175716
AM,2024-01-31,depth,1.906327244052734
AM,2024-02-01,depth,1.855720534918194
AM,2024-02-02,depth,1.8048549556358606
AM,2024-02-03,depth,1.7555664620954612
AM,2024-02-04,depth,1.7090180902025165
AM,2024-02-05,depth,1.6669337791384127
AM,2024-02-06,depth,1.6390711696781306
AM,2024-02-07,depth,1.6221974260197904
AM,2024-02-08,depth,1.6094657856648347
AM,2024-02-09,depth,1.602268504295604
AM,2024-02-10,depth,1.6011234042162847
AM,2024-02-11,depth,1.6023404223260944
AM,2024-02-12,depth,1.6039993690581107
AM,2024-02-13,depth,1.5998313624906841
AM,2024-02-14,depth,1.5929081293405636
AM,2024-02-15,depth,1.5842078148944345
AM,2024-02-16,depth,1.5717561662189443
AM,2024-02-17,depth,1.5675029464690449
AM,2024-02-18,depth,1.5761676240396432
AM,2024-02-19,depth,1.5992698977542663
AM,2024-02-20,depth,1.6382576451393056
AM,2024-02-21,depth,1.6842990980994608
AM,2024-02-22,depth,1.7321261873135472
AM,2024-02-23,depth,1.7758720199419737
AM,2024-02-24,depth,1.7969952446372408
AM,2024-02-25,depth,1.78789822630618
AM,2024-02-26,depth,1.765464375236725
AM,2024-02-27,depth,1.7412280266919042
AM,2024-02-28,depth,1.7043623730273754
AM,2024-02-29,depth,1.6419829494791691
AM,2024-03-01,depth,1.5620813023446456
AM,2024-03-02,depth,1.4819897511369995
AM,2024-03-03,depth,1.4126181749488562
AM,2024-03-04,depth,1.366948606688731
AM,2024-03-05,depth,1.3474150097695732
AM,2024-03-06,depth,1.343704539656364
AM,2024-03-07,depth,1.359761537359621
AM,2024-03-08,depth,1.383679406327029
AM,2024-03-09,depth,1.3991808955555822
AM,2024-03-10,depth,1.4415370121354543
AM,2024-03-11,depth,1.5383618579249447
AM,2024-03-12,depth,1.6451016600220543
AM,2024-03-13,depth,1.7394740277442018
AM,2024-03-14,depth,1.8223009242931
AM,2024-03-15,depth,1.886388985243827
AM,2024-03-16,depth,1.9332379879629276
AM,2024-03-17,depth,1.9649407308579263
AM,2024-03-18,depth,1.9828548397037828
AM,2024-03-19,depth,1.987563304129509
AM,2024-03-20,depth,1.9843603803402978
AM,2024-03-21,depth,1.9679300704162144
AM,2024-03-22,depth,1.9467310271634473
AM,2024-03-23,depth,1.9398397112571988
AM,2024-03-24,depth,1.9498984113842548
AM,2024-03-25,depth,1.9697678704017096
AM,2024-03-26,depth,1.9884366377570029
AM,2024-03-27,depth,2.0064562758146143
AM,2024-03-28,depth,2.033386577317573
AM,2024-03-29,depth,2.0844888835574236
AM,2024-03-30,depth,2.1581326718489215
AM,2024-03-31,depth,2.2317395000735423
AM,2024-04-01,depth,2.301885526792617
AM,2024-04-02,depth,2.3687579725346914
AM,2024-04-03,depth,2.4403591210566002
AM,2024-04-04,depth,2.510856228305962
AM,2024-04-05,depth,2.5691634933663052
AM,2024-04-06,depth,2.6039903270725993
AM,2024-04-07,depth,2.6050012907512388
AM,2024-04-08,depth,2.570502801227172
AM,2024-04-09,depth,2.51743422570099
AM,2024-04-10,depth,2.4747710061494095
AM,2024-04-11,depth,2.4978698458739452
AM,2024-04-12,depth,2.657891103787489
AM,2024-04-13,depth,2.9259587176152357
AM,2024-04-14,depth,3.2049918096168977
AM,2024-04-15,depth,3.4440366647289844
AM,2024-04-16,depth,3.6190992854813295
AM,2024-04-17,depth,3.7542435193124652
AM,2024-04-18,depth,3.876135667775879
AM,2024-04-19,depth,3.9817485001419604
AM,2024-04-20,depth,4.0599934558466035
AM,2024-04-21,depth,4.107871586306703
AM,2024-04-22,depth,4.11473518479952
AM,2024-04-23,depth,4.05834065130055
AM,2024-04-24,depth,3.9425318983406994
AM,2024-04-25,depth,3.798575397000473
AM,2024-04-26,depth,3.654388259977378
AM,2024-04-27,depth,3.5055428018154253
AM,2024-04-28,depth,3.3420754194717457
AM,2024-04-29,depth,3.170301497936451
AM,2024-04-30,depth,3.0039794586113633
AM,2024-05-01,depth,2.8476548265313792
AM,2024-05-02,depth,2.6989973432346965
AM,2024-05-03,depth,2.5577619348871856
AM,2024-05-04,depth,2.4356887268723306
AM,2024-05-05,depth,2.3294737475493354
AM,2024-05-06,depth,2.22961950188549
AM,2024-05-07,depth,2.141040454926787
AM,2024-05-08,depth,2.072988801707668
AM,2024-05-09,depth,2.0219776511725187
AM,2024-05-10,depth,1.9782030651478633
AM,2024-05-11,depth,1.9426228444937694
AM,2024-05-12,depth,1.912618945767993
AM,2024-05-13,depth,1.8923765460344957
AM,2024-05-14,depth,1.9040847963729743
AM,2024-05-15,depth,1.9664433405054171
AM,2024-05-16,depth,2.070045881164368
AM,2024-05-17,depth,2.187117353313962
AM,2024-05-18,depth,2.3087990320225122
AM,2024-05-19,depth,2.437031364022391
AM,2024-05-20,depth,2.568759304948539
AM,2024-05-21,depth,2.6912112977738216
AM,2024-05-22,depth,2.812508199096624
AM,2024-05-23,depth,2.9505848246473536
AM,2024-05-24,depth,3.0907726858552773
AM,2024-05-25,depth,3.2074188427924093
AM,2024-05-26,depth,3.2834020812560607
AM,2024-05-27,depth,3.3083787499109225
AM,2024-05-28,depth,3.283707011210347
AM,2024-05-29,depth,3.2199238681123887
AM,2024-05-30,depth,3.128293801828652
AM,2024-05-31,depth,3.0265895243195415
AM,2024-06-01,depth,2.9369083334745105
AM,2024-06-02,depth,2.8681594150071543
AM,2024-06-03,depth,2.8073601528033167
AM,2024-06-04,depth,2.737168046639045
AM,2024-06-05,depth,2.6514257276959894
AM,2024-06-06,depth,2.5529582411316953
AM,2024-06-07,depth,2.450772541178746
AM,2024-06-08,depth,2.351419895530167
AM,2024-06-09,depth,2.248586120186752
AM,2024-06-10,depth,2.134735469009162
AM,2024-06-11,depth,2.014906721050489
AM,2024-06-12,depth,1.8897009021278077
AM,2024-06-13,depth,1.7653734400193344
AM,2024-06-14,depth,1.644096857499637
AM,2024-06-15,depth,1.525895219660977
AM,2024-06-16,depth,1.4182305909685677
AM,2024-06-17,depth,1.3286645891414428
AM,2024-06-18,depth,1.2481083045140418
AM,2024-06-19,depth,1.1769439828497534
AM,2024-06-20,depth,1.1083196980995158
AM,2024-06-21,depth,1.0450910672407832
AM,2024-06-22,depth,0.9917822085472444
AM,2024-06-23,depth,0.9442708128905205
AM,2024-06-24,depth,0.9015210905641581
AM,2024-06-25,depth,0.8575648419105238
AM,2024-06-26,depth,0.8130032047628076
AM,2024-06-27,depth,0.7784652859337619
AM,2024-06-28,depth,0.7531361580609978
AM,2024-06-29,depth,0.7251948146610022
AM,2024-06-30,depth,0.7039984707656877
AM,2024-07-01,depth,0.6909173257685104
AM,2024-07-02,depth,0.680608551624839
AM,2024-07-03,depth,0.6948868227784679
AM,2024-07-04,depth,0.7458365955814936
AM,2024-07-05,depth,0.8315135812428294
AM,2024-07-06,depth,0.9211581995444335
AM,2024-07-07,depth,0.9726776270855143
AM,2024-07-08,depth,0.9749428788678279
AM,2024-07-09,depth,0.9624668073241652
AM,2024-07-10,depth,0.9625372949473535
AM,2024-07-11,depth,0.9704853742427595
AM,2024-07-12,depth,0.9907786730503454
AM,2024-07-13,depth,1.028824369902421
AM,2024-07-14,depth,1.0749698543756723
AM,2024-07-15,depth,1.1074673527829044
AM,2024-07-16,depth,1.111112874155735
AM,2024-07-17,depth,1.0795768121738873
AM,2024-07-18,depth,1.018766896700635
AM,2024-07-19,depth,0.9546696745503647
AM,2024-07-23,depth,0.9136925852514907
AM,2024-07-24,depth,0.8786518454305243
AM,2024-07-25,depth,0.8444550935569973
AM,2024-07-26,depth,0.8532174815115512
AM,2024-07-27,depth,0.883216279674618
AM,2024-07-28,depth,0.9842355024492956
AM,2024-07-29,depth,1.166919409911389
AM,2024-07-30,depth,1.2848133250014975
AM,2024-07-31,depth,1.2882816783594904
AM,2024-08-01,depth,1.262801037814281
AM,2024-08-02,depth,1.2777410734268246
AM,2024-08-03,depth,1.3085693952352773
AM,2024-08-04,depth,1.2916816914572211
AM,2024-08-05,depth,1.386648292202123
AM,2024-08-06,depth,1.8065791315950217
AM,2024-08-07,depth,2.245003112804714
AM,2024-08-08,depth,2.3990294362248945
AM,2024-08-09,depth,2.401316368409725
AM,2024-08-10,depth,2.3580916996425842
AM,2024-08-11,depth,2.2868256514042584
AM,2024-08-12,depth,2.207035119852471
AM,2024-08-13,depth,2.1120355030249565
AM,2024-08-14,depth,1.9802868230334387
AM,2024-08-15,depth,1.8197016727026225
AM,2024-08-16,depth,1.662970819771844
AM,2024-08-17,depth,1.5251127055187836
AM,2024-08-18,depth,1.414081995008065
AM,2024-08-19,depth,1.3357212786615549
AM,2024-08-20,depth,1.274293863900497
AM,2024-08-21,depth,1.220140815978539
AM,2024-08-22,depth,1.176351958718551
AM,2024-08-23,depth,1.1402787286494966
AM,2024-08-24,depth,1.1071601006909533
AM,2024-08-25,depth,1.0710478512744321
AM,2024-08-26,depth,1.02294173962614
AM,2024-08-27,depth,0.9796120410489164
AM,2024-08-28,depth,0.9558411336288767
AM,2024-08-29,depth,0.933241845067703
AM,2024-08-30,depth,0.9024006161513668
AM,2024-08-31,depth,0.8679291702061346
AM,2024-09-01,depth,0.8355521478261271
AM,2024-09-02,depth,0.8047464547516314
AM,2024-09-03,depth,0.7747650677370576
AM,2024-09-04,depth,0.7464800626369517
AM,2024-09-05,depth,0.7176305125264028
AM,2024-09-06,depth,0.6878280813738022
AM,2024-09-07,depth,0.6598871138638537
AM,2024-09-08,depth,0.6346525346420694
AM,2024-09-09,depth,0.6125996514153974
AM,2024-09-10,depth,0.5954614231176736
AM,2024-09-11,depth,0.5849051081906318
AM,2024-09-12,depth,0.5903717587652252
AM,2024-09-13,depth,0.6081187782464986
AM,2024-09-14,depth,0.6285749492744905
AM,2024-09-15,depth,0.6628160682935613
AM,2024-09-16,depth,0.7070020127265612
AM,2024-09-17,depth,0.7448131925985809
AM,2024-09-18,depth,0.7772953341046734
AM,2024-09-19,depth,0.8210978587915213
AM,2024-09-20,depth,0.8680737691429286
AM,2024-09-21,depth,0.8855282321510407
AM,2024-09-22,depth,0.8638055008550498
AM,2024-09-23,depth,0.8269316092524699
AM,2024-09-24,depth,0.7950526056643703
AM,2024-09-25,depth,0.7736842405815977
AM,2024-09-26,depth,0.7477952928714139
AM,2024-09-27,depth,0.7451292423802506
AM,2024-09-28,depth,0.8389736599039173
AM,2024-09-29,depth,0.9822428463231996
AM,2024-09-30,depth,1.075709654093311
AM,2024-10-01,depth,1.18339052229297
AM,2024-10-02,depth,1.3944873224537788
AM,2024-10-03,depth,1.6713677475886424
AM,2024-10-04,depth,1.9429550496332406
AM,2024-10-05,depth,2.0952858420615805
GB,2022-04-01,depth,0.935527151629182
GB,2022-04-02,depth,0.8827880943657298
GB,2022-04-03,depth,0.8474753354409054
GB,2022-04-04,depth,0.8345280522398022
GB,2022-04-05,depth,0.8319222203771243
GB,2022-04-06,depth,0.8237310097005307
GB,2022-04-07,depth,0.8054582730530249
GB,2022-04-08,depth,0.7831526728669939
GB,2022-04-09,depth,0.7633184391578325
GB,2022-04-10,depth,0.7451837221579117
GB,2022-04-11,depth,0.7254561760248495
GB,2022-04-12,depth,0.7048045602003133
GB,2022-04-13,depth,0.6864567795130345
GB,2022-04-14,depth,0.6700109252304519
GB,2022-04-15,depth,0.6552982939531308
GB,2022-04-16,depth,0.6440011503494574
GB,2022-04-17,depth,0.6327781261822214
GB,2022-04-18,depth,0.6210607105560851
GB,2022-04-19,depth,0.6145768193780551
GB,2022-04-20,depth,0.6136833241873747
GB,2022-04-21,depth,0.613557076422899
GB,2022-04-22,depth,0.6130162216996866
GB,2022-04-23,depth,0.6118452058826099
GB,2022-04-24,depth,0.6075781738494703
GB,2022-04-25,depth,0.5995868300844533
GB,2022-04-26,depth,0.5918699573392023
GB,2022-04-27,depth,0.5863220336434449
GB,2022-04-28,depth,0.5818330611560665
GB,2022-04-29,depth,0.5784746317538998
GB,2022-04-30,depth,0.5748018160263882
GB,2022-05-01,depth,0.5700077195408237
GB,2022-05-02,depth,0.5659403624945984
GB,2022-05-03,depth,0.5681376662294454
GB,2022-05-04,depth,0.579017813838194
GB,2022-05-05,depth,0.590788135626851
GB,2022-05-06,depth,0.6010199603131876
GB,2022-05-07,depth,0.6087613470433553
GB,2022-05-08,depth,0.6093838040582483
GB,2022-05-09,depth,0.6060975628217035
GB,2022-05-10,depth,0.6021457162104409
GB,2022-05-11,depth,0.5945828225082356
GB,2022-05-12,depth,0.5834372370575716
GB,2022-05-13,depth,0.5721221940040584
GB,2022-05-14,depth,0.5623000806151911
GB,2022-05-15,depth,0.5528952011105005
GB,2022-05-16,depth,0.5464807299565598
GB,2022-05-17,depth,0.5437241085936885
GB,2022-05-18,depth,0.540743113434121
GB,2022-05-19,depth,0.5376703667739863
GB,2022-05-20,depth,0.5338143979264349
GB,2022-05-21,depth,0.5293242703021426
GB,2022-05-22,depth,0.5293268044741264
GB,2022-05-23,depth,0.5350429664657232
GB,2022-05-24,depth,0.5378940929103845
GB,2022-05-25,depth,0.5337509860561239
GB,2022-05-26,depth,0.5287518365287117
GB,2022-05-27,depth,0.5257792900678927
GB,2022-05-28,depth,0.5220281787413363
GB,2022-05-29,depth,0.517388629828796
GB,2022-05-30,depth,0.512841544074592
GB,2022-05-31,depth,0.5100396473110593
GB,2022-06-29,depth,0.46909408143833514
GB,2022-06-30,depth,0.47059766934818426
GB,2022-07-01,depth,0.4725656646164016
GB,2022-07-02,depth,0.4732880284762568
GB,2022-07-03,depth,0.47405923491320967
GB,2022-07-04,depth,0.4759824440786277
GB,2022-07-05,depth,0.47908988620707177
GB,2022-07-06,depth,0.48567879654237806
GB,2022-07-07,depth,0.4943573232985006
GB,2022-07-08,depth,0.4980399434464034
GB,2022-07-09,depth,0.49581796334706996
GB,2022-07-10,depth,0.49281224100375776
GB,2022-07-11,depth,0.4934157730607556
GB,2022-07-12,depth,0.49901911782301006
GB,2022-07-13,depth,0.505965809458636
GB,2022-07-14,depth,0.5100196774173992
GB,2022-07-15,depth,0.5116048124742577
GB,2022-07-16,depth,0.5118797548414126
GB,2022-07-17,depth,0.5112270514790044
GB,2022-07-18,depth,0.5098721480933421
GB,2022-07-19,depth,0.5081490974306229
GB,2022-07-20,depth,0.5078098141759191
GB,2022-07-21,depth,0.5094129982855048
GB,2022-07-22,depth,0.5107326594015164
GB,2022-07-23,depth,0.5121222607040449
GB,2022-07-24,depth,0.5173661585334396
GB,2022-07-25,depth,0.5277030102306247
GB,2022-07-26,depth,0.5426222772206193
GB,2022-07-27,depth,0.5696640410918796
GB,2022-07-28,depth,0.6048300951310628
GB,2022-07-29,depth,0.6201186399400316
GB,2022-07-30,depth,0.6092071023187327
GB,2022-07-31,depth,0.5926403334180579
GB,2022-08-01,depth,0.5802953069478357
GB,2022-08-02,depth,0.5694561160824296
GB,2022-08-03,depth,0.5579716775254872
GB,2022-08-04,depth,0.5483513615378363
GB,2022-08-05,depth,0.5424648022314081
GB,2022-08-06,depth,0.5399334391060967
GB,2022-08-07,depth,0.5394410807824378
GB,2022-08-08,depth,0.5373574462938046
GB,2022-08-09,depth,0.5344514895847384
GB,2022-08-10,depth,0.5336855729795484
GB,2022-08-11,depth,0.533001354788061
GB,2022-08-12,depth,0.5298022276865852
GB,2022-08-13,depth,0.5239128349203489
GB,2022-08-14,depth,0.5214459952008036
GB,2022-08-15,depth,0.522669761936244
GB,2022-08-16,depth,0.5204273977065764
GB,2022-08-17,depth,0.5161650880730058
GB,2022-08-18,depth,0.514541807132141
GB,2022-08-19,depth,0.5147658153946612
GB,2022-08-20,depth,0.5158762135940388
GB,2022-08-21,depth,0.5189916060050628
GB,2022-08-22,depth,0.5215014791967263
GB,2022-08-23,depth,0.5198089676016863
GB,2022-08-24,depth,0.5163612035143208
GB,2022-08-25,depth,0.5180864854779963
GB,2022-08-26,depth,0.5423424585641005
GB,2022-08-27,depth,0.5891795642939975
GB,2022-08-28,depth,0.63415618403614
GB,2022-08-29,depth,0.6802319378660924
GB,2022-08-30,depth,0.7428481739518094
GB,2022-08-31,depth,0.8146217398522362
GB,2022-09-01,depth,0.8652842145044368
GB,2022-09-02,depth,0.881427260285853
GB,2022-09-03,depth,0.8744458807243807
GB,2022-09-04,depth,0.8600078261014146
GB,2022-09-05,depth,0.8510495342890463
GB,2022-09-06,depth,0.8506258372881459
GB,2022-09-07,depth,0.8552642962891612
GB,2022-09-08,depth,0.8542133001561825
GB,2022-09-09,depth,0.8408789725657541
GB,2022-09-10,depth,0.8293823197001999
GB,2022-09-11,depth,0.8440450029487256
GB,2022-09-12,depth,0.9062411890519209
GB,2022-09-13,depth,0.9993235193777928
GB,2022-09-14,depth,1.0566948856282568
GB,2022-09-15,depth,1.0435086912066773
GB,2022-09-16,depth,0.991433932853467
GB,2022-09-17,depth,0.940320019389517
GB,2022-09-18,depth,0.9041088870845475
GB,2022-09-19,depth,0.8817953864565392
GB,2022-09-20,depth,0.8663404183081928
GB,2022-09-21,depth,0.8518845032430404
GB,2022-09-22,depth,0.8342643583109376
GB,2022-09-23,depth,0.8105541304067431
GB,2022-09-24,depth,0.7864966160662032
GB,2022-09-25,depth,0.7661933647980484
GB,2022-09-26,depth,0.7458678900122979
GB,2022-09-27,depth,0.7253906222917299
GB,2022-09-28,depth,0.7080847226418238
GB,2022-09-29,depth,0.69333495045281
GB,2022-09-30,depth,0.6785645406396431
GB,2022-10-01,depth,0.6640989725795324
GB,2022-10-02,depth,0.651208189854951
GB,2022-10-03,depth,0.640815422539452
GB,2022-10-04,depth,0.6328893951161444
GB,2022-10-05,depth,0.6252803909234818
GB,2022-10-06,depth,0.6169757055390959
GB,2022-10-07,depth,0.6078012295247451
GB,2022-10-08,depth,0.5960566168863513
GB,2022-10-09,depth,0.5873936136268971
GB,2022-10-10,depth,0.6229670720278754
GB,2022-10-11,depth,0.6378152356238954
GB,2022-10-12,depth,0.6307113126486614
GB,2022-10-13,depth,0.6293940102793718
GB,2022-10-14,depth,0.6234312381895991
GB,2022-10-15,depth,0.6141369444542768
GB,2022-10-16,depth,0.606883412260617
GB,2022-10-17,depth,0.6030113292675928
GB,2022-10-18,depth,0.6032271138237149
GB,2022-10-19,depth,0.5952525985560682
GB,2022-10-20,depth,0.5899541124798297
GB,2022-10-21,depth,0.5865320511865244
GB,2022-10-22,depth,0.5807301778170266
GB,2022-10-23,depth,0.5747414891842447
GB,2022-10-24,depth,0.5698808836552096
GB,2022-10-25,depth,0.5691419314373277
GB,2022-10-26,depth,0.5661061986902671
GB,2022-10-27,depth,0.5627961791235385
GB,2022-10-28,depth,0.5572301938790121
GB,2022-10-29,depth,0.5547929881511015
GB,2022-10-30,depth,0.5536429968419512
GB,2022-10-31,depth,0.5521360819051911
GB,2022-11-01,depth,0.5501516450610068
GB,2022-11-02,depth,0.5456589985127464
GB,2022-11-03,depth,0.5437033440593279
GB,2022-11-04,depth,0.5419167919011477
GB,2022-11-05,depth,0.5397461653144472
GB,2022-11-06,depth,0.537133773178937
GB,2022-11-07,depth,0.5355580688143977
GB,2022-11-08,depth,0.5318792991345153
GB,2022-11-09,depth,0.5348002668787804
GB,2022-11-10,depth,0.5416703621063005
GB,2022-11-11,depth,0.5394870192888335
GB,2022-11-12,depth,0.5397900870644619
GB,2022-11-13,depth,0.5474618899918411
GB,2022-11-14,depth,0.5521234649313784
GB,2022-11-15,depth,0.5553291873725162
GB,2022-11-16,depth,0.5577300485947599
GB,2022-11-17,depth,0.5588607120896838
GB,2022-11-18,depth,0.558383253690376
GB,2022-11-19,depth,0.5565597355520715
GB,2022-11-20,depth,0.5542164772723751
GB,2022-11-21,depth,0.5500489941711646
GB,2022-11-22,depth,0.5476320633661624
GB,2022-11-23,depth,0.5468559531685663
GB,2022-11-24,depth,0.5447494892286031
GB,2022-11-25,depth,0.5411074855482388
GB,2022-11-26,depth,0.5382063969509899
GB,2022-11-27,depth,0.5387426075786144
GB,2022-11-28,depth,0.5360116300875469
GB,2022-11-29,depth,0.532552399569301
GB,2022-11-30,depth,0.5332211623809239
GB,2022-12-01,depth,0.5317100761148934
GB,2022-12-02,depth,0.529370549368219
GB,2022-12-03,depth,0.5296627224508657
GB,2022-12-04,depth,0.530902182105987
GB,2022-12-05,depth,0.5291932974071122
GB,2022-12-06,depth,0.5263438668994421
GB,2022-12-07,depth,0.5251140117668981
GB,2022-12-08,depth,0.5247798580765763
GB,2022-12-09,depth,0.5236191885252922
GB,2022-12-10,depth,0.5214836607022887
GB,2022-12-11,depth,0.5211196746487997
GB,2022-12-12,depth,0.5199957307101493
GB,2022-12-13,depth,0.5180204714314492
GB,2022-12-14,depth,0.5173002876052893
GB,2022-12-15,depth,0.5175358845682846
GB,2022-12-16,depth,0.515873596690079
GB,2022-12-17,depth,0.513825242481808
GB,2022-12-18,depth,0.5134370951924204
GB,2022-12-19,depth,0.5129961333266857
GB,2022-12-20,depth,0.5122309278747952
GB,2022-12-21,depth,0.5119899217570132
GB,2022-12-22,depth,0.5120570231442538
GB,2022-12-23,depth,0.5114528476165298
GB,2022-12-24,depth,0.5100089225580685
GB,2022-12-25,depth,0.5094215042670532
GB,2022-12-26,depth,0.5086651054950685
GB,2022-12-27,depth,0.5065496276371136
GB,2022-12-28,depth,0.5036565009292394
GB,2022-12-29,depth,0.502360314202143
GB,2022-12-30,depth,0.5019011256715994
GB,2022-12-31,depth,0.5009483303783091
GB,2023-01-01,depth,0.49986562233621684
GB,2023-01-02,depth,0.4983337273544363
GB,2023-01-03,depth,0.497972546135443
GB,2023-01-04,depth,0.5009419758344278
GB,2023-01-05,depth,0.5029795210582536
GB,2023-01-06,depth,0.5027028616108751
GB,2023-01-07,depth,0.5032427603008082
GB,2023-01-08,depth,0.5049070441513855
GB,2023-01-09,depth,0.5060500437702597
GB,2023-01-10,depth,0.5048411269483243
GB,2023-01-11,depth,0.5022306716297602
GB,2023-01-12,depth,0.5031057054245777
GB,2023-01-13,depth,0.5063942932118778
GB,2023-01-14,depth,0.5038998441255255
GB,2023-01-15,depth,0.5025972658112176
GB,2023-01-16,depth,0.503396461698851
GB,2023-01-17,depth,0.5017057361895692
GB,2023-01-18,depth,0.49763202358875286
GB,2023-01-19,depth,0.4955313084518086
GB,2023-01-20,depth,0.49587128590705437
GB,2023-01-21,depth,0.4958031692273677
GB,2023-01-22,depth,0.49702350272571294
GB,2023-01-23,depth,0.49498101321581145
GB,2023-01-24,depth,0.49392570543757497
GB,2023-01-25,depth,0.4974581202168589
GB,2023-01-26,depth,0.4972686626824985
GB,2023-01-27,depth,0.4945081264603506
GB,2023-01-28,depth,0.49440390369894394
GB,2023-01-29,depth,0.49472320436633926
GB,2023-01-30,depth,0.49541545939129533
GB,2023-01-31,depth,0.49453355141261
GB,2023-02-01,depth,0.4924430234037507
GB,2023-02-02,depth,0.49202461965631206
GB,2023-02-03,depth,0.49282245602377667
GB,2023-02-04,depth,0.4919316613745865
GB,2023-02-05,depth,0.4942997234759536
GB,2023-02-06,depth,0.49494062296530694
GB,2023-02-07,depth,0.49021984048003786
GB,2023-02-08,depth,0.4683963282027264
GB,2023-02-09,depth,0.4546288086783383
GB,2023-02-10,depth,0.45718061325689924
GB,2023-02-11,depth,0.4537159447640483
GB,2023-02-12,depth,0.4600858705979011
GB,2023-02-13,depth,0.46755379353924437
GB,2023-02-14,depth,0.4707764258373441
GB,2023-02-15,depth,0.47305888180167743
GB,2023-02-16,depth,0.47459552818051576
GB,2023-02-17,depth,0.4834462999168165
GB,2023-02-18,depth,0.4888163151759652
GB,2023-02-19,depth,0.48898604782624094
GB,2023-02-20,depth,0.49067522305187367
GB,2023-02-21,depth,0.4885645309454592
GB,2023-02-22,depth,0.48450840930116884
GB,2023-02-23,depth,0.48240708897012935
GB,2023-02-24,depth,0.4816657572309825
GB,2023-02-25,depth,0.4818356179042678
GB,2023-03-02,depth,0.47691834251979853
GB,2023-03-03,depth,0.4749662629616408
GB,2023-03-04,depth,0.4728700813512504
GB,2023-03-05,depth,0.47152004671912895
GB,2023-03-06,depth,0.47161919922388856
GB,2023-03-07,depth,0.47139216392816746
GB,2023-03-08,depth,0.46847964488599997
GB,2023-03-09,depth,0.4684952480509687
GB,2023-03-10,depth,0.47067802099407574
GB,2023-03-11,depth,0.4694173856191025
GB,2023-03-12,depth,0.4691386147301942
GB,2023-03-13,depth,0.47325028904791105
GB,2023-03-14,depth,0.4779897093821632
GB,2023-03-15,depth,0.48930401412888913
GB,2023-03-16,depth,0.5040498904451391
GB,2023-03-17,depth,0.5172541055314529
GB,2023-03-18,depth,0.5256486227906817
GB,2023-03-19,depth,0.5265501747587858
GB,2023-03-20,depth,0.526087022613912
GB,2023-03-21,depth,0.5250732312554315
GB,2023-03-22,depth,0.5229724774708382
GB,2023-03-23,depth,0.5110024858622843
GB,2023-03-24,depth,0.4978840242094999
GB,2023-03-25,depth,0.4904250893860393
GB,2023-03-26,depth,0.481771644168075
GB,2023-03-27,depth,0.47582734014833583
GB,2023-03-28,depth,0.4735481216518959
GB,2023-03-29,depth,0.46786626373638934
GB,2023-03-30,depth,0.46006105491324123
GB,2023-03-31,depth,0.4574054470161167
GB,2023-04-01,depth,0.4574887855327787
GB,2023-04-02,depth,0.45701101823895895
GB,2023-04-03,depth,0.453462851620772
GB,2023-04-04,depth,0.4486980760851231
GB,2023-04-05,depth,0.444788669479172
GB,2023-04-06,depth,0.442090711381724
GB,2023-04-07,depth,0.44048896851741803
GB,2023-04-08,depth,0.4416698448941964
GB,2023-04-09,depth,0.44299033839443336
GB,2023-04-10,depth,0.4401939200739785
GB,2023-04-11,depth,0.43796353346217276
GB,2023-04-12,depth,0.4377366388816502
GB,2023-04-13,depth,0.4376326175528797
GB,2023-04-14,depth,0.43692553415090385
GB,2023-04-15,depth,0.43506405449224683
GB,2023-04-16,depth,0.4342579934238065
GB,2023-04-17,depth,0.43378547953635077
GB,2023-04-18,depth,0.42898790069932513
GB,2023-04-19,depth,0.424874036608977
GB,2023-04-20,depth,0.42308557654950374
GB,2023-04-21,depth,0.42377113779255665
GB,2023-04-22,depth,0.4247733199950285
GB,2023-04-23,depth,0.4212097817698136
GB,2023-04-24,depth,0.41749586978599296
GB,2023-04-25,depth,0.4158675173948813
GB,2023-04-26,depth,0.414033357321945
GB,2023-04-27,depth,0.414104003176471
GB,2023-04-28,depth,0.4136100005907013
GB,2023-04-29,depth,0.41340345388731853
GB,2023-04-30,depth,0.4163524850364388
GB,2023-05-01,depth,0.4135457546223939
GB,2023-05-02,depth,0.4103399347553924
GB,2023-05-03,depth,0.41025071777731237
GB,2023-05-04,depth,0.4085635830491446
GB,2023-05-05,depth,0.40432913309948226
GB,2023-05-06,depth,0.40163547606992206
GB,2023-05-07,depth,0.4004689186082694
GB,2023-05-08,depth,0.39990631665072623
GB,2023-05-09,depth,0.3996805480817245
GB,2023-05-10,depth,0.3990948769951153
GB,2023-05-11,depth,0.3995063510158997
GB,2023-05-12,depth,0.40020011331304894
GB,2023-05-13,depth,0.40047428508210975
GB,2023-05-14,depth,0.39893201114848514
GB,2023-05-15,depth,0.3976586295657576
GB,2023-05-16,depth,0.39869220314032866
GB,2023-05-17,depth,0.39914347091301605
GB,2023-05-18,depth,0.39628366651039904
GB,2023-05-19,depth,0.4100675834094282
GB,2023-05-20,depth,0.4302076828081526
GB,2023-05-21,depth,0.41360315778606144
GB,2023-05-22,depth,0.39176546201865475
GB,2023-05-23,depth,0.3894155522066445
GB,2023-05-24,depth,0.3921032532318469
GB,2023-05-25,depth,0.3955335148911741
GB,2023-05-26,depth,0.40092483536676177
GB,2023-05-27,depth,0.4072252254470494
GB,2023-05-28,depth,0.4112515868425021
GB,2023-05-29,depth,0.4134755374766296
GB,2023-05-30,depth,0.41545913459735473
GB,2023-05-31,depth,0.41638994421803155
GB,2023-06-01,depth,0.41525021309986027
GB,2023-06-02,depth,0.41318670961698595
GB,2023-06-03,depth,0.4119144666762714
GB,2023-06-04,depth,0.41139784091936904
GB,2023-06-05,depth,0.4081187261660778
GB,2023-06-06,depth,0.40322273871903913
GB,2023-06-07,depth,0.4011861736338331
GB,2023-06-08,depth,0.39894626348049783
GB,2023-06-09,depth,0.3941266403738885
GB,2023-06-10,depth,0.3901929582041741
GB,2023-06-11,depth,0.3886586031855049
GB,2023-06-12,depth,0.3873046632279687
GB,2023-06-13,depth,0.38524636544857793
GB,2023-06-14,depth,0.38517006179944974
GB,2023-06-15,depth,0.3885992755594179
GB,2023-06-16,depth,0.390754592148631
GB,2023-06-17,depth,0.39136618050942396
GB,2023-06-18,depth,0.39118591548230786
GB,2023-06-19,depth,0.3925612298755329
GB,2023-06-20,depth,0.39893177210124425
GB,2023-06-21,depth,0.40887158326760203
GB,2023-06-22,depth,0.4196435543617395
GB,2023-06-23,depth,0.42867376631349585
GB,2023-06-24,depth,0.4445674365810176
GB,2023-06-25,depth,0.470290790963708
GB,2023-06-26,depth,0.5027775943453218
GB,2023-06-27,depth,0.5435708760922047
GB,2023-06-28,depth,0.5832945252146112
GB,2023-06-29,depth,0.6001335619179708
GB,2023-06-30,depth,0.6027433495825952
GB,2023-07-01,depth,0.6012315102781043
GB,2023-07-02,depth,0.5946057450170081
GB,2023-07-03,depth,0.5857281467801744
GB,2023-07-04,depth,0.5737514329922336
GB,2023-07-05,depth,0.5591257204560629
GB,2023-07-06,depth,0.5477537021238776
GB,2023-07-07,depth,0.5401071075652525
GB,2023-07-08,depth,0.5310127069863884
GB,2023-07-09,depth,0.5234776424185962
GB,2023-07-10,depth,0.5294697311647463
GB,2023-07-11,depth,0.5391026017989565
GB,2023-07-12,depth,0.5437725015401026
GB,2023-07-13,depth,0.5565723713369349
GB,2023-07-14,depth,0.5683347071535376
GB,2023-07-15,depth,0.5719062302658734
GB,2023-07-16,depth,0.5778560750913211
GB,2023-07-17,depth,0.5822428788528309
GB,2023-07-18,depth,0.581790468241018
GB,2023-07-19,depth,0.5795175634167782
GB,2023-07-20,depth,0.5792042526810989
GB,2023-07-21,depth,0.5821211686834511
GB,2023-07-22,depth,0.5844234333428091
GB,2023-07-23,depth,0.5809878382348141
GB,2023-07-24,depth,0.5711885753340485
GB,2023-07-25,depth,0.5605802767888827
GB,2023-07-26,depth,0.5529330054968543
GB,2023-07-27,depth,0.5487707540194398
GB,2023-07-28,depth,0.5533964119039169
GB,2023-07-29,depth,0.5626720953788154
GB,2023-07-30,depth,0.5687928206966799
GB,2023-07-31,depth,0.5694310531877975
GB,2023-08-01,depth,0.5698945205392495
GB,2023-08-02,depth,0.5728225980731247
GB,2023-08-03,depth,0.5996779404047639
GB,2023-08-04,depth,0.7080881959877354
GB,2023-08-05,depth,0.8510521310797735
GB,2023-08-06,depth,0.9124123175859373
GB,2023-08-07,depth,0.9066194521366872
GB,2023-08-08,depth,0.8796205510644854
GB,2023-08-09,depth,0.8531136956346239
GB,2023-08-10,depth,0.8286499478371221
GB,2023-08-11,depth,0.8045517311541173
GB,2023-08-12,depth,0.7799753588574102
GB,2023-08-13,depth,0.7548703914340991
GB,2023-08-14,depth,0.7323441377546093
GB,2023-08-15,depth,0.7153766115997514
GB,2023-08-16,depth,0.7086243139333354
GB,2023-08-17,depth,0.7051885283546094
GB,2023-08-18,depth,0.6990602815510107
GB,2023-08-19,depth,0.6941047998647272
GB,2023-08-20,depth,0.6909332411813756
GB,2023-08-21,depth,0.689356319010737
GB,2023-08-22,depth,0.6885501833055028
GB,2023-08-23,depth,0.6847767197121889
GB,2023-08-24,depth,0.6751232271051083
GB,2023-08-25,depth,0.6630992908763882
GB,2023-08-26,depth,0.6515575025599192
GB,2023-08-27,depth,0.6399198956636735
GB,2023-08-28,depth,0.6271581867167334
GB,2023-08-29,depth,0.6168245697156578
GB,2023-08-30,depth,0.6143011564374792
GB,2023-08-31,depth,0.6078631373056979
GB,2023-09-01,depth,0.5984547156598656
GB,2023-09-02,depth,0.5959174710931668
GB,2023-09-03,depth,0.6001588347139462
GB,2023-09-04,depth,0.6078091789186086
GB,2023-09-05,depth,0.6113004484982946
GB,2023-09-06,depth,0.613609465252632
GB,2023-09-07,depth,0.6140999980960651
GB,2023-09-08,depth,0.6096102419659892
GB,2023-09-09,depth,0.6023835192599363
GB,2023-09-10,depth,0.5939500005955572
GB,2023-09-11,depth,0.58589247067882
GB,2023-09-12,depth,0.5818351888783926
GB,2023-09-13,depth,0.5824958726366328
GB,2023-09-14,depth,0.5821607931206852
GB,2023-09-15,depth,0.5768617587040477
GB,2023-09-16,depth,0.5682719215718433
GB,2023-09-17,depth,0.5614920089439653
GB,2023-09-18,depth,0.5561940358664976
GB,2023-09-19,depth,0.5506334640807817
GB,2023-09-20,depth,0.5487580739578279
GB,2023-09-21,depth,0.5480714995878263
GB,2023-09-22,depth,0.546180805386032
GB,2023-09-23,depth,0.542745343446959
GB,2023-09-24,depth,0.5370317039957221
GB,2023-09-25,depth,0.5303365859515927
GB,2023-09-26,depth,0.5248485856677242
GB,2023-09-27,depth,0.520845822655506
GB,2023-09-28,depth,0.5178917001348151
GB,2023-09-29,depth,0.5165845132138155
GB,2023-09-30,depth,0.516132615279587
GB,2023-10-01,depth,0.5145149073196709
GB,2023-10-02,depth,0.5111870220929021
GB,2023-10-03,depth,0.5066843975260353
GB,2023-10-04,depth,0.49936640438162216
GB,2023-10-05,depth,0.49415493544429806
GB,2023-10-06,depth,0.4917589276218765
GB,2023-10-07,depth,0.4896165068363901
GB,2023-10-08,depth,0.48703784127208155
GB,2023-10-09,depth,0.4829119593770264
GB,2023-10-10,depth,0.4784656064086178
GB,2023-10-11,depth,0.48102914091302656
GB,2023-10-12,depth,0.4874974616828194
GB,2023-10-13,depth,0.4860779519733703
GB,2023-10-14,depth,0.4861922884486592
GB,2023-10-15,depth,0.4933763954379819
GB,2023-10-16,depth,0.5017983358469751
GB,2023-10-17,depth,0.5073060945555437
GB,2023-10-18,depth,0.5116805930177021
GB,2023-10-19,depth,0.5164248605324808
GB,2023-10-20,depth,0.5206432330890404
GB,2023-10-21,depth,0.5192441719201546
GB,2023-10-22,depth,0.5125786769749988
GB,2023-10-23,depth,0.5056362484158246
GB,2023-10-24,depth,0.4986746626294583
GB,2023-10-25,depth,0.4935337621102562
GB,2023-10-26,depth,0.48931257409522233
GB,2023-10-27,depth,0.4850579438145134
GB,2023-10-28,depth,0.4807623998449485
GB,2023-10-29,depth,0.47755788195248255
GB,2023-10-30,depth,0.47540740003017345
GB,2023-10-31,depth,0.4739722370330188
GB,2023-11-01,depth,0.47134755256788896
GB,2023-11-02,depth,0.4666869645820335
GB,2023-11-03,depth,0.46328279144655243
GB,2023-11-04,depth,0.46163287015773313
GB,2023-11-05,depth,0.46066628965154344
GB,2023-11-06,depth,0.4584657666080201
GB,2023-11-07,depth,0.45601577192435905
GB,2023-11-08,depth,0.4539481864176455
GB,2023-11-09,depth,0.4514983163787127
GB,2023-11-10,depth,0.4494929463700854
GB,2023-11-11,depth,0.4482878866881549
GB,2023-11-12,depth,0.44834256329769523
GB,2023-11-13,depth,0.44804373371452594
GB,2023-11-14,depth,0.44837943734006047
GB,2023-11-15,depth,0.44860356893103226
GB,2023-11-16,depth,0.4489935807228603
GB,2023-11-17,depth,0.44978073330572277
GB,2023-11-18,depth,0.4484203027467795
GB,2023-11-19,depth,0.44582135907747644
GB,2023-11-20,depth,0.44347464268483117
GB,2023-11-21,depth,0.44365637682539494
GB,2023-11-22,depth,0.44612330705234593
GB,2023-11-23,depth,0.44609983106528645
GB,2023-11-24,depth,0.44457757138883386
GB,2023-11-25,depth,0.445207446377927
GB,2023-11-26,depth,0.44981637771966543
GB,2023-11-27,depth,0.45090090541399824
GB,2023-11-28,depth,0.44950191133831857
GB,2023-11-29,depth,0.4503486452628867
GB,2023-11-30,depth,0.4481055488439532
GB,2023-12-01,depth,0.4458030855921644
GB,2023-12-02,depth,0.44557301993501264
GB,2023-12-03,depth,0.44463251709667106
GB,2023-12-04,depth,0.44293168183481396
GB,2023-12-05,depth,0.4428321523106669
GB,2023-12-06,depth,0.4452417225496105
GB,2023-12-07,depth,0.44959224185226565
GB,2023-12-08,depth,0.4546590272409446
GB,2023-12-09,depth,0.4596260820484844
GB,2023-12-10,depth,0.4618201508632037
GB,2023-12-11,depth,0.45898847834089906
GB,2023-12-12,depth,0.45971960122347433
GB,2023-12-13,depth,0.46675708177960007
GB,2023-12-14,depth,0.47112598895587754
GB,2023-12-15,depth,0.4718838522846499
GB,2023-12-16,depth,0.49180012535625905
GB,2023-12-17,depth,0.53250204224804
GB,2023-12-18,depth,0.59609664993678535
GB,2023-12-19,depth,0.7768800094091125
GB,2023-12-20,depth,0.9837957243977576
GB,2023-12-21,depth,1.116482493680762
GB,2023-12-22,depth,1.2010473070643868
GB,2023-12-23,depth,1.234816024734804
GB,2023-12-24,depth,1.211858522472238
GB,2023-12-25,depth,1.1536680611310095
GB,2023-12-26,depth,1.0889762821853017
GB,2023-12-27,depth,1.0331586545828044
GB,2023-12-28,depth,0.9888123819724581
GB,2023-12-29,depth,0.9515149086960729
GB,2023-12-30,depth,0.9188499860192096
GB,2023-12-31,depth,0.8908248848903962
GB,2024-01-01,depth,0.8660390437614625
GB,2024-01-02,depth,0.8435512035283637
GB,2024-01-03,depth,0.8245131534936447
GB,2024-01-04,depth,0.8039306014840909
GB,2024-01-05,depth,0.7842361454142536
GB,2024-01-06,depth,0.7721452116820998
GB,2024-01-07,depth,0.7556037121981565
GB,2024-01-08,depth,0.7436112391540444
GB,2024-01-09,depth,0.7461427724820423
GB,2024-01-10,depth,0.7479227257941741
GB,2024-01-11,depth,0.753768798767692
GB,2024-01-12,depth,0.7747434826972711
GB,2024-01-13,depth,0.7963394985754656
GB,2024-01-14,depth,0.813906613986802
GB,2024-01-15,depth,0.8307978490695267
GB,2024-01-16,depth,0.8400011182138962
GB,2024-01-17,depth,0.8345424785273319
GB,2024-01-18,depth,0.8287647143903991
GB,2024-01-19,depth,0.8243847407537463
GB,2024-01-20,depth,0.811111458881278
GB,2024-01-21,depth,0.7960593229430122
GB,2024-01-22,depth,0.7849926035380361
GB,2024-01-23,depth,0.7751786274768391
GB,2024-01-24,depth,0.7627700756702055
GB,2024-01-25,depth,0.7527384288984822
GB,2024-01-26,depth,0.7470463399274484
GB,2024-01-27,depth,0.745500156495742
GB,2024-01-28,depth,0.7518778465469377
GB,2024-01-29,depth,0.7571862667807608
GB,2024-01-30,depth,0.7594788572673828
GB,2024-01-31,depth,0.7612177837973485
GB,2024-02-01,depth,0.7590711226583929
GB,2024-02-02,depth,0.7541203954067219
GB,2024-02-03,depth,0.7431309443024161
GB,2024-02-04,depth,0.731159544828377
GB,2024-02-05,depth,0.7197991797227495
GB,2024-02-06,depth,0.704423047729711
GB,2024-02-07,depth,0.6898164218434054
GB,2024-02-08,depth,0.6827502054771785
GB,2024-02-09,depth,0.6790146419075144
GB,2024-02-10,depth,0.6731117391846945
GB,2024-02-11,depth,0.6647378796480782
GB,2024-02-12,depth,0.6558988344942148
GB,2024-02-13,depth,0.6452198965652384
GB,2024-02-14,depth,0.6333372042586365
GB,2024-02-15,depth,0.626583442811952
GB,2024-02-16,depth,0.6229797468612611
GB,2024-02-17,depth,0.62047835641639415
GB,2024-02-18,depth,0.6189773672852218
GB,2024-02-19,depth,0.6184159576362938
GB,2024-02-20,depth,0.624222942854797
GB,2024-02-21,depth,0.6353962999995444
GB,2024-02-22,depth,0.6500024977428
GB,2024-02-23,depth,0.6638641540556407
GB,2024-02-24,depth,0.6680661269169442
GB,2024-02-25,depth,0.66554707490928
GB,2024-02-26,depth,0.6640635473258141
GB,2024-02-27,depth,0.6607661083090242
GB,2024-02-28,depth,0.6534769073194121
GB,2024-02-29,depth,0.6425914639378749
GB,2024-03-01,depth,0.6335762265645307
GB,2024-03-02,depth,0.6273852328219158
GB,2024-03-03,depth,0.6204349155519403
GB,2024-03-04,depth,0.6121064455144828
GB,2024-03-05,depth,0.6123888747407116
GB,2024-03-06,depth,0.6211153445789408
GB,2024-03-07,depth,0.628003507933881
GB,2024-03-08,depth,0.6327842749206636
GB,2024-03-09,depth,0.638374836787599
GB,2024-03-10,depth,0.6427906796285733
GB,2024-03-11,depth,0.6423034816929674
GB,2024-03-12,depth,0.6501110687576994
GB,2024-03-13,depth,0.67006199002056
GB,2024-03-14,depth,0.6878138643699467
GB,2024-03-15,depth,0.698068026228063
GB,2024-03-16,depth,0.7011002086126777
GB,2024-03-17,depth,0.6978984530740548
GB,2024-03-18,depth,0.6903563526170893
GB,2024-03-19,depth,0.6759106908702518
GB,2024-03-20,depth,0.6612577017331671
GB,2024-03-21,depth,0.6489710808770753
GB,2024-03-22,depth,0.6401306414975243
GB,2024-03-23,depth,0.635301448637581
GB,2024-03-24,depth,0.6257190062547524
GB,2024-03-25,depth,0.6179108011196941
GB,2024-03-26,depth,0.6199248929191408
GB,2024-03-27,depth,0.6268929994083153
GB,2024-03-28,depth,0.6309342261059494
GB,2024-03-29,depth,0.6284537471392341
GB,2024-03-30,depth,0.6287918191651759
GB,2024-03-31,depth,0.6322426430699019
GB,2024-04-01,depth,0.6316497313944168
GB,2024-04-02,depth,0.6292288767297045
GB,2024-04-03,depth,0.6345876402305308
GB,2024-04-04,depth,0.6405421619052365
GB,2024-04-05,depth,0.6531511590883157
GB,2024-04-06,depth,0.676681991158156
GB,2024-04-07,depth,0.6956271262416068
GB,2024-04-08,depth,0.7039040732162397
GB,2024-04-09,depth,0.7057572946384243
GB,2024-04-10,depth,0.7040919869620231
GB,2024-04-11,depth,0.7002155901710353
GB,2024-04-12,depth,0.6884847657824749
GB,2024-04-13,depth,0.678809225666153
GB,2024-04-14,depth,0.6808388074811915
GB,2024-04-15,depth,0.686085736503209
GB,2024-04-16,depth,0.6867614849958374
GB,2024-04-17,depth,0.6843139859541945
GB,2024-04-18,depth,0.6826480152991743
GB,2024-04-19,depth,0.6823749763967096
GB,2024-04-20,depth,0.6845652454180975
GB,2024-04-21,depth,0.6919464572322086
GB,2024-04-22,depth,0.6984590938412358
GB,2024-04-23,depth,0.6995494877364472
GB,2024-04-24,depth,0.6988073456791394
GB,2024-04-25,depth,0.6922324793228544
GB,2024-04-26,depth,0.6770258934804683
GB,2024-04-27,depth,0.6563717677022557
GB,2024-04-28,depth,0.6348154787462721
GB,2024-04-29,depth,0.6143451484287094
GB,2024-04-30,depth,0.5948409749695178
GB,2024-05-01,depth,0.5764802232348547
GB,2024-05-02,depth,0.5606982314785482
GB,2024-05-03,depth,0.5458597892165771
GB,2024-05-04,depth,0.5335917912266587
GB,2024-05-05,depth,0.5256500382534278
GB,2024-05-06,depth,0.5190744411276306
GB,2024-05-07,depth,0.5146503496326401
GB,2024-05-08,depth,0.5098531837714942
GB,2024-05-09,depth,0.5046414998071207
GB,2024-05-10,depth,0.503033982948468
GB,2024-05-11,depth,0.5008040375668467
GB,2024-05-12,depth,0.4951340022279654
GB,2024-05-13,depth,0.4958920223445348
GB,2024-05-14,depth,0.4988153795591896
GB,2024-05-15,depth,0.4975173838549177
GB,2024-05-16,depth,0.4965798535083658
GB,2024-05-17,depth,0.4952444478549542
GB,2024-05-18,depth,0.4937469845534716
GB,2024-05-19,depth,0.49333824339385923
GB,2024-05-20,depth,0.4922878084404141
GB,2024-05-21,depth,0.49004193954917746
GB,2024-05-22,depth,0.4874789300358476
GB,2024-05-23,depth,0.4850773235279566
GB,2024-05-24,depth,0.48533032365036916
GB,2024-05-25,depth,0.4858367159484387
GB,2024-05-26,depth,0.48551575352258985
GB,2024-05-27,depth,0.4862685629457286
GB,2024-05-28,depth,0.48731090247006253
GB,2024-05-29,depth,0.48709430985594043
GB,2024-05-30,depth,0.48357238050837614
GB,2024-05-31,depth,0.47865514121799846
GB,2024-06-01,depth,0.47416573426545616
GB,2024-06-02,depth,0.4708341106251469
GB,2024-06-03,depth,0.4676632758355899
GB,2024-06-04,depth,0.4642203074125547
GB,2024-06-05,depth,0.46082386791586305
GB,2024-06-06,depth,0.45839808800137444
GB,2024-06-07,depth,0.45539533638081076
GB,2024-06-08,depth,0.4515849277194344
GB,2024-06-09,depth,0.44879114347148813
GB,2024-06-10,depth,0.4464864731377836
GB,2024-06-11,depth,0.4439282709245131
GB,2024-06-12,depth,0.44279621951071657
GB,2024-06-13,depth,0.44128174329970105
GB,2024-06-14,depth,0.43874482879454435
GB,2024-06-15,depth,0.4390855991206549
GB,2024-06-16,depth,0.45123314076118126
GB,2024-06-17,depth,0.46282046400293925
GB,2024-06-18,depth,0.4626640261616212
GB,2024-06-19,depth,0.4603107546454814
GB,2024-06-20,depth,0.4595613080228255
GB,2024-06-21,depth,0.4601217676464994
GB,2024-06-22,depth,0.45889891845145475
GB,2024-06-23,depth,0.4571189198125161
GB,2024-06-24,depth,0.45728745608423416
GB,2024-06-25,depth,0.4569804961444316
GB,2024-06-26,depth,0.4549087103376819
GB,2024-06-27,depth,0.4520349185133961
GB,2024-06-28,depth,0.45040193021121117
GB,2024-06-29,depth,0.4514344055335572
GB,2024-06-30,depth,0.4562125430439841
GB,2024-07-01,depth,0.46078491329920557
GB,2024-07-02,depth,0.45997585386605166
GB,2024-07-03,depth,0.4590888690389632
GB,2024-07-04,depth,0.46094792148064495
GB,2024-07-05,depth,0.4613659234101646
GB,2024-07-06,depth,0.45953701525393365
GB,2024-07-07,depth,0.45663554492331504
GB,2024-07-08,depth,0.4546544211966407
GB,2024-07-09,depth,0.4563449296857381
GB,2024-07-10,depth,0.46066333273418186
GB,2024-07-11,depth,0.4673152296999442
GB,2024-07-12,depth,0.47444899912150795
GB,2024-07-13,depth,0.47843841411164995
GB,2024-07-14,depth,0.4781260099165402
GB,2024-07-15,depth,0.4731303063673438
GB,2024-07-16,depth,0.46646855624149364
GB,2024-07-17,depth,0.4614553001785814
GB,2024-07-18,depth,0.4586728949555999
GB,2024-07-19,depth,0.456725005073302
GB,2024-07-20,depth,0.45432094968330383
GB,2024-07-21,depth,0.45196244957046705
GB,2024-07-22,depth,0.4490914931668423
GB,2024-07-23,depth,0.44596612464464724
GB,2024-07-24,depth,0.44430248528883676
GB,2024-07-25,depth,0.4452832772605801
GB,2024-07-26,depth,0.4489858630879465
GB,2024-07-27,depth,0.4559250255016517
GB,2024-07-28,depth,0.473894197081933
GB,2024-07-29,depth,0.5122210540090397
GB,2024-07-30,depth,0.5652099629156713
GB,2024-07-31,depth,0.6183973755737584
GB,2024-08-01,depth,0.6586902570688287
GB,2024-08-02,depth,0.6788804374893526
GB,2024-08-03,depth,0.6779596988359465
GB,2024-08-04,depth,0.6592478539155856
GB,2024-08-05,depth,0.7047561914976653
GB,2024-08-06,depth,1.0229262369303629
GB,2024-08-07,depth,1.57118864626758
GB,2024-08-08,depth,1.8428124606866174
GB,2024-08-09,depth,1.6545843986575843
GB,2024-08-10,depth,1.3502882389790045
GB,2024-08-11,depth,1.1485300379733148
GB,2024-08-12,depth,1.0324029132434052
GB,2024-08-13,depth,0.9453663337385029
GB,2024-08-14,depth,0.8584867222216441
GB,2024-08-15,depth,0.7724312759238713
GB,2024-08-16,depth,0.6980561244918085
GB,2024-08-17,depth,0.6434659749211483
GB,2024-08-18,depth,0.6060511453979557
GB,2024-08-19,depth,0.578136748600168
GB,2024-08-20,depth,0.5566761228492969
GB,2024-08-21,depth,0.5407877902268263
GB,2024-08-22,depth,0.5297423312464011
GB,2024-08-23,depth,0.5246009427491138
GB,2024-08-24,depth,0.5266434109745058
GB,2024-08-25,depth,0.5344069525220821
GB,2024-08-26,depth,0.5455117161304068
GB,2024-08-27,depth,0.5598862869243466
GB,2024-08-28,depth,0.5764718376228292
GB,2024-08-29,depth,0.5944382934401456
GB,2024-08-30,depth,0.6159690435629861
GB,2024-08-31,depth,0.6383744476839335
GB,2024-09-01,depth,0.6500892646500164
GB,2024-09-02,depth,0.6481586919893538
GB,2024-09-03,depth,0.6410633933340859
GB,2024-09-04,depth,0.6359316601749804
GB,2024-09-05,depth,0.6344849547688433
GB,2024-09-06,depth,0.6332325293335006
GB,2024-09-07,depth,0.6281570898491103
GB,2024-09-08,depth,0.6217337824707889
GB,2024-09-09,depth,0.6221617963144176
GB,2024-09-10,depth,0.6304381312552996
GB,2024-09-11,depth,0.6410303254430089
GB,2024-09-12,depth,0.6478147449022655
GB,2024-09-13,depth,0.6478329693514918
GB,2024-09-14,depth,0.6463758999500229
GB,2024-09-15,depth,0.6503500880184888
GB,2024-09-16,depth,0.6594056530359634
GB,2024-09-17,depth,0.6703960430907617
GB,2024-09-18,depth,0.6803160592757839
GB,2024-09-19,depth,0.6884836265068635
GB,2024-09-20,depth,0.6936099611741742
GB,2024-09-21,depth,0.694491495583333
GB,2024-09-22,depth,0.693382579528259
GB,2024-09-23,depth,0.6901474435921364
GB,2024-09-24,depth,0.6822920382608774
GB,2024-09-25,depth,0.6730171136151503
GB,2024-09-26,depth,0.6636613184312555
GB,2024-09-27,depth,0.6494006367926785
GB,2024-09-28,depth,0.639748977941685
GB,2024-09-29,depth,0.6429912640708698
GB,2024-09-30,depth,0.6483426887717341
GB,2024-10-01,depth,0.6517030564902712
GB,2024-10-02,depth,0.653000414431028
GB,2024-10-03,depth,0.6492321036401485
GB,2024-10-04,depth,0.6402009536463799
GB,2024-10-05,depth,0.6329339660004102
ID,2022-08-11,depth,1.3732063467555744
ID,2022-08-12,depth,1.3924
ID,2022-08-13,depth,1.4152599999999995
ID,2022-08-14,depth,1.41399
ID,2022-08-15,depth,1.41272
ID,2022-08-16,depth,1.40256
ID,2022-08-17,depth,1.39367
ID,2022-08-18,depth,1.38478
ID,2022-08-19,depth,1.3619200000000002
ID,2022-08-20,depth,1.33652
ID,2022-08-21,depth,1.3111199999999996
ID,2022-08-22,depth,1.2984200000000004
ID,2022-08-23,depth,1.29334
ID,2022-08-24,depth,1.2882599999999995
ID,2022-08-25,depth,1.3187400000000002
ID,2022-08-26,depth,1.33906
ID,2022-08-27,depth,1.35938
ID,2022-08-28,depth,1.4000200000000005
ID,2022-08-29,depth,1.50035
ID,2022-08-30,depth,1.6160896909186468
ID,2022-08-31,depth,1.740039480239061
ID,2022-09-01,depth,1.8962173832438838
ID,2022-09-02,depth,2.027124874577602
ID,2022-09-03,depth,2.142072239880261
ID,2022-09-04,depth,2.225600820034679
ID,2022-09-05,depth,2.273490114817151
ID,2022-09-06,depth,2.3033865712333004
ID,2022-09-07,depth,2.3350529027055904
ID,2022-09-08,depth,2.3690652613527177
ID,2022-09-09,depth,2.3977302693487497
ID,2022-09-10,depth,2.416821195135216
ID,2022-09-11,depth,2.423717191233824
ID,2022-09-12,depth,2.436910741235561
ID,2022-09-13,depth,2.476047639311846
ID,2022-09-14,depth,2.536980728906389
ID,2022-09-15,depth,2.5876308475220142
ID,2022-09-16,depth,2.6145543594490364
ID,2022-09-17,depth,2.6191202917430427
ID,2022-09-18,depth,2.6115586933037713
ID,2022-09-19,depth,2.5884690228401634
ID,2022-09-20,depth,2.555526470277534
ID,2022-09-21,depth,2.520272453302724
ID,2022-09-22,depth,2.4771841251364295
ID,2022-09-23,depth,2.4238881342788567
ID,2022-09-24,depth,2.360190912413816
ID,2022-09-25,depth,2.2935484541514217
ID,2022-09-26,depth,2.2284913136768454
ID,2022-09-27,depth,2.1614736056747232
ID,2022-09-28,depth,2.0936368018986733
ID,2022-09-29,depth,2.013045070429858
ID,2022-09-30,depth,1.9363825262802088
ID,2022-10-01,depth,1.8784351797986043
ID,2022-10-02,depth,1.8257866234686329
ID,2022-10-03,depth,1.7674282188256116
ID,2022-10-04,depth,1.7078629096144222
ID,2022-10-05,depth,1.6586503194836795
ID,2022-10-06,depth,1.617545280247769
ID,2022-10-07,depth,1.5739976213090332
ID,2022-10-08,depth,1.5347476884492293
ID,2022-10-09,depth,1.4942484745506202
ID,2022-10-10,depth,1.454548846568865
ID,2022-10-11,depth,1.4204716298708628
ID,2022-10-12,depth,1.3851526587134984
ID,2022-10-13,depth,1.3654739797777138
ID,2022-10-14,depth,1.346555913084066
ID,2022-10-15,depth,1.3125168537013994
ID,2022-10-16,depth,1.2834997499610385
ID,2022-10-17,depth,1.2655902744261358
ID,2022-10-18,depth,1.2611476837147957
ID,2022-10-19,depth,1.2269708056207602
ID,2022-10-20,depth,1.19756757083115
ID,2022-10-21,depth,1.1824681019517789
ID,2022-10-22,depth,1.1665411000010821
ID,2022-10-23,depth,1.151471064264414
ID,2022-10-24,depth,1.1393250775763335
ID,2022-10-25,depth,1.1309924637107982
ID,2022-10-26,depth,1.1268341384631482
ID,2022-10-27,depth,1.1151870297193969
ID,2022-10-28,depth,1.0946846035151236
ID,2022-10-29,depth,1.0765539947565728
ID,2022-10-30,depth,1.0618826498835683
ID,2022-10-31,depth,1.0546996561674058
ID,2022-11-01,depth,1.0473823429207738
ID,2022-11-02,depth,1.0287540062518463
ID,2022-11-03,depth,1.019178582504871
ID,2022-11-04,depth,1.0104011628081373
ID,2022-11-05,depth,1.0061535312827423
ID,2022-11-06,depth,1.0019695113892875
ID,2022-11-07,depth,0.9974177680822452
ID,2022-11-08,depth,0.9826430230630084
ID,2022-11-09,depth,0.9679142976395282
ID,2022-11-10,depth,0.9930183223883826
ID,2022-11-11,depth,1.0278476186593462
ID,2022-11-12,depth,1.0238752392700654
ID,2022-11-13,depth,1.0183309645594958
ID,2022-11-14,depth,1.0071375775763334
ID,2022-11-15,depth,1.0069983692617142
ID,2022-11-16,depth,1.0158580485552509
ID,2022-11-17,depth,1.0023648454964638
ID,2022-11-18,depth,0.9902618100426948
ID,2022-11-19,depth,0.9844400294208399
ID,2022-11-20,depth,0.9839563470598093
ID,2022-11-21,depth,0.9776028515417988
ID,2022-11-22,depth,0.9794442480695384
ID,2022-11-23,depth,0.9792644854800954
ID,2022-11-24,depth,0.9776202533410305
ID,2022-11-25,depth,0.9751199659591927
ID,2022-11-26,depth,0.9703076383882954
ID,2022-11-27,depth,0.9702255710548525
ID,2022-11-28,depth,0.9639482467298968
ID,2022-11-29,depth,0.9511524763672661
ID,2022-11-30,depth,0.9577260018743081
ID,2022-12-01,depth,0.9540285877459048
ID,2022-12-02,depth,0.9366933943213488
ID,2022-12-03,depth,0.935933308523747
ID,2022-12-04,depth,0.9403550953998407
ID,2022-12-05,depth,0.937555778297072
ID,2022-12-06,depth,0.936891901260637
ID,2022-12-07,depth,0.9350703983567916
ID,2022-12-08,depth,0.9296463017489656
ID,2022-12-09,depth,0.9266573946495044
ID,2022-12-10,depth,0.9218597837766093
ID,2022-12-11,depth,0.9201128709591089
ID,2022-12-12,depth,0.9161688229977207
ID,2022-12-13,depth,0.9106882084915325
ID,2022-12-14,depth,0.907644557623682
ID,2022-12-15,depth,0.925130800216077
ID,2022-12-16,depth,0.92670739307136
ID,2022-12-17,depth,0.9055127121100264
ID,2022-12-18,depth,0.9037103838688781
ID,2022-12-19,depth,0.8984118330332418
ID,2022-12-20,depth,0.899188409405518
ID,2022-12-21,depth,0.9081986106624571
ID,2022-12-22,depth,0.9037223686663172
ID,2022-12-23,depth,0.9139189572781117
ID,2022-12-24,depth,0.9069097811852601
ID,2022-12-25,depth,0.8989688585550827
ID,2022-12-26,depth,0.8963879412555924
ID,2022-12-27,depth,0.8947380525454371
ID,2022-12-28,depth,0.8880008707502047
ID,2022-12-29,depth,0.8830618463599604
ID,2022-12-30,depth,0.8798751042297706
ID,2022-12-31,depth,0.8791394664057398
ID,2023-01-01,depth,0.8825558261096116
ID,2023-01-02,depth,0.8826547194654046
ID,2023-01-03,depth,0.8833536862156334
ID,2023-01-04,depth,0.8934627426796552
ID,2023-01-05,depth,0.8979516881811285
ID,2023-01-06,depth,0.8905084448888847
ID,2023-01-07,depth,0.888963297862372
ID,2023-01-08,depth,0.8900457110672236
ID,2023-01-09,depth,0.8934046909805228
ID,2023-01-10,depth,0.8949542959717314
ID,2023-01-11,depth,0.8909028692913118
ID,2023-01-12,depth,0.888780084157869
ID,2023-01-13,depth,0.9093673106093518
ID,2023-01-14,depth,0.8982686463991258
ID,2023-01-15,depth,0.8910880010700079
ID,2023-01-16,depth,0.8923554023626366
ID,2023-01-17,depth,0.895289518387772
ID,2023-01-18,depth,0.9001317582399694
ID,2023-01-19,depth,0.9040150226016616
ID,2023-01-20,depth,0.9132711870495323
ID,2023-01-21,depth,0.9084314875944403
ID,2023-01-22,depth,0.9130455493151529
ID,2023-01-23,depth,0.9215249931932277
ID,2023-01-24,depth,0.906685581119973
ID,2023-01-25,depth,0.9168599282274306
ID,2023-01-26,depth,0.9563633022851661
ID,2023-01-27,depth,0.9674237115285695
ID,2023-01-28,depth,1.0061046823882354
ID,2023-01-29,depth,1.0621848428311205
ID,2023-01-30,depth,1.1332693172944808
ID,2023-01-31,depth,1.189598077457083
ID,2023-02-01,depth,1.2421777483376386
ID,2023-02-02,depth,1.2934877654169006
ID,2023-02-03,depth,1.3512153692913116
ID,2023-02-04,depth,1.3721548817240763
ID,2023-02-05,depth,1.3982522995153701
ID,2023-02-06,depth,1.434236538072323
ID,2023-02-07,depth,1.4627738421460708
ID,2023-02-08,depth,1.4794434677724455
ID,2023-02-09,depth,1.4939579548484865
ID,2023-02-10,depth,1.5185836123496463
ID,2023-02-11,depth,1.560378548208447
ID,2023-02-12,depth,1.6132435687503388
ID,2023-02-13,depth,1.6471594376291672
ID,2023-02-14,depth,1.7315641885596893
ID,2023-02-15,depth,1.8828513629413008
ID,2023-02-16,depth,2.04509596419381
ID,2023-02-17,depth,2.21725948191525
ID,2023-02-18,depth,2.313979595920384
ID,2023-02-19,depth,2.4160066997503966
ID,2023-02-20,depth,2.509527514515977
ID,2023-02-21,depth,2.5813200156031773
ID,2023-02-22,depth,2.6306988502317554
ID,2023-02-23,depth,2.656988493535323
ID,2023-02-24,depth,2.659930182939235
ID,2023-02-25,depth,2.635184775437623
ID,2023-02-26,depth,2.5919705655448597
ID,2023-02-27,depth,2.5458162478614934
ID,2023-02-28,depth,2.494028540946571
ID,2023-03-01,depth,2.427135803952963
ID,2023-03-02,depth,2.3587924522155244
ID,2023-03-03,depth,2.2930706203715405
ID,2023-03-04,depth,2.23379345906516
ID,2023-03-05,depth,2.1643229682519847
ID,2023-03-06,depth,2.0926222184678585
ID,2023-03-07,depth,2.027371269601193
ID,2023-03-08,depth,1.959949885566273
ID,2023-03-09,depth,1.9016423900630621
ID,2023-03-10,depth,1.8504875451752598
ID,2023-03-11,depth,1.808735263675109
ID,2023-03-12,depth,1.7611452865020072
ID,2023-03-13,depth,1.781728197919811
ID,2023-03-14,depth,1.7432584835441978
ID,2023-03-15,depth,1.723456605956764
ID,2023-03-16,depth,1.7312983954085486
ID,2023-03-17,depth,1.745481984482549
ID,2023-03-18,depth,1.7648275035273062
ID,2023-03-19,depth,1.7579458874125173
ID,2023-03-20,depth,1.748118843066526
ID,2023-03-21,depth,1.7509624059654716
ID,2023-03-22,depth,1.7591118058732023
ID,2023-03-23,depth,1.7491983797437827
ID,2023-03-24,depth,1.734539450487672
ID,2023-03-25,depth,1.731943673052563
ID,2023-03-26,depth,1.7181091123746517
ID,2023-03-27,depth,1.6895022995153701
ID,2023-03-28,depth,1.6557174015583356
ID,2023-03-29,depth,1.6247680609584174
ID,2023-03-30,depth,1.5976307503771288
ID,2023-03-31,depth,1.6030830820278665
ID,2023-04-01,depth,1.6305051372114425
ID,2023-04-02,depth,1.6437569782283095
ID,2023-04-03,depth,1.635234630168561
ID,2023-04-04,depth,1.6122218501125043
ID,2023-04-05,depth,1.5818553250520093
ID,2023-04-06,depth,1.5537540535577827
ID,2023-04-07,depth,1.5249336345608975
ID,2023-04-08,depth,1.499214822505917
ID,2023-04-09,depth,1.4798719399899456
ID,2023-04-10,depth,1.4379493863401167
ID,2023-04-11,depth,1.415897020203559
ID,2023-04-12,depth,1.402514647992068
ID,2023-04-13,depth,1.3948947107251284
ID,2023-04-14,depth,1.3843539835146
ID,2023-04-15,depth,1.3571283735052013
ID,2023-04-16,depth,1.3261070801076271
ID,2023-04-17,depth,1.2955377348472719
ID,2023-04-18,depth,1.2526352571675683
ID,2023-04-19,depth,1.2260708393466768
ID,2023-04-20,depth,1.207482242366299
ID,2023-04-21,depth,1.1900829581712062
ID,2023-04-22,depth,1.1685881455208296
ID,2023-04-23,depth,1.1300785960848905
ID,2023-04-24,depth,1.0865958915820102
ID,2023-04-25,depth,1.0513303697082608
ID,2023-04-26,depth,1.0028244639040444
ID,2023-04-27,depth,0.9520354243556365
ID,2023-04-28,depth,0.9506695134740335
ID,2023-04-29,depth,0.930662610737311
ID,2023-04-30,depth,0.9651073593454421
ID,2023-05-01,depth,0.9441770492107014
ID,2023-05-02,depth,0.923568107952716
ID,2023-05-03,depth,0.9119560891760586
ID,2023-05-04,depth,0.9028074463782348
ID,2023-05-05,depth,0.890858239805407
ID,2023-05-06,depth,0.8825133054414539
ID,2023-05-07,depth,0.8704168853425699
ID,2023-05-08,depth,0.8576586980382028
ID,2023-05-09,depth,0.8433475499993447
ID,2023-05-10,depth,0.8343706172735905
ID,2023-05-11,depth,0.836325048331547
ID,2023-05-12,depth,0.8359258305167471
ID,2023-05-13,depth,0.8347449074696203
ID,2023-05-14,depth,0.8356521114215011
ID,2023-05-15,depth,0.8347340737193375
ID,2023-05-16,depth,0.8356479413452456
ID,2023-05-17,depth,0.8355233541035496
ID,2023-05-18,depth,0.8368904155257071
ID,2023-05-19,depth,0.8906087296210361
ID,2023-05-20,depth,1.012729359390698
ID,2023-05-21,depth,0.9126727929198942
ID,2023-05-22,depth,0.8366068692765127
ID,2023-05-23,depth,0.8357274207223441
ID,2023-05-24,depth,0.8355208612656829
ID,2023-05-25,depth,0.8365970426291665
ID,2023-05-26,depth,0.8393407530581309
ID,2023-05-27,depth,0.8557932858761543
ID,2023-05-28,depth,0.8655602649999518
ID,2023-05-29,depth,0.8738567830619615
ID,2023-05-30,depth,0.8796058436058227
ID,2023-05-31,depth,0.870362238212464
ID,2023-06-01,depth,0.8569427625879092
ID,2023-06-02,depth,0.8378196707449721
ID,2023-06-03,depth,0.8349199740448764
ID,2023-06-04,depth,0.8379252277747922
ID,2023-06-05,depth,0.837489098303687
ID,2023-06-06,depth,0.8349286498983675
ID,2023-06-07,depth,0.8353048103560509
ID,2023-06-08,depth,0.8388697266431948
ID,2023-06-09,depth,0.8343943467925673
ID,2023-06-10,depth,0.833712781081667
ID,2023-06-11,depth,0.8311735207850156
ID,2023-06-12,depth,0.831603465973992
ID,2023-06-13,depth,0.8306076747055611
ID,2023-06-14,depth,0.8303201976961079
ID,2023-06-15,depth,0.829529671906167
ID,2023-06-16,depth,0.8310949523791729
ID,2023-06-17,depth,0.8379250355114313
ID,2023-06-18,depth,0.9290809836338513
ID,2023-06-19,depth,1.0648170530372403
ID,2023-06-20,depth,1.2193776166485961
ID,2023-06-21,depth,1.289122736515069
ID,2023-06-22,depth,1.4096116916803707
ID,2023-06-23,depth,1.5028400432541609
ID,2023-06-24,depth,1.60715123935886
ID,2023-06-25,depth,1.7514645447879085
ID,2023-06-26,depth,1.9104511609766917
ID,2023-06-27,depth,2.065960393786008
ID,2023-06-28,depth,2.186302422807091
ID,2023-06-29,depth,2.2518851902806745
ID,2023-06-30,depth,2.2757335564320305
ID,2023-07-01,depth,2.281954123289328
ID,2023-07-02,depth,2.2719599716171763
ID,2023-07-03,depth,2.2575501214726814
ID,2023-07-04,depth,2.2332634209007916
ID,2023-07-05,depth,2.1923694954712203
ID,2023-07-06,depth,2.1393119471145647
ID,2023-07-07,depth,2.089151594387496
ID,2023-07-08,depth,2.036017774083183
ID,2023-07-09,depth,1.968359438665103
ID,2023-07-10,depth,1.898840915823405
ID,2023-07-11,depth,1.843802374487949
ID,2023-07-12,depth,1.7815330942830436
ID,2023-07-13,depth,1.7404913404276665
ID,2023-07-14,depth,1.7100582233224002
ID,2023-07-15,depth,1.6736703570517928
ID,2023-07-16,depth,1.6415071130153038
ID,2023-07-17,depth,1.6224680541392393
ID,2023-07-18,depth,1.5974354089441718
ID,2023-07-19,depth,1.5720569476586808
ID,2023-07-20,depth,1.5395949137238596
ID,2023-07-21,depth,1.5107767479955436
ID,2023-07-22,depth,1.4944207598929673
ID,2023-07-23,depth,1.4802828071545073
ID,2023-07-24,depth,1.4655172656998008
ID,2023-07-25,depth,1.4499688206596733
ID,2023-07-26,depth,1.4445372457915464
ID,2023-07-27,depth,1.4387047753636286
ID,2023-07-28,depth,1.4344863369050371
ID,2023-07-29,depth,1.429813793172337
ID,2023-07-30,depth,1.4166201958646625
ID,2023-07-31,depth,1.4076024209756455
ID,2023-08-01,depth,1.417863053305341
ID,2023-08-02,depth,1.449988858481088
ID,2023-08-03,depth,1.469366686766633
ID,2023-08-04,depth,1.532822259207918
ID,2023-08-05,depth,1.6713693906889155
ID,2023-08-06,depth,1.7608460645177153
ID,2023-08-07,depth,1.7948502732492841
ID,2023-08-08,depth,1.8132231545144077
ID,2023-08-09,depth,1.8173800901588066
ID,2023-08-10,depth,1.8069711893875793
ID,2023-08-11,depth,1.7858273214343756
ID,2023-08-12,depth,1.7466689956801242
ID,2023-08-13,depth,1.692041320749326
ID,2023-08-14,depth,1.6497505648006139
ID,2023-08-15,depth,1.6131645758641393
ID,2023-08-16,depth,1.5756270894441589
ID,2023-08-17,depth,1.559788962445151
ID,2023-08-18,depth,1.5616807882142019
ID,2023-08-19,depth,1.554964794527637
ID,2023-08-20,depth,1.5474711698066224
ID,2023-08-21,depth,1.5380815489869992
ID,2023-08-22,depth,1.5228207251538455
ID,2023-08-23,depth,1.5038455182389228
ID,2023-08-24,depth,1.4721213273308615
ID,2023-08-25,depth,1.4289090344990854
ID,2023-08-26,depth,1.3889672301424372
ID,2023-08-27,depth,1.353308147278279
ID,2023-08-28,depth,1.3262700662603648
ID,2023-08-29,depth,1.3123772145673236
ID,2023-08-30,depth,1.3370210929442592
ID,2023-08-31,depth,1.350623638329098
ID,2023-09-01,depth,1.3543889773500144
ID,2023-09-02,depth,1.4595334587222064
ID,2023-09-03,depth,1.5975754323516682
ID,2023-09-04,depth,1.7384366650269334
ID,2023-09-05,depth,1.8490198640798754
ID,2023-09-06,depth,1.9292194251747363
ID,2023-09-07,depth,1.9721595332186395
ID,2023-09-08,depth,1.9837949450533918
ID,2023-09-09,depth,1.9786121619150423
ID,2023-09-10,depth,1.9736089979285185
ID,2023-09-11,depth,1.9665157415628576
ID,2023-09-12,depth,1.9484990788123824
ID,2023-09-13,depth,1.924947920946047
ID,2023-09-14,depth,1.8885480706379036
ID,2023-09-15,depth,1.840407107520968
ID,2023-09-16,depth,1.7821971633295384
ID,2023-09-17,depth,1.7337275939113497
ID,2023-09-18,depth,1.6892309781395152
ID,2023-09-19,depth,1.6400025685827557
ID,2023-09-20,depth,1.6116368124445213
ID,2023-09-21,depth,1.5673777777777775
ID,2023-09-22,depth,1.5397200000000002
ID,2023-09-23,depth,1.5054299999999998
ID,2023-09-24,depth,1.4711400000000003
ID,2023-09-25,depth,1.4527014814814818
ID,2023-09-26,depth,1.4184585185185188
ID,2023-09-27,depth,1.4000200000000005
ID,2023-09-28,depth,1.3940933333333334
ID,2023-09-29,depth,1.383086666666666
ID,2023-09-30,depth,1.3771599999999993
ID,2023-10-01,depth,1.3685992592592588
ID,2023-10-02,depth,1.3442465298720134
ID,2023-10-03,depth,1.3311233308597015
ID,2023-10-04,depth,1.3120139007992913
ID,2023-10-05,depth,1.2948288936371588
ID,2023-10-06,depth,1.2817666431235863
ID,2023-10-07,depth,1.2677411504049696
ID,2023-10-08,depth,1.2435791334597577
ID,2023-10-09,depth,1.2160987875143534
ID,2023-10-10,depth,1.1968314536152214
ID,2023-10-11,depth,1.1832780427336183
ID,2023-10-12,depth,1.2459003782265514
ID,2023-10-13,depth,1.2372227623502652
ID,2023-10-14,depth,1.2335765933159528
ID,2023-10-15,depth,1.2803760930182544
ID,2023-10-16,depth,1.328610484423352
ID,2023-10-17,depth,1.3532518206300752
ID,2023-10-18,depth,1.371678198991353
ID,2023-10-19,depth,1.383321328909006
ID,2023-10-20,depth,1.3901606646848377
ID,2023-10-21,depth,1.3938721714152218
ID,2023-10-22,depth,1.3788649805367592
ID,2023-10-23,depth,1.3637373244270157
ID,2023-10-24,depth,1.3383062762567226
ID,2023-10-25,depth,1.3198832531321258
ID,2023-10-26,depth,1.3009145176278678
ID,2023-10-27,depth,1.284304128783662
ID,2023-10-28,depth,1.2655208607590802
ID,2023-10-29,depth,1.2449876120621541
ID,2023-10-30,depth,1.225600820034679
ID,2023-10-31,depth,1.2080062409526615
ID,2023-11-01,depth,1.183778502037956
ID,2023-11-02,depth,1.1389132516279763
ID,2023-11-03,depth,1.1107954422531392
ID,2023-11-04,depth,1.0966652559167207
ID,2023-11-05,depth,1.082274772698285
ID,2023-11-06,depth,1.0660172466254447
ID,2023-11-07,depth,1.0504324176400512
ID,2023-11-08,depth,1.0356659657206904
ID,2023-11-09,depth,1.0217055711288483
ID,2023-11-10,depth,1.0103848164309845
ID,2023-11-11,depth,0.9960953834519289
ID,2023-11-12,depth,0.9774961922905658
ID,2023-11-13,depth,0.9589039521850676
ID,2023-11-14,depth,0.9481662050366867
ID,2023-11-15,depth,0.9501486796340981
ID,2023-11-16,depth,0.9554940646517649
ID,2023-11-17,depth,0.9440172283109916
ID,2023-11-18,depth,0.932523661572946
ID,2023-11-19,depth,0.9193803493090622
ID,2023-11-20,depth,0.9082435755960389
ID,2023-11-21,depth,0.9033576172291932
ID,2023-11-22,depth,0.9124884754741718
ID,2023-11-23,depth,0.9040945495379987
ID,2023-11-24,depth,0.8957399319643162
ID,2023-11-25,depth,0.8892075362556763
ID,2023-11-26,depth,0.9162217453301996
ID,2023-11-27,depth,0.9221924172231019
ID,2023-11-28,depth,0.9084179689962293
ID,2023-11-29,depth,0.9108317305733271
ID,2023-11-30,depth,0.9222817710600854
ID,2023-12-01,depth,0.9383446260887217
ID,2023-12-02,depth,0.952053880057139
ID,2023-12-03,depth,0.9912983483559128
ID,2023-12-04,depth,1.0165932074939863
ID,2023-12-05,depth,1.1151492549043753
ID,2023-12-06,depth,1.2269726746159078
ID,2023-12-07,depth,1.3090830919449958
ID,2023-12-08,depth,1.3622280338880304
ID,2023-12-09,depth,1.3930990456514043
ID,2023-12-10,depth,1.4187403449759215
ID,2023-12-11,depth,1.4426504051916278
ID,2023-12-12,depth,1.4295277052595314
ID,2023-12-13,depth,1.4568888321392883
ID,2023-12-14,depth,1.493540542538655
ID,2023-12-15,depth,1.530679243229795
ID,2023-12-16,depth,1.573922312514792
ID,2023-12-17,depth,1.738528992866789
ID,2023-12-18,depth,1.8041812678593996
ID,2023-12-19,depth,1.9947124542846133
ID,2023-12-20,depth,2.314045077560676
ID,2023-12-21,depth,2.5867106992289957
ID,2023-12-22,depth,2.795209942119089
ID,2023-12-23,depth,2.947119888141964
ID,2023-12-24,depth,3.0343240704733967
ID,2023-12-25,depth,3.076707440883899
ID,2023-12-26,depth,3.099138028736649
ID,2023-12-27,depth,3.102116389974268
ID,2023-12-28,depth,3.0944728193200306
ID,2023-12-29,depth,3.08767681879863
ID,2023-12-30,depth,3.0683599178036993
ID,2023-12-31,depth,3.0466948327503425
ID,2024-01-01,depth,3.0208064202009433
ID,2024-01-02,depth,2.995775213181567
ID,2024-01-03,depth,2.9665620482871504
ID,2024-01-04,depth,2.940279019831866
ID,2024-01-05,depth,2.904262903360183
ID,2024-01-06,depth,2.883080495338028
ID,2024-01-07,depth,2.8666697622005577
ID,2024-01-08,depth,2.8470707053195867
ID,2024-01-09,depth,2.8595388289246624
ID,2024-01-10,depth,2.8866325158564776
ID,2024-01-11,depth,2.898586035943179
ID,2024-01-12,depth,2.933229243171458
ID,2024-01-13,depth,2.9880105071605985
ID,2024-01-14,depth,3.025742041035364
ID,2024-01-15,depth,3.0622087157877163
ID,2024-01-16,depth,3.103761916598107
ID,2024-01-17,depth,3.1357491833413853
ID,2024-01-18,depth,3.152221754234125
ID,2024-01-19,depth,3.1725127789969205
ID,2024-01-20,depth,3.191674794928928
ID,2024-01-21,depth,3.18801237463594
ID,2024-01-22,depth,3.1779946381489355
ID,2024-01-23,depth,3.1627984333039576
ID,2024-01-24,depth,3.1393622758545727
ID,2024-01-25,depth,3.112794215415163
ID,2024-01-26,depth,3.0973389117879617
ID,2024-01-27,depth,3.066674891567211
ID,2024-01-28,depth,3.0509737681866964
ID,2024-01-29,depth,3.02257480901555
ID,2024-01-30,depth,2.9889999699493797
ID,2024-01-31,depth,2.9562286000010825
ID,2024-02-01,depth,2.9200104776625113
ID,2024-02-02,depth,2.878253402749987
ID,2024-02-03,depth,2.8324361286652704
ID,2024-02-04,depth,2.7847757810677263
ID,2024-02-05,depth,2.746921432308129
ID,2024-02-06,depth,2.701563678979505
ID,2024-02-07,depth,2.656359802597663
ID,2024-02-08,depth,2.62105708143247
ID,2024-02-09,depth,2.599828221728598
ID,2024-02-10,depth,2.5845961120769525
ID,2024-02-11,depth,2.5731582003318536
ID,2024-02-12,depth,2.5681549412268527
ID,2024-02-13,depth,2.5694482754680807
ID,2024-02-14,depth,2.54577674723564
ID,2024-02-15,depth,2.5246329751608156
ID,2024-02-16,depth,2.510185159711046
ID,2024-02-17,depth,2.5008903104901012
ID,2024-02-18,depth,2.514890061003674
ID,2024-02-19,depth,2.5022814836782485
ID,2024-02-20,depth,2.504687383228226
ID,2024-02-21,depth,2.527762960329948
ID,2024-02-22,depth,2.564062240043909
ID,2024-02-23,depth,2.606886341834432
ID,2024-02-24,depth,2.65049516737978
ID,2024-02-25,depth,2.6658180209782616
ID,2024-02-26,depth,2.663792978660058
ID,2024-02-27,depth,2.6558178772873435
ID,2024-02-28,depth,2.6428310311930896
ID,2024-02-29,depth,2.613461543313357
ID,2024-03-01,depth,2.5608662930826838
ID,2024-03-02,depth,2.4995081000306802
ID,2024-03-03,depth,2.4365506392665917
ID,2024-03-04,depth,2.376593926201881
ID,2024-03-05,depth,2.327707738182866
ID,2024-03-06,depth,2.3208642811565205
ID,2024-03-07,depth,2.301749337962638
ID,2024-03-08,depth,2.2985729016183907
ID,2024-03-09,depth,2.314648987356796
ID,2024-03-10,depth,2.3450170915222848
ID,2024-03-11,depth,2.3597446679003222
ID,2024-03-12,depth,2.410144556863779
ID,2024-03-13,depth,2.487135420439445
ID,2024-03-14,depth,2.563478897046749
ID,2024-03-15,depth,2.6343643378729857
ID,2024-03-16,depth,2.693195687005135
ID,2024-03-17,depth,2.7381774233136924
ID,2024-03-18,depth,2.7760211781456063
ID,2024-03-19,depth,2.79277072673199
ID,2024-03-20,depth,2.7990623359222897
ID,2024-03-21,depth,2.8008334568907607
ID,2024-03-22,depth,2.8026845849473703
ID,2024-03-23,depth,2.805285444696497
ID,2024-03-24,depth,2.799112670045124
ID,2024-03-25,depth,2.7877217834789105
ID,2024-03-26,depth,2.7975724128159656
ID,2024-03-27,depth,2.81954645036928
ID,2024-03-28,depth,2.854036402720389
ID,2024-03-29,depth,2.8622950017698563
ID,2024-03-30,depth,2.88711734799816
ID,2024-03-31,depth,2.9283923231761677
ID,2024-04-01,depth,2.975254763868355
ID,2024-04-02,depth,3.0240127698396946
ID,2024-04-03,depth,3.101585490930892
ID,2024-04-04,depth,3.1670232012554047
ID,2024-04-05,depth,3.210053621413485
ID,2024-04-06,depth,3.260396896600201
ID,2024-04-07,depth,3.299806171221118
ID,2024-04-08,depth,3.324810485241593
ID,2024-04-09,depth,3.328973365092221
ID,2024-04-10,depth,3.3224363201687286
ID,2024-04-11,depth,3.3330856727705216
ID,2024-04-12,depth,3.3475134020797372
ID,2024-04-13,depth,3.396658304860856
ID,2024-04-14,depth,3.502655821940119
ID,2024-04-15,depth,3.6397973028509645
ID,2024-04-16,depth,3.776266709503879
ID,2024-04-17,depth,3.8963860241946042
ID,2024-04-18,depth,4.0011764446956395
ID,2024-04-19,depth,4.09473819699626
ID,2024-04-20,depth,4.178712445380689
ID,2024-04-21,depth,4.254900559306279
ID,2024-04-22,depth,4.315853542524715
ID,2024-04-23,depth,4.348254936044156
ID,2024-04-24,depth,4.363659139281389
ID,2024-04-25,depth,4.350625075491587
ID,2024-04-26,depth,4.3099544874751885
ID,2024-04-27,depth,4.252313313273837
ID,2024-04-28,depth,4.183055998285412
ID,2024-04-29,depth,4.10457233550534
ID,2024-04-30,depth,4.013127856217894
ID,2024-05-01,depth,3.9158269379208575
ID,2024-05-02,depth,3.81062680180902
ID,2024-05-03,depth,3.704156100671333
ID,2024-05-04,depth,3.595827033545936
ID,2024-05-05,depth,3.4946805290639458
ID,2024-05-06,depth,3.3901117206718556
ID,2024-05-07,depth,3.289086832215001
ID,2024-05-08,depth,3.195755320570878
ID,2024-05-09,depth,3.1117999114014694
ID,2024-05-10,depth,3.048442657805604
ID,2024-05-11,depth,2.991109573705397
ID,2024-05-12,depth,2.929437777418777
ID,2024-05-13,depth,2.886801253445482
ID,2024-05-14,depth,2.890048252984135
ID,2024-05-15,depth,2.86826097739527
ID,2024-05-16,depth,2.8821982184983144
ID,2024-05-17,depth,2.9279998654203756
ID,2024-05-18,depth,2.988493710129732
ID,2024-05-19,depth,3.065831923596592
ID,2024-05-20,depth,3.1480764203802485
ID,2024-05-21,depth,3.2296590057609014
ID,2024-05-22,depth,3.3111140792293314
ID,2024-05-23,depth,3.3899951383882945
ID,2024-05-24,depth,3.481117722607753
ID,2024-05-25,depth,3.5740537078813372
ID,2024-05-26,depth,3.6583975489278027
ID,2024-05-27,depth,3.726845642855486
ID,2024-05-28,depth,3.775949416344807
ID,2024-05-29,depth,3.797097358749188
ID,2024-05-30,depth,3.790987909361121
ID,2024-05-31,depth,3.7638070244627047
ID,2024-06-01,depth,3.7212541021302252
ID,2024-06-02,depth,3.6796021043490224
ID,2024-06-03,depth,3.6355209093315226
ID,2024-06-04,depth,3.5921195058949515
ID,2024-06-05,depth,3.5404268096414033
ID,2024-06-06,depth,3.484714756632226
ID,2024-06-07,depth,3.415260900591245
ID,2024-06-08,depth,3.337806008962445
ID,2024-06-09,depth,3.256671201136154
ID,2024-06-10,depth,3.1705556641042403
ID,2024-06-11,depth,3.0719696558401086
ID,2024-06-12,depth,2.965398239404115
ID,2024-06-13,depth,2.851031340747232
ID,2024-06-14,depth,2.729111903271389
ID,2024-06-15,depth,2.6104034163300076
ID,2024-06-16,depth,2.4995437174555133
ID,2024-06-17,depth,2.391088960107105
ID,2024-06-18,depth,2.284812451128325
ID,2024-06-19,depth,2.1899838249928143
ID,2024-06-20,depth,2.1044746880618774
ID,2024-06-21,depth,2.0287825767424352
ID,2024-06-22,depth,1.961279173439914
ID,2024-06-23,depth,1.9048049253087866
ID,2024-06-24,depth,1.845851721342106
ID,2024-06-25,depth,1.7917079205290978
ID,2024-06-26,depth,1.7419105494788019
ID,2024-06-27,depth,1.70002270253585
ID,2024-06-28,depth,1.6675764872671437
ID,2024-06-29,depth,1.6351015097510881
ID,2024-06-30,depth,1.5942440163326235
ID,2024-07-01,depth,1.56318897577187
ID,2024-07-02,depth,1.5400646466672254
ID,2024-07-03,depth,1.5246477401779595
ID,2024-07-04,depth,1.5250616746907615
ID,2024-07-05,depth,1.5492434896347886
ID,2024-07-06,depth,1.609633886891975
ID,2024-07-07,depth,1.6742655403955713
ID,2024-07-08,depth,1.7159874780350635
ID,2024-07-09,depth,1.7207897866952537
ID,2024-07-10,depth,1.7138919689074357
ID,2024-07-11,depth,1.7093255094089927
ID,2024-07-12,depth,1.7085040161689755
ID,2024-07-13,depth,1.7186890518159907
ID,2024-07-14,depth,1.7405448771532925
ID,2024-07-15,depth,1.7731478935327067
ID,2024-07-16,depth,1.8060562192869583
ID,2024-07-17,depth,1.8120842239177972
ID,2024-07-18,depth,1.7904589746846706
ID,2024-07-19,depth,1.7435195955190923
ID,2024-07-20,depth,1.7025415888035071
ID,2024-07-21,depth,1.6732021100966594
ID,2024-07-22,depth,1.6365063938008064
ID,2024-07-23,depth,1.6222948580789376
ID,2024-07-24,depth,1.6386049705299763
ID,2024-07-25,depth,1.5805488557260903
ID,2024-07-26,depth,1.65957037037037
ID,2024-07-27,depth,1.6641800000000002
ID,2024-07-28,depth,1.7010570370370377
ID,2024-07-29,depth,1.7695429629629629
ID,2024-07-30,depth,1.8064200000000004
ID,2024-07-31,depth,1.8683207407407416
ID,2024-08-01,depth,1.9832792592592592
ID,2024-08-02,depth,2.04518
ID,2024-08-03,depth,1.9894153975375148
ID,2024-08-04,depth,2.0022195594987746
ID,2024-08-05,depth,2.292450883907094
ID,2024-08-06,depth,2.571190248308917
IU,2022-05-12,depth,1.7374999999999998
IU,2022-05-13,depth,1.7224999999999988
IU,2022-05-14,depth,1.7145833333333325
IU,2022-05-15,depth,1.6999999999999993
IU,2022-05-16,depth,1.6858333333333329
IU,2022-05-17,depth,1.6724999999999999
IU,2022-05-18,depth,1.6616666666666666
IU,2022-05-19,depth,1.6529166666666657
IU,2022-05-20,depth,1.642083333333332
IU,2022-05-21,depth,1.632499999999999
IU,2022-05-22,depth,1.622916666666666
IU,2022-05-23,depth,1.6174999999999993
IU,2022-05-24,depth,1.6062499999999995
IU,2022-05-25,depth,1.6037499999999996
IU,2022-05-26,depth,1.5925
IU,2022-05-27,depth,1.5983333333333332
IU,2022-05-28,depth,1.59125
IU,2022-05-29,depth,1.5862500000000002
IU,2022-05-30,depth,1.5945833333333332
IU,2022-05-31,depth,1.607083333333333
IU,2022-06-01,depth,1.5879166666666666
IU,2022-06-02,depth,1.5879166666666666
IU,2022-06-03,depth,1.5983333333333332
IU,2022-06-04,depth,1.5962499999999997
IU,2022-06-05,depth,1.5945833333333332
IU,2022-06-06,depth,1.5895833333333333
IU,2022-06-07,depth,1.5704166666666657
IU,2022-06-08,depth,1.5529166666666656
IU,2022-06-09,depth,1.5466666666666657
IU,2022-06-10,depth,1.5599999999999992
IU,2022-06-11,depth,1.5733333333333324
IU,2022-06-12,depth,1.547499999999999
IU,2022-06-13,depth,1.5429166666666658
IU,2022-06-14,depth,1.5362499999999992
IU,2022-06-15,depth,1.536666666666666
IU,2022-06-16,depth,1.5345833333333325
IU,2022-06-17,depth,1.534166666666666
IU,2022-06-18,depth,1.5258333333333327
IU,2022-06-19,depth,1.5233333333333328
IU,2022-06-20,depth,1.5216666666666663
IU,2022-06-21,depth,1.5291666666666661
IU,2022-06-22,depth,1.5270833333333327
IU,2022-06-23,depth,1.5274999999999994
IU,2022-06-24,depth,1.5466666666666662
IU,2022-06-25,depth,1.5474999999999992
IU,2022-06-26,depth,1.5237499999999995
IU,2022-06-27,depth,1.5258333333333327
IU,2022-06-28,depth,1.5266666666666662
IU,2022-06-29,depth,1.5270833333333327
IU,2022-06-30,depth,1.5733333333333326
IU,2022-07-01,depth,1.5383333333333324
IU,2022-07-02,depth,1.5383333333333324
IU,2022-07-03,depth,1.5483333333333327
IU,2022-07-04,depth,1.5412499999999991
IU,2022-07-05,depth,1.5374999999999992
IU,2022-07-06,depth,1.5370833333333325
IU,2022-07-07,depth,1.5362499999999992
IU,2022-07-08,depth,1.534166666666666
IU,2022-07-09,depth,1.5433333333333326
IU,2022-07-10,depth,1.5454166666666658
IU,2022-07-11,depth,1.542499999999999
IU,2022-07-12,depth,1.5458333333333323
IU,2022-07-13,depth,1.5399999999999991
IU,2022-07-14,depth,1.5408333333333324
IU,2022-07-15,depth,1.5445833333333323
IU,2022-07-16,depth,1.5458333333333323
IU,2022-07-17,depth,1.5412499999999991
IU,2022-07-18,depth,1.5445833333333323
IU,2022-07-19,depth,1.547499999999999
IU,2022-07-20,depth,1.5504166666666657
IU,2022-07-21,depth,1.5504166666666657
IU,2022-07-22,depth,1.554583333333332
IU,2022-07-23,depth,1.5633333333333321
IU,2022-07-24,depth,1.5933333333333324
IU,2022-07-25,depth,1.570833333333332
IU,2022-07-26,depth,1.577083333333333
IU,2022-07-27,depth,1.5916666666666666
IU,2022-07-28,depth,1.5925
IU,2022-07-29,depth,1.5966666666666665
IU,2022-07-30,depth,1.5974999999999997
IU,2022-07-31,depth,1.5933333333333333
IU,2022-08-01,depth,1.5908333333333333
IU,2022-08-02,depth,1.5883333333333334
IU,2022-08-03,depth,1.5841666666666667
IU,2022-08-04,depth,1.59875
IU,2022-08-05,depth,1.5924999999999998
IU,2022-08-06,depth,1.575416666666666
IU,2022-08-07,depth,1.5745833333333326
IU,2022-08-08,depth,1.569583333333332
IU,2022-08-09,depth,1.5699999999999985
IU,2022-08-10,depth,1.5716666666666654
IU,2022-08-11,depth,1.5745833333333323
IU,2022-08-12,depth,1.5679166666666653
IU,2022-08-13,depth,1.5683333333333322
IU,2022-08-14,depth,1.567083333333332
IU,2022-08-15,depth,1.5616666666666654
IU,2022-08-16,depth,1.5616666666666654
IU,2022-08-17,depth,1.5604166666666655
IU,2022-08-18,depth,1.5516666666666656
IU,2022-08-19,depth,1.5479166666666657
IU,2022-08-20,depth,1.5454166666666658
IU,2022-08-21,depth,1.5399999999999991
IU,2022-08-22,depth,1.5374999999999992
IU,2022-08-23,depth,1.5337499999999993
IU,2022-08-24,depth,1.5245833333333327
IU,2022-08-25,depth,1.569166666666666
IU,2022-08-26,depth,1.531666666666666
IU,2022-08-27,depth,1.5370833333333325
IU,2022-08-28,depth,1.5412499999999991
IU,2022-08-29,depth,1.5312499999999993
IU,2022-08-30,depth,1.5420833333333324
IU,2022-08-31,depth,1.5633333333333324
IU,2022-09-01,depth,1.6054166666666663
IU,2022-09-02,depth,1.6599999999999993
IU,2022-09-03,depth,1.7545833333333327
IU,2022-09-04,depth,1.8699999999999992
IU,2022-09-05,depth,1.9566666666666659
IU,2022-09-06,depth,2.0091666666666663
IU,2022-09-07,depth,2.0699999999999994
IU,2022-09-08,depth,2.1362499999999995
IU,2022-09-09,depth,2.2108333333333325
IU,2022-09-10,depth,2.2579166666666666
IU,2022-09-11,depth,2.2745833333333327
IU,2022-09-12,depth,2.294583333333333
IU,2022-09-13,depth,2.3708333333333327
IU,2022-09-14,depth,2.5087499999999996
IU,2022-09-15,depth,2.647499999999999
IU,2022-09-16,depth,2.7362499999999996
IU,2022-09-17,depth,2.785833333333333
IU,2022-09-18,depth,2.769583333333332
IU,2022-09-19,depth,2.7295833333333333
IU,2022-09-20,depth,2.652499999999999
IU,2022-09-21,depth,2.5637499999999993
IU,2022-09-22,depth,2.466666666666666
IU,2022-09-23,depth,2.3633333333333324
IU,2022-09-24,depth,2.240833333333333
IU,2022-09-25,depth,2.129166666666666
IU,2022-09-26,depth,2.031666666666666
IU,2022-09-27,depth,1.942916666666666
IU,2022-09-28,depth,1.8629166666666659
IU,2022-09-29,depth,1.7958333333333323
IU,2022-09-30,depth,1.7525
IU,2022-10-01,depth,1.7208333333333323
IU,2022-10-02,depth,1.696666666666666
IU,2022-10-03,depth,1.6716666666666664
IU,2022-10-04,depth,1.6587499999999997
IU,2022-10-05,depth,1.642083333333332
IU,2022-10-06,depth,1.6333333333333322
IU,2022-10-07,depth,1.628749999999999
IU,2022-10-08,depth,1.6199999999999992
IU,2022-10-09,depth,1.6124999999999994
IU,2022-10-10,depth,1.6087499999999995
IU,2022-10-11,depth,1.6041666666666663
IU,2022-10-12,depth,1.599583333333333
IU,2022-10-13,depth,1.6041666666666663
IU,2022-10-14,depth,1.5991666666666664
IU,2022-10-15,depth,1.5916666666666666
IU,2022-10-16,depth,1.5879166666666666
IU,2022-10-17,depth,1.5883333333333334
IU,2022-10-18,depth,1.5895833333333333
IU,2022-10-19,depth,1.5766666666666662
IU,2022-10-20,depth,1.5720833333333322
IU,2022-10-21,depth,1.5729166666666656
IU,2022-10-22,depth,1.5699999999999987
IU,2022-10-23,depth,1.570833333333332
IU,2022-10-24,depth,1.5679166666666653
IU,2022-10-25,depth,1.5641666666666654
IU,2022-10-26,depth,1.5641666666666654
IU,2022-10-27,depth,1.5612499999999987
IU,2022-10-28,depth,1.5587499999999987
IU,2022-10-29,depth,1.5562499999999988
IU,2022-10-30,depth,1.5562499999999988
IU,2022-10-31,depth,1.5537499999999989
IU,2022-11-01,depth,1.5483333333333322
IU,2022-11-02,depth,1.542499999999999
IU,2022-11-03,depth,1.5412499999999991
IU,2022-11-04,depth,1.5383333333333324
IU,2022-11-05,depth,1.5383333333333324
IU,2022-11-06,depth,1.5362499999999992
IU,2022-11-07,depth,1.5312499999999993
IU,2022-11-08,depth,1.5266666666666662
IU,2022-11-09,depth,1.5208333333333328
IU,2022-11-10,depth,1.567083333333333
IU,2022-11-11,depth,1.5891666666666662
IU,2022-11-12,depth,1.564583333333332
IU,2022-11-13,depth,1.559583333333332
IU,2022-11-14,depth,1.5533333333333321
IU,2022-11-15,depth,1.5504166666666657
IU,2022-11-16,depth,1.539166666666666
IU,2022-11-17,depth,1.5308333333333326
IU,2022-11-18,depth,1.5258333333333327
IU,2022-11-19,depth,1.5249999999999995
IU,2022-11-20,depth,1.5249999999999995
IU,2022-11-21,depth,1.5241666666666662
IU,2022-11-22,depth,1.5216666666666663
IU,2022-11-23,depth,1.5220833333333328
IU,2022-11-24,depth,1.5191666666666663
IU,2022-11-25,depth,1.5187499999999996
IU,2022-11-26,depth,1.5162499999999997
IU,2022-11-27,depth,1.513333333333333
IU,2022-11-28,depth,1.5087499999999998
IU,2022-11-29,depth,1.5054166666666666
IU,2022-11-30,depth,1.5087499999999998
IU,2022-12-01,depth,1.5008333333333332
IU,2022-12-02,depth,1.4933333333333334
IU,2022-12-03,depth,1.4945833333333334
IU,2022-12-04,depth,1.4925000000000002
IU,2022-12-05,depth,1.4937500000000001
IU,2022-12-06,depth,1.4920833333333334
IU,2022-12-07,depth,1.485833333333333
IU,2022-12-08,depth,1.4874999999999998
IU,2022-12-09,depth,1.484166666666666
IU,2022-12-10,depth,1.4795833333333321
IU,2022-12-11,depth,1.4783333333333322
IU,2022-12-12,depth,1.4779166666666654
IU,2022-12-13,depth,1.4741666666666655
IU,2022-12-14,depth,1.472083333333332
IU,2022-12-15,depth,1.4770833333333324
IU,2022-12-16,depth,1.467499999999999
IU,2022-12-17,depth,1.4641666666666657
IU,2022-12-18,depth,1.461249999999999
IU,2022-12-19,depth,1.4579166666666659
IU,2022-12-20,depth,1.4574999999999991
IU,2022-12-21,depth,1.461249999999999
IU,2022-12-22,depth,1.4562499999999992
IU,2022-12-23,depth,1.4549999999999992
IU,2022-12-24,depth,1.4424999999999994
IU,2022-12-25,depth,1.4404166666666662
IU,2022-12-26,depth,1.4412499999999995
IU,2022-12-27,depth,1.4424999999999994
IU,2022-12-28,depth,1.4395833333333328
IU,2022-12-29,depth,1.4383333333333328
IU,2022-12-30,depth,1.4374999999999996
IU,2022-12-31,depth,1.4374999999999996
IU,2023-01-01,depth,1.4354166666666661
IU,2023-01-02,depth,1.432083333333333
IU,2023-01-03,depth,1.429583333333333
IU,2023-01-04,depth,1.43695652173913
IU,2023-01-05,depth,1.437916666666666
IU,2023-01-06,depth,1.428333333333333
IU,2023-01-07,depth,1.424583333333333
IU,2023-01-08,depth,1.4237499999999998
IU,2023-01-09,depth,1.4233333333333331
IU,2023-01-10,depth,1.42125
IU,2023-01-11,depth,1.4229166666666664
IU,2023-01-12,depth,1.425833333333333
IU,2023-01-13,depth,1.4420833333333327
IU,2023-01-14,depth,1.4283333333333328
IU,2023-01-15,depth,1.424583333333333
IU,2023-01-16,depth,1.4237499999999998
IU,2023-01-17,depth,1.4237499999999998
IU,2023-01-18,depth,1.4256521739130432
IU,2023-01-19,depth,1.4229166666666664
IU,2023-01-20,depth,1.4220833333333331
IU,2023-01-21,depth,1.4170833333333333
IU,2023-01-22,depth,1.424583333333333
IU,2023-01-23,depth,1.4237499999999998
IU,2023-01-24,depth,1.4095833333333332
IU,2023-01-25,depth,1.4130434782608694
IU,2023-01-26,depth,1.420833333333333
IU,2023-01-27,depth,1.4008333333333323
IU,2023-01-28,depth,1.3973913043478248
IU,2023-01-29,depth,1.3999999999999988
IU,2023-01-30,depth,1.4013636363636353
IU,2023-01-31,depth,1.401999999999999
IU,2023-02-01,depth,1.3986956521739118
IU,2023-02-02,depth,1.3990909090909078
IU,2023-02-03,depth,1.4072727272727266
IU,2023-02-04,depth,1.3930434782608683
IU,2023-02-05,depth,1.393478260869564
IU,2023-02-06,depth,1.3941666666666654
IU,2023-02-07,depth,1.3890909090909078
IU,2023-02-08,depth,1.3874999999999988
IU,2023-02-09,depth,1.392499999999999
IU,2023-02-10,depth,1.4040909090909084
IU,2023-02-11,depth,1.4243478260869562
IU,2023-02-12,depth,1.4438095238095232
IU,2023-02-13,depth,1.4184999999999999
IU,2023-02-16,depth,1.5812499999999994
IU,2023-02-17,depth,1.6933333333333327
IU,2023-02-18,depth,1.8845833333333326
IU,2023-02-19,depth,2.0908333333333324
IU,2023-02-20,depth,2.324166666666666
IU,2023-02-21,depth,2.5479166666666657
IU,2023-02-22,depth,2.7354166666666657
IU,2023-02-23,depth,2.829583333333333
IU,2023-02-24,depth,2.8474999999999993
IU,2023-02-25,depth,2.7929166666666663
IU,2023-02-26,depth,2.687499999999999
IU,2023-02-27,depth,2.575416666666666
IU,2023-02-28,depth,2.4541666666666657
IU,2023-03-01,depth,2.3049999999999997
IU,2023-03-02,depth,2.1583333333333328
IU,2023-03-03,depth,2.023333333333333
IU,2023-03-04,depth,1.927916666666666
IU,2023-03-05,depth,1.8174999999999992
IU,2023-03-06,depth,1.719166666666666
IU,2023-03-07,depth,1.647916666666666
IU,2023-03-08,depth,1.592916666666666
IU,2023-03-09,depth,1.5349999999999993
IU,2023-03-10,depth,1.507083333333333
IU,2023-03-11,depth,1.4949999999999997
IU,2023-03-12,depth,1.4695833333333324
IU,2023-03-13,depth,1.527916666666666
IU,2023-03-14,depth,1.4716666666666658
IU,2023-03-15,depth,1.4566666666666659
IU,2023-03-16,depth,1.4558333333333324
IU,2023-03-17,depth,1.4595833333333323
IU,2023-03-18,depth,1.4679166666666656
IU,2023-03-19,depth,1.4670833333333322
IU,2023-03-20,depth,1.4537499999999992
IU,2023-03-21,depth,1.4520833333333325
IU,2023-03-22,depth,1.4470833333333326
IU,2023-03-23,depth,1.4429166666666662
IU,2023-03-24,depth,1.4470833333333326
IU,2023-03-25,depth,1.450416666666666
IU,2023-03-26,depth,1.4449999999999994
IU,2023-03-27,depth,1.4329166666666662
IU,2023-03-28,depth,1.4249999999999998
IU,2023-03-29,depth,1.424583333333333
IU,2023-03-30,depth,1.4116666666666664
IU,2023-03-31,depth,1.4108333333333332
IU,2023-04-01,depth,1.41125
IU,2023-04-02,depth,1.4141666666666666
IU,2023-04-03,depth,1.41125
IU,2023-04-04,depth,1.4104166666666664
IU,2023-04-05,depth,1.3954166666666654
IU,2023-04-06,depth,1.3904166666666655
IU,2023-04-07,depth,1.3866666666666656
IU,2023-04-08,depth,1.387499999999999
IU,2023-04-09,depth,1.3908333333333323
IU,2023-04-10,depth,1.381249999999999
IU,2023-04-11,depth,1.3795833333333323
IU,2023-04-12,depth,1.382499999999999
IU,2023-04-13,depth,1.3829166666666657
IU,2023-04-14,depth,1.376249999999999
IU,2023-04-15,depth,1.3754166666666658
IU,2023-04-16,depth,1.3733333333333324
IU,2023-04-17,depth,1.3674999999999993
IU,2023-04-18,depth,1.3620833333333326
IU,2023-04-19,depth,1.3604166666666662
IU,2023-04-20,depth,1.3591666666666662
IU,2023-04-21,depth,1.3579166666666662
IU,2023-04-22,depth,1.3562499999999995
IU,2023-04-23,depth,1.3474999999999997
IU,2023-04-24,depth,1.3379166666666666
IU,2023-04-25,depth,1.3404166666666666
IU,2023-04-26,depth,1.3370833333333334
IU,2023-04-27,depth,1.3433333333333333
IU,2023-04-28,depth,1.3499999999999996
IU,2023-04-29,depth,1.350833333333333
IU,2023-04-30,depth,1.3683333333333327
IU,2023-05-01,depth,1.3474999999999997
IU,2023-05-02,depth,1.34125
IU,2023-05-03,depth,1.3391666666666666
IU,2023-05-04,depth,1.3379166666666666
IU,2023-05-05,depth,1.335
IU,2023-05-06,depth,1.3341666666666667
IU,2023-05-07,depth,1.3287499999999997
IU,2023-05-08,depth,1.3266666666666662
IU,2023-05-09,depth,1.3258333333333328
IU,2023-05-10,depth,1.327083333333333
IU,2023-05-11,depth,1.3262499999999995
IU,2023-05-12,depth,1.3266666666666662
IU,2023-05-13,depth,1.340833333333333
IU,2023-05-14,depth,1.330833333333333
IU,2023-05-15,depth,1.3249999999999993
IU,2023-05-16,depth,1.3283333333333331
IU,2023-05-17,depth,1.3241666666666658
IU,2023-05-18,depth,1.3245833333333326
IU,2023-05-19,depth,1.323749999999999
IU,2023-05-20,depth,1.3299999999999992
IU,2023-05-21,depth,1.3645833333333326
IU,2023-05-22,depth,1.3699999999999992
IU,2023-05-23,depth,1.369166666666666
IU,2023-05-24,depth,1.3770833333333323
IU,2023-05-25,depth,1.3633333333333326
IU,2023-05-26,depth,1.3604166666666662
IU,2023-05-27,depth,1.3604166666666662
IU,2023-05-28,depth,1.3570833333333328
IU,2023-05-29,depth,1.3487499999999997
IU,2023-05-30,depth,1.3491666666666664
IU,2023-05-31,depth,1.3466666666666665
IU,2023-06-01,depth,1.3479166666666664
IU,2023-06-02,depth,1.3449999999999998
IU,2023-06-03,depth,1.3416666666666668
IU,2023-06-04,depth,1.3433333333333333
IU,2023-06-05,depth,1.3416666666666666
IU,2023-06-06,depth,1.3358333333333334
IU,2023-06-07,depth,1.3329166666666667
IU,2023-06-08,depth,1.3354166666666667
IU,2023-06-09,depth,1.345
IU,2023-06-10,depth,1.3466666666666665
IU,2023-06-11,depth,1.367083333333333
IU,2023-06-12,depth,1.335
IU,2023-06-13,depth,1.3320833333333333
IU,2023-06-14,depth,1.3304166666666666
IU,2023-06-15,depth,1.3470833333333332
IU,2023-06-16,depth,1.3595833333333327
IU,2023-06-17,depth,1.352083333333333
IU,2023-06-18,depth,1.3604166666666662
IU,2023-06-19,depth,1.3420833333333333
IU,2023-06-20,depth,1.3649999999999995
IU,2023-06-21,depth,1.3591666666666662
IU,2023-06-22,depth,1.4341666666666661
IU,2023-06-23,depth,1.4249999999999992
IU,2023-06-24,depth,1.4362499999999996
IU,2023-06-25,depth,1.474166666666666
IU,2023-06-26,depth,1.5345833333333327
IU,2023-06-27,depth,1.649166666666666
IU,2023-06-28,depth,1.806666666666666
IU,2023-06-29,depth,1.9437499999999992
IU,2023-06-30,depth,2.005833333333333
IU,2023-07-01,depth,2.032916666666666
IU,2023-07-02,depth,2.0370833333333325
IU,2023-07-03,depth,2.018333333333333
IU,2023-07-04,depth,1.9866666666666661
IU,2023-07-05,depth,1.933333333333333
IU,2023-07-06,depth,1.8683333333333325
IU,2023-07-07,depth,1.8045833333333325
IU,2023-07-08,depth,1.773333333333333
IU,2023-07-09,depth,1.7012499999999993
IU,2023-07-10,depth,1.6687499999999993
IU,2023-07-11,depth,1.6295833333333325
IU,2023-07-12,depth,1.602083333333333
IU,2023-07-13,depth,1.5666666666666655
IU,2023-07-14,depth,1.562499999999999
IU,2023-07-15,depth,1.5537499999999989
IU,2023-07-16,depth,1.5408333333333324
IU,2023-07-17,depth,1.5387499999999992
IU,2023-07-18,depth,1.5287499999999994
IU,2023-07-19,depth,1.5212499999999995
IU,2023-07-20,depth,1.5166666666666664
IU,2023-07-21,depth,1.510833333333333
IU,2023-07-22,depth,1.5091304347826084
IU,2023-07-23,depth,1.5087499999999998
IU,2023-07-24,depth,1.5020833333333332
IU,2023-07-25,depth,1.49875
IU,2023-07-26,depth,1.4945833333333334
IU,2023-07-27,depth,1.492916666666667
IU,2023-07-28,depth,1.5016666666666665
IU,2023-07-29,depth,1.5183333333333329
IU,2023-07-30,depth,1.514583333333333
IU,2023-07-31,depth,1.5091666666666665
IU,2023-08-01,depth,1.505
IU,2023-08-02,depth,1.5212499999999995
IU,2023-08-03,depth,1.5054166666666666
IU,2023-08-04,depth,1.5124999999999997
IU,2023-08-05,depth,1.5337499999999993
IU,2023-08-06,depth,1.554583333333332
IU,2023-08-07,depth,1.5662499999999986
IU,2023-08-08,depth,1.5741666666666658
IU,2023-08-09,depth,1.5787499999999999
IU,2023-08-10,depth,1.5799999999999998
IU,2023-08-11,depth,1.5749999999999993
IU,2023-08-12,depth,1.567083333333332
IU,2023-08-13,depth,1.5483333333333322
IU,2023-08-14,depth,1.5445833333333325
IU,2023-08-15,depth,1.569166666666666
IU,2023-08-16,depth,1.5608333333333324
IU,2023-08-17,depth,1.5541666666666656
IU,2023-08-18,depth,1.5633333333333324
IU,2023-08-19,depth,1.548749999999999
IU,2023-08-20,depth,1.5445833333333323
IU,2023-08-21,depth,1.543749999999999
IU,2023-08-22,depth,1.5433333333333323
IU,2023-08-23,depth,1.5454166666666658
IU,2023-08-24,depth,1.5399999999999991
IU,2023-08-25,depth,1.5362499999999992
IU,2023-08-26,depth,1.5349999999999993
IU,2023-08-27,depth,1.5274999999999994
IU,2023-08-28,depth,1.5212499999999995
IU,2023-08-29,depth,1.5204166666666663
IU,2023-08-30,depth,1.5845833333333326
IU,2023-08-31,depth,1.626249999999999
IU,2023-09-01,depth,1.6258333333333324
IU,2023-09-02,depth,1.634999999999999
IU,2023-09-03,depth,1.649999999999999
IU,2023-09-04,depth,1.678333333333333
IU,2023-09-05,depth,1.7174999999999991
IU,2023-09-06,depth,1.7616666666666665
IU,2023-09-07,depth,1.7991666666666657
IU,2023-09-08,depth,1.8241666666666658
IU,2023-09-09,depth,1.83125
IU,2023-09-10,depth,1.83125
IU,2023-09-11,depth,1.8262499999999995
IU,2023-09-12,depth,1.8187499999999985
IU,2023-09-13,depth,1.8020833333333321
IU,2023-09-14,depth,1.7887499999999992
IU,2023-09-15,depth,1.7712499999999995
IU,2023-09-16,depth,1.755
IU,2023-09-17,depth,1.7366666666666664
IU,2023-09-18,depth,1.712499999999999
IU,2023-09-19,depth,1.6899999999999995
IU,2023-09-20,depth,1.678333333333333
IU,2023-09-21,depth,1.66875
IU,2023-09-22,depth,1.6624999999999999
IU,2023-09-23,depth,1.654166666666666
IU,2023-09-24,depth,1.6437499999999987
IU,2023-09-25,depth,1.634999999999999
IU,2023-09-26,depth,1.6316666666666657
IU,2023-09-27,depth,1.6266666666666658
IU,2023-09-28,depth,1.6241666666666659
IU,2023-09-29,depth,1.622916666666666
IU,2023-09-30,depth,1.6183333333333325
IU,2023-10-01,depth,1.6087499999999995
IU,2023-10-02,depth,1.6058333333333328
IU,2023-10-03,depth,1.6016666666666663
IU,2023-10-04,depth,1.5983333333333332
IU,2023-10-05,depth,1.59375
IU,2023-10-06,depth,1.5933333333333333
IU,2023-10-07,depth,1.5933333333333333
IU,2023-10-08,depth,1.5825
IU,2023-10-09,depth,1.5779166666666664
IU,2023-10-10,depth,1.5766666666666662
IU,2023-10-11,depth,1.5795833333333331
IU,2023-10-12,depth,1.6749999999999996
IU,2023-10-13,depth,1.6174999999999993
IU,2023-10-14,depth,1.619166666666666
IU,2023-10-15,depth,1.6208333333333325
IU,2023-10-16,depth,1.6195833333333325
IU,2023-10-17,depth,1.617916666666666
IU,2023-10-18,depth,1.616666666666666
IU,2023-10-19,depth,1.6033333333333328
IU,2023-10-20,depth,1.5662499999999997
IU,2023-10-21,depth,1.5204166666666663
IU,2023-10-22,depth,1.512083333333333
IU,2023-10-23,depth,1.4874999999999996
IU,2023-10-24,depth,1.4399999999999995
IU,2023-10-25,depth,1.4374999999999996
IU,2023-10-26,depth,1.4316666666666662
IU,2023-10-27,depth,1.4295833333333328
IU,2023-10-28,depth,1.427083333333333
IU,2023-10-29,depth,1.424583333333333
IU,2023-10-30,depth,1.4233333333333331
IU,2023-10-31,depth,1.42
IU,2023-11-01,depth,1.4116666666666664
IU,2023-11-02,depth,1.404166666666666
IU,2023-11-03,depth,1.4062499999999991
IU,2023-11-04,depth,1.4133333333333333
IU,2023-11-05,depth,1.41
IU,2023-11-06,depth,1.4070833333333328
IU,2023-11-07,depth,1.4045833333333326
IU,2023-11-08,depth,1.4016666666666655
IU,2023-11-09,depth,1.4004166666666655
IU,2023-11-10,depth,1.4012499999999988
IU,2023-11-11,depth,1.398333333333332
IU,2023-11-12,depth,1.394583333333332
IU,2023-11-13,depth,1.3929166666666655
IU,2023-11-14,depth,1.3983333333333323
IU,2023-11-15,depth,1.409583333333333
IU,2023-11-16,depth,1.4104166666666664
IU,2023-11-17,depth,1.4049999999999994
IU,2023-11-18,depth,1.3999999999999986
IU,2023-11-19,depth,1.393333333333332
IU,2023-11-20,depth,1.3845833333333322
IU,2023-11-21,depth,1.3816666666666657
IU,2023-11-22,depth,1.3833333333333322
IU,2023-11-23,depth,1.3779166666666658
IU,2023-11-24,depth,1.3749999999999991
IU,2023-11-25,depth,1.3712499999999992
IU,2023-11-26,depth,1.3933333333333326
IU,2023-11-27,depth,1.3908333333333325
IU,2023-11-28,depth,1.370416666666666
IU,2023-11-29,depth,1.3674999999999993
IU,2023-11-30,depth,1.362916666666666
IU,2023-12-01,depth,1.3649999999999993
IU,2023-12-02,depth,1.3649999999999993
IU,2023-12-03,depth,1.3908333333333325
IU,2023-12-04,depth,1.3720833333333324
IU,2023-12-05,depth,1.3633333333333326
IU,2023-12-06,depth,1.3620833333333326
IU,2023-12-07,depth,1.3587499999999995
IU,2023-12-08,depth,1.3595833333333327
IU,2023-12-09,depth,1.3612499999999994
IU,2023-12-10,depth,1.3774999999999993
IU,2023-12-11,depth,1.3812499999999992
IU,2023-12-12,depth,1.3616666666666661
IU,2023-12-13,depth,1.3620833333333326
IU,2023-12-14,depth,1.362916666666666
IU,2023-12-15,depth,1.3670833333333325
IU,2023-12-16,depth,1.3745833333333324
IU,2023-12-17,depth,1.5758333333333328
IU,2023-12-18,depth,1.4949999999999994
IU,2023-12-19,depth,1.5795833333333327
IU,2023-12-20,depth,1.8949999999999996
IU,2023-12-21,depth,2.488749999999999
IU,2023-12-22,depth,3.1183333333333327
IU,2023-12-23,depth,3.650833333333333
IU,2023-12-24,depth,3.997916666666666
IU,2023-12-25,depth,4.1933333333333325
IU,2023-12-26,depth,4.285416666666666
IU,2023-12-27,depth,4.303333333333333
IU,2023-12-28,depth,4.2837499999999995
IU,2023-12-29,depth,4.261666666666665
IU,2023-12-30,depth,4.20875
IU,2023-12-31,depth,4.137083333333333
IU,2024-01-01,depth,4.057083333333333
IU,2024-01-02,depth,3.9733333333333327
IU,2024-01-03,depth,3.8733333333333326
IU,2024-01-04,depth,3.7941666666666665
IU,2024-01-05,depth,3.686666666666666
IU,2024-01-06,depth,3.619999999999999
IU,2024-01-07,depth,3.565416666666666
IU,2024-01-08,depth,3.4849999999999994
IU,2024-01-09,depth,3.5087499999999996
IU,2024-01-10,depth,3.6116666666666655
IU,2024-01-11,depth,3.623749999999999
IU,2024-01-12,depth,3.7224999999999993
IU,2024-01-13,depth,3.900416666666666
IU,2024-01-14,depth,4.02
IU,2024-01-15,depth,4.141666666666666
IU,2024-01-16,depth,4.280416666666666
IU,2024-01-17,depth,4.394166666666666
IU,2024-01-18,depth,4.456666666666666
IU,2024-01-19,depth,4.543749999999999
IU,2024-01-20,depth,4.607083333333332
IU,2024-01-21,depth,4.611249999999999
IU,2024-01-22,depth,4.584999999999999
IU,2024-01-23,depth,4.550416666666666
IU,2024-01-24,depth,4.489583333333332
IU,2024-01-25,depth,4.405416666666666
IU,2024-01-26,depth,4.346249999999999
IU,2024-01-27,depth,4.25125
IU,2024-01-28,depth,4.182083333333333
IU,2024-01-29,depth,4.082916666666666
IU,2024-01-30,depth,3.9808333333333326
IU,2024-01-31,depth,3.879166666666666
IU,2024-02-01,depth,3.7612499999999995
IU,2024-02-02,depth,3.6391666666666658
IU,2024-02-03,depth,3.5137499999999995
IU,2024-02-04,depth,3.377499999999999
IU,2024-02-05,depth,3.2624999999999997
IU,2024-02-06,depth,3.122916666666666
IU,2024-02-07,depth,2.99625
IU,2024-02-08,depth,2.899166666666666
IU,2024-02-09,depth,2.837499999999999
IU,2024-02-10,depth,2.79875
IU,2024-02-11,depth,2.7737499999999984
IU,2024-02-12,depth,2.7566666666666655
IU,2024-02-13,depth,2.754999999999999
IU,2024-02-14,depth,2.6941666666666664
IU,2024-02-15,depth,2.641666666666666
IU,2024-02-16,depth,2.604166666666665
IU,2024-02-17,depth,2.58125
IU,2024-02-18,depth,2.615416666666666
IU,2024-02-19,depth,2.5816666666666657
IU,2024-02-20,depth,2.575416666666666
IU,2024-02-21,depth,2.612916666666666
IU,2024-02-22,depth,2.6808333333333327
IU,2024-02-23,depth,2.792916666666666
IU,2024-02-24,depth,2.9045833333333326
IU,2024-02-25,depth,2.955416666666667
IU,2024-02-26,depth,2.959166666666666
IU,2024-02-27,depth,2.949583333333334
IU,2024-02-28,depth,2.922499999999999
IU,2024-02-29,depth,2.860416666666666
IU,2024-03-01,depth,2.7395833333333326
IU,2024-03-02,depth,2.616249999999999
IU,2024-03-03,depth,2.4866666666666664
IU,2024-03-04,depth,2.3674999999999993
IU,2024-03-05,depth,2.2649999999999997
IU,2024-03-06,depth,2.265833333333333
IU,2024-03-07,depth,2.2133333333333325
IU,2024-03-08,depth,2.1949999999999994
IU,2024-03-09,depth,2.207916666666666
IU,2024-03-10,depth,2.2820833333333326
IU,2024-03-11,depth,2.25375
IU,2024-03-12,depth,2.326666666666666
IU,2024-03-13,depth,2.468333333333333
IU,2024-03-14,depth,2.6374999999999997
IU,2024-03-15,depth,2.8158333333333325
IU,2024-03-16,depth,2.986666666666666
IU,2024-03-17,depth,3.124999999999999
IU,2024-03-18,depth,3.225833333333333
IU,2024-03-19,depth,3.2795833333333326
IU,2024-03-20,depth,3.305833333333333
IU,2024-03-21,depth,3.3291666666666666
IU,2024-03-22,depth,3.3545833333333324
IU,2024-03-23,depth,3.3554166666666654
IU,2024-03-24,depth,3.332499999999999
IU,2024-03-25,depth,3.301249999999999
IU,2024-03-26,depth,3.3174999999999994
IU,2024-03-27,depth,3.376666666666665
IU,2024-03-28,depth,3.4670833333333326
IU,2024-03-29,depth,3.497916666666666
IU,2024-03-30,depth,3.5579166666666655
IU,2024-03-31,depth,3.6820833333333325
IU,2024-04-01,depth,3.8337499999999993
IU,2024-04-02,depth,4.002083333333332
IU,2024-04-03,depth,4.2299999999999995
IU,2024-04-04,depth,4.468333333333333
IU,2024-04-05,depth,4.6154166666666665
IU,2024-04-06,depth,4.7870833333333325
IU,2024-04-07,depth,4.94375
IU,2024-04-08,depth,5.071666666666665
IU,2024-04-09,depth,5.116249999999999
IU,2024-04-10,depth,5.107499999999998
IU,2024-04-11,depth,5.116249999999999
IU,2024-04-12,depth,5.149583333333332
IU,2024-04-13,depth,5.267916666666666
IU,2024-04-14,depth,5.618333333333332
IU,2024-04-15,depth,6.113333333333332
IU,2024-04-16,depth,6.6274999999999995
IU,2024-04-17,depth,7.087916666666666
IU,2024-04-18,depth,7.487499999999999
IU,2024-04-19,depth,7.838749999999999
IU,2024-04-20,depth,8.165
IU,2024-04-21,depth,8.456666666666665
IU,2024-04-22,depth,8.685416666666667
IU,2024-04-23,depth,8.82875
IU,2024-04-24,depth,8.907083333333333
IU,2024-04-25,depth,8.889999999999999
IU,2024-04-26,depth,8.765833333333333
IU,2024-04-27,depth,8.5625
IU,2024-04-28,depth,8.317916666666665
IU,2024-04-29,depth,8.031666666666666
IU,2024-04-30,depth,7.707083333333332
IU,2024-05-01,depth,7.3495833333333325
IU,2024-05-02,depth,6.972916666666666
IU,2024-05-03,depth,6.580833333333333
IU,2024-05-04,depth,6.184166666666666
IU,2024-05-05,depth,5.817916666666666
IU,2024-05-06,depth,5.45125
IU,2024-05-07,depth,5.092499999999999
IU,2024-05-08,depth,4.760833333333332
IU,2024-05-09,depth,4.471666666666666
IU,2024-05-10,depth,4.245833333333333
IU,2024-05-11,depth,4.053333333333333
IU,2024-05-12,depth,3.8508333333333327
IU,2024-05-13,depth,3.6974999999999993
IU,2024-05-14,depth,3.717916666666666
IU,2024-05-15,depth,3.6324999999999994
IU,2024-05-16,depth,3.63875
IU,2024-05-17,depth,3.744166666666666
IU,2024-05-18,depth,3.924166666666666
IU,2024-05-19,depth,4.15375
IU,2024-05-20,depth,4.4125
IU,2024-05-21,depth,4.687916666666666
IU,2024-05-22,depth,4.971666666666666
IU,2024-05-23,depth,5.260416666666666
IU,2024-05-24,depth,5.574166666666666
IU,2024-05-25,depth,5.910833333333333
IU,2024-05-26,depth,6.22875
IU,2024-05-27,depth,6.4937499999999995
IU,2024-05-28,depth,6.692083333333333
IU,2024-05-29,depth,6.795833333333333
IU,2024-05-30,depth,6.8
IU,2024-05-31,depth,6.722499999999999
IU,2024-06-01,depth,6.578333333333332
IU,2024-06-02,depth,6.41625
IU,2024-06-03,depth,6.26
IU,2024-06-04,depth,6.106666666666666
IU,2024-06-05,depth,5.930833333333332
IU,2024-06-06,depth,5.734166666666666
IU,2024-06-07,depth,5.494166666666666
IU,2024-06-08,depth,5.225
IU,2024-06-09,depth,4.940833333333333
IU,2024-06-10,depth,4.647499999999999
IU,2024-06-11,depth,4.329166666666666
IU,2024-06-12,depth,3.9854166666666657
IU,2024-06-13,depth,3.633333333333333
IU,2024-06-14,depth,3.2833333333333328
IU,2024-06-15,depth,2.963749999999999
IU,2024-06-16,depth,2.7137499999999997
IU,2024-06-17,depth,2.5066666666666664
IU,2024-06-18,depth,2.304166666666666
IU,2024-06-19,depth,2.1608333333333327
IU,2024-06-20,depth,2.045416666666666
IU,2024-06-21,depth,1.9545833333333327
IU,2024-06-22,depth,1.8895833333333325
IU,2024-06-23,depth,1.8308333333333326
IU,2024-06-24,depth,1.7812499999999993
IU,2024-06-25,depth,1.7512499999999995
IU,2024-06-26,depth,1.7195833333333326
IU,2024-06-27,depth,1.689166666666666
IU,2024-06-28,depth,1.6708333333333332
IU,2024-06-29,depth,1.6395833333333323
IU,2024-06-30,depth,1.603333333333333
IU,2024-07-01,depth,1.5824999999999998
IU,2024-07-02,depth,1.5637499999999989
IU,2024-07-03,depth,1.5445833333333323
IU,2024-07-04,depth,1.5312499999999993
IU,2024-07-05,depth,1.5116666666666665
IU,2024-07-06,depth,1.495
IU,2024-07-07,depth,1.500833333333333
IU,2024-07-08,depth,1.4962499999999999
IU,2024-07-09,depth,1.4808333333333323
IU,2024-07-10,depth,1.4758333333333322
IU,2024-07-11,depth,1.4666666666666657
IU,2024-07-12,depth,1.458749999999999
IU,2024-07-13,depth,1.446666666666666
IU,2024-07-14,depth,1.4445833333333327
IU,2024-07-15,depth,1.4416666666666662
IU,2024-07-16,depth,1.4508333333333325
IU,2024-07-17,depth,1.447916666666666
IU,2024-07-18,depth,1.4404166666666662
IU,2024-07-19,depth,1.4308333333333327
IU,2024-07-20,depth,1.4254166666666666
IU,2024-07-21,depth,1.442083333333333
IU,2024-07-22,depth,1.3991666666666656
IU,2024-07-23,depth,1.3929166666666655
IU,2024-07-24,depth,1.4079166666666658
IU,2024-07-25,depth,1.4008333333333323
IU,2024-07-26,depth,1.3974999999999986
LF,2022-04-01,depth,1.5838794913019407
LF,2022-04-02,depth,1.5891606113087673
LF,2022-04-03,depth,1.5810187858072176
LF,2022-04-04,depth,1.5608401079996062
LF,2022-04-05,depth,1.543481262211129
LF,2022-04-06,depth,1.537000018590311
LF,2022-04-07,depth,1.533877596063341
LF,2022-04-08,depth,1.5243268910168857
LF,2022-04-09,depth,1.505552723261398
LF,2022-04-10,depth,1.4866564909939137
LF,2022-04-11,depth,1.4811273388700799
LF,2022-04-12,depth,1.4918966073632434
LF,2022-04-13,depth,1.510613532129485
LF,2022-04-14,depth,1.5294892603032368
LF,2022-04-15,depth,1.5404086794096534
LF,2022-04-16,depth,1.5433519064786425
LF,2022-04-17,depth,1.543607353368627
LF,2022-04-18,depth,1.538334749935925
LF,2022-04-19,depth,1.5135221575700828
LF,2022-04-20,depth,1.4663897470026845
LF,2022-04-21,depth,1.4158414963787715
LF,2022-04-22,depth,1.3707914750373722
LF,2022-04-23,depth,1.324952534648479
LF,2022-04-24,depth,1.288031047578078
LF,2022-04-25,depth,1.2585296345998074
LF,2022-04-26,depth,1.2280711781714868
LF,2022-04-27,depth,1.1886155491346189
LF,2022-04-28,depth,1.1398282582204635
LF,2022-04-29,depth,1.090472513081893
LF,2022-04-30,depth,1.0514076138769688
LF,2022-05-01,depth,1.0170358096521268
LF,2022-05-02,depth,0.9781650785820659
LF,2022-05-03,depth,0.9394349408573763
LF,2022-05-04,depth,0.8983215099301675
LF,2022-05-05,depth,0.8547973664676876
LF,2022-05-06,depth,0.8338125650872523
LF,2022-05-07,depth,0.8295635593276645
LF,2022-05-08,depth,0.789790770661573
LF,2022-05-09,depth,0.7219766155423253
LF,2022-05-10,depth,0.6720311113062266
LF,2022-05-11,depth,0.6499923637679378
LF,2022-05-12,depth,0.656058876303798
LF,2022-05-13,depth,0.6858829358147369
LF,2022-05-14,depth,0.7060548787664934
LF,2022-05-15,depth,0.7047678895532474
LF,2022-05-16,depth,0.704431871905855
LF,2022-05-17,depth,0.7008269189806008
LF,2022-05-18,depth,0.6730157163238959
LF,2022-05-19,depth,0.6376159529297057
LF,2022-05-20,depth,0.6286337513507789
LF,2022-05-21,depth,0.6286620171366492
LF,2022-05-22,depth,0.5957177871929887
LF,2022-05-23,depth,0.5503331477615708
LF,2022-05-24,depth,0.5319588601635442
LF,2022-05-25,depth,0.5398893593863897
LF,2022-05-26,depth,0.5616038392893805
LF,2022-05-27,depth,0.5765386339151088
LF,2022-05-28,depth,0.5600378094315615
LF,2022-05-29,depth,0.5292879822758513
LF,2022-05-30,depth,0.519750703745159
LF,2022-05-31,depth,0.5115677034168029
LF,2022-06-01,depth,0.4867513613615616
LF,2022-06-02,depth,0.48084663915938824
LF,2022-06-03,depth,0.5019038022982396
LF,2022-06-04,depth,0.5024670624811104
LF,2022-06-05,depth,0.4740684240261353
LF,2022-06-06,depth,0.4504389807698132
LF,2022-06-07,depth,0.43917353246687296
LF,2022-06-08,depth,0.44013152269744493
LF,2022-06-09,depth,0.4570217507672784
LF,2022-06-10,depth,0.47217406163359676
LF,2022-06-11,depth,0.4904481554556448
LF,2022-06-12,depth,0.5140742495774241
LF,2022-06-13,depth,0.5042042267509469
LF,2022-06-14,depth,0.4699864356013125
LF,2022-06-15,depth,0.4564345361980265
LF,2022-06-16,depth,0.4511570752904
LF,2022-06-17,depth,0.4367187002844154
LF,2022-06-18,depth,0.4274312522033252
LF,2022-06-19,depth,0.41527577045499386
LF,2022-06-20,depth,0.38132197401731177
LF,2022-06-21,depth,0.34375410385867017
LF,2022-06-22,depth,0.337740286745519
LF,2022-06-23,depth,0.3709222724599133
LF,2022-06-24,depth,0.3961649377813906
LF,2022-06-25,depth,0.3734988107642846
LF,2022-06-26,depth,0.3302791695544514
LF,2022-06-27,depth,0.323489718993953
LF,2022-06-28,depth,0.35771975931734223
LF,2022-06-29,depth,0.37451313451934476
LF,2022-06-30,depth,0.351413268019158
LF,2022-07-01,depth,0.3389867866489179
LF,2022-07-02,depth,0.3554934859723172
LF,2022-07-03,depth,0.36702719608391976
LF,2022-07-04,depth,0.3563202362588708
LF,2022-07-05,depth,0.3360003343990525
LF,2022-07-06,depth,0.3199253816962019
LF,2022-07-07,depth,0.3206027664671721
LF,2022-07-08,depth,0.3192772078326479
LF,2022-07-09,depth,0.3117648467956166
LF,2022-07-10,depth,0.3434089700025295
LF,2022-07-11,depth,0.36906184125115593
LF,2022-07-12,depth,0.40161534512382685
LF,2022-07-13,depth,0.4121916000185693
LF,2022-07-14,depth,0.39289584892136054
LF,2022-07-15,depth,0.39382352370296675
LF,2022-07-16,depth,0.3869053137978737
LF,2022-07-17,depth,0.40997005850005946
LF,2022-07-18,depth,0.463799334304297
LF,2022-07-19,depth,0.48482584999533024
LF,2022-07-20,depth,0.48271732029943687
LF,2022-07-21,depth,0.4941262405476977
LF,2022-07-22,depth,0.5133210549767968
LF,2022-07-23,depth,0.5404548321296773
LF,2022-07-24,depth,0.5725132754420922
LF,2022-07-25,depth,0.6011975390944172
LF,2022-07-26,depth,0.6322459771110301
LF,2022-07-27,depth,0.6559537832393392
LF,2022-07-28,depth,0.6621332481263493
LF,2022-07-29,depth,0.6592910874288701
LF,2022-07-30,depth,0.6610553784130793
LF,2022-07-31,depth,0.6658359206499136
LF,2022-08-01,depth,0.6620458772139115
LF,2022-08-02,depth,0.6405511914117233
LF,2022-08-03,depth,0.6127787568088158
LF,2022-08-04,depth,0.5808709931492196
LF,2022-08-05,depth,0.5383891810856596
LF,2022-08-06,depth,0.5000205866323324
LF,2022-08-07,depth,0.48150732358903847
LF,2022-08-08,depth,0.4883914374524185
LF,2022-08-09,depth,0.5073693524533641
LF,2022-08-10,depth,0.518972035270704
LF,2022-08-11,depth,0.5301899600969816
LF,2022-08-12,depth,0.5351776919536679
LF,2022-08-13,depth,0.5321530400429445
LF,2022-08-14,depth,0.5238715424830881
LF,2022-08-15,depth,0.5123181478493206
LF,2022-08-16,depth,0.5089119895065642
LF,2022-08-17,depth,0.5018956237288067
LF,2022-08-18,depth,0.4895049152890141
LF,2022-08-19,depth,0.47504893126374215
LF,2022-08-20,depth,0.44273070986501095
LF,2022-08-21,depth,0.4194098561601664
LF,2022-08-22,depth,0.4219302473476734
LF,2022-08-23,depth,0.4333843901404547
LF,2022-08-24,depth,0.44798528895987455
LF,2022-08-25,depth,0.464022318463759
LF,2022-08-26,depth,0.4776278365028417
LF,2022-08-27,depth,0.4846414312693553
LF,2022-08-28,depth,0.5014444533979836
LF,2022-08-29,depth,0.5314618223676535
LF,2022-08-30,depth,0.5731832130263981
LF,2022-08-31,depth,0.627639289538252
LF,2022-09-01,depth,0.6743354030084621
LF,2022-09-02,depth,0.7121982986494165
LF,2022-09-03,depth,0.745299474770319
LF,2022-09-04,depth,0.7791615182155329
LF,2022-09-05,depth,0.8162429978213371
LF,2022-09-06,depth,0.8397632987409535
LF,2022-09-07,depth,0.8586364056286351
LF,2022-09-08,depth,0.8920531682160668
LF,2022-09-09,depth,0.9388969301638346
LF,2022-09-10,depth,0.9783730009498682
LF,2022-09-11,depth,0.9861449615817647
LF,2022-09-12,depth,0.9790950843797159
LF,2022-09-13,depth,0.9789962956851372
LF,2022-09-14,depth,0.9815812054782633
LF,2022-09-15,depth,0.9847421059738001
LF,2022-09-16,depth,0.9876941901403833
LF,2022-09-17,depth,0.9930190000395185
LF,2022-09-18,depth,0.9928881902416101
LF,2022-09-19,depth,0.9832890116833884
LF,2022-09-20,depth,0.9747040352034524
LF,2022-09-21,depth,0.9645451376654255
LF,2022-09-22,depth,0.9516489743910594
LF,2022-09-23,depth,0.9319674439882791
LF,2022-09-24,depth,0.9050140207276081
LF,2022-09-25,depth,0.8907801109733731
LF,2022-09-26,depth,0.8903965253555272
LF,2022-09-27,depth,0.8698459718295319
LF,2022-09-28,depth,0.7410961904103964
LF,2022-09-29,depth,0.5979745570089777
LF,2022-09-30,depth,0.5995669927999298
LF,2022-10-01,depth,0.6516056576683229
LF,2022-10-02,depth,0.647156262987445
LF,2022-10-03,depth,0.5853831381554415
LF,2022-10-04,depth,0.5518021686389993
LF,2022-10-05,depth,0.5826444097518098
LF,2022-10-06,depth,0.6047979764287204
LF,2022-10-07,depth,0.5913939552579989
LF,2022-10-08,depth,0.5666759143550362
LF,2022-10-09,depth,0.5415505300407913
LF,2022-10-10,depth,0.5257980359336809
LF,2022-10-11,depth,0.5063809393229267
LF,2022-10-12,depth,0.49731536959515427
LF,2022-10-13,depth,0.5115501584165736
LF,2022-10-14,depth,0.4871536516701378
LF,2022-10-15,depth,0.42532248109146276
LF,2022-10-16,depth,0.39295608451571756
LF,2022-10-17,depth,0.41375840701160904
LF,2022-10-18,depth,0.3797215016252796
LF,2022-10-19,depth,0.27373404843518945
LF,2022-10-20,depth,0.24401125165105192
LF,2022-10-21,depth,0.27096929468640807
LF,2022-10-22,depth,0.2919622361714847
LF,2022-10-23,depth,0.34439560425250215
LF,2022-10-24,depth,0.40143700996943676
LF,2022-10-25,depth,0.4425078355003437
LF,2022-10-26,depth,0.4537000128435416
LF,2022-10-27,depth,0.42739153557091947
LF,2022-10-28,depth,0.3811799503831757
LF,2022-10-29,depth,0.325135052647371
LF,2022-10-30,depth,0.30454788674071737
LF,2022-10-31,depth,0.3182677420586735
LF,2022-11-01,depth,0.29760255531333496
LF,2022-11-02,depth,0.2712854065424529
LF,2022-11-03,depth,0.2876909306857548
LF,2022-11-04,depth,0.29892559238796995
LF,2022-11-05,depth,0.3231537681466924
LF,2022-11-06,depth,0.3571146618535813
LF,2022-11-07,depth,0.3305178980486293
LF,2022-11-08,depth,0.24340329799822238
LF,2022-11-09,depth,0.1810064716439814
LF,2022-11-10,depth,0.279222977650426
LF,2022-11-11,depth,0.4437547606267206
LF,2022-11-12,depth,0.4363288963968826
LF,2022-11-13,depth,0.3576572830373256
LF,2022-11-14,depth,0.28691667504039603
LF,2022-11-15,depth,0.29652698225504354
LF,2022-11-16,depth,0.2939514070376821
LF,2022-11-17,depth,0.2246282455440349
LF,2022-11-18,depth,0.19378330128038596
LF,2022-11-19,depth,0.19509937640743544
LF,2022-11-20,depth,0.1948920205002171
LF,2022-11-21,depth,0.20453966122934109
LF,2022-11-22,depth,0.24435695996431728
LF,2022-11-23,depth,0.29410043992514956
LF,2022-11-24,depth,0.3350250688464948
LF,2022-11-25,depth,0.36637076814122993
LF,2022-11-26,depth,0.3761764310366674
LF,2022-11-27,depth,0.3741777351174486
LF,2022-11-28,depth,0.3371907038337131
LF,2022-11-29,depth,0.306658500862045
LF,2022-11-30,depth,0.3002713044446247
LF,2022-12-01,depth,0.23454255068633487
LF,2022-12-02,depth,0.2053771297190184
LF,2022-12-03,depth,0.24641140840277365
LF,2022-12-04,depth,0.2657714484638069
LF,2022-12-05,depth,0.2963078821725697
LF,2022-12-06,depth,0.32445664497784743
LF,2022-12-07,depth,0.31221982437081797
LF,2022-12-08,depth,0.295188730454536
LF,2022-12-09,depth,0.2942577439595147
LF,2022-12-10,depth,0.28287782832152536
LF,2022-12-11,depth,0.2695816180434343
LF,2022-12-12,depth,0.2650098838777788
LF,2022-12-13,depth,0.256980703429556
LF,2022-12-14,depth,0.3394592619421311
LF,2022-12-15,depth,0.4407437193469199
LF,2022-12-16,depth,0.3326255595413348
LF,2022-12-17,depth,0.22376614287108637
LF,2022-12-18,depth,0.21056666163491042
LF,2022-12-19,depth,0.2015477813608167
LF,2022-12-20,depth,0.23899299148551884
LF,2022-12-21,depth,0.2695007276172592
LF,2022-12-22,depth,0.33397444005063076
LF,2022-12-23,depth,0.32929959938609876
LF,2022-12-24,depth,0.22276336661170498
LF,2022-12-25,depth,0.20075358626356307
LF,2022-12-26,depth,0.21833930266284618
LF,2022-12-27,depth,0.23025713208400536
LF,2022-12-28,depth,0.2246200014556448
LF,2022-12-29,depth,0.21312828204681614
LF,2022-12-30,depth,0.2302977392928357
LF,2022-12-31,depth,0.25887445270763815
LF,2023-01-01,depth,0.2430287661912251
LF,2023-01-02,depth,0.21934209441560773
LF,2023-01-03,depth,0.2639806605282347
LF,2023-01-04,depth,0.32066201355385304
LF,2023-01-05,depth,0.2965446932764403
LF,2023-01-06,depth,0.22848924362564493
LF,2023-01-07,depth,0.20889229045839644
LF,2023-01-08,depth,0.23255457765922638
LF,2023-01-09,depth,0.24596599908441108
LF,2023-01-10,depth,0.2356896455606048
LF,2023-01-11,depth,0.2361126398937222
LF,2023-01-12,depth,0.2597355246079763
LF,2023-01-13,depth,0.25175305484440524
LF,2023-01-14,depth,0.20604140915203745
LF,2023-01-15,depth,0.19885342051361005
LF,2023-01-16,depth,0.21220344539063923
LF,2023-01-17,depth,0.2438175763050631
LF,2023-01-18,depth,0.2741292355873662
LF,2023-01-19,depth,0.31023360783120135
LF,2023-01-20,depth,0.30704446227294613
LF,2023-01-21,depth,0.28357108092052724
LF,2023-01-22,depth,0.3294798363287979
LF,2023-01-23,depth,0.29150930079841253
LF,2023-01-24,depth,0.2305627285771936
LF,2023-01-25,depth,0.32348243333861926
LF,2023-01-26,depth,0.30532018363509045
LF,2023-01-27,depth,0.2046231914501498
LF,2023-01-28,depth,0.20012238727312018
LF,2023-01-29,depth,0.24910553167936025
LF,2023-01-30,depth,0.3065432713739464
LF,2023-01-31,depth,0.32564658523415563
LF,2023-02-01,depth,0.3451996436353956
LF,2023-02-02,depth,0.3933836036958182
LF,2023-02-03,depth,0.3915222439219052
LF,2023-02-04,depth,0.33520155059529605
LF,2023-02-05,depth,0.3692200054601588
LF,2023-02-06,depth,0.4470526380445251
LF,2023-02-07,depth,0.476402119678475
LF,2023-02-08,depth,0.4908390192742113
LF,2023-02-09,depth,0.513300389508621
LF,2023-02-10,depth,0.5324479231188093
LF,2023-02-11,depth,0.5820265002404168
LF,2023-02-12,depth,0.6219401336002923
LF,2023-02-13,depth,0.5505668468579134
LF,2023-02-14,depth,0.5410660696475462
LF,2023-02-15,depth,0.6244076101461385
LF,2023-02-16,depth,0.710382755055964
LF,2023-02-17,depth,0.7906336963289559
LF,2023-02-18,depth,0.827625765768926
LF,2023-02-19,depth,0.8670523919349011
LF,2023-02-20,depth,0.9439008946078449
LF,2023-02-21,depth,1.0082297350073306
LF,2023-02-22,depth,1.0480341305131946
LF,2023-02-23,depth,1.06991257902392
LF,2023-02-24,depth,1.0734521232267265
LF,2023-02-25,depth,1.0616200776351974
LF,2023-02-26,depth,1.041626416071791
LF,2023-02-27,depth,1.0302482280915042
LF,2023-02-28,depth,1.0252097120773744
LF,2023-03-01,depth,0.9964337626158434
LF,2023-03-02,depth,0.9619105078436564
LF,2023-03-03,depth,0.9605839189804279
LF,2023-03-04,depth,0.9646094146806994
LF,2023-03-05,depth,0.9138244330764327
LF,2023-03-06,depth,0.8499008118639226
LF,2023-03-07,depth,0.8113030316536137
LF,2023-03-08,depth,0.767964840553033
LF,2023-03-09,depth,0.7314612576450876
LF,2023-03-10,depth,0.7444850341850737
LF,2023-03-11,depth,0.7433050006098766
LF,2023-03-12,depth,0.7454967611180425
LF,2023-03-13,depth,0.7626235623883443
LF,2023-03-14,depth,0.6827228890572695
LF,2023-03-15,depth,0.5941960494999333
LF,2023-03-16,depth,0.6078930548560938
LF,2023-03-17,depth,0.7056854432816574
LF,2023-03-18,depth,0.7580703025249732
LF,2023-03-19,depth,0.6634962919981314
LF,2023-03-20,depth,0.58038059297647
LF,2023-03-21,depth,0.5927007982452719
LF,2023-03-22,depth,0.6430389363308818
LF,2023-03-23,depth,0.6815542639930616
LF,2023-03-24,depth,0.6938553528477281
LF,2023-03-25,depth,0.7007360346569477
LF,2023-03-26,depth,0.6877203596534103
LF,2023-03-27,depth,0.6465524970889828
LF,2023-03-28,depth,0.600654010031984
LF,2023-03-29,depth,0.5515808893684607
LF,2023-03-30,depth,0.5175619786065908
LF,2023-03-31,depth,0.5404080948652152
LF,2023-04-01,depth,0.5952721835407064
LF,2023-04-02,depth,0.6083891043447349
LF,2023-04-03,depth,0.5992874196018729
LF,2023-04-04,depth,0.6012978398984002
LF,2023-04-05,depth,0.5956175075317468
LF,2023-04-06,depth,0.5883943242340688
LF,2023-04-07,depth,0.5819407942653801
LF,2023-04-08,depth,0.5747031700867435
LF,2023-04-09,depth,0.5149745648816537
LF,2023-04-10,depth,0.4259819310741665
LF,2023-04-11,depth,0.41119678080008015
LF,2023-04-12,depth,0.4506964960357153
LF,2023-04-13,depth,0.5161608714824749
LF,2023-04-14,depth,0.5330361264806867
LF,2023-04-15,depth,0.5173091062706572
LF,2023-04-16,depth,0.5149923173669556
LF,2023-04-17,depth,0.44753358129811893
LF,2023-04-18,depth,0.38198173406778974
LF,2023-04-19,depth,0.4153761784317121
LF,2023-04-20,depth,0.44189236907489055
LF,2023-04-21,depth,0.4515587697571024
LF,2023-04-22,depth,0.4561830292577854
LF,2023-04-23,depth,0.40037160009553907
LF,2023-04-24,depth,0.3562651551833787
LF,2023-04-25,depth,0.3494921142060503
LF,2023-04-26,depth,0.3270086524537911
LF,2023-04-27,depth,0.33026233724683196
LF,2023-04-28,depth,0.35186452002635593
LF,2023-04-29,depth,0.3997551459055775
LF,2023-04-30,depth,0.48062260831808745
LF,2023-05-01,depth,0.4020580178045146
LF,2023-05-02,depth,0.32233163366354
LF,2023-05-03,depth,0.30780223846958965
LF,2023-05-04,depth,0.3127270298999082
LF,2023-05-05,depth,0.31948928819925726
LF,2023-05-06,depth,0.30673104181439564
LF,2023-05-07,depth,0.3032135813784024
LF,2023-05-08,depth,0.33204886383461324
LF,2023-05-09,depth,0.33328370240093846
LF,2023-05-10,depth,0.2935960103633028
LF,2023-05-11,depth,0.2641488627593589
LF,2023-05-12,depth,0.2557688332951993
LF,2023-05-13,depth,0.25979753185222626
LF,2023-05-14,depth,0.2703616471392717
LF,2023-05-15,depth,0.2631135754816441
LF,2023-05-16,depth,0.2741008623990931
LF,2023-05-17,depth,0.30637420833395884
LF,2023-05-18,depth,0.3129643357173693
LF,2023-05-19,depth,0.2830145797559861
LF,2023-05-20,depth,0.254589109859058
LF,2023-05-21,depth,0.25866561006262107
LF,2023-05-22,depth,0.2827809586792538
LF,2023-05-23,depth,0.28991213087003603
LF,2023-05-24,depth,0.2649402345170614
LF,2023-05-25,depth,0.2533842463272639
LF,2023-05-26,depth,0.22882678696281974
LF,2023-05-27,depth,0.2109078333686735
LF,2023-05-28,depth,0.22612520002388128
LF,2023-05-29,depth,0.25339043412285345
LF,2023-05-30,depth,0.2867939629063598
LF,2023-05-31,depth,0.30985889701427116
LF,2023-06-01,depth,0.31174384343066863
LF,2023-06-02,depth,0.29638697196359154
LF,2023-06-03,depth,0.30816741413630067
LF,2023-06-04,depth,0.31076237257992195
LF,2023-06-05,depth,0.2924873110319628
LF,2023-06-06,depth,0.3150731585662349
LF,2023-06-07,depth,0.3497335239812173
LF,2023-06-08,depth,0.36228781085006617
LF,2023-06-09,depth,0.3329049979452973
LF,2023-06-10,depth,0.2917391092238238
LF,2023-06-11,depth,0.28129527818004546
LF,2023-06-12,depth,0.2954523253971713
LF,2023-06-13,depth,0.2934392999427092
LF,2023-06-14,depth,0.2913006195904561
LF,2023-06-15,depth,0.34446202100232587
LF,2023-06-16,depth,0.3834794038819197
LF,2023-06-17,depth,0.35826995868068473
LF,2023-06-18,depth,0.3529918140645855
LF,2023-06-19,depth,0.4035322158114859
LF,2023-06-20,depth,0.5297966247297019
LF,2023-06-21,depth,0.5967594926392512
LF,2023-06-22,depth,0.611624751192186
LF,2023-06-23,depth,0.6391125464823779
LF,2023-06-24,depth,0.624890797835153
LF,2023-06-25,depth,0.6150925479330754
LF,2023-06-26,depth,0.6610901884090764
LF,2023-06-27,depth,0.7310192134727325
LF,2023-06-28,depth,0.7939601619061732
LF,2023-06-29,depth,0.8367480933599786
LF,2023-06-30,depth,0.8665304855176883
LF,2023-07-01,depth,0.8918383638850584
LF,2023-07-02,depth,0.9094840335520695
LF,2023-07-03,depth,0.9189607012290975
LF,2023-07-04,depth,0.9168857330142236
LF,2023-07-05,depth,0.8996416521153278
LF,2023-07-06,depth,0.8757008509840322
LF,2023-07-07,depth,0.8514364301349002
LF,2023-07-08,depth,0.8222850061906701
LF,2023-07-09,depth,0.7869739265543445
LF,2023-07-10,depth,0.7677334897158861
LF,2023-07-11,depth,0.7421737334168363
LF,2023-07-12,depth,0.6778527041005322
LF,2023-07-13,depth,0.6256577602071873
LF,2023-07-14,depth,0.614017512193958
LF,2023-07-15,depth,0.6211548593512561
LF,2023-07-16,depth,0.6193833091475169
LF,2023-07-17,depth,0.6078420388344055
LF,2023-07-18,depth,0.5896151346396503
LF,2023-07-19,depth,0.573068794018055
LF,2023-07-20,depth,0.5514365692206721
LF,2023-07-21,depth,0.5280568268532069
LF,2023-07-22,depth,0.5167571237570999
LF,2023-07-23,depth,0.5198103352701187
LF,2023-07-24,depth,0.4956432203156506
LF,2023-07-25,depth,0.4546971876699761
LF,2023-07-26,depth,0.4256350058812771
LF,2023-07-27,depth,0.4290060384767032
LF,2023-07-28,depth,0.4539382592466897
LF,2023-07-29,depth,0.47778853205502425
LF,2023-07-30,depth,0.48516992267837145
LF,2023-07-31,depth,0.49789538400423133
LF,2023-08-01,depth,0.5187989540054199
LF,2023-08-02,depth,0.5208833068872893
LF,2023-08-03,depth,0.5285578011409717
LF,2023-08-04,depth,0.5529678679967506
LF,2023-08-05,depth,0.5748507576666266
LF,2023-08-06,depth,0.5774711209016355
LF,2023-08-07,depth,0.5761267086938009
LF,2023-08-08,depth,0.5789222618050791
LF,2023-08-09,depth,0.5803515297063636
LF,2023-08-10,depth,0.5844702164163519
LF,2023-08-11,depth,0.5791425870274762
LF,2023-08-12,depth,0.5544513592478025
LF,2023-08-13,depth,0.5342330972526073
LF,2023-08-14,depth,0.538226135288323
LF,2023-08-15,depth,0.5416345599643823
LF,2023-08-16,depth,0.5435213943988073
LF,2023-08-17,depth,0.5497378777517071
LF,2023-08-18,depth,0.5386259154382377
LF,2023-08-19,depth,0.5211081622621669
LF,2023-08-20,depth,0.5227416543604478
LF,2023-08-21,depth,0.5228001513897403
LF,2023-08-22,depth,0.5071470853379756
LF,2023-08-23,depth,0.48466261859671156
LF,2023-08-24,depth,0.4641791360974637
LF,2023-08-25,depth,0.45504099893793837
LF,2023-08-26,depth,0.4594324821406769
LF,2023-08-27,depth,0.4749047233171931
LF,2023-08-28,depth,0.4911057960431914
LF,2023-08-29,depth,0.566985638492582
LF,2023-08-30,depth,0.7498961712903188
LF,2023-08-31,depth,0.8108869235316633
LF,2023-09-01,depth,0.6506850093689882
LF,2023-09-02,depth,0.5245131476406276
LF,2023-09-03,depth,0.5320774512275542
LF,2023-09-04,depth,0.5859535838871072
LF,2023-09-05,depth,0.6451006556896736
LF,2023-09-06,depth,0.6816209566813468
LF,2023-09-07,depth,0.696289567333067
LF,2023-09-08,depth,0.7080622523747898
LF,2023-09-09,depth,0.7215680716208812
LF,2023-09-10,depth,0.7288690574208199
LF,2023-09-11,depth,0.7238528807500799
LF,2023-09-12,depth,0.7226527721296987
LF,2023-09-13,depth,0.7207466604070076
LF,2023-09-14,depth,0.7177602088181662
LF,2023-09-15,depth,0.7204044616578359
LF,2023-09-16,depth,0.7085536772934893
LF,2023-09-17,depth,0.6841201424145475
LF,2023-09-18,depth,0.6531962011701888
LF,2023-09-19,depth,0.6156969198605761
LF,2023-09-20,depth,0.5958671027277859
LF,2023-09-21,depth,0.5775250593143957
LF,2023-09-22,depth,0.5381790728228024
LF,2023-09-23,depth,0.5120831432042993
LF,2023-09-24,depth,0.519876590350988
LF,2023-09-25,depth,0.5455728476819932
LF,2023-09-26,depth,0.573363331636364
LF,2023-09-27,depth,0.5624123852039835
LF,2023-09-28,depth,0.5115682173753128
LF,2023-09-29,depth,0.49324222053806244
LF,2023-09-30,depth,0.4994936984126574
LF,2023-10-01,depth,0.47488537405831915
LF,2023-10-02,depth,0.4377392898150878
LF,2023-10-03,depth,0.42301513549980135
LF,2023-10-04,depth,0.43202996880801575
LF,2023-10-05,depth,0.4526595862450648
LF,2023-10-06,depth,0.46696768819139867
LF,2023-10-07,depth,0.4442155023818759
LF,2023-10-08,depth,0.3792257208355558
LF,2023-10-09,depth,0.36619672096660955
LF,2023-10-10,depth,0.39350064777032734
LF,2023-10-11,depth,0.46532551797042
LF,2023-10-12,depth,0.6024978200273443
LF,2023-10-13,depth,0.6132778120328358
LF,2023-10-14,depth,0.5305421057597132
LF,2023-10-15,depth,0.4954240930313842
LF,2023-10-16,depth,0.4318970855075514
LF,2023-10-17,depth,0.3971007123691373
LF,2023-10-18,depth,0.4325402561882613
LF,2023-10-19,depth,0.47120697881323836
LF,2023-10-20,depth,0.5165746474467293
LF,2023-10-21,depth,0.5365367836284609
LF,2023-10-22,depth,0.5119030784293936
LF,2023-10-23,depth,0.4743754970188742
LF,2023-10-24,depth,0.44808175955819496
LF,2023-10-25,depth,0.4506587203178842
LF,2023-10-26,depth,0.4751484676900878
LF,2023-10-27,depth,0.5006406276468744
LF,2023-10-28,depth,0.5031369447693383
LF,2023-10-29,depth,0.5019609601779863
LF,2023-10-30,depth,0.5158558823943695
LF,2023-10-31,depth,0.5016600708515017
LF,2023-11-01,depth,0.37691866318103967
LF,2023-11-02,depth,0.25830785595821526
LF,2023-11-03,depth,0.26038001058510196
LF,2023-11-04,depth,0.29729470202914526
LF,2023-11-05,depth,0.3263700368460256
LF,2023-11-06,depth,0.34741897970318764
LF,2023-11-07,depth,0.3587281650662861
LF,2023-11-08,depth,0.38054995456576407
LF,2023-11-09,depth,0.412072949234123
LF,2023-11-10,depth,0.42785436022217316
LF,2023-11-11,depth,0.40094778728204983
LF,2023-11-12,depth,0.3346351698871727
LF,2023-11-13,depth,0.26396843166511813
LF,2023-11-14,depth,0.24190710100188642
LF,2023-11-15,depth,0.2946125945652238
LF,2023-11-16,depth,0.3101912153529586
LF,2023-11-17,depth,0.29848684726142954
LF,2023-11-18,depth,0.3002895599352046
LF,2023-11-19,depth,0.2790007655268565
LF,2023-11-20,depth,0.2950845879642796
LF,2023-11-21,depth,0.3517717578936352
LF,2023-11-22,depth,0.37247543672607536
LF,2023-11-23,depth,0.32385524652629866
LF,2023-11-24,depth,0.2743900874454764
LF,2023-11-25,depth,0.2669607605854969
LF,2023-11-26,depth,0.30731318669795715
LF,2023-11-27,depth,0.3327767049622306
LF,2023-11-28,depth,0.26996350389759993
LF,2023-11-29,depth,0.2150241510306602
LF,2023-11-30,depth,0.24684167387166236
LF,2023-12-01,depth,0.3276752894655828
LF,2023-12-02,depth,0.37659014090197457
LF,2023-12-03,depth,0.3784491821714548
LF,2023-12-04,depth,0.34895666347881854
LF,2023-12-05,depth,0.30986607408914624
LF,2023-12-06,depth,0.28631175174887175
LF,2023-12-07,depth,0.32202002890008474
LF,2023-12-08,depth,0.41960460181180037
LF,2023-12-09,depth,0.5004187861767951
LF,2023-12-10,depth,0.5556286678951308
LF,2023-12-11,depth,0.5159201115787839
LF,2023-12-12,depth,0.4221270857049294
LF,2023-12-13,depth,0.3771312189409897
LF,2023-12-14,depth,0.36871518513188967
LF,2023-12-15,depth,0.4212022879820778
LF,2023-12-16,depth,0.5603887225917039
LF,2023-12-17,depth,0.7285187308118631
LF,2023-12-18,depth,0.7306460223760265
LF,2023-12-19,depth,0.6626724800079495
LF,2023-12-20,depth,0.7161080200214069
LF,2023-12-21,depth,0.841022695046106
LF,2023-12-22,depth,0.9652942478677653
LF,2023-12-23,depth,1.0673318328406023
LF,2023-12-24,depth,1.1448499021491467
LF,2023-12-25,depth,1.2199900096799439
LF,2023-12-26,depth,1.2785266606353056
LF,2023-12-27,depth,1.2955436656475088
LF,2023-12-28,depth,1.2962195040827245
LF,2023-12-29,depth,1.296389408513766
LF,2023-12-30,depth,1.2838196845148682
LF,2023-12-31,depth,1.2667754610460717
LF,2024-01-01,depth,1.2556461333910387
LF,2024-01-02,depth,1.2413992343322962
LF,2024-01-03,depth,1.2317151371086374
LF,2024-01-04,depth,1.2231925811330369
LF,2024-01-05,depth,1.2007683913444265
LF,2024-01-06,depth,1.2117055512369614
LF,2024-01-07,depth,1.2183505020712966
LF,2024-01-08,depth,1.186570260637846
LF,2024-01-09,depth,1.2161196432285317
LF,2024-01-10,depth,1.2721055282150489
LF,2024-01-11,depth,1.2568249701508913
LF,2024-01-12,depth,1.2433117726332783
LF,2024-01-13,depth,1.2598835275415554
LF,2024-01-14,depth,1.2597367246473454
LF,2024-01-15,depth,1.2614953277048202
LF,2024-01-16,depth,1.2892060761410504
LF,2024-01-17,depth,1.3003651591506384
LF,2024-01-18,depth,1.296666904842026
LF,2024-01-19,depth,1.311459417120005
LF,2024-01-20,depth,1.3234284992804364
LF,2024-01-21,depth,1.313589743280718
LF,2024-01-22,depth,1.3120955864227979
LF,2024-01-23,depth,1.327271898886249
LF,2024-01-24,depth,1.3363959678453512
LF,2024-01-25,depth,1.3400478218596659
LF,2024-01-26,depth,1.3402943377958902
LF,2024-01-27,depth,1.329099257397676
LF,2024-01-28,depth,1.3137906542760431
LF,2024-01-29,depth,1.2812929297926727
LF,2024-01-30,depth,1.2465566967585942
LF,2024-01-31,depth,1.227618033744573
LF,2024-02-01,depth,1.20874588641647
LF,2024-02-02,depth,1.1925902854558912
LF,2024-02-03,depth,1.1746551861237136
LF,2024-02-04,depth,1.1721164572348712
LF,2024-02-05,depth,1.175589782343019
LF,2024-02-06,depth,1.1269286371950142
LF,2024-02-07,depth,1.0685491597649932
LF,2024-02-08,depth,1.051937552048914
LF,2024-02-09,depth,1.0680894413685673
LF,2024-02-10,depth,1.0872311515193305
LF,2024-02-11,depth,1.1001568793724745
LF,2024-02-12,depth,1.1162394779310718
LF,2024-02-13,depth,1.1069620600711294
LF,2024-02-14,depth,1.0502843211744617
LF,2024-02-15,depth,1.0071059852943254
LF,2024-02-16,depth,0.9997021626444744
LF,2024-02-17,depth,1.0023785300194177
LF,2024-02-18,depth,0.9943209490172794
LF,2024-02-19,depth,0.9690791059891091
LF,2024-02-20,depth,0.9582092470709485
LF,2024-02-21,depth,0.9654018736406594
LF,2024-02-22,depth,0.9949612635010296
LF,2024-02-23,depth,1.0564133932326942
LF,2024-02-24,depth,1.0913971432405225
LF,2024-02-25,depth,1.0806869966896222
LF,2024-02-26,depth,1.0736655450753196
LF,2024-02-27,depth,1.0814122853988961
LF,2024-02-28,depth,1.08960219610494
LF,2024-02-29,depth,1.0697798080254495
LF,2024-03-01,depth,1.0355537872257965
LF,2024-03-02,depth,1.0132456276871367
LF,2024-03-03,depth,0.9809951803539
LF,2024-03-04,depth,0.9376437880294975
LF,2024-03-05,depth,0.9136590092047291
LF,2024-03-06,depth,0.916899840263297
LF,2024-03-07,depth,0.9132022480616773
LF,2024-03-08,depth,0.9098033297018815
LF,2024-03-09,depth,0.9422832546762979
LF,2024-03-10,depth,0.9521071493291732
LF,2024-03-11,depth,0.9070326810757836
LF,2024-03-12,depth,0.9102958294525036
LF,2024-03-13,depth,0.9590042546811473
LF,2024-03-14,depth,0.9954359335521149
LF,2024-03-15,depth,1.0258452726618985
LF,2024-03-16,depth,1.0557307308314092
LF,2024-03-17,depth,1.0837974751696888
LF,2024-03-18,depth,1.1114711168811322
LF,2024-03-19,depth,1.1153177184454668
LF,2024-03-20,depth,1.1129241616705001
LF,2024-03-21,depth,1.1259789791191708
LF,2024-03-22,depth,1.1566065564099839
LF,2024-03-23,depth,1.191208142519781
LF,2024-03-24,depth,1.1711874532682331
LF,2024-03-25,depth,1.1357876049416011
LF,2024-03-26,depth,1.1520311803604206
LF,2024-03-27,depth,1.1965891324535995
LF,2024-03-28,depth,1.2162627759132918
LF,2024-03-29,depth,1.195053881256702
LF,2024-03-30,depth,1.1853258799362025
LF,2024-03-31,depth,1.2067271105681001
LF,2024-04-01,depth,1.2307192702655951
LF,2024-04-02,depth,1.2597767740372565
LF,2024-04-03,depth,1.323754653281601
LF,2024-04-04,depth,1.373274565552877
LF,2024-04-05,depth,1.3762062859358855
LF,2024-04-06,depth,1.383504210044644
LF,2024-04-07,depth,1.4026095004135914
LF,2024-04-08,depth,1.4282754924372978
LF,2024-04-09,depth,1.4516091076243476
LF,2024-04-10,depth,1.4729343432066857
LF,2024-04-11,depth,1.5113386452154027
LF,2024-04-12,depth,1.5249339930740347
LF,2024-04-13,depth,1.4936579157558216
LF,2024-04-14,depth,1.4873368704141083
LF,2024-04-15,depth,1.5248366765961912
LF,2024-04-16,depth,1.5846271520328734
LF,2024-04-17,depth,1.6563734620798545
LF,2024-04-18,depth,1.7311172497095095
LF,2024-04-19,depth,1.8001069355584773
LF,2024-04-20,depth,1.864011495112019
LF,2024-04-21,depth,1.9290795157026634
LF,2024-04-22,depth,1.9852965923583565
LF,2024-04-23,depth,2.0246786598081234
LF,2024-04-24,depth,2.059789849824705
LF,2024-04-25,depth,2.085993062434039
LF,2024-04-26,depth,2.093034998690501
LF,2024-04-27,depth,2.0833169583549997
LF,2024-04-28,depth,2.0617857967209017
LF,2024-04-29,depth,2.0306476917055813
LF,2024-04-30,depth,1.9912379130669708
LF,2024-05-01,depth,1.9427863254519802
LF,2024-05-02,depth,1.8862898801757815
LF,2024-05-03,depth,1.8254912476570753
LF,2024-05-04,depth,1.7638329552783023
LF,2024-05-05,depth,1.7012133495910693
LF,2024-05-06,depth,1.6358283709041808
LF,2024-05-07,depth,1.574162101203366
LF,2024-05-08,depth,1.5174528453350207
LF,2024-05-09,depth,1.4680580227713491
LF,2024-05-10,depth,1.4287516463602592
LF,2024-05-11,depth,1.383999449506482
LF,2024-05-12,depth,1.3263045114495828
LF,2024-05-13,depth,1.2860005947293307
LF,2024-05-14,depth,1.2824004480639604
LF,2024-05-15,depth,1.2763435725125611
LF,2024-05-16,depth,1.2514050219706
LF,2024-05-17,depth,1.238278291627533
LF,2024-05-18,depth,1.255257520377338
LF,2024-05-19,depth,1.2895860072329082
LF,2024-05-20,depth,1.3215209915649417
LF,2024-05-21,depth,1.3538106264572731
LF,2024-05-22,depth,1.3960043025655107
LF,2024-05-23,depth,1.4421731023025286
LF,2024-05-24,depth,1.4934860312371758
LF,2024-05-25,depth,1.5429228496771998
LF,2024-05-26,depth,1.5913411174867602
LF,2024-05-27,depth,1.6402890181063525
LF,2024-05-28,depth,1.6840031036504517
LF,2024-05-29,depth,1.7151306443793808
LF,2024-05-30,depth,1.7279592592447828
LF,2024-05-31,depth,1.7274151339036852
LF,2024-06-01,depth,1.721037877017706
LF,2024-06-02,depth,1.7105994067300305
LF,2024-06-03,depth,1.7029376978667552
LF,2024-06-04,depth,1.688294299239731
LF,2024-06-05,depth,1.6644476320312933
LF,2024-06-06,depth,1.6382326294141443
LF,2024-06-07,depth,1.6076776391894811
LF,2024-06-08,depth,1.5713900673951975
LF,2024-06-09,depth,1.526311636729897
LF,2024-06-10,depth,1.4750495189222372
LF,2024-06-11,depth,1.4260712968107767
LF,2024-06-12,depth,1.3754127827251539
LF,2024-06-13,depth,1.308129842647118
LF,2024-06-14,depth,1.2309037825709468
LF,2024-06-15,depth,1.1645521628402808
LF,2024-06-16,depth,1.104729326608628
LF,2024-06-17,depth,1.0359452035819978
LF,2024-06-18,depth,0.9687616766239557
LF,2024-06-19,depth,0.9125107242296937
LF,2024-06-20,depth,0.8574346030629963
LF,2024-06-21,depth,0.8140035165043137
LF,2024-06-22,depth,0.798538274641699
LF,2024-06-23,depth,0.788860049042161
LF,2024-06-24,depth,0.7658821535504123
LF,2024-06-25,depth,0.7343123565262051
LF,2024-06-26,depth,0.7006389613094746
LF,2024-06-27,depth,0.6717406512963485
LF,2024-06-28,depth,0.6467030231660243
LF,2024-06-29,depth,0.6138396452033051
LF,2024-06-30,depth,0.5932641557814594
LF,2024-07-01,depth,0.6026626336407702
LF,2024-07-02,depth,0.5972266000207399
LF,2024-07-03,depth,0.5778958387994109
LF,2024-07-04,depth,0.5757681304738356
LF,2024-07-05,depth,0.5906351245259375
LF,2024-07-06,depth,0.6121286480030557
LF,2024-07-07,depth,0.6348210866627445
LF,2024-07-08,depth,0.6611194692563662
LF,2024-07-09,depth,0.6674029558764056
LF,2024-07-10,depth,0.6525024250688396
LF,2024-07-11,depth,0.6381689893873845
LF,2024-07-12,depth,0.619541778825616
LF,2024-07-13,depth,0.5994424976245138
LF,2024-07-14,depth,0.5984345225375972
LF,2024-07-15,depth,0.6206857495897398
LF,2024-07-16,depth,0.6488106036652171
LF,2024-07-17,depth,0.6716324929789187
LF,2024-07-18,depth,0.6718649670122356
LF,2024-07-19,depth,0.6639004381047784
LF,2024-07-20,depth,0.6629217724011628
LF,2024-07-21,depth,0.6494895939936846
LF,2024-07-22,depth,0.6308174812893593
LF,2024-07-24,depth,0.6391900035871566
LF,2024-07-25,depth,0.6464659735385179
LF,2024-07-26,depth,0.6579184647290274
LF,2024-07-27,depth,0.6621304565739324
LF,2024-07-28,depth,0.6531283329787448
LF,2024-07-29,depth,0.6466291209239178
LF,2024-07-30,depth,0.6631752469027139
LF,2024-07-31,depth,0.7006698589125293
LF,2024-08-01,depth,0.7441181837253272
LF,2024-08-02,depth,0.7821923747435394
LF,2024-08-03,depth,0.8042895863291456
LF,2024-08-04,depth,0.8900301167350034
LF,2024-08-05,depth,1.132621226226994
LF,2024-08-06,depth,1.3155477350207874
LF,2024-08-07,depth,1.3275234476329074
LF,2024-08-08,depth,1.3466641073467727
LF,2024-08-09,depth,1.459839642017539
LF,2024-08-10,depth,1.623585203037039
LF,2024-08-11,depth,1.7909416952478612
LF,2024-08-12,depth,1.9320513314433392
LF,2024-08-13,depth,2.0381951047859244
LF,2024-08-14,depth,2.1067075510560955
LF,2024-08-15,depth,2.1435625087425962
LF,2024-08-16,depth,2.1581090733520583
LF,2024-08-17,depth,2.1564441292344227
LF,2024-08-18,depth,2.145642672847614
LF,2024-08-19,depth,2.1298572494462817
LF,2024-08-20,depth,2.108254181078364
LF,2024-08-21,depth,2.0789610369319433
LF,2024-08-22,depth,2.0446617550759254
LF,2024-08-23,depth,2.0075122574956707
LF,2024-08-24,depth,1.967509161961824
LF,2024-08-25,depth,1.9259485536394285
LF,2024-08-26,depth,1.8852482187000421
LF,2024-08-27,depth,1.847197855747686
LF,2024-08-28,depth,1.810637473773886
LF,2024-08-29,depth,1.7738036169197655
LF,2024-08-30,depth,1.736486427674314
LF,2024-08-31,depth,1.697355979644703
LF,2024-09-01,depth,1.6575966523793637
LF,2024-09-02,depth,1.6206894777216927
LF,2024-09-03,depth,1.5864347412054525
LF,2024-09-04,depth,1.5587488123754483
LF,2024-09-05,depth,1.5383083291832227
LF,2024-09-06,depth,1.5039111932080762
LF,2024-09-07,depth,1.4472058353058312
LF,2024-09-08,depth,1.3873776826106292
LF,2024-09-09,depth,1.3316290829632493
LF,2024-09-10,depth,1.272803633167203
LF,2024-09-11,depth,1.2159450729890708
LF,2024-09-12,depth,1.1773957728662696
LF,2024-09-13,depth,1.1577929243580858
LF,2024-09-14,depth,1.1406260967507833
LF,2024-09-15,depth,1.1142595657078556
LF,2024-09-16,depth,1.0885624344385731
LF,2024-09-17,depth,1.0787497011274703
LF,2024-09-18,depth,1.0866800957163454
LF,2024-09-19,depth,1.097262123905296
LF,2024-09-20,depth,1.0984885073835076
LF,2024-09-21,depth,1.0908775609489012
LF,2024-09-22,depth,1.0794609833488429
LF,2024-09-23,depth,1.0681760012630634
LF,2024-09-24,depth,1.055830901164309
LF,2024-09-25,depth,1.0466264827407457
LF,2024-09-26,depth,1.1304277866773251
LF,2024-09-27,depth,1.3204969289039
LF,2024-09-28,depth,1.3684614625492901
LF,2024-09-29,depth,1.217984760323398
LF,2024-09-30,depth,1.0987782961288326
LF,2024-10-01,depth,1.066188126606251
LF,2024-10-02,depth,1.0679030915169727
LF,2024-10-03,depth,1.0897221315266197
LF,2024-10-04,depth,1.1355684947776834
LF,2024-10-05,depth,1.1725991292159854
OS,2022-04-01,depth,1.806999569795031
OS,2022-04-02,depth,1.796128613267336
OS,2022-04-03,depth,1.7873631255883402
OS,2022-04-04,depth,1.7809732640479095
OS,2022-04-05,depth,1.7738464952452078
OS,2022-04-06,depth,1.7656166443037882
OS,2022-04-07,depth,1.7620067264885897
OS,2022-04-08,depth,1.768604466813739
OS,2022-04-09,depth,1.7877800308606626
OS,2022-04-10,depth,1.8126110882951125
OS,2022-04-11,depth,1.82916978220976
OS,2022-04-12,depth,1.832118130929103
OS,2022-04-13,depth,1.825937312073482
OS,2022-04-14,depth,1.8154439065647912
OS,2022-04-15,depth,1.805656569054119
OS,2022-04-16,depth,1.7961214455800847
OS,2022-04-17,depth,1.7809773612321331
OS,2022-04-18,depth,1.7552923486024283
OS,2022-04-19,depth,1.727680220122787
OS,2022-04-20,depth,1.711130930262336
OS,2022-04-21,depth,1.699803807495976
OS,2022-04-22,depth,1.6882945398188338
OS,2022-04-23,depth,1.676032252253578
OS,2022-04-24,depth,1.6554136445654177
OS,2022-04-25,depth,1.6216266165384983
OS,2022-04-26,depth,1.5845789695475974
OS,2022-04-27,depth,1.5541129945849852
OS,2022-04-28,depth,1.530944896820378
OS,2022-04-29,depth,1.5067711117384395
OS,2022-04-30,depth,1.473104849400392
OS,2022-05-01,depth,1.4380282440498189
OS,2022-05-02,depth,1.4113721241647599
OS,2022-05-03,depth,1.3896075557526417
OS,2022-05-04,depth,1.3762034883521512
OS,2022-05-05,depth,1.368402229836028
OS,2022-05-06,depth,1.3412111500554569
OS,2022-05-07,depth,1.3041506042283684
OS,2022-05-08,depth,1.3063636744237406
OS,2022-05-09,depth,1.3343946077458515
OS,2022-05-10,depth,1.3409798370550043
OS,2022-05-11,depth,1.317693058190757
OS,2022-05-12,depth,1.2675578383143835
OS,2022-05-13,depth,1.1996734842138461
OS,2022-05-14,depth,1.1505438851495424
OS,2022-05-15,depth,1.1269022990799302
OS,2022-05-16,depth,1.1016789292930538
OS,2022-05-17,depth,1.0788347709684811
OS,2022-05-18,depth,1.0766210467538866
OS,2022-05-19,depth,1.0786123339648375
OS,2022-05-20,depth,1.0555480853168964
OS,2022-05-21,depth,1.0298808439593563
OS,2022-05-22,depth,1.0420029279443344
OS,2022-05-23,depth,1.065344270941922
OS,2022-05-24,depth,1.0644420147125462
OS,2022-05-25,depth,1.0423785487840405
OS,2022-05-26,depth,1.0137447105770383
OS,2022-05-27,depth,0.9982144738785431
OS,2022-05-28,depth,1.0081814588489824
OS,2022-05-29,depth,1.0225344130426892
OS,2022-05-30,depth,1.0236755877929802
OS,2022-05-31,depth,1.0303852440669032
OS,2022-06-01,depth,1.043196073917408
OS,2022-06-02,depth,1.0300134979510476
OS,2022-06-03,depth,0.9929892403321903
OS,2022-06-04,depth,0.9788954633104773
OS,2022-06-05,depth,0.9966190331383193
OS,2022-06-06,depth,1.013542908823198
OS,2022-06-07,depth,1.013400481126329
OS,2022-06-08,depth,1.000494312743794
OS,2022-06-09,depth,0.982232957892175
OS,2022-06-10,depth,0.9674261444632364
OS,2022-06-11,depth,0.9389614044886315
OS,2022-06-12,depth,0.90103342505435
OS,2022-06-13,depth,0.8995283731677145
OS,2022-06-14,depth,0.9211174034524995
OS,2022-06-15,depth,0.9214558890727114
OS,2022-06-16,depth,0.9110002891390002
OS,2022-06-17,depth,0.9047894803081407
OS,2022-06-18,depth,0.8932653585905888
OS,2022-06-19,depth,0.8877831942813037
OS,2022-06-20,depth,0.9053142495366074
OS,2022-06-21,depth,0.9243089403616733
OS,2022-06-22,depth,0.911565384057081
OS,2022-06-23,depth,0.8641986369212726
OS,2022-06-24,depth,0.8376148930140036
OS,2022-06-25,depth,0.856817385458714
OS,2022-06-26,depth,0.8763774992821
OS,2022-06-27,depth,0.8570128659553917
OS,2022-06-28,depth,0.8113366909862377
OS,2022-06-29,depth,0.7981842859362486
OS,2022-06-30,depth,0.8258042565573325
OS,2022-07-01,depth,0.8330981293968693
OS,2022-07-02,depth,0.8233899454801983
OS,2022-07-03,depth,0.8362533094697653
OS,2022-07-04,depth,0.8581523818964855
OS,2022-07-05,depth,0.8671368232301351
OS,2022-07-06,depth,0.8628778297519505
OS,2022-07-07,depth,0.8488591133596649
OS,2022-07-08,depth,0.8343014493335215
OS,2022-07-09,depth,0.8235151752817851
OS,2022-07-10,depth,0.8030805246090292
OS,2022-07-11,depth,0.7902716545223707
OS,2022-07-12,depth,0.7846965806527251
OS,2022-07-13,depth,0.7922497012279464
OS,2022-07-14,depth,0.8298235762953096
OS,2022-07-15,depth,0.8747801087090299
OS,2022-07-16,depth,0.9232875425037778
OS,2022-07-17,depth,0.9587044285724611
OS,2022-07-18,depth,0.9769390496838406
OS,2022-07-19,depth,1.0176292359518677
OS,2022-07-20,depth,1.0837580994093454
OS,2022-07-21,depth,1.1449051818322862
OS,2022-07-22,depth,1.1920405698303083
OS,2022-07-23,depth,1.2245292384499387
OS,2022-07-24,depth,1.2388707141429287
OS,2022-07-25,depth,1.2395166224143799
OS,2022-07-26,depth,1.2324611758374433
OS,2022-07-27,depth,1.2291662226699216
OS,2022-07-28,depth,1.2379953599348061
OS,2022-07-29,depth,1.2484393722528848
OS,2022-07-30,depth,1.2436031360903654
OS,2022-07-31,depth,1.221144291677279
OS,2022-08-01,depth,1.1966133747913192
OS,2022-08-02,depth,1.1814883851079627
OS,2022-08-03,depth,1.166633049258508
OS,2022-08-04,depth,1.1498283881056008
OS,2022-08-05,depth,1.1368128386111491
OS,2022-08-06,depth,1.119971655270214
OS,2022-08-07,depth,1.093627699334424
OS,2022-08-08,depth,1.0580261050706175
OS,2022-08-09,depth,1.0213357083409058
OS,2022-08-10,depth,0.9935955654774556
OS,2022-08-11,depth,0.975965652524174
OS,2022-08-12,depth,0.971961957327667
OS,2022-08-13,depth,0.988720120820648
OS,2022-08-14,depth,1.0129811982819683
OS,2022-08-15,depth,1.020786551765822
OS,2022-08-16,depth,1.0157449061027624
OS,2022-08-17,depth,1.0171962094212228
OS,2022-08-18,depth,1.0198139400144521
OS,2022-08-19,depth,1.0160143890416269
OS,2022-08-20,depth,1.018484549675896
OS,2022-08-21,depth,1.0184721279496884
OS,2022-08-22,depth,1.0021559317600202
OS,2022-08-23,depth,0.9795719182793216
OS,2022-08-24,depth,0.9617660916061935
OS,2022-08-25,depth,0.958781898950287
OS,2022-08-26,depth,0.9637053442631359
OS,2022-08-27,depth,0.9646709981965259
OS,2022-08-28,depth,0.9730668742194514
OS,2022-08-29,depth,1.0083803848549564
OS,2022-08-30,depth,1.070465005594706
OS,2022-08-31,depth,1.1478997613416613
OS,2022-09-01,depth,1.2371486710102662
OS,2022-09-02,depth,1.326460966687026
OS,2022-09-03,depth,1.4074251525280035
OS,2022-09-04,depth,1.4595487741865178
OS,2022-09-05,depth,1.477327247361337
OS,2022-09-06,depth,1.483803271048327
OS,2022-09-07,depth,1.4928125466323219
OS,2022-09-08,depth,1.492919166487993
OS,2022-09-09,depth,1.4758946082856634
OS,2022-09-10,depth,1.453436975624286
OS,2022-09-11,depth,1.449110555111002
OS,2022-09-12,depth,1.4621922643792697
OS,2022-09-13,depth,1.4846050827958281
OS,2022-09-14,depth,1.51813576074465
OS,2022-09-15,depth,1.5548779964090023
OS,2022-09-16,depth,1.5805068981526547
OS,2022-09-17,depth,1.5883665810460794
OS,2022-09-18,depth,1.5860499322159274
OS,2022-09-19,depth,1.5807125639228494
OS,2022-09-20,depth,1.5668540292623199
OS,2022-09-21,depth,1.5416240185822336
OS,2022-09-22,depth,1.512526472332352
OS,2022-09-23,depth,1.485186824378856
OS,2022-09-24,depth,1.4559052426476307
OS,2022-09-25,depth,1.41134285241609
OS,2022-09-26,depth,1.3507813586887776
OS,2022-09-27,depth,1.3151829121350538
OS,2022-09-28,depth,1.372188476060139
OS,2022-09-29,depth,1.4458232198604224
OS,2022-09-30,depth,1.4030286985969798
OS,2022-10-01,depth,1.294251253041713
OS,2022-10-02,depth,1.237549796726367
OS,2022-10-03,depth,1.1835777702947383
OS,2022-10-04,depth,1.0614476663880226
OS,2022-10-05,depth,1.024074383827967
OS,2022-10-06,depth,1.0370466982722841
OS,2022-10-07,depth,1.0222299226657485
OS,2022-10-08,depth,0.9931949219091236
OS,2022-10-09,depth,0.9627692121458429
OS,2022-10-10,depth,0.9429737048914854
OS,2022-10-11,depth,0.9227928356514618
OS,2022-10-12,depth,0.9095666724277202
OS,2022-10-13,depth,0.9149481958930623
OS,2022-10-14,depth,0.893297685647056
OS,2022-10-15,depth,0.8406118421687938
OS,2022-10-16,depth,0.8109676843969422
OS,2022-10-17,depth,0.8218764280416253
OS,2022-10-18,depth,0.7966268357039556
OS,2022-10-19,depth,0.7475734278401027
OS,2022-10-20,depth,0.7390975806229924
OS,2022-10-21,depth,0.7397147455274994
OS,2022-10-22,depth,0.7391808943950773
OS,2022-10-23,depth,0.7566218154022066
OS,2022-10-24,depth,0.7859351256168321
OS,2022-10-25,depth,0.8179792220944199
OS,2022-10-26,depth,0.8283436458345609
OS,2022-10-27,depth,0.802904159183292
OS,2022-10-28,depth,0.7689634116051837
OS,2022-10-29,depth,0.7458442463730102
OS,2022-10-30,depth,0.7394232818210169
OS,2022-10-31,depth,0.7398896311527838
OS,2022-11-01,depth,0.7370794931508685
OS,2022-11-02,depth,0.7356228551468489
OS,2022-11-03,depth,0.7364268170948662
OS,2022-11-04,depth,0.736524189832057
OS,2022-11-05,depth,0.7370660242414253
OS,2022-11-06,depth,0.7396726885310745
OS,2022-11-07,depth,0.7390720990406512
OS,2022-11-08,depth,0.735024725262704
OS,2022-11-09,depth,0.7268959393972781
OS,2022-11-10,depth,0.7579321833493752
OS,2022-11-11,depth,0.8118712624780677
OS,2022-11-12,depth,0.7871478858722716
OS,2022-11-13,depth,0.7528965848333818
OS,2022-11-14,depth,0.740598620060708
OS,2022-11-15,depth,0.7380055124450473
OS,2022-11-16,depth,0.7384020148450028
OS,2022-11-17,depth,0.7393497833517678
OS,2022-11-18,depth,0.7399297905789736
OS,2022-11-19,depth,0.738105120522347
OS,2022-11-20,depth,0.7360739892876108
OS,2022-11-21,depth,0.7347519096490955
OS,2022-11-22,depth,0.7355271241605676
OS,2022-11-23,depth,0.7367146945626949
OS,2022-11-24,depth,0.740696464720226
OS,2022-11-25,depth,0.7473295836412952
OS,2022-11-26,depth,0.7540938379660129
OS,2022-11-27,depth,0.7573637812008305
OS,2022-11-28,depth,0.7477945698766368
OS,2022-11-29,depth,0.7414087599914814
OS,2022-11-30,depth,0.7403114854491979
OS,2022-12-01,depth,0.7381872203001156
OS,2022-12-02,depth,0.7380704257457484
OS,2022-12-03,depth,0.7396526129779569
OS,2022-12-04,depth,0.7420612806430265
OS,2022-12-05,depth,0.7415790284304502
OS,2022-12-06,depth,0.7405396153106499
OS,2022-12-07,depth,0.7413052155791787
OS,2022-12-08,depth,0.7419642914121392
OS,2022-12-09,depth,0.742006269618956
OS,2022-12-10,depth,0.7415253618842712
OS,2022-12-11,depth,0.7418309042600838
OS,2022-12-12,depth,0.7404675528365865
OS,2022-12-13,depth,0.7378085266249733
OS,2022-12-14,depth,0.751080397872593
OS,2022-12-15,depth,0.7788194053738736
OS,2022-12-16,depth,0.7605349153505077
OS,2022-12-17,depth,0.7403814461570903
OS,2022-12-18,depth,0.7411906064111271
OS,2022-12-19,depth,0.740999035274975
OS,2022-12-20,depth,0.737680032497421
OS,2022-12-21,depth,0.73847780133895
OS,2022-12-22,depth,0.7488439694646738
OS,2022-12-23,depth,0.754182887766933
OS,2022-12-24,depth,0.7479230765813865
OS,2022-12-25,depth,0.7463489850090019
OS,2022-12-26,depth,0.7455560075355009
OS,2022-12-27,depth,0.7450979502610819
OS,2022-12-28,depth,0.7439614678016002
OS,2022-12-29,depth,0.7422474157469257
OS,2022-12-30,depth,0.7429883658569516
OS,2022-12-31,depth,0.7442591118193651
OS,2023-01-01,depth,0.7419734399184611
OS,2023-01-02,depth,0.7410345183606772
OS,2023-01-03,depth,0.7431160806319941
OS,2023-01-04,depth,0.7431359586470906
OS,2023-01-05,depth,0.7412674951835212
OS,2023-01-06,depth,0.742097073201789
OS,2023-01-07,depth,0.7429046703934834
OS,2023-01-08,depth,0.7405216191242251
OS,2023-01-09,depth,0.7392735117429995
OS,2023-01-10,depth,0.7411447500906893
OS,2023-01-11,depth,0.7227402119928957
OS,2023-01-12,depth,0.6907819689686403
OS,2023-01-13,depth,0.7240565924865161
OS,2023-01-14,depth,0.830420908795569
OS,2023-01-15,depth,0.8584744977061972
OS,2023-01-16,depth,0.7864467187528293
OS,2023-01-17,depth,0.723380098804363
OS,2023-01-18,depth,0.694675902485834
OS,2023-01-19,depth,0.6772973158530915
OS,2023-01-20,depth,0.6818005717317277
OS,2023-01-21,depth,0.6950152310596458
OS,2023-01-22,depth,0.6782848305269689
OS,2023-01-23,depth,0.7021836288477249
OS,2023-01-24,depth,0.7441194701228605
OS,2023-01-25,depth,0.7410605872213492
OS,2023-01-26,depth,0.739191701646447
OS,2023-01-27,depth,0.7424560793244902
OS,2023-01-28,depth,0.7412804719140086
OS,2023-01-29,depth,0.7417372853657601
OS,2023-01-30,depth,0.7479199522537503
OS,2023-01-31,depth,0.7597500801072435
OS,2023-02-01,depth,0.784637266009127
OS,2023-02-02,depth,0.8316434946830673
OS,2023-02-03,depth,0.8478545940800755
OS,2023-02-04,depth,0.813854519182499
OS,2023-02-05,depth,0.8365003944730157
OS,2023-02-06,depth,0.900535174818875
OS,2023-02-07,depth,0.9345227885662668
OS,2023-02-08,depth,0.952999251897007
OS,2023-02-09,depth,0.9743276916514442
OS,2023-02-10,depth,0.9966256078547647
OS,2023-02-11,depth,1.0417955723431862
OS,2023-02-12,depth,1.08337994570347
OS,2023-02-13,depth,1.047175083091124
OS,2023-02-14,depth,1.0552857994506466
OS,2023-02-15,depth,1.143711761179462
OS,2023-02-16,depth,1.2433373144402644
OS,2023-02-17,depth,1.3373243034905455
OS,2023-02-18,depth,1.3985727735399613
OS,2023-02-19,depth,1.452839364969646
OS,2023-02-20,depth,1.530479976876431
OS,2023-02-21,depth,1.5989733267190993
OS,2023-02-22,depth,1.6423516485924328
OS,2023-02-23,depth,1.6684373570671238
OS,2023-02-24,depth,1.6755673572784056
OS,2023-02-25,depth,1.666589414362162
OS,2023-02-26,depth,1.6493752826372445
OS,2023-02-27,depth,1.6322056753522685
OS,2023-02-28,depth,1.6139243136917794
OS,2023-03-01,depth,1.580276722364451
OS,2023-03-02,depth,1.5387087442972687
OS,2023-03-03,depth,1.5162850924269917
OS,2023-03-04,depth,1.500285665682772
OS,2023-03-05,depth,1.4505467642890577
OS,2023-03-06,depth,1.387341612849289
OS,2023-03-07,depth,1.3399257656053511
OS,2023-03-08,depth,1.289334096384079
OS,2023-03-09,depth,1.245044216331785
OS,2023-03-10,depth,1.236211442362932
OS,2023-03-11,depth,1.2247189081011034
OS,2023-03-12,depth,1.2173805295818496
OS,2023-03-13,depth,1.2280886840781788
OS,2023-03-14,depth,1.1711256577568516
OS,2023-03-15,depth,1.1018857751963629
OS,2023-03-16,depth,1.106044678993111
OS,2023-03-17,depth,1.1729301820048204
OS,2023-03-18,depth,1.215913650629433
OS,2023-03-19,depth,1.1546599571561083
OS,2023-03-20,depth,1.0897974571282245
OS,2023-03-21,depth,1.09054128979379
OS,2023-03-22,depth,1.1294885490829945
OS,2023-03-23,depth,1.197799288969602
OS,2023-03-24,depth,1.2322806349429847
OS,2023-03-25,depth,1.2227889442862114
OS,2023-03-26,depth,1.2230768558279668
OS,2023-03-27,depth,1.2412980809218717
OS,2023-03-28,depth,1.2629827983634243
OS,2023-03-29,depth,1.160069359312804
OS,2023-03-30,depth,1.0163660572808193
OS,2023-03-31,depth,1.0165904208305658
OS,2023-04-01,depth,1.0630704539677236
OS,2023-04-02,depth,1.0778708709022375
OS,2023-04-03,depth,1.0714186003935522
OS,2023-04-04,depth,1.0675878743325335
OS,2023-04-05,depth,1.0560406996914358
OS,2023-04-06,depth,1.042674573062902
OS,2023-04-07,depth,1.0313621817566345
OS,2023-04-08,depth,1.019887409699455
OS,2023-04-09,depth,0.9712375136553772
OS,2023-04-10,depth,0.9034417799192017
OS,2023-04-11,depth,0.8847879797889359
OS,2023-04-12,depth,0.9091557847063146
OS,2023-04-13,depth,0.9556030302950118
OS,2023-04-14,depth,0.9642438069981699
OS,2023-04-15,depth,0.9459654460911748
OS,2023-04-16,depth,0.935812253277021
OS,2023-04-17,depth,0.8849840664018344
OS,2023-04-18,depth,0.8272238911878742
OS,2023-04-19,depth,0.8349584035062936
OS,2023-04-20,depth,0.8494724054654748
OS,2023-04-21,depth,0.8540490961505633
OS,2023-04-22,depth,0.8532205827259461
OS,2023-04-23,depth,0.8067776342138041
OS,2023-04-24,depth,0.7610031479543644
OS,2023-04-25,depth,0.7553079934693513
OS,2023-04-26,depth,0.7484071349178681
OS,2023-04-27,depth,0.748864469709558
OS,2023-04-28,depth,0.750019232435075
OS,2023-04-29,depth,0.7883451281581754
OS,2023-04-30,depth,0.8484861760268622
OS,2023-05-01,depth,0.7924330864531393
OS,2023-05-02,depth,0.7384413665494091
OS,2023-05-03,depth,0.7328380105536941
OS,2023-05-04,depth,0.733498216358338
OS,2023-05-05,depth,0.7335837662611406
OS,2023-05-06,depth,0.7334323024926169
OS,2023-05-07,depth,0.7361133835949699
OS,2023-05-08,depth,0.7437460540114806
OS,2023-05-09,depth,0.7428800513338548
OS,2023-05-10,depth,0.7341901814871771
OS,2023-05-11,depth,0.7295638505497396
OS,2023-05-12,depth,0.7288609654393716
OS,2023-05-13,depth,0.7304903608267935
OS,2023-05-14,depth,0.7309767368525103
OS,2023-05-15,depth,0.7299903737476259
OS,2023-05-16,depth,0.7298566786966688
OS,2023-05-17,depth,0.7307649607909121
OS,2023-05-18,depth,0.7304066581308021
OS,2023-05-19,depth,0.7278446491558896
OS,2023-05-20,depth,0.7265498903097561
OS,2023-05-21,depth,0.7281495323406192
OS,2023-05-22,depth,0.7283234425989683
OS,2023-05-23,depth,0.7272703955348153
OS,2023-05-24,depth,0.72581118185744
OS,2023-05-25,depth,0.7261708891906715
OS,2023-05-26,depth,0.726345209811862
OS,2023-05-27,depth,0.7266986425262082
OS,2023-05-28,depth,0.7293257618850353
OS,2023-05-29,depth,0.7312725418905109
OS,2023-05-30,depth,0.7305162603413953
OS,2023-05-31,depth,0.7275341210097311
OS,2023-06-01,depth,0.7253564205495121
OS,2023-06-02,depth,0.7251522598148838
OS,2023-06-03,depth,0.7277643912400233
OS,2023-06-04,depth,0.7275109510042165
OS,2023-06-05,depth,0.7262197456642066
OS,2023-06-06,depth,0.732600353912391
OS,2023-06-07,depth,0.739611126516318
OS,2023-06-08,depth,0.7395819629303033
OS,2023-06-09,depth,0.7329863669165204
OS,2023-06-10,depth,0.7285396000157928
OS,2023-06-11,depth,0.7290638044165584
OS,2023-06-12,depth,0.7308772655912721
OS,2023-06-13,depth,0.7308102787287656
OS,2023-06-14,depth,0.7311886000336272
OS,2023-06-15,depth,0.7405745752336793
OS,2023-06-16,depth,0.7455067780686899
OS,2023-06-17,depth,0.740641289504517
OS,2023-06-18,depth,0.7418528905522841
OS,2023-06-19,depth,0.793167299117393
OS,2023-06-20,depth,0.9214191598234162
OS,2023-06-21,depth,1.0014589419686448
OS,2023-06-22,depth,1.0427022710387295
OS,2023-06-23,depth,1.084655477321556
OS,2023-06-24,depth,1.094358096826147
OS,2023-06-25,depth,1.118329423330718
OS,2023-06-26,depth,1.1902816501170568
OS,2023-06-27,depth,1.279549595371924
OS,2023-06-28,depth,1.3537915883414378
OS,2023-06-29,depth,1.4045739229241305
OS,2023-06-30,depth,1.4358918816654318
OS,2023-07-01,depth,1.4570077820377318
OS,2023-07-02,depth,1.4688651184847137
OS,2023-07-03,depth,1.472732734650966
OS,2023-07-04,depth,1.467766330009595
OS,2023-07-05,depth,1.448120457215216
OS,2023-07-06,depth,1.4201710889196433
OS,2023-07-07,depth,1.3892852452793891
OS,2023-07-08,depth,1.3547633723092656
OS,2023-07-09,depth,1.3143420526286975
OS,2023-07-10,depth,1.277253490714134
OS,2023-07-11,depth,1.2357785397793504
OS,2023-07-12,depth,1.1721870378678658
OS,2023-07-13,depth,1.1160788079156196
OS,2023-07-14,depth,1.0925086572283802
OS,2023-07-15,depth,1.0854153749716147
OS,2023-07-16,depth,1.0757644081715656
OS,2023-07-17,depth,1.0584981504083464
OS,2023-07-18,depth,1.0379859892398706
OS,2023-07-19,depth,1.0190261638820786
OS,2023-07-20,depth,0.9945785123786492
OS,2023-07-21,depth,0.9693724364391805
OS,2023-07-22,depth,0.9557316086294932
OS,2023-07-23,depth,0.9532275098687256
OS,2023-07-24,depth,0.93235699813992845
OS,2023-07-25,depth,0.8990668079001012
OS,2023-07-26,depth,0.8768726093965502
OS,2023-07-27,depth,0.8770510517658334
OS,2023-07-28,depth,0.8907407492252893
OS,2023-07-29,depth,0.9033628808935334
OS,2023-07-30,depth,0.9070183892292162
OS,2023-07-31,depth,0.9140616578336622
OS,2023-08-01,depth,0.9296079532553273
OS,2023-08-02,depth,0.935164676984213
OS,2023-08-03,depth,0.9451800777307422
OS,2023-08-04,depth,0.9728799602401025
OS,2023-08-05,depth,1.0066023458447793
OS,2023-08-06,depth,1.0243704704891416
OS,2023-08-07,depth,1.033607832206733
OS,2023-08-08,depth,1.045201592937565
OS,2023-08-09,depth,1.0521728853305694
OS,2023-08-10,depth,1.056868039060805
OS,2023-08-11,depth,1.052071979146891
OS,2023-08-12,depth,1.026416810384108
OS,2023-08-13,depth,0.9986839616110808
OS,2023-08-14,depth,0.9881640438773514
OS,2023-08-15,depth,0.9825227570978756
OS,2023-08-16,depth,0.9798068638300628
OS,2023-08-17,depth,0.9808176889514151
OS,2023-08-18,depth,0.9718670532253116
OS,2023-08-19,depth,0.9549756071298942
OS,2023-08-20,depth,0.9441460141755859
OS,2023-08-21,depth,0.9361441649535233
OS,2023-08-22,depth,0.9217714512693427
OS,2023-08-23,depth,0.9000735569873934
OS,2023-08-24,depth,0.8769532390040138
OS,2023-08-25,depth,0.8623535516669029
OS,2023-08-26,depth,0.8570279976601447
OS,2023-08-27,depth,0.8631595824073051
OS,2023-08-28,depth,0.8816659702550634
OS,2023-08-29,depth,0.8922600875895352
OS,2023-08-30,depth,0.7457347173760291
OS,2023-08-31,depth,0.685072065920365
OS,2023-09-01,depth,0.8652623767882717
OS,2023-09-02,depth,0.9363317331623202
OS,2023-09-03,depth,0.9716531795057162
OS,2023-09-04,depth,1.0529708319137538
OS,2023-09-05,depth,1.1302784337542287
OS,2023-09-06,depth,1.1817212664611474
OS,2023-09-07,depth,1.2083440221514659
OS,2023-09-08,depth,1.224071529692722
OS,2023-09-09,depth,1.2339011760831669
OS,2023-09-10,depth,1.236546073186126
OS,2023-09-11,depth,1.2319397075594953
OS,2023-09-12,depth,1.226968573949103
OS,2023-09-13,depth,1.2169572859713824
OS,2023-09-14,depth,1.2071315755237875
OS,2023-09-15,depth,1.2331077358998495
OS,2023-09-16,depth,1.2487873042672717
OS,2023-09-17,depth,1.2243023195065794
OS,2023-09-18,depth,1.2098971819660356
OS,2023-09-19,depth,1.203989252047881
OS,2023-09-20,depth,1.1841820376069498
OS,2023-09-21,depth,1.1662052200153106
OS,2023-09-22,depth,1.170378100491774
OS,2023-09-23,depth,1.1608555899630235
OS,2023-09-24,depth,1.1193571160376337
OS,2023-09-25,depth,1.0644412247972694
OS,2023-09-26,depth,1.0131928665880077
OS,2023-09-27,depth,0.9646078392790972
OS,2023-09-28,depth,0.9177187225076016
OS,2023-09-29,depth,0.9046730208088286
OS,2023-09-30,depth,0.9106145925680366
OS,2023-10-01,depth,0.8952993323323254
OS,2023-10-02,depth,0.8674045651382843
OS,2023-10-03,depth,0.8516314722991876
OS,2023-10-04,depth,0.8529762386577096
OS,2023-10-05,depth,0.8627183284158694
OS,2023-10-06,depth,0.8707247894404126
OS,2023-10-07,depth,0.8522878422679597
OS,2023-10-08,depth,0.8032844637787502
OS,2023-10-09,depth,0.7837502285029918
OS,2023-10-10,depth,0.8044897410317723
OS,2023-10-11,depth,0.91068276262327
OS,2023-10-12,depth,0.9582493048137889
OS,2023-10-13,depth,0.9679394067160527
OS,2023-10-14,depth,0.9106394764196302
OS,2023-10-15,depth,0.8882220545120934
OS,2023-10-16,depth,0.8563218390588803
OS,2023-10-17,depth,0.8376238603914025
OS,2023-10-18,depth,0.8656448223614716
OS,2023-10-19,depth,0.8952865792450577
OS,2023-10-20,depth,0.9321262010131869
OS,2023-10-21,depth,0.9482297248389684
OS,2023-10-22,depth,0.9297017065814419
OS,2023-10-23,depth,0.8989185416378692
OS,2023-10-24,depth,0.8730357403823233
OS,2023-10-25,depth,0.8687834091078576
OS,2023-10-26,depth,0.8837919635016195
OS,2023-10-27,depth,0.8994730672414103
OS,2023-10-28,depth,0.8975913973096834
OS,2023-10-29,depth,0.8920103045937476
OS,2023-10-30,depth,0.8974957680618919
OS,2023-10-31,depth,0.8814621845443351
OS,2023-11-01,depth,0.7952149713883429
OS,2023-11-02,depth,0.7248369649764637
OS,2023-11-03,depth,0.7212580209001239
OS,2023-11-04,depth,0.7267056371427943
OS,2023-11-05,depth,0.7309980520711988
OS,2023-11-06,depth,0.7368671920941261
OS,2023-11-07,depth,0.7413536044046127
OS,2023-11-08,depth,0.7515005423286992
OS,2023-11-09,depth,0.7711725106508555
OS,2023-11-10,depth,0.7821864133144998
OS,2023-11-11,depth,0.7610875513484303
OS,2023-11-12,depth,0.7304936468248828
OS,2023-11-13,depth,0.7210580281341304
OS,2023-11-14,depth,0.7203098389679751
OS,2023-11-15,depth,0.7232742848745576
OS,2023-11-16,depth,0.7262948171904489
OS,2023-11-17,depth,0.7246277640376056
OS,2023-11-18,depth,0.7268493595128597
OS,2023-11-19,depth,0.7263853132286545
OS,2023-11-20,depth,0.725719972493443
OS,2023-11-21,depth,0.7328790034830612
OS,2023-11-22,depth,0.7346015108982878
OS,2023-11-23,depth,0.7278353852444277
OS,2023-11-24,depth,0.7272762238227884
OS,2023-11-25,depth,0.726613858858903
OS,2023-11-26,depth,0.7278421779836882
OS,2023-11-27,depth,0.7295760788956346
OS,2023-11-28,depth,0.7279866641393339
OS,2023-11-29,depth,0.7287717098806432
OS,2023-11-30,depth,0.7313913387789398
OS,2023-12-01,depth,0.7363386188486517
OS,2023-12-02,depth,0.7402314798884405
OS,2023-12-03,depth,0.744907812452665
OS,2023-12-04,depth,0.7358254520265465
OS,2023-12-05,depth,0.7296808756669062
OS,2023-12-06,depth,0.7451010347821613
OS,2023-12-07,depth,0.9680135569122753
OS,2023-12-08,depth,1.154651614690824
OS,2023-12-09,depth,1.1017900071772575
OS,2023-12-10,depth,1.0605378091456252
OS,2023-12-11,depth,1.0985227788055794
OS,2023-12-12,depth,1.19113844260091
OS,2023-12-13,depth,1.2731326821032702
OS,2023-12-14,depth,1.321495883672075
OS,2023-12-15,depth,1.3124506258611965
OS,2023-12-16,depth,1.233826275791566
OS,2023-12-17,depth,1.156634608534795
OS,2023-12-18,depth,1.1505973870234414
OS,2023-12-19,depth,1.1818538364046909
OS,2023-12-20,depth,1.2769741742422795
OS,2023-12-21,depth,1.4262151618911736
OS,2023-12-22,depth,1.5659905763568338
OS,2023-12-23,depth,1.6781465337267998
OS,2023-12-24,depth,1.7623839852688188
OS,2023-12-25,depth,1.8333412652328294
OS,2023-12-26,depth,1.8833535436386963
OS,2023-12-27,depth,1.9049303854093147
OS,2023-12-28,depth,1.9124504115954684
OS,2023-12-29,depth,1.9148889687950479
OS,2023-12-30,depth,1.9083150000433027
OS,2023-12-31,depth,1.8947265998242324
OS,2024-01-01,depth,1.8816226251745793
OS,2024-01-02,depth,1.8647012329926398
OS,2024-01-03,depth,1.8467563610945066
OS,2024-01-04,depth,1.829899873370854
OS,2024-01-05,depth,1.8150543462580797
OS,2024-01-06,depth,1.8156553280451357
OS,2024-01-07,depth,1.8103321818265918
OS,2024-01-08,depth,1.7888932552883887
OS,2024-01-09,depth,1.8052547377705748
OS,2024-01-10,depth,1.8441233100584284
OS,2024-01-11,depth,1.8453752854321022
OS,2024-01-12,depth,1.8432153179463788
OS,2024-01-13,depth,1.8600069802840344
OS,2024-01-14,depth,1.8742345526222963
OS,2024-01-15,depth,1.8878909322057573
OS,2024-01-16,depth,1.9105074674499243
OS,2024-01-17,depth,1.9277949571080422
OS,2024-01-18,depth,1.938491130993071
OS,2024-01-19,depth,1.9519625535472378
OS,2024-01-20,depth,1.9614786293729702
OS,2024-01-21,depth,1.9623976568117116
OS,2024-01-22,depth,1.962495554215935
OS,2024-01-23,depth,1.96738910175222
OS,2024-01-24,depth,1.9719805857574222
OS,2024-01-25,depth,1.9728117163897265
OS,2024-01-26,depth,1.9694426825705982
OS,2024-01-27,depth,1.9539777566753898
OS,2024-01-28,depth,1.9321033687671325
OS,2024-01-29,depth,1.9042750413228435
OS,2024-01-30,depth,1.8753475800808774
OS,2024-01-31,depth,1.8504564237899805
OS,2024-02-01,depth,1.8264262136326421
OS,2024-02-02,depth,1.803616480931469
OS,2024-02-03,depth,1.7803174997642115
OS,2024-02-04,depth,1.7653439423014965
OS,2024-02-05,depth,1.7459797110810427
OS,2024-02-06,depth,1.7015943313557556
OS,2024-02-07,depth,1.6537596196513236
OS,2024-02-08,depth,1.6299372817059692
OS,2024-02-09,depth,1.629932710338907
OS,2024-02-10,depth,1.636781645955884
OS,2024-02-11,depth,1.644127974263044
OS,2024-02-12,depth,1.6529125914714877
OS,2024-02-13,depth,1.6447126801341814
OS,2024-02-14,depth,1.608478892873504
OS,2024-02-15,depth,1.5758474029389835
OS,2024-02-16,depth,1.5630651142597387
OS,2024-02-17,depth,1.5620367776753357
OS,2024-02-18,depth,1.558273840515809
OS,2024-02-19,depth,1.54211967794679
OS,2024-02-20,depth,1.5343544948601295
OS,2024-02-21,depth,1.5422563677217447
OS,2024-02-22,depth,1.5681225814366473
OS,2024-02-23,depth,1.614168509361743
OS,2024-02-24,depth,1.6473179675034784
OS,2024-02-25,depth,1.6519164621210052
OS,2024-02-26,depth,1.6502033110260734
OS,2024-02-27,depth,1.6542867119702955
OS,2024-02-28,depth,1.6555033340676022
OS,2024-02-29,depth,1.6379275108132654
OS,2024-03-01,depth,1.6071168594862262
OS,2024-03-02,depth,1.5767874343632526
OS,2024-03-03,depth,1.5408337260562646
OS,2024-03-04,depth,1.4965085436522243
OS,2024-03-05,depth,1.4642245529577265
OS,2024-03-06,depth,1.4564979593711127
OS,2024-03-07,depth,1.446660087591182
OS,2024-03-08,depth,1.4428695763987918
OS,2024-03-09,depth,1.4642161532332174
OS,2024-03-10,depth,1.4755623364844295
OS,2024-03-11,depth,1.4558432743416212
OS,2024-03-12,depth,1.464541236473378
OS,2024-03-13,depth,1.5123034951906476
OS,2024-03-14,depth,1.5590179528719326
OS,2024-03-15,depth,1.6001429945501198
OS,2024-03-16,depth,1.6380577552586928
OS,2024-03-17,depth,1.67047001038165
OS,2024-03-18,depth,1.6980735027957499
OS,2024-03-19,depth,1.711528711622034
OS,2024-03-20,depth,1.716671271867196
OS,2024-03-21,depth,1.7273649830284392
OS,2024-03-22,depth,1.748309342518174
OS,2024-03-23,depth,1.7685128059000836
OS,2024-03-24,depth,1.7603058256225448
OS,2024-03-25,depth,1.7393127018132817
OS,2024-03-26,depth,1.7461600024531387
OS,2024-03-27,depth,1.7771488325541167
OS,2024-03-28,depth,1.7979630861296028
OS,2024-03-29,depth,1.7919886261396083
OS,2024-03-30,depth,1.789641494969665
OS,2024-03-31,depth,1.8099810691348288
OS,2024-04-01,depth,1.8376041845683657
OS,2024-04-02,depth,1.871783780423336
OS,2024-04-03,depth,1.9328992965763307
OS,2024-04-04,depth,1.985388295090275
OS,2024-04-05,depth,2.002059358419614
OS,2024-04-06,depth,2.019124754267373
OS,2024-04-07,depth,2.045381506155967
OS,2024-04-08,depth,2.070863372416358
OS,2024-04-09,depth,2.0906188844300377
OS,2024-04-10,depth,2.1080444208339837
OS,2024-04-11,depth,2.132399073861744
OS,2024-04-12,depth,2.142981897109565
OS,2024-04-13,depth,2.135705178539358
OS,2024-04-14,depth,2.1519286137827773
OS,2024-04-15,depth,2.203020836036932
OS,2024-04-16,depth,2.274542825561566
OS,2024-04-17,depth,2.3536581320151413
OS,2024-04-18,depth,2.4309376799546225
OS,2024-04-19,depth,2.5040492258108453
OS,2024-04-20,depth,2.571898726427922
OS,2024-04-21,depth,2.6371625768368694
OS,2024-04-22,depth,2.6978878357519447
OS,2024-04-23,depth,2.7463055793161946
OS,2024-04-24,depth,2.783366645267336
OS,2024-04-25,depth,2.8073109902349467
OS,2024-04-26,depth,2.812555846706596
OS,2024-04-27,depth,2.7983622286554186
OS,2024-04-28,depth,2.7694767227953085
OS,2024-04-29,depth,2.72897090782332
OS,2024-04-30,depth,2.6796947507792055
OS,2024-05-01,depth,2.623592841510568
OS,2024-05-02,depth,2.561951279645895
OS,2024-05-03,depth,2.4950334823433917
OS,2024-05-04,depth,2.427256305335284
OS,2024-05-05,depth,2.360246960349908
OS,2024-05-06,depth,2.291173225083308
OS,2024-05-07,depth,2.2212001006232227
OS,2024-05-08,depth,2.154263875064719
OS,2024-05-09,depth,2.0946880589752004
OS,2024-05-10,depth,2.045509621180461
OS,2024-05-11,depth,1.9957780267430063
OS,2024-05-12,depth,1.941042186447994
OS,2024-05-13,depth,1.9048376489066845
OS,2024-05-14,depth,1.899076500866764
OS,2024-05-15,depth,1.8906341011676706
OS,2024-05-16,depth,1.871720203257479
OS,2024-05-17,depth,1.8681624089919282
OS,2024-05-18,depth,1.889957800577278
OS,2024-05-19,depth,1.9267231582866264
OS,2024-05-20,depth,1.966858923199524
OS,2024-05-21,depth,2.0092847394496176
OS,2024-05-22,depth,2.056462828460847
OS,2024-05-23,depth,2.108213320371441
OS,2024-05-24,depth,2.1645756260875193
OS,2024-05-25,depth,2.22069111964959
OS,2024-05-26,depth,2.2782181138186886
OS,2024-05-27,depth,2.331278537110953
OS,2024-05-28,depth,2.3756834599401873
OS,2024-05-29,depth,2.4067027830164527
OS,2024-05-30,depth,2.4212869526891025
OS,2024-05-31,depth,2.4219249197258943
OS,2024-06-01,depth,2.4119391668296504
OS,2024-06-02,depth,2.396081250228927
OS,2024-06-03,depth,2.38296196482655
OS,2024-06-04,depth,2.364255455352243
OS,2024-06-05,depth,2.3349149706439496
OS,2024-06-06,depth,2.303517145042348
OS,2024-06-07,depth,2.2680511030739177
OS,2024-06-08,depth,2.223413719729448
OS,2024-06-09,depth,2.171604990926852
OS,2024-06-10,depth,2.1160678379821967
OS,2024-06-11,depth,2.0574860483996877
OS,2024-06-12,depth,1.9912532621972332
OS,2024-06-13,depth,1.9140873767688307
OS,2024-06-14,depth,1.831350426339263
OS,2024-06-15,depth,1.7532368568979755
OS,2024-06-16,depth,1.6799780668345505
OS,2024-06-17,depth,1.6015880955399238
OS,2024-06-18,depth,1.5227204567192687
OS,2024-06-19,depth,1.4545758277021754
OS,2024-06-20,depth,1.3918073103266617
OS,2024-06-21,depth,1.3384644781351103
OS,2024-06-22,depth,1.3069056527690772
OS,2024-06-23,depth,1.2835017238617288
OS,2024-06-24,depth,1.2538878210422764
OS,2024-06-25,depth,1.2341475658774275
OS,2024-06-26,depth,1.226809607170542
OS,2024-06-27,depth,1.2177144584478554
OS,2024-06-28,depth,1.2129128129762943
OS,2024-06-29,depth,1.213202643199984
OS,2024-06-30,depth,1.1997316858175728
OS,2024-07-01,depth,1.1657296011264966
OS,2024-07-02,depth,1.1403843386144612
OS,2024-07-03,depth,1.13967271160295
OS,2024-07-04,depth,1.1433339498487016
OS,2024-07-05,depth,1.1504466644308537
OS,2024-07-06,depth,1.173015801180207
OS,2024-07-07,depth,1.2135550606394203
OS,2024-07-08,depth,1.2361057249573404
OS,2024-07-09,depth,1.2398742437920491
OS,2024-07-10,depth,1.2453159202659436
OS,2024-07-11,depth,1.2549311147849276
OS,2024-07-12,depth,1.2706424634877116
OS,2024-07-13,depth,1.296996251775861
OS,2024-07-14,depth,1.3214636063565968
OS,2024-07-15,depth,1.3342055584840142
OS,2024-07-16,depth,1.3354310332348136
OS,2024-07-17,depth,1.3236801517985266
OS,2024-07-18,depth,1.303202420425076
OS,2024-07-19,depth,1.271593927271449
OS,2024-07-20,depth,1.2321367756077224
OS,2024-07-21,depth,1.2071932864024508
OS,2024-07-22,depth,1.1977009769842701
OS,2024-07-24,depth,1.1880815314796311
OS,2024-07-25,depth,1.18886513587021
OS,2024-07-26,depth,1.192377222038139
OS,2024-07-27,depth,1.1999151905680647
OS,2024-07-28,depth,1.2224696307485303
OS,2024-07-29,depth,1.263089732592666
OS,2024-07-30,depth,1.311922533333508
OS,2024-07-31,depth,1.3569836649539573
OS,2024-08-01,depth,1.3859401722972229
OS,2024-08-02,depth,1.4076810606747077
OS,2024-08-03,depth,1.4290560852528738
OS,2024-08-04,depth,1.416497723793802
OS,2024-08-05,depth,1.3713033305013937
OS,2024-08-06,depth,1.4387753799506293
OS,2024-08-07,depth,1.6719925368848116
OS,2024-08-08,depth,1.9190470895667557
OS,2024-08-09,depth,2.085873043944085
OS,2024-08-10,depth,2.169069658777078
OS,2024-08-11,depth,2.1760910697400484
OS,2024-08-12,depth,2.1310457066256445
OS,2024-08-13,depth,2.0692458369337112
OS,2024-08-14,depth,2.0145350775389654
OS,2024-08-15,depth,1.9754368040188677
OS,2024-08-16,depth,1.9476757903961404
OS,2024-08-17,depth,1.9251592431055768
OS,2024-08-18,depth,1.9037361283908178
OS,2024-08-19,depth,1.88329084660651
OS,2024-08-20,depth,1.866327907260548
OS,2024-08-21,depth,1.854938822976088
OS,2024-08-22,depth,1.8488484451670193
OS,2024-08-23,depth,1.8465267791005997
OS,2024-08-24,depth,1.8453066613016542
OS,2024-08-25,depth,1.8430384124430603
OS,2024-08-26,depth,1.8419684716110711
OS,2024-08-27,depth,1.840029791449487
OS,2024-08-28,depth,1.8318993272880162
OS,2024-08-29,depth,1.8206206754117875
OS,2024-08-30,depth,1.8098025736012404
OS,2024-08-31,depth,1.7987085839715578
OS,2024-09-01,depth,1.7846753325431115
OS,2024-09-02,depth,1.7644419794910418
OS,2024-09-03,depth,1.736669052336868
OS,2024-09-04,depth,1.6983038880412986
OS,2024-09-05,depth,1.6540611259209699
OS,2024-09-06,depth,1.6238825697942094
OS,2024-09-07,depth,1.6101765419240128
OS,2024-09-08,depth,1.5987797180985992
OS,2024-09-09,depth,1.5874356400730938
OS,2024-09-10,depth,1.575573148197356
OS,2024-09-11,depth,1.559017312794936
OS,2024-09-12,depth,1.5337366137975803
OS,2024-09-13,depth,1.5061546241599018
OS,2024-09-14,depth,1.4862541504797635
OS,2024-09-15,depth,1.4760094768139616
OS,2024-09-16,depth,1.4709361336306934
OS,2024-09-17,depth,1.4623638102386214
OS,2024-09-18,depth,1.4488324744642636
OS,2024-09-19,depth,1.4414588745563415
OS,2024-09-20,depth,1.4485551105799905
OS,2024-09-21,depth,1.4673745123279216
OS,2024-09-22,depth,1.487205731443504
OS,2024-09-23,depth,1.4960585770731452
OS,2024-09-24,depth,1.4924795136423135
OS,2024-09-25,depth,1.481712837698988
OS,2024-09-26,depth,1.3860576951796906
OS,2024-09-27,depth,1.1981188179005107
OS,2024-09-28,depth,1.1519284874300695
OS,2024-09-29,depth,1.2929414606769267
OS,2024-09-30,depth,1.4161088493254548
OS,2024-10-01,depth,1.4779254468825012
OS,2024-10-02,depth,1.529159823564025
OS,2024-10-03,depth,1.5929375169088875
OS,2024-10-04,depth,1.67188570736889
OS,2024-10-05,depth,1.7242425563271566
