ID,Date,depth,DO,K600.2,discharge,GPP.2,ER.2,kTau,SpC,GPP.1,ER.1,K600.1,GPP.coalesce,ER.coalesce
AM,2022-04-01,1.2854483041346025,1.6775,0.9268778648353209,29879.00826002275,NA,-7.247448004218501,0.7361054632468255,361.62608695652176,NA,NA,NA,NA,-7.247448004218501
AM,2022-04-02,1.2227656322646532,1.90875,1.022562690153304,30143.747382428584,0.551529414557272,-8.150582211193313,0.7553156461320367,366.704347826087,0.17846077881408212,-9.014710973372608,1.0309660797998108,0.551529414557272,-8.150582211193313
AM,2022-04-03,1.1959590646182192,2.3670833333333334,1.0678813060727679,30261.670373557157,0.47117777529184074,-7.19387616457593,0.7615171910404225,372.74782608695654,NA,NA,NA,0.47117777529184074,-7.19387616457593
AM,2022-04-04,1.2039704710801684,3.0083333333333333,1.053946933672185,30226.02576667217,NA,-4.778473442186076,0.7673696436040964,384.6608695652174,NA,NA,NA,NA,-4.778473442186076
AM,2022-04-05,1.221448905185638,2.88375,1.024382330202325,30149.11519844197,NA,-4.788789091172095,0.7702867940994544,392.39565217391305,NA,NA,NA,NA,-4.788789091172095
AM,2022-04-06,1.2382275120622734,2.62625,0.9971949607047962,30076.528924399456,NA,-5.107487458922955,0.7755586392467084,398.4826086956522,NA,NA,NA,NA,-5.107487458922955
AM,2022-04-07,1.2714078040537335,2.085,0.946779237120472,29936.6082557199,0.4957072683229522,-7.139843371685718,0.7691559449414944,399.1565217391304,NA,NA,NA,0.4957072683229522,-7.139843371685718
AM,2022-04-08,1.3337033211252867,2.9458333333333333,0.86171754426783,29684.846576757758,0.11345987147767002,-4.49032984423052,0.7205128356411598,388.4782608695652,0.3557397371332546,-7.28417248105771,0.7580094839221655,0.11345987147767002,-4.49032984423052
AM,2022-04-09,1.3959575508072009,4.36125,0.7872692270024111,29446.108639811624,2.659732674819248,-3.635535803691677,0.6699170315093234,220.8173913043478,1.6837663130053866,-2.2633104469795953,0.6998157760303728,2.659732674819248,-3.635535803691677
AM,2022-04-12,1.4622834033950005,3.3045833333333334,0.7181409967587545,29205.20197925593,NA,-2.783247579496914,0.645162370998816,352.5652173913044,NA,NA,NA,NA,-2.783247579496914
AM,2022-04-13,1.4276935420295993,2.805,0.7530276819181669,29329.235899539595,NA,-3.616530494900888,0.6708454838179,379.9260869565218,NA,NA,NA,NA,-3.616530494900888
AM,2022-04-14,1.3791292091458178,2.5770833333333334,0.806337986752456,29509.29636490774,NA,-4.492243200040493,0.6980683947213326,384.38695652173914,NA,NA,NA,NA,-4.492243200040493
AM,2022-04-15,1.3226109463453095,2.4595833333333332,0.8760305791480125,29728.688154134197,NA,-5.175857117283269,0.7283282160378313,389.1391304347826,NA,NA,NA,NA,-5.175857117283269
AM,2022-04-16,1.2312983814945595,2.7608333333333333,1.0105436163461794,30108.738864392704,0.22096711443360575,-5.584749549230009,0.7754690537315198,394.66521739130434,0.25413616917910165,-9.454226290457754,1.0446952552251143,0.22096711443360575,-5.584749549230009
AM,2022-04-17,1.1005373216488454,2.2275,1.2629953187975123,30713.739564611922,NA,-7.377927438938929,0.8555452186856796,403.3608695652174,NA,NA,NA,NA,-7.377927438938929
AM,2022-04-18,0.9886703607168219,2.615,1.5573682981867256,31298.942631701495,NA,-6.604990572354718,0.929214561330558,409.4260869565217,NA,NA,NA,NA,-6.604990572354718
AM,2022-04-19,0.9404462735415346,3.6916666666666664,1.7162324121695989,31575.061826038724,0.10877443080539466,-5.41821767142057,0.9481245679961897,405.4130434782609,1.0808148837199694,-11.662950973148206,2.2759169940658923,0.10877443080539466,-5.41821767142057
AM,2022-04-20,0.9332258059166724,4.23125,1.7423845830932865,31618.0064656689,0.00999458971592981,-4.022488495539959,0.9412968278369114,401.1913043478261,2.090925923505792,-13.513479610808544,2.326229621450526,0.00999458971592981,-4.022488495539959
AM,2022-04-21,0.9235979790589234,3.8516666666666666,1.7785605317557165,31676.107346274148,0.4590197254113521,-5.47556622682289,0.9664467369434276,408.5782608695652,1.9902786877133372,-13.94556586546755,2.4180773714685966,0.4590197254113521,-5.47556622682289
AM,2022-04-22,0.899053026455688,3.79625,1.8760353000148402,31827.492797385683,0.8730425435710911,-6.298643013579875,0.9859759605993289,410.47826086956525,1.3681909367737997,-13.583233735282446,2.6550433196016523,0.8730425435710911,-6.298643013579875
AM,2022-04-23,0.864985883398446,4.186,2.025008244367272,32045.74419876397,0,-5.278501388167012,0.8973449256560888,404.66666666666663,NA,NA,NA,0,-5.278501388167012
AM,2022-04-27,0.7275185259874383,4.385,2.849061932037551,33041.01610212434,3.11128599961255,-8.958320681601418,1.2027100131287702,405.88,NA,NA,NA,3.11128599961255,-8.958320681601418
AM,2022-04-28,0.6994242078003556,4.125,3.0800373187876136,33272.079576866585,2.3089055646028283,-9.341517703300884,1.2190961360894694,410.2391304347826,3.8453795618104785,-21.657023814957977,5.241962426652789,2.3089055646028283,-9.341517703300884
AM,2022-04-29,0.6641258162365514,4.32,3.412311684710404,33578.3153854279,2.155089115003788,-9.216080897496129,1.2683268550402151,409.0086956521739,3.981019216746944,-21.65744908247204,5.581083923485676,2.155089115003788,-9.216080897496129
AM,2022-04-30,0.63249667712884206,4.255833333333333,3.7558903958043333,33868.733797013025,2.129297031523151,-9.974315257028287,1.3224174629640353,408.5173913043478,3.229905165678882,-21.025099624268584,5.880176247418915,2.129297031523151,-9.974315257028287
AM,2022-05-01,0.6157037824813328,4.317916666666667,3.959647030610637,34029.86815650411,2.157038474062946,-10.148329032111,1.3516135966092422,406.1695652173913,3.182744407518064,-20.893817588506472,6.051935521384795,2.157038474062946,-10.148329032111
AM,2022-05-02,0.6036790548231253,4.220833333333333,4.117062954165606,34148.778976957125,1.7507490452661274,-10.289170952715466,1.378169077722164,408.33478260869566,2.581557013809289,-20.72701502587046,6.193097904874042,1.7507490452661274,-10.289170952715466
AM,2022-05-03,0.5871574292151279,4.125652173913044,4.349197555915017,34316.78636574925,1.3328157609858269,-10.353009347656869,1.447325115431703,408.39130434782606,NA,NA,NA,1.3328157609858269,-10.353009347656869
AM,2022-05-09,0.48327269357133035,4.489090909090909,6.391106069968709,35519.17441315324,1.78838897598076,-13.459844211044878,1.6737519836650407,385.3272727272727,NA,NA,NA,1.78838897598076,-13.459844211044878
AM,2022-05-10,0.4541030080492291,4.553333333333334,7.227165310222595,35912.27633488652,1.1231107490372976,-13.41672225929957,1.718065994092345,401.48695652173916,1.4460999516646278,-19.06360055325628,8.662367274334667,1.1231107490372976,-13.41672225929957
AM,2022-05-11,0.42912946786121237,4.602916666666666,8.078819182745526,36272.82204565737,1.0526332392380091,-14.119090492982696,1.797059929911909,403.4782608695652,1.4226936370456476,-19.08132289558224,9.21970156433313,1.0526332392380091,-14.119090492982696
AM,2022-05-12,0.4108314364648162,4.636666666666667,8.800800700649154,36552.75317264784,1.2680390219407365,-14.952649037799004,1.8635853627919439,403.704347826087,1.6064995718175952,-19.23084629833509,9.6619994679314,1.2680390219407365,-14.952649037799004
AM,2022-05-13,0.40047548625370327,4.619166666666667,9.254127909160333,36717.863411461825,1.2658175138316037,-15.486990800536216,1.9021374726095013,412.5565217391304,1.1679977784129696,-18.89057640867631,9.937288886299234,1.2658175138316037,-15.486990800536216
AM,2022-05-14,0.3881293093984667,4.672083333333333,9.848017797088724,36922.17435199597,1.23740012109321,-15.828542678496497,1.9516459426393773,402.3304347826087,1.373394537065706,-18.945513826802976,10.345749653328992,1.23740012109321,-15.828542678496497
AM,2022-05-15,0.3698460587795037,4.7004166666666665,10.832478811021337,37238.48110294621,1.307343003944096,-16.681926241950546,2.034326896024034,402.7217391304348,1.373608138461165,-18.834849914520134,10.936588038008663,1.307343003944096,-16.681926241950546
AM,2022-05-16,0.35726225169699033,4.681666666666667,11.59434938392968,37466.55883404265,1.0716894781721051,-17.273187241896178,2.0848743420758957,401.82608695652175,1.0105387903531202,-18.850118432982175,11.374563319140591,1.0716894781721051,-17.273187241896178
AM,2022-05-17,0.3455656119005128,4.761666666666667,12.384943175131642,37688.00404592178,1.3962107368632166,-17.890228656817193,2.150174595513577,403.17391304347825,1.5134197722225395,-19.370647406065945,12.075765195691924,1.3962107368632166,-17.890228656817193
AM,2022-05-18,0.32840130202429907,4.835416666666666,13.698977182909509,38029.30568292473,1.503566680828509,-18.764312432125664,2.2412599286032338,403.45652173913044,1.693027075092138,-19.758803279721487,13.190778923327438,1.503566680828509,-18.764312432125664
AM,2022-05-19,0.3121156641186556,4.867083333333333,15.141566656730749,38372.37886016758,1.5806651442300677,-19.849496641327068,2.333888948014407,403.6347826086957,1.770184557924127,-20.30074017024096,14.314797464793893,1.5806651442300677,-19.849496641327068
AM,2022-05-20,0.30157456259177035,4.903333333333333,16.19841708425844,38605.64652385008,1.6093212899707368,-20.545205363642022,2.394613702178746,403.0826086956522,1.6970717938016882,-20.44557358360702,15.080954097739586,1.6093212899707368,-20.545205363642022
AM,2022-05-21,0.29754368300233186,4.930416666666667,16.63223607200824,38697.40016089079,1.904793091223013,-21.06350708278404,2.416570045174537,402.3521739130435,1.7257866130622173,-20.608958704865717,15.346010034103086,1.904793091223013,-21.06350708278404
AM,2022-05-22,0.29657373759658484,4.970833333333333,16.739723989971363,38719.73662665739,2.0250459792195974,-21.031823662920416,2.428316584387852,403.295652173913,2.086190244940634,-20.7296262454508,15.41063891693773,2.0250459792195974,-21.031823662920416
AM,2022-05-23,0.29789054379608493,4.784166666666667,16.595061597704383,38689.51701250874,1.0929396284975146,-21.198967123675633,2.418236151173726,402.1909090909091,NA,NA,NA,1.0929396284975146,-21.198967123675633
AM,2022-07-02,0.28893722343100603,5.5625,17.626450159810805,38898.85944253101,3.5843787425722455,-20.67784317490538,2.487952056855766,386.7695652173913,3.411424687950994,-19.201304376115637,16.114285940351603,3.5843787425722455,-20.67784317490538
AM,2022-07-07,0.20682236343281665,5.6120833333333335,25.27581610940396,41267.68136794884,4.163916490010006,-21.065317847834713,2.4140614297124388,387.90869565217395,2.8506276354267244,-14.097132277626024,16.395142924159277,4.163916490010006,-21.065317847834713
AM,2022-07-08,0.20297413535313147,5.579583333333334,25.27581610940396,41404.19788074291,3.137282820704747,-19.71059523565615,2.3528845440596045,385.97391304347826,2.6120966088961337,-14.061776408645606,16.39861797825227,3.137282820704747,-19.71059523565615
AM,2022-07-12,0.30238374129743795,5.389166666666666,16.183326434358282,38593.340394094615,4.24311247534216,-21.140429784477533,2.396894122014972,384.8478260869565,2.854197801453189,-18.91848533796818,14.372963477494253,4.24311247534216,-21.140429784477533
AM,2022-07-13,0.3503241812154658,5.505416666666667,12.114735464567152,37603.57824522753,3.736507320298012,-16.81430015405358,2.139333202038717,387.67391304347825,3.5205332757012733,-17.557680719640654,11.234397467664149,3.736507320298012,-16.81430015405358
AM,2022-07-14,0.4032478538513346,5.5225,9.169415538296326,36678.86385208093,3.3336850440561587,-13.68574100113137,1.9108709778553332,386.9347826086956,3.5125928591221154,-17.244292524927104,9.57405156247416,3.3336850440561587,-13.68574100113137
AM,2022-07-15,0.46782838148439965,5.589583333333334,6.855942391163924,35731.42781517506,3.410463722570316,-11.134221439242458,1.6969419478470973,386.1565217391304,4.176186450524086,-17.436063231339023,8.021748579684328,3.410463722570316,-11.134221439242458
AM,2022-07-16,0.5624217782693994,5.629583333333334,4.778629018843487,34590.15981915114,3.393830646947056,-8.529936261792917,1.4636170339242551,385.40434782608696,4.606658463356225,-17.503892149628633,6.468792351050813,3.393830646947056,-8.529936261792917
AM,2022-07-17,0.6789263380674444,5.449166666666667,3.289617337578491,33455.895216418576,2.743680699992241,-6.357978040697013,1.259519543560333,385.39565217391305,4.464266345602167,-17.73330131344258,5.227359267285769,2.743680699992241,-6.357978040697013
AM,2022-07-20,1.0053179655451214,4.8875,1.5078463072133637,31207.399057002003,2.113871433733915,-4.025988212208919,0.9195712640643666,385.3,4.015913598121237,-12.154968629593029,1.787987948812329,2.113871433733915,-4.025988212208919
AM,2022-07-21,1.0861627904171798,4.467083333333333,1.2923398090151719,30781.942428089536,1.3953792254751536,-3.832508192552486,0.8648407090674591,385.81304347826085,2.418124339206348,-10.143702041988464,1.4305457022539445,1.3953792254751536,-3.832508192552486
AM,2022-07-22,1.11701588138309,4.494166666666667,1.2219646511942928,30629.152375577807,1.8902306428205369,-4.044928135431073,0.8494296609442091,387.52608695652174,4.8854152750265385,-12.341187875452292,1.3710424616438293,1.8902306428205369,-4.044928135431073
AM,2022-07-23,1.111335509451395,4.4575000000000005,1.2343484753531928,30656.78887357142,2.037648036124636,-4.3150234181280105,0.8530403256586787,387.52608695652174,5.282076343483034,-12.747661783913191,1.3943358365028349,2.037648036124636,-4.3150234181280105
AM,2022-07-24,1.097832695711241,4.40375,1.264483748098423,30723.09451473309,2.0221512273345277,-4.517680854762527,0.8612907613777133,387.6217391304348,5.846935708023771,-13.59833549589361,1.4509678991701345,2.0221512273345277,-4.517680854762527
AM,2022-07-25,1.0926645875155183,4.220833333333333,1.276282017378651,30748.701448497464,1.6412656020757677,-4.650747687066366,0.8608782716634725,386.3434782608696,4.078423010154813,-12.082445956438702,1.4463425104342351,1.6412656020757677,-4.650747687066366
AM,2022-07-26,1.0971510288450697,4.304166666666666,1.2660048106248514,30726.441817464714,2.035794728674131,-4.78625831365027,0.8620122200574506,387.75217391304346,5.860043394333355,-14.027536575295905,1.4419937284146505,2.035794728674131,-4.78625831365027
AM,2022-07-27,1.0838578306859923,4.160416666666666,1.2970913694463657,30792.93467514872,2.0646951446329886,-5.269267012484344,0.8688317631653971,387.5086956521739,5.6128971642174745,-13.800313143439018,1.5145936597760217,2.0646951446329886,-5.269267012484344
AM,2022-07-28,1.038265811016975,4.315833333333333,1.4126000744590794,31028.266444827583,2.2031428446463086,-5.309204866030733,0.9018051236055715,388.9217391304348,5.745576240463011,-14.476672064784172,1.7539285379907257,2.2031428446463086,-5.309204866030733
AM,2022-07-29,0.9827496170485401,4.35125,1.574507035913213,31331.17393709394,2.137710661771142,-5.579914392153009,0.9400413211458349,388.25652173913045,5.14846402905644,-14.635527498679568,2.067237829300124,2.137710661771142,-5.579914392153009
AM,2022-07-30,0.9295936796350817,4.597916666666666,1.7572359566407998,31640.69410774301,2.4261709242572085,-5.647671553532526,0.9834932564312409,388.9173913043478,5.501764661638352,-15.505537951107376,2.467814850318908,2.4261709242572085,-5.647671553532526
AM,2022-07-31,0.8758953922426108,4.637083333333333,1.9765183528111208,31975.3969922131,2.3065366026367857,-5.909929416192406,1.03176589553638,389.1913043478261,5.227647100694975,-16.438942567282876,2.9663528810076727,2.3065366026367857,-5.909929416192406
AM,2022-08-01,0.8189147656930802,4.66875,2.257946460079295,32358.25079186231,2.0109703417189877,-5.758821729427862,1.0860564504466212,388.6434782608696,4.165819822202956,-17.050661362385995,3.6689550156059214,2.0109703417189877,-5.758821729427862
AM,2022-08-02,0.7557794592564204,4.8933333333333335,2.646821395609264,32821.039981110574,2.270417933915931,-6.1234848598503016,1.1592539284318892,389.1434782608696,4.733631121399997,-19.154973892160086,4.744546553461932,2.270417933915931,-6.1234848598503016
AM,2022-08-03,0.6902303033673655,5.090416666666667,3.1667042232412324,33351.91987571098,2.637151960917948,-6.822303691398503,1.246023473975028,389.03478260869565,5.17687355090558,-19.33731616975794,5.390319679644792,2.637151960917948,-6.822303691398503
AM,2022-08-04,0.6271854260523261,5.03875,3.8263521380360817,33921.589362059334,2.2235701250367086,-7.641203240136919,1.344417452238397,389.0652173913044,4.131205212537065,-18.629021197825875,6.021002972948852,2.2235701250367086,-7.641203240136919
AM,2022-08-05,0.571099243913663,5.20625,4.600905829270545,34487.27626968433,2.399305550575314,-8.396252355928587,1.4506393424644963,389.97391304347826,4.274799429339865,-18.414921860585057,6.677430042324361,2.399305550575314,-8.396252355928587
AM,2022-08-06,0.535396116184737,5.1674999999999995,5.21921680653042,34881.41639489229,2.139223371435242,-9.141384570027254,1.5232003309692663,387.55652173913046,3.443099446374459,-17.924378110792734,7.130429649557901,2.139223371435242,-9.141384570027254
AM,2022-08-07,0.5244214192864934,5.327916666666667,5.434648513680508,35008.80951630418,2.7296538732111353,-9.444992548744631,1.5504925843943205,387.67826086956524,4.394623858272466,-18.31940297555052,7.260240696864366,2.7296538732111353,-9.444992548744631
AM,2022-08-08,0.5269988557291998,5.2875,5.382467636134977,34978.51991930041,2.557494304776275,-9.356364820098037,1.5433885767384636,386.95217391304345,4.297609843084666,-18.436724188477655,7.197174698336333,2.557494304776275,-9.356364820098037
AM,2022-08-09,0.5346482176501837,5.255416666666667,5.231558203103104,34889.543214500336,2.470451845822943,-9.200523078512594,1.523264473534576,386.10434782608695,3.838056359013044,-17.983087722500986,7.075631981555676,2.470451845822943,-9.200523078512594
AM,2022-08-10,0.5456221254643789,5.32875,5.0269605990574995,34764.72708648291,2.4995956661761944,-8.730484916725272,1.4948587262640665,384.5173913043478,3.645235290558468,-17.700955275554133,6.881347280387383,2.4995956661761944,-8.730484916725272
AM,2022-08-11,0.5795784959823336,5.37125,4.4689306447753285,34397.528746285585,2.933505772107026,-8.269394642710651,1.4254068549493228,384,4.789479145830001,-18.60432568705871,6.3643752923494405,2.933505772107026,-8.269394642710651
AM,2022-08-12,0.6251430766369412,5.334583333333334,3.84509628569813,33939.28118467059,3.026992640031991,-7.550404983339631,1.3465037945442686,385.05652173913046,5.030908033787097,-18.826025016933407,5.8826739830760815,3.026992640031991,-7.550404983339631
AM,2022-08-13,0.6361587155935502,5.163333333333333,3.7120647317307927,33833.77904873274,2.4897789552180662,-7.365368665139927,1.325306911213983,381.89130434782606,4.176607425153616,-18.490094874041255,5.824741719140866,2.4897789552180662,-7.365368665139927
AM,2022-08-14,0.624835866624824,5.3,3.8461647790499343,33941.401521098574,2.9815379505420183,-7.608141148736543,1.346701813996125,384.5782608695652,5.042543687637197,-18.610967072409498,5.950111921148205,2.9815379505420183,-7.608141148736543
AM,2022-08-15,0.6203077146829331,5.37375,3.9015375586270182,33984.99079617809,2.9385365257648,-7.472488166040909,1.3535029857633551,383.94347826086954,5.147052896757457,-18.47478010873985,5.993872142497038,2.9385365257648,-7.472488166040909
AM,2022-08-16,0.6102133856458476,5.39,4.0311317376716564,34084.04507181714,2.708571201086034,-7.381316178529967,1.371275393402643,383.33478260869566,4.442543251224159,-17.787278096799756,6.134448339776587,2.708571201086034,-7.381316178529967
AM,2022-08-17,0.5802434864294204,5.457083333333333,4.4555796251435735,34389.66865622165,2.8880092320708526,-7.94146221963976,1.427756077864189,382.1347826086957,4.641011138533227,-17.814720058373478,6.541440111990301,2.8880092320708526,-7.94146221963976
AM,2022-08-18,0.5444388615534208,5.420833333333333,5.051642222606544,34778.82526868686,2.7814430361908973,-8.776627964945225,1.5001420188000354,382.4913043478261,4.042011658742768,-17.463935669155113,7.029384368574312,2.7814430361908973,-8.776627964945225
AM,2022-08-19,0.516315251084141,5.389166666666666,5.607283789250227,35105.99291857776,2.6412054329521495,-9.470501308942156,1.5641791828965002,382.04782608695655,3.8554599905173794,-17.582561400556816,7.457591873191379,2.6412054329521495,-9.470501308942156
AM,2022-08-20,0.494492918978953,5.454583333333334,6.105138432825878,35374.77426845043,2.82935602266061,-10.023177813556924,1.6218016689050192,382.4173913043478,4.333339189191774,-17.82985756247595,7.81986720513987,2.82935602266061,-10.023177813556924
AM,2022-08-21,0.47903058485449235,5.5841666666666665,6.498607748796386,35573.6625201098,3.4075764591656035,-10.57748414614344,1.6661582056988768,383.5086956521739,5.039980221658424,-18.087538131788374,8.089677356222504,3.4075764591656035,-10.57748414614344
AM,2022-08-22,0.4762311515681887,5.5325,6.573948413318788,35610.48301020713,3.458839039034777,-10.93714816621231,1.6692588595258784,380.2,4.743659271409295,-18.09066022460658,8.071977987149955,3.458839039034777,-10.93714816621231
AM,2022-08-23,0.4990297271875012,5.494166666666667,6.001980306023015,35318.95213268673,3.5275770541924074,-10.480166404762908,1.6074720382007959,269.1875,4.920658563431871,-18.392282824206777,7.577005765933944,3.5275770541924074,-10.480166404762908
AM,2022-08-24,0.5353187317515066,5.5600000000000005,5.221383792227475,34882.46374168734,3.564709029360068,-9.29863793974012,1.5232187233046193,383.6217391304348,5.256942958911993,-18.213003548237868,7.038960798417514,3.564709029360068,-9.29863793974012
AM,2022-08-25,0.5365023638659995,5.45375,5.198489385117961,34868.80513553128,2.9951454069683296,-9.06652181252366,1.519222946809838,380.45652173913044,4.596392474484513,-17.91876870676304,7.127162539171042,2.9951454069683296,-9.06652181252366
AM,2022-08-26,0.516713129505201,5.413333333333333,5.596350645517184,35100.676670341076,2.9584252654821723,-9.663443452448304,1.566654829192544,383.12608695652176,4.634316596226717,-18.233891529679664,7.3718432706370765,2.9584252654821723,-9.663443452448304
AM,2022-08-27,0.5655089962088141,5.476666666666667,4.725582110037501,34556.36263815448,3.792743672529653,-9.140698208877245,1.4612155286072097,381.9304347826087,5.425673239830197,-18.85394352147279,6.4100888331749735,3.792743672529653,-9.140698208877245
AM,2022-08-28,0.7376860151607657,5.39875,2.834476134665774,32985.99754999213,3.671812707480712,-6.41013376929776,1.1862612243582793,382.9826086956522,5.631072738668212,-18.13150845263147,4.250521016998611,3.671812707480712,-6.41013376929776
AM,2022-08-29,0.9641796586384,4.589583333333334,1.6547564506085868,31450.33724025236,2.0969210741505804,-4.659591170739999,0.9586448641937316,381.775,5.3824220474764894,-17.81868289643201,1.865938465549691,2.0969210741505804,-4.659591170739999
AM,2022-09-12,1.2800519818889147,1.06,0.9340282312902841,29900.577930947427,NA,-8.114203621780364,0.7591930068274806,397.2990099009901,NA,NA,NA,NA,-8.114203621780364
AM,2022-09-26,0.8099549848749578,2.68875,2.3055962840857083,32420.281786391013,1.2691200492774908,-10.731258617129198,1.0971303168250086,389.77777777777777,6.119793242096641,-23.855102744020147,3.5043656761666955,1.2691200492774908,-10.731258617129198
AM,2022-09-27,0.7705010244978494,4.63125,2.5453103554134295,32708.119929510693,4.331808590095908,-8.79579904855481,1.1297443198047086,399.97391304347826,7.959146450107353,-21.97588170602768,4.392205981983374,4.331808590095908,-8.79579904855481
AM,2022-09-28,0.7208358825550096,4.5408333333333335,2.90442405301363,33096.163992696915,2.508786533722853,-8.02486747858229,1.1768229854895191,396.0478260869565,4.323824133239636,-20.74370307547034,5.097239405335377,2.508786533722853,-8.02486747858229
AM,2022-09-29,0.6771766246362496,4.874583333333334,3.283187470304516,33462.81714265584,3.26101570980449,-8.432380874412306,1.238295147262442,396.6565217391304,5.997824805278912,-21.54852139631049,5.457942147020732,3.26101570980449,-8.432380874412306
AM,2022-09-30,0.6528064133285756,4.740833333333334,3.5282835248963442,33679.89409439748,3.2115258140736103,-9.160634300811727,1.2845024933719993,399.4130434782609,6.202710567583118,-22.152961654809808,5.668281302308491,3.2115258140736103,-9.160634300811727
AM,2022-10-01,0.6267473470864182,4.752916666666667,3.8253241017852004,33923.79619678768,3.1212078374263994,-9.51541338422429,1.3272894242616589,398.7173913043478,5.393890001156,-21.089247058718747,5.9730468368284395,3.1212078374263994,-9.51541338422429
AM,2022-10-02,0.5902615096855724,4.818333333333333,4.307549611249801,34285.77224546995,2.6062340103715065,-9.545492674315774,1.3912406558882924,397.5,4.7904814146273935,-20.85663440227905,6.414573082442244,2.6062340103715065,-9.545492674315774
AM,2022-10-03,0.5540135906613712,4.7804166666666665,4.880753236218399,34671.81421610493,2.6942848918989677,-10.61577527167328,1.4607885635074513,396.61739130434785,4.562536607419619,-21.017790526586705,6.8833528545964775,2.6942848918989677,-10.61577527167328
AM,2022-10-04,0.5253052931664698,4.8741666666666665,5.419444822516792,34999.03867566674,3.642857954121081,-12.002859630165757,1.5220301476285238,396.03478260869565,4.664213685368698,-19.618485046798583,7.304559428775497,3.642857954121081,-12.002859630165757
AM,2022-10-05,0.5019280642768864,5.120833333333334,5.928980025797607,35281.80309380151,2.760360463144956,-10.927419117128643,1.577428689439476,395.5608695652174,4.5302393851831875,-20.036816634401504,7.696761803478345,2.760360463144956,-10.927419117128643
AM,2022-10-06,0.47733622908429796,4.820833333333333,6.547939991994515,35596.66694207895,3.919202757348824,-13.919056807185358,1.646042841699678,397.1217391304348,5.205728815378099,-21.79801863561156,8.162394432658063,3.919202757348824,-13.919056807185358
AM,2022-10-07,0.4531725854594314,5.099166666666667,7.254370234437328,35924.927028303704,3.441624403320248,-13.235020591555752,1.7166921981337777,396.32608695652175,4.143850600731258,-19.027798119496264,8.666231793913777,3.441624403320248,-13.235020591555752
AM,2022-10-08,0.43193137595551967,5.2825,7.974496698753714,36230.92446848103,2.8918649835061223,-12.784186275597378,1.7840960194608249,396.53913043478263,4.371803675236416,-19.23260231603938,9.151754273898131,2.8918649835061223,-12.784186275597378
AM,2022-10-09,0.41373116015041445,5.3966666666666665,8.680459950249048,36507.48644862063,3.5006310301902945,-13.688695233918752,1.845135933151557,395.8782608695652,4.585608594722818,-18.70390620445057,9.597895588201755,3.5006310301902945,-13.688695233918752
AM,2022-10-10,0.39988426165893926,5.4675,9.28284532798593,36727.69038506124,3.081115275924844,-13.80184840455347,1.8924785647179256,393.7611111111111,4.105849276152111,-18.14221283922873,9.979948764377678,3.081115275924844,-13.80184840455347
AM,2022-10-11,0.3848351510092394,5.375,10.015037377886458,36977.83559933833,2.6614439487783605,-14.40285516046025,1.9607770263205202,395.60434782608695,3.925020502421584,-18.664953532553128,10.449402898689977,2.6614439487783605,-14.40285516046025
AM,2022-10-12,0.36918226001532883,5.4125,10.867921818915296,37249.93824827596,3.518845845912146,-15.81705488259583,2.0386668437400113,398.0782608695652,4.51431484049318,-18.959416738493555,10.929055617330471,3.518845845912146,-15.81705488259583
AM,2022-10-13,0.3602484907496323,5.346666666666667,11.404162035214286,37411.32852149333,3.4344751066194,-16.49087523762525,2.0802135455988147,398.9173913043478,4.2830727941163795,-18.876971060172124,11.216658517253927,3.4344751066194,-16.49087523762525
AM,2022-10-14,0.352264252339932,5.5008333333333335,11.92331446604423,37560.201847444994,3.251484784045068,-16.236776455909318,2.0988837085416976,395.5173913043478,3.932115290092349,-18.09242156258904,11.697965543633776,3.251484784045068,-16.236776455909318
AM,2022-10-15,0.32686931135736164,5.602916666666666,13.856596550647767,38063.72666652086,2.848925926587023,-17.01506803311058,2.224856873881751,395.4260869565217,3.940412908333825,-18.646228589567155,13.50212081278176,2.848925926587023,-17.01506803311058
AM,2022-10-16,0.295388211965527,5.629166666666666,16.902031389486986,38749.56458163547,3.048985306685067,-19.375672450404487,2.4160546060909653,394.88260869565215,4.2282936026175175,-19.844517425166213,15.836730650902288,3.048985306685067,-19.375672450404487
AM,2022-10-17,0.2839259890043392,5.68625,18.244274647803017,39019.228582155694,4.117259958232834,-21.089834849220004,2.499589708239338,315.0809523809524,4.8689218215298276,-20.514520104769232,16.650422963403233,4.117259958232834,-21.089834849220004
AM,2022-12-24,0.2698914999059226,7.0117391304347825,20.17109222861496,39370.90889369741,4.202820424917846,-17.197254613342498,2.455538893128489,362.1478260869565,NA,NA,NA,4.202820424917846,-17.197254613342498
AM,2022-12-25,0.28004642593671253,6.99125,18.7481815498394,39114.3580541951,3.9358099297956888,-16.083454659788774,2.394538666949613,363.5043478260869,4.338631996203799,-14.825299760266386,16.87603597818544,3.9358099297956888,-16.083454659788774
AM,2022-12-26,0.2817020122779478,6.983333333333333,18.52912293089683,39073.46245182409,3.9373825943178953,-15.913726863411478,2.391964024618297,364.3478260869565,4.534540156790749,-14.880874283103775,16.84444228899688,3.9373825943178953,-15.913726863411478
AM,2022-12-27,0.2787184771755266,6.922083333333333,18.922716960457958,39147.074582963345,3.9068760243422513,-16.31153365322102,2.4272089905282037,366.32173913043476,4.620188110732156,-15.216692324755735,17.15393317936272,3.9068760243422513,-16.31153365322102
AM,2022-12-28,0.27592396733798874,6.855416666666667,19.30281984500927,39216.8621783924,3.905937460844963,-16.773525848842013,2.4601939081420805,368.0652173913044,4.71456486851263,-15.625550468591497,17.45478973876575,3.905937460844963,-16.773525848842013
AM,2023-01-06,0.2888034938174928,6.427083333333333,17.693452953834733,38906.01219481249,4.701936233811521,-18.291268968416546,2.385206773427477,369.67826086956524,4.711332534711343,-16.88885604519081,15.634737803542777,4.701936233811521,-18.291268968416546
AM,2023-01-07,0.31738508847791613,6.508333333333333,14.657927972172601,38259.77447853586,4.133278180862979,-15.252989362091547,2.210254544484713,372.1217391304348,4.655121082240574,-15.931683275779305,13.545358686550264,4.133278180862979,-15.252989362091547
AM,2023-01-08,0.3255349485452689,6.555416666666667,13.928206973051969,38087.3233778191,4.336896147720265,-14.603293439084698,2.179125794541649,373.11739130434785,5.220271799733891,-16.19369323535595,13.221932577147854,4.336896147720265,-14.603293439084698
AM,2023-01-09,0.31931007534473393,6.399583333333333,14.470175491089737,38217.61492471839,4.255207592033244,-15.514597349631034,2.2258080136067786,374.1304347826087,4.981559881692516,-16.26936610912287,13.689425753491935,4.255207592033244,-15.514597349631034
AM,2023-01-10,0.3168026790663715,6.570833333333334,14.695839601627085,38270.79114054882,4.254249643587976,-15.067373326872197,2.217020773787032,369.1434782608696,4.997439911830355,-15.944757698620322,13.773636592062196,4.254249643587976,-15.067373326872197
AM,2023-01-11,0.31947448814234547,6.552083333333333,14.454277481917435,38214.0247220172,4.348952813999827,-14.985801439434498,2.2147876090910206,370.47391304347826,5.3422984016922115,-16.31432372030501,13.575167734182008,4.348952813999827,-14.985801439434498
AM,2023-01-12,0.32022775528454395,6.425416666666667,14.38708398445619,38198.10536881187,4.4384219423856415,-15.443814714252737,2.2318330291259474,374.6608695652174,5.542715730157181,-17.07359099383827,13.559359241005527,4.4384219423856415,-15.443814714252737
AM,2023-01-13,0.32022300623320415,6.265,14.387650395015967,38198.21919781266,3.895370912749012,-15.865241736185142,2.200289932611549,366.9391304347826,3.483014118258496,-15.260965089192837,13.515551604466246,3.895370912749012,-15.865241736185142
AM,2023-01-14,0.3280058797032255,6.783333333333333,13.727601407816708,38037.014231441804,4.446012570645418,-13.843254106728182,2.12564807267086,358.9391304347826,5.058044279548361,-15.100452344234732,12.86119442348114,4.446012570645418,-13.843254106728182
AM,2023-01-15,0.3458286344575342,6.800833333333333,12.370042038243897,37683.33369273535,4.253803468632703,-12.568800489037956,2.0390198425632953,362.4826086956522,5.01184738359695,-14.634360405907046,11.739646912521904,4.253803468632703,-12.568800489037956
AM,2023-01-16,0.3612363676409111,6.7941666666666665,11.344325142453144,37393.414777215185,4.23531432951531,-11.704928606818056,1.9803873843505493,362.5913043478261,5.195075780211487,-14.6475148730982,11.089830347666645,4.23531432951531,-11.704928606818056
AM,2023-01-17,0.3664073352204994,6.7004166666666665,11.028164627714936,37299.31056571674,4.506621129626312,-11.928857077541126,1.983880102192244,364.7086956521739,6.012389505306062,-15.674361003205275,10.96800691154629,4.506621129626312,-11.928857077541126
AM,2023-01-18,0.364411131077012,6.52625,11.14774011950255,37335.34716141843,4.941079548210291,-13.18813765060429,2.0215709095254795,373.04347826086956,5.89324971989143,-15.759995295332391,11.040268061595942,4.941079548210291,-13.18813765060429
AM,2023-01-19,0.36389101809062435,6.5008333333333335,11.17916241260128,37344.76829280953,4.825760914727063,-13.182991291149266,2.0275945545959098,373.8304347826087,5.925500094713196,-15.926066604298972,11.050998966815612,4.825760914727063,-13.182991291149266
AM,2023-01-20,0.36223246383664093,6.679583333333333,11.280902453337145,37374.99234566136,5.275931034201232,-13.085557408549905,2.01600854205676,370.2217391304348,6.1947309093752585,-15.392127744033386,11.14156796648019,5.275931034201232,-13.085557408549905
AM,2023-01-21,0.3577964560383087,6.159166666666667,11.558265331455562,37456.44226455989,2.4902172767221353,-12.940796109015674,2.0095680479693665,366.5608695652174,2.924959911101403,-15.136352057399352,11.28264421374361,2.4902172767221353,-12.940796109015674
AM,2023-01-22,0.3580926745217367,6.302083333333333,11.539354766187317,37450.9582693336,4.161752868018922,-13.702339210349178,2.0476226879269634,372.3782608695652,4.853917029188933,-15.885370362052829,11.246489538411076,4.161752868018922,-13.702339210349178
AM,2023-01-23,0.36139027864426215,6.672916666666667,11.333864478185705,37390.49238300493,5.369572836322261,-13.32153633996149,2.009815133424356,368.0869565217391,6.080383957746635,-15.325979942111196,11.081295448504347,5.369572836322261,-13.32153633996149
AM,2023-01-24,0.38663959518670166,6.858333333333333,9.957136166736857,36951.819284560275,5.443463610677573,-11.60859233375923,1.8928979244200257,366.75652173913045,6.816568423540287,-16.132460027155968,10.05517432661832,5.443463610677573,-11.60859233375923
AM,2023-01-25,0.4609480008883576,5.877916666666667,7.084319096484782,35829.62578614456,2.87423180346692,-9.962481060163144,1.674591864898046,370.4391304347826,3.805772572280512,-16.154359916435997,8.10569862746514,2.87423180346692,-9.962481060163144
AM,2023-01-26,0.5684321800112169,6.761666666666667,4.681232448890715,34525.68037338008,4.6559072104853705,-6.090850856299011,1.3946144814010943,366.4130434782609,6.819457001891237,-15.552663175385948,6.404356568475084,4.6559072104853705,-6.090850856299011
AM,2023-01-27,0.6828592806867902,6.8620833333333335,3.2491202992118464,33420.592361992676,4.061322536051849,-3.4567872358946694,1.1922156879886072,361.9304347826087,7.374733590634008,-15.93906800321604,5.241649588642779,4.061322536051849,-3.4567872358946694
AM,2023-01-28,0.7872505874184909,6.80625,2.446262980885111,32587.198562261565,3.87687228281571,-2.257320802347665,1.0669694377176462,364.69565217391306,7.91792243767068,-15.967437485955491,3.8207271178927154,3.87687228281571,-2.257320802347665
AM,2023-01-29,0.874835754930255,6.3725,1.983525305952427,31983.540489940257,4.133709305845256,-2.8098549605950596,1.0070119549289454,373.4260869565217,9.389517376750431,-17.198441957414666,2.8513510792935244,4.133709305845256,-2.8098549605950596
AM,2023-01-30,0.955202856133849,6.068333333333333,1.66717886971029,31490.21979890907,4.500221160154062,-3.363064670834334,0.9479508918857141,376.54782608695655,10.68655768582929,-18.145872306819527,2.234013750290148,4.500221160154062,-3.363064670834334
AM,2023-01-31,1.0261520196992724,5.60875,1.4453187996980967,31092.403901952905,4.493286553597728,-4.088045819952494,0.8972393332037598,377.95217391304345,12.496517903660218,-20.342047474410723,1.921415466717754,4.493286553597728,-4.088045819952494
AM,2023-02-01,0.934137670147103,5.16875,1.7496600133887352,31619.351423981272,4.248281125376207,-5.646755804847767,0.9611734938098561,362.4695652173913,11.185965542567722,-19.39105479965644,2.597856603802005,4.248281125376207,-5.646755804847767
AM,2023-02-02,0.8084621018514079,5.850833333333333,2.315591158101898,32431.66364538818,5.534742429113067,-6.152165240863834,1.0827623700995235,377.4304347826087,13.071030637315705,-23.19814600209031,3.7675683463248646,5.534742429113067,-6.152165240863834
AM,2023-02-03,0.8340125161711059,5.2575,2.1769101219994442,32253.36704194417,4.37038708897344,-6.604394771088189,1.0336681334092181,368.40434782608696,9.106596054353748,-18.67000181701785,3.1796528070419035,4.37038708897344,-6.604394771088189
AM,2023-02-04,0.8697799059027903,6.305833333333333,2.002554471873225,32014.179205027747,5.786619451060911,-4.852809259902806,0.9839262287424959,365.2782608695652,12.943730041692874,-21.086783777485618,2.905486443327971,5.786619451060911,-4.852809259902806
AM,2023-02-05,0.8956520103851027,5.8075,1.8900105866386498,31848.75553334947,5.937288506676163,-6.065575132783142,0.9762372765398015,373.24347826086955,14.412258392545398,-22.87401857576067,2.631898697928877,5.937288506676163,-6.065575132783142
AM,2023-02-06,0.9207103555451144,5.80625,1.7896898186394048,31693.709233145248,6.461586456842278,-6.393860400199314,0.9547318629302008,372.5,14.64846420805674,-22.193977037596472,2.4484532991108066,6.461586456842278,-6.393860400199314
AM,2023-02-07,0.9388890820208207,5.65,1.7218044002910244,31584.27880602274,5.78684364434422,-6.039676322980476,0.9330816792316446,370.5739130434783,NA,NA,NA,5.78684364434422,-6.039676322980476
AM,2023-02-08,0.951511443672978,5.475652173913043,1.6769636052749712,31509.77945232885,6.319577313212711,-6.8717544670145365,0.9340155911889277,374.1695652173913,NA,NA,NA,6.319577313212711,-6.8717544670145365
AM,2023-02-09,0.9613747762996004,5.434166666666667,1.6431826165284384,31452.40024020115,6.738973561721781,-7.292543055262016,0.9318419213489474,374.95217391304345,15.665818362727698,-24.01827193183512,2.1538808387350143,6.738973561721781,-7.292543055262016
AM,2023-02-10,0.9785505590996206,3.638333333333333,1.5869185718429302,31354.229989997366,2.6997432484130033,-7.859213559114739,0.9177593150095534,366.8608695652174,4.852386026273245,-14.303341836643993,1.9977599005025504,2.6997432484130033,-7.859213559114739
AM,2023-02-11,1.0127626859735765,4.02625,1.483428461647528,31164.785976771323,1.3872830826535716,-5.315844810043955,0.8801303995059704,355.8086956521739,5.341258730365115,-16.704741930043983,1.7458034838791343,1.3872830826535716,-5.315844810043955
AM,2023-02-12,1.086442010512241,4.928333333333334,1.2938297856182177,30782.36585643046,4.514915328406232,-5.703289074669336,0.8247997992355953,368.3652173913043,11.08979789479654,-17.6629869504681,1.333702965392921,4.514915328406232,-5.703289074669336
AM,2023-02-13,1.2269489013922503,5.269166666666667,1.020209609712086,30130.30042606478,3.617054139734959,-3.4677801592134325,0.7113612808642028,280.8695652173913,8.613081516517724,-8.286222858359924,1.0396801272993583,3.617054139734959,-3.4677801592134325
AM,2023-02-27,1.839257532343336,0.4175,0.592882152098112,28045.400848203466,0.1867601325024181,-10.070009380447148,0.7005870370887668,273.295652173913,NA,NA,NA,0.1867601325024181,-10.070009380447148
AM,2023-02-28,1.745388333906483,0.9329166666666666,0.592882152098112,28306.451456146686,NA,-7.547523418490228,0.6696630064697043,332.8304347826087,NA,NA,NA,NA,-7.547523418490228
AM,2023-03-01,1.6504740679456886,1.17,0.593061597350707,28587.619327818007,NA,-6.5769849539857574,0.6325884162254496,343.33478260869566,1.4046720135583373,-6.7973740745882205,0.41000491307524256,1.4046720135583373,-6.5769849539857574
AM,2023-03-02,1.5617053193867638,1.59,0.6311271583457531,28868.29043603808,0.09342984633003804,-6.440367775661795,0.6342512954835714,360.1695652173913,3.5909935100653487,-8.685671641714357,0.4494938418572562,0.09342984633003804,-6.440367775661795
AM,2023-03-03,1.4805687193966999,1.81125,0.7011744016554717,29141.760076763592,0.7066960909048865,-6.943285221980871,0.6612848340875598,360.6608695652174,5.30329925653042,-11.280481840627058,0.503494990020602,0.7066960909048865,-6.943285221980871
AM,2023-03-04,1.40513593929354,1.9158333333333333,0.7774133083062363,29412.370146875448,1.2360230721623189,-7.587825814629542,0.6949504198201448,368.4521739130435,6.192643625455596,-12.102772136556494,0.6039579210318174,1.2360230721623189,-7.587825814629542
AM,2023-03-05,1.331406588830006,2.7016666666666667,0.8647127643389269,29693.96302540848,2.6179587259325605,-7.583905830390897,0.7192970395972178,366.1608695652174,10.225247422505152,-16.385601118551772,0.7183645617677372,2.6179587259325605,-7.583905830390897
AM,2023-03-06,1.2615785687083856,3.255,0.9616635175824513,29978.00118086462,3.3335631582265486,-7.367016956077033,0.7537040162529719,373.40434782608696,11.630562943739562,-18.53411439156656,0.8864801216941972,3.3335631582265486,-7.367016956077033
AM,2023-03-07,1.1999350090823881,3.5041666666666664,1.0615144028710133,30244.534399858567,3.597264740232747,-7.365760757668122,0.789389662506764,376.6391304347826,11.865470635737942,-19.0809898784027,1.058616638713559,3.597264740232747,-7.365760757668122
AM,2023-03-08,1.1417989758700346,4.195,1.1709194841583124,30511.2718177092,4.428261361820276,-6.896714517859745,0.8139545017796405,372.5173913043478,12.545515318209036,-19.0865616253745,1.273820453309714,4.428261361820276,-6.896714517859745
AM,2023-03-09,1.082648687739337,4.877083333333333,1.3006284298131736,30799.57889394037,4.679313914180284,-5.86420242215654,0.8404723614151348,368.83478260869566,12.536944662469605,-19.805578328867114,1.548093026149551,4.679313914180284,-5.86420242215654
AM,2023-03-10,1.0297756436683896,4.501666666666667,1.4354104807943173,31073.125562176458,3.9871152584999354,-6.471723969433077,0.8794155561545829,367.10869565217394,10.468220231028956,-20.02586813748381,1.8094825045677456,3.9871152584999354,-6.471723969433077
AM,2023-03-11,0.9872035204402347,6.00625,1.5598726577624034,31305.684137721124,4.516176124557824,-3.604200315273076,0.8744700136850333,234.45714285714286,4.783151504107348,-1.232529460677896,1.8678773766268597,4.516176124557824,-3.604200315273076
AM,2023-03-15,0.9945308674663781,8.84125,1.5369803457261324,31264.581215493185,3.121249495042569,NA,0.7855864642552997,382.58181818181816,0.26887065736363364,-12.489935351982652,1.823365728058754,3.121249495042569,-12.489935351982652
AM,2023-03-16,1.0050474225159907,4.94,1.505215135587683,31206.370466496868,3.0802764069552855,-4.719669365900357,0.8807725724621271,379.94347826086954,8.724094197819447,-17.87847109315578,1.9220296607195355,3.0802764069552855,-4.719669365900357
AM,2023-03-17,0.990450924653624,4.73375,1.5494186895012552,31287.24756362138,3.721970519631408,-5.921026238982259,0.9050290690585873,384.7086956521739,10.347661739363245,-20.24873993513933,2.0107494429902584,3.721970519631408,-5.921026238982259
AM,2023-03-18,0.9807890893371168,3.617916666666667,1.5795539195273334,31341.411511201408,1.9548898048317949,-7.1994788063911415,0.9066162688288192,381.1217391304348,3.4685341092340747,-13.45007662911182,1.996153651669519,1.9548898048317949,-7.1994788063911415
AM,2023-03-19,0.9949065024847437,4.58125,1.5358570778072724,31262.510454914842,2.746860108606121,-5.41560823935197,0.8858168990733085,379.75652173913045,10.948636450717265,-21.641332870193445,1.9314651362232231,2.746860108606121,-5.41560823935197
AM,2023-03-20,1.0213202310141376,3.9316666666666666,1.4584299145885289,31118.040907201503,2.7603796697225698,-6.948775370473301,0.8608453605743149,378.2695652173913,7.280365932814257,-16.16695324267055,1.7685672407122337,2.7603796697225698,-6.948775370473301
AM,2023-03-21,1.0364516732694313,4.45375,1.416516803165687,31037.108376055494,2.974215805190079,-5.673539053980225,0.854073342054776,380.9,9.031265895123893,-19.748233760593987,1.6460128651563033,2.974215805190079,-5.673539053980225
AM,2023-03-22,1.0343974480421225,3.6441666666666666,1.4221150874794362,31048.025611666806,4.059367831708929,-8.70807941923137,0.878885183062655,390.3652173913043,8.565669554428768,-17.884470434292233,1.6935561453982848,4.059367831708929,-8.70807941923137
AM,2023-03-23,1.0148381815158962,3.515833333333333,1.476836062678891,31153.053291209482,3.1515824783194906,-8.289045847248746,0.8931386825273554,391.1347826086957,7.907433821699786,-18.127043179006773,1.7885265141523563,3.1515824783194906,-8.289045847248746
AM,2023-03-24,0.9951526656075119,3.5929166666666665,1.53494616145613,31261.02705293472,3.2533216662084143,-8.350397659083349,0.9094596534004509,392.74782608695654,7.517779204101037,-17.99600095758812,1.9067354309968472,3.2533216662084143,-8.350397659083349
AM,2023-03-25,0.9783820349307984,3.3254166666666665,1.5874768400653283,31355.19733900717,3.194407626419177,-9.105319003476678,0.928266585597066,395.5173913043478,9.393231196782532,-21.06701971315356,2.007476117012858,3.194407626419177,-9.105319003476678
AM,2023-03-26,0.9439885357265955,3.149166666666667,1.7042933278823234,31554.577284874686,3.0423134148676767,-9.734369659919238,0.9588722102758659,397.09565217391304,8.395709786034425,-21.453482756682966,2.264254366716303,3.0423134148676767,-9.734369659919238
AM,2023-03-27,0.898618423687508,3.3970833333333332,1.8783627918573982,31830.536537892374,4.2987182237366195,-10.80256336208187,0.9974801710850918,397.6478260869565,9.766009324042006,-23.807968247841423,2.6801413645667633,4.2987182237366195,-10.80256336208187
AM,2023-03-28,0.8743119979516145,2.966666666666667,1.981728751815168,31984.561436078064,3.4809637878789967,-11.495681730555464,1.013953801734054,394.7695652173913,9.33422607361633,-24.95623211138841,2.871781243548452,3.4809637878789967,-11.495681730555464
AM,2023-03-29,0.89088728643584425,4.255217391304348,1.9101507811051905,31878.8788884253,5.67063176720107,-10.011459496368976,0.9933279544587972,393.07272727272726,NA,NA,NA,5.67063176720107,-10.011459496368976
AM,2023-03-30,0.9272600776832541,5.025416666666667,1.7652910081952895,31654.319736974074,4.20591083750313,-6.129044920071525,0.9587263524570726,392.7130434782609,9.754912689121417,-19.62116321801793,2.416730701402153,4.20591083750313,-6.129044920071525
AM,2023-03-31,0.9610311423533997,4.877083333333333,1.6445958461100354,31454.559299925102,4.413172439662505,-6.415460656462902,0.9377281965813552,395.04782608695655,10.971872678189952,-20.56816405746693,2.1858778918235267,4.413172439662505,-6.415460656462902
AM,2023-04-01,0.97790505470464,4.48875,1.5887799058335121,31357.7424469174,4.095118502364133,-6.959496509072185,0.9282358719485191,397.25652173913045,9.722201367346097,-19.84784466710417,2.066027642330833,4.095118502364133,-6.959496509072185
AM,2023-04-02,0.9738541229453365,4.752083333333333,1.6019280775322813,31380.81276278826,5.472243658063734,-7.640685846599748,0.936067738540309,398.6565217391304,12.05024507101093,-20.790433412165733,2.171856009195899,5.472243658063734,-7.640685846599748
AM,2023-04-03,0.9489247908192352,4.924166666666666,1.6864730787795934,31525.258974993565,4.936549961427427,-6.894567860076691,0.9472556835002907,395.32608695652175,10.996785790182871,-20.276088385028217,2.361549052441481,4.936549961427427,-6.894567860076691
AM,2023-04-04,0.913866299425404,4.629130434782609,1.8166615729742408,31735.795724794138,3.9972486272152064,-7.014759513623857,0.9828642846517716,397.6608695652174,NA,NA,NA,3.9972486272152064,-7.014759513623857
AM,2023-04-05,0.8814944897656127,4.79125,1.9505048151149142,31938.642978767344,4.620533342538104,-7.475866784282467,1.015796336148941,399.03478260869565,9.43590400574148,-20.14581244236161,2.9027039027985317,4.620533342538104,-7.475866784282467
AM,2023-04-06,0.8514076147596666,4.862916666666667,2.088972907641642,32135.34302781556,4.5300139724556034,-7.495492501948952,1.0429957149832236,398.995652173913,8.97724358761065,-20.276749124788093,3.23051217260004,4.5300139724556034,-7.495492501948952
AM,2023-04-07,0.818875295526577,4.79125,2.2560503152054086,32357.4552461768,4.265991885930257,-7.79806806706744,1.074015323618022,397.5,8.20383878054871,-21.226444009397596,3.632728420023951,4.265991885930257,-7.79806806706744
AM,2023-04-08,0.7908770168791306,4.0425,2.416003254342802,32556.850561761712,2.924941352270448,-8.973021611721252,1.0993910019592539,394.8782608695652,4.823642542339386,-20.660552983404084,3.988166621876424,2.924941352270448,-8.973021611721252
AM,2023-04-09,0.772740920695807,4.085,2.528857603214233,32690.46781927548,3.0044879999282426,-9.320248387737848,1.0969611679746545,385.3391304347826,7.900493561242321,-25.02326604528839,4.210213898715759,3.0044879999282426,-9.320248387737848
AM,2023-04-10,0.7620450124946586,5.017916666666666,2.5992815324602976,32771.05565757194,6.162645707235358,-9.860931267770669,1.11527207720444,388.0304347826087,10.320525608518858,-24.436353263602623,4.455995710029869,6.162645707235358,-9.860931267770669
AM,2023-04-11,0.7518377394248574,4.594166666666666,2.669477749212552,32849.298115950434,5.600251105098768,-10.646211762585994,1.132755784937448,391.0391304347826,9.27960293711527,-23.600785397539138,4.650335924145984,5.600251105098768,-10.646211762585994
AM,2023-04-12,0.7364594146068362,4.234375,2.7808628328833023,32969.6165799042,2.6385221096677536,-8.926034899597116,1.1480316061931393,393.1727272727273,NA,NA,NA,2.6385221096677536,-8.926034899597116
AM,2023-04-14,0.6841885200986634,4.07,3.2171649078670725,33401.96189011646,NA,NA,1.2499251160450262,397.25652173913045,NA,NA,NA,NA,NA
AM,2023-04-19,0.5700378339994967,2.954,4.6106649880122585,34496.71478428033,NA,NA,1.4302105807833754,393.68695652173915,NA,NA,NA,NA,NA
AM,2023-04-20,0.5467750702584334,4.716,5.008552998443331,34752.36991844891,NA,NA,1.5046688270260562,396.18260869565216,NA,NA,NA,NA,NA
AM,2023-04-21,0.5140620075345098,2.685,5.6592066417288445,35133.870330161684,NA,NA,1.5708322447334608,394.9391304347826,NA,NA,NA,NA,NA
AM,2023-04-23,0.44102146411495785,4.395,7.6640942591260615,36099.589234124345,NA,NA,1.8191126139622575,393.2260869565217,NA,NA,NA,NA,NA
AM,2023-04-24,0.4039335270438483,4.039230769230769,9.112864300717998,36664.1705492855,1.8631112872320457,-18.672992025452764,1.8981923685108475,391.6608695652174,NA,NA,NA,1.8631112872320457,-18.672992025452764
AM,2023-04-25,0.37566080811102204,5.558333333333334,10.507951772549228,37136.434459185264,3.605232455039979,-15.232951107643876,1.9909844931359373,392.4869565217391,4.182253943355138,-18.072351180028807,10.77881272492892,3.605232455039979,-15.232951107643876
AM,2023-04-26,0.3570176118271202,5.488695652173913,11.61273259142426,37471.40467287683,3.491846195742455,-15.629018691316558,2.0878039267737507,390.7695652173913,NA,NA,NA,3.491846195742455,-15.629018691316558
AM,2023-04-27,0.3456811072209637,5.019583333333333,12.372916498450214,37685.36260464533,1.1848000188162755,-16.09065263247982,2.1290556101745337,350.2913043478261,2.3522950080827036,-19.090642217364103,11.995769205488712,1.1848000188162755,-16.09065263247982
AM,2023-04-28,0.3378086595923528,5.683333333333334,12.948289175982687,37839.10773205775,4.133110124300025,-16.511109960254032,2.179194821179542,323.67391304347825,4.836449364762005,-18.733410742118476,12.4595413439156,4.133110124300025,-16.511109960254032
AM,2023-04-29,0.33410989880446573,5.305652173913043,13.231187568963218,37912.657931997775,3.4819410779016957,-17.780745581198605,2.1961305758472505,289.5565217391304,NA,NA,NA,3.4819410779016957,-17.780745581198605
AM,2023-04-30,0.3379096128039752,3.4144444444444444,12.939881720792332,37837.02897206119,1.589655239133315,-24.141379814420553,2.1773798874319423,278.5391304347826,NA,NA,NA,1.589655239133315,-24.141379814420553
AM,2023-05-01,0.3428124867075213,4.316315789473684,12.577137389008755,37740.80874861718,3.0853433068419585,-21.216740907593483,2.1464341521918873,283.6391304347826,NA,NA,NA,3.0853433068419585,-21.216740907593483
AM,2023-05-04,0.318763200544379,6.524166666666667,14.57424419983563,38234.29876168873,7.933576021622008,-18.252819551410916,2.355769349471154,284.1347826086957,NA,NA,NA,7.933576021622008,-18.252819551410916
AM,2023-05-05,0.28693271468384807,6.317083333333334,17.883941472118824,38947.8133112453,5.528896615726067,-18.466366173882143,2.463776931590949,390.9913043478261,6.5817841472787775,-19.016626090050455,16.5550338476099,5.528896615726067,-18.466366173882143
AM,2023-05-24,0.3292619861210564,7.8341666666666665,13.685493316409131,38017.36383373477,5.897729070932934,-9.08602149043019,2.2205026915968564,339.01875,6.022650761804548,-14.969700975446846,12.431092025486356,5.897729070932934,-9.08602149043019
AM,2023-05-25,0.37698181173168777,6.320416666666667,10.458245523190621,37116.245471171445,6.800413182054043,-14.56653669922389,1.9963385453629487,389.3695652173913,8.395548605881173,-18.96249854484284,10.403126224158449,6.800413182054043,-14.56653669922389
AM,2023-05-26,0.4021996347337713,5.8975,9.177686894091243,36690.23164716954,5.084794181276201,-13.554913074673983,1.883366909652173,385.9913043478261,5.70915014940296,-17.696511336782745,9.791930966218256,5.084794181276201,-13.554913074673983
AM,2023-05-27,0.4099034743021272,6.266666666666667,8.838302050439399,36567.092153734964,5.576486649051247,-12.25082193625006,1.8582873988342525,385.62608695652176,7.719760395955539,-18.23984332575251,9.603212176009489,5.576486649051247,-12.25082193625006
AM,2023-05-28,0.41438076052844836,6.307083333333333,8.650453451345857,36496.88988945953,5.686231668363047,-12.039930018970466,1.8422811517282278,383.3782608695652,8.09383596522595,-18.5143485600754,9.515080767152,5.686231668363047,-12.039930018970466
AM,2023-05-29,0.40813018623529224,6.32625,8.916487353671906,36595.44883371657,6.224903222643135,-12.636996638585716,1.8765603313089896,389.7260869565217,8.367600029662398,-18.538826020142697,9.750057907695489,6.224903222643135,-12.636996638585716
AM,2023-05-30,0.38931563349263354,6.3254166666666665,9.7917393567103,36902.645040160605,6.5381661114285565,-13.607718415510202,1.9572442106991754,390.2826086956522,8.750511684412233,-18.740300661924856,10.335548760820773,6.5381661114285565,-13.607718415510202
AM,2023-05-31,0.36567271048890604,6.162083333333333,11.085273433084268,37314.13466684199,5.830408888108882,-14.664151575430177,2.048267507657159,388.2173913043478,7.508542550096879,-18.434221964214156,11.141030404498323,5.830408888108882,-14.664151575430177
AM,2023-06-01,0.3391073502760342,6.277916666666666,12.867950496263818,37815.26259038467,6.367178856357031,-15.982145765852223,2.1808100420361476,389.89130434782606,7.937044439695142,-18.749937330959295,12.58303163540191,6.367178856357031,-15.982145765852223
AM,2023-06-02,0.3156559948076131,6.45,14.815336691450025,38296.60887500854,7.234737304273551,-17.394001380278787,2.3100484779833033,389.7869565217391,8.828500839304175,-19.470668377115302,14.107005258979385,7.234737304273551,-17.394001380278787
AM,2023-06-03,0.3012611921060016,6.209583333333334,16.234246899323768,38612.95731820719,6.694030939911284,-18.919646428514596,2.395812966296458,389.8434782608696,7.715150581386166,-19.76868028472443,15.146870301282076,6.694030939911284,-18.919646428514596
AM,2023-06-04,0.2918807971299326,6.191666666666666,17.279781434253582,38829.426659699995,6.305314956598129,-19.32724447341059,2.4520341550474836,389.2739130434783,6.795337442670858,-19.206107109612525,15.976732647536403,6.305314956598129,-19.32724447341059
AM,2023-06-17,0.4394518843921384,5.760416666666667,8.29934794846641,36214.64445376146,6.2520171639650615,-14.140419420397196,1.8162765236088454,387.46521739130435,6.873046522995067,-20.60698936508964,8.135788245854457,6.2520171639650615,-14.140419420397196
AM,2023-06-18,0.6810858584200327,5.2525,3.3256125687933653,33457.04292429701,4.519081502148123,-8.495271387073634,1.2680033446692163,391.9826086956522,8.288788020003533,-23.32550659634236,5.090639704775868,4.519081502148123,-8.495271387073634
AM,2023-06-19,0.8365961047035694,4.3029166666666665,2.1706594537881183,32239.400269423382,2.9058125864292332,-7.697024105504318,1.0594790689047104,388.87391304347824,4.286331144971388,-16.950419226231155,3.1033434615884885,2.9058125864292332,-7.697024105504318
AM,2023-06-20,0.90834405101015,4.529166666666667,1.8389488951011739,31770.071970325032,2.6192189056270365,-5.989195026594889,1.0030477601500147,383.1217391304348,7.655929687905417,-19.678389798793233,2.452431529538482,2.6192189056270365,-5.989195026594889
AM,2023-06-21,0.9474080615025358,4.000416666666667,1.6921326500846057,31534.390530068966,2.502977942137429,-7.027213415546715,0.9569137877570405,369.7782608695652,2.8396086049930824,-12.744232347379022,2.1766629825254844,2.502977942137429,-7.027213415546715
AM,2023-06-22,1.009059858279836,4.2125,1.495979326326673,31186.294869312536,1.4582111839675045,-4.924386332167532,0.9095751736738742,353.8304347826087,0.5679013343276689,-9.04102473987592,1.7591127189902125,1.4582111839675045,-4.924386332167532
AM,2023-06-23,1.1268199516196538,3.637391304347826,1.2065739323297207,30586.84698216782,NA,-3.5609312858625213,0.8410634070555266,357.28181818181815,NA,NA,NA,NA,-3.5609312858625213
AM,2023-06-24,1.3021054484197707,2.09375,0.9077389338257605,29815.88678630335,NA,-6.712557325661558,0.7521710069576483,386.95652173913044,1.0295515584708212,-7.190720539992362,0.7726178677274357,1.0295515584708212,-6.712557325661558
AM,2023-06-25,1.4849148483215935,1.5266666666666666,0.698858301853089,29129.2142583529,NA,-4.964873446696949,0.6786831196395923,379.204347826087,NA,NA,NA,NA,-4.964873446696949
AM,2023-06-26,1.6279344199976262,1.4375,0.5987499922541263,28657.690587851386,NA,-5.974469511329496,0.658650939907593,379.09565217391304,NA,NA,NA,NA,-5.974469511329496
AM,2023-06-27,1.7143585147711013,1.5279166666666666,0.592882152098112,28395.869146883077,NA,-6.458449534698763,0.7027432795097502,340.2826086956522,NA,NA,NA,NA,-6.458449534698763
AM,2023-06-28,1.7428100067474679,0.43125,0.592882152098112,28313.106068867684,NA,-8.836658700466867,0.7275968808692252,302.09565217391304,NA,NA,NA,NA,-8.836658700466867
AM,2023-06-29,1.7276899286404999,0.3620833333333333,0.592882152098112,28356.815264322107,NA,-9.324740010234084,0.7067192621770391,343.17826086956524,NA,NA,NA,NA,-9.324740010234084
AM,2023-06-30,1.6930124438610719,0.7079166666666666,0.592882152098112,28458.66432435394,NA,-8.203740610508346,0.6832691220441669,364.8304347826087,NA,NA,NA,NA,-8.203740610508346
AM,2023-07-01,1.6574145155342759,1.1170833333333334,0.592882152098112,28565.75013743271,NA,-6.909848810794285,0.6640828307297473,391.7217391304348,NA,NA,NA,NA,-6.909848810794285
AM,2023-07-02,1.6242113822499176,1.1995833333333332,0.5930461064670811,28668.105942895098,NA,-6.310671315143189,0.6475636534550143,402.5826086956522,0.4368742618980457,-6.134968821066243,0.43446079820896266,0.4368742618980457,-6.310671315143189
AM,2023-07-03,1.5871537722912856,1.2966666666666666,0.6109784338062053,28785.375561558147,NA,-6.717570874778493,0.6475780592742424,405.6521739130435,1.4304241864853702,-6.788111394531034,0.4489793349794019,1.4304241864853702,-6.717570874778493
AM,2023-07-04,1.5347272834922818,1.5179166666666668,0.6529978700773951,28957.008645007343,0.03500876452078191,-6.841477879674561,0.6640846655007283,409.37391304347824,2.7548604627895643,-8.101648326261154,0.4755378653403231,0.03500876452078191,-6.841477879674561
AM,2023-07-05,1.4672949132282929,1.805,0.7136917287486161,29188.102084675505,0.5767920136020712,-7.063777154586511,0.68562224430572,412.39565217391305,4.4121537049375785,-10.163187652665432,0.5471021420663819,0.5767920136020712,-7.063777154586511
AM,2023-07-06,1.3924681876681249,2.111666666666667,0.7914896644777158,29459.562626533843,1.1847661784812311,-7.3390834051446845,0.7147086483849507,415.0217391304348,5.446642582982233,-11.738319406371229,0.6493549744932698,1.1847661784812311,-7.3390834051446845
AM,2023-07-07,1.3138090778805978,2.335,0.8878815547739035,29764.069045077864,1.4725718643371428,-7.548084710721746,0.7443932253323712,412.4260869565217,5.706769617770377,-12.963730291330275,0.8112031769100465,1.4725718643371428,-7.548084710721746
AM,2023-07-08,1.2270454307154612,2.8958333333333335,1.0166986141706928,30126.356452865344,2.44622126522445,-7.687359811849313,0.7853221585116865,395.82608695652175,8.368894793570862,-16.230933248559385,1.0344412839145976,2.44622126522445,-7.687359811849313
AM,2023-07-09,1.1268590778592176,3.2895833333333333,1.2033382134833763,30583.810351644603,2.7143380287669316,-7.608610774076669,0.8430868654994207,415.2304347826087,6.91975213782419,-15.450010941842804,1.3635954642699637,2.7143380287669316,-7.608610774076669
AM,2023-07-10,1.0307418456225548,3.44125,1.434688751481274,31069.46028684554,1.9702015442895608,-7.208123100276173,0.9015388450126405,400.23478260869564,3.163034904655314,-13.285097463415893,1.80280876629777,1.9702015442895608,-7.208123100276173
AM,2023-07-11,0.9487228761205471,3.8775,1.6891241394838654,31527.73242972739,2.349789073206433,-7.114976626852582,0.9656434425775305,414.6695652173913,4.804805817919995,-15.923275326886015,2.327224613415653,2.349789073206433,-7.114976626852582
AM,2023-07-12,0.8865748102221488,4.279166666666667,1.9296653133886679,31906.896676133292,2.7095045075885205,-6.956979585436361,1.0199906819490832,416.0739130434783,5.470533792201174,-17.260538277544995,2.8496433123277596,2.7095045075885205,-6.956979585436361
AM,2023-07-13,0.8362742526679197,4.535833333333334,2.1652421301843154,32237.9024788023,2.916528380587409,-6.960590975330835,1.0680751424116506,398.9347826086956,5.523981234116284,-18.063813731208835,3.4136732042723232,2.916528380587409,-6.960590975330835
AM,2023-07-14,0.7916181503874296,4.652083333333334,2.412729048651334,32552.028919599434,2.716545140985084,-6.941538576923476,1.1122470251730667,407.5913043478261,5.379427788762351,-19.047324293445023,4.026125443712878,2.716545140985084,-6.941538576923476
AM,2023-07-15,0.7525960706850175,4.675,2.665325689679199,32843.949789287624,2.310503530094765,-6.967675465666922,1.1543296317031906,409.6818181818182,4.216540325442288,-19.511776352967775,4.691632961868441,2.310503530094765,-6.967675465666922
AM,2023-07-16,0.7262248621600007,4.620416666666666,2.858688294033034,33051.24867223676,1.93368003267741,-7.0926438874993645,1.1903318535776797,397.60434782608695,2.9125350168235116,-18.956725664621807,5.001978764850787,1.93368003267741,-7.0926438874993645
AM,2023-07-17,0.7145161030038498,4.95,2.951608545832797,33146.23167263807,2.928557639723336,-7.243298081673862,1.2085433261740715,401.03913043478263,5.333136428884316,-20.149422537593207,5.104181605279628,2.928557639723336,-7.243298081673862
AM,2023-07-18,0.6982484764261119,5.1970833333333335,3.089674366714407,33281.74329801796,3.6307835705272624,-7.422649354829557,1.2303339825820667,391.6217391304348,6.671747598121623,-20.420344704568972,5.267808268651917,3.6307835705272624,-7.422649354829557
AM,2023-07-19,0.6650949773447985,5.1866666666666665,3.4030876296818535,33569.86442898402,3.322098598202723,-7.613584317108303,1.2820024145102529,268.5090909090909,6.70966896009736,-20.48075303040557,5.590183256426318,3.322098598202723,-7.613584317108303
AM,2023-07-20,0.6231654471958353,5.348333333333334,3.870049678882665,33958.558580760284,3.6269490273407783,-8.053198348996293,1.356441548958687,370.0954545454546,6.934101941461422,-20.160683680728276,6.019143853149209,3.6269490273407783,-8.053198348996293
AM,2023-07-21,0.5929473938733449,5.375416666666666,4.26615568647435,34257.42633049695,3.789731732220337,-8.690739641106367,1.407765841468358,414.12608695652176,7.061623304028667,-20.38014594025323,6.339445205925009,3.789731732220337,-8.690739641106367
AM,2023-07-22,0.5802927305684648,5.2820833333333335,4.450437493398079,34387.95071435429,3.4834455426722086,-8.976151094369262,1.426975516408508,412.39565217391305,5.801444334106465,-19.55942102265416,6.457730093254114,3.4834455426722086,-8.976151094369262
AM,2023-07-23,0.5803145796949027,5.0725,4.450130204474409,34387.72828767516,2.672202697827895,-8.925018743533606,1.4171049620127987,406.2217391304348,3.744477689739838,-18.68505139737916,6.438033602863006,2.672202697827895,-8.925018743533606
AM,2023-07-24,0.5914285547454409,5.264583333333333,4.287199484279226,34272.78769646264,3.367424432679764,-8.70072915781709,1.405965812064522,407.9391304347826,6.983561884126504,-21.120151962656212,6.286381813949377,3.367424432679764,-8.70072915781709
AM,2023-07-25,0.610395172613683,5.341666666666667,4.028807796661683,34082.26512317984,4.132145291317241,-8.877959498697157,1.3683524759844243,409.8565217391304,6.978836583191343,-20.633629512145568,6.0546024694910265,4.132145291317241,-8.877959498697157
AM,2023-07-26,0.6252370296424762,5.345833333333333,3.8411158541898525,33937.49472598545,4.222880132764705,-8.667547489754897,1.3461805548134758,411.10869565217394,7.428622066548522,-20.92033733743721,5.921764990534656,4.222880132764705,-8.667547489754897
AM,2023-07-27,0.6162998280832164,5.390416666666667,3.952897207009394,34024.29359444893,4.351263566083858,-8.814224021883753,1.3593480152390265,410.4391304347826,7.58453900694436,-20.811476615688008,6.078645353327493,4.351263566083858,-8.814224021883753
AM,2023-07-28,0.5910815036010144,5.321666666666666,4.2936998820474654,34276.77692011217,4.02121547830065,-9.188069367962695,1.402882751222641,411.85238095238094,6.528225279602962,-20.07971251042603,6.380301684068229,4.02121547830065,-9.188069367962695
AM,2023-07-29,0.5659991077263122,5.262083333333333,4.676272550632602,34540.2147282697,3.7754935569021346,-9.644096890873689,1.452932657277089,408.2782608695652,6.284619522476897,-20.28373780514155,6.687211461742105,3.7754935569021346,-9.644096890873689
AM,2023-07-30,0.5567194228344909,5.280833333333334,4.830006125258187,34640.94163879179,4.003113926661865,-10.004746506849358,1.4733409358067795,403.8695652173913,6.80082303978443,-20.891122576113126,6.752898344231554,4.003113926661865,-10.004746506849358
AM,2023-07-31,0.5747970105448684,5.357083333333334,4.538259245124034,34446.76869238295,4.608279071800083,-9.984552908749372,1.4360503315789586,407.0782608695652,7.413658054603751,-21.16180179500921,6.459818299632052,4.608279071800083,-9.984552908749372
AM,2023-08-01,0.6137596745408116,5.278636363636363,3.989152561876044,34050.32568259237,4.654377132749002,-9.522776742217076,1.368085035482982,399.5869565217391,NA,NA,NA,4.654377132749002,-9.522776742217076
AM,2023-08-02,0.65315610275571,5.237916666666667,3.525472094480491,33677.01536913406,4.715302141561908,-9.05409302155038,1.2997263205861547,406.3434782608696,NA,NA,NA,4.715302141561908,-9.05409302155038
AM,2023-08-04,0.6929629047164745,5.292916666666667,3.135662851260501,33326.21130028955,5.224024551109579,-8.779433968336052,1.2422306779916379,394.1136363636364,10.373697527917864,-23.969229450257988,5.2623147464422395,5.224024551109579,-8.779433968336052
AM,2023-08-05,0.6993968132640335,4.609583333333333,3.0787502566901246,33271.7263391395,3.3495079132676207,-8.950189696000034,1.2235591556277556,404.1478260869565,5.832286027551971,-21.864532884433576,5.194451213456675,3.3495079132676207,-8.950189696000034
AM,2023-08-06,0.7076855629554705,4.886666666666667,3.009006260387788,33202.91241202107,3.9300195260585697,-8.528567586216765,1.21895746720559,407.89130434782606,8.129095916379976,-23.223960731667745,5.107731945413149,3.9300195260585697,-8.528567586216765
AM,2023-08-07,0.7488452734717177,4.913333333333333,2.693676586923588,32873.806126733776,4.155392334615196,-8.12661466977063,1.167920631932512,400.88695652173914,8.93909920905757,-23.24685049277418,4.517973996171373,4.155392334615196,-8.12661466977063
AM,2023-08-08,0.7902128761053105,4.867083333333333,2.4199956323139826,32561.676476476376,4.231937834470432,-7.830718401357621,1.1201231210650409,410.1565217391304,9.0176524291958,-22.015940510516938,3.911641459419244,4.231937834470432,-7.830718401357621
AM,2023-08-09,0.7969985791948802,4.764583333333333,2.379053623023409,32512.286951780854,3.926260382388932,-7.743831469748095,1.1109748103475197,410.8782608695652,8.444316344820729,-21.648875252396877,3.872808035653592,3.926260382388932,-7.743831469748095
AM,2023-08-10,0.78493481378135,4.4783333333333335,2.4520879770420567,32600.20972995193,3.0347397238074287,-7.838918233707511,1.1205140896395147,409.8304347826087,6.617178993523461,-21.20359572147924,4.0858926623748095,3.0347397238074287,-7.838918233707511
AM,2023-08-11,0.7555999068065238,4.7370833333333335,2.644900490125216,32821.02837862716,3.567125491084298,-7.96520491196247,1.157095586949681,410.4130434782609,7.148697369979034,-21.981692844287103,4.670224062961124,3.567125491084298,-7.96520491196247
AM,2023-08-12,0.7105155103003865,4.917826086956522,2.9877705324706327,33180.43052090979,3.829486660307236,-8.271192951496847,1.2173871682899111,412.1608695652174,NA,NA,NA,3.829486660307236,-8.271192951496847
AM,2023-08-13,0.6615658268253054,5.029583333333333,3.440130860748479,33601.83691543491,3.93214220524941,-8.762247916977852,1.2883393028758792,413.2304347826087,7.393033817349058,-21.878547647679422,5.639062440689933,3.93214220524941,-8.762247916977852
AM,2023-08-14,0.6164645696837406,4.797083333333333,3.9542702239919727,34023.741950953445,3.1125600109505416,-9.509571461078275,1.3563085898112304,411.59565217391304,4.412033797881685,-19.794100792262228,6.099382784093229,3.1125600109505416,-9.509571461078275
AM,2023-08-15,0.5780540158860424,4.83625,4.487772854486143,34412.339006809074,2.522549751977196,-9.592238607333298,1.4244033483529865,411.3695652173913,3.686752980501165,-19.55024580096629,6.537272602279605,2.522549751977196,-9.592238607333298
AM,2023-08-16,0.560094436645496,5.144347826086957,4.77272680808186,34603.95300471953,3.928413920393559,-10.322589215619049,1.4653688445320947,412.7260869565217,NA,NA,NA,3.928413920393559,-10.322589215619049
AM,2023-08-17,0.5770838132411087,5.019166666666667,4.502729897482654,34422.572954541174,3.431524098068684,-9.902687382099744,1.429325905255782,413.0826086956522,5.729020722139958,-20.867061513201243,6.430752103697059,3.431524098068684,-9.902687382099744
AM,2023-08-18,0.6080603028414964,4.867916666666667,4.060050412768534,34105.55391189956,2.983102328516141,-9.309756213295318,1.3736766395511193,414.5130434782609,7.189984635922049,-22.723691913686476,6.067564770473462,2.983102328516141,-9.309756213295318
AM,2023-08-19,0.6241902918255084,5.06125,3.8538679306374672,33947.55604448843,3.467615300422822,-8.853886812175617,1.346223379448738,415.18695652173915,6.1977024153653835,-20.885258770235986,5.930265192692732,3.467615300422822,-8.853886812175617
AM,2023-08-20,0.621674401656545,5.1375,3.884893280042114,33971.855418204585,3.63332407791868,-8.807613670286612,1.3519431326590547,416.2217391304348,6.6095223108261285,-20.816580754985793,5.990662532515049,3.63332407791868,-8.807613670286612
AM,2023-08-21,0.604538726357397,5.175833333333333,4.106220029731667,34140.3981437426,3.624397974089301,-8.989303367085324,1.3818642409117734,416.1434782608696,6.485197552915544,-20.630258389937165,6.207885958992534,3.624397974089301,-8.989303367085324
AM,2023-08-22,0.5810001196471948,5.172083333333333,4.441732207838526,34381.090195957375,3.489833199169176,-9.33633792901815,1.4251085140691933,416.11739130434785,6.126432223110631,-20.47106639075592,6.507118482772553,3.489833199169176,-9.33633792901815
AM,2023-08-23,0.551052401523818,5.290416666666666,4.933602607557847,34704.907364616956,3.946198867995486,-10.023776677751796,1.4881891875045377,416.52608695652174,6.309080695401819,-20.09001868618325,6.947836731589467,3.946198867995486,-10.023776677751796
AM,2023-08-24,0.510825963589339,5.2825,5.7335179241080025,35173.832732498224,3.606066055986828,-10.715802804480724,1.5768886545742278,415.55652173913046,5.6324391362112545,-19.64598254093959,7.601526651424007,3.606066055986828,-10.715802804480724
AM,2023-08-25,0.4711411576719726,5.33125,6.723334066426844,35679.780072085596,3.66799799721244,-11.705330118324357,1.6855490123369687,416.46521739130435,5.7750753746284955,-19.756777850390993,8.32257985152121,3.66799799721244,-11.705330118324357
AM,2023-08-26,0.44285474378186407,5.30875,7.591518560582566,36071.43505908185,3.7574196563347178,-12.803938726953138,1.7712945177933528,416.81304347826085,5.311289934150812,-19.62359270932768,8.893398915937341,3.7574196563347178,-12.803938726953138
AM,2023-08-27,0.4278848206645617,5.324166666666667,8.120742287684179,36290.732733650766,3.977947384976242,-13.505191224699216,1.821135450780978,416.4347826086956,5.541039579364872,-19.83341095220134,9.202656895950192,3.977947384976242,-13.505191224699216
AM,2023-08-28,0.4190545248062446,5.3116666666666665,8.461922730229288,36424.73908291329,3.9277877560490944,-13.861120883134538,1.8488411297106724,412.2260869565217,5.069417576072951,-19.520804276990383,9.429012389551277,3.9277877560490944,-13.861120883134538
AM,2023-08-29,0.41278233209590603,5.377916666666667,8.716772279794025,36521.84251165686,4.416542011601826,-14.341229266390236,1.8711987986127392,413.504347826087,5.9987855388815206,-20.432329298948105,9.57323922101054,4.416542011601826,-14.341229266390236
AM,2023-08-30,0.417496951397525,4.056666666666667,8.53420586085208,36450.230666543845,0.25788495152072327,-15.190941990357269,1.8568121417307148,405.6434782608696,2.1588249438813936,-22.90571508165146,9.25287070477837,0.25788495152072327,-15.190941990357269
AM,2023-08-31,0.5064312348529912,4.411666666666667,5.9701174271490265,35257.34758477101,4.79824183034467,-15.245431115037356,1.6037972993742011,413.7608695652174,6.590627842031592,-25.16125932506925,7.111113142934176,4.79824183034467,-15.245431115037356
AM,2023-09-01,0.7230339385205995,3.625238095238095,2.9882271972265495,33119.44824953492,3.011508323634441,-11.344372775459822,1.206766553538375,413.25652173913045,NA,NA,NA,3.011508323634441,-11.344372775459822
AM,2023-09-02,0.9894762512875958,3.419583333333333,1.5737657894870105,31307.73687003331,3.6789710853808866,-9.372805417845532,0.9396347513815317,415.2739130434783,9.090956386503342,-21.242666219277524,1.7519717270360902,3.6789710853808866,-9.372805417845532
AM,2023-09-03,1.1897686421455096,2.442083333333333,1.0840518636209056,30294.55885336175,2.5125681193472533,-9.108746031250494,0.8122133478978346,416.25217391304346,7.306146309222917,-16.182190090405385,0.9535014804152544,2.5125681193472533,-9.108746031250494
AM,2023-09-04,1.3219947399133114,1.8441666666666667,0.8774788897953477,29731.90503917249,1.3448567102643754,-8.52010906623333,0.7461462245569316,416.7826086956522,4.20929666060659,-11.48313841371442,0.6994435411590938,1.3448567102643754,-8.52010906623333
AM,2023-09-05,1.3908369865262589,1.57625,0.7928940364130508,29465.101793643564,0.5275353998720118,-7.934147222216184,0.7148022134475852,415.32608695652175,2.6301906241907886,-9.15966574453334,0.6257378753071093,0.5275353998720118,-7.934147222216184
AM,2023-09-06,1.405732415254852,1.5204166666666667,0.7762434515197755,29409.467383563166,0.2363424669515046,-7.675798845175723,0.7104769865528703,416.1913043478261,2.226839683142348,-8.740918299835169,0.6193802567317882,0.2363424669515046,-7.675798845175723
AM,2023-09-07,1.384342514464174,1.6995833333333334,0.8001913038346025,29489.40843830102,0.7996434541031128,-7.935464464176279,0.7198233684455391,416.24347826086955,3.7916162639864113,-10.166977288578934,0.618029515141825,0.7996434541031128,-7.935464464176279
AM,2023-09-08,1.3496570700144852,1.8854166666666667,0.8412887450763706,29621.971301474543,1.5563687727142193,-8.484932820488307,0.7283047019447092,410.204347826087,4.2455073074478475,-11.265097505305356,0.7135625358266066,1.5563687727142193,-8.484932820488307
AM,2023-09-09,1.3295087887047654,1.8054166666666667,0.8665329887750859,29700.700611366337,1.535787526744139,-8.763278916955395,0.7378494609496682,415.01304347826084,5.105374009564183,-12.112081653722418,0.7007110914145032,1.535787526744139,-8.763278916955395
AM,2023-09-10,1.3196411654841214,1.8195833333333333,0.8794028860452773,29739.87696079002,1.525059567924442,-8.769674748846663,0.7432801609634564,416.3695652173913,4.951377674897916,-12.337182241470895,0.7324733718295784,1.525059567924442,-8.769674748846663
AM,2023-09-11,1.2892433568240809,1.9675,0.9209926966662886,29862.858448659845,2.040964387404657,-9.10484020686821,0.7589651678638802,417.23478260869564,6.957855049933289,-14.6699656533525,0.803940708962465,2.040964387404657,-9.10484020686821
AM,2023-09-12,1.243003595856536,2.04875,0.9899478725593804,30056.39365603856,2.312470101948327,-9.48615197003122,0.7784693052863714,411.81304347826085,8.30293113958683,-17.126493031498494,0.94970931306133,2.312470101948327,-9.48615197003122
AM,2023-09-13,1.1870446063509632,2.4183333333333334,1.0845141711446746,30302.455191222052,3.145085641858234,-9.781009247663633,0.8089689195673206,415.45652173913044,9.613909840906592,-18.63218386922928,1.1102380469956403,3.145085641858234,-9.781009247663633
AM,2023-09-14,1.1190587418016193,2.69375,1.218718036977714,30620.28828215318,3.3920403177990512,-9.819900797346468,0.8488307119221562,417.24782608695654,9.319647237773944,-19.239966985655908,1.3740948681187817,3.3920403177990512,-9.819900797346468
AM,2023-09-15,1.05044669498629,2.9545833333333333,1.3808027569191066,30964.643284545517,3.641238659567623,-9.946702980472091,0.8912561821533912,416.6478260869565,9.03009314096914,-19.945102298558428,1.7056608999467564,3.641238659567623,-9.946702980472091
AM,2023-09-16,0.9916018543555355,3.4545833333333333,1.546789274281782,31281.484376965866,4.313916915107433,-9.811034687954296,0.9333061111781606,405.2826086956522,9.575313293356272,-21.21254669394809,2.030612157321994,4.313916915107433,-9.811034687954296
AM,2023-09-17,0.9445536824286256,3.37625,1.702260463041686,31551.226260941068,4.381720628532957,-10.514210801603546,0.9699409246116639,410.68695652173915,9.693216233779326,-22.270904064784222,2.361166029710992,4.381720628532957,-10.514210801603546
AM,2023-09-18,0.9029849574179075,3.6687499999999997,1.8603206221333963,31803.179491232284,4.434628027955535,-10.20518375665442,1.001936760744812,414.1217391304348,9.833248544584666,-22.550067727162823,2.7002158883249514,4.434628027955535,-10.20518375665442
AM,2023-09-19,0.865792714365574,4.020416666666667,2.0211086490853734,32040.364913296045,4.533752864959841,-9.751712654859192,1.0311781125898414,412.5086956521739,9.919505681967363,-23.395009163291743,3.069758339925407,4.533752864959841,-9.751712654859192
AM,2023-09-20,0.8375899958970887,3.0258333333333334,2.1572710952807967,32228.276832310243,1.5996183451420432,-9.908048592808012,1.0426362165492904,409.25454545454545,NA,NA,NA,1.5996183451420432,-9.908048592808012
AM,2023-10-02,0.7066697338057981,5.13,3.0289936639967934,33215.80016590178,6.550232098495919,-10.809059707980351,1.2577754259624234,413.6181818181818,NA,NA,NA,6.550232098495919,-10.809059707980351
AM,2023-10-03,0.6272516640175577,4.79625,3.822917310495425,33920.14346442837,4.886412443066359,-11.09353924010276,1.3340262895154757,409.6304347826087,8.929806806366827,-24.58408427206697,6.002753207650192,4.886412443066359,-11.09353924010276
AM,2023-10-04,0.603251430014816,4.694583333333333,4.122793445313689,34153.047108112565,4.91239506118116,-11.91006161068227,1.3783285328101273,408.9,8.537642938668002,-24.620568148062667,6.209526386304737,4.91239506118116,-11.91006161068227
AM,2023-10-05,0.5876492516596286,4.573333333333333,4.341844805759354,34311.66019560558,4.488767758692717,-12.216200955643696,1.4063772961788512,405.5652173913044,7.629855011588405,-24.36962457113566,6.404363655681512,4.488767758692717,-12.216200955643696
AM,2023-10-06,0.5721858516903633,4.515,4.576389436872316,34473.7423516627,4.309001623664501,-12.59433405946598,1.4336366022288154,402.1,6.6642183311658485,-23.72449299514089,6.595507901091406,4.309001623664501,-12.59433405946598
AM,2023-10-07,0.5569816919697316,4.70375,4.826350642023637,34638.269555953055,4.95273792571738,-12.955286907846522,1.4652736331832592,410.33478260869566,8.07785394140071,-24.32958765768923,6.809851748218391,4.95273792571738,-12.955286907846522
AM,2023-10-08,0.5408204066106387,4.789166666666667,5.1153151717272545,34819.05723981892,4.92463230820519,-13.14921874298178,1.4813996027066052,406.31304347826085,7.2002137491180065,-22.97458532841112,7.045839105556997,4.92463230820519,-13.14921874298178
AM,2023-10-09,0.5243439133171276,4.8375,5.437561762895125,35010.02696093556,4.270692785347243,-12.788581576106196,1.5139158459741051,405.0869565217391,6.623072798101999,-22.878166140481095,7.302923218780498,4.270692785347243,-12.788581576106196
AM,2023-10-10,0.5061414411567634,4.672083333333333,5.830516726092165,35229.40166977182,4.345967883774091,-13.896878096634431,1.5667375014290126,406.94347826086954,7.098667766263433,-24.576781291180172,7.596782691070654,4.345967883774091,-13.896878096634431
AM,2023-10-11,0.49672419518871946,3.5966666666666667,6.048938795637389,35346.18127708131,2.256473285576472,-15.933265546581866,1.592851141446281,407.5,1.922309678098208,-21.921473016663448,7.702981481624195,2.256473285576472,-15.933265546581866
AM,2023-10-12,0.5044107646520096,4.400833333333333,5.869480677264191,35250.612525068515,2.709990592172941,-13.199929396632312,1.582838369184725,392.1347826086957,5.667684181259277,-24.443999137564152,7.525333738056668,2.709990592172941,-13.199929396632312
AM,2023-10-13,0.5371640338236834,4.337083333333333,5.198610009768084,34864.268280300035,3.944143082867012,-13.706526476954238,1.5128025068170383,405.32173913043476,5.6515275513533325,-23.696240949610388,6.904128112931474,3.944143082867012,-13.706526476954238
AM,2023-10-14,0.6152397058768596,4.225416666666667,3.9871589040363036,34040.95314696068,3.514311427579899,-11.868295603975856,1.3534675241570922,401.0521739130435,5.247594932716089,-23.639588122528583,5.874131850208384,3.514311427579899,-11.868295603975856
AM,2023-10-15,0.6920784189420305,4.29625,3.1486901218433614,33335.649569142384,3.44856020123685,-10.199749523043812,1.2246034282713292,403.2217391304348,6.207706773882413,-23.646231725866073,5.19903526409963,3.44856020123685,-10.199749523043812
AM,2023-10-16,0.7330717606438037,4.475416666666667,2.806679207899573,32996.65984601461,3.2940495574945947,-8.93739120037828,1.159225060138315,402.6521739130435,6.253854591094207,-22.90760331441436,4.902560618552275,3.2940495574945947,-8.93739120037828
AM,2023-10-17,0.7459206666652881,4.534583333333333,2.7112641082031725,32895.134256254605,2.937675106842372,-8.237110684949329,1.1409152279390908,402.02608695652174,5.957420416961685,-22.081771196352072,4.725109468687392,2.937675106842372,-8.237110684949329
AM,2023-10-18,0.7393553913167553,4.553333333333334,2.759153220968021,32946.647082407755,2.8223423170268553,-8.141075767341407,1.1509881414423404,403.46086956521737,6.055987466625768,-22.662578306222763,4.895174535264385,2.8223423170268553,-8.141075767341407
AM,2023-10-19,0.727480686558734,4.550833333333333,2.8486910386303346,33041.04735597017,3.024666538849247,-8.48647963410035,1.1705884234145658,392.7863636363636,6.377344475003057,-23.07129335244389,4.989911959249783,3.024666538849247,-8.48647963410035
AM,2023-10-20,0.7205032781641647,4.402083333333334,2.9033170384578493,33097.34796239941,3.052050894016532,-9.028265648366771,1.1849076933887068,389.8565217391304,6.382278310801764,-23.81944237974603,5.048653197816417,3.052050894016532,-9.028265648366771
AM,2023-10-21,0.7134463702207404,4.397916666666667,2.960344155468012,33155.008588917946,3.314113246046846,-9.400745218491954,1.195095721896684,395.8478260869565,6.094608521279476,-22.7929985916466,5.107265031449916,3.314113246046846,-9.400745218491954
AM,2023-10-22,0.7027575569386473,4.64375,3.049954901370187,33243.6226173057,3.513435771014957,-9.025280738365856,1.208091113524334,391.82608695652175,6.85284639888959,-23.193491120993,5.204507612275481,3.513435771014957,-9.025280738365856
AM,2023-10-23,0.6896131530567915,4.54875,3.1658826687558594,33354.79983423547,3.335941781154592,-9.331317339012765,1.2276358586377312,398.1434782608696,6.29227814310866,-22.75165237690457,5.322219955998189,3.335941781154592,-9.331317339012765
AM,2023-10-24,0.6724784904831181,4.5225,3.327369962914556,33503.575920320065,3.0496529915730375,-9.393894455320677,1.253984054606523,371.3391304347826,6.159044979798974,-23.34224101554797,5.4819926503213745,3.0496529915730375,-9.393894455320677
AM,2023-10-25,0.6528470521894407,4.319166666666667,3.527822642176349,33679.51453431103,2.9572399221079864,-10.250238119418214,1.287888804370653,233.29565217391306,4.976084961515798,-22.242269418380584,5.6629198649433485,2.9572399221079864,-10.250238119418214
AM,2023-10-26,0.632890990446723,4.53,3.750870769868963,33864.873419407864,2.912204773567616,-9.90200808308148,1.3208075042341607,214.39565217391305,4.94376481363855,-21.629569386649752,5.881003308341218,2.912204773567616,-9.90200808308148
AM,2023-10-27,0.6111481105474311,4.601666666666667,4.019131887301606,34074.87382909332,2.874498622768866,-10.065448093032668,1.3564821096717596,211.50434782608696,4.966440702804478,-21.55528210731017,6.133229796730874,2.874498622768866,-10.065448093032668
AM,2023-10-28,0.5879531843664937,4.64375,4.338233743397243,34308.75361840756,2.7530582133074204,-10.290806841986036,1.3984741484627137,211.6478260869565,4.667212079078758,-21.195561305306665,6.412174210782316,2.7530582133074204,-10.290806841986036
AM,2023-10-29,0.5652308003048823,4.654166666666667,4.689166388450033,34548.596723712486,2.6845152144943927,-10.695090408103122,1.4433521913331988,219.70434782608694,4.4352738975530634,-21.03314439473639,6.703536470510003,2.6845152144943927,-10.695090408103122
AM,2023-10-30,0.544540301209801,4.70125,5.046934214601192,34776.98358662337,2.8332307162011445,-11.176617104843457,1.4878012003028138,224.8695652173913,4.416764568258167,-20.886968269280377,6.997262516753589,2.8332307162011445,-11.176617104843457
AM,2023-10-31,0.526499336780157,4.785,5.393808628106829,34984.67223109214,2.953062889083039,-11.480060187271375,1.5264813485699598,221.2,NA,NA,NA,2.953062889083039,-11.480060187271375
AM,2023-11-01,0.5054497837944316,4.92125,5.847355550549007,35238.148375953206,2.943501456176076,-11.729349184235447,1.5526888108878114,216.0391304347826,3.8421188612403343,-19.451876123883192,7.634868143135444,2.943501456176076,-11.729349184235447
AM,2023-11-02,0.4855012851353906,5.074166666666667,6.329565700557958,35489.554231691145,2.594953742285436,-11.431146752298364,1.60176098254969,216.88260869565218,3.997721553672152,-19.68314715329103,7.9680988570609586,2.594953742285436,-11.431146752298364
AM,2023-11-03,0.4799019143464283,4.9558333333333335,6.474550216524159,35562.08347588633,2.802995038128517,-12.148287220895297,1.6311836666337873,305.5913043478261,4.0596154392561195,-20.095497473595415,8.034099248301677,2.802995038128517,-12.148287220895297
AM,2023-11-04,0.4773874122028498,4.94375,6.542453844590889,35595.20170407898,2.8437471770633733,-12.31555673264628,1.6377890425600996,402.2913043478261,4.010049797614132,-19.943665134593832,8.110843826762078,2.8437471770633733,-12.31555673264628
AM,2023-11-05,0.4660118646210353,4.991666666666666,6.862073084572146,35747.38587179865,2.624884327985999,-12.322904201380844,1.664512725909036,401.95652173913044,3.751708530044502,-19.577573677925592,8.351817483867888,2.624884327985999,-12.322904201380844
AM,2023-11-06,0.45428807003605015,5.0075,7.216299214828341,35908.79773374526,2.604655855714168,-12.64501725753572,1.6989834211419428,402.795652173913,3.747965487076845,-19.664438740725195,8.609540329373194,2.604655855714168,-12.64501725753572
AM,2023-11-07,0.4400294524619959,4.998333333333333,7.685599277591936,36111.85968214695,2.6650073625790824,-13.23261322201945,1.7462891243640788,402.83478260869566,3.733216020696114,-19.683557214343985,8.935455441080068,2.6650073625790824,-13.23261322201945
AM,2023-11-08,0.42514210412239556,5.017916666666666,8.226110827743847,36332.26258843982,2.6910319359697836,-13.765998905299432,1.7940425856078805,402.2739130434783,3.68621598757633,-19.6857507208534,9.30192826410442,2.6910319359697836,-13.765998905299432
AM,2023-11-09,0.4085482794301266,5.01875,8.90019180194682,36589.075440721535,2.937434782314695,-14.656067405186455,1.8587082237982928,403.3565217391304,3.938141896096243,-20.043421675173352,9.752240981054396,2.937434782314695,-14.656067405186455
AM,2023-11-10,0.38846447043537813,4.914583333333334,9.833796097985186,36916.88049942828,2.8023167285924737,-15.82419964781207,1.9405967180825061,404.1434782608696,3.486848361260916,-20.035486444492733,10.35706711611308,2.8023167285924737,-15.82419964781207
AM,2023-11-11,0.36783661057338574,4.867916666666667,10.950403943082533,37274.456557365316,2.6902505950118605,-16.949563565674698,2.0290917691615427,404.38260869565215,3.33374805136289,-20.230213249578252,11.01506290749396,2.6902505950118605,-16.949563565674698
AM,2023-11-12,0.354763856780986,4.9558333333333335,11.755462128146334,37512.99471575054,3.004747710955252,-17.71630852356926,2.074846575425348,401.7173913043478,3.4704933488465213,-20.17260689495386,11.48488010442322,3.004747710955252,-17.71630852356926
AM,2023-11-13,0.3475485518869732,5.00625,12.242195519676068,37649.50798177229,2.947378413634949,-17.896580111936252,2.1055939508876964,401.08260869565214,3.491111938863681,-20.339476041617814,11.898435989186652,2.947378413634949,-17.896580111936252
AM,2023-11-14,0.3364787907065356,4.777916666666666,13.053181042387541,37865.8775892894,2.0528227175672935,-18.72760048509364,2.1585913287310983,399.73478260869564,2.7486794780227295,-21.170459650218948,12.613879909791716,2.0528227175672935,-18.72760048509364
AM,2023-11-15,0.32564544926868805,4.64875,13.919318844908979,38085.08142075455,1.9535300574706933,-19.90793653254821,2.2208429607021807,401.44347826086954,2.3289294544761026,-21.52997972922851,13.200016626831902,1.9535300574706933,-19.90793653254821
AM,2023-11-16,0.33015325082916336,4.746,13.550345200248858,37993.00923487682,2.7701513121772994,-20.10121762113969,2.216123921819658,400.2391304347826,NA,NA,NA,2.7701513121772994,-20.10121762113969
AM,2023-11-30,0.3568753998044898,5.135555555555555,11.617297054892624,37473.52041890738,2.737310809209259,-16.566734588718646,2.058639402053919,377.795652173913,NA,NA,NA,2.737310809209259,-16.566734588718646
AM,2023-12-01,0.358489780241562,5.292916666666667,11.51475537135076,37443.693357598255,3.621677558620461,-16.63376450634335,2.063877132341067,413.75652173913045,4.476445792585556,-19.807748249615717,11.194482059147342,3.621677558620461,-16.63376450634335
AM,2023-12-02,0.371730032823806,4.770416666666667,10.72662443054028,37205.33012863292,2.0899038470530495,-16.651145697301114,1.998980051603097,400.5,1.4070721976091858,-19.033642816427857,10.623834537361228,2.0899038470530495,-16.651145697301114
AM,2023-12-03,0.4267369198221132,4.7508333333333335,8.268274394513414,36324.53614322979,2.6398403416724827,-14.680716675382786,1.809191686962183,383.16521739130434,3.2232625203402256,-20.318970630163,8.801611538726693,2.6398403416724827,-14.680716675382786
AM,2023-12-04,0.5785485548127518,5,4.606769257067231,34440.97117476992,3.498643180498723,-10.257799957243694,1.4213485729756001,351.2869565217391,5.232648444311435,-20.81053188431071,6.124418117834667,3.498643180498723,-10.257799957243694
AM,2023-12-05,0.7609497273320468,4.98625,2.635947655922242,32792.23964171621,2.9845555549779217,-6.847863964711818,1.1217912455996344,387.3590909090909,5.4901270792284835,-19.09270936346276,4.0402021555638825,2.9845555549779217,-6.847863964711818
AM,2023-12-06,0.8732411229806643,4.823333333333333,1.9898082245171635,31993.3516553332,2.390299547038061,-5.5213217397323975,0.994119052991661,389.1391304347826,5.21895053615002,-16.216246398394144,2.79720664049381,2.390299547038061,-5.5213217397323975
AM,2023-12-07,0.9135515046686079,4.7804166666666665,1.8173408597569591,31737.3839226758,2.3032114663837633,-5.1973390685952765,0.9549997151680835,386.204347826087,5.2414562386297785,-15.761629178478568,2.5130821575654614,2.3032114663837633,-5.1973390685952765
AM,2023-12-08,0.9118466537160376,4.53625,1.8240271256924359,31747.84822730796,2.206868785006474,-5.699727746948742,0.9684544904325785,389.52608695652174,5.5722866592032805,-16.848836232228624,2.571206209286984,2.206868785006474,-5.699727746948742
AM,2023-12-09,0.8939722774085781,4.492083333333333,1.8968128213681599,31859.19790903541,2.506838770650414,-6.221828155132422,0.9938069739434391,393.3391304347826,5.553116812540199,-17.059888746804084,2.7345925619852145,2.506838770650414,-6.221828155132422
AM,2023-12-10,0.8784107106606623,4.060833333333333,1.96357311019627,31958.162206570134,1.2702749324861229,-6.353736734840389,1.0022998882741985,381.04347826086956,2.0491868396222155,-14.534979939526991,2.8489982878626168,1.2702749324861229,-6.353736734840389
AM,2023-12-11,0.8831325672227528,4.879583333333334,1.9432155893683098,31928.074044283992,2.557170990395403,-5.44035556726443,0.9829203617719166,380.0304347826087,5.400664945145157,-16.004120902409902,2.76751058695327,2.557170990395403,-5.44035556726443
AM,2023-12-12,0.9313305955053905,4.913333333333333,1.7517557113795736,31630.88469178885,2.646727426906585,-5.041890112474532,0.9404626099473067,380.1217391304348,6.48581291023455,-16.608041152817744,2.311223138327925,2.646727426906585,-5.041890112474532
AM,2023-12-13,0.9965939346727939,4.593333333333334,1.5318114437434307,31253.92882096288,2.686537852516262,-5.415827218332195,0.8915738588640809,376.9260869565218,6.301343849933074,-15.521895398437774,1.884161814039005,2.686537852516262,-5.415827218332195
AM,2023-12-14,1.0408013974635917,4.656666666666666,1.4051556879197984,31014.37560184933,3.1670343371196505,-5.414816706084534,0.8613213548066811,381.28181818181815,8.400870967922597,-17.21798724030861,1.7190774146187535,3.1670343371196505,-5.414816706084534
AM,2023-12-15,1.0621072566192562,4.417916666666667,1.3498378015330126,30903.30397179519,2.7179827688920053,-5.398971944977777,0.8524539700989866,391.17391304347825,7.371302052548474,-15.97319317383522,1.5842255497131466,2.7179827688920053,-5.398971944977777
AM,2023-12-16,1.0798849830040318,3.796666666666667,1.3063829714808628,30812.808632003682,1.2482931896377112,-5.365275679004141,0.8442399128325982,391.33478260869566,1.9113448878568595,-8.374645996601556,1.4809618753110732,1.2482931896377112,-5.365275679004141
AM,2023-12-17,1.1348417165313014,4.6499999999999995,1.1872354581658595,30546.193081863807,0.4312360143810038,-2.116198977046571,0.8022565823416842,340.2217391304348,4.24016033470186,-15.000841938342196,1.171782352272352,0.4312360143810038,-2.116198977046571
AM,2023-12-18,1.3405724154686756,5.036666666666667,0.863103369315906,29670.32966938954,2.3220485728098197,-2.5441485616291337,0.6653938411123388,261.46521739130435,8.094172640699998,-4.642832946144123,0.653163906085531,2.3220485728098197,-2.5441485616291337
AM,2023-12-30,2.16892384455563,1.19625,0.592882152098112,27239.410598347597,1.988014108236436,-12.328850966647073,0.768894941889181,329.09565217391304,5.641245839919173,-11.447653068793036,0.47654620618809135,1.988014108236436,-12.328850966647073
AM,2023-12-31,2.1336246957279297,2.5254166666666666,0.592882152098112,27318.538287628395,1.5339784913629315,-8.755063736160142,0.7495907128529502,275.81739130434784,6.120260360298637,-2.112062777072719,0.38278690191036,1.5339784913629315,-8.755063736160142
AM,2024-01-18,2.338853736119962,4.81875,0.592882152098112,26878.616442432154,NA,-2.686559576028467,0.7932459016310104,265.66521739130434,NA,NA,NA,NA,-2.686559576028467
AM,2024-01-19,2.3542458038886296,4.944583333333333,0.592882152098112,26847.449973997067,NA,-2.9410425231967117,0.7984884740291538,243.38260869565218,NA,NA,NA,NA,-2.9410425231967117
AM,2024-01-21,2.3200164890351713,5.966666666666667,0.592882152098112,26917.096192258003,NA,NA,0.7974621669515961,287.03478260869565,1.5151277888645185,-3.749630049485393,0.43098232200693953,1.5151277888645185,-3.749630049485393
AM,2024-01-22,2.2797965492485606,6.635833333333333,0.592882152098112,27000.45926098828,NA,NA,0.7957784966785083,330.4869565217391,6.571853908052157,-9.196038560606702,0.3557464518878686,6.571853908052157,-9.196038560606702
AM,2024-01-23,2.233848020040686,5.57375,0.592882152098112,27097.82349028452,NA,NA,0.8266712249726818,332.69565217391306,6.232641291731515,-14.241801956662096,0.3687617244770178,6.232641291731515,-14.241801956662096
AM,2024-01-24,2.185169899609163,4.089583333333334,0.592882152098112,27203.561744725594,0.2802258603201406,-3.7152534099634114,0.8491518012196853,342.7695652173913,3.6608699991318807,-7.674247688704418,0.43814631213808414,0.2802258603201406,-3.7152534099634114
AM,2024-01-25,2.1406394709233365,3.8325,0.592882152098112,27302.711011658088,NA,-3.2690962748651247,0.8589082099386888,371.2130434782609,NA,NA,NA,NA,-3.2690962748651247
AM,2024-01-26,2.103672315211008,3.5725000000000002,0.592882152098112,27386.88810874905,NA,-3.9700283380668577,0.8526357146598158,391.5173913043478,0.22062878876612327,-5.528458464073785,0.4482469108073099,0.22062878876612327,-3.9700283380668577
AM,2024-01-27,2.0696849499722436,3.7379166666666666,0.592882152098112,27465.84600730535,0.3748801222652456,-3.912529273073752,0.8387772817104093,400.0652173913044,1.4776342833623812,-6.379180991740038,0.4557209812204251,0.3748801222652456,-3.912529273073752
AM,2024-01-28,2.0365466717903673,4.239130434782608,0.592882152098112,27544.320745086137,0.8394882776589396,-3.1707729484964893,0.815184419466424,399.9782608695652,NA,NA,NA,0.8394882776589396,-3.1707729484964893
AM,2024-01-29,1.9991748508189093,4.102916666666666,0.592882152098112,27634.67403931894,NA,-0.782716441341867,0.7685405279787062,388.80434782608694,5.958792976946931,-8.208073348903365,0.2993613568870848,5.958792976946931,-0.782716441341867
AM,2024-01-30,1.955033839175716,4.372083333333333,0.592882152098112,27743.986192591343,NA,-0.16841288553677877,0.7442467105011711,383.8,8.042421509190621,-14.986692114187164,0.33364715440592263,8.042421509190621,-0.16841288553677877
AM,2024-01-31,1.906327244052734,3.49375,0.592882152098112,27868.00690786104,NA,-3.5886570021170736,0.72789580978957,385.8565217391304,0.7420858945086453,-3.6022576589789472,0.40915979500776534,0.7420858945086453,-3.5886570021170736
AM,2024-02-01,1.855720534918194,4.355,0.592882152098112,28000.870061889073,NA,NA,0.7054144812779531,385.5173913043478,7.520985716176932,-9.83198784805568,0.3073200010929635,7.520985716176932,-9.83198784805568
AM,2024-02-02,1.8048549556358606,4.1575,0.592882152098112,28138.769984476712,NA,NA,0.6907852037785871,393.0478260869565,8.732766409543828,-11.23381292564364,0.2917723930163901,8.732766409543828,-11.23381292564364
AM,2024-02-03,1.7555664620954612,4.022916666666666,0.592882152098112,28276.80736995201,0.7972919143040993,-2.582300790743281,0.6712640218691138,394.2086956521739,10.195111837496029,-13.844382731026046,0.3225780767655871,0.7972919143040993,-2.582300790743281
AM,2024-02-04,1.7090180902025165,3.1208333333333336,0.592882152098112,28411.438191489877,0.3365559947995709,-3.868886112262868,0.657376326854755,397.9913043478261,6.495775665484831,-10.647933638862872,0.374982033354612,0.3365559947995709,-3.868886112262868
AM,2024-02-05,1.6669337791384127,3.3754166666666667,0.592882152098112,28536.860508924852,1.427718375432124,-4.252175008572073,0.6346251404567383,395.3304347826087,7.756539552500858,-12.212811562057516,0.43266295009479816,1.427718375432124,-4.252175008572073
AM,2024-02-06,1.6390711696781306,4.015416666666667,0.592882152098112,28621.92933076812,2.656940805143132,-3.9759529606401336,0.6214940036246174,394.4260869565217,11.7852223261498,-15.60692968419961,0.4618134735744072,2.656940805143132,-3.9759529606401336
AM,2024-02-07,1.6221974260197904,3.9204545454545454,0.592882152098112,28674.312267079607,1.982648230696069,-3.46113684386853,0.6105834143951019,389.9304347826087,NA,NA,NA,1.982648230696069,-3.46113684386853
AM,2024-02-08,1.6094657856648347,3.921666666666667,0.5946954933163423,28714.266021852218,2.0790747230993287,-3.4927553764479087,0.6113180757711556,393.66521739130434,10.571854999701548,-15.090419209993316,0.4410405662484636,2.0790747230993287,-3.4927553764479087
AM,2024-02-09,1.602268504295604,3.7370833333333335,0.5995498338950994,28737.012938486205,2.060789776109799,-3.854769458505245,0.620229817348655,397.7739130434783,10.555140262123096,-14.764669736171497,0.4592636124299239,2.060789776109799,-3.854769458505245
AM,2024-02-10,1.6011234042162847,3.4483333333333333,0.6003955774745471,28740.64314670052,1.5559549348596664,-3.977517175191153,0.6217383305412841,398.45217391304345,9.991328599774452,-14.107221818421472,0.4129554717152804,1.5559549348596664,-3.977517175191153
AM,2024-02-11,1.6023404223260944,3.2808333333333333,0.5994962281157682,28736.78411256282,1.52062790529324,-4.292791313079622,0.6233971729185344,399.18260869565216,9.464225751971153,-14.423092791804098,0.4112094911073943,1.52062790529324,-4.292791313079622
AM,2024-02-12,1.6039993690581107,2.3741666666666665,0.5982728119464269,28731.52803256076,0.6908567351967363,-5.415587725077949,0.6262350156332833,400.24782608695654,4.505968076938686,-9.720084792877955,0.4390909417043431,0.6908567351967363,-5.415587725077949
AM,2024-02-13,1.5998313624906841,3.8670833333333334,0.6013560659219317,28744.749731878837,3.3422408253491995,-4.876276736327459,0.6177915253576662,393.5739130434783,14.124150850406082,-17.862746788044632,0.4796147763317096,3.3422408253491995,-4.876276736327459
AM,2024-02-14,1.5929081293405636,3.5681818181818183,0.6065244521625237,28766.7909808304,2.0344623662030252,-4.283221207480069,0.6129908342311339,390.7695652173913,NA,NA,NA,2.0344623662030252,-4.283221207480069
AM,2024-02-15,1.5842078148944345,3.1154166666666665,0.6131218808745503,28794.661793815612,2.494236646673498,-5.734176535577783,0.6206202594681581,391.45217391304345,12.336214788914068,-16.51377349508573,0.5324161997410528,2.494236646673498,-5.734176535577783
AM,2024-02-16,1.5717561662189443,3.1991666666666667,0.6227450934947852,28834.85066289943,1.7532724033373848,-4.84059933703008,0.6268313076321246,392.2608695652174,8.574349633840503,-13.924578004858809,0.498748357698659,1.7532724033373848,-4.84059933703008
AM,2024-02-17,1.5675029464690449,2.5458333333333334,0.6260775065123991,28848.653026424974,1.0695568131764852,-5.60456643504362,0.6290001144143396,394.23478260869564,4.668688049266044,-9.590505302335371,0.48794577385081855,1.0695568131764852,-5.60456643504362
AM,2024-02-18,1.5761676240396432,2.9545833333333333,0.6193167717990343,28820.580977241174,1.788113444020593,-5.463941707242255,0.6140101131644292,384.2826086956522,9.1004892178586,-14.082830481951245,0.4816851923449736,1.788113444020593,-5.463941707242255
AM,2024-02-19,1.5992698977542663,4.0775,0.6020799500896314,28746.627274600913,3.048616842839693,-4.187678698710282,0.6089714309365407,386.95217391304345,11.37402499193669,-15.20369321261498,0.5135376799004945,3.048616842839693,-4.187678698710282
AM,2024-02-20,1.6382576451393056,4.1433333333333335,0.592882152098112,28624.583704494285,2.0836937939261317,-3.158394750642237,0.6142342134252856,385.0217391304348,8.393119365622761,-11.771822921978975,0.4801834143220852,2.0836937939261317,-3.158394750642237
AM,2024-02-21,1.6842990980994608,3.933333333333333,0.592882152098112,28484.713425085258,1.0206557634487716,-2.7504845902470803,0.632696456982208,381.6,7.813784608275696,-10.526550067049236,0.41416315276506815,1.0206557634487716,-2.7504845902470803
AM,2024-02-22,1.7321261873135472,3.7686956521739132,0.592882152098112,28344.085230160406,0.3472978815825088,-2.6630491394169677,0.6484008002719468,370.2695652173913,NA,NA,NA,0.3472978815825088,-2.6630491394169677
AM,2024-02-23,1.7758720199419737,4.537272727272727,0.592882152098112,28219.307643933458,NA,NA,0.6454515817265174,280.5608695652174,NA,NA,NA,NA,NA
AM,2024-02-24,1.7969952446372408,4.505833333333333,0.592882152098112,28160.29546674313,NA,NA,0.6630036580057836,321.1391304347826,5.906761941370258,-12.098798363217687,0.3293239690884655,5.906761941370258,-12.098798363217687
AM,2024-02-25,1.78789822630618,4.1970833333333335,0.592882152098112,28185.59564206106,NA,NA,0.6790419073542416,375.3565217391304,6.335153422267855,-9.029806341572618,0.3185182304872243,6.335153422267855,-9.029806341572618
AM,2024-02-26,1.765464375236725,4.303333333333334,0.592882152098112,28248.58829754797,NA,NA,0.6709372496478205,381.6478260869565,8.425841292288533,-11.397208183299403,0.34476661741347037,8.425841292288533,-11.397208183299403
AM,2024-02-27,1.7412280266919042,4.035,0.592882152098112,28317.708152611092,0.3738535796444097,-2.039110929646432,0.6711468519288052,390.2909090909091,8.98938683624729,-12.172696604397276,0.3455361318505096,0.3738535796444097,-2.039110929646432
AM,2024-02-28,1.7043623730273754,3.7845833333333334,0.592882152098112,28425.1697783057,0.8801851073405715,-2.9129322211102626,0.6606313364114456,394.30434782608694,10.446890639163282,-15.09335088922257,0.37778256970895807,0.8801851073405715,-2.9129322211102626
AM,2024-02-29,1.6419829494791691,3.5945833333333335,0.5931837675078137,28613.426134539328,2.212511104689664,-4.407963854489428,0.6334810088027658,396.26521739130436,10.983025608602455,-14.656418690189447,0.4491988927616879,2.212511104689664,-4.407963854489428
AM,2024-03-01,1.5620813023446456,3.38,0.630801261957767,28867.0196166342,1.439876657494719,-4.140170247943521,0.6333125056791058,396.74782608695654,8.223794294963584,-13.498959342324692,0.4829407583212253,1.439876657494719,-4.140170247943521
AM,2024-03-02,1.4819897511369995,3.1566666666666667,0.6998406743466324,29136.80827187072,1.909291283110182,-5.3588628521817165,0.6681252886613392,400.9869565217391,7.433327194081921,-13.218674961430072,0.6125718375969231,1.909291283110182,-5.3588628521817165
AM,2024-03-03,1.4126181749488562,3.3962499999999998,0.7691287871444477,29384.53258281175,2.5523778256085174,-5.719841218807414,0.6980566086226733,404.252380952381,9.829360382195626,-16.003892497049886,0.7224403732156499,2.5523778256085174,-5.719841218807414
AM,2024-03-04,1.366948606688731,3.5279166666666666,0.8204104677389257,29555.387532966044,2.72255249794742,-5.793631582997308,0.7152768678043471,402.3652173913043,10.036901913585975,-16.795828042064617,0.801224399853915,2.72255249794742,-5.793631582997308
AM,2024-03-05,1.3474150097695732,2.8608333333333333,0.8439555595779382,29630.555115241223,1.0917640587423594,-5.830108711436175,0.7184816593647818,397.40434782608696,3.7846810438514873,-10.75287585118452,0.7600354159341791,1.0917640587423594,-5.830108711436175
AM,2024-03-06,1.343704539656364,3.4795833333333333,0.8485524414759267,29644.9898940134,2.615965542887954,-5.900226793927978,0.7265167056773295,399.25217391304346,9.102212744159951,-15.529342187258388,0.8260102141137154,2.615965542887954,-5.900226793927978
AM,2024-03-07,1.359761537359621,3.6966666666666668,0.8289453816273845,29582.881775933674,2.6573375887416306,-5.388330862599861,0.7161903611174472,401.365,8.974352118233083,-15.591564993631668,0.7891191894778351,2.6573375887416306,-5.388330862599861
AM,2024-03-08,1.383679406327029,3.30125,0.8008791933739697,29491.81570326363,1.900215212543047,-5.4459609446493875,0.7047088855936893,398.6,6.890550642866967,-13.778454786059388,0.6983604312472415,1.900215212543047,-5.4459609446493875
AM,2024-03-09,1.3991808955555822,2.745833333333333,0.7834563724724869,29433.79137771844,1.5895930049232017,-6.31137087807018,0.7033522335962189,399.2391304347826,5.981479829847003,-12.877672798751304,0.6830488295955139,1.5895930049232017,-6.31137087807018
AM,2024-03-10,1.4415370121354543,3.6,0.7391209605076142,29279.675980076296,2.9641908258680227,-5.607173753655887,0.6806731384081943,395.73478260869564,9.802727123007887,-14.774294289126631,0.6259914653972207,2.9641908258680227,-5.607173753655887
AM,2024-03-11,1.5383618579249447,3.7504166666666667,0.6505762199665889,28945.882316464988,2.0201594993828564,-4.054082739170393,0.6330946760727003,388.7608695652174,8.929280054136433,-13.221151198161431,0.4731841994289008,2.0201594993828564,-4.054082739170393
AM,2024-03-12,1.6451016600220543,2.99375,0.5938692814654866,28604.204937349314,0.961991256192249,-4.55773921493731,0.6224075678819452,385.2260869565217,5.028345624489245,-8.520441013047485,0.432156230499277,0.961991256192249,-4.55773921493731
AM,2024-03-13,1.7394740277442018,2.3533333333333335,0.592882152098112,28323.34799352786,NA,-4.578351254547025,0.6679948763387226,386.18260869565216,2.1511753981786685,-7.287320554203007,0.4358619013833673,2.1511753981786685,-4.578351254547025
AM,2024-03-14,1.8223009242931,2.484166666666667,0.592882152098112,28091.17801407221,NA,-4.491489626445846,0.6999868764697215,371.5,NA,NA,NA,NA,-4.491489626445846
AM,2024-03-18,1.9828548397037828,3.7041666666666666,0.592882152098112,27674.646463878347,0.454002729245969,-3.841193614809623,0.7763914157900044,280.31304347826085,NA,NA,NA,0.454002729245969,-3.841193614809623
AM,2024-03-19,1.987563304129509,2.88625,0.592882152098112,27663.040941864278,1.0599876435717226,-6.339150674007435,0.7688742214864546,373.81739130434784,0.5269200454787181,-4.113176474458923,0.4718944762821168,1.0599876435717226,-6.339150674007435
AM,2024-03-20,1.9843603803402978,4.0008333333333335,0.592882152098112,27670.931734364272,0.6972055354437009,-3.610278982060168,0.7448911409608631,365.54347826086956,NA,NA,NA,0.6972055354437009,-3.610278982060168
AM,2024-03-21,1.9679300704162144,4.092083333333333,0.592882152098112,27711.65349475841,NA,-2.3705702071059966,0.7481828938593399,371.1608695652174,NA,NA,NA,NA,-2.3705702071059966
AM,2024-03-22,1.9467310271634473,3.09375,0.592882152098112,27764.741946398193,NA,-3.0624020964644183,0.7634849622995286,384.8434782608696,NA,NA,NA,NA,-3.0624020964644183
AM,2024-03-23,1.9398397112571988,2.3725,0.592882152098112,27782.133586053707,0.5431789081877036,-6.666891726311664,0.765019920401925,389.32173913043476,NA,NA,NA,0.5431789081877036,-6.666891726311664
AM,2024-03-24,1.9498984113842548,3.305833333333333,0.592882152098112,27756.764937355903,NA,-3.384753996345258,0.7667973716920092,386.2869565217391,NA,NA,NA,NA,-3.384753996345258
AM,2024-03-25,1.9697678704017096,3.5770833333333334,0.592882152098112,27707.077203781966,NA,-2.9515663018302685,0.768706638818163,383.45652173913044,NA,NA,NA,NA,-2.9515663018302685
AM,2024-03-26,1.9884366377570029,2.9908333333333332,0.592882152098112,27660.909351781196,NA,-4.8344739526137515,0.7842093383356901,383.76521739130436,NA,NA,NA,NA,-4.8344739526137515
AM,2024-03-27,2.0064562758146143,4.18,0.592882152098112,27616.84524919421,0.8266403374387409,-3.3621123750283637,0.7663200266928692,235.8318181818182,NA,NA,NA,0.8266403374387409,-3.3621123750283637
AM,2024-03-28,2.033386577317573,3.808333333333333,0.592882152098112,27551.887449341222,NA,-2.708230373898993,0.7940539685533192,334.38695652173914,NA,NA,NA,NA,-2.708230373898993
AM,2024-03-29,2.0844888835574236,3.67875,0.592882152098112,27431.438912584425,NA,-3.434781525822117,0.8155866665947474,353.7260869565217,0.8981450019658065,-8.78921919204543,0.4367804185431005,0.8981450019658065,-3.434781525822117
AM,2024-03-30,2.1581326718489215,2.776666666666667,0.592882152098112,27263.67385280792,NA,-6.160999643836674,0.8354156013876423,369.97826086956525,0.25709786322473777,-7.276923465843836,0.4371459183095801,0.25709786322473777,-6.160999643836674
AM,2024-03-31,2.2317395000735423,2.714583333333333,0.592882152098112,27102.481484135962,0.3235636029895292,-7.1035432063361545,0.8621773465490978,351.1304347826087,NA,NA,NA,0.3235636029895292,-7.1035432063361545
AM,2024-04-01,2.301885526792617,1.6554166666666665,0.592882152098112,26954.59422293216,0.07540556874072313,-9.527163352416348,0.8998703890817973,360.33478260869566,2.064131709744717,-7.829424724358432,0.4246732804967725,0.07540556874072313,-9.527163352416348
AM,2024-04-02,2.3687579725346914,3.1158333333333332,0.592882152098112,26818.497384375187,1.9957156268282064,-8.407275868628076,0.9283299455746284,267.9869565217391,4.003879827233205,-11.15140529700079,0.4688525962221008,1.9957156268282064,-8.407275868628076
AM,2024-04-04,2.510856228305962,3.3545833333333333,0.592882152098112,26543.71816965057,0.22680528899786523,-6.637745286942965,0.999707101882066,238.90869565217392,NA,NA,NA,0.22680528899786523,-6.637745286942965
AM,2024-04-05,2.5691634933663052,2.5883333333333334,0.592882152098112,26436.161975348663,0.7777055320273436,-9.250738726946617,1.018666563858822,238.93478260869566,3.40806113855711,-13.00082913323992,0.401355741922354,0.7777055320273436,-9.250738726946617
AM,2024-04-06,2.6039903270725993,1.9920833333333334,0.592882152098112,26373.245579781564,0.8028796580771742,-10.837204313867298,1.0303267342633444,266.5695652173913,5.164739780016129,-11.5141889225927,0.4169004469723576,0.8028796580771742,-10.837204313867298
AM,2024-04-07,2.6050012907512388,2.4879166666666666,0.592882152098112,26371.43467601862,1.168450323555959,-10.116528418141977,1.019152941390087,246.10434782608695,6.292964067958306,-14.87124618127305,0.4165981686186694,1.168450323555959,-10.116528418141977
AM,2024-04-08,2.570502801227172,1.8179166666666666,0.592882152098112,26433.721523329008,0.23571306327563063,-10.608166452619024,1.0012888322274316,275.2,5.108633800450893,-13.044353154500689,0.36680821987866746,0.23571306327563063,-10.608166452619024
AM,2024-04-09,2.51743422570099,1.12875,0.592882152098112,26531.390206704935,NA,-11.547166412274532,0.9846051024680861,313.704347826087,3.669262053078381,-13.85025199433954,0.381390435444366,3.669262053078381,-11.547166412274532
AM,2024-04-10,2.4747710061494095,0.26125,0.592882152098112,26611.592360878065,0.05080872972112726,-13.49536313866328,0.9759165002480304,346.53913043478263,2.62486451129313,-12.303344714122453,0.3875518943221776,0.05080872972112726,-13.49536313866328
AM,2024-04-11,2.4978698458739452,0.39083333333333337,0.592882152098112,26568.181101056856,NA,-12.805028732324372,1.0044512994343553,337.1478260869565,NA,NA,NA,NA,-12.805028732324372
AM,2024-04-29,3.170301497936451,0.02,0.592882152098112,25472.330989169113,0.21254855081473095,-17.165431210257267,1.3647540019875581,228.0391304347826,NA,NA,NA,0.21254855081473095,-17.165431210257267
AM,2024-04-30,3.0039794586113633,0.02,0.592882152098112,25716.10889080165,0.19033749154125443,-16.362196025666567,1.2843691125512104,259.5217391304348,NA,NA,NA,0.19033749154125443,-16.362196025666567
AM,2024-05-01,2.8476548265313792,0.02,0.592882152098112,25960.17009722148,0.18114114190049793,-15.619458878815852,1.2096446414325266,294.8695652173913,NA,NA,NA,0.18114114190049793,-15.619458878815852
AM,2024-05-02,2.6989973432346965,0.019583333333333335,0.592882152098112,26207.373466823177,0.1762216853711683,-14.919496216020995,1.1391718571712877,327.25652173913045,NA,NA,NA,0.1762216853711683,-14.919496216020995
AM,2024-05-03,2.5577619348871856,0.02,0.592882152098112,26457.479051050148,0.16579576405044194,-14.236768712753795,1.0751022417039362,344.46086956521737,0.02657755035419564,-9.985039974282063,0.4082158916494213,0.16579576405044194,-14.236768712753795
AM,2024-05-04,2.4356887268723306,0.02666666666666667,0.592882152098112,26687.033860248375,0.15212205303731588,-13.645277736189083,1.0168731070676322,350.2913043478261,NA,NA,NA,0.15212205303731588,-13.645277736189083
AM,2024-05-05,2.3294737475493354,0.08791666666666667,0.592882152098112,26898.148148655415,0.06107393766787261,-12.93990171101574,0.9638108834885365,354.74782608695654,NA,NA,NA,0.06107393766787261,-12.93990171101574
AM,2024-05-06,2.22961950188549,0.05291666666666667,0.592882152098112,27107.230418256902,0.05150478138934566,-12.53541789615872,0.9203433990097563,371.3391304347826,NA,NA,NA,0.05150478138934566,-12.53541789615872
AM,2024-05-07,2.141040454926787,0.24333333333333335,0.592882152098112,27302.053169301733,0.16235610390038277,-11.814951264143511,0.8786410577629333,380.8608695652174,NA,NA,NA,0.16235610390038277,-11.814951264143511
AM,2024-05-08,2.072988801707668,0.41875,0.592882152098112,27458.221686395467,NA,-10.661235141904337,0.846405696323199,388.73478260869564,NA,NA,NA,NA,-10.661235141904337
AM,2024-05-09,2.0219776511725187,0.40625,0.592882152098112,27579.355161631614,NA,-10.57447219075906,0.8236727543989258,395.45217391304345,NA,NA,NA,NA,-10.57447219075906
AM,2024-05-10,1.9782030651478633,0.6875,0.592882152098112,27686.230763273972,NA,-9.82473142790635,0.7974921801918645,390.3652173913043,1.9711046642920584,-9.298183510233397,0.4148124436112924,1.9711046642920584,-9.82473142790635
AM,2024-05-11,1.9426228444937694,0.61875,0.592882152098112,27775.15723830537,NA,-9.910547785084711,0.7829818402311659,400.67391304347825,0.6781477850589299,-7.673314414468255,0.43364291849782294,0.6781477850589299,-9.910547785084711
AM,2024-05-12,1.912618945767993,0.8908333333333334,0.592882152098112,27851.66776562649,0.17876662136662613,-9.414443711775446,0.7632586868226763,401.295652173913,1.0806231665931605,-8.664078437698873,0.42730834710655774,0.17876662136662613,-9.414443711775446
AM,2024-05-13,1.8923765460344957,0.7116666666666667,0.592882152098112,27904.051871421856,0.01577229659348655,-9.560318605202792,0.753621990360934,399.2391304347826,0.6577563917261157,-8.003777862399104,0.4325347371416268,0.01577229659348655,-9.560318605202792
AM,2024-05-14,1.9040847963729743,0.45208333333333334,0.592882152098112,27873.727591884137,NA,-9.701233167948446,0.7624952333073413,398.54347826086956,1.5049221637822383,-9.54942929506562,0.41331782667650474,1.5049221637822383,-9.701233167948446
AM,2024-05-15,1.9664433405054171,0.06083333333333333,0.592882152098112,27715.81687319998,NA,-11.016108608781726,0.7951676734831974,407.1695652173913,0.24405811578628264,-8.272102627262278,0.4244952747949145,0.24405811578628264,-11.016108608781726
AM,2024-05-16,2.070045881164368,0.05333333333333334,0.592882152098112,27465.67079236444,NA,-11.57439986888814,0.8460886034902515,406.7086956521739,0.1306232007772479,-8.583703151118312,0.4162787616584046,0.1306232007772479,-11.57439986888814
AM,2024-05-17,2.187117353313962,0.019583333333333335,0.592882152098112,27199.868411408297,NA,-12.213405863227475,0.9039645149737936,407.74782608695654,0.12898373016067116,-9.121325703258838,0.42115349005973807,0.12898373016067116,-12.213405863227475
AM,2024-05-18,2.3087990320225122,0.02291666666666667,0.592882152098112,26940.787904451514,NA,-12.768671916688982,0.9602397786255239,402.96521739130435,0.16989806219537812,-9.392807398643903,0.4105835610669149,0.16989806219537812,-12.768671916688982
AM,2024-05-19,2.437031364022391,0.02,0.592882152098112,26684.622186452474,NA,-13.333959240065898,1.0238082632483023,401.60434782608695,0.08347926529964855,-9.78747888118479,0.40809929471853934,0.08347926529964855,-13.333959240065898
AM,2024-05-20,2.568759304948539,0.02,0.592882152098112,26437.38136122183,NA,-13.93140452725236,1.089130892881575,397.61739130434785,0.10002274504192891,-10.157626831710402,0.4037776774315899,0.10002274504192891,-13.93140452725236
AM,2024-05-21,2.6912112977738216,0.02,0.592882152098112,26220.5275505019,NA,-14.495404718095278,1.150607350919332,395.495652173913,0.10213444652466762,-10.575593584956842,0.4023217210111678,0.10213444652466762,-14.495404718095278
AM,2024-05-22,2.812508199096624,0.02,0.592882152098112,26017.04997096001,NA,-15.034048232827908,1.2125822815389267,385.23478260869564,0.07530799047885388,-10.750202049896252,0.3932796916347062,0.07530799047885388,-15.034048232827908
AM,2024-05-23,2.9505848246473536,0.02,0.592882152098112,25797.65646149289,NA,-15.630315685166403,1.284843161184847,353.03913043478263,0.11535281259601048,-11.151606425203347,0.38547742765684223,0.11535281259601048,-15.630315685166403
AM,2024-05-24,3.0907726858552773,0.02,0.592882152098112,25586.73838140219,NA,-16.247147272240696,1.3662154998865867,256.60869565217394,0.09562061735013729,-11.26692343512915,0.3745133317348332,0.09562061735013729,-16.247147272240696
AM,2024-05-29,3.2199238681123887,0.02,0.592882152098112,25401.994522109366,0.05052864545105251,-16.9183382527577,1.4568315924086312,234.02173913043478,NA,NA,NA,0.05052864545105251,-16.9183382527577
AM,2024-05-30,3.128293801828652,0.02,0.592882152098112,25532.045839828785,0.11252908232908936,-16.602062204015226,1.4006286172982576,288.3565217391304,NA,NA,NA,0.11252908232908936,-16.602062204015226
AM,2024-05-31,3.0265895243195415,0.02,0.592882152098112,25681.651026641608,0.11406760292367207,-16.153599533963803,1.3453951780566984,296.8782608695652,NA,NA,NA,0.11406760292367207,-16.153599533963803
AM,2024-06-01,2.9369083334745105,0.02,0.592882152098112,25818.469476016835,0.08815301554046462,-15.743063584123858,1.2944256308684805,310.11304347826086,NA,NA,NA,0.08815301554046462,-15.743063584123858
AM,2024-06-02,2.8681594150071543,0.02,0.592882152098112,25926.731184493226,0.06316672794463951,-15.440682936231504,1.2519091878019013,331.11304347826086,NA,NA,NA,0.06316672794463951,-15.440682936231504
AM,2024-06-03,2.8073601528033167,0.02,0.592882152098112,26025.118242285793,0.06458607593472365,-15.19095611811361,1.2158151610996841,348.81739130434784,NA,NA,NA,0.06458607593472365,-15.19095611811361
AM,2024-06-04,2.737168046639045,0.019583333333333335,0.592882152098112,26141.923968071398,0.08263462110347579,-14.909221364292986,1.176689526817954,366.12608695652176,NA,NA,NA,0.08263462110347579,-14.909221364292986
AM,2024-06-05,2.6514257276959894,0.019583333333333335,0.592882152098112,26289.493723390875,0.10232983618416752,-14.548723195601816,1.1318986009482848,381.8478260869565,0.0471706243562135,-10.103611442895064,0.39688206578102553,0.10232983618416752,-14.548723195601816
AM,2024-06-06,2.5529582411316953,0.018333333333333333,0.592882152098112,26466.027684709414,0.11337285392317102,-14.119563981945154,1.0822313483906423,394.5,NA,NA,NA,0.11337285392317102,-14.119563981945154
AM,2024-06-07,2.450772541178746,0.0175,0.592882152098112,26657.82783234467,0.11639346484055409,-13.65956562498886,1.0322190685502088,404.39565217391305,NA,NA,NA,0.11639346484055409,-13.65956562498886
AM,2024-06-08,2.351419895530167,0.05291666666666667,0.592882152098112,26853.556490237428,0.15647816623418262,-13.16545187741513,0.9843572334208286,410.8304347826087,0.2894999496779837,-9.576695499966116,0.4159941857896608,0.15647816623418262,-13.16545187741513
AM,2024-06-09,2.248586120186752,0.08291666666666667,0.592882152098112,27066.78035377498,0.21649829347360736,-12.690175421440712,0.9350705933574811,414.2608695652174,0.6302558653298665,-9.568882267685108,0.4117800883437987,0.21649829347360736,-12.690175421440712
AM,2024-06-10,2.134735469009162,0.21458333333333332,0.592882152098112,27316.68645572142,0.4703131852542821,-12.127897894962924,0.8818683875826606,418.6695652173913,NA,NA,NA,0.4703131852542821,-12.127897894962924
AM,2024-06-11,2.014906721050489,0.6160869565217392,0.592882152098112,27597.226563931425,NA,-9.875003110117689,0.8246904069070609,420.0739130434782,NA,NA,NA,NA,-9.875003110117689
AM,2024-06-12,1.8897009021278077,0.9852173913043478,0.592882152098112,27912.150775333164,0.3735899642184628,-9.241384104973234,0.7640305607575617,421.3304347826087,NA,NA,NA,0.3735899642184628,-9.241384104973234
AM,2024-06-13,1.7653734400193344,0.7204347826086956,0.592882152098112,28249.973811975884,0.5786113753256169,-9.500252004184196,0.7038999243763754,421.96521739130435,NA,NA,NA,0.5786113753256169,-9.500252004184196
AM,2024-06-14,1.644096857499637,0.8670833333333333,0.595130605164782,28607.711050049023,0.3313254790523225,-8.439060541501654,0.6486709772190382,420.3,NA,NA,NA,0.3313254790523225,-8.439060541501654
AM,2024-06-15,1.525895219660977,0.8425,0.6611538760583624,28987.613284380306,NA,-8.140784065786612,0.6599152433576113,420.0739130434783,NA,NA,NA,NA,-8.140784065786612
AM,2024-06-16,1.4182305909685677,1.0154166666666666,0.763659104037316,29364.662706813175,NA,-8.163701489462602,0.6984359610552417,419.3434782608696,0.3465818152010404,-8.57765153278501,0.6533150759385054,0.3465818152010404,-8.163701489462602
AM,2024-06-17,1.3286645891414428,1.9875,0.8684628035309457,29705.057667985828,1.9131232339622504,-8.723536112716296,0.7358670862312984,418.5652173913043,3.829728015613026,-8.624280836310417,0.8227319258575513,1.9131232339622504,-8.723536112716296
AM,2024-06-18,1.2481083045140418,3.004583333333333,0.98248372869319045,30035.18317191451,0.1859954098526504,-5.067755528638537,0.7726691980399573,418.11739130434785,0.7040511441884929,-8.483544342598572,0.985496987439847,0.1859954098526504,-5.067755528638537
AM,2024-06-19,1.1769439828497534,3.1325,1.1030984432753488,30348.394583985122,0.2844942469388001,-5.2839052705401075,0.8091938227375428,417.7826086956522,0.5757481611576087,-8.8221241083438,1.1797474452615997,0.2844942469388001,-5.2839052705401075
AM,2024-06-20,1.1083196980995158,3.27125,1.2420665144315837,30672.463071791928,0.16357270796539866,-5.273006348434193,0.8492701053638547,417.7782608695652,0.4617772534758682,-9.609213012731994,1.4243788180002888,0.16357270796539866,-5.273006348434193
AM,2024-06-21,1.0450910672407832,3.435,1.3945384400401817,30992.422937082047,0.15527986413127134,-5.311690973286634,0.8903660739612044,417.8434782608696,0.372418552452964,-10.6340168432164,1.6971577236941826,0.15527986413127134,-5.311690973286634
AM,2024-06-22,0.9917822085472444,3.567083333333333,1.5461372151809205,31280.40895594683,0.3222449812253336,-5.548250934329413,0.931238460322233,419.6913043478261,0.6109251324054531,-11.640347374139326,1.9922923272648452,0.3222449812253336,-5.548250934329413
AM,2024-06-23,0.9442708128905205,3.6766666666666667,1.7033436298547053,31552.94697625198,0.3890477622267096,-5.7385247334894025,0.9690062772088239,419.6695652173913,0.6775927142048273,-12.551035815182846,2.316364128539003,0.3890477622267096,-5.7385247334894025
AM,2024-06-24,0.9015210905641581,3.832173913043478,1.8663697189135966,31812.350552417764,0.5128707340819568,-5.855899898551506,1.0043031865667336,418.4956521739131,NA,NA,NA,0.5128707340819568,-5.855899898551506
AM,2024-06-25,0.8575648419105238,3.9770833333333333,2.0602348250987847,32094.859680568123,0.5482221639769383,-5.935500251826533,1.0468965678916804,418.9086956521739,2.0867937817187583,-16.95717537502387,3.1214939768997785,0.5482221639769383,-5.935500251826533
AM,2024-06-26,0.8130032047628076,3.985,2.2889726851238827,32398.96771826305,1.1399805574557866,-7.010755057345159,1.0919794777074794,418.88260869565215,1.0253774450709845,-16.168656695075637,3.701364516867251,1.1399805574557866,-7.010755057345159
AM,2024-06-27,0.7784652859337619,4.109166666666667,2.492835337635965,32648.104059722053,0.6444270532246429,-6.609384859785957,1.126549276602308,417.52608695652174,0.8388106751266983,-17.04549874983778,4.200983308957576,0.6444270532246429,-6.609384859785957
AM,2024-06-28,0.7531361580609978,4.127083333333333,2.660968770171765,32839.5285899719,0.35320484373010047,-6.595750138594163,1.1582590921022229,324.40000000000003,0.5276112346328355,-18.08158270005861,4.657090638790623,0.35320484373010047,-6.595750138594163
AM,2024-07-04,0.7458365955814936,4.3220833333333335,2.717731098045509,32898.31495766935,1.2535907810266091,-6.985692833971384,1.1751843026755435,401.075,2.044157280496932,-18.457436262018003,4.4891118924478075,1.2535907810266091,-6.985692833971384
AM,2024-07-05,0.8315135812428294,4.195,2.1952934948636376,32273.32205849959,1.172180197711803,-6.237013879389732,1.0751641435200598,406.82608695652175,1.829739725781617,-15.361645763187513,3.165906763337059,1.172180197711803,-6.237013879389732
AM,2024-07-06,0.9211581995444335,4.060833333333333,1.7908853781576501,31692.8056285615,1.091898817500656,-5.61326762253467,0.991450620149215,409.1,2.0853111293374247,-13.597611431742362,2.3478687297655387,1.091898817500656,-5.61326762253467
AM,2024-07-07,0.9726776270855143,3.9370833333333333,1.6059387008880057,31387.64535567231,0.9316769795821568,-5.330558953859182,0.9485672345458076,408.6217391304348,2.526767729539196,-13.161832822258672,2.0399130177348224,0.9316769795821568,-5.330558953859182
AM,2024-07-08,0.9749428788678279,3.9370833333333333,1.5983703417130044,31374.595687428075,0.9668289321818144,-5.350706285387908,0.9456334598126629,407.6434782608696,1.90585901663412,-12.476708643943832,2.0628850506700984,0.9668289321818144,-5.350706285387908
AM,2024-07-09,0.9624668073241652,3.9175,1.6394663784120924,31446.063335014474,0.7958616663314974,-5.355849194971657,0.9519446939802887,405.795652173913,2.0128410748716203,-12.999998276074445,2.1381199319349404,0.7958616663314974,-5.355849194971657
AM,2024-07-10,0.9625372949473535,3.9729166666666664,1.639217762160042,31445.648343180237,1.013671112446722,-5.423794172940609,0.9523973624399149,405.81739130434784,1.7759452714597053,-12.439202398196157,2.1206856176165303,1.013671112446722,-5.423794172940609
AM,2024-07-11,0.9704853742427595,4.1,1.6128874845628085,31400.015665231087,1.301442968606893,-5.297234992303855,0.9483784837559809,409.05652173913046,2.5349329394458056,-12.66182434213835,2.062917549238297,1.301442968606893,-5.297234992303855
AM,2024-07-12,0.9907786730503454,4.074166666666667,1.5485926489166475,31285.550873285254,1.1404754292016206,-5.042095610983013,0.9329654491000178,408.4217391304348,2.881137932384408,-12.937277695327571,1.9183690406892815,1.1404754292016206,-5.042095610983013
AM,2024-07-13,1.028824369902421,4.013333333333334,1.4380033360064537,31078.180364735428,1.2982282147992057,-5.062037414517044,0.9069540795756446,409.5739130434783,3.306917415239622,-12.756363377943568,1.701247157504424,1.2982282147992057,-5.062037414517044
AM,2024-07-14,1.0749698543756723,3.85625,1.3186090089746334,30838.00403447227,1.2427977626255289,-5.084536155712263,0.8751319675931255,407.3565217391304,3.287659684034378,-12.10665345067904,1.4832065002609864,1.2427977626255289,-5.084536155712263
AM,2024-07-15,1.1074673527829044,3.78625,1.242926649890854,30675.73580424868,1.0955036039100166,-4.903143298593833,0.8529343387244467,406.3565217391304,2.749246563314307,-11.169974058438116,1.37107806412016,1.0955036039100166,-4.903143298593833
AM,2024-07-16,1.111112874155735,3.68,1.2348440251428228,30657.880963765914,0.8082766855271902,-4.86486997009595,0.8491385344455081,405.61739130434785,2.1106141203990285,-10.647236628286748,1.3714036237333989,0.8082766855271902,-4.86486997009595
AM,2024-07-17,1.0795768121738873,3.78625,1.3076652928530519,30814.818281272754,0.986813986174525,-4.99092085950524,0.86828432820311785,405.9130434782609,2.518108198212107,-11.362183833433816,1.5299845003552062,0.986813986174525,-4.99092085950524
AM,2024-07-18,1.018766896700635,3.8716666666666666,1.4671320339968308,31132.923389874115,0.9194006254068282,-5.144613986050216,0.9098392260592768,406.47391304347826,2.158699100631113,-12.079449714062816,1.8525361410646184,0.9194006254068282,-5.144613986050216
AM,2024-07-24,0.8786518454305243,4.150416666666667,1.9640170926573024,31957.483402179467,0.9118311256492247,-5.607991178719314,1.025518874797955,406.5739130434782,1.97993844017265,-14.72589099853784,2.9120154887308605,0.9118311256492247,-5.607991178719314
AM,2024-07-25,0.8444550935569973,4.673333333333334,2.1226165461460713,32181.71566257176,2.535758719722044,-6.090971270934128,1.0505524236878518,404.34444444444443,NA,NA,NA,2.535758719722044,-6.090971270934128
GB,2022-04-27,0.5863220336434449,5.710714285714285,5.718697534195981,91163.2433637584,17.516563538666002,-16.86585632301033,0.24345047650963964,380.09202813599063,NA,NA,NA,17.516563538666002,-16.86585632301033
GB,2022-04-28,0.5818330611560665,5.5183333333333335,5.718697534195981,91731.34904395926,12.343704828705045,-15.007958050791384,0.23899550093854366,376.51153846153846,4.287642126760629,-20.45490090093447,8.095444487269194,12.343704828705045,-15.007958050791384
GB,2022-05-23,0.5350429664657232,5.690714285714286,5.718697534195981,98165.2897057961,18.21227786149513,-11.540679943651028,0.20832630384223885,380.74285714285713,NA,NA,NA,18.21227786149513,-11.540679943651028
GB,2022-05-24,0.5378940929103845,5.30375,5.718697534195981,97743.59797230797,10.226739902921103,-10.794820318037274,0.20853704545756607,379.81739130434784,3.0918612170802713,-17.61790043091443,7.2631182994874,10.226739902921103,-10.794820318037274
GB,2022-05-25,0.5337509860561239,5.326666666666666,5.718697534195981,98357.21476638531,10.885652814568074,-10.864603432084156,0.20573180872636654,380.3086956521739,3.7123439924817183,-19.72129094841927,8.103128941408333,10.885652814568074,-10.864603432084156
GB,2022-05-26,0.5287518365287117,5.305,5.743638213671823,99107.9520542226,11.10978564861722,-11.380522882843271,0.20257184916216195,379.2913043478261,3.3881354983072307,-19.428984769870866,8.139311420859425,11.10978564861722,-11.380522882843271
GB,2022-05-27,0.5257792900678927,5.2316666666666665,5.84018892472448,99560.6621152075,9.312171791839372,-11.041254914111631,0.20363799052495352,379.1304347826087,2.821451987687458,-18.603147833843177,7.912246328690886,9.312171791839372,-11.041254914111631
GB,2022-05-28,0.5220281787413363,5.255416666666667,5.977619616462532,100138.94375957419,8.083230087778364,-9.4771235500028,0.20608638862293627,380.0521739130435,2.289276308640014,-17.133653704575888,7.548184230264715,8.083230087778364,-9.4771235500028
GB,2022-05-29,0.517388629828796,5.279583333333333,6.153327452343141,100864.35184400229,7.626969834628784,-8.711592965033539,0.20895171599964787,380.5173913043478,2.239347282438324,-16.434083582214228,7.311209831834334,7.626969834628784,-8.711592965033539
GB,2022-05-30,0.512841544074592,5.29625,6.3321348864208,101586.78871430327,8.602849439850177,-9.5233348095038,0.21161366860911307,379.4826086956522,2.8349978050746105,-18.47265758013567,8.123130180907769,8.602849439850177,-9.5233348095038
GB,2022-06-30,0.47059766934818426,5.337391304347826,8.36927541337971,108898.14453855826,10.368837105423266,-12.000506738299,0.2396945615730424,383.2130434782609,NA,NA,NA,10.368837105423266,-12.000506738299
GB,2022-07-01,0.4725656646164016,5.35,8.256588523982897,108531.1778311593,9.703857399841256,-10.979274058975772,0.23836806312563258,383.31739130434784,2.5302091338819377,-15.835701004783743,7.626702553567655,9.703857399841256,-10.979274058975772
GB,2022-07-02,0.4732880284762568,5.310833333333333,8.215730926194793,108397.1826382552,10.231343484545324,-12.316481233900753,0.23721662220993203,382.68260869565216,2.1948956770299293,-16.67318402796657,8.240126920290772,10.231343484545324,-12.316481233900753
GB,2022-07-03,0.47405923491320967,5.201666666666666,8.172480822655512,108254.64572721276,6.951519183458403,-11.254521662268433,0.23657754306191564,382.5913043478261,1.655791705885376,-17.114641228913463,8.482646948542653,6.951519183458403,-11.254521662268433
GB,2022-07-04,0.4759824440786277,5.296666666666667,8.065880180293119,107900.96159838105,8.236079333315564,-10.438327119943422,0.23623227342715084,384.1347826086957,2.4233823050918706,-16.65542463045076,7.988871648638731,8.236079333315564,-10.438327119943422
GB,2022-07-05,0.47908988620707177,5.318333333333333,7.897611474562638,107335.15244960909,9.697931937443167,-10.337362864408748,0.23378993400544235,383.45652173913044,2.504667225766605,-16.72097512101707,8.020809037933379,9.697931937443167,-10.337362864408748
GB,2022-07-06,0.48567879654237806,5.325833333333334,7.556185658662146,106157.78089421404,9.017846844918624,-9.23452587643199,0.22934619123320804,383.504347826087,2.5590335990812902,-18.09549055331186,8.616159750651935,9.017846844918624,-9.23452587643199
GB,2022-07-07,0.4943573232985006,5.34875,7.133756062584328,104647.86182692481,9.6844104960884,-9.12350013872114,0.2235165573454066,383.62608695652176,2.802310936199176,-17.907850968859726,8.281339097499913,9.6844104960884,-9.12350013872114
GB,2022-07-08,0.4980399434464034,5.31625,6.963153321743122,104020.4589641239,9.100599988519065,-9.074947419902044,0.22059233850292323,382.4,2.406887294099737,-18.074057001585352,8.468110662279056,9.100599988519065,-9.074947419902044
GB,2022-07-09,0.49581796334706996,5.2975,7.065125367570265,104397.50729760875,8.75199721853401,-9.15946142948129,0.22229560320821323,382.4347826086956,2.614695776896594,-18.271062443143652,8.444652412384613,8.75199721853401,-9.15946142948129
GB,2022-07-10,0.49281224100375776,5.210833333333333,7.205754288027398,104911.75971568548,7.737458349800166,-10.013732647784014,0.22354076347804777,381.17391304347825,2.110395698340832,-19.655405815984057,9.281718855045083,7.737458349800166,-10.013732647784014
GB,2022-07-11,0.4934157730607556,5.22375,7.177323993631883,104808.20021415586,7.607584057090742,-9.59642632075787,0.2232726884562088,379.8782608695652,2.089238932762992,-19.025146009244978,8.932661228486333,7.607584057090742,-9.59642632075787
GB,2022-07-12,0.49901911782301006,5.215833333333333,6.9197725502069884,103856.77267429806,7.784881744232739,-9.66703364002445,0.2204708521712698,384.2130434782609,2.4663971664244886,-19.195329375050974,8.77045522752152,7.784881744232739,-9.66703364002445
GB,2022-07-13,0.505965809458636,5.2316666666666665,6.615873739915432,102701.85125767796,6.562164564686214,-8.947819701349388,0.2158408214740866,382.80625,2.4938353127022914,-19.181832617663343,8.623772595432946,6.562164564686214,-8.947819701349388
GB,2022-07-14,0.5100196774173992,5.3029166666666665,6.44634029545153,102040.66097732756,8.605026404539805,-10.513921277534878,0.21359577461121138,385.0130434782609,2.5594608300254498,-17.727604769059514,7.974282044522615,8.605026404539805,-10.513921277534878
GB,2022-07-15,0.5116048124742577,5.289583333333333,6.381669859282963,101784.82919616888,8.358608029383877,-10.474259221590325,0.2124609290619463,382.31304347826085,2.245287922384218,-17.069726876041695,7.726109547661591,8.358608029383877,-10.474259221590325
GB,2022-07-16,0.5118797548414126,5.3125,6.370544416914121,101740.60974753667,9.440475965896145,-11.125448507084345,0.2119297567327288,382.2869565217391,2.775490842498382,-18.52410382605071,8.289923649369735,9.440475965896145,-11.125448507084345
GB,2022-07-17,0.5112270514790044,5.300416666666667,6.396988785915255,101845.64090427355,8.756863851244853,-10.682131954030732,0.21259247013598292,383.0173913043478,2.3961078737742767,-17.479890605752058,7.90641559893533,8.756863851244853,-10.682131954030732
GB,2022-07-18,0.5098721480933421,5.179583333333333,6.452345816887143,102064.44905782999,6.791757706943228,-11.121317589001649,0.21279898040029693,381.7608695652174,1.940757546224688,-19.1021176848674,8.673810042815601,6.791757706943228,-11.121317589001649
GB,2022-07-19,0.5081490974306229,5.203333333333333,6.523603455335453,102344.15223323402,7.558602890780859,-11.48465781373517,0.21411647777257314,381.2,2.109236592665415,-19.08435747321469,8.662869103138247,7.558602890780859,-11.48465781373517
GB,2022-07-20,0.5078098141759191,5.282916666666667,6.537738236655713,102399.40111128207,9.387606405887224,-9.521720540623742,0.21445779478381058,383.24347826086955,2.756140333791739,-19.820414535803703,8.987807514191305,9.387606405887224,-9.521720540623742
GB,2022-07-21,0.5094129982855048,5.1883333333333335,6.471247228816301,102138.83742334355,6.744434149209094,-8.638519890816179,0.2136345272560423,383.5130434782609,1.949894817522127,-17.593836112623254,7.948224648228272,6.744434149209094,-8.638519890816179
GB,2022-07-22,0.5107326594015164,5.167916666666667,6.4171012118148925,101925.33574796049,6.485779626402044,-8.71734452871248,0.21291755327744552,384.1608695652174,2.0654982466011025,-18.19847079117771,8.11824724008617,6.485779626402044,-8.71734452871248
GB,2022-07-23,0.5121222607040449,5.218333333333334,6.360874928805125,101701.85058541203,7.739239283746248,-8.939588686806053,0.21232577990749651,384.1347826086957,2.552196300685605,-18.465213117966204,8.09552717846506,7.739239283746248,-8.939588686806053
GB,2022-07-24,0.5173661585334396,5.178333333333334,6.154778659470128,100868.91108189005,7.395133950206915,-9.204145058060368,0.20868664326427866,385.3086956521739,1.9799645395351164,-17.302397685440475,7.660692107210898,7.395133950206915,-9.204145058060368
GB,2022-07-25,0.5277030102306247,5.213333333333333,5.803178208254083,99270.06666066943,6.935197368341088,-7.771110227646709,0.20445234896599118,386.30434782608694,2.0229098075524656,-15.435926711824964,6.581972373160208,6.935197368341088,-7.771110227646709
GB,2022-07-26,0.5426222772206193,5.220833333333333,5.718697534195981,97061.72921774088,7.56344937092069,-8.643228048584989,0.2119889528685539,385.7173913043478,2.3308082319349,-16.688146767430098,6.860395725008793,7.56344937092069,-8.643228048584989
GB,2022-07-27,0.5696640410918796,5.170833333333333,5.718697534195981,93334.54484757067,6.637192009105129,-9.578091926147216,0.23142940530586012,385.1391304347826,2.3041338897033605,-17.20264004393413,6.639977022685272,6.637192009105129,-9.578091926147216
GB,2022-07-28,0.6048300951310628,5.166666666666667,5.718697534195981,88915.44400148364,7.084084062550842,-11.28324347702078,0.25800524414381526,382.33478260869566,3.047806927886146,-20.382397787511668,7.270240034578958,7.084084062550842,-11.28324347702078
GB,2022-07-29,0.6201186399400316,5.127083333333333,5.718697534195981,87124.60355862607,7.231726271742614,-12.5789145971339,0.270039233163506,383.26521739130436,2.566847108416335,-18.84430830006542,6.718510368131044,7.231726271742614,-12.5789145971339
GB,2022-07-30,0.6092071023187327,5.104166666666667,5.718697534195981,88388.21432379294,6.601294286512313,-11.987091884678607,0.261370824988538,384.1347826086957,1.9873941111168587,-17.36477773908499,6.4274549672941514,6.601294286512313,-11.987091884678607
GB,2022-07-31,0.5926403334180579,5.0808333333333335,5.718697534195981,90379.68671698691,6.229863788926182,-11.479956805919995,0.24887824285099341,379.17391304347825,2.04419979555159,-17.100413862412363,6.428922430951558,6.229863788926182,-11.479956805919995
GB,2022-08-01,0.5802953069478357,5.1154166666666665,5.718697534195981,91929.50183447108,6.797005035117389,-10.74714168759567,0.23928512616863315,372.93,2.200957309423866,-18.628795031847247,7.203196956452572,6.797005035117389,-10.74714168759567
GB,2022-08-29,0.6802319378660924,5,5.718697534195981,80873.8539076652,5.854017392508679,-14.324789359892714,0.31905838676760595,371.975,3.104683864595356,-22.304067940896257,6.7677274641258025,5.854017392508679,-14.324789359892714
GB,2022-08-30,0.7428481739518094,4.8875,5.718697534195981,75331.2218309161,5.309756062442097,-17.276194257241173,0.3745760062262312,375.1391304347826,2.963929081386142,-23.48511186912039,6.454396181309041,5.309756062442097,-17.276194257241173
GB,2022-08-31,0.8146217398522362,4.91125,5.718697534195981,69907.96221558169,5.575004785856696,-19.125220291948537,0.44220464754703925,378.67894736842106,3.4106896467532772,-23.775055594578188,5.855911472054208,5.575004785856696,-19.125220291948537
GB,2022-09-01,0.8652842145044368,4.791666666666667,5.718697534195981,66557.96303302095,4.807339660193862,-21.33911300327706,0.49297517100052973,382.5473684210526,2.777503457978294,-25.363082642726248,6.051061504169523,4.807339660193862,-21.33911300327706
GB,2022-09-02,0.881427260285853,4.747083333333333,5.718697534195981,65564.90137933234,3.776921700415708,-21.325123620727563,0.5095212209350536,382.4782608695652,2.1671084830978016,-24.38339689868616,5.770073654551923,3.776921700415708,-21.325123620727563
GB,2022-09-03,0.8744458807243807,4.7058333333333335,5.718697534195981,65988.72466408313,3.680619093127052,-21.624139688140644,0.5023107740510666,381.98695652173916,2.0462144614732316,-24.227258458515664,5.776707169451292,3.680619093127052,-21.624139688140644
GB,2022-09-04,0.8600078261014146,4.631904761904762,5.718697534195981,66882.88136657796,2.4215802766212593,-21.0511397916622,0.4870817296423381,382.04347826086956,NA,NA,NA,2.4215802766212593,-21.0511397916622
GB,2022-09-05,0.8510495342890463,4.725,5.718697534195981,67450.72076741855,3.576310409510436,-20.658583253117943,0.47884254493654627,382.7173913043478,1.855731956138392,-23.5614505700895,5.821212722074941,3.576310409510436,-20.658583253117943
GB,2022-09-06,0.8506258372881459,4.725416666666667,5.718697534195981,67477.83534470166,3.527316471862763,-20.593761887166067,0.478427154474397,382.6521739130435,1.8706056975783008,-23.37595680892846,5.766639071137001,3.527316471862763,-20.593761887166067
GB,2022-09-07,0.8552642962891612,4.73625,5.718697534195981,67181.84977287223,3.6580673196637186,-20.704079260774375,0.48268938995644217,382.2130434782609,2.214023824773768,-24.433368198450776,5.917592866773436,3.6580673196637186,-20.704079260774375
GB,2022-09-08,0.8542133001561825,4.65625,5.718697534195981,67248.88728597277,2.712152632385987,-20.910768433412827,0.4798877445033112,378.82608695652175,1.2590811824725496,-20.079863337651343,4.909652578808498,2.712152632385987,-20.910768433412827
GB,2022-09-09,0.8408789725657541,4.671666666666667,5.718697534195981,68110.98516789405,3.9955601139037418,-21.64824756345253,0.46656606659001465,379.10434782608695,1.2914885703176604,-21.600714144881675,5.451975021299515,3.9955601139037418,-21.64824756345253
GB,2022-09-10,0.8293823197001999,4.66875,5.718697534195981,68871.90382410957,3.49383917362845,-20.90300669310038,0.4552963095710972,380.67826086956524,1.1698600167459583,-21.62922421211792,5.604557530227068,3.49383917362845,-20.90300669310038
GB,2022-09-11,0.8440450029487256,4.773333333333333,5.718697534195981,67911.23761808156,3.1664226263866624,-19.413110259113935,0.4712870597355925,381.7913043478261,2.163019772313449,-23.13077257199755,5.616062283551902,3.1664226263866624,-19.413110259113935
GB,2022-09-12,0.9062411890519209,4.605833333333333,5.718697534195981,64146.94505527463,2.155425991084218,-20.76106407850772,0.5348414602147026,380.40434782608696,1.926845860982194,-22.264717783200727,4.793670916700463,2.155425991084218,-20.76106407850772
GB,2022-09-13,0.9993235193777928,4.467083333333333,5.718697534195981,59266.24665392619,2.1519136144075013,-24.81549078378612,0.6377047809917501,382.02608695652174,1.927828281643334,-22.641277166579695,4.311111011591334,2.1519136144075013,-24.81549078378612
GB,2022-09-14,1.0566948856282568,4.3875,5.718697534195981,56624.2727943741,2.7128640420852688,-27.689793903453086,0.7055875485963092,387.4478260869565,2.0975901182054164,-24.886504903257247,4.461992683884895,2.7128640420852688,-27.689793903453086
GB,2022-09-15,1.0435086912066773,4.296666666666667,5.718697534195981,57206.2396382102,3.2203166070052966,-29.034361983527813,0.6906268400901715,391.8304347826087,1.6705484369640389,-24.212107981129112,4.475698719645078,3.2203166070052966,-29.034361983527813
GB,2022-09-16,0.991433932853467,4.330416666666666,5.718697534195981,59629.66440159092,3.2935315747412397,-27.550081691754844,0.6283970328221737,389.32608695652175,1.347773182942957,-23.177298522522644,4.632418808059428,3.2935315747412397,-27.550081691754844
GB,2022-09-17,0.940320019389517,4.503333333333333,5.718697534195981,62232.7028703661,3.9111335408407975,-24.72468406133558,0.5705829742911622,386.2695652173913,1.6419769162079625,-23.84033508421721,5.17365318656628,3.9111335408407975,-24.72468406133558
GB,2022-09-18,0.9041088870845475,4.5775,5.718697534195981,64235.62218117867,3.708293015768509,-22.668206410657483,0.531524288932147,383.5826086956522,1.9204448863608117,-23.994753879595244,5.334899039329945,3.708293015768509,-22.668206410657483
GB,2022-09-19,0.8817953864565392,4.5216666666666665,5.718697534195981,65544.29791061702,3.9778819931624625,-23.149756262464905,0.5088703949846003,383.4086956521739,2.054093674465268,-24.645327595668732,5.558397709682164,3.9778819931624625,-23.149756262464905
GB,2022-09-20,0.8663404183081928,4.5275,5.718697534195981,66487.5527651265,4.208102485438646,-22.91837528358827,0.493401505907928,383.69565217391306,2.137057309677329,-24.630993234578646,5.688769520063976,4.208102485438646,-22.91837528358827
GB,2022-09-21,0.8518845032430404,4.629166666666666,5.718697534195981,67398.4056342548,4.443829764626248,-21.40844250010577,0.4779970155480439,382.31739130434784,2.1318438659137753,-24.42428452366389,5.8807946202790395,4.443829764626248,-21.40844250010577
GB,2022-09-22,0.8342643583109376,4.7,5.718697534195981,68548.33579715894,4.355570786150249,-19.89937040132142,0.45991861764638137,381.38695652173914,2.1499671259229496,-24.325506742474396,6.003629366414348,4.355570786150249,-19.89937040132142
GB,2022-09-23,0.8105541304067431,4.737916666666667,5.718697534195981,70166.67004043228,5.075981606888266,-19.45952459695212,0.4368150328657143,381.10869565217394,2.34684695953997,-23.62774458536257,6.12487364647602,5.075981606888266,-19.45952459695212
GB,2022-09-24,0.7864966160662032,4.865,5.718697534195981,71895.92808468449,4.559969582265288,-16.521654345646212,0.41233930967697796,380.2,1.885871644755611,-22.93170932272018,6.4076987007828725,4.559969582265288,-16.521654345646212
GB,2022-09-25,0.7661933647980484,4.9470833333333335,5.718697534195981,73431.88369392641,3.994596130117388,-14.192464935621745,0.3932172663616886,379.9913043478261,1.758800987317546,-22.13698695068564,6.429078939554986,3.994596130117388,-14.192464935621745
GB,2022-09-26,0.7458678900122979,4.989583333333333,5.718697534195981,75046.1423746244,4.61397035404099,-15.907394632475585,0.3752454410662783,380.2608695652174,2.101635152115154,-22.553510643926774,6.710901816833311,4.61397035404099,-15.907394632475585
GB,2022-09-27,0.7253906222917299,5.14625,5.718697534195981,76754.04007097597,6.812094878579079,-15.166397574825218,0.3561534964703866,379.16521739130434,2.9436426013669843,-23.31617024725833,7.279384062846616,6.812094878579079,-15.166397574825218
GB,2022-09-28,0.7080847226418238,4.9695833333333335,5.718697534195981,78266.11678277238,1.8629275454855303,-12.599906663751904,0.3373898409500343,374.2782608695652,0.3480135668138712,-19.023344678710725,6.383487281301398,1.8629275454855303,-12.599906663751904
GB,2022-09-29,0.69333495045281,5.135416666666667,5.718697534195981,79609.39927216478,4.109999633413274,-11.862568977299254,0.3240276905988581,374.2782608695652,2.230798077134175,-21.537832800975984,6.9413592682676875,4.109999633413274,-11.862568977299254
GB,2022-09-30,0.6785645406396431,5.079583333333334,5.718697534195981,81007.78046270263,5.057659037450756,-13.14116804462884,0.31419285338850017,376.61739130434785,2.1200642920450976,-21.520937002079197,7.176148621605999,5.057659037450756,-13.14116804462884
GB,2022-10-01,0.6640989725795324,5.0475,5.718697534195981,82431.21707896421,3.762634958909452,-11.915847499583236,0.30262055417757316,376.2086956521739,1.5579460116446784,-19.886914351406197,6.814805316105346,3.762634958909452,-11.915847499583236
GB,2022-10-02,0.651208189854951,5.071666666666666,5.718697534195981,83747.47896608837,4.0096887588048835,-11.384610964517485,0.292106419149284,374.9,1.4525632521771792,-19.24147712382994,6.839048799331867,4.0096887588048835,-11.384610964517485
GB,2022-10-03,0.640815422539452,5.176666666666667,5.718697534195981,84843.2440655321,4.371212790656827,-9.727739795666237,0.2831518866655597,373.0826086956522,1.4873951267260137,-19.011733636524692,7.076865872383534,4.371212790656827,-9.727739795666237
GB,2022-10-04,0.6328893951161444,5.258333333333333,5.718697534195981,85700.96424450645,3.838313046684725,-7.598699561230965,0.2766222976569024,371.8478260869565,1.5282284940963875,-18.84248089490194,7.215138511987312,3.838313046684725,-7.598699561230965
GB,2022-10-05,0.6252803909234818,5.292083333333333,5.718697534195981,86543.31567926622,3.381752151598989,-6.324480598853138,0.2706519270492131,371.7173913043478,1.295275101906798,-17.488641742414806,6.792326779666227,3.381752151598989,-6.324480598853138
GB,2022-10-06,0.6169757055390959,5.20625,5.718697534195981,87484.10590501758,3.348791912450952,-7.422909367365229,0.2647645202184556,373.5608695652174,1.3939239084391333,-17.97481780893849,6.910195571457453,3.348791912450952,-7.422909367365229
GB,2022-10-07,0.6078012295247451,5.16375,5.718697534195981,88550.6479484845,3.371232142314693,-7.844176746592799,0.25804639867967405,374.61739130434785,1.4016091287255137,-18.29033239402802,7.087966783389446,3.371232142314693,-7.844176746592799
GB,2022-10-08,0.5960566168863513,5.17375,5.718697534195981,89960.85793805978,3.6890423508136343,-7.602460822973024,0.24919783821258626,374.09565217391304,1.331738903484298,-17.75033406421382,7.07412918162404,3.6890423508136343,-7.602460822973024
GB,2022-10-09,0.5873936136268971,5.185416666666667,5.718697534195981,91029.31567581142,4.090836179632881,-7.485770154359124,0.2428085326258752,373.2,1.7891013351383993,-18.643820957448455,7.276229995441657,4.090836179632881,-7.485770154359124
GB,2022-10-10,0.6229670720278754,5.185,5.718697534195981,86837.75919830229,4.691916004024981,-9.20197793687768,0.270377594646578,373.10392156862747,1.865937902639126,-18.548386738368812,6.788585330162272,4.691916004024981,-9.20197793687768
GB,2022-10-11,0.6378152356238954,5.1120833333333335,5.718697534195981,85167.23567897572,8.529813772084228,-7.750560229170937,0.28221470060156134,372.2695652173913,2.285206527339232,-21.02008538337677,7.32037249670825,8.529813772084228,-7.750560229170937
GB,2022-10-12,0.6307113126486614,5.1154166666666665,5.718697534195981,85939.49431573285,6.844091794952416,NA,0.27699504411672976,372.8434782608696,2.9425088725632325,-22.144018462242705,7.683795994219855,6.844091794952416,-22.144018462242705
GB,2022-10-13,0.6293940102793718,5.068333333333333,5.718697534195981,86084.92943806975,5.629308659842049,NA,0.2759283788061633,372.9217391304348,2.311509909218269,-20.859006394032352,7.39165224446013,5.629308659842049,-20.859006394032352
GB,2022-10-14,0.6234312381895991,5.182083333333333,5.718697534195981,86751.27978691223,5.087307286341905,NA,0.2706318355403914,372.204347826087,1.8068416896674595,-19.079128672928142,7.315682640454284,5.087307286341905,-19.079128672928142
GB,2022-10-15,0.6141369444542768,5.269166666666667,5.718697534195981,87811.21206293334,5.4837653402718365,NA,0.2629209182537052,371.7782608695652,1.5403410441325391,-17.98585511208935,7.050644038292629,5.4837653402718365,-17.98585511208935
GB,2022-10-16,0.606883412260617,5.239166666666667,5.718697534195981,88657.7842543874,5.310612496464765,NA,0.2574902246117137,372.2260869565217,1.4610859615242322,-17.809161752435372,6.98592761570989,5.310612496464765,-17.809161752435372
GB,2022-10-17,0.6030113292675928,5.209583333333333,5.718697534195981,89117.62594894372,6.432916754532673,NA,0.25484357114582823,373.1217391304348,2.0507123021467435,-19.5183867808673,7.425383541549643,6.432916754532673,-19.5183867808673
GB,2022-10-18,0.6032271138237149,5.359583333333333,5.718697534195981,89091.81061223657,4.559042752541477,NA,0.2541054193812909,371.52173913043475,1.9054965453984296,-17.981930483292544,7.54263060495642,4.559042752541477,-17.981930483292544
GB,2022-10-19,0.5952525985560682,5.67625,5.718697534195981,90056.9693012466,5.630736541836919,NA,0.2459914799721108,368.88695652173914,1.716168110677753,-17.02625462988302,7.7030898830806045,5.630736541836919,-17.02625462988302
GB,2022-10-20,0.5899541124798297,5.650416666666667,5.718697534195981,90708.86685892422,5.46730389858482,NA,0.24221701671077558,369.2173913043478,1.416098475721442,-16.07642603632664,7.255921550993464,5.46730389858482,-16.07642603632664
GB,2022-10-21,0.5865320511865244,5.6379166666666665,5.718697534195981,91137.11715380581,5.456252670460808,NA,0.23983310210899347,369.6608695652174,1.4788139396638822,-16.343853045407446,7.4023370328134765,5.456252670460808,-16.343853045407446
GB,2022-10-22,0.5807301778170266,5.573333333333333,5.718697534195981,91872.2414250698,5.619704642019118,NA,0.23582810522999254,370.44347826086954,1.3337795465500206,-15.76635084975528,7.083743240953392,5.619704642019118,-15.76635084975528
GB,2022-10-23,0.5747414891842447,5.505416666666666,5.718697534195981,92645.99995687345,6.220891224837645,NA,0.23211570741383197,371.5521739130435,1.5477715807486687,-16.546177068912574,7.247140296721687,6.220891224837645,-16.546177068912574
GB,2022-10-24,0.5698808836552096,5.432083333333333,5.718697534195981,93283.57769525093,4.428974235618979,-3.2967249398655256,0.2292078271507008,371.2701754385965,1.7320125558567243,-17.34927850884354,7.521115857812805,4.428974235618979,-3.2967249398655256
GB,2022-10-25,0.5691419314373277,5.406666666666666,5.718697534195981,93381.49299051527,4.7476460752660365,-4.025306329236598,0.2289758157815456,370.75652173913045,1.9162097813152907,-17.81075344940963,7.608246447325283,4.7476460752660365,-4.025306329236598
GB,2022-10-26,0.5661061986902671,5.3225,5.718697534195981,93786.15204812092,5.0369272895979185,-5.669243497016692,0.22720249050197736,371.3826086956522,2.1372479494981818,-18.77986888907652,7.862132542253966,5.0369272895979185,-5.669243497016692
GB,2022-10-27,0.5627961791235385,5.3966666666666665,5.718697534195981,94232.79036223088,6.311659147734138,-5.512684207434487,0.22456522784299224,371.24782608695654,2.19185979633105,-18.30041613392726,7.786846064000027,6.311659147734138,-5.512684207434487
GB,2022-10-28,0.5572301938790121,5.505,5.718697534195981,94992.37551236781,9.758254983408529,-6.800637505803692,0.221440423895641,371.54347826086956,NA,NA,NA,9.758254983408529,-6.800637505803692
GB,2022-11-07,0.5355580688143977,5.71,5.718697534195981,98088.18854946992,9.550800432009884,-1.8642929882964203,0.20598093222227057,372.73333333333335,NA,NA,NA,9.550800432009884,-1.8642929882964203
GB,2022-11-08,0.5318792991345153,5.623333333333333,5.718697534195981,98636.45712511476,6.246396411764068,-0.07949852265315752,0.20221052818368646,373.0913043478261,2.0526138475662634,-16.685146660567572,8.117297474910012,6.246396411764068,-0.07949852265315752
GB,2022-11-09,0.5348002668787804,5.8275,5.718697534195981,98201.94125851174,9.423014745219112,NA,0.20288138779171053,371.83478260869566,2.795437069851128,-17.48702155862266,8.446872834291764,9.423014745219112,-17.48702155862266
GB,2022-11-10,0.5416703621063005,5.269166666666667,5.718697534195981,97192.40696422299,1.5797666003895752,-2.3772133945639724,0.20829988953747627,370.67391304347825,1.073487651988167,-16.91257561323709,7.46211737250275,1.5797666003895752,-2.3772133945639724
GB,2022-11-11,0.5394870192888335,5.381666666666667,5.718697534195981,97510.46188827619,6.871721924996397,-5.456642020634729,0.20802023866884942,375.6695652173913,2.185665042112452,-17.743708124133946,7.976374467695221,6.871721924996397,-5.456642020634729
GB,2022-11-12,0.5397900870644619,5.504166666666666,5.718697534195981,97467.01296868172,6.368562061873229,-2.7211873879982846,0.208214376280301,375.9,2.154969334100723,-17.682620221920125,8.120337514784502,6.368562061873229,-2.7211873879982846
GB,2022-11-13,0.5474618899918411,5.644166666666667,5.718697534195981,96360.96867531637,4.278365271185075,NA,0.21202814324750244,374.2608695652174,2.175255791960555,-16.5374627115422,8.00153401463831,4.278365271185075,-16.5374627115422
GB,2022-11-14,0.5521234649313784,5.8133333333333335,5.718697534195981,95701.94383983393,9.07026687803457,-0.4496987648982856,0.21495879256506528,373.95652173913044,2.5446607235404843,-17.566002774512413,8.091808585812233,9.07026687803457,-0.4496987648982856
GB,2022-11-15,0.5553291873725162,5.434583333333333,5.718697534195981,95255.05990573717,5.09726818214985,-3.371271257357159,0.21879967094067992,375.68260869565216,2.0887165874166027,-18.47234633891367,8.025176593631048,5.09726818214985,-3.371271257357159
GB,2022-11-16,0.5577300485947599,5.5808333333333335,5.718697534195981,94923.25882435513,8.089803972441736,-3.8547115324060983,0.22012521420718204,375.2608695652174,2.511798363338856,-17.848511870756248,8.282315888379538,8.089803972441736,-3.8547115324060983
GB,2022-11-17,0.5588607120896838,5.885833333333333,5.718697534195981,94767.9098730245,7.089863298172177,NA,0.2187461395966605,372.7826086956522,2.285383592865258,-17.090598894971638,8.38248575658358,7.089863298172177,-17.090598894971638
GB,2022-11-18,0.558383253690376,5.925833333333333,5.718697534195981,94833.44781189269,6.289465796460399,NA,0.21801565348711985,372.67826086956524,1.9717067254759744,-16.314658689806986,8.266412469402844,6.289465796460399,-16.314658689806986
GB,2022-11-19,0.5565597355520715,5.818333333333333,5.718697534195981,95084.61399528483,6.416149177291351,NA,0.21699268976000874,373.295652173913,2.237845472004828,-17.330982287628462,8.237049196883586,6.416149177291351,-17.330982287628462
GB,2022-11-20,0.5542164772723751,5.6883333333333335,5.718697534195981,95409.6834393854,4.212648960338747,NA,0.2152323686461289,373.30434782608694,1.4112539422595924,-16.175647662049197,7.944513254976158,4.212648960338747,-16.175647662049197
GB,2022-11-21,0.5500489941711646,5.799166666666666,5.718697534195981,95993.8445015976,8.258402630331947,NA,0.21355897408013833,374.0652173913044,2.1134689648763665,-16.583954466879664,7.894261865720815,8.258402630331947,-16.583954466879664
GB,2022-11-22,0.5476320633661624,5.6175,5.718697534195981,96335.88737393994,7.040739494698871,-1.727509397709875,0.21247093762258892,373.9869565217391,2.408967470677996,-18.17461320656379,8.362318140515155,7.040739494698871,-1.727509397709875
GB,2022-11-23,0.5468559531685663,5.650833333333333,5.718697534195981,96446.43325737579,8.160343279931377,-2.182249780053742,0.2124215102976684,374.204347826087,2.7055222732241937,-18.59124822002375,8.512509186772121,8.160343279931377,-2.182249780053742
GB,2022-11-24,0.5447494892286031,5.50625,5.718697534195981,96747.9820941885,6.430846365966366,-2.9645044279037354,0.21150134107237625,374.7217391304348,2.500162177433362,-18.669019602476116,8.336363944366326,6.430846365966366,-2.9645044279037354
GB,2022-11-25,0.5411074855482388,5.4245833333333335,5.718697534195981,97274.32394884728,6.635478820941754,-4.47802346698468,0.2095994127257688,375.204347826087,2.301428119500663,-18.394205591688376,8.200542471479634,6.635478820941754,-4.47802346698468
GB,2022-11-26,0.5382063969509899,5.3975,5.718697534195981,97697.70367771546,6.065031368504475,-4.3077487706533235,0.20713509763850574,374.95652173913044,2.103795843745298,-17.799325434449834,8.015672177961825,6.065031368504475,-4.3077487706533235
GB,2022-11-27,0.5387426075786144,5.4366666666666665,5.718697534195981,97619.05945934552,5.0115457661222775,-2.570324936205843,0.2073090598236894,374.2173913043478,1.7253144701435892,-16.708965197176266,7.897290403681626,5.0115457661222775,-2.570324936205843
GB,2022-11-28,0.5360116300875469,5.645416666666667,5.718697534195981,98021.66106246387,6.811839100620713,-0.49124341045934816,0.20392879109415746,373.4347826086957,1.812325527575113,-16.527172221273794,8.027372008273444,6.811839100620713,-0.49124341045934816
GB,2022-11-29,0.532552399569301,5.635416666666667,5.718697534195981,98535.45095512713,7.900252025380542,-1.5862488600407771,0.20186332168536675,376.09565217391304,2.040793501776301,-16.87462823720614,8.053020961742007,7.900252025380542,-1.5862488600407771
GB,2022-11-30,0.5332211623809239,5.5475,5.718697534195981,98435.54250883013,6.590458208660764,-1.9234585706989105,0.20251764500279593,375.97391304347826,1.4564275709293075,-15.4527279053382,7.528073171314873,6.590458208660764,-1.9234585706989105
GB,2022-12-01,0.5317100761148934,5.821666666666666,5.718697534195981,98661.86324143481,7.606577222651275,NA,0.199574901716633,374.32173913043476,1.9012434704549344,-16.065260772455062,8.348012669547353,7.606577222651275,-16.065260772455062
GB,2022-12-02,0.529370549368219,5.78,5.720562149543328,99014.05050265449,7.337570566413312,NA,0.19862778844912773,374.5304347826087,1.842661256755024,-16.13596052705943,8.113735686979107,7.337570566413312,-16.13596052705943
GB,2022-12-03,0.5296627224508657,5.63,5.718939623378439,98969.89789725836,6.197110312484253,NA,0.1996575461714199,374.9913043478261,1.6096835883210447,-15.976396557254464,7.864416769519138,6.197110312484253,-15.976396557254464
GB,2022-12-04,0.530902182105987,5.6258333333333335,5.718697534195981,98783.00825236065,7.76138517714751,-1.538407760370927,0.20096892503737293,374.80434782608694,2.1324087960029057,-16.737521502084657,7.927077117187423,7.76138517714751,-1.538407760370927
GB,2022-12-05,0.5291932974071122,5.546250000000001,5.732536173699387,99041.04645398541,6.501215923317227,-0.18492518223977927,0.20066184028315762,374.06,2.219488124417682,-17.582103870652666,8.345387783964608,6.501215923317227,-0.18492518223977927
GB,2023-01-03,0.497972546135443,5.714583333333334,6.966217808874177,104031.8506800726,7.069653095833186,NA,0.2173970717406383,374.94,2.087652640284471,-19.11183408454769,10.197845579069291,7.069653095833186,-19.11183408454769
GB,2023-01-04,0.5009419758344278,5.600416666666667,6.833282295473628,103533.26542403974,6.487766211226877,NA,0.21570143422038987,354.4111111111111,2.3241440320180113,-19.647418235938577,9.9622288917109,6.487766211226877,-19.647418235938577
GB,2023-01-05,0.5029795210582536,5.9679166666666665,6.7436777875155975,103193.73773239848,7.594667358871482,NA,0.2107746313616099,384.7785714285714,2.175239964973917,-17.17016071964106,10.107450625330603,7.594667358871482,-17.17016071964106
GB,2023-01-06,0.5027028616108751,6.482083333333334,6.755722135092864,103239.64154580783,6.527447350239528,NA,0.201940503691099,382.1,1.6136101141420118,-15.240163348737736,9.952842500497152,6.527447350239528,-15.240163348737736
GB,2023-01-07,0.5032427603008082,6.466666666666667,6.732247888408663,103150.10972859722,6.581684352354468,NA,0.20259511408623412,382.2869565217391,1.7051439740790102,-15.630537304893924,9.785088579730909,6.581684352354468,-15.630537304893924
GB,2023-01-08,0.5049070441513855,6.255833333333333,6.660560830582735,102875.21985202568,9.144767912011782,NA,0.2056015787332092,383.9,2.1799139174266604,-16.71149332544507,9.467364194516684,9.144767912011782,-16.71149332544507
GB,2023-01-09,0.5060500437702597,6.069166666666667,6.611791203148607,102687.18981462374,6.321247162471455,NA,0.20767086571762833,384.88260869565215,2.001516578048689,-16.840472800182688,9.88144649890908,6.321247162471455,-16.840472800182688
GB,2023-01-10,0.5048411269483243,6.395416666666667,6.663368009015254,102886.0547683504,8.00530989407658,NA,0.20389372009621148,383.9130434782609,2.2803519184626255,-16.3839544049875,10.16803510414748,8.00530989407658,-16.3839544049875
GB,2023-01-11,0.5022306716297602,6.329166666666667,6.776445691038809,103318.25845102001,8.632866249818806,NA,0.20559051202669779,384.7608695652174,2.021087373695313,-16.313691238268337,9.610360371890874,8.632866249818806,-16.313691238268337
GB,2023-01-12,0.5031057054245777,6.100833333333333,6.738394472115603,103173.14288845439,8.65213043428604,NA,0.2087464625202724,385.9217391304348,2.44765316705178,-17.348100008157918,9.40902701754072,8.65213043428604,-17.348100008157918
GB,2023-01-13,0.5063942932118778,6.107916666666666,6.597246543086457,102630.79554520991,3.987842539630467,NA,0.20536053507753851,384.8478260869565,1.7394945770940935,-14.093386149842829,8.976905609787767,3.987842539630467,-14.093386149842829
GB,2023-01-14,0.5038998441255255,7.1345833333333335,6.703995027280065,103041.66081352468,8.295869617997738,NA,0.19088927751324336,382.73478260869564,2.024637465221595,-14.10699727027186,10.32563735314973,8.295869617997738,-14.10699727027186
GB,2023-01-15,0.5025972658112176,7.220416666666667,6.760349821451713,103257.21179627425,9.161811285742866,NA,0.19032605778088146,383.3608695652174,2.031113142214912,-13.851420974516364,9.513477090977837,9.161811285742866,-13.851420974516364
GB,2023-01-16,0.503396461698851,6.765,6.725563970085309,103124.61943006022,8.922482905660546,NA,0.19640538389172224,384.8521739130435,1.956048068311764,-15.184397335794763,9.918235688468918,8.922482905660546,-15.184397335794763
GB,2023-01-17,0.5017057361895692,6.51,6.799537969914963,103405.74331879926,9.867076280068526,NA,0.20337488030951184,386.6521739130435,2.6193958018663324,-17.04344000380444,9.9303688089088,9.867076280068526,-17.04344000380444
GB,2023-01-18,0.49763202358875286,5.990869565217391,6.982025282507945,104089.92011460171,6.605771291228551,NA,0.2125625492690546,388.26521739130436,NA,NA,NA,6.605771291228551,NA
GB,2023-01-19,0.4955313084518086,5.81125,7.078181039228535,104445.99449683534,9.182529073638364,NA,0.21595654648951507,387.54347826086956,2.470447591972188,-18.53378824541223,9.67218434476194,9.182529073638364,-18.53378824541223
GB,2023-01-20,0.49587128590705437,6.0633333333333335,7.062444557440429,104388.09242048461,8.15674535630891,NA,0.21237768555218708,387.04782608695655,2.554524381849103,-18.056004361347277,10.603226007137636,8.15674535630891,-18.056004361347277
GB,2023-01-21,0.4958031692273677,6.11625,7.0656111969881294,104399.71503189714,4.7408235672726295,NA,0.20411861863489134,385.11304347826086,1.680281953857832,-17.556700703676725,9.695683315669832,4.7408235672726295,-17.556700703676725
GB,2023-01-22,0.49702350272571294,5.82375,7.009472595595096,104192.42310400076,9.512859649933253,NA,0.21488007409743565,388.8782608695652,2.841223523379355,-19.58129088434869,10.22978524655261,9.512859649933253,-19.58129088434869
GB,2023-01-23,0.49498101321581145,6.370416666666666,7.103902307283944,104540.10670124221,8.515911011729031,NA,0.20748038671040986,386.7,2.51629948115948,-16.10758337938975,10.496280945219432,8.515911011729031,-16.10758337938975
GB,2023-01-24,0.49392570543757497,6.645833333333333,7.153274251450209,104720.6572142609,14.782968672879033,NA,0.20356687028379242,386.5521739130435,2.408724914122001,-15.545905810106436,8.913637987101813,14.782968672879033,-15.545905810106436
GB,2023-01-25,0.4974581202168589,5.697916666666667,6.989773033371074,104119.06084881861,7.79929724471364,-0.2777204841735177,0.21554931760385593,388.66521739130434,2.1957676113541087,-18.99528001997273,10.006062836519964,7.79929724471364,-0.2777204841735177
GB,2023-01-26,0.4972686626824985,6.4679166666666665,6.99842617942565,104151.14454985295,7.731829983096954,NA,0.2049471594457522,387.09565217391304,2.508286625532011,-16.067796262926894,10.630382731203852,7.731829983096954,-16.067796262926894
GB,2023-01-27,0.4945081264603506,6.931666666666667,7.125846294856854,104620.73182592528,8.703976598360923,NA,0.19949924904245503,385.67391304347825,2.026945220648279,-14.501496166042196,10.159636428061884,8.703976598360923,-14.501496166042196
GB,2023-01-28,0.49440390369894394,6.7225,7.130693839954798,104638.51881538109,14.834330436798538,NA,0.20242795666809363,386.9478260869565,2.575188983110875,-15.659491925063849,9.169248670213133,14.834330436798538,-15.659491925063849
GB,2023-01-29,0.49472320436633926,5.919583333333334,7.115775171632198,104583.92055169388,11.272955159717911,NA,0.21615493026698343,391.0086956521739,3.2265415390035703,-20.05033270868077,10.42921726577874,11.272955159717911,-20.05033270868077
GB,2023-01-30,0.49541545939129533,5.743333333333333,7.083554001535913,104465.74165141537,9.519377064968072,-0.989404477312256,0.21980517886444684,392.4391304347826,3.0942696554002187,-19.99664603823937,10.455035319968248,9.519377064968072,-0.989404477312256
GB,2023-01-31,0.49453355141261,5.76,7.124675865522147,104616.41154752567,9.380747312258087,-0.5445809401010039,0.22020299113270847,392.60434782608695,3.230379709468422,-19.750952143507785,10.38712582281024,9.380747312258087,-0.5445809401010039
GB,2023-02-01,0.4924430234037507,5.894166666666667,7.223343009311198,104975.41696588194,9.63323081192691,NA,0.2179944970391462,389.3652173913043,2.8151974101856605,-18.89731775979177,10.303526798809456,9.63323081192691,-18.89731775979177
GB,2023-02-02,0.49202461965631206,5.908333333333333,7.243271601215569,105047.54945451117,12.303834260711186,-0.7125004862725154,0.2193544552095034,388.25217391304346,3.4738429520179652,-19.683976941339708,10.187672308832772,12.303834260711186,-0.7125004862725154
GB,2023-02-03,0.49282245602377667,6.05,7.205226697862148,104909.93517092269,1.2740923550289418,NA,0.21138310770726995,385.05652173913046,1.9104480275868776,-13.29721211796985,8.325808335002487,1.2740923550289418,-13.29721211796985
GB,2023-02-04,0.4919316613745865,6.837083333333333,7.247649660402722,105063.49916146035,13.482384800609283,NA,0.20353994194799996,384.4173913043478,2.6926617010232707,-15.483104293393774,9.606034543150544,13.482384800609283,-15.483104293393774
GB,2023-02-05,0.4942997234759536,6.270416666666667,7.135737885450067,104656.60748271464,10.382594324166764,NA,0.2116975818534484,386.8,3.6250753019093738,-19.270110306380055,10.915231214185496,10.382594324166764,-19.270110306380055
GB,2023-02-06,0.49494062296530694,6.269166666666667,7.105639062295237,104546.77827103171,10.02675130534696,NA,0.21123757379057306,386.4782608695652,2.9353890842900037,-17.44511887501159,10.372293299273656,10.02675130534696,-17.44511887501159
GB,2023-02-07,0.49021984048003786,6.324583333333333,7.33397761954977,105365.90506051309,12.082272642329604,NA,0.21400238844008704,386.61304347826086,2.769930086317912,-16.565022342909934,9.713741034517849,12.082272642329604,-16.565022342909934
GB,2023-02-08,0.4683963282027264,6.077083333333333,8.509527113099063,109328.03336620794,12.93782145705672,NA,0.23294032150836008,387.0869565217391,2.9075415016096797,-16.920650775751238,9.897986818302073,12.93782145705672,-16.920650775751238
GB,2023-02-09,0.4546288086783383,5.91125,9.361882042941652,111981.10439778413,13.84340045124901,-2.9982965293908372,0.24534019497344284,387.5913043478261,3.1938314637930763,-17.80107738035023,9.914747337361677,13.84340045124901,-2.9982965293908372
GB,2023-02-10,0.45718061325689924,5.72875,9.193148060066145,111475.1940521519,12.49109322827944,-5.338639803912548,0.24611620495090972,387.8478260869565,3.606046600498982,-19.17157169540833,10.38990802825403,12.49109322827944,-5.338639803912548
GB,2023-02-11,0.4537159447640483,5.44125,9.422516691406933,112162.43612233741,5.6388542493507,-5.0044329776835514,0.2446101449185812,385.8782608695652,1.153689839002719,-16.549980796866794,9.226884694765555,5.6388542493507,-5.0044329776835514
GB,2023-02-12,0.4600858705979011,6.173333333333334,9.008627654761037,110909.02414270375,12.835965813092344,NA,0.23532258609538784,386.1304347826087,3.647238925245284,-17.35899438804051,10.562781466289458,12.835965813092344,-17.35899438804051
GB,2023-02-13,0.46755379353924437,6.341666666666667,8.547638361993796,109471.33184874582,12.501724260158472,NA,0.22751143584134376,385.7608695652174,2.517280342445536,-15.372268629131652,9.500698169890464,12.501724260158472,-15.372268629131652
GB,2023-02-14,0.4707764258373441,6.190416666666667,8.359100584367582,108864.8959125094,12.453064324169,NA,0.2286477744649805,386.6347826086957,2.6535989916169287,-15.971650540711632,9.404406206757397,12.453064324169,-15.971650540711632
GB,2023-02-15,0.47305888180167743,5.949583333333333,8.228679262616872,108439.67097464704,13.11013945263641,-1.0929539566295603,0.23117631977567138,387.39130434782606,3.3149791491634404,-18.016856157277932,9.686277193344289,13.11013945263641,-1.0929539566295603
GB,2023-02-16,0.47459552818051576,5.747916666666667,8.143419396008852,108156.9585892997,12.27382673662919,-4.189610450822982,0.23292165178055405,388.11739130434785,3.5780230195647356,-19.187630716298244,9.90461973885174,12.27382673662919,-4.189610450822982
GB,2023-02-17,0.4834462999168165,5.635416666666667,7.6703900127913025,106554.52221378998,7.545495132065134,-1.5595133403500303,0.2262371926436711,388.10434782608695,2.108603553546847,-15.603606937487084,8.41077268857239,7.545495132065134,-1.5595133403500303
GB,2023-02-18,0.4888163151759652,6.406666666666666,7.398628109283106,105604.56056055818,14.753110425851366,NA,0.212261379930467,384.7260869565217,3.3005611338735408,-16.86964176084714,10.022742808826292,14.753110425851366,-16.86964176084714
GB,2023-02-19,0.48898604782624094,6.0808333333333335,7.3903783767126034,105575.04508963822,13.179527634845709,NA,0.21808046620987315,387.10434782608695,3.0601902580531104,-17.61589091632698,9.534897739699264,13.179527634845709,-17.61589091632698
GB,2023-02-20,0.49067522305187367,5.993333333333333,7.308039714502071,105280.94806766277,14.66583201329128,-1.470790022864562,0.2190523662039891,387.8608695652174,4.154132186363818,-20.332332184334348,10.455251118438012,14.66583201329128,-1.470790022864562
GB,2023-02-21,0.4885645309454592,5.76125,7.411216410649714,105648.87530199715,11.549698075539688,-2.829998561931398,0.22380237637926242,389.38260869565215,4.300989088554327,-21.108941859007505,10.412447098404552,11.549698075539688,-2.829998561931398
GB,2023-02-22,0.48450840930116884,5.5975,7.614464048143163,106363.41259471544,11.32800756885578,-5.887535680995605,0.22846792281192752,390.7,3.704342101509938,-19.83741614784415,9.971599504822793,11.32800756885578,-5.887535680995605
GB,2023-02-23,0.48240708897012935,5.721666666666667,7.722396802970319,106737.514686009,9.972439939708854,-2.1455968948371376,0.2289773531494342,390.47391304347826,3.7928899474184976,-19.613313691994335,9.822357212195683,9.972439939708854,-2.1455968948371376
GB,2023-02-24,0.4816657572309825,5.629583333333334,7.761008521709553,106870.28154631236,11.516983215094346,-5.467566448941748,0.2313475242246976,391.1608695652174,3.792149403096881,-19.5570469101397,9.9422482864995,11.516983215094346,-5.467566448941748
GB,2023-02-25,0.4818356179042678,5.769166666666667,7.752136727769584,106839.82457710183,13.681397422341956,-5.05417490402487,0.2267675218741868,389.90434782608696,NA,NA,NA,13.681397422341956,-5.05417490402487
GB,2023-03-03,0.4749662629616408,5.49,8.122055103977777,108087.62759660876,9.779154738814094,-6.37548149306315,0.23443776937790303,390.60869565217394,3.524151426224734,-20.1441761876252,9.692463590538454,9.779154738814094,-6.37548149306315
GB,2023-03-04,0.4728700813512504,5.247083333333333,8.239365368256252,108474.70291334008,8.913669603273673,-10.52265775539498,0.23708611752135042,390.81739130434784,2.2206395808689345,-18.1102752610868,9.10226156865006,8.913669603273673,-10.52265775539498
GB,2023-03-05,0.47152004671912895,5.5125,8.316146381193342,108725.71603182616,7.419838902923703,-3.8036701313876735,0.2347863928227561,390.3521739130435,2.1996762998072903,-16.756546233761508,8.78519518714001,7.419838902923703,-3.8036701313876735
GB,2023-03-06,0.47161919922388856,5.6975,8.310457319307886,108707.21108839446,11.701977398083391,-4.2678619165691165,0.23448164233137997,390.18695652173915,2.5831934648287316,-16.878199470973474,8.987730500920614,11.701977398083391,-4.2678619165691165
GB,2023-03-07,0.47139216392816746,5.495833333333334,8.323589685656643,108749.72942364092,5.9982878883157715,-2.592090838788896,0.23744103100478087,390.74347826086955,2.4576594744497107,-17.147286758874966,8.697966452420046,5.9982878883157715,-2.592090838788896
GB,2023-03-08,0.46847964488599997,5.833333333333333,8.492664762799086,109296.00129996121,7.7100471736682845,NA,0.23164006408622612,389.23478260869564,1.8999468738706065,-14.180662308882914,8.706943771175963,7.7100471736682845,-14.180662308882914
GB,2023-03-09,0.4684952480509687,6.307083333333333,8.491763050397184,109293.08024225359,13.313201346232788,NA,0.22553848527154396,388,2.319165648393763,-15.127824342034666,9.072563592692225,13.313201346232788,-15.127824342034666
GB,2023-03-10,0.47067802099407574,5.89125,8.3645389365724,108882.97416463488,13.772215868180048,-2.613740917208266,0.2308292020979527,388.73478260869564,2.6123303940526412,-16.543427779061766,8.758839194116524,13.772215868180048,-2.613740917208266
GB,2023-03-11,0.4694173856191025,5.922083333333333,8.437781944700808,109119.50548519612,5.0474968867074415,NA,0.22744622550309307,388.3782608695652,0.6525140633363852,-11.692153833364786,7.774346680258275,5.0474968867074415,-11.692153833364786
GB,2023-03-12,0.4691386147301942,6.031666666666666,8.454082417773321,109171.95340810533,15.757380180851838,-1.9684052823046665,0.22808036580685437,387.6565217391304,1.9363203443805923,-14.600904301603547,7.574773997515686,15.757380180851838,-1.9684052823046665
GB,2023-03-13,0.47325028904791105,5.543333333333333,8.218232257613003,108404.69631313204,8.275311613266425,-4.276056393421661,0.22829229574952084,385.9136363636364,1.5960403017372649,-14.245891786156353,7.895948196087979,8.275311613266425,-4.276056393421661
GB,2023-03-14,0.4779897093821632,6.304583333333333,7.957556885938134,107536.00849627468,9.434318930271738,NA,0.21672895458607727,385.7739130434783,2.006623573267546,-14.313890058525615,8.649314864830398,9.434318930271738,-14.313890058525615
GB,2023-03-15,0.48930401412888913,6.215416666666667,7.378481877522273,105525.15910527295,10.432630751626167,NA,0.21373905176289998,385.4521739130435,2.234141941874092,-15.528376564543308,8.942211272206167,10.432630751626167,-15.528376564543308
GB,2023-03-16,0.5040498904451391,5.840833333333333,6.700285034043792,103021.37081622606,7.187156230954448,NA,0.20998324137215651,386.11739130434785,1.803324174788531,-16.376988085264767,8.508859460379668,7.187156230954448,-16.376988085264767
GB,2023-03-17,0.5172541055314529,5.555,6.16026010256799,100888.5808090414,9.834239582034431,-3.975034669730652,0.2061780380659591,388.1913043478261,2.7017295254481626,-18.25431585364663,8.162862044330272,9.834239582034431,-3.975034669730652
GB,2023-03-18,0.5256486227906817,5.247083333333333,5.844992812008624,99580.8366511038,6.445707344687884,-6.216295488152749,0.20079671786841682,386.204347826087,1.154663671022352,-15.840527654303488,7.548294429917271,6.445707344687884,-6.216295488152749
GB,2023-03-19,0.5265501747587858,5.916666666666667,5.812392454028537,99442.6228099979,10.40875653453853,NA,0.19856181714993032,384.9173913043478,2.842122724458434,-17.10898467958387,8.716160799485701,10.40875653453853,-17.10898467958387
GB,2023-03-20,0.526087022613912,5.970416666666667,5.829000643148689,99513.37478718357,8.74582652186678,NA,0.1981285753818729,383.9434782608696,1.997774066922214,-14.691136932475484,7.843060577724736,8.74582652186678,-14.691136932475484
GB,2023-03-21,0.5250732312554315,5.901666666666666,5.865611472574221,99668.7092947188,10.5817864866376,NA,0.19988651047668102,385.1695652173913,2.7836265838780565,-16.93591976567191,8.049412083919739,10.5817864866376,-16.93591976567191
GB,2023-03-22,0.5229724774708382,5.5129166666666665,5.9429425325549214,99993.22146893883,7.62260423910636,-2.3872697296438066,0.20402374147466035,390.6695652173913,2.19000170726802,-16.83406334361109,8.015355686833097,7.62260423910636,-2.3872697296438066
GB,2023-03-23,0.5110024858622843,5.464166666666666,6.409449051969741,101887.4483861934,8.066738591618073,-4.053648377767992,0.211054843367155,392.8478260869565,2.059300396802296,-17.700733144059907,8.614837264340755,8.066738591618073,-4.053648377767992
GB,2023-03-24,0.4978840242094999,5.437083333333334,6.9714493309832495,104048.72745857188,7.818444751251016,-4.695794412550059,0.21918372168261785,392.46521739130435,2.384530093187301,-19.55567765404199,9.487765054366868,7.818444751251016,-4.695794412550059
GB,2023-03-25,0.4904250893860393,5.364166666666667,7.321453879525794,105326.36333495782,7.080762007229163,-5.600616342187179,0.22496517462815108,392.75217391304346,2.960382560058675,-20.400705760248616,9.559052868107996,7.080762007229163,-5.600616342187179
GB,2023-03-26,0.481771644168075,5.3025,7.756730688095234,106853.12833289453,9.16703041006007,-9.208213876070856,0.23149688608829758,392.97826086956525,2.812826588066877,-18.92308771768165,9.118339156272024,9.16703041006007,-9.208213876070856
GB,2023-03-27,0.47582734014833583,5.44875,8.07461591832844,107929.68271435711,9.305564880530332,-6.596941360769414,0.2357677657920754,392.66521739130434,2.9208359671179127,-18.426363233513623,9.16732718441104,9.305564880530332,-6.596941360769414
GB,2023-03-28,0.4735481216518959,5.417916666666667,8.201256867110216,108349.26839661616,8.90954949789987,-7.009550786342174,0.23598929488099687,390.3521739130435,2.353714358303797,-16.37791067446476,8.310452812517942,8.90954949789987,-7.009550786342174
GB,2023-03-29,0.46786626373638934,5.785416666666666,8.53026182945793,109413.75929919217,12.71764176791864,-3.541537804553598,0.23723474692312407,389.5826086956522,3.043772656957685,-17.340678966088003,9.693584198854188,12.71764176791864,-3.541537804553598
GB,2023-03-30,0.46006105491324123,5.80125,9.008001229168691,110910.98462776834,10.568926728644051,-1.3547863487421077,0.24188302075758852,389.0652173913044,1.9219088908437192,-14.626617722336862,8.494777311434625,10.568926728644051,-1.3547863487421077
GB,2023-03-31,0.4574054470161167,5.766666666666667,9.178105517482,111430.39286258486,12.178515288273893,-3.66427262290396,0.24592590369039402,389.4304347826087,2.607663398831335,-16.31712311546371,8.982929460929054,12.178515288273893,-3.66427262290396
GB,2023-04-01,0.4574887855327787,5.557916666666666,9.172661063483213,111413.95497487954,6.882902675710986,-2.6697266926479752,0.2481835181988627,389.81739130434784,2.7648757154691945,-17.830183540549918,9.301018315375485,6.882902675710986,-2.6697266926479752
GB,2023-04-02,0.45701101823895895,5.5117391304347825,9.203920925088607,111508.2518048874,10.037128624726146,-6.806226792046367,0.24890067799657908,389.68695652173915,NA,NA,NA,10.037128624726146,-6.806226792046367
GB,2023-04-03,0.453462851620772,5.899166666666667,9.440187301341043,112213.79692517611,12.582618236594277,-1.3808673752681604,0.24849524475853843,386.495652173913,3.0063055170722253,-16.891387467198474,9.842421742199363,12.582618236594277,-1.3808673752681604
GB,2023-04-04,0.4486980760851231,5.711666666666667,9.76930681330923,113176.15231545379,13.19708405519698,-6.039622135125609,0.2550079974856882,387.8,2.584186622430509,-16.304284409200058,9.229278549915714,13.19708405519698,-6.039622135125609
GB,2023-04-05,0.444788669479172,5.541666666666667,10.050439193469211,113979.41889277915,7.497320828268295,-3.9127841709589406,0.2630580791154988,389.18260869565216,3.1421323644212404,-18.14982557225585,9.915421563577189,7.497320828268295,-3.9127841709589406
GB,2023-04-06,0.442090711381724,5.58,10.250667738197055,114541.27204825285,10.470199080985145,-6.207251652414633,0.26456458943632444,388.54782608695655,3.2220070918337265,-17.52393607806989,9.568609934131466,10.470199080985145,-6.207251652414633
GB,2023-04-07,0.44048896851741803,5.649583333333333,10.371981091997592,114877.74037089232,11.502817261416917,-5.8667042118801245,0.26430661327465804,389.2608695652174,3.063180822703341,-17.374662260033272,9.975610089720032,11.502817261416917,-5.8667042118801245
GB,2023-04-08,0.4416698448941964,5.7283333333333335,10.282438397815486,114629.55660155241,9.884735979358586,-2.692157166085399,0.25944878003344635,391.1478260869565,2.5341943415511365,-17.042545900510444,10.08069174356779,9.884735979358586,-2.692157166085399
GB,2023-04-09,0.44299033839443336,6.76625,10.18316462143198,114353.04270923125,11.995788215260893,NA,0.2315606347849402,387.8086956521739,2.753905200947299,-14.858071349628608,10.796365176442595,11.995788215260893,-14.858071349628608
GB,2023-04-10,0.4401939200739785,6.8625,10.394966460931153,114940.4704679256,11.793457059274324,NA,0.23645669046964657,388.2913043478261,3.126307601117062,-15.212123798921608,10.773075010653857,11.793457059274324,-15.212123798921608
GB,2023-04-11,0.43796353346217276,6.769166666666667,10.567313741378184,115413.01111719805,14.649493724463731,NA,0.24431521587178645,389.75217391304346,3.5675747673950036,-15.343361074496242,10.633310746567345,14.649493724463731,-15.343361074496242
GB,2023-04-12,0.4377366388816502,6.352916666666666,10.585090403050245,115461.36646764977,19.12788391660058,NA,0.252971498924965,390.00454545454545,3.832011739472195,-17.355448939734913,10.228606515800456,19.12788391660058,-17.355448939734913
GB,2023-04-13,0.4376326175528797,5.779166666666667,10.593263383500217,115483.56211077071,12.067264789127094,-3.764009943180079,0.2650838686767342,392.03913043478263,3.2745400352819405,-17.29441203890921,10.05751978269906,12.067264789127094,-3.764009943180079
GB,2023-04-14,0.43692553415090385,5.779166666666667,10.649050214094874,115634.7035036856,10.784800730758334,-2.5158572643635133,0.2656226667866596,391.9304347826087,3.061269551623639,-17.08418738349126,10.154935994026255,10.784800730758334,-2.5158572643635133
GB,2023-04-15,0.43506405449224683,5.7941666666666665,10.797657891220842,116034.6035188574,15.59769918869362,-7.045603588490516,0.26754396569411876,392.2739130434783,3.368178214593943,-17.77610159309406,10.20031441308633,15.59769918869362,-7.045603588490516
GB,2023-04-16,0.4342579934238065,5.7025,10.862747027354411,116208.61364727917,12.026069669132577,-5.56034305999264,0.26807593376661487,391.7695652173913,3.12903274423244,-17.063990595654808,9.740509513743516,12.026069669132577,-5.56034305999264
GB,2023-04-17,0.43378547953635077,5.972916666666666,10.901594599462697,116311.40327229002,16.394670890877713,-4.0200741248613054,0.2664892044697442,389.7,2.740173618538158,-14.45200933977219,9.463130885646184,16.394670890877713,-4.0200741248613054
GB,2023-04-18,0.42898790069932513,6.13,11.302815663043729,117362.62818860357,13.460429077477972,NA,0.2693966313658784,388.67826086956524,2.9871260768176633,-15.504861378361673,10.162135323910643,13.460429077477972,-15.504861378361673
GB,2023-04-19,0.424874036608977,6.25125,11.660971537681265,118279.62168775611,26.30702706606538,-20.32499349133484,0.27407076894678567,389.495652173913,4.4414594792799384,-17.783017465779444,11.469762018062376,26.30702706606538,-20.32499349133484
GB,2023-04-20,0.42308557654950374,6.004583333333334,11.821530174955331,118683.53391624683,11.173506841617936,-23.303533429949727,0.27702008694277264,390.9913043478261,3.37356663606831,-15.964810268229062,10.029882107887628,11.173506841617936,-23.303533429949727
GB,2023-04-21,0.42377113779255665,6.010416666666667,11.759696919989345,118528.39636943616,10.826519866355795,-22.77795550833807,0.27634854130725045,391.1608695652174,3.855331384234604,-17.51822342703836,10.679902486349649,10.826519866355795,-22.77795550833807
GB,2023-04-22,0.4247733199950285,5.85625,11.669864046125374,118302.20716711144,11.413380023322503,-26.730708527054983,0.276986907482575,393.2130434782609,3.385588768303211,-16.773711374997223,10.177021955632714,11.413380023322503,-26.730708527054983
GB,2023-04-23,0.4212097817698136,5.916666666666667,11.993946025005988,119111.44346610956,11.784547097688137,-26.0732627365454,0.27878159719479345,391.33478260869566,3.0973567586093913,-15.740778362927175,9.844295371811343,11.784547097688137,-26.0732627365454
GB,2023-04-24,0.41749586978599296,5.994166666666667,12.343079456627917,119966.81236013224,13.485988781860438,-26.314047538296833,0.28112059123538924,389.5652173913044,3.656964589743027,-18.141014992460068,11.506332595331092,13.485988781860438,-26.314047538296833
GB,2023-04-25,0.4158675173948813,6.006666666666667,12.500527964820058,120346.37965057413,15.26573144801671,-27.820271947739723,0.2844145001646696,391.5,3.925246026598408,-17.534550300206817,11.11937526523284,15.26573144801671,-27.820271947739723
GB,2023-04-26,0.414033357321945,5.980416666666667,12.681041975209169,120777.15604345947,14.823130401222295,-28.06912388645019,0.28713290904358263,391.2217391304348,4.678378947276761,-18.864702132558733,11.48117187865244,14.823130401222295,-28.06912388645019
GB,2023-04-27,0.414104003176471,6.009166666666666,12.674023325258583,120760.49708714343,18.18013365932572,-30.7684160865804,0.2867608054872254,389.39130434782606,5.04249309146711,-19.157004464367397,11.545045203924454,18.18013365932572,-30.7684160865804
GB,2023-04-28,0.4136100005907013,5.975,12.72334872789184,120877.2360639342,17.81529841429037,-31.197246367242204,0.2877865391821857,392.17826086956524,5.145770641256331,-19.70077262732569,11.818594957930245,17.81529841429037,-31.197246367242204
GB,2023-04-29,0.41340345388731853,5.830416666666666,12.744161971516776,120926.23690293937,15.20293417429887,-32.00699839453613,0.287805814297049,390.60434782608695,2.918787629408999,-14.321757730724874,8.754160981049306,15.20293417429887,-32.00699839453613
GB,2023-04-30,0.4163524850364388,5.870833333333334,12.453326367560825,120233.01669645961,15.397211688300947,-31.07825660091605,0.28431714649452405,390.24782608695654,4.440997220089569,-18.66670312255429,11.10458015989652,15.397211688300947,-31.07825660091605
GB,2023-05-01,0.4135457546223939,6.109166666666667,12.730734756151529,120893.39792260008,16.03054394546545,-26.36554131212207,0.2863666154983827,390.3652173913043,4.5259500291593415,-17.384604834885046,10.896953411811923,16.03054394546545,-26.36554131212207
GB,2023-05-02,0.4103399347553924,6.097916666666666,13.055171666156637,121655.31464356362,17.06389221294022,-27.89026536718223,0.2894784635721577,389.4217391304348,4.072862559395409,-16.18062016603543,10.52841734405021,17.06389221294022,-27.89026536718223
GB,2023-05-03,0.41025071777731237,6.1554166666666665,13.064326133422474,121676.64421117632,14.92111804382161,-24.462250577712187,0.28865953431982155,388.61739130434785,3.9712771659103447,-15.980592410773946,10.537163804640253,14.92111804382161,-24.462250577712187
GB,2023-05-04,0.4085635830491446,6.2595833333333335,13.240866437840936,122083.37189222088,17.97398524478514,-4.408485480778615,0.29040331442188,388.5217391304348,4.326972787743792,-16.48407704517663,11.11827331315,17.97398524478514,-4.408485480778615
GB,2023-05-05,0.40432913309948226,6.42875,13.6962926333549,123116.18239999667,20.145746690410704,-2.582841752204918,0.2958797605376677,389.4260869565217,6.199852956050303,-18.947952221323263,12.555530966908814,20.145746690410704,-2.582841752204918
GB,2023-05-06,0.40163547606992206,6.26375,13.995891428260483,123782.65785019302,21.282278177927783,-7.678524981075429,0.3000918757772019,390.8565217391304,5.769424715912962,-19.107742614618147,12.724244792730502,21.282278177927783,-7.678524981075429
GB,2023-05-07,0.4004689186082694,6.212916666666667,14.128564651203602,124074.05027026056,18.13268491696232,-5.797733864249337,0.3014693473965865,391.3434782608696,5.494069125233321,-19.00741356485859,12.514453790054324,18.13268491696232,-5.797733864249337
GB,2023-05-08,0.39990631665072623,6.207916666666667,14.193141779682698,124215.13452299143,18.396061343780396,-6.153754269883998,0.3029040303649289,392.26521739130436,5.392638789319828,-18.41518468435049,12.080752098550166,18.396061343780396,-6.153754269883998
GB,2023-05-09,0.3996805480817245,6.310416666666667,14.21917891412172,124271.86484791158,23.153097904190872,-8.393541840177246,0.3037730003118496,392.1347826086957,6.999551447327243,-20.412450933380665,13.065426321892636,23.153097904190872,-8.393541840177246
GB,2023-05-10,0.3990948769951153,6.180833333333333,14.28699818782465,124419.28587590806,21.64087609542644,-9.934664248858546,0.30614053427079785,394.03913043478263,6.284678995831689,-19.55453539517538,12.447151117836448,21.64087609542644,-9.934664248858546
GB,2023-05-11,0.3995063510158997,6.213333333333333,14.239294987902621,124315.66108527101,23.47951806369461,-11.110872396857191,0.30345574066610426,390.3727272727273,7.360606352187485,-21.242520440875612,12.79607741253134,23.47951806369461,-11.110872396857191
GB,2023-05-12,0.40020011331304894,6.158333333333333,14.159375484054163,124141.41838982367,25.917672033372153,-14.769436551385756,0.30414617150326306,393.4086956521739,6.546952785762187,-19.69575378176687,11.870044432507637,25.917672033372153,-14.769436551385756
GB,2023-05-13,0.40047428508210975,5.96125,14.12791396667049,124072.67215500624,24.385837446642693,-18.019949521480505,0.3034435624408629,393.7782608695652,5.70058608817014,-19.30592090965263,11.81303888027399,24.385837446642693,-18.019949521480505
GB,2023-05-14,0.39893201114848514,6.01,14.306330143546619,124460.71789132374,21.10687982726988,-13.568113686855284,0.3061198644851185,395.0695652173913,5.957797057921342,-19.539153347657873,11.858445920380994,21.10687982726988,-13.568113686855284
GB,2023-05-15,0.3976586295657576,6.049166666666666,14.455118660613463,124782.4751445629,22.888718283188403,-14.482473340574092,0.3071999454087313,394.7260869565217,6.106454013082843,-19.12483894114778,11.605046426628771,22.888718283188403,-14.482473340574092
GB,2023-05-16,0.39869220314032866,5.994583333333333,14.333991155831379,124520.9806914751,21.16666559754981,-14.06110702317334,0.3058377951409952,394.52608695652174,5.883232073996548,-20.107519282038023,12.326128550999544,21.16666559754981,-14.06110702317334
GB,2023-05-17,0.39914347091301605,6.047916666666667,14.281695296645633,124407.35319655525,22.20134599124838,-13.797171867250002,0.30521341736085333,394.33478260869566,6.193432233345452,-20.718513111606832,12.836080875062803,22.20134599124838,-13.797171867250002
GB,2023-05-18,0.39628366651039904,5.998333333333333,14.588535219262301,125132.65398483393,20.907753386430695,-13.87776122667557,0.30620501527692967,392.61304347826086,4.787642571191937,-18.664540767609523,12.06831742232441,20.907753386430695,-13.87776122667557
GB,2023-05-19,0.4100675834094282,6.085416666666666,13.116425631612433,121753.45671641816,21.171785507475217,-11.403318269414171,0.29357997970048083,394.0739130434783,6.056084759936672,-19.8867574122091,11.873967329066303,21.171785507475217,-11.403318269414171
GB,2023-05-20,0.4302076828081526,5.97,11.200111257652843,117094.57547295703,17.173146115228963,-9.320146201024423,0.2746393229099733,395.25652173913045,4.5026181345105485,-16.393100045426802,9.412231085981205,17.173146115228963,-9.320146201024423
GB,2023-05-21,0.41360315778606144,6.029583333333333,12.764603366926156,120919.6297497251,20.09363036204198,-11.42524407929492,0.29157683973179305,395.5086956521739,6.06785255803291,-19.459338752332823,11.527072169353938,20.09363036204198,-11.42524407929492
GB,2023-05-22,0.39176546201865475,6.171666666666667,14.597172729714904,126303.491815545,26.921804487945533,-15.0863883954044,0.30079385312441503,394.03478260869565,6.509701664090412,-19.33220020124634,12.313701047851186,26.921804487945533,-15.0863883954044
GB,2023-05-23,0.3894155522066445,5.99125,14.618503114795889,126914.04895134982,21.283956987171173,-13.782988712889994,0.29755571431624056,393.2695652173913,6.169588977983374,-19.42262157309418,11.414520762310076,21.283956987171173,-13.782988712889994
GB,2023-05-24,0.3921032532318469,6.238333333333333,14.618503114795889,126210.45939293463,29.220903246618263,-15.926736776988196,0.3011098336872309,394.1695652173913,6.994411379419585,-20.23482510525703,13.11509425791067,29.220903246618263,-15.926736776988196
GB,2023-05-25,0.3955335148911741,6.317083333333334,14.592284373372474,125325.06124336917,25.649248602575707,-10.768362209696312,0.3051842048052889,394.7260869565217,6.953743852052937,-19.969732134013647,12.793219570809285,25.649248602575707,-10.768362209696312
GB,2023-05-26,0.40092483536676177,6.115,14.07864012353902,123961.96940099345,21.26154791036292,-11.423172776285089,0.2989530329321237,391.7,4.830963001208374,-17.944498477333532,11.831444031395735,21.26154791036292,-11.423172776285089
GB,2023-05-27,0.4072252254470494,6.19875,13.383120297275859,122408.17229701698,15.941487916009091,-3.793891534172532,0.29288146537067955,393.18260869565216,4.158663799707832,-15.403530146040705,10.015932622670054,15.941487916009091,-3.793891534172532
GB,2023-05-28,0.4112515868425021,6.12875,12.961746087103426,121437.47978909475,15.019332264909334,-4.360575934406493,0.28910302486298567,393.6913043478261,4.263874164345482,-15.97568233355389,9.977494521632153,15.019332264909334,-4.360575934406493
GB,2023-05-29,0.4134755374766296,6.161666666666667,12.73676417192031,120909.00067171437,25.979075497047123,NA,0.2883089491809496,393.8304347826087,6.200786367373005,-19.87887517066712,11.886102415181892,25.979075497047123,-19.87887517066712
GB,2023-05-30,0.41545913459735473,6.14,12.540382106195462,120441.94954320833,25.56048434829347,NA,0.28754335486811644,394.83478260869566,NA,NA,NA,25.56048434829347,NA
GB,2023-05-31,0.41638994421803155,6.212916666666667,12.449550581687049,120224.12744443047,27.888682128740957,NA,0.2861040527013393,395.04782608695655,7.615384833411371,-21.483099577317063,12.43232503772922,27.888682128740957,-21.483099577317063
GB,2023-06-01,0.41525021309986027,5.957916666666667,12.560946318277917,120491.02040879155,22.750116606964415,NA,0.2876606539450611,395.9782608695652,5.447745592708757,-19.31153705830483,11.335016298432842,22.750116606964415,-19.31153705830483
GB,2023-06-02,0.41318670961698595,6.08,12.765664342383783,120977.31573994311,26.4911149153141,NA,0.2896597291022955,396.32173913043476,6.949538179571813,-21.21720815048736,12.260684305774754,26.4911149153141,-21.21720815048736
GB,2023-06-03,0.4119144666762714,5.857916666666666,12.89387573679133,121279.14861108022,25.03052576019811,NA,0.2907150512100136,396.2217391304348,5.365385943508136,-19.550479822974975,11.01541275988262,25.03052576019811,-19.550479822974975
GB,2023-06-04,0.41139784091936904,5.850833333333333,12.946600176173774,121402.37618471621,21.24112569329671,NA,0.29116638144664386,395.4304347826087,4.7672482643120775,-18.296247130065485,10.804708930024566,21.24112569329671,-18.296247130065485
GB,2023-06-05,0.4081187261660778,6.044583333333334,13.288466429104288,122191.6418243834,26.88063761020187,NA,0.29448680301591773,395.295652173913,6.566249110763647,-20.535598902976865,12.09906296815059,26.88063761020187,-20.535598902976865
GB,2023-06-06,0.40322273871903913,5.94,13.818348860781118,123388.98049400546,25.632388458163565,NA,0.3004559797124026,396.6,5.68498231428842,-19.85147767740387,11.686224370743458,25.632388458163565,-19.85147767740387
GB,2023-06-07,0.4011861736338331,5.919583333333334,14.046751376575786,123894.66414965541,25.304899848996303,NA,0.3018092228376879,396.25217391304346,6.478315282070659,-20.884850102325405,11.953095974969706,25.304899848996303,-20.884850102325405
GB,2023-06-08,0.39894626348049783,5.7625,14.305012657616748,124457.43743110712,22.195032791713405,NA,0.3063066864733566,398.82173913043476,5.117773423858134,-19.88704096306236,11.719003436920476,22.195032791713405,-19.88704096306236
GB,2023-06-09,0.3941266403738885,5.585833333333333,14.61539682674972,125687.21801198598,14.928979226919465,NA,0.3041144041103259,396.0173913043478,1.5560258629247357,-11.00762234730657,7.202857557538813,14.928979226919465,-11.00762234730657
GB,2023-06-10,0.3901929582041741,5.964166666666666,14.618503114795889,126709.58051133144,26.36609610654525,NA,0.29949494092470763,398.2130434782609,5.461273412401718,-18.713030162512357,11.427165353258289,26.36609610654525,-18.713030162512357
GB,2023-06-11,0.3886586031855049,5.832916666666667,14.618503114795889,127113.65704223815,22.402261546245395,NA,0.2984888711048344,400.4347826086956,5.112013037682969,-19.35886275912753,12.03415209147105,22.402261546245395,-19.35886275912753
GB,2023-06-12,0.3873046632279687,5.902916666666667,14.618503114795889,127472.8663221193,23.6355138338614,NA,0.2955309395778646,399.7869565217391,5.2098181282839,-19.741435852829348,12.362727235298555,23.6355138338614,-19.741435852829348
GB,2023-06-13,0.38524636544857793,5.79625,14.618503114795889,128023.30530131422,22.712188749908883,NA,0.29489128188268393,402.90434782608696,5.110261310163822,-19.804031428535612,12.322646567226847,22.712188749908883,-19.804031428535612
GB,2023-06-14,0.38517006179944974,5.888333333333334,14.618503114795889,128044.01695777779,26.609459027687983,NA,0.2945652547320124,402.67826086956524,6.094622210654422,-20.93850779898629,12.676469174842028,26.609459027687983,-20.93850779898629
GB,2023-06-15,0.3885992755594179,5.63,14.618503114795889,127129.92748666446,17.149337241798815,NA,0.2950120150707438,395.704347826087,2.360021910840829,-14.430051887810922,9.46032334788271,17.149337241798815,-14.430051887810922
GB,2023-06-16,0.390754592148631,6.053333333333334,14.618503114795889,126562.05157224194,23.95569165635619,NA,0.2998851229211877,400.67391304347825,5.770792133992047,-20.093650552985466,12.871136941206284,23.95569165635619,-20.093650552985466
GB,2023-06-17,0.39136618050942396,5.809166666666667,14.618503114795889,126402.09514709347,22.783505217742324,NA,0.30159455796952295,399.7173913043478,4.858514537070722,-19.712751085288033,12.05401223675644,22.783505217742324,-19.712751085288033
GB,2023-06-18,0.39118591548230786,5.815833333333333,14.618503114795889,126449.27082458365,22.862592505113508,NA,0.302871473823063,404.9086956521739,5.1500947581073815,-19.942002085217627,12.26241009336592,22.862592505113508,-19.942002085217627
GB,2023-06-19,0.3925612298755329,5.8254166666666665,14.618503114795889,126091.67183305617,20.63314660618781,NA,0.3031338934144587,401.17826086956524,5.01668189849744,-20.18565569819186,12.463870958630496,20.63314660618781,-20.18565569819186
GB,2023-06-20,0.39893177210124425,5.908333333333333,14.294355845885814,124463.81883999574,22.283988469071534,NA,0.3054511779959047,400.89565217391305,5.621927412523343,-20.06882416745993,11.923051963791604,22.283988469071534,-20.06882416745993
GB,2023-06-21,0.40887158326760203,5.797083333333333,13.213864644465195,122014.24972381284,14.301135725368974,NA,0.29285750959150847,398.59565217391304,3.0680037689304553,-15.836442682370295,10.047592926583274,14.301135725368974,-15.836442682370295
GB,2023-06-22,0.4196435543617395,5.697916666666667,12.14206402413501,119473.08648710165,13.979056249804897,NA,0.2810110382181547,406.4217391304348,2.9305989817552116,-16.61036055203998,9.65858524272872,13.979056249804897,-16.61036055203998
GB,2023-06-23,0.42867376631349585,5.805,11.33229863316395,117435.00511782778,18.644979113810287,NA,0.27493082674412617,405.7913043478261,4.515077631457711,-18.913128935649357,10.557620530434365,18.644979113810287,-18.913128935649357
GB,2023-06-24,0.4445674365810176,5.7491666666666665,10.08032541662174,114041.69834309758,18.057034524337535,NA,0.2616789111879877,404.09565217391304,4.507846340995276,-18.501346884624493,9.689474949616567,18.057034524337535,-18.501346884624493
GB,2023-06-25,0.470290790963708,5.5304166666666665,8.405632901739715,108981.27465660081,13.92938934476728,NA,0.24110385733872597,399.09565217391304,3.772295518341757,-18.51127073256023,8.926149167659938,13.92938934476728,-18.51127073256023
GB,2023-06-26,0.5027775943453218,5.471666666666667,6.77199593582877,103258.92287952414,13.383928078054357,NA,0.21858974239025253,396.62608695652176,3.9278488874331927,-19.335341041351025,8.445633201356879,13.383928078054357,-19.335341041351025
GB,2023-06-27,0.5435708760922047,5.239583333333333,5.746087978018949,96958.2570311008,12.31347960741824,NA,0.21452771889157235,397.5608695652174,3.066526294054837,-17.448164742640486,6.781748508429218,12.31347960741824,-17.448164742640486
GB,2023-06-28,0.5832945252146112,5.08875,5.718697534195981,91559.13146435573,9.495737100941568,-0.2161977434013869,0.24286610438720493,396.2869565217391,1.9041568857406663,-15.396466553765451,5.794906848807818,9.495737100941568,-0.2161977434013869
GB,2023-06-29,0.6001335619179708,5.112916666666667,5.718697534195981,89463.46647177161,9.54828450350798,-0.8152330716331848,0.25509319682926473,397.60434782608695,3.1741447333491544,-20.112538110625927,7.197968309501812,9.54828450350798,-0.8152330716331848
GB,2023-06-30,0.6027433495825952,5.1154166666666665,5.718697534195981,89149.56366133023,9.91542125449852,-1.2837751400828044,0.2569328551537521,396.7130434782609,3.022796520068736,-19.84640027801039,7.102424923132198,9.91542125449852,-1.2837751400828044
GB,2023-07-01,0.6012315102781043,5.10375,5.718697534195981,89331.06188732036,9.796786016804877,-1.2777352141405651,0.2558034793272363,396.8304347826087,3.0909803108891936,-19.896742487695732,7.072938853424343,9.796786016804877,-1.2777352141405651
GB,2023-07-02,0.5946057450170081,5.0737499999999995,5.718697534195981,90135.65670189333,9.241372494735003,-0.8656734314988177,0.2508658621373672,396.75217391304346,2.903544271649358,-18.98977036971199,6.837417726195071,9.241372494735003,-0.8656734314988177
GB,2023-07-03,0.5857281467801744,5.16375,5.718697534195981,91239.18200266338,11.09121295783698,-0.6549712544969339,0.24411518231754567,394.5913043478261,3.696735484784304,-21.250335873543765,7.774594470006434,11.09121295783698,-0.6549712544969339
GB,2023-07-04,0.5737514329922336,5.114166666666667,5.718697534195981,92777.79471636361,9.311617633775937,NA,0.235255263140996,396.6695652173913,2.8083387841811267,-17.80708505645302,6.7247274639785655,9.311617633775937,-17.80708505645302
GB,2023-07-05,0.5591257204560629,5.202083333333333,5.718697534195981,94735.01019899818,10.078468699418323,NA,0.22438071383083077,395.7086956521739,3.2047703925923567,-19.259251709034988,7.542574002712698,10.078468699418323,-19.259251709034988
GB,2023-07-06,0.5477537021238776,5.147916666666666,5.718697534195981,96320.11488947432,9.372531528796866,NA,0.21615198217492776,394.9391304347826,2.779433701590039,-18.105430792629587,7.214062864777496,9.372531528796866,-18.105430792629587
GB,2023-07-07,0.5401071075652525,5.159583333333333,5.718697534195981,97420.80427855584,9.611328444890672,NA,0.21058213399351722,393.95652173913044,2.508237827284612,-16.838618033503508,6.8789169357830495,9.611328444890672,-16.838618033503508
GB,2023-07-08,0.5310127069863884,5.20875,5.744082984094669,98769.2544030621,10.080310436994283,NA,0.20516285107853474,394.6304347826087,2.7635654757847132,-17.52453060544027,7.303455829596773,10.080310436994283,-17.52453060544027
GB,2023-07-09,0.5234776424185962,5.185416666666667,5.923923939565361,99914.43214734746,9.420191183486622,NA,0.20580234580431106,393.05652173913046,2.8882330162699867,-19.197677764148985,8.074459997178645,9.420191183486622,-19.197677764148985
GB,2023-07-10,0.5294697311647463,5.121666666666667,5.765230012363803,99001.7980772217,8.499599818393264,NA,0.20418032422971247,388.96956521739133,1.8407915779119937,-16.490324683061747,6.973574662604282,8.499599818393264,-16.490324683061747
GB,2023-07-11,0.5391026017989565,5.230869565217391,5.718697534195981,97566.98676383517,10.049445366899167,NA,0.20948227289514648,394.18695652173915,NA,NA,NA,10.049445366899167,NA
GB,2023-07-12,0.5437725015401026,5.21304347826087,5.718697534195981,96889.42534565699,10.057938249508869,NA,0.21305872958722363,394.33478260869566,NA,NA,NA,10.057938249508869,NA
GB,2023-07-13,0.5565723713369349,5.186521739130435,5.718697534195981,95086.71356391402,14.80142834545963,-9.15790578497584,0.22207923313007208,394.31304347826085,NA,NA,NA,14.80142834545963,-9.15790578497584
GB,2023-07-14,0.5683347071535376,5.138181818181819,5.718697534195981,93489.35496106885,8.658698547637247,-11.939094029960913,0.23033331115601324,394.5695652173913,NA,NA,NA,8.658698547637247,-11.939094029960913
GB,2023-07-15,0.5719062302658734,5.074166666666667,5.718697534195981,93016.6680701028,7.1592819340071685,-11.681681566419826,0.2330573588926703,395.2391304347826,2.198991984650193,-18.50315660784335,7.1169932441976975,7.1592819340071685,-11.681681566419826
GB,2023-07-16,0.5778560750913211,4.956666666666667,5.718697534195981,92241.8007155117,5.497206252005411,-12.301330267857876,0.23692473995476723,395.295652173913,1.482369339139492,-17.36552368279673,6.645552009652602,5.497206252005411,-12.301330267857876
GB,2023-07-17,0.5822428788528309,5.152916666666667,5.718697534195981,91678.94698380596,9.427518762921062,-12.008577791279436,0.24092236202715045,397.51304347826084,2.9068075252739956,-19.84659692477473,7.476995373349667,9.427518762921062,-12.008577791279436
GB,2023-07-18,0.581790468241018,5.1466666666666665,5.718697534195981,91736.62346114335,8.894139349420126,-10.671606162773234,0.24053885314248769,397.87391304347824,3.0233829087432222,-20.15968652854895,7.5372524265981955,8.894139349420126,-10.671606162773234
GB,2023-07-19,0.5795175634167782,5.07625,5.718697534195981,92027.36220220901,8.463270703617402,-11.37761996184956,0.23910746005471895,396.3478260869565,2.557735959733426,-18.656187726883122,6.978166744802948,8.463270703617402,-11.37761996184956
GB,2023-07-20,0.5792042526810989,5.0008333333333335,5.718697534195981,92067.58021838647,7.4276424686250735,-11.654827484466074,0.23883212783698765,396.0608695652174,2.461454945056861,-18.78456882858932,6.900370979771697,7.4276424686250735,-11.654827484466074
GB,2023-07-21,0.5821211686834511,4.934166666666666,5.718697534195981,91694.60638472364,7.327147647904566,-12.805372248567924,0.24132049939523798,396.31304347826085,2.4510512738296466,-18.54747070180028,6.658756776101225,7.327147647904566,-12.805372248567924
GB,2023-07-22,0.5844234333428091,4.82625,5.718697534195981,91402.23165086676,6.458344258475808,-13.901995729866918,0.24286083767251182,395.75217391304346,2.4777426010130865,-19.510495493111563,6.684393011378364,6.458344258475808,-13.901995729866918
GB,2023-07-23,0.5809878382348141,4.614166666666667,5.718697534195981,91839.83386183342,6.187804938858332,-17.287737789701854,0.2390722317185464,395.3782608695652,1.3467005625884465,-19.17644397416296,6.875379234922212,6.187804938858332,-17.287737789701854
GB,2023-07-24,0.5711885753340485,4.75375,5.718697534195981,93113.09298137832,7.026091971792419,-15.349283692269331,0.23280663668880014,398.5652173913044,1.938646969569176,-19.019271782629097,6.938713883273617,7.026091971792419,-15.349283692269331
GB,2023-07-25,0.5605802767888827,4.82,5.718697534195981,94534.17345395996,7.853955690174541,-14.681122971231767,0.2249230507069768,398.45652173913044,2.434301996344052,-19.99378788096771,7.343989154577411,7.853955690174541,-14.681122971231767
GB,2023-07-26,0.5529330054968543,4.767083333333334,5.718697534195981,95589.39244006085,7.174219075576924,-14.711864458206936,0.21959188212595054,398.03478260869565,2.1425732601605545,-18.91291570044063,6.992446851273131,7.174219075576924,-14.711864458206936
GB,2023-07-27,0.5487707540194398,4.806666666666667,5.718697534195981,96174.27999802212,8.846259985202858,-15.5416572497274,0.21653293940809581,397.74782608695654,2.8728956078871013,-20.741755263362908,7.586475608210172,8.846259985202858,-15.5416572497274
GB,2023-07-28,0.5533964119039169,4.704166666666667,5.718697534195981,95525.30134942924,7.120655837680381,-15.83492594502678,0.21945152767121648,397.4695652173913,1.699143182096878,-16.830139027608205,6.192638979924352,7.120655837680381,-15.83492594502678
GB,2023-07-29,0.5626720953788154,4.704166666666667,5.718697534195981,94249.77739316819,6.575924910845856,-15.542902624048551,0.22650005935828532,399.2130434782609,1.7814546740961468,-18.49804589262525,6.781138755628925,6.575924910845856,-15.542902624048551
GB,2023-07-30,0.5687928206966799,4.867083333333333,5.718697534195981,93427.94273699766,7.653223845018964,-13.89620707413062,0.23119307643276765,397.8565217391304,1.8736905247521405,-17.438967392536806,6.521080249293345,7.653223845018964,-13.89620707413062
GB,2023-07-31,0.5694310531877975,4.932916666666666,5.718697534195981,93343.0622882969,8.680438755860534,-13.794564877878814,0.23119473726428988,396.76521739130436,2.4854281999391157,-19.506573430578076,7.281557142801199,8.680438755860534,-13.794564877878814
GB,2023-08-01,0.5698945205392495,5.04875,5.718697534195981,93281.77224092577,8.827962476956797,-11.885892092610726,0.23201893368946597,396.4695652173913,1.9446360907524145,-17.069895245446855,6.6443301453665455,8.827962476956797,-11.885892092610726
GB,2023-08-02,0.5728225980731247,5.0129166666666665,5.718697534195981,92896.12039777539,7.731479666820402,-11.528843265051387,0.23409072056143235,399.05652173913046,2.3982766154930393,-19.04107798348061,7.18530858191521,7.731479666820402,-11.528843265051387
GB,2023-08-03,0.5996779404047639,4.934583333333333,5.718697534195981,89568.93225582728,5.697065446867391,-11.739939085989958,0.2544019233790354,398.8434782608696,2.4078413394909304,-18.460471122297474,6.236179899039881,5.697065446867391,-11.739939085989958
GB,2023-08-04,0.7080881959877354,4.644583333333333,5.718697534195981,78489.97677362846,2.9497072894772915,-16.856953660179425,0.3435248094939718,398.7304347826087,1.8873692917602796,-15.662472262909924,3.998632644536474,2.9497072894772915,-16.856953660179425
GB,2023-08-05,0.8510521310797735,4.309166666666667,5.718697534195981,67526.93413746948,3.011422733934009,-25.3080406332436,0.4791529838290105,402.6391304347826,2.418533505987489,-22.7211966181914,4.716243208123396,3.011422733934009,-25.3080406332436
GB,2023-08-06,0.9124123175859373,4.197916666666667,5.718697534195981,63760.44712054816,4.4976872445559355,-29.60635659438096,0.5448836168577426,403.9217391304348,2.6151195698351133,-26.193511490937393,5.186814431363023,4.4976872445559355,-29.60635659438096
GB,2023-08-07,0.9066194521366872,4.2508333333333335,5.718697534195981,64090.1438967493,5.136752096157624,-26.28854324828717,0.5379427309744718,404.2086956521739,2.2686970170411853,-25.107161515963146,5.217003372229367,5.136752096157624,-26.28854324828717
GB,2023-08-08,0.8796205510644854,4.287083333333333,5.718697534195981,65677.80702453095,3.904399737270439,-23.854931721940336,0.5092342251066067,404.03043478260867,1.859375265502906,-24.099723279899685,5.232326893689271,3.904399737270439,-23.854931721940336
GB,2023-08-09,0.8531136956346239,4.4054166666666665,5.718697534195981,67322.15899405425,4.898909385496931,-22.50280667606907,0.4812698959051926,403.3,1.9678688728079825,-23.989747557570077,5.5344041041061045,4.898909385496931,-22.50280667606907
GB,2023-08-10,0.8286499478371221,4.5008333333333335,5.718697534195981,68924.50816049999,4.573117945399123,-20.149104719603685,0.4564754888692985,402.8454545454546,1.8735039781422145,-23.38431456576306,5.678629367525189,4.573117945399123,-20.149104719603685
GB,2023-08-11,0.8045517311541173,4.618333333333333,5.718697534195981,70589.19440398017,4.932637335207402,-18.111069253072483,0.43298868369491794,402.4782608695652,2.2901799935420013,-23.921906834375243,6.016926509353194,4.932637335207402,-18.111069253072483
GB,2023-08-12,0.7799753588574102,4.66375,5.718697534195981,72382.69524288179,5.3276484963697275,-17.093833986302343,0.40956346756377443,401.8086956521739,2.339359873198678,-23.16285016571192,6.0728216303416875,5.3276484963697275,-17.093833986302343
GB,2023-08-13,0.7548703914340991,4.682916666666666,5.718697534195981,74322.93662920396,5.026039744161913,-15.737765049122672,0.38587867351585553,400.75652173913045,2.207086814695044,-22.744476691207343,6.189493400325345,5.026039744161913,-15.737765049122672
GB,2023-08-14,0.7323441377546093,4.602916666666667,5.718697534195981,76164.66163037102,3.837836733110484,-15.106536300737092,0.36420174757649354,397.74782608695654,0.9511928172619066,-18.19723752695768,5.247929107821809,3.837836733110484,-15.106536300737092
GB,2023-08-15,0.7153766115997514,4.720416666666667,5.718697534195981,77619.62397676718,5.177533990336099,-14.137696675653578,0.3482212762342012,396.60434782608695,1.8431622611173089,-21.88829857271104,6.399264720971125,5.177533990336099,-14.137696675653578
GB,2023-08-16,0.7086243139333354,4.7325,5.718697534195981,78215.75561866073,5.170603649427536,-13.702310282633114,0.3429242585206781,395.9217391304348,1.5806070997440038,-19.1780214737266,5.692205663679168,5.170603649427536,-13.702310282633114
GB,2023-08-17,0.7051885283546094,4.84625,5.718697534195981,78523.93549237127,6.470615599993472,-13.116264076579991,0.34002940458738545,395.0608695652174,2.443221590104575,-22.01490810441703,6.542353534921312,6.470615599993472,-13.116264076579991
GB,2023-08-18,0.6990602815510107,4.797916666666667,5.718697534195981,79080.03319991176,6.161028130862724,-13.33900711455338,0.3349489920590917,394.03478260869565,2.5601587238640886,-22.543102085520285,6.679050506347532,6.161028130862724,-13.33900711455338
GB,2023-08-19,0.6941047998647272,4.759166666666666,5.718697534195981,79536.06396545585,5.109487557154571,-12.717962246877294,0.33091721708965133,393.11304347826086,2.1121757992924586,-21.34895312409168,6.39230491579916,5.109487557154571,-12.717962246877294
GB,2023-08-20,0.6909332411813756,4.787916666666667,5.718697534195981,79830.98082713752,5.407574913279033,-12.478524506217822,0.3276749144641926,391.4521739130435,2.2746776901547423,-22.20244459628988,6.692859199583991,5.407574913279033,-12.478524506217822
GB,2023-08-21,0.689356319010737,4.8308333333333335,5.718697534195981,79978.55426894163,5.9781890913911635,-12.313115122811324,0.3264861613209027,390.76521739130436,2.3382417898385257,-21.89897039966026,6.689328405524003,5.9781890913911635,-12.313115122811324
GB,2023-08-22,0.6885501833055028,4.81875,5.718697534195981,80054.26488456196,5.194757439881387,-11.713623609695269,0.3252995753996253,389.0739130434783,2.3190082167481405,-21.911852157944637,6.606796763638902,5.194757439881387,-11.713623609695269
GB,2023-08-23,0.6847767197121889,4.857916666666666,5.718697534195981,80411.21971369762,6.81686628150388,-12.564842028283984,0.3225489384488564,388.74782608695654,2.857764190101657,-23.30562939350486,7.081408534182713,6.81686628150388,-12.564842028283984
GB,2023-08-24,0.6751232271051083,4.8620833333333335,5.718697534195981,81340.4961952689,6.507302533301921,-11.849975939523096,0.3142734853113651,394.5739130434782,2.640065647445424,-22.482645743388975,6.991054483314244,6.507302533301921,-11.849975939523096
GB,2023-08-25,0.6630992908763882,4.855833333333333,5.718697534195981,82531.0963536445,5.980195064454462,-10.997543867389714,0.3041630852403474,396.4260869565217,2.3072329038380666,-21.46709490449771,6.837302220118212,5.980195064454462,-10.997543867389714
GB,2023-08-26,0.6515575025599192,4.861666666666666,5.718697534195981,83711.04606220036,6.201446997922145,-10.69717870051359,0.2949011426878266,396.4,2.3733700490702296,-21.204081495262603,6.860655504170772,6.201446997922145,-10.69717870051359
GB,2023-08-27,0.6399198956636735,4.833333333333333,5.718697534195981,84939.96794267782,5.496642982785011,-10.035077005558357,0.2854222405309269,396.0869565217391,2.004469294574633,-20.52628792540002,6.829164913816002,5.496642982785011,-10.035077005558357
GB,2023-08-28,0.6271581867167334,4.915,5.718697534195981,86335.41072101939,6.604831506175472,-9.319563383370296,0.27503742282323096,395.45217391304345,2.27310080873094,-21.107400967295955,7.239891468727238,6.604831506175472,-9.319563383370296
GB,2023-08-29,0.6168245697156578,4.977083333333333,5.718697534195981,87501.0267651661,7.437704233744288,-8.722690791031106,0.26663371209543546,394.2869565217391,2.917271460225256,-21.877820381808412,7.483053790907165,7.437704233744288,-8.722690791031106
GB,2023-08-30,0.6143011564374792,4.780833333333334,5.718697534195981,87790.98313300974,5.043841942805947,-9.56426761223456,0.2642927068455207,401.7,1.780465155507771,-19.677250351073155,6.770560782016022,5.043841942805947,-9.56426761223456
GB,2023-08-31,0.6078631373056979,4.982083333333334,5.718697534195981,88543.21327960366,7.092059881180593,-7.939368290409894,0.2595997935942144,395.9130434782609,2.627442815539916,-20.939008990354196,7.374090212803813,7.092059881180593,-7.939368290409894
GB,2023-09-01,0.5984547156598656,4.945416666666667,5.718697534195981,89666.27543922931,6.328830037501678,-7.443918453859314,0.251926805576589,394.59565217391304,2.089168223157617,-19.77017403177747,7.157376910949285,6.328830037501678,-7.443918453859314
GB,2023-09-02,0.5959174710931668,5.037916666666667,5.718697534195981,89974.20463502043,7.181113075305714,-6.592333292055112,0.2502815819712337,395.03043478260867,2.8164449061380417,-20.544248095671104,7.352313887732604,7.181113075305714,-6.592333292055112
GB,2023-09-03,0.6001588347139462,5.002083333333333,5.718697534195981,89460.76227177113,6.523695681707637,-6.72653034042849,0.2535596190500367,395.04347826086956,2.5137026391196886,-20.6065143285467,7.365743641562801,6.523695681707637,-6.72653034042849
GB,2023-09-04,0.6078091789186086,4.917916666666667,5.718697534195981,88548.76686164913,5.029202627836626,-6.972863481432742,0.2595030287547863,395.31304347826085,1.9015939190034183,-19.016799861522298,6.743194967862716,5.029202627836626,-6.972863481432742
GB,2023-09-05,0.6113004484982946,5.0304166666666665,5.718697534195981,88139.1925753317,6.477280321040787,-6.662839756098728,0.2619246630298848,394.76521739130436,2.196659123203421,-19.31489251364118,6.889284714130389,6.477280321040787,-6.662839756098728
GB,2023-09-06,0.613609465252632,4.95,5.718697534195981,87870.99603572674,5.661055155484158,-7.283287968406033,0.26409046932680347,395.3304347826087,2.207149878237064,-19.968968102135623,6.9721279105131595,5.661055155484158,-7.283287968406033
GB,2023-09-07,0.6140999980960651,4.905833333333334,5.718697534195981,87814.20462159123,5.68315119112589,-8.068627471467433,0.26452701277275753,395.4217391304348,2.1183946119567065,-19.908237131946024,6.913469400582803,5.68315119112589,-8.068627471467433
GB,2023-09-08,0.6096102419659892,4.973333333333334,5.718697534195981,88337.26392071845,7.351643973553337,-8.437405709933994,0.2605414548015272,394.66521739130434,2.646617699115886,-21.375256117068385,7.499812544959286,7.351643973553337,-8.437405709933994
GB,2023-09-09,0.6023835192599363,4.897083333333334,5.718697534195981,89193.46955645479,5.4788356310260236,-7.593099338295732,0.2546686570997639,394.3304347826087,1.8136031244719424,-19.791727154436828,7.122030275982604,5.4788356310260236,-7.593099338295732
GB,2023-09-10,0.5939500005955572,4.932083333333333,5.718697534195981,90216.2756896115,5.965177717576236,-7.123112874834801,0.24871059341346152,394.81304347826085,2.119114147259173,-19.93886633877064,7.233730230397339,5.965177717576236,-7.123112874834801
GB,2023-09-11,0.58589247067882,4.99125,5.718697534195981,91217.66297295388,7.142230366162064,-6.928748595863257,0.24296517137547755,395.0652173913044,2.438826435593789,-20.197179821291986,7.4624390842729555,7.142230366162064,-6.928748595863257
GB,2023-09-12,0.5818351888783926,4.967083333333333,5.718697534195981,91730.83847989405,5.804846621250515,-5.852260715107913,0.2398272707310912,394.91739130434786,2.207421373161478,-19.58066677261879,7.236810902182175,5.804846621250515,-5.852260715107913
GB,2023-09-13,0.5824958726366328,4.98375,5.718697534195981,91646.73623835763,6.5791833304110465,-6.355990553926963,0.24050232794267942,395.2130434782609,2.4547535882907425,-19.933105440500796,7.306426442964397,6.5791833304110465,-6.355990553926963
GB,2023-09-14,0.5821607931206852,4.975833333333333,5.718697534195981,91689.44908675776,6.895684845299764,-6.798080783662845,0.24022681227019316,395.02608695652174,2.349725420395496,-19.66815690958773,7.264132014899022,6.895684845299764,-6.798080783662845
GB,2023-09-15,0.5768617587040477,5.026666666666666,5.718697534195981,92370.67485940026,7.798755155083504,-6.588336687167419,0.23621679139534,393.9130434782609,2.5207544779643776,-19.96636884622551,7.4994089052464865,7.798755155083504,-6.588336687167419
GB,2023-09-16,0.5682719215718433,4.994166666666667,5.718697534195981,93498.2226220998,7.097557161827111,-6.108152998926204,0.22955167238208948,389.7739130434783,2.3865822864017914,-19.624149410988768,7.427352470901608,7.097557161827111,-6.108152998926204
GB,2023-09-17,0.5614920089439653,4.98,5.718697534195981,94409.1881085788,6.596822040212998,-5.556030872613629,0.22494718484337178,394.2260869565217,1.962419604748855,-18.50412420787358,7.216726050474947,6.596822040212998,-5.556030872613629
GB,2023-09-18,0.5561940358664976,5.0925,5.718697534195981,95135.82330833278,7.383456574598723,-4.103778457650565,0.22083670704645678,393.74347826086955,2.341176952972582,-19.386640950907697,7.820335951846864,7.383456574598723,-4.103778457650565
GB,2023-09-19,0.5506334640807817,5.167083333333333,5.718697534195981,95911.36307081685,8.328203462814788,-3.4594129118424743,0.21657928425996142,395.2,2.2406765273993043,-18.630932097123768,7.615810405389832,8.328203462814788,-3.4594129118424743
GB,2023-09-20,0.5487580739578279,4.855555555555555,5.718697534195981,96176.02987474125,0.949750046347107,-1.722377552583031,0.21387445005332623,396.7869565217391,NA,NA,NA,0.949750046347107,-1.722377552583031
GB,2023-10-18,0.5116805930177021,5.476190476190476,6.378888217938408,101773.12365318685,7.856363270642372,NA,0.2095245984377629,390.6928571428571,NA,NA,NA,7.856363270642372,NA
GB,2023-10-19,0.5164248605324808,5.421666666666667,6.19070777549877,101016.58071396752,9.368728999072482,-4.082414182956121,0.2072358887317804,395.18695652173915,2.5523161653480635,-19.16230127724397,8.741897124939344,9.368728999072482,-4.082414182956121
GB,2023-10-20,0.5206432330890404,5.3029166666666665,6.029167102799848,100353.89294766936,6.2714580059296905,-6.13804406065605,0.20523827340781428,396.3565217391304,2.6350513080835407,-19.366685902821395,8.336631809841018,6.2714580059296905,-6.13804406065605
GB,2023-10-21,0.5192441719201546,5.211666666666667,6.082349636845724,100572.99158729285,6.935976674557331,-8.562835525921052,0.20617031385023188,396.6347826086957,1.965544308172476,-18.322033795057095,8.322858104710486,6.935976674557331,-8.562835525921052
GB,2023-10-22,0.5125786769749988,5.417916666666667,6.343069515026538,101629.5724660391,7.600135648861238,-5.538819643944632,0.20970665134939642,396.3086956521739,2.7781585140773193,-20.013740308234805,9.17386912003766,7.600135648861238,-5.538819643944632
GB,2023-10-23,0.5056362484158246,5.368695652173913,6.63018324132408,102756.47281207278,8.400771497618765,-7.493853727167934,0.2141251577336192,247.1,NA,NA,NA,8.400771497618765,-7.493853727167934
GB,2023-10-24,0.4986746626294583,5.285833333333334,6.935072155637316,103914.41547059541,7.33631591297806,-8.287839929174577,0.21842872163927035,201.1125,2.682466402346244,-21.638695310362536,10.058224873134328,7.33631591297806,-8.287839929174577
GB,2023-11-03,0.46328279144655243,5.9,8.805707750307748,110286.17782174845,16.163859943503443,-5.774424803286657,0.24333617945940197,383.31538461538463,NA,NA,NA,16.163859943503443,-5.774424803286657
GB,2023-11-04,0.46163287015773313,5.921333333333333,8.908151377725082,110604.63491411757,15.677670522973838,-4.914860027915727,0.24315928687404934,368.97391304347826,NA,NA,NA,15.677670522973838,-4.914860027915727
GB,2023-11-05,0.46066628965154344,6.084444444444444,8.96898553680669,110792.27910371765,NA,NA,0.24564468688329216,382.495652173913,NA,NA,NA,NA,NA
GB,2023-11-06,0.4584657666080201,6.24,9.109534971118357,111222.1563827164,NA,NA,0.24863390026494672,382.61304347826086,NA,NA,NA,NA,NA
GB,2023-11-07,0.45601577192435905,6.228571428571429,9.26925288011491,111704.95759934628,NA,NA,0.25089398512414857,382.9086956521739,NA,NA,NA,NA,NA
GB,2023-11-08,0.4539481864176455,6.235714285714286,9.407007411539642,112116.19723307846,NA,NA,0.25266767045571525,382.96086956521737,NA,NA,NA,NA,NA
GB,2023-11-09,0.4514983163787127,6.527142857142857,9.573636408970183,112607.77595899759,NA,NA,0.2554199355148677,384.25652173913045,NA,NA,NA,NA,NA
GB,2023-11-10,0.4494929463700854,6.0600000000000005,9.71287477611513,113013.71581766201,NA,NA,0.2568256384655989,385.3434782608696,NA,NA,NA,NA,NA
GB,2023-11-11,0.4482878866881549,6.0825,9.797783796283351,113259.1845267062,NA,NA,0.25855572670464916,385.89130434782606,NA,NA,NA,NA,NA
GB,2023-12-14,0.47112598895587754,6.194166666666667,8.338819421929161,108799.34676989152,16.9477992714082,-0.3774027297745004,0.23450862770187503,382.875,NA,NA,NA,16.9477992714082,-0.3774027297745004
GB,2023-12-15,0.4718838522846499,5.9325,8.296106767770315,108658.9816283538,13.077130493091234,-1.912806626336146,0.23388730927879667,382.2,3.8379110244132586,-19.316165698880347,10.462691022801591,13.077130493091234,-1.912806626336146
GB,2023-12-16,0.49180012535625905,5.555833333333333,7.275737757233573,105119.86196362738,3.7240450417843385,NA,0.22097018037183766,380.7086956521739,0.9560401927498462,-15.843506124263875,8.944825393008207,3.7240450417843385,-15.843506124263875
GB,2023-12-17,0.53250204224804,5.57875,5.829182898319627,98569.734349958,6.959462892696964,-1.8598556549224772,0.20369139340945855,371.25652173913045,2.1222181306485743,-15.2008378016307,6.328577544723293,6.959462892696964,-1.8598556549224772
GB,2023-12-18,0.59609664993678535,5.405833333333334,5.718697534195981,90148.25615755253,6.82880602053097,-7.202889611162987,0.24736598552361977,384.0043478260869,2.787647776736381,-19.25671067801605,7.207066946426384,6.82880602053097,-7.202889611162987
GB,2023-12-19,0.7768800094091125,5.161666666666667,5.718697534195981,73024.20764585705,2.410649604981732,-12.59311681072918,0.3966067153245254,380.9478260869565,2.390591432146522,-16.770483437504996,4.2001024618945255,2.410649604981732,-12.59311681072918
GB,2023-12-20,0.9837957243977576,4.588333333333333,5.718697534195981,60104.577356372094,0.9740052186544936,-24.73064450906058,0.5955164488080488,375.7,1.6963099256707768,-14.217463276133383,2.3425638613235935,0.9740052186544936,-24.73064450906058
GB,2023-12-21,1.116482493680762,5.1375,5.718697534195981,54185.13441471058,7.760970414822373,-30.117574470913972,0.6831411809913146,258.9826086956522,2.905502157661393,-4.824817919311248,1.1664415088869629,7.760970414822373,-30.117574470913972
GB,2023-12-25,1.1536680611310095,5.542083333333333,5.718697534195981,52752.88286220724,NA,-17.386598106175345,0.7213139214286669,259.32608695652175,2.3459002428826716,-12.79586302502852,1.2422738075468909,2.3459002428826716,-17.386598106175345
GB,2023-12-26,1.0889762821853017,3.50875,5.718697534195981,55272.33903715541,4.989043311119989,NA,0.7338574932884345,399.4304347826087,1.4941936111026797,-20.132936542427743,3.196410303778211,4.989043311119989,-20.132936542427743
GB,2023-12-27,1.0331586545828044,4.235833333333334,5.718697534195981,57671.40039932425,5.390183924799123,-34.365246495510974,0.665996829754168,393.59565217391304,2.3720427615100035,-26.798676572277703,4.932749006813367,5.390183924799123,-34.365246495510974
GB,2023-12-28,0.9888123819724581,4.372083333333333,5.718697534195981,59751.156413678684,2.851966272522695,-29.22434729574669,0.6116724106251021,387.7086956521739,1.5285309593674306,-22.35398019201536,4.426765140129104,2.851966272522695,-29.22434729574669
GB,2023-12-29,0.9515149086960729,4.722083333333333,5.718697534195981,61636.880503332795,4.284172106820921,-25.340204172444498,0.5655641519577046,383.18695652173915,1.8914697625246937,-25.322016652810056,5.642542836963674,4.284172106820921,-25.340204172444498
GB,2023-12-30,0.9188499860192096,4.880833333333333,5.718697534195981,63401.497551299406,3.5482402501604335,-21.719706751972343,0.529581222678194,381.60434782608695,2.0258742084867993,-25.688208399058883,5.9826648309432935,3.5482402501604335,-21.719706751972343
GB,2023-12-31,0.8908248848903962,4.905,5.718697534195981,65008.42118817388,3.754797593541495,-20.84186186843449,0.501948297796494,381.5391304347826,2.2125918435964707,-25.694017843073173,6.158199978261119,3.754797593541495,-20.84186186843449
GB,2024-01-01,0.8660390437614625,4.86375,5.718697534195981,66508.19315528011,3.6364153932836927,-20.567480099341612,0.4796804237836405,382.7086956521739,2.5715623806119057,-26.144726102534925,6.231549685255423,3.6364153932836927,-20.567480099341612
GB,2024-01-02,0.8435512035283637,5.017083333333334,5.718697534195981,67937.39010794697,6.151116134463009,-20.383040589129138,0.4561706359817531,380.89565217391305,2.8261681091336586,-26.520028233128304,6.96409209686799,6.151116134463009,-20.383040589129138
GB,2024-01-03,0.8245131534936447,5.08875,5.718697534195981,69202.44227257116,4.770917918279327,-17.458510677422886,0.4383396578509232,380.7391304347826,3.550857149254113,-27.673136249670247,6.987655710832949,4.770917918279327,-17.458510677422886
GB,2024-01-04,0.8039306014840909,5.09875,5.718697534195981,70633.09782694728,7.85591300872089,-19.77618757292276,0.41967823264861426,380.5739130434783,3.4807911713200177,-26.333617911156733,7.327526806363553,7.85591300872089,-19.77618757292276
GB,2024-01-05,0.7842361454142536,5.1899999999999995,5.718697534195981,72061.52946781807,5.145585138887127,-15.151007729185483,0.4023532314235761,381.1434782608696,3.837722817823236,-26.87538748316735,7.166413778196994,5.145585138887127,-15.151007729185483
GB,2024-01-06,0.7721452116820998,4.626153846153846,5.718697534195981,72972.0157328889,2.9324088136136783,-20.861328652112384,0.3966959081244024,383.17391304347825,NA,NA,NA,2.9324088136136783,-20.861328652112384
GB,2024-01-11,0.753768798767692,5.381,5.718697534195981,74407.97249865188,8.769151305905517,-15.084943962703356,0.3807323725339004,378.7130434782609,NA,NA,NA,8.769151305905517,-15.084943962703356
GB,2024-01-12,0.7747434826972711,4.8966666666666665,5.718697534195981,72777.49721863035,3.094626562089324,-17.031363037390495,0.39659283059843065,381.2304347826087,2.6213834702138863,-22.96235795790308,5.846399267730823,3.094626562089324,-17.031363037390495
GB,2024-01-13,0.7963394985754656,5.316666666666666,5.718697534195981,71175.49874723707,12.622956514572712,-21.12209294587845,0.41459484839340505,379.2608695652174,5.876396428836097,-29.22899550388301,8.10635465498557,12.622956514572712,-21.12209294587845
GB,2024-01-14,0.813906613986802,5.4679166666666665,5.718697534195981,69930.46516928507,7.754018589170251,-14.70173698155106,0.4281769649118943,377.39130434782606,5.207477617917566,-30.111124702439128,8.338356810121462,7.754018589170251,-14.70173698155106
GB,2024-01-15,0.8307978490695267,5.2683333333333335,5.718697534195981,68778.32833133446,6.351336671820666,-16.576023741555776,0.44649900472773757,379.33478260869566,5.293156989535103,-29.538945566642266,7.174262611383641,6.351336671820666,-16.576023741555776
GB,2024-01-16,0.8400011182138962,4.69375,5.718697534195981,68167.03411234583,3.7873447196131855,-22.348919338893488,0.45702961670543146,380.0608695652174,1.5457563526162648,-17.73648085947447,4.553208770488257,3.7873447196131855,-22.348919338893488
GB,2024-01-17,0.8345424785273319,5.747083333333333,5.718697534195981,68527.68151489955,9.857732819340718,-13.57656668487527,0.4451123714720962,375.5043478260869,6.057767720706371,-30.670917459852124,8.862096295306701,9.857732819340718,-13.57656668487527
GB,2024-01-18,0.8287647143903991,5.44125,5.718697534195981,68913.30256801966,5.002802604124425,-12.840611700132293,0.4408487836261791,376.5826086956522,2.549928112016969,-22.027181581611615,6.165732683910987,5.002802604124425,-12.840611700132293
GB,2024-01-19,0.8243847407537463,5.495833333333334,5.718697534195981,69209.66104757928,9.534834116539084,-16.302608576688762,0.44069863568953027,379.4478260869565,5.9959376677309635,-26.03858911141799,6.796893296023378,9.534834116539084,-16.302608576688762
GB,2024-01-20,0.811111458881278,5.725833333333333,5.718697534195981,70125.13482986385,9.853553565560352,-13.030246548307913,0.42422754309151134,376.38695652173914,5.417767611430271,-27.62647005586695,8.365887695444208,9.853553565560352,-13.030246548307913
GB,2024-01-21,0.7960593229430122,5.941666666666666,5.718697534195981,71194.69860788171,9.439721247916324,-9.027528647249392,0.4087137607448576,375.2826086956522,6.11108606668982,-27.896116224335778,8.59696933665963,9.439721247916324,-9.027528647249392
GB,2024-01-22,0.7849926035380361,5.724166666666667,5.718697534195981,72004.48929507044,9.253654501397548,-11.477988942355974,0.4024143011687105,378.32173913043476,6.5911908931983625,-28.932842867678364,8.092539833607162,9.253654501397548,-11.477988942355974
GB,2024-01-23,0.7751786274768391,5.210416666666667,5.718697534195981,72740.93939985425,8.626279332495878,-17.951246528177546,0.39682209882949165,381.0782608695652,5.108167232825209,-27.365933216336018,7.287892621901041,8.626279332495878,-17.951246528177546
GB,2024-01-24,0.7627700756702055,5.374583333333334,5.718697534195981,73696.44711962732,13.791116653308135,-19.332057203710523,0.3884980213006751,383.73478260869564,7.758330226405264,-30.879381143933468,8.174535169300734,13.791116653308135,-19.332057203710523
GB,2024-01-25,0.7527384288984822,5.2425,5.718697534195981,74488.74618449563,13.231635718374182,-19.181560400105923,0.38056871457006103,384.9478260869565,7.325759353223843,-31.365214181637175,8.29236295632145,13.231635718374182,-19.181560400105923
GB,2024-01-26,0.7470463399274484,5.234583333333333,5.718697534195981,74947.05796116454,14.526748034262308,-20.416861480592548,0.3752022087512,384.54347826086956,7.1140861553356585,-27.57676989028529,7.318041097162643,14.526748034262308,-20.416861480592548
GB,2024-01-27,0.745500156495742,5.306666666666667,5.718697534195981,75072.63447332551,13.047651359178948,-17.826997732771996,0.3733397264814791,384.295652173913,6.850400973580513,-28.3193605880541,7.53578934663358,13.047651359178948,-17.826997732771996
GB,2024-01-28,0.7518778465469377,5.432916666666666,5.718697534195981,74557.80759197478,15.102896631000569,-18.297545707478463,0.3770456197585929,382.11739130434785,7.341530835397136,-29.657042681409184,8.613642307802552,15.102896631000569,-18.297545707478463
GB,2024-01-29,0.7571862667807608,5.7875,5.718697534195981,74134.37174107373,12.380009801933982,-10.5868978146959,0.3784407663351038,379.2173913043478,7.179296018538566,-29.981753390597294,9.315555292260838,12.380009801933982,-10.5868978146959
GB,2024-01-30,0.7594788572673828,5.8225,5.718697534195981,73953.42621653242,11.266137577879045,-9.065876621028636,0.37989018577274064,378.97391304347826,6.763017238383583,-28.10247688227282,8.636701206846217,11.266137577879045,-9.065876621028636
GB,2024-01-31,0.7612177837973485,5.806666666666667,5.718697534195981,73816.74556765964,11.405820910159555,-9.51217529086558,0.3813764346208148,379.09565217391304,6.820852462814504,-27.785790117723774,8.463575420747219,11.405820910159555,-9.51217529086558
GB,2024-02-01,0.7590711226583929,5.929166666666666,5.718697534195981,73985.57865818513,12.77219949534526,-8.968603750608436,0.37929996790329157,381.96521739130435,7.569347824344249,-28.339364424647577,8.657134270304683,12.77219949534526,-8.968603750608436
GB,2024-02-02,0.7541203954067219,5.8025,5.718697534195981,74378.40594042545,12.961602116182572,-10.805044864127188,0.37605415250961294,380.5173913043478,7.838106921557591,-30.410377815957855,9.285363300919236,12.961602116182572,-10.805044864127188
GB,2024-02-03,0.7431309443024161,5.788333333333333,5.718697534195981,75267.32378479507,12.648186165461496,-10.271191758549191,0.3662082070028353,380.32608695652175,8.059868447998639,-31.415631675379757,9.400097086824177,12.648186165461496,-10.271191758549191
GB,2024-02-04,0.731159544828377,5.28375,5.718697534195981,76261.6948840608,9.130998639939303,-13.898661369377198,0.35713982914671977,381.16521739130434,4.628435566231852,-23.257180650588936,6.770039075334006,9.130998639939303,-13.898661369377198
GB,2024-02-05,0.7197991797227495,5.56875,5.718697534195981,77234.07726292692,11.172915834927172,-11.216159899126284,0.3461459044024244,380.5826086956522,6.14576285905178,-30.008418254701013,9.567282312112924,11.172915834927172,-11.216159899126284
GB,2024-02-06,0.704423047729711,5.7126086956521736,5.718697534195981,78595.48034453865,11.627520313806018,-8.84041464499481,0.3328999546965786,380.62608695652176,NA,NA,NA,11.627520313806018,-8.84041464499481
GB,2024-02-07,0.6898164218434054,5.914583333333334,5.718697534195981,79936.77816340988,11.955822417916764,-5.411795948755083,0.3201657554337294,379.8086956521739,6.538107431260199,-27.62525746430087,9.84920785486588,11.955822417916764,-5.411795948755083
GB,2024-02-08,0.6827502054771785,5.85375,5.718697534195981,80603.78804974772,11.70327897813746,-5.756395028468015,0.3157671119833921,381.32173913043476,6.866805097245712,-28.406662874203192,9.779370710839292,11.70327897813746,-5.756395028468015
GB,2024-02-09,0.6790146419075144,5.765833333333333,5.718697534195981,80962.16437480647,12.78460722455124,-8.035545405946793,0.313516428563233,382.1217391304348,7.1377090815236794,-29.283281260889467,10.01455806132928,12.78460722455124,-8.035545405946793
GB,2024-02-10,0.6731117391846945,5.679166666666666,5.718697534195981,81536.15070737076,12.159801245641455,-8.529094140349933,0.30889113347319913,382.33478260869566,7.177096546891707,-29.059142114568655,9.696109170964007,12.159801245641455,-8.529094140349933
GB,2024-02-11,0.6647378796480782,5.785416666666666,5.718697534195981,82365.81601282522,15.216155695084764,-9.491418352631324,0.30272590097235114,382.9782608695652,8.812152755662895,-30.82052636374937,10.066315771356557,15.216155695084764,-9.491418352631324
GB,2024-02-12,0.6558988344942148,5.409583333333333,5.718697534195981,83262.27531064351,12.531968610284618,-12.507191233410156,0.2957703296405294,383.5391304347826,6.084651660211609,-27.85329071397741,9.28955905743623,12.531968610284618,-12.507191233410156
GB,2024-02-13,0.6452198965652384,5.97125,5.718697534195981,84375.57833511966,17.14958623532543,-7.6020443390828,0.28477000333740604,381.6304347826087,7.868049387266589,-27.427888040391327,10.36249445472519,17.14958623532543,-7.6020443390828
GB,2024-02-14,0.6333372042586365,6.059583333333333,5.718697534195981,85652.56727441985,14.540295135150638,-3.0006544046211143,0.27460451342458786,380.6608695652174,6.8760764945383155,-25.529412228326827,9.961167118417418,14.540295135150638,-3.0006544046211143
GB,2024-02-15,0.626583442811952,5.964583333333334,5.718697534195981,86397.10726251022,13.584458980074883,-3.2613695514539676,0.27008727795874365,381.6347826086957,7.27398920665364,-26.48832776199759,9.972390929783003,13.584458980074883,-3.2613695514539676
GB,2024-02-16,0.6229797468612611,5.792083333333333,5.718697534195981,86800.9145818286,12.250132921557134,-4.634633858950941,0.2673479455314717,381.5869565217391,6.716516061588944,-27.047238398671464,9.976366173975094,12.250132921557134,-4.634633858950941
GB,2024-02-17,0.62047835641639415,5.403333333333333,5.718697534195981,87083.615425629745,7.929422136598574,-6.719807539955625,0.2654890979904324,381.10434782608695,3.963097000458065,-23.36770603074415,8.474280175853348,7.929422136598574,-6.719807539955625
GB,2024-02-18,0.6189773672852218,5.475833333333333,5.718697534195981,87254.30840137784,7.397988107808368,-5.004411007182544,0.26230162428471315,380.2304347826087,2.6544319448364297,-20.25104045081036,7.981727837228597,7.397988107808368,-5.004411007182544
GB,2024-02-19,0.6184159576362938,6.11125,5.718697534195981,87318.40531157434,14.220843162227675,-1.068677086605939,0.26292260963863007,381.38695652173914,6.618565207997908,-25.101071169824326,10.438669202088072,14.220843162227675,-1.068677086605939
GB,2024-02-20,0.624222942854797,6.14875,5.718697534195981,86662.08485779188,15.208339574240611,-1.7479906580749829,0.2671710998405015,380.61739130434785,7.280896665717653,-26.283903535890477,10.53001538707317,15.208339574240611,-1.7479906580749829
GB,2024-02-21,0.6353962999995444,6.117083333333333,5.718697534195981,85429.00118213099,15.078981279489708,-2.7213542841361287,0.2759771492861908,380.9260869565217,7.361621394600951,-26.67981171218341,10.401928833209476,15.078981279489708,-2.7213542841361287
GB,2024-02-22,0.6500024977428,6.064166666666667,5.718697534195981,83874.53040043815,12.937000994329598,-2.160823997241471,0.28787986109496516,381.7130434782609,7.886731120383427,-28.391805579145863,10.394394790049637,12.937000994329598,-2.160823997241471
GB,2024-02-23,0.6638641540556407,5.690833333333333,5.718697534195981,82453.84916743502,11.516872945396248,-7.372126297019962,0.30026813277503756,383.2260869565217,5.918549010570973,-24.86506422338915,8.374705128484807,11.516872945396248,-7.372126297019962
GB,2024-02-24,0.6680661269169442,5.877083333333333,5.718697534195981,82033.0793490294,14.90582035644726,-7.943493109597004,0.3036193997272734,383.18260869565216,8.108118037488119,-29.583834798578415,10.362247522084711,14.90582035644726,-7.943493109597004
GB,2024-02-25,0.66554707490928,5.9558333333333335,5.718697534195981,82284.09077065543,13.891417907890055,-5.572314279631965,0.30091999145104187,382.7826086956522,7.792350936646272,-29.040117080185723,10.54739444792126,13.891417907890055,-5.572314279631965
GB,2024-02-26,0.6640635473258141,5.962916666666667,5.718697534195981,82432.6281159231,13.358691046734304,-4.850157049281009,0.2999929806444896,383.74782608695654,7.943782514166714,-28.908197213522097,10.25460383179322,13.358691046734304,-4.850157049281009
GB,2024-02-27,0.6607661083090242,5.897083333333334,5.718697534195981,82765.3236885937,14.27282399649474,-6.6280374311485355,0.29831523483511013,384.62608695652176,8.248260845116432,-29.4280198196563,10.211400762139444,14.27282399649474,-6.6280374311485355
GB,2024-02-28,0.6534769073194121,5.814583333333333,5.718697534195981,83511.82585599895,16.036595191733927,-9.346261341842462,0.29351559899566654,386.1913043478261,8.874485099211748,-29.65333562285092,9.742757329731017,16.036595191733927,-9.346261341842462
GB,2024-02-29,0.6425914639378749,5.789166666666667,5.718697534195981,84654.11202034206,18.85615586782809,-12.105183168976268,0.2841502925476723,385.2782608695652,9.187363062835264,-30.51495082159631,10.629883736431127,18.85615586782809,-12.105183168976268
GB,2024-03-01,0.6335762265645307,5.63375,5.718697534195981,85625.69701397613,14.0727859542839,-9.490367856758182,0.277283246711301,386.18695652173915,6.9772848218533605,-27.2388234364568,9.25811651975103,14.0727859542839,-9.490367856758182
GB,2024-03-02,0.6273852328219158,5.367083333333333,5.718697534195981,86308.1120064739,14.199960653035136,-13.758429265612753,0.27319635879604826,386.8478260869565,6.733963230247724,-28.127302594804135,9.181146037715015,14.199960653035136,-13.758429265612753
GB,2024-03-03,0.6204349155519403,5.354166666666667,5.718697534195981,87089.38525185909,14.871761466143663,-14.343506720406625,0.26842291407171276,387.9086956521739,7.873139139571528,-30.50944844173829,9.996329213245724,14.871761466143663,-14.343506720406625
GB,2024-03-04,0.6121064455144828,5.537083333333333,5.718697534195981,88045.9012260056,16.17238469363858,-12.215638349653512,0.2618123861975805,387.995652173913,7.87536220696632,-29.195635131506844,10.056760318564583,16.17238469363858,-12.215638349653512
GB,2024-03-05,0.6123888747407116,5.120833333333334,5.718697534195981,88013.10084987571,9.65523975217172,-12.794745308646458,0.26137443277423467,386.6608695652174,4.191711118702511,-23.825428026526517,7.848162292462541,9.65523975217172,-12.794745308646458
GB,2024-03-06,0.6211153445789408,5.398333333333333,5.718697534195981,87012.38546388254,16.39256748042832,-15.182549435092444,0.2687565412426094,387.82608695652175,7.344719857056908,-28.637795069026627,9.630190837144252,16.39256748042832,-15.182549435092444
GB,2024-03-07,0.628003507933881,5.550833333333333,5.718697534195981,86239.33164158465,15.505767282392414,-12.018604294154423,0.274206662035662,387.69565217391306,7.4603382610848845,-27.96391206096413,9.457449397070082,15.505767282392414,-12.018604294154423
GB,2024-03-08,0.6327842749206636,5.533333333333333,5.718697534195981,85712.03981494105,15.123209916969428,-12.11610812841314,0.2781283254877559,387.8086956521739,8.383813100656448,-30.584843989263387,9.89230019936653,15.123209916969428,-12.11610812841314
GB,2024-03-09,0.638374836787599,5.1552173913043475,5.718697534195981,85104.9949765396,12.708748339832892,-16.143376636293386,0.28311279062766503,388.204347826087,NA,NA,NA,12.708748339832892,-16.143376636293386
GB,2024-03-10,0.6427906796285733,5.4470833333333335,5.718697534195981,84631.38001366204,15.119464780939078,-13.992393538589477,0.28491312454082546,386.7130434782609,6.336381932714663,-26.755060007854933,9.22322868179634,15.119464780939078,-13.992393538589477
GB,2024-03-11,0.6423034816929674,5.703333333333333,5.718697534195981,84683.31344205402,12.389153912602374,-7.088038124280525,0.2830699329191997,385.4391304347826,6.290357527545795,-26.28389357470219,9.34525657847138,12.389153912602374,-7.088038124280525
GB,2024-03-12,0.6501110687576994,5.555,5.718697534195981,83862.90624805292,9.749679423090608,-7.175770126025158,0.29020876401179424,386.4521739130435,5.905935828846575,-26.106417332502865,8.720420777860264,9.749679423090608,-7.175770126025158
GB,2024-03-13,0.67006199002056,5.570416666666667,5.718697534195981,81840.40178343962,11.936971771809665,-9.920340424592416,0.3069369114726344,386.7086956521739,6.877456344318527,-29.100769813324437,9.525668460729854,11.936971771809665,-9.920340424592416
GB,2024-03-14,0.6878138643699467,5.575833333333334,5.718697534195981,80125.57316899205,12.104370068011248,-10.683397394519734,0.32213077580606575,387.3,7.830037706219413,-31.12751556090974,9.679337222353883,12.104370068011248,-10.683397394519734
GB,2024-03-15,0.698068026228063,5.4175,5.718697534195981,79171.05055893998,11.548878495551524,-12.964961489773064,0.33164335248736937,388.6,7.538297351073237,-31.17793416157474,9.115135819621468,11.548878495551524,-12.964961489773064
GB,2024-03-16,0.7011002086126777,5.1570833333333335,5.718697534195981,78893.66311722063,11.690705617405335,-17.25125223916033,0.33483158223970266,389.53478260869565,6.117847079855946,-29.093484678392272,8.337425275379228,11.690705617405335,-17.25125223916033
GB,2024-03-17,0.6978984530740548,5.179583333333333,5.718697534195981,79186.3146811781,12.375078092439567,-17.447340022946108,0.33272473746080533,390.2086956521739,6.578827760509895,-29.76829482990123,8.586195855920373,12.375078092439567,-17.447340022946108
GB,2024-03-18,0.6903563526170893,5.02375,5.718697534195981,79886.19306711483,9.714249593183697,-17.038619185797565,0.32474967530035975,388.2391304347826,3.68933530421831,-20.533598207010566,6.209884561413397,9.714249593183697,-17.038619185797565
GB,2024-03-19,0.6759106908702518,5.488333333333333,5.718697534195981,81265.49450323723,9.604034481251896,-9.19569133607575,0.3095276247482662,385.03478260869565,3.5295136449030378,-21.78459514130741,7.78928037035912,9.604034481251896,-9.19569133607575
GB,2024-03-20,0.6612577017331671,5.579583333333334,5.718697534195981,82717.1535569256,6.744816194333108,-4.286596533628757,0.297877675063199,385.11304347826086,3.550784033138031,-20.527943758728973,7.327392885650912,6.744816194333108,-4.286596533628757
GB,2024-03-21,0.6489710808770753,5.582916666666667,5.718697534195981,83980.70016508714,8.700707268448829,-5.639850958510884,0.28888403739354335,386.0782608695652,5.216272026259009,-24.6864854915542,8.296561465490432,8.700707268448829,-5.639850958510884
GB,2024-03-22,0.6401306414975243,4.850833333333333,5.718697534195981,84916.00447145104,5.021892577154856,-13.612419146904251,0.2824729755265923,386.0043478260869,2.2118668029103956,-19.308659615314877,6.328758412909658,5.021892577154856,-13.612419146904251
GB,2024-03-23,0.635301448637581,5.3412500000000005,5.718697534195981,85437.70578092957,10.835501596511024,-11.122714575590468,0.2796887120794677,387.95652173913044,4.593715814519671,-24.423573863125092,8.546869046855587,10.835501596511024,-11.122714575590468
GB,2024-03-24,0.6257190062547524,5.486666666666666,5.718697534195981,86495.1615151361,10.466268805758704,-8.025354762446199,0.2704997474928474,385.5521739130435,4.23671865504401,-22.81674680346192,8.418037925602864,10.466268805758704,-8.025354762446199
GB,2024-03-25,0.6179108011196941,5.566666666666666,5.718697534195981,87376.10123638729,10.89667563597259,-6.754010598054486,0.26517544694363965,386.2695652173913,5.574269156406138,-24.57492402241605,8.71539312785183,10.89667563597259,-6.754010598054486
GB,2024-03-26,0.6199248929191408,5.4054166666666665,5.718697534195981,87146.86565972019,11.419598197580822,-10.030803955979737,0.2677565293125033,387.62608695652176,5.588513496392562,-25.73876906908762,8.823937357449113,11.419598197580822,-10.030803955979737
GB,2024-03-27,0.6268929994083153,4.775833333333333,5.718697534195981,86363.18944635312,3.0634837219892095,-12.491439861059188,0.27237302524600654,386.31739130434784,1.090276538350188,-18.177202879271356,6.210765118432707,3.0634837219892095,-12.491439861059188
GB,2024-03-28,0.6309342261059494,5.23375,5.718697534195981,85914.9280476081,10.801665129163576,-12.71137175549316,0.27624467810541775,387.38260869565215,3.60863980885919,-20.482648765817572,7.235889201560502,10.801665129163576,-12.71137175549316
GB,2024-03-29,0.6284537471392341,5.385416666666667,5.718697534195981,86189.1431231593,7.014088808948192,-6.368623328212338,0.2728062650493325,386.03913043478263,2.6954044254148255,-18.757786479118863,6.9532106344565205,7.014088808948192,-6.368623328212338
GB,2024-03-30,0.6287918191651759,5.37625,5.718697534195981,86151.66086834797,6.701671827248991,-6.214952454768273,0.27324681326552075,386.1913043478261,3.1458554672561374,-18.998847035093092,6.773936513544781,6.701671827248991,-6.214952454768273
GB,2024-03-31,0.6322426430699019,5.404583333333333,5.718697534195981,85771.20298177008,8.189417032877044,-7.343868235120853,0.2765751364362248,386.88260869565215,3.912238563519027,-21.2336856409757,7.364307645910896,8.189417032877044,-7.343868235120853
GB,2024-04-01,0.6316497313944168,5.390416666666667,5.718697534195981,85836.52919762596,10.897054629374235,-10.230286628278444,0.276813603819863,387.7260869565217,4.9868368088650765,-24.67580241907345,8.50237020584806,10.897054629374235,-10.230286628278444
GB,2024-04-02,0.6292288767297045,5.2425,5.718697534195981,86103.23663161843,9.686259857087046,-11.363539313153384,0.27533138693734116,388.30434782608694,4.767796852816257,-24.849741662635413,8.24357931990777,9.686259857087046,-11.363539313153384
GB,2024-04-03,0.6345876402305308,4.81125,5.718697534195981,85515.49268357462,4.39288742612386,-13.456841785079805,0.27855719273019425,384.795652173913,1.4371590065494555,-19.44255347545695,6.694470144419246,4.39288742612386,-13.456841785079805
GB,2024-04-04,0.6405421619052365,5.31875,5.718697534195981,84871.82055254445,8.17166249086572,-9.089573078341152,0.28254739870968315,386.89565217391305,2.8938845008837557,-19.457894122781937,6.962279489114306,8.17166249086572,-9.089573078341152
GB,2024-04-05,0.6531511590883157,5.335833333333333,5.718697534195981,83549.4472193144,6.340044511328059,-7.450797896196052,0.2926933856173304,386.53478260869565,2.916299765692517,-19.247364741449022,6.578793861808308,6.340044511328059,-7.450797896196052
GB,2024-04-06,0.676681991158156,5.27625,5.718697534195981,81193.69665250792,6.426867776970506,-9.361644614494043,0.31207440578636675,386.7304347826087,2.8938703424216436,-20.326951742605225,6.72255812099525,6.426867776970506,-9.361644614494043
GB,2024-04-07,0.6956271262416068,5.2375,5.718697534195981,79396.87028107244,6.020564829019821,-10.219415469028965,0.3282770964663319,387.3304347826087,3.0791586007887464,-21.688194044071995,6.868884500862601,6.020564829019821,-10.219415469028965
GB,2024-04-08,0.7039040732162397,5.242916666666667,5.718697534195981,78639.67449292274,7.529074777090278,-11.90197691274559,0.3359496846926172,388.2739130434783,3.865240340243155,-23.324503023937392,7.115406755397885,7.529074777090278,-11.90197691274559
GB,2024-04-09,0.7057572946384243,5.2475,5.718697534195981,78472.47857908548,9.640394419205172,-13.97422914331395,0.33826838446194457,388.9826086956522,5.219443302042438,-26.333087269011468,7.7601552953399375,9.640394419205172,-13.97422914331395
GB,2024-04-10,0.7040919869620231,5.120416666666666,5.718697534195981,78622.51724149968,9.446924077349028,-15.659839321489075,0.3378025912445859,389.96086956521737,5.054612564049157,-27.184863292382243,7.867249338726706,9.446924077349028,-15.659839321489075
GB,2024-04-11,0.7002155901710353,4.935416666666667,5.718697534195981,78974.77475855539,8.267318724772549,-17.252906403316246,0.3340507798317205,388.3086956521739,3.600464908317483,-20.50843649916975,5.960945666269255,8.267318724772549,-17.252906403316246
GB,2024-04-12,0.6884847657824749,5.2091666666666665,5.718697534195981,80062.80282780936,8.005861642158148,-12.369373467529616,0.3228100306210313,388.1565217391304,3.2458394223492744,-21.455585013969365,6.930635997142397,8.005861642158148,-12.369373467529616
GB,2024-04-13,0.678809225666153,5.239166666666667,5.718697534195981,80981.97526792687,6.382989924427092,-9.9546782294909,0.31430526692456645,387.4695652173913,2.562171129359004,-19.11274772446508,6.378432758436281,6.382989924427092,-9.9546782294909
GB,2024-04-14,0.6808388074811915,5.21375,5.718697534195981,80786.87002653068,5.4340392221582885,-9.455161820585364,0.3166775282976494,388.25217391304346,2.840400634445735,-20.491195742166287,6.595294646921704,5.4340392221582885,-9.455161820585364
GB,2024-04-15,0.686085736503209,5.21375,5.718697534195981,80286.78968187587,7.604887099447052,-11.777634283971306,0.3218583740842633,388.8478260869565,3.493270551074758,-22.308795725525652,7.121880079265429,7.604887099447052,-11.777634283971306
GB,2024-04-16,0.6867614849958374,5.2425,5.718697534195981,80222.80804443284,7.880669838457071,-11.6146666685607,0.3225799054239342,388.95652173913044,4.115980235849979,-23.906940354368825,7.5366434702231295,7.880669838457071,-11.6146666685607
GB,2024-04-17,0.6843139859541945,5.272916666666666,5.718697534195981,80454.74819195809,8.879586094792538,-12.030128636583337,0.32086320505719707,389.12608695652176,4.633809003447441,-24.542026037314702,7.610761207735049,8.879586094792538,-12.030128636583337
GB,2024-04-18,0.6826480152991743,5.248333333333333,5.718697534195981,80613.39748117745,5.052470392214767,-15.78636829783502,0.32013733533518834,389.8391304347826,5.096109393700448,-26.206205409749437,8.18816216009477,5.052470392214767,-15.78636829783502
GB,2024-04-19,0.6823749763967096,5.08,5.718697534195981,80639.47006901911,7.226893284174585,-26.78160325355375,0.3199263326547566,389.6565217391304,3.4131939688015054,-22.47835407870816,7.002124209535492,7.226893284174585,-26.78160325355375
GB,2024-04-20,0.6845652454180975,5.14875,5.718697534195981,80431.00933929364,8.305386152513057,-26.80388516484009,0.3216215489099435,389.295652173913,4.213333583483694,-24.646822522806065,7.588957001070448,8.305386152513057,-26.80388516484009
GB,2024-04-21,0.6919464572322086,5.092083333333333,5.718697534195981,79737.2439820662,7.600167392403428,-27.107511192565696,0.3272887337360515,388.55652173913046,3.792339359301274,-24.096418316270206,7.370578663645107,7.600167392403428,-27.107511192565696
GB,2024-04-22,0.6984590938412358,5.256666666666667,5.718697534195981,79134.8994092152,8.599861785864261,-25.67205409049209,0.33134506362671895,386.8391304347826,2.852786826403804,-20.498866056863925,6.771357800109429,8.599861785864261,-25.67205409049209
GB,2024-04-23,0.6995494877364472,5.3308333333333335,5.718697534195981,79035.00928392842,6.3326479949229135,-22.26813097121953,0.33203700643197387,386.5217391304348,3.1341215096475596,-20.759515968708513,6.702387799250645,6.3326479949229135,-22.26813097121953
GB,2024-04-24,0.6988073456791394,5.269583333333333,5.718697534195981,79102.92960944278,6.547705638097643,-23.41604562661247,0.3317466063132828,386.9347826086956,3.2167574888202104,-22.04981669683291,7.068606662899897,6.547705638097643,-23.41604562661247
GB,2024-04-25,0.6922324793228544,5.2275,5.718697534195981,79711.06065071328,6.851979558199844,-24.25326030401463,0.3270672980907019,387.2173913043478,3.497845198242323,-21.957166845943213,6.87617918302072,6.851979558199844,-24.25326030401463
GB,2024-04-26,0.6770258934804683,5.140833333333333,5.718697534195981,81158.06899088714,7.612583835338845,-26.16690494169223,0.3146998963121771,386.97826086956525,3.0734963012247123,-21.881713289321542,7.142857977598771,7.612583835338845,-26.16690494169223
GB,2024-04-27,0.6563717677022557,5.107916666666666,5.718697534195981,83218.38086398118,6.406191822463334,-25.28430659526366,0.2968244816284553,385.8086956521739,2.547965018296647,-20.768740156073488,7.01682037965272,6.406191822463334,-25.28430659526366
GB,2024-04-28,0.6348154787462721,5.180416666666667,5.718697534195981,85495.6532189251,7.70997072056298,-25.139371391792835,0.2799041936279865,386.31739130434784,2.652938127166766,-20.078508759538902,7.164399823044133,7.70997072056298,-25.139371391792835
GB,2024-04-29,0.6143451484287094,5.214166666666666,5.718697534195981,87791.47758290102,7.215956933064163,-23.835947987570556,0.2640700281328444,390.3722222222222,3.0113312050130014,-20.12640014531798,7.217292536206523,7.215956933064163,-23.835947987570556
GB,2024-04-30,0.5948409749695178,5.179583333333333,5.718697534195981,90111.4214337703,8.108561587380928,-25.10382196941507,0.2489216656676922,386.24347826086955,2.0825333840479163,-17.37120900016951,6.725391565897861,8.108561587380928,-25.10382196941507
GB,2024-05-01,0.5764802232348547,5.35125,5.718697534195981,92424.11573233423,9.727588852938268,-23.485564080342677,0.23582868546606287,386.9761904761905,3.624144861050085,-20.157989927615688,7.779680029148752,9.727588852938268,-23.485564080342677
GB,2024-05-02,0.5606982314785482,5.3220833333333335,5.718697534195981,94520.86066834316,10.48420815151854,-24.53920303167876,0.22453728639433032,387.25217391304346,3.443173316623917,-19.313120889793943,7.6542021471327475,10.48420815151854,-24.53920303167876
GB,2024-05-03,0.5458597892165771,5.2775,5.718697534195981,96592.81070358926,10.511828187539106,-25.194547862741075,0.21392690136235581,387.3695652173913,2.9915582984863267,-18.13688346084789,7.410579561053511,10.511828187539106,-25.194547862741075
GB,2024-05-04,0.5335917912266587,5.148333333333333,5.718697534195981,98382.03412171725,8.539453254148096,-25.500882073016236,0.20473514946591506,386.6217391304348,1.9156680218399904,-15.342622475700098,6.4860206249785914,8.539453254148096,-25.500882073016236
GB,2024-05-05,0.5256500382534278,5.07875,5.84540564854214,99581.41493513173,6.345555242926035,-24.76615287225986,0.2036845260578639,386.8,1.8581321834550577,-17.504080434866278,7.4182368215513135,6.345555242926035,-24.76615287225986
GB,2024-05-06,0.5190744411276306,5.1775,6.088845405567743,100599.64970977146,9.806018971072762,-26.718673670872185,0.20759237104833578,387.1304347826087,3.3511514699191913,-20.35776740597811,8.371045914135312,9.806018971072762,-26.718673670872185
GB,2024-05-07,0.5146503496326401,5.005833333333333,6.2601102962133295,101297.86628772851,8.750762799840803,-29.17585261681883,0.21036229897025355,387.5173913043478,2.820099852327283,-19.852253800718923,8.097309091571566,8.750762799840803,-29.17585261681883
GB,2024-05-08,0.5098531837714942,4.997083333333333,6.4535360442270155,102068.20885580088,9.344257183868546,-30.23806049016726,0.21326626456679626,387.6434782608696,3.0821953196941765,-20.75561833224952,8.464408906965765,9.344257183868546,-30.23806049016726
GB,2024-05-09,0.5046414998071207,5.107916666666667,6.672064821047328,102919.18823728422,11.385962667711231,-30.44757904249396,0.2166023487657037,388.03478260869565,3.4448234728829847,-21.499981108014115,9.135446052732108,11.385962667711231,-30.44757904249396
GB,2024-05-10,0.503033982948468,4.979583333333333,6.741305748700118,103184.69963221526,6.983761319337621,-28.701239541749697,0.21668265436476578,386.32608695652175,2.2231251163746446,-19.67681182259279,8.486829427726724,6.983761319337621,-28.701239541749697
GB,2024-05-11,0.5008040375668467,5.14375,6.839648221732454,103556.73210336047,8.435823028642018,-27.068076065982066,0.21864702254079688,387.54782608695655,2.191406804752474,-18.742384085678033,8.587944673520695,8.435823028642018,-27.068076065982066
GB,2024-05-12,0.4951340022279654,5.181666666666667,7.096911900836215,104514.19370063409,5.614817572035803,-23.898907772520264,0.2213075062291317,386.2782608695652,2.0712147070343705,-19.571515507901907,9.04560599499403,5.614817572035803,-23.898907772520264
GB,2024-05-13,0.4958920223445348,5.179583333333333,7.061869280581078,104385.16450659526,6.71223554276607,-24.989041509724427,0.22091548736616004,386.2391304347826,1.422802897989296,-17.847671763115258,8.422626852042876,6.71223554276607,-24.989041509724427
GB,2024-05-14,0.4988153795591896,5.21125,6.928078943288036,103889.6843001419,9.151773755079407,-26.58404862776345,0.21985555117757158,387.7,2.9289123277350533,-21.45126448816182,9.659955135402596,9.151773755079407,-26.58404862776345
GB,2024-05-15,0.4975173838549177,5.102083333333334,6.986997390206472,104108.91607790523,6.791327157023101,-26.463741428670115,0.2203402206057832,387.2086956521739,1.7221702369261804,-20.40078130501827,9.53822456519414,6.791327157023101,-26.463741428670115
GB,2024-05-16,0.4965798535083658,5.20625,7.029803372877725,104267.66038972704,7.274144228488048,-24.919168666276697,0.2216730061153164,388.6565217391304,2.331250827973201,-19.318599527353555,8.902113462174405,7.274144228488048,-24.919168666276697
GB,2024-05-17,0.4952444478549542,5.16625,7.091537778327999,104494.97359907716,6.582087333644089,-25.13594057421549,0.22181703574343342,387.5,2.456059919390116,-20.312314895783263,9.200187464671195,6.582087333644089,-25.13594057421549
GB,2024-05-18,0.4937469845534716,5.194583333333333,7.161544549148093,104751.09274783863,8.346255177631221,-26.416208451115235,0.22309221918027353,388.4260869565217,2.364273723983395,-20.427929819572316,9.487066324378546,8.346255177631221,-26.416208451115235
GB,2024-05-19,0.49333824339385923,5.166666666666667,7.1807975919620874,104821.22651592072,7.596416170253577,-26.229555489904666,0.22370913103112752,388.8521739130435,1.941505656642135,-18.215018390253356,8.550410716076128,7.596416170253577,-26.229555489904666
GB,2024-05-20,0.4922878084404141,5.235,7.230705127487342,105002.12841914438,7.484249429005124,-24.860910478136983,0.22376440550391857,387.95217391304345,2.384333821793407,-19.884795253037417,9.347220307338551,7.484249429005124,-24.860910478136983
GB,2024-05-21,0.49004193954917746,5.258333333333334,7.338821754118398,105391.07438915216,6.71891674499507,-23.759230088193533,0.22545713030281334,388.2869565217391,2.181597935312426,-18.7180472332651,8.884931182145538,6.71891674499507,-23.759230088193533
GB,2024-05-22,0.4874789300358476,5.2683333333333335,7.464814835785482,105838.91744006061,7.711518385135957,-24.692278952835604,0.22749006658060042,388.8086956521739,2.372625652034758,-18.70530709187972,8.885719667970514,7.711518385135957,-24.692278952835604
GB,2024-05-23,0.4850773235279566,5.320416666666667,7.585316338578009,106262.23609785551,8.911754720065813,-24.976514876813,0.22940130084683877,389.17826086956524,2.7358553468626683,-18.23278260860041,8.586003500516862,8.911754720065813,-24.976514876813
GB,2024-05-24,0.48533032365036916,5.305833333333333,7.572476957611082,106217.42442093263,9.163897844765838,-25.506468049349284,0.22930893452235152,389.4347826086956,2.613392959568476,-17.884431627045114,8.449530434398515,9.163897844765838,-25.506468049349284
GB,2024-05-25,0.4858367159484387,5.148333333333333,7.5468696102534825,106127.86757939059,8.992948804848666,-28.482634528290067,0.22876572907278112,389.24347826086955,2.105289890992866,-18.945772118078857,9.186282409206513,8.992948804848666,-28.482634528290067
GB,2024-05-26,0.48551575352258985,5.172916666666667,7.563072318299785,106184.58926538576,7.1742267924311385,-26.18029784641157,0.229152024223618,389.4782608695652,1.921619179072947,-17.478288710869645,8.305050881951265,7.1742267924311385,-26.18029784641157
GB,2024-05-27,0.4862685629457286,5.190833333333333,7.525156625291214,106051.68041840282,6.430128499257669,-25.03372428713702,0.22851931433954445,389.38260869565215,2.116409482279575,-18.486485428580032,8.639145886069523,6.430128499257669,-25.03372428713702
GB,2024-05-28,0.48731090247006253,5.18875,7.473055065566585,105868.24844957887,8.310015024142924,-26.87046236528416,0.2281235022317519,389.74782608695654,2.2169781823590817,-18.614975104556372,8.78893220647955,8.310015024142924,-26.87046236528416
GB,2024-05-29,0.48709430985594043,5.270416666666667,7.483900882475716,105906.393755803,8.300285144804608,-25.24655755639096,0.2280914602429318,389.68695652173915,2.2662550890846846,-17.250626074971304,8.258910290809228,8.300285144804608,-25.24655755639096
GB,2024-05-30,0.48357238050837614,5.355416666666667,7.662560596184133,106530.08145106486,7.70168608950144,-23.17297484160728,0.23012825096813092,389.2086956521739,2.1848168419039142,-16.010315753833286,7.777875425889703,7.70168608950144,-23.17297484160728
GB,2024-05-31,0.47865514121799846,5.3774999999999995,7.92104563609225,107414.15761738697,8.32496464933227,-23.652959294945056,0.23341077640582542,389.25217391304346,2.3045067986451366,-16.56086613447585,8.181808379993432,8.32496464933227,-23.652959294945056
GB,2024-06-01,0.47416573426545616,5.414166666666667,8.16678575025642,108235.35264640694,9.09314320053855,-23.947677357263913,0.23660441140955837,389.2608695652174,2.4186694078458086,-16.487628000677113,8.203696286988263,9.09314320053855,-23.947677357263913
GB,2024-06-02,0.4708341106251469,5.2316666666666665,8.355688277121253,108853.98864218083,6.310934957289554,-25.190472821161222,0.23836789588305468,388.45217391304345,1.6433570976607732,-17.538130523050672,8.850161050540732,6.310934957289554,-25.190472821161222
GB,2024-06-03,0.4676632758355899,5.3445833333333335,8.541004285847567,109450.41808607572,8.20914402927857,-24.910921894748977,0.24162999478748182,389.8695652173913,2.257315420518073,-17.098149742264276,8.59888612231765,8.20914402927857,-24.910921894748977
GB,2024-06-04,0.4642203074125547,5.325,8.748312960663611,110106.30938421044,8.803296289789852,-26.1486225955325,0.24427497211897262,389.8565217391304,2.2717223886047377,-17.12828611468141,8.653919903359775,8.803296289789852,-26.1486225955325
GB,2024-06-05,0.46082386791586305,5.339166666666666,8.95915513593531,110761.80260025646,9.117101513507103,-26.396760674757637,0.24693740961720917,390.60869565217394,2.3656370923236456,-17.706233827693932,9.053625452692971,9.117101513507103,-26.396760674757637
GB,2024-06-06,0.45839808800137444,5.359166666666667,9.113863219058038,111235.38496023692,9.517651080192577,-26.520267452544616,0.2493225147805393,390.83478260869566,2.645209078119908,-17.177099052386563,8.633050437563265,9.517651080192577,-26.520267452544616
GB,2024-06-07,0.45539533638081076,5.31625,9.310575369034428,111828.34339312944,10.012400084656909,-28.133741908088737,0.25195166802618235,391.18695652173915,2.52288441965818,-16.881795861510028,8.546127339730656,10.012400084656909,-28.133741908088737
GB,2024-06-08,0.4515849277194344,5.257916666666667,9.567896491860314,112590.58528410437,8.656242179295877,-28.315377702485332,0.2551187433909228,391.6695652173913,2.2223005793915993,-16.64533784075361,8.535720572647794,8.656242179295877,-28.315377702485332
GB,2024-06-09,0.44879114347148813,5.245,9.762289213341099,113156.62881721249,7.413148849964321,-27.590964464845833,0.2571625776518873,391.4782608695652,1.8630161653124235,-16.113890013218136,8.453283039421015,7.413148849964321,-27.590964464845833
GB,2024-06-10,0.4464864731377836,5.32875,9.926874255377482,113628.77813830558,7.813795002962192,-26.36774288182592,0.258863872923447,391.2782608695652,2.099025065714027,-16.741622621704156,8.851361479497852,7.813795002962192,-26.36774288182592
GB,2024-06-11,0.4439282709245131,5.339166666666666,10.113562957796582,114157.72318042465,9.962140925827647,-28.480060792113065,0.261123728723856,390.5,2.3368623711518315,-17.205048483384402,9.084141661501574,9.962140925827647,-28.480060792113065
GB,2024-06-12,0.44279621951071657,5.32,10.197642201950236,114393.55363613332,10.046968668187777,-29.09932176339803,0.2617277509048433,390.1434782608696,2.3350149107718003,-17.701518589807602,9.40831668363598,10.046968668187777,-29.09932176339803
GB,2024-06-13,0.44128174329970105,5.37375,10.31178318260179,114711.02424277303,10.83806343675148,-28.796853827416665,0.2635529435745338,391.66521739130434,2.7562274216052596,-18.09437172367729,9.6051833773761075,10.83806343675148,-28.796853827416665
GB,2024-06-14,0.43874482879454435,5.349583333333333,10.506678219614926,115247.17394839661,9.636497189959774,-28.339664179666904,0.26566299523198833,391.31304347826085,2.4215991900729725,-17.43430462488536,9.36218838233781,9.636497189959774,-28.339664179666904
GB,2024-06-15,0.4390855991206549,5.3525,10.481042100166599,115175.79195715133,9.690893719360146,-28.274209107579583,0.2657146266109317,390.45652173913044,2.31246659507437,-16.720519951891497,8.941549161112325,9.690893719360146,-28.274209107579583
GB,2024-06-16,0.45123314076118126,5.379166666666666,9.599121356863378,112670.26024462897,10.504467968194074,-27.591600525695036,0.25557880364403596,389.56,2.690289033527514,-17.082137263165325,8.803814119457229,10.504467968194074,-27.591600525695036
ID,2022-11-07,0.9974177680822452,6.717272727272728,4.145729547293547,1310656.1585228117,6.159457451150274,-7.214166319762087,0.5359520919703362,328.3,NA,NA,NA,6.159457451150274,-7.214166319762087
ID,2022-11-08,0.9826430230630084,6.05625,4.187958487374456,1311349.285994288,4.806903916614961,-9.249247180105352,0.5245562634777599,325,5.538558494753096,-15.609804425893586,3.587622991140703,4.806903916614961,-9.249247180105352
ID,2022-11-09,0.9679142976395282,6.25,4.230808376856499,1312047.8557971295,5.172239928539483,-9.03884632151502,0.5150995125549127,322,6.149505619132762,-16.182637744956367,3.7662099301362,5.172239928539483,-9.03884632151502
ID,2022-11-10,0.9930183223883826,5.196666666666666,4.159438141309653,1310874.077021462,0.7857653638909214,-10.42613449180792,0.5211475548021484,314.3,2.0717028174402934,-15.793735269631288,3.357534089042454,0.7857653638909214,-10.42613449180792
ID,2022-11-11,1.0278476186593462,5.555833333333333,4.062471549092537,1309266.6147761543,3.9404174422129703,-11.58425798209017,0.5353550054296667,327.3,4.692161459739763,-15.936952181631932,3.312046071822441,3.9404174422129703,-11.58425798209017
ID,2022-11-12,1.0238752392700654,5.869166666666667,4.0729429963395685,1309443.8986897683,4.509825317915071,-10.515388197599464,0.5349969590959188,327.6,5.571805370082452,-15.982778823281816,3.3272777941221237,4.509825317915071,-10.515388197599464
ID,2022-11-13,1.0183309645594958,5.98,4.08789137634351,1309694.796064303,4.4596109071381065,-10.118365147058787,0.5276529006711469,326.5,5.694788395251622,-15.1119593954906,3.33083113723241,4.4596109071381065,-10.118365147058787
ID,2022-11-14,1.0071375775763334,6.27875,4.118631317353879,1310207.1232478882,4.607472491566477,-8.794646262069556,0.5198030573825048,318,5.499953828865282,-15.276161907297638,3.3507524597778047,4.607472491566477,-8.794646262069556
ID,2022-11-15,1.0069983692617142,5.746666666666667,4.118962698044362,1310212.9714511423,3.378583483274593,-9.938407576430537,0.5277267842347526,324.3,4.468803004680959,-15.639406664925591,3.3469734525189527,3.378583483274593,-9.938407576430537
ID,2022-11-16,1.0158580485552509,6.032916666666667,4.0946377991448175,1309807.5210550798,4.2399492759252215,-9.506179812764628,0.5299471795399967,327.2,6.160348620459316,-15.45627327740004,3.3357566526875666,4.2399492759252215,-9.506179812764628
ID,2022-11-17,1.0023648454964638,6.340833333333333,4.131936192364187,1310427.6015909803,4.038034442719967,-8.316292356457817,0.5146905583099981,320.6,5.355577667494797,-14.430572594982062,3.386701232127549,4.038034442719967,-8.316292356457817
ID,2022-11-18,0.9902618100426948,6.405,4.1659373926357315,1310989.3805116806,3.952314040866648,-7.803467710691578,0.5104009348193554,318,4.843838723539672,-13.863713614902174,3.496517871441988,3.952314040866648,-7.803467710691578
ID,2022-11-19,0.9844400294208399,6.31875,4.182561177110217,1311262.3420149211,3.420434338716476,-7.510074849185794,0.5090997290921614,315,4.757679356092115,-14.718104709764049,3.540660592874106,3.420434338716476,-7.510074849185794
ID,2022-11-20,0.9839563470598093,5.917916666666667,4.183942092848099,1311285.0180341813,2.2709180087869547,-8.353902398566351,0.5100077146945403,319.4,2.636957815253718,-13.48600414573427,3.5536374759901292,2.2709180087869547,-8.353902398566351
ID,2022-11-21,0.9776028515417988,6.396521739130435,4.202322257921389,1311585.318192847,3.8050112434974848,-7.014917989202612,0.5137044142056572,324.275,NA,NA,NA,3.8050112434974848,-7.014917989202612
ID,2022-11-22,0.9794442480695384,6.149583333333333,4.196972424215715,1311498.0538216927,3.6156510856237616,-7.783472286241864,0.5191432917942449,323.6478260869565,5.210518433694795,-15.271203783284252,3.5979178196481603,3.6156510856237616,-7.783472286241864
ID,2022-11-23,0.9792644854800954,6.194583333333333,4.197516985014932,1311506.7975653103,3.937403139094909,-7.718414351841886,0.5216387285332592,324.9347826086956,5.594608583438384,-15.451323777798963,3.596614939732006,3.937403139094909,-7.718414351841886
ID,2022-11-24,0.9776202533410305,6.054583333333333,4.2022707677963265,1311584.4842474905,3.565674818835179,-7.873801771987227,0.5246039108259408,327.7739130434783,5.650779041597499,-15.977824026476553,3.621599828250436,3.565674818835179,-7.873801771987227
ID,2022-11-25,0.9751199659591927,5.940416666666667,4.2095501775482695,1311703.1277778603,3.644360955173184,-8.437312861242686,0.5272309014607486,328.96521739130435,5.322030196973163,-15.965436345359045,3.651709399591792,3.644360955173184,-8.437312861242686
ID,2022-11-26,0.9703076383882954,5.804166666666666,4.223675095523966,1311932.6293721003,2.6696159802343056,-8.412979499546523,0.5244055014068562,328.17391304347825,4.153603632639714,-15.304952064741029,3.699434248989873,2.6696159802343056,-8.412979499546523
ID,2022-11-27,0.9702255710548525,5.959583333333334,4.2239930441914435,1311937.3148737068,3.5029220641481444,-8.343537366880135,0.5251481903880286,329,4.8105160178764255,-15.175466480392783,3.699313609105057,3.5029220641481444,-8.343537366880135
ID,2022-11-28,0.9639482467298968,6.232083333333334,4.242510204297115,1312237.6066674413,3.8972756004864255,-7.5580546426713395,0.5155480317417338,324.0304347826087,4.776946328899207,-14.876480842354042,3.8007944752385097,3.8972756004864255,-7.5580546426713395
ID,2022-11-29,0.9511524763672661,6.295833333333333,4.281017019520978,1312857.3178453345,4.323168206096539,-7.545050336620752,0.5147625155310865,324.7739130434783,5.349501150066959,-15.506656290575531,3.9428286544215942,4.323168206096539,-7.545050336620752
ID,2022-11-30,0.9577260018743081,5.917916666666667,4.261388465190722,1312540.482556521,3.34037125546737,-8.270494689215363,0.5167779336464554,324.7173913043478,3.6164574062161474,-14.844155489845042,3.8258963015374783,3.34037125546737,-8.270494689215363
ID,2022-12-01,0.9540285877459048,6.4075,4.272428658049454,1312718.6851127937,4.412075185259916,-7.29012668084734,0.509853922802897,321.4826086956522,4.880041135044503,-14.244436429064873,3.942884848447034,4.412075185259916,-7.29012668084734
ID,2022-12-02,0.9366933943213488,6.425833333333333,4.3256070098122805,1313568.245923582,4.278373096313419,-6.665598135952336,0.507693876302123,322.2695652173913,4.9405441719971455,-15.159983457191684,4.135576741945195,4.278373096313419,-6.665598135952336
ID,2022-12-03,0.935933308523747,6.297083333333333,4.327976433251824,1313605.8680091295,4.0362127614496766,-7.046652591466912,0.5121257059363923,327.8304347826087,4.964774550393604,-15.362928159032569,4.124863807869723,4.0362127614496766,-7.046652591466912
ID,2022-12-04,0.9403550953998407,6.19875,4.314195818501851,1313387.0360340748,4.378416531066248,-7.709433104779422,0.5136348987778822,336.0521739130435,5.286218825262964,-16.07994306075857,4.07264862844093,4.378416531066248,-7.709433104779422
ID,2022-12-05,0.937555778297072,6.082916666666667,4.3229111845923756,1313525.486536941,3.305766568472488,-7.045184601776627,0.5154434897348177,327.0565217391304,4.936133464588269,-15.931077757989556,4.112601461489126,3.305766568472488,-7.045184601776627
ID,2022-12-06,0.936891901260637,6.2275,4.324969852094467,1313558.2404671016,4.491404812517972,-7.437203339729541,0.5163771198676261,327,5.468991869949132,-15.777506608527396,4.119814368489455,4.491404812517972,-7.437203339729541
ID,2022-12-07,0.9350703983567916,6.213333333333333,4.330676498346894,1313648.6785919415,4.28996127640671,-7.334647525599259,0.5146093664569673,326.16521739130434,5.032363164762096,-15.606435049466326,4.157178668539395,4.28996127640671,-7.334647525599259
ID,2022-12-08,0.9296463017489656,6.24,4.347748903339887,1313918.7593689503,4.500962388670284,-7.370308603415296,0.5131551535910279,326.19565217391306,5.216352467357702,-15.82632136084838,4.234279196639736,4.500962388670284,-7.370308603415296
ID,2022-12-09,0.9266573946495044,6.305833333333333,4.357220561095688,1314068.2105869332,4.952744034328013,-7.4866868923754835,0.5118315723961625,330.44347826086954,5.475857354139888,-15.889625880275966,4.271922500162565,4.952744034328013,-7.4866868923754835
ID,2022-12-10,0.9218597837766093,6.357083333333334,4.372550211725095,1314309.3292141093,4.798338253597013,-7.777565879697941,0.510087536345495,329.69565217391306,5.647678723888994,-16.04110124321534,4.334576259189537,4.798338253597013,-7.777565879697941
ID,2022-12-11,0.9201128709591089,6.0775,4.378160736755581,1314397.4041088682,2.988960844755879,-7.57350728735212,0.5089478194526564,326.4260869565217,4.420634088011323,-15.844224395844002,4.364213953784684,2.988960844755879,-7.57350728735212
ID,2022-12-12,0.9161688229977207,6.39875,4.390905826509376,1314597.0087035608,4.347545264255732,-7.275950573191164,0.5077728025294763,325.6217391304348,5.637920962538373,-15.864861598454118,4.3634867884752335,4.347545264255732,-7.275950573191164
ID,2022-12-13,0.9106882084915325,6.310833333333333,4.408758314278307,1314875.7485309807,3.9263311297016568,-7.29704970571566,0.5040203417118232,324.39130434782606,4.744110225069629,-15.327705948615236,4.345206568491962,3.9263311297016568,-7.29704970571566
ID,2022-12-14,0.907644557623682,6.31625,4.418766252117483,1315031.4471852314,3.9111701211236944,-7.109414373409163,0.5074387989949696,326.7217391304348,5.484630196030741,-16.109106277353312,4.3383101448005945,3.9111701211236944,-7.109414373409163
ID,2022-12-15,0.925130800216077,5.816666666666666,4.362503853721607,1314148.8738658454,1.6896933595729204,-7.542958444219987,0.5113307368627317,326.89565217391305,3.064446111482986,-14.933422149068695,4.21961690564717,1.6896933595729204,-7.542958444219987
ID,2022-12-16,0.92670739307136,6.557916666666666,4.357259314593532,1314067.6297078084,3.9807101865832406,-6.705481159897603,0.5005753553854317,321.2130434782609,4.812661682330639,-14.564694316429437,4.323380344870548,3.9807101865832406,-6.705481159897603
ID,2022-12-17,0.9055127121100264,6.524583333333333,4.4258555132021895,1315141.2649253113,4.041317470185726,-7.040975477211361,0.4950523904954374,319.6304347826087,4.800990983169025,-15.066201103947686,4.323786238840438,4.041317470185726,-7.040975477211361
ID,2022-12-18,0.9037103838688781,6.4991666666666665,4.431772542927347,1315233.3746583865,3.5633728571865833,-7.3042956309493805,0.49472143305132277,319.19565217391306,4.633789929640232,-14.193899719695404,4.320091346309886,3.5633728571865833,-7.3042956309493805
ID,2022-12-19,0.8984118330332418,6.6345833333333335,4.449462520306872,1315506.9863383751,3.8447443605404863,-6.925656080154245,0.490825923173425,317.68695652173915,4.651511446436981,-14.539667502485695,4.29908132748775,3.8447443605404863,-6.925656080154245
ID,2022-12-20,0.899188409405518,6.197916666666667,4.4468852404381245,1315467.0325686927,3.3787909156978633,-8.282756584127654,0.49642880352243574,320.3434782608696,3.891202635173399,-15.335449105669747,4.313686409848552,3.3787909156978633,-8.282756584127654
ID,2022-12-21,0.9081986106624571,6.1379166666666665,4.416979462830464,1315003.4417974555,3.4733035808187536,-9.096478122921129,0.49660042515160513,318.6608695652174,3.961451702715548,-15.46066685941114,4.332160351388977,3.4733035808187536,-9.096478122921129
ID,2022-12-22,0.9037223686663172,6.239583333333333,4.431742161887296,1315232.8481202745,4.21546245089924,-9.137165887577437,0.4983762754157608,324.5,4.9155409405913435,-16.13601982517403,4.320165607731286,4.21546245089924,-9.137165887577437
ID,2022-12-23,0.9139189572781117,6.369166666666667,4.398340901427515,1314712.4615149105,5.117701766378054,-9.980095534306656,0.49761083801960926,318.9913043478261,5.350415367774591,-14.954295903468612,4.367611578358007,5.117701766378054,-9.980095534306656
ID,2022-12-24,0.9069097811852601,6.726818181818182,4.421265374884478,1315069.8326021489,4.1062425707506325,-9.078372429061348,0.4788577018506589,308.1391304347826,NA,NA,NA,4.1062425707506325,-9.078372429061348
ID,2022-12-25,0.8989688585550827,6.675909090909091,4.447582957722543,1315478.0322533813,4.131534618325619,-8.992278597143795,0.47970265322590344,309.6347826086957,NA,NA,NA,4.131534618325619,-8.992278597143795
ID,2022-12-26,0.8963879412555924,6.567272727272727,4.456216531060743,1315611.469386198,4.390890398399674,-9.920661434853557,0.4824297204181608,311.5869565217391,NA,NA,NA,4.390890398399674,-9.920661434853557
ID,2022-12-27,0.8947380525454371,6.2727272727272725,4.461800846322868,1315697.3913611502,4.148665472903799,-11.726824641825065,0.4856013755680884,313.9826086956522,NA,NA,NA,4.148665472903799,-11.726824641825065
ID,2022-12-28,0.8880008707502047,5.950909090909091,4.4846581029316495,1316048.7604869045,4.190904770625154,-14.39044286858748,0.48772387356476526,316.17826086956524,NA,NA,NA,4.190904770625154,-14.39044286858748
ID,2022-12-29,0.8830618463599604,5.465,4.5016046420944,1316308.1485462487,3.6636519501589087,-17.15672603929001,0.4942696287620958,320.7782608695652,NA,NA,NA,3.6636519501589087,-17.15672603929001
ID,2022-12-30,0.8798751042297706,5.510434782608695,4.512390664024652,1316476.1715956938,6.0205722399166435,-18.417623610805787,0.49814621389151376,323.67391304347825,NA,NA,NA,6.0205722399166435,-18.417623610805787
ID,2022-12-31,0.8791394664057398,4.895,4.513573703857859,1316515.677229078,1.9292148230061008,-17.983271608368458,0.5013372295745353,324.5043478260869,1.6975733552067696,-15.68329253648684,4.2430228257680644,1.9292148230061008,-17.983271608368458
ID,2023-01-01,0.8825558261096116,6.2034782608695656,4.503342904359822,1316334.7429996177,5.1816895600562685,-9.022967842309775,0.5033811152216685,328.1434782608696,NA,NA,NA,5.1816895600562685,-9.022967842309775
ID,2023-01-02,0.8826547194654046,6.149545454545454,4.502978055187366,1316329.3083473006,5.506283707485457,-9.566314533921735,0.5033499140209745,325.5,NA,NA,NA,5.506283707485457,-9.566314533921735
ID,2023-01-03,0.8833536862156334,5.788461538461538,4.500575781232418,1316292.5619266424,5.86860253239152,-11.20062321679289,0.49932917523650894,325.7608695652174,NA,NA,NA,5.86860253239152,-11.20062321679289
ID,2023-01-04,0.8934627426796552,5.6433333333333335,4.466797597006866,1315770.2868706211,2.486963394724983,-9.936158713421747,0.5051860747232388,325.04347826086956,3.4018527806236474,-16.475224787610234,4.2947779469613945,2.486963394724983,-9.936158713421747
ID,2023-01-05,0.8979516881811285,6.1225,4.4510128949660395,1315530.8822454715,4.073795995931802,-9.675200716180356,0.5032526395891285,324.69565217391306,4.682013847046166,-15.170700880355872,4.2928124579169475,4.073795995931802,-9.675200716180356
ID,2023-01-06,0.8905084448888847,6.377083333333333,4.476092090900095,1315917.4255080856,3.62834559901712,-8.669637516892568,0.49184163557802113,318.1304347826087,4.219191262417019,-14.13206839218139,4.272799304290858,3.62834559901712,-8.669637516892568
ID,2023-01-07,0.888963297862372,6.47625,4.481348791327104,1315998.1482929732,3.522496408271145,-8.025073695913457,0.48971918256580077,316.9956521739131,4.234414178568953,-14.20956362417595,4.271729969150466,3.522496408271145,-8.025073695913457
ID,2023-01-08,0.8900457110672236,6.483333333333333,4.477655650420867,1315941.4985372499,3.7525991205725746,-7.945881264047235,0.4927800978732062,318.4304347826087,4.623881388136323,-14.820133614095791,4.270682811574818,3.7525991205725746,-7.945881264047235
ID,2023-01-09,0.8934046909805228,6.287083333333333,4.466271209244972,1315766.424294138,3.753769447496551,-8.66667920872231,0.4984006180362552,321.19565217391306,4.681981881413875,-14.841377104137786,4.286432011675181,3.753769447496551,-8.66667920872231
ID,2023-01-10,0.8949542959717314,6.4695833333333335,4.4610514219824,1315685.9637779184,3.8559376626388313,-8.33003947832154,0.4933183076261479,317.5086956521739,4.684827376681425,-14.484040872846869,4.291459059395026,3.8559376626388313,-8.33003947832154
ID,2023-01-11,0.8909028692913118,6.480833333333333,4.474760108320875,1315896.913293003,3.9943244709456223,-8.381342259969642,0.49311845182254077,317.5086956521739,4.809515029048392,-14.906913326874726,4.270106892204931,3.9943244709456223,-8.381342259969642
ID,2023-01-12,0.888780084157869,6.35,4.481990808103604,1316007.8974060402,3.910285343325056,-8.598548642473293,0.4969226830613505,319.73478260869564,5.049195121879413,-15.384194545167588,4.276489659001622,3.910285343325056,-8.598548642473293
ID,2023-01-13,0.9093673106093518,6.047916666666667,4.413180178642179,1314944.0726752507,1.8695339779387403,-9.024104276120402,0.49681456606386126,317.6347826086957,5.007778742137483,-16.14865051793981,4.3459306305082706,1.8695339779387403,-9.024104276120402
ID,2023-01-14,0.8982686463991258,6.714166666666666,4.449998435137369,1315514.9314906274,3.4662973946827096,-7.670967668055981,0.48478398651846333,312.04782608695655,4.845150308628777,-14.150658913825806,4.293152687833557,3.4662973946827096,-7.670967668055981
ID,2023-01-15,0.8910880010700079,6.741666666666667,4.474130768301041,1315887.2459352517,3.749071682328306,-7.514699833569035,0.4838594441288054,311.7782608695652,4.572203050636697,-13.78185458833082,4.276881819347629,3.749071682328306,-7.514699833569035
ID,2023-01-16,0.8923554023626366,6.682916666666666,4.469815488734309,1315821.0003085926,3.885845576746824,-7.78383679090245,0.487074751342247,312.74782608695654,4.7294591546238465,-14.247416160046884,4.28324855897913,3.885845576746824,-7.78383679090245
ID,2023-01-17,0.895289518387772,6.547916666666667,4.459907965388607,1315668.421739315,4.0824015792785815,-8.307163454410617,0.49223599256284284,314.68260869565216,5.129900068574065,-15.298007526382928,4.294610936668118,4.0824015792785815,-8.307163454410617
ID,2023-01-18,0.9001317582399694,6.28625,4.443684333983218,1315417.8276018943,4.000487323075078,-8.909243765333555,0.5021682084521287,320.60434782608695,5.164436170041367,-15.643520312573292,4.308524050448891,4.000487323075078,-8.909243765333555
ID,2023-01-19,0.9040150226016616,6.183333333333334,4.430757541607694,1315217.6631610233,3.722641857522971,-9.252481279508116,0.5044733344264545,322.1608695652174,5.09427559769569,-16.380776632724174,4.3287129894309935,3.722641857522971,-9.252481279508116
ID,2023-01-20,0.9132711870495323,6.344166666666666,4.400322182558999,1314744.164374561,4.70168125404627,-9.639182065898948,0.5054458258362527,321.7217391304348,5.628681512827284,-15.557338259729509,4.353445975706726,4.70168125404627,-9.639182065898948
ID,2023-01-21,0.9084314875944403,5.947916666666667,4.416212706557026,1314991.5185572586,2.2752600860163565,-9.48547916381937,0.4943211796379003,317.2391304347826,2.715524208277719,-15.287965458472014,4.333790784561062,2.2752600860163565,-9.48547916381937
ID,2023-01-22,0.9130455493151529,6.2004166666666665,4.401214721242971,1314757.1612406392,3.811663393445272,-9.337490419290734,0.50563560393768,323.3521739130435,5.404255585195935,-16.86416100256219,4.368335194588067,3.811663393445272,-9.337490419290734
ID,2023-01-23,0.9215249931932277,6.385833333333333,4.373678015479932,1314326.7183688434,5.180434544388169,-10.43645855660484,0.503441692994539,321.8,5.794569093398298,-15.41353965669661,4.3646230387328355,5.180434544388169,-10.43645855660484
ID,2023-01-24,0.906685581119973,6.664583333333334,4.4219764997281,1315081.050734092,4.350169780481775,-8.220663160736152,0.4950504036457403,321.53478260869565,5.6195751818294,-15.447762256140209,4.322776564956089,4.350169780481775,-8.220663160736152
ID,2023-01-25,0.9168599282274306,6.0129166666666665,4.390078736660296,1314575.6680947484,3.258910245094185,-9.51265259529614,0.5054415829522402,323.19565217391306,4.379177887532759,-16.485529174170775,4.27286880607899,3.258910245094185,-9.51265259529614
ID,2023-01-26,0.9563633022851661,6.51875,4.2652224207940215,1312603.82504296,4.986061504018072,-9.58047840960974,0.507114338210683,320.04347826086956,5.6449285351706555,-14.213821104412888,3.856048159472907,4.986061504018072,-9.58047840960974
ID,2023-01-27,0.9674237115285695,6.769166666666667,4.232319514489731,1312071.962764802,4.486468521753534,-8.372637527177602,0.5021552214000906,316.38695652173914,5.463091543031475,-13.71968655080577,3.6752916191222624,4.486468521753534,-8.372637527177602
ID,2023-01-28,1.0061046823882354,6.77,4.121720590637989,1310256.992214031,4.620877228808389,-8.56525434711748,0.5096213885576145,316.31304347826085,5.949477901823741,-14.592649572176017,3.3430317326651102,4.620877228808389,-8.56525434711748
ID,2023-01-29,1.0621848428311205,6.345833333333333,3.9736821865873626,1307752.483935535,4.6635483280855246,-10.10047597885257,0.5337675721286942,323.5086956521739,6.809187306551168,-16.515005886306366,3.265328837137289,4.6635483280855246,-10.10047597885257
ID,2023-01-30,1.1332693172944808,6.25625,3.803205557563986,1304760.739968581,5.391312457090899,-11.290147455883169,0.5536747749722513,327.1434782608696,7.524627222013021,-17.307903127055337,3.188140034261969,5.391312457090899,-11.290147455883169
ID,2023-01-31,1.189598077457083,6.2125,3.6802608968322743,1302523.8446824767,5.708049369268404,-12.061470400654938,0.5643685287822572,327.75652173913045,8.470338153868473,-18.55010668510873,3.1261047787640117,5.708049369268404,-12.061470400654938
ID,2023-02-01,1.2421777483376386,6.122916666666667,3.5740345937421076,1300533.0770661705,4.77861304290847,-12.129395981985668,0.5675315499909289,325.05,7.228852957303578,-18.081492249445265,3.074587476536325,4.77861304290847,-12.129395981985668
ID,2023-02-02,1.2934877654169006,6.272916666666666,3.4775362065701616,1298674.3911373331,5.712759310726493,-12.748307308762014,0.5784275225622347,326.03478260869565,9.024080561507866,-19.83798042174008,3.0260959703602306,5.712759310726493,-12.748307308762014
ID,2023-02-03,1.3512153692913116,5.930416666666667,3.3764363306817193,1296673.3040270805,3.3324585613337883,-13.16361083150436,0.5789359663864377,321.11304347826086,6.502226151859728,-17.59447929115658,2.9675596140666585,3.3324585613337883,-13.16361083150436
ID,2023-02-04,1.3721548817240763,6.654583333333333,3.341194076640394,1295965.0219252151,5.450380624447775,-11.800419745490242,0.5730013424396322,317,8.481597380299322,-18.787726156975783,2.9652469437680837,5.450380624447775,-11.800419745490242
ID,2023-02-05,1.3982522995153701,6.372916666666667,3.2989658969898423,1295103.45074241,5.256761890315186,-12.831067297889277,0.5856441668919697,320.8304347826087,9.385668551376336,-20.40156780340236,2.9377912000233155,5.256761890315186,-12.831067297889277
ID,2023-02-06,1.434236538072323,6.37875,3.242756440552907,1293941.0801655236,6.000958239678871,-13.631351188512102,0.5911473947260207,320.4260869565217,9.31618214472554,-20.01241884967293,2.911088927859259,6.000958239678871,-13.631351188512102
ID,2023-02-07,1.4627738421460708,6.4425,3.199766111297863,1293039.6544186415,6.3039539196648215,-13.965286427183155,0.5945381850967775,320.1695652173913,9.756038435445058,-20.98636129652941,2.891668116803589,6.3039539196648215,-13.965286427183155
ID,2023-02-18,2.313979595920384,6.294583333333334,2.346575476711951,1272255.0205798182,5.106126044970806,-18.06737496381364,0.6868794297898282,314.204347826087,11.739129592045447,-12.609391253689507,0.23719513867483905,5.106126044970806,-18.06737496381364
ID,2023-02-19,2.4160066997503966,6.15,2.2843022574884877,1270315.848735653,0.7777381776281803,-14.381558077588094,0.7034277976642496,319.6565217391304,11.570931775626308,-13.44235075575589,0.17779161278811662,0.7777381776281803,-14.381558077588094
ID,2023-02-20,2.509527514515977,5.952916666666667,2.2727879661225328,1268611.401770994,NA,-14.858949090973372,0.7402929411594404,325.7695652173913,12.861437578515469,-12.885375776259789,0.17426175306735603,12.861437578515469,-14.858949090973372
ID,2023-02-21,2.5813200156031773,5.78625,2.2727879661225328,1267346.3099865534,NA,-11.97589621734092,0.7696053142796483,329.37391304347824,12.965678263880967,-13.086276631316542,0.15633503378998354,12.965678263880967,-11.97589621734092
ID,2023-02-22,2.6306988502317554,5.664166666666667,2.2727879661225328,1266497.3469808965,NA,-10.670072548271683,0.7972788080872765,335.3,13.579944495965474,-13.967791264750645,0.14230037044182017,13.579944495965474,-10.670072548271683
ID,2023-02-23,2.656988493535323,5.775416666666667,2.2727879661225328,1266052.121513357,NA,-10.276612659130386,0.803482471630009,334.6521739130435,13.990234564185226,-14.082274640092544,0.1401371850651063,13.990234564185226,-10.276612659130386
ID,2023-02-24,2.659930182939235,5.85125,2.2727879661225328,1266002.530132429,NA,-8.428561970966845,0.8119292524266852,340.6217391304348,15.818282567108616,-15.912173196098085,0.12705619609477614,15.818282567108616,-8.428561970966845
ID,2023-02-25,2.635184775437623,5.967083333333333,2.2727879661225328,1266421.079875353,NA,-8.612649651828104,0.7968459792680327,330.1217391304348,17.12247734951576,-17.575528107941373,0.12213752776117678,17.12247734951576,-8.612649651828104
ID,2023-02-26,2.5919705655448597,6.11625,2.2727879661225328,1267161.5555208789,NA,-10.412403487568186,0.7859381750767149,329.0173913043478,19.641246482013106,-20.18128374280992,0.14009392222787237,19.641246482013106,-10.412403487568186
ID,2023-02-27,2.5458162478614934,6.03125,2.2727879661225328,1267966.37005344,0.06137347208382252,-12.288030392226482,0.7664519864007114,327.3608695652174,18.720031508058053,-19.39994805112599,0.14676327376790194,0.06137347208382252,-12.288030392226482
ID,2023-02-28,2.494028540946571,5.70625,2.2727879661225328,1268888.0106158531,NA,-13.534393768920532,0.7547366420293546,328.6913043478261,18.352971323894323,-18.754201438833725,0.13079053496818618,18.352971323894323,-13.534393768920532
ID,2023-03-01,2.425573571794845,5.934583333333333,2.2787963904714004,1270137.2509152167,2.911502480055603,-15.448560554848584,0.734171383427561,324.9217391304348,19.766065978247344,-20.42636830579683,0.17507413100586475,2.911502480055603,-15.448560554848584
ID,2023-03-02,2.3587924522155244,6.222083333333333,2.3162271317346703,1271391.12905012,6.856644962909398,-16.921930221414563,0.7229048173944247,320.0652173913044,21.65964327194683,-22.718314093185544,0.23537929843660488,6.856644962909398,-16.921930221414563
ID,2023-03-03,2.2930706203715405,5.8925,2.3608825501020445,1272660.6833812285,6.480331933165344,-19.00412455654377,0.7124216377960063,319.9086956521739,18.89628930572978,-21.0431298959332,0.2742013766671286,6.480331933165344,-19.00412455654377
ID,2023-03-04,2.23379345906516,5.26625,2.403090386646148,1273839.360436689,5.031986154805088,-21.890263148763793,0.7110692483286415,323.48695652173916,15.550929791442377,-17.270038663738248,0.2954687578750178,5.031986154805088,-21.890263148763793
ID,2023-03-05,2.1643229682519847,5.960833333333333,2.4550631742328104,1275263.5251147377,10.046712274587254,-21.76791713071577,0.700442252916624,323.0869565217391,18.39894488660313,-20.77471077130865,0.4086340312361425,10.046712274587254,-21.76791713071577
ID,2023-03-06,2.0926222184678585,5.997083333333333,2.511636536916836,1276782.5080321585,10.207369038047633,-21.581617354669262,0.6929246349700839,323.7217391304348,18.557891719045617,-21.349315458638184,0.4798762889412689,10.207369038047633,-21.581617354669262
ID,2023-03-07,2.027371269601193,5.809583333333333,2.5660018204844683,1278212.1399909486,8.900551594475479,-21.484860196196905,0.6876659339720901,325.1217391304348,16.43776670125379,-19.860259330277003,0.5547437529268783,8.900551594475479,-21.484860196196905
ID,2023-03-08,1.959949885566273,6.001666666666667,2.625441391315208,1279741.7837053335,10.089070777950845,-21.217352260262363,0.6745999624242804,323.2217391304348,16.463133245962965,-19.26272883872057,0.6768915839268375,10.089070777950845,-21.217352260262363
ID,2023-03-09,1.9016423900630621,6.245833333333334,2.6795959309422397,1281107.923013495,9.721072998677675,-19.47986088314969,0.658201653462373,319.6565217391304,15.519327636902656,-19.769225541907172,0.792548383626333,9.721072998677675,-19.47986088314969
ID,2023-03-10,1.8504875451752598,5.91375,2.729367617457222,1282341.4029536375,8.668022984086344,-20.36716055878933,0.6552261469212426,321.6304347826087,13.85300278010695,-19.68458788809227,0.9053890966814352,8.668022984086344,-20.36716055878933
ID,2023-03-11,1.808735263675109,5.8566666666666665,2.7718935733550887,1283377.0410944498,9.376973358572226,-21.26255660726715,0.6512971949911958,322.7304347826087,13.341863177557125,-18.083150339830876,1.041053713439256,9.376973358572226,-21.26255660726715
ID,2023-03-12,1.7611452865020072,5.875416666666666,2.8222690089652307,1284585.8914139615,8.355130575611538,-20.331640026708556,0.6406766430207604,321.4391304347826,11.477907733960738,-17.979612365701833,1.1746336627175749,8.355130575611538,-20.331640026708556
ID,2023-03-13,1.781728197919811,5.34875,2.8001399432597047,1284057.9961139788,4.921593061088806,-21.21254689177898,0.6446187884069785,315.2260869565217,9.532966539262322,-16.08997867227123,1.0641590805982852,4.921593061088806,-21.21254689177898
ID,2023-03-14,1.7432584835441978,6.095416666666667,2.8418751842076446,1285050.150048176,8.820319870773897,-19.9612134587958,0.6321701875146433,318.3565217391304,11.242880487569884,-17.171022359689733,1.2655395600620432,8.820319870773897,-19.9612134587958
ID,2023-03-15,1.723456605956764,6.254583333333334,2.8638232530018386,1285567.6566241921,8.838431296294226,-19.023210991336697,0.6256956779546109,316.45652173913044,11.416101717681144,-17.693318801275836,1.325654355930397,8.838431296294226,-19.023210991336697
ID,2023-03-16,1.7312983954085486,6.2025,2.8550319096438947,1285361.2664546897,8.443756864081092,-18.764298971644173,0.6292955200087194,317.66521739130434,10.920922963423886,-17.981271697285745,1.279657481799462,8.443756864081092,-18.764298971644173
ID,2023-03-17,1.745481984482549,5.99625,2.8393174441018996,1284990.6761351558,8.632824064465272,-20.11007861791373,0.6387110276028227,321.32608695652175,12.049372057527528,-19.366361415274632,1.2134024872377691,8.632824064465272,-20.11007861791373
ID,2023-03-18,1.7648275035273062,4.897916666666666,2.818244874906289,1284490.491074847,2.827268237505381,-21.926990378615468,0.6383690529848142,319.7608695652174,5.3444231925633785,-12.38626306949602,1.125844381958326,2.827268237505381,-21.926990378615468
ID,2023-03-19,1.7579458874125173,6.263333333333334,2.8257063821729766,1284667.9122644414,8.409930969896857,-19.044441151020376,0.6293770185995212,315.295652173913,11.25761099477705,-17.017236615523714,1.1816493379589037,8.409930969896857,-19.044441151020376
ID,2023-03-20,1.748118843066526,6.261304347826087,2.8364278665534424,1284922.2452181412,7.404331496777652,-18.24931272634608,0.627259874508348,314.75652173913045,NA,NA,NA,7.404331496777652,-18.24931272634608
ID,2023-03-21,1.7509624059654716,6.235833333333334,2.833324495260284,1284848.6361958075,6.992350726021269,-17.74844430595475,0.6286541756131967,315.47826086956525,10.146175169617234,-17.25684032755281,1.1923297056082294,6.992350726021269,-17.74844430595475
ID,2023-03-22,1.7591118058732023,5.754166666666666,2.82442737650908,1284637.6344957943,6.8821297310652705,-20.043858933282745,0.6481504613174821,323.83478260869566,11.193402397317415,-18.23241325598595,1.1686878007435084,6.8821297310652705,-20.043858933282745
ID,2023-03-23,1.7491983797437827,5.675416666666667,2.8353707883202843,1284896.0680437642,7.992149446583901,-21.739136994256313,0.6479150908371747,324.2913043478261,10.735793330994357,-17.700544542541657,1.223018424317013,7.992149446583901,-21.739136994256313
ID,2023-03-24,1.734539450487672,5.6762500000000005,2.851512404216745,1285277.620784332,7.433064453799846,-20.82169272832771,0.6469247526096179,324.5826086956522,10.708346513063466,-18.023894846996946,1.2665005015971564,7.433064453799846,-20.82169272832771
ID,2023-03-25,1.731943673052563,5.370416666666666,2.8544271709652977,1285346.004261061,5.2688585773076495,-20.959258337169683,0.6475150354884942,325.2173913043478,9.973615757418733,-18.054751685979344,1.271039253185713,5.2688585773076495,-20.959258337169683
ID,2023-03-26,1.7181091123746517,5.48875,2.870063479340388,1285711.9356550213,6.4018219931096505,-20.69518833804684,0.6503659766082349,327.67826086956524,10.56151135913214,-18.147434657573623,1.34239594420545,6.4018219931096505,-20.69518833804684
ID,2023-03-27,1.6895022995153701,5.659166666666667,2.902862602930365,1286475.3226658867,6.904846967271599,-19.781159024794356,0.6462690567755497,327.73478260869564,10.984484719766572,-19.114506476217297,1.5054609508622254,6.904846967271599,-19.781159024794356
ID,2023-03-28,1.6557174015583356,5.332916666666667,2.9427036746848003,1287392.6939234377,5.132463339273441,-19.933661063257432,0.6373222349824955,326.1347826086957,9.203549294279355,-19.044272088896463,1.6718912993302992,5.132463339273441,-19.933661063257432
ID,2023-03-29,1.6247680609584174,5.82625,2.9805629486644825,1288252.3014206472,7.319816405102023,-19.620472255909768,0.62978995750608,324.7913043478261,10.316996618272343,-19.12264163081508,1.895204856031598,7.319816405102023,-19.620472255909768
ID,2023-03-30,1.5976307503771288,5.895833333333333,3.014642451094206,1289018.3596771895,5.593065235778792,-17.244022701393625,0.6233101532592239,323.0521739130435,9.239642950591108,-19.19067007922991,2.052823694077974,5.593065235778792,-17.244022701393625
ID,2023-03-31,1.6030830820278665,5.879166666666666,3.0077487695271405,1288863.7953989625,5.629147950478647,-17.18000715300555,0.6275718505571195,324.67826086956524,9.812638206200488,-19.8148943984154,1.9758639517810457,5.629147950478647,-17.18000715300555
ID,2023-04-01,1.6305051372114425,5.727916666666666,2.9736231270811895,1288094.036101523,5.348739551607569,-17.78800455239823,0.6345608285428419,325.5826086956522,10.11203419060178,-19.755696063634517,1.7745579620380212,5.348739551607569,-17.78800455239823
ID,2023-04-02,1.6437569782283095,5.670833333333333,2.9572021906730472,1287723.032521698,5.754070923811949,-18.60141666585732,0.6395690466952213,326.8695652173913,10.869191736152231,-19.86758482551694,1.7202060748812262,5.754070923811949,-18.60141666585732
ID,2023-04-03,1.635234630168561,5.439583333333333,2.967557144377115,1287958.759423399,3.9256427597275096,-20.52263905220232,0.6322668101561395,325.4217391304348,9.926717456528714,-20.311130950713498,1.7934303508717409,3.9256427597275096,-20.52263905220232
ID,2023-04-04,1.6122218501125043,5.472083333333333,2.9961529637512454,1288604.1680163997,6.2019590525009445,-21.182166228528544,0.6325717814656521,328.5652173913044,10.574009505343096,-21.310957384497936,1.9689447982483903,6.2019590525009445,-21.182166228528544
ID,2023-04-05,1.5818553250520093,5.474166666666667,3.0349466102945097,1289470.5030618676,5.804115305726978,-20.283163871757456,0.6326214232757674,330.18260869565216,10.20231041507827,-21.828755014938523,2.1918266141242597,5.804115305726978,-20.283163871757456
ID,2023-04-06,1.5537540535577827,5.515833333333333,3.0719748013969546,1290287.6845715367,5.456963888855516,-19.29755231020177,0.6276425090379488,329.4,10.853712494973482,-23.509441588187592,2.439997262239038,5.456963888855516,-19.29755231020177
ID,2023-04-07,1.5249336345608975,5.56125,3.1111880272898027,1291142.5320180687,6.326925734239942,-19.742362544262352,0.623012209893273,328.4304347826087,11.0476437166083,-24.72807777471639,2.728082506072632,6.326925734239942,-19.742362544262352
ID,2023-04-08,1.499214822505917,5.2375,3.1471022982503594,1291917.7321176098,4.898126016088804,-20.27545766920806,0.6134408613535085,324.47826086956525,7.866805247041604,-23.324763808245056,2.86100042487834,4.898126016088804,-20.27545766920806
ID,2023-04-09,1.4798719399899456,5.522916666666666,3.1749696341134066,1292512.1026846147,4.7141304945265405,-18.98629440774442,0.5974926263983069,318.5826086956522,7.303401822586053,-21.21107979470296,2.87784531103402,4.7141304945265405,-18.98629440774442
ID,2023-04-10,1.4379493863401167,5.820833333333333,3.237345497276254,1293826.1468613222,4.624720049824033,-16.681376269331366,0.592240682620797,318.1391304347826,8.76800171973741,-22.129078020408393,2.9129509735577517,4.624720049824033,-16.681376269331366
ID,2023-04-11,1.415897020203559,5.8533333333333335,3.2713967606508687,1294533.381633984,5.069948660903263,-16.784830889034797,0.5940975714343094,319.0695652173913,8.814428627246974,-21.484481550644123,2.9252015717608533,5.069948660903263,-16.784830889034797
ID,2023-04-12,1.402514647992068,6.022916666666666,3.292542488509058,1294968.7265268436,6.026646488800821,-15.448043652042868,0.5933460554129655,321.97727272727275,9.68495612210949,-21.721635791832632,2.940150025836332,6.026646488800821,-15.448043652042868
ID,2023-04-13,1.3948947107251284,5.838333333333333,3.3044506319800804,1295214.9532967373,4.806835644271754,-15.017603715410452,0.5992771056057017,326.1521739130435,8.997192097821127,-21.551677657654157,2.938757852692885,4.806835644271754,-15.017603715410452
ID,2023-04-14,1.3843539835146,5.796666666666667,3.3215537837587097,1295563.521927289,4.8627370466409605,-15.429482797304036,0.5981233399210429,327.2695652173913,8.78261579828758,-21.151252545042897,2.951610957521778,4.8627370466409605,-15.429482797304036
ID,2023-04-15,1.3571283735052013,5.852916666666666,3.3664320715215545,1296472.6559364635,5.199175602592737,-15.195236483229632,0.5946220013606318,328.53913043478263,8.977876246557454,-21.383847212664858,2.976104305951613,5.199175602592737,-15.195236483229632
ID,2023-04-16,1.3261070801076271,5.83625,3.419593290829891,1297533.6789039401,5.39458912864567,-15.293089712559098,0.5912630610393903,330.16521739130434,9.563881752607898,-21.533132193879332,2.9991914931020816,5.39458912864567,-15.293089712559098
ID,2023-04-17,1.2955377348472719,5.94875,3.4743149068115216,1298607.7320594257,5.356697751640691,-14.815771159794254,0.5820773031645765,326.8521739130435,8.901475701304603,-19.466715059657194,3.035013765373861,5.356697751640691,-14.815771159794254
ID,2023-04-18,1.2526352571675683,6.119166666666667,3.5543826077399423,1300154.3780813378,4.973284439348952,-13.610692406152896,0.5689200611476808,322.54347826086956,8.072676967838216,-18.974767386874476,3.076259775588098,4.973284439348952,-13.610692406152896
ID,2023-04-19,1.2260708393466768,6.21125,3.6058598139368105,1301134.629028833,5.49587001897761,-13.29872065391782,0.5671500078659838,322.8304347826087,9.018103822621429,-19.335848096446853,3.0980477754794875,5.49587001897761,-13.29872065391782
ID,2023-04-20,1.207482242366299,6.022083333333334,3.6433908251637703,1301838.1717126502,4.904083419806308,-13.384749694366246,0.5679990027977901,324.9173913043478,8.253424512701505,-18.966562686316625,3.117414324245913,4.904083419806308,-13.384749694366246
ID,2023-04-21,1.1900829581712062,5.968333333333334,3.6791989034455486,1302504.5393233527,4.912143463267099,-13.492838985095071,0.5646890883390112,323.2739130434783,8.138836249784406,-19.205355379453177,3.1376579823638897,4.912143463267099,-13.492838985095071
ID,2023-04-22,1.1685881455208296,5.874583333333334,3.724776927341427,1303343.0905331853,5.030345465203276,-13.474510638008969,0.5634345968187658,324.7260869565217,7.957301040958858,-18.98923665669834,3.1578377495357026,5.030345465203276,-13.474510638008969
ID,2023-04-23,1.1300785960848905,6.016666666666667,3.810705472902006,1304893.401408788,5.32040310273402,-13.259333202639825,0.5543525748906779,324.0913043478261,7.74883817202315,-17.84635991352382,3.20749609640649,5.32040310273402,-13.259333202639825
ID,2023-04-24,1.0865958915820102,5.746666666666667,3.913164218509064,1306703.7059494895,3.890106093942173,-12.56278637989317,0.540880199447187,321.44347826086954,5.593376488864751,-16.855289793108046,3.2526387934496457,3.890106093942173,-12.56278637989317
ID,2023-04-25,1.0513303697082608,5.9575,4.001936234691425,1308233.034761504,4.365240845689438,-11.623137774116364,0.5402463850618244,324.204347826087,6.350008809827898,-16.485303893500582,3.297396166700046,4.365240845689438,-11.623137774116364
ID,2023-04-26,1.0028244639040444,5.99375,4.133418255242971,1310434.6422361627,4.620030324671286,-11.44715517002632,0.5339100046829268,323.95652173913044,6.76153993311898,-16.758118207841857,3.4771672813494803,4.620030324671286,-11.44715517002632
ID,2023-04-27,0.9520354243556365,5.89,4.279397163277521,1312824.8054881953,4.7750003934513074,-11.572292364754258,0.521949010602041,319.1347826086957,6.742395848160001,-18.10805114400003,3.9393835914697193,4.7750003934513074,-11.572292364754258
ID,2023-04-28,0.9506695134740335,6.01125,4.284342665470074,1312899.1051708246,4.824858077369925,-11.289131998765622,0.5235266061852013,322.46521739130435,7.11592596265274,-17.864537676440698,3.998012058172923,4.824858077369925,-11.289131998765622
ID,2023-04-29,0.930662610737311,5.676666666666667,4.346105559470981,1313883.2404979852,3.765308400110515,-11.220122568871217,0.518535426483195,323.85714285714283,5.777452668828319,-18.49972262924614,4.23150188549949,3.765308400110515,-11.220122568871217
ID,2023-04-30,0.9651073593454421,5.964583333333334,4.2408150350196125,1312199.2906048638,4.315824654843904,-11.428687141740026,0.5252871890366666,326.9869565217391,6.862572581226566,-17.236013466496495,3.6882911845421673,4.315824654843904,-11.428687141740026
ID,2023-05-01,0.9441770492107014,6.10125,4.303468104398164,1313209.494410114,4.576258444908628,-10.79840949737624,0.5196313833702219,325.61304347826086,6.93580819854362,-17.621315888983958,4.079883422274492,4.576258444908628,-10.79840949737624
ID,2023-05-02,0.923568107952716,6.112916666666667,4.367980461387874,1314232.0864385653,4.397547038164361,-10.32673004901283,0.5161159126622608,323.0833333333333,7.083718622235622,-18.053610791193993,4.361540293348009,4.397547038164361,-10.32673004901283
ID,2023-05-03,0.9119560891760586,6.44,4.404501973343483,1314824.4155449162,6.0580350404339205,-10.675077306858324,0.5143351057718385,323.81111111111113,NA,NA,NA,6.0580350404339205,-10.675077306858324
ID,2023-05-04,0.9028074463782348,7.038571428571428,4.431413565493496,1315290.931881582,NA,NA,0.5179911535757131,315.45,NA,NA,NA,NA,NA
ID,2023-05-13,0.8347449074696203,7.07923076923077,4.533565573332359,1318942.8434863782,NA,NA,0.5104570111567461,338.5333333333333,NA,NA,NA,NA,NA
ID,2023-05-14,0.8356521114215011,7.183076923076923,4.533565573332359,1318887.0160552056,NA,NA,0.4969638354951815,345.61304347826086,NA,NA,NA,NA,NA
ID,2023-05-15,0.8347340737193375,7.245384615384616,4.533565573332359,1318936.867730769,NA,NA,0.4953597973319517,348.7,NA,NA,NA,NA,NA
ID,2023-05-16,0.8356479413452456,7.1984615384615385,4.533565573332359,1318886.9309950438,NA,NA,0.49501724472897807,349.7,NA,NA,NA,NA,NA
ID,2023-05-17,0.8355233541035496,7.006428571428572,4.533565573332359,1318903.6920036299,NA,NA,0.49320213965495946,347.0608695652174,NA,NA,NA,NA,NA
ID,2023-05-18,0.8368904155257071,6.706428571428571,4.533565573332359,1318820.3309112024,NA,NA,0.4903235708819758,348.46086956521737,NA,NA,NA,NA,NA
ID,2023-05-19,0.8906087296210361,7.273333333333333,4.405035174079134,1316107.5946304782,NA,NA,0.5209034458394606,352.1173913043478,NA,NA,NA,NA,NA
ID,2023-05-20,1.012729359390698,7.082307692307692,4.103629313526164,1309954.8285127366,NA,NA,0.5491068278902348,351.5652173913044,NA,NA,NA,NA,NA
ID,2023-05-21,0.9126727929198942,7.1875,4.346649323803859,1314993.0804587507,NA,NA,0.5052644757891928,351.4130434782609,NA,NA,NA,NA,NA
ID,2023-05-22,0.8366068692765127,6.9835714285714285,4.533565573332359,1318837.5627255705,NA,NA,0.48947820515974566,349.2782608695652,NA,NA,NA,NA,NA
ID,2023-05-23,0.8357274207223441,6.975833333333333,4.533565573332359,1318890.2640764357,NA,NA,0.48916365812544904,348.31739130434784,NA,NA,NA,NA,NA
ID,2023-05-24,0.8355208612656829,6.995,4.533565573332359,1318894.8290290365,NA,NA,0.4901744075472846,348.7086956521739,NA,NA,NA,NA,NA
ID,2023-05-25,0.8365970426291665,7.223571428571429,4.533565573332359,1318840.3447232698,NA,NA,0.4940329653826978,349.4173913043478,NA,NA,NA,NA,NA
ID,2023-05-26,0.8393407530581309,6.594285714285714,4.533565573332359,1318683.2658673124,NA,NA,0.48450604793020197,345.9,NA,NA,NA,NA,NA
ID,2023-05-27,0.8557932858761543,7.1607692307692306,4.5311850359664225,1317782.826383162,NA,NA,0.5033774202817539,347.3391304347826,NA,NA,NA,NA,NA
ID,2023-05-28,0.8655602649999518,7.095384615384615,4.51918681192051,1317256.5387323645,NA,NA,0.5081733550969985,345.5826086956522,NA,NA,NA,NA,NA
ID,2023-05-29,0.8738567830619615,7.172142857142857,4.4965537623301115,1316815.9557841788,NA,NA,0.5123712825152927,345.11304347826086,NA,NA,NA,NA,NA
ID,2023-05-30,0.8796058436058227,7.232857142857143,4.483503564488841,1316508.988565314,NA,NA,0.513826132191769,348.82608695652175,NA,NA,NA,NA,NA
ID,2023-05-31,0.870362238212464,7.266153846153846,4.513249367093062,1316992.7858343588,NA,NA,0.5076126444171547,348.1695652173913,NA,NA,NA,NA,NA
ID,2023-06-01,0.8569427625879092,7.013571428571429,4.530497458293532,1317715.1886296072,NA,NA,0.503378688271396,349.0913043478261,NA,NA,NA,NA,NA
ID,2023-06-02,0.8378196707449721,7.252857142857143,4.533565573332359,1318768.8556824615,NA,NA,0.49229669139353693,348.5782608695652,NA,NA,NA,NA,NA
ID,2023-06-03,0.8349199740448764,6.2815,4.533565573332359,1318925.6856765044,5.5103974715298,-9.588268164698537,0.49076935034869357,349.32173913043476,7.166506002091609,-17.101996759665102,4.219172550328045,5.5103974715298,-9.588268164698537
ID,2023-06-04,0.8379252277747922,5.782916666666667,4.533565573332359,1318757.371851677,4.2369067637638445,-9.89185160785346,0.4879379231973239,347.69565217391306,5.831952830706777,-16.583675807517544,4.220923973998453,4.2369067637638445,-9.89185160785346
ID,2023-06-05,0.837489098303687,6.230833333333333,4.533565573332359,1318783.0168112842,5.234531208992801,-9.472637494857608,0.4894124631346231,348.5391304347826,7.84324371734584,-16.92564252965606,4.217213222759695,5.234531208992801,-9.472637494857608
ID,2023-06-06,0.8349286498983675,6.2491666666666665,4.533565573332359,1318926.7972518674,5.687181980451412,-9.637168249713838,0.4890279457407197,350.8521739130435,7.893244318823055,-16.910801814038198,4.21828713550713,5.687181980451412,-9.637168249713838
ID,2023-06-07,0.8353048103560509,6.12875,4.533565573332359,1318912.9749181487,4.855871738395921,-9.36367374481794,0.48864119148421425,347.39565217391305,7.666637355206844,-17.07141408876663,4.2178012024709215,4.855871738395921,-9.36367374481794
ID,2023-06-08,0.8379477375774671,6.1120833333333335,4.524460038490809,1318781.0399220805,5.152203731802358,-9.302156618066796,0.49230141866322236,349.46521739130435,7.566160949282137,-16.996762422064034,4.218380392674762,5.152203731802358,-9.302156618066796
ID,2023-06-09,0.8343943467925673,5.792916666666667,4.533565573332359,1318963.4456593853,4.9083280798403965,-10.36057616355008,0.48770289393773375,346.04347826086956,6.537609139828085,-17.325653256237214,4.221161076691871,4.9083280798403965,-10.36057616355008
ID,2023-06-10,0.833712781081667,5.9191666666666665,4.533565573332359,1319003.3802555804,5.147963177254531,-10.389390710970474,0.48593858643511695,345.2869565217391,6.048800036395511,-16.385041580056587,4.221795273744506,5.147963177254531,-10.389390710970474
ID,2023-06-11,0.8311735207850156,6.0625,4.533565573332359,1319142.9233384018,5.3079931338857245,-9.783918930979103,0.4892552843768651,345.84090909090907,7.352520067147108,-16.830228192548237,4.220104928551589,5.3079931338857245,-9.783918930979103
ID,2023-06-12,0.831603465973992,5.905,4.533565573332359,1319111.7712299703,4.748309688628372,-9.77466021551119,0.4849376939949699,343.6478260869565,5.723449665670768,-16.01688255956909,4.217947533011108,4.748309688628372,-9.77466021551119
ID,2023-06-13,0.8306076747055611,6.024166666666667,4.533565573332359,1319169.91169502,4.682168598544996,-9.13757842439328,0.4898828159061896,342.8521739130435,6.866908268890899,-16.552119582545014,4.2222662991039615,4.682168598544996,-9.13757842439328
ID,2023-06-14,0.8303201976961079,5.995416666666666,4.533565573332359,1319192.3077007954,4.062743447549607,-9.294341048084751,0.4886594141974708,339.0318181818182,6.380304593199345,-16.189175426619137,4.221173425170786,4.062743447549607,-9.294341048084751
ID,2023-06-15,0.829529671906167,5.452916666666667,4.533565573332359,1319239.0863222457,3.0465802702934077,-9.9012009511388,0.4791034590754429,335.1,3.2454712889790187,-15.473179051860368,4.218956188638456,3.0465802702934077,-9.9012009511388
ID,2023-06-16,0.8310949523791729,6.063478260869565,4.533565573332359,1319148.5122496386,4.469486815817971,-9.465445356098629,0.48434283302877934,339.5521739130435,NA,NA,NA,4.469486815817971,-9.465445356098629
ID,2023-06-17,0.8379250355114313,5.942916666666667,4.529895877566209,1318776.8078005936,4.464459468896852,-9.354905616213973,0.4915927792233449,341.2318181818182,6.698235650269925,-17.266386227047036,4.219921778305624,4.464459468896852,-9.354905616213973
ID,2023-06-18,0.9290809836338513,5.977916666666667,4.346238808333971,1314002.9306059056,5.269635377759912,-10.850493453340151,0.5264929139683656,342.74347826086955,7.877072149441215,-18.818601617658093,3.949305261510769,5.269635377759912,-10.850493453340151
ID,2023-06-19,1.0648170530372403,5.788333333333333,3.969793102647707,1307667.3879699204,5.012805258263335,-12.529573978397428,0.5482902211539455,339.6565217391304,6.724372961831292,-17.31352969685761,3.249240627599759,5.012805258263335,-12.529573978397428
ID,2023-06-20,1.2193776166485961,5.6075,3.621987224792577,1301418.045602965,1.181522405717219,-12.764845151932771,0.5792599491637486,341.5695652173913,7.112676769605173,-20.15757118306952,3.069054805143985,1.181522405717219,-12.764845151932771
ID,2023-06-21,1.289122736515069,5.312916666666666,3.4883581912896187,1298863.4705937018,2.218729916643654,-14.580324222657648,0.5827073871824939,339.19565217391306,4.377733533291607,-18.124850294886347,3.0242672586238384,2.218729916643654,-14.580324222657648
ID,2023-06-22,1.4096116916803707,5.4075,3.282528894857459,1294753.054120109,2.1318622335398265,-15.213975656487673,0.599275311543611,336.59565217391304,4.405349147839403,-19.53877514938155,2.916490683688191,2.1318622335398265,-15.213975656487673
ID,2023-06-23,1.5042136415239944,5.88375,3.140644128154702,1291773.9694267036,6.566712659865576,-16.12325404436147,0.622577963926167,342.9086956521739,10.83515839096546,-23.45834278294059,2.755843302648331,6.566712659865576,-16.12325404436147
ID,2023-06-24,1.60715123935886,5.875416666666666,3.0035010725352365,1288760.88448624,6.434944688382405,-15.843935413130854,0.6411889468437674,346.4478260869565,11.259068290576744,-20.426348439232225,1.8239873239058748,6.434944688382405,-15.843935413130854
ID,2023-06-25,1.7514645447879085,5.7275,2.8340034957728566,1284853.5862164772,6.870672584781833,-18.001524451079156,0.6620448136162593,347.80434782608694,11.597131912869903,-17.970247313191827,1.0952219047602991,6.870672584781833,-18.001524451079156
ID,2023-06-26,1.9104511609766917,5.730833333333333,2.6721628743222996,1280913.0848599032,7.85573300032036,-19.43322062933276,0.6827831809160174,347.2826086956522,13.367325167231142,-17.68567088713366,0.6607625912182881,7.85573300032036,-19.43322062933276
ID,2023-06-27,2.065960393786008,5.533333333333333,2.533919449680247,1277367.779684177,8.050324655335597,-19.888782388534143,0.7061433256251711,349.61304347826086,13.477290817823038,-16.393850644056446,0.42266929783614066,8.050324655335597,-19.888782388534143
ID,2023-06-28,2.186302422807091,5.5024999999999995,2.4385337436020067,1274811.4744612437,6.486774470471306,-19.92871156628689,0.7226387501244222,349.12608695652176,13.00000074906236,-14.586479145089005,0.30146132360779493,6.486774470471306,-19.92871156628689
ID,2023-06-29,2.2518851902806745,5.63875,2.390076966252156,1273477.3503468612,3.5330877315104052,-17.417744346851975,0.727613766672676,348.5826086956522,14.0135464898256,-15.133195701880158,0.2538739642946577,3.5330877315104052,-17.417744346851975
ID,2023-06-30,2.2757335564320305,5.710416666666666,2.3730582096071253,1273002.494327551,2.4428930311213257,-15.649658312748771,0.729980237752059,348.7217391304348,14.463545887634222,-15.768855742514742,0.2378240376513576,2.4428930311213257,-15.649658312748771
ID,2023-07-01,2.281954123289328,5.699583333333333,2.3686502155709066,1272879.169509047,2.407368036348549,-15.640439599094732,0.731012595378062,348.9695652173913,14.316880438470172,-15.590552840196912,0.24176997637636172,2.407368036348549,-15.640439599094732
ID,2023-07-02,2.2719599716171763,5.66375,2.3757161004410143,1273077.027653634,2.5743512881368003,-15.720124072592984,0.7318335361388656,349.704347826087,14.918080405944083,-16.457215932572577,0.24658053770149435,2.5743512881368003,-15.720124072592984
ID,2023-07-03,2.2575501214726814,5.589166666666666,2.3859667817023595,1273363.3914330704,3.086348562584555,-16.19349374363552,0.7301674348491324,350.3478260869565,14.871523468035752,-16.396299418420714,0.2585284694852797,3.086348562584555,-16.19349374363552
ID,2023-07-04,2.2332634209007916,5.5625,2.403533874977966,1273851.0266115125,4.6260100808114055,-18.379045975282995,0.7246442659953932,349.7913043478261,14.5275029575145,-16.414352720097998,0.2801573388901887,4.6260100808114055,-18.379045975282995
ID,2023-07-05,2.1923694954712203,5.677083333333333,2.4337756994854893,1274683.3999284818,5.73603797325753,-18.75510429008757,0.7201150270915627,350.25652173913045,15.650822265664154,-17.535359743875617,0.3194488652685839,5.73603797325753,-18.75510429008757
ID,2023-07-06,2.1393119471145647,5.428636363636364,2.474508452305131,1275788.5844923346,4.217701175730675,-18.24957603349682,0.7127718078400693,350.2869565217391,NA,NA,NA,4.217701175730675,-18.24957603349682
ID,2023-07-07,2.089151594387496,5.4470833333333335,2.514457060621013,1276857.3833147923,5.947741846899149,-19.872850212559698,0.7045505598095257,346.24782608695654,13.808894332674168,-17.30050230806026,0.4400147962281084,5.947741846899149,-19.872850212559698
ID,2023-07-08,2.036017774083183,5.402916666666667,2.5587539123916887,1278021.9687042679,8.605137350054244,-23.39491009120853,0.6966979380566776,345.5782608695652,13.325993650473276,-16.621999450093558,0.5217613738990033,8.605137350054244,-23.39491009120853
ID,2023-07-09,1.968359438665103,5.48625,2.6179628684563867,1279549.9507444138,7.406625652877149,-21.338751380553873,0.687958231847504,348.7391304347826,12.78913432392177,-16.629713545247096,0.6270501704226685,7.406625652877149,-21.338751380553873
ID,2023-07-10,1.898840915823405,5.18375,2.682231028642535,1281174.07563541,4.17916874320379,-20.004228776648848,0.6736714088903109,344.82608695652175,7.250358755877439,-12.287202084737158,0.7499910001013935,4.17916874320379,-20.004228776648848
ID,2023-07-11,1.843802374487949,5.6866666666666665,2.7362476633553454,1282508.3040753359,5.935956588896589,-17.56510865462496,0.6715574984356536,349.1304347826087,13.071875146054252,-18.55975515190332,0.9147778435762528,5.935956588896589,-17.56510865462496
ID,2023-07-12,1.7815330942830436,5.7025,2.8005795468670467,1284066.3898648098,7.616304446703065,-18.95522838944774,0.6655179770881994,350.75652173913045,12.702499755123464,-18.742888278102587,1.1230443712056215,7.616304446703065,-18.95522838944774
ID,2023-07-13,1.7404913404276665,5.781739130434783,2.84495644013396,1285122.6636515346,7.916875577367619,-18.33140627663891,0.6608555215410467,350.7739130434783,NA,NA,NA,7.916875577367619,-18.33140627663891
ID,2023-07-14,1.7100582233224002,5.523333333333333,2.878998920504882,1285922.532387424,5.873967692026628,-18.270908503883525,0.6513927960432971,348.7913043478261,9.372301839732266,-17.1237227146903,1.4001801867250914,5.873967692026628,-18.270908503883525
ID,2023-07-15,1.6736703570517928,5.6779166666666665,2.921176612909179,1286900.1528458742,6.0662640060602815,-16.961832758221785,0.647652557243703,350.0782608695652,10.483564870505807,-18.957707259850217,1.590033469532801,6.0662640060602815,-16.961832758221785
ID,2023-07-16,1.6415071130153038,5.384166666666666,2.959744378179775,1287782.5798369516,5.884616689907282,-18.467083877006843,0.6417195422230921,349.7,8.193525922047932,-18.28384185963962,1.7641921063188697,5.884616689907282,-18.467083877006843
ID,2023-07-17,1.6224680541392393,5.9125,2.983210819349824,1288313.8800402218,8.670240879659122,-17.945540330132093,0.6433467256488035,352.46086956521737,12.469590452909442,-21.194247452362983,1.9000702224402148,8.670240879659122,-17.945540330132093
ID,2023-07-18,1.5974354089441718,6.02125,3.0147519932877542,1289022.0035897542,8.029094958316701,-16.3951914408196,0.638901326268857,351.2869565217391,12.920481022963244,-21.961422895133747,2.0762833606743123,8.029094958316701,-16.3951914408196
ID,2023-07-19,1.5720569476586808,5.99,3.047608542471611,1289752.041351151,7.9107637959311585,-16.106349824655958,0.6376088769992176,352.18695652173915,12.709087214687704,-22.516678745215604,2.296005367966182,7.9107637959311585,-16.106349824655958
ID,2023-07-20,1.5395949137238596,5.923333333333333,3.090934381466557,1290703.5516362,7.4347445562616,-16.0283887131881,0.6328350812522493,351.0608695652174,12.131953388302868,-23.433471324248185,2.5938348848628445,7.4347445562616,-16.0283887131881
ID,2023-07-21,1.5107767479955436,5.9375,3.130653678347686,1291565.2008055989,8.015342679174564,-16.395898149780447,0.6294278917814489,350.82173913043476,12.524653190278569,-24.5818866705363,2.857750127533621,8.015342679174564,-16.395898149780447
ID,2023-07-22,1.4944207598929673,5.717083333333333,3.153784215292691,1292062.0750253934,7.779980921062909,-17.09034501304337,0.6258800629510938,350.47391304347826,11.07459521143047,-24.204555860324643,2.872719969629163,7.779980921062909,-17.09034501304337
ID,2023-07-23,1.4802828071545073,5.430833333333333,3.1741019854068604,1292495.8541219393,5.150739979911464,-16.826156344450894,0.6146276929480756,347.5913043478261,6.438079232622029,-20.76204411772687,2.877239170193136,5.150739979911464,-16.826156344450894
ID,2023-07-24,1.4655172656998008,5.98875,3.1956915246630495,1292953.7508666823,7.142270338910382,-14.7712503079547,0.6210392086932865,351.82608695652175,11.454924753462455,-23.309202653531184,2.891032528856873,7.142270338910382,-14.7712503079547
ID,2023-07-25,1.4499688206596733,6.03125,3.2188352798812843,1293441.27170499,7.551589281002121,-14.984660929129644,0.6176065678896402,348.6478260869565,11.328711911617036,-22.72689577234799,2.90498485406898,7.551589281002121,-14.984660929129644
ID,2023-07-26,1.4445372457915464,6.0575,3.2270054326990434,1293612.6864581555,7.654153635713456,-14.621991209752826,0.618149212010542,348.5043478260869,11.858268441259511,-23.306952146381224,2.9080721394174907,7.654153635713456,-14.621991209752826
ID,2023-07-27,1.4387047753636286,6.174166666666666,3.235856542435703,1293797.7611399319,8.515819771167893,-15.009586723633047,0.6152167314971788,347.7826086956522,12.467138171786804,-23.163091729648087,2.9103320486841624,8.515819771167893,-15.009586723633047
ID,2023-07-28,1.4344863369050371,5.6875,3.242293987670623,1293932.0804708276,5.800585703315862,-15.22303048657678,0.61068115731879,345.5217391304348,8.550186277812719,-21.75460547361317,2.918463410460618,5.800585703315862,-15.22303048657678
ID,2023-07-29,1.429813793172337,5.735,3.2494700175792968,1294081.446412896,6.635945101368217,-15.662544634285096,0.6129407763785751,348.2391304347826,9.38917139832606,-22.308368215883643,2.92205546367797,6.635945101368217,-15.662544634285096
ID,2023-07-30,1.4166201958646625,5.989583333333333,3.269917800748658,1294505.5750576686,7.960841944384859,-15.274317201363266,0.612810964890258,348.81739130434784,11.301136391810898,-22.97961751102743,2.9343437357555557,7.960841944384859,-15.274317201363266
ID,2023-07-31,1.4076024209756455,5.8741666666666665,3.2840536270960934,1294797.51025621,7.589282822161942,-15.68113251193676,0.608341909484154,345.54347826086956,10.20046176824767,-22.234167507984797,2.9417134731028023,7.589282822161942,-15.68113251193676
ID,2023-08-01,1.417863053305341,6.06,3.2680210728281485,1294466.0003957432,7.716894876462146,-14.831421446668424,0.6131361990377837,346.33478260869566,11.62532161966182,-23.22651610332893,2.9229448157783886,7.716894876462146,-14.831421446668424
ID,2023-08-02,1.449988858481088,6.014166666666666,3.2188014661822324,1293440.5916646514,7.966780722213093,-15.437678792251983,0.6185518636631544,346.39130434782606,12.033220225088863,-23.20735970891832,2.9021758290510227,7.966780722213093,-15.437678792251983
ID,2023-08-03,1.469366686766633,6.23952380952381,3.1900702944922146,1292834.4697641314,9.317168114162246,-15.193483244864428,0.6239853644159596,346.495652173913,NA,NA,NA,9.317168114162246,-15.193483244864428
ID,2023-08-04,1.532822259207918,5.707083333333333,3.1009112325426993,1290914.706473811,5.603018272126917,-15.392190174403012,0.6242335781280899,342.8782608695652,9.15065997735256,-21.286550297822796,2.4241397134478886,5.603018272126917,-15.392190174403012
ID,2023-08-05,1.6713693906889155,5.63,2.9247104437025726,1286974.2629410403,5.487916157377603,-16.79945928542169,0.6433945408775115,342.18260869565216,8.527914476567727,-16.76306477856025,1.4576102637382866,5.487916157377603,-16.79945928542169
ID,2023-08-06,1.7608460645177153,5.8741666666666665,2.8226715478964652,1284594.7505444128,7.491854607347722,-17.031302228783968,0.664466270154295,345.5086956521739,12.805270422222945,-19.055440000801887,1.1300773571078793,7.491854607347722,-17.031302228783968
ID,2023-08-07,1.7948502732492841,5.738333333333333,2.7862631835302127,1283724.8640968162,7.7402420934700435,-18.535486944690877,0.6690308891297868,345.03478260869565,12.349728400818648,-18.08906827688797,1.0291572669658873,7.7402420934700435,-18.535486944690877
ID,2023-08-08,1.8132231545144077,5.777083333333334,2.767127358216226,1283262.7964336732,7.721170021247265,-18.231747384872374,0.6725272556678469,343.25217391304346,12.663927346515568,-18.024125464556587,0.971461073628849,7.721170021247265,-18.231747384872374
ID,2023-08-09,1.8173800901588066,5.76375,2.7628328212490727,1283158.774137991,7.358875014325435,-18.027088185566043,0.6731191312405084,340.5,12.936826395622008,-18.30785239109985,0.9727482651209906,7.358875014325435,-18.027088185566043
ID,2023-08-10,1.8069711893875793,5.767083333333333,2.7735986382235636,1283419.428655761,7.402196061883026,-18.05529354219665,0.6706687309087375,340.1695652173913,12.654229938849468,-18.100903083087815,1.0063378190916048,7.402196061883026,-18.05529354219665
ID,2023-08-11,1.7858273214343756,5.740833333333334,2.795787206707808,1283953.6666948865,7.09901429701227,-17.894087909243016,0.6658337429753118,339.76521739130436,12.2488602631129,-18.220111545784633,1.090468163564448,7.09901429701227,-17.894087909243016
ID,2023-08-12,1.7466689956801242,5.912727272727273,2.8380650260094136,1284960.5770430171,8.490339920334554,-17.881637629152834,0.664297135537433,341.3272727272727,NA,NA,NA,8.490339920334554,-17.881637629152834
ID,2023-08-13,1.692041320749326,5.863333333333333,2.8998112671795715,1286405.5649874844,8.256625570736487,-17.65440033767478,0.6553466646635209,341.5869565217391,12.5316357607161,-19.88495738703776,1.5175580002504092,8.256625570736487,-17.65440033767478
ID,2023-08-14,1.6497505648006139,5.444166666666667,2.949811941986007,1287555.740528469,7.0884414796047706,-18.743605403772953,0.6450831501116386,337.03478260869565,9.087676957737964,-19.125544560557262,1.73276140609697,7.0884414796047706,-18.743605403772953
ID,2023-08-15,1.6131645758641393,5.293333333333333,2.9949078646893335,1288576.7057462465,5.927810029442675,-19.39637491021013,0.6340085218840628,335.23478260869564,5.842497028925967,-17.1288978054584,1.985416658423229,5.927810029442675,-19.39637491021013
ID,2023-08-16,1.5756270894441589,5.76375,3.0429110779257056,1289648.3107333549,7.095450939125921,-16.870305337239582,0.6330496566695017,341.10869565217394,9.764271344376253,-20.698571975663945,2.2522620539117253,7.095450939125921,-16.870305337239582
ID,2023-08-17,1.559788962445151,5.634166666666666,3.063868466062977,1290110.0942474436,4.0032446359306855,-16.361751193802505,0.632323498561002,341.1565217391304,6.263330898948663,-18.21707098132318,2.338907210261902,4.0032446359306855,-16.361751193802505
ID,2023-08-18,1.5616807882142019,5.943333333333333,3.061251719944328,1290053.3917476553,7.959078685469629,-16.441571909504336,0.6345646313431155,343.25217391304346,11.838652502721162,-22.108248338544172,2.364728887086258,7.959078685469629,-16.441571909504336
ID,2023-08-19,1.554964794527637,5.8825,3.0701603478464388,1290249.5057284657,8.065450558288576,-16.704404117332597,0.6352847452848779,344.5695652173913,11.345107494029648,-22.150108769716656,2.407478315814741,8.065450558288576,-16.704404117332597
ID,2023-08-20,1.5474711698066224,5.95,3.080213422599386,1290469.8598211901,8.25323332449839,-16.64305174066965,0.6323481101441258,347.4347826086956,11.800720226984597,-22.521921934945173,2.479644317309325,8.25323332449839,-16.64305174066965
ID,2023-08-21,1.5380815489869992,6.041666666666667,3.092934708141484,1290747.6501918794,8.392176228945964,-16.13155334484908,0.6313184942646993,343.2304347826087,12.375149501689847,-23.04152080377936,2.584465214660708,8.392176228945964,-16.13155334484908
ID,2023-08-22,1.5228207251538455,6.008333333333334,3.1138687543526737,1291202.6128555473,8.343581066342924,-16.304714900001436,0.6265574694380902,341.95217391304345,12.347356246644242,-24.0664218133557,2.739389334841026,8.343581066342924,-16.304714900001436
ID,2023-08-23,1.5038455182389228,6.013333333333334,3.140425139280493,1291775.3561111137,9.011959913495314,-16.75822272906875,0.6254477417672553,343.02173913043475,12.794856195494202,-24.444310337373448,2.8692124264974477,9.011959913495314,-16.75822272906875
ID,2023-08-24,1.4721213273308615,6.042083333333333,3.186097837002602,1292749.7684760198,8.562285401660045,-16.181617846675167,0.6199433140315224,342.9217391304348,11.852088508714104,-23.200574540485608,2.892841874353258,8.562285401660045,-16.181617846675167
ID,2023-08-25,1.4289090344990854,5.994166666666667,3.2509702936590448,1294111.7908468496,8.043526765247552,-15.90806015772595,0.6141464351111655,342.995652173913,11.401568524664995,-23.085898395354636,2.9265125198876616,8.043526765247552,-15.90806015772595
ID,2023-08-26,1.3889672301424372,5.931666666666667,3.3138630365012314,1295408.3827376596,8.496489446804825,-16.34280475027315,0.6088244881318101,342.9391304347826,10.875839498637914,-22.293138455675155,2.958673923318697,8.496489446804825,-16.34280475027315
ID,2023-08-27,1.353308147278279,5.98625,3.37266239538344,1296599.4051113436,8.395998174261267,-15.541585948997914,0.6028368612060452,342.75217391304346,10.59988387564374,-21.729274665940434,2.9894839922012806,8.395998174261267,-15.541585948997914
ID,2023-08-28,1.3262700662603648,5.97375,3.4189809381918557,1297524.03555627,8.223619030668345,-15.239989682108485,0.5968657698502569,342.1913043478261,10.10688555116358,-21.32870589669689,3.0100754567173995,8.223619030668345,-15.239989682108485
ID,2023-08-29,1.3123772145673236,6.034166666666667,3.4434104391244946,1298006.8673924988,8.597764667566056,-15.327515344110136,0.5936089763700524,341.10869565217394,11.199615046415287,-22.406357076289847,3.0219875734692483,8.597764667566056,-15.327515344110136
ID,2023-08-30,1.3370210929442592,5.002083333333333,3.402253729438177,1297177.1132795226,1.953245411717236,-15.702036305071216,0.5951697061113878,339.9391304347826,4.323058468603897,-19.743814113456043,2.9735183777226495,1.953245411717236,-15.702036305071216
ID,2023-08-31,1.350623638329098,5.93875,3.3773899901793265,1296692.8066462076,7.326334995728838,-14.91741519728424,0.5997434451061895,343.504347826087,9.76625853334984,-21.219715877073956,2.987103933776104,7.326334995728838,-14.91741519728424
ID,2023-09-01,1.3543889773500144,5.677083333333333,3.371388500830222,1296569.6335365716,5.938567650322576,-14.944391631590348,0.5983674559108528,340.4260869565217,8.210095185076073,-21.306895122477332,2.9727002239518643,5.938567650322576,-14.944391631590348
ID,2023-09-02,1.4595334587222064,5.891666666666667,3.205565377641621,1293153.9711101817,7.585850631440819,-15.825603513622118,0.6143293825443952,339.0913043478261,11.048611107002037,-23.932962461128557,2.8823772443155895,7.585850631440819,-15.825603513622118
ID,2023-09-03,1.5975754323516682,5.787916666666667,3.0157039017827114,1289033.6013878805,7.33097131059763,-17.070342370069742,0.6371962026309818,340.37391304347824,10.496176650529993,-20.07609755787607,1.8707866420229988,7.33097131059763,-17.070342370069742
ID,2023-09-04,1.7384366650269334,5.74,2.847761855289535,1285184.0506313029,7.332548363657111,-17.980471164833606,0.6575362972622747,339.76521739130436,11.200877915538571,-17.85318473340843,1.166290888613466,7.332548363657111,-17.980471164833606
ID,2023-09-05,1.8490198640798754,5.817916666666667,2.731092922952346,1282381.300058605,7.940703602923088,-19.05128883369529,0.6703473508332034,338.5913043478261,12.455946286803124,-17.47985307306189,0.8357170452105032,7.940703602923088,-19.05128883369529
ID,2023-09-06,1.9292194251747363,5.6466666666666665,2.653584028739346,1280455.5745019894,6.854546477635409,-19.278758751733516,0.6827910717668635,340.0304347826087,12.315441028975018,-16.729393802462837,0.6618936957103225,6.854546477635409,-19.278758751733516
ID,2023-09-07,1.9721595332186395,5.6033333333333335,2.6142667830133766,1279458.2730027984,6.558021507635821,-19.372390018741953,0.6893261648100858,342.68695652173915,12.687638656935302,-16.603597159077598,0.592930606350723,6.558021507635821,-19.372390018741953
ID,2023-09-08,1.9837949450533918,5.5183333333333335,2.6038674306894474,1279192.0324562178,5.3270960562696015,-19.06722434741221,0.6843696747931909,342.2391304347826,12.511312199185792,-16.17184773222631,0.5725165370254556,5.3270960562696015,-19.06722434741221
ID,2023-09-09,1.9786121619150423,5.48375,2.608477221240481,1279310.27002011,4.788457250254889,-18.89836362012139,0.6826945030465607,342.12608695652176,11.19525447666668,-15.412845173018342,0.5858998143014663,4.788457250254889,-18.89836362012139
ID,2023-09-10,1.9736089979285185,5.585416666666666,2.612944169117615,1279424.6778207328,6.729736715238373,-19.756600588677273,0.6858973264015354,343.76521739130436,12.466887584573143,-16.2786831573155,0.6017000903231597,6.729736715238373,-19.756600588677273
ID,2023-09-11,1.9665157415628576,5.524166666666667,2.6193256543037045,1279587.6450293243,5.76287028737785,-19.263890581428896,0.6863326612695199,344.4956521739131,11.365173173618832,-15.325944739703278,0.6095637067320614,5.76287028737785,-19.263890581428896
ID,2023-09-12,1.9484990788123824,5.494583333333333,2.635703103081141,1280004.2295811754,6.686046984966952,-19.61897232003066,0.6842960890316369,344.5130434782609,11.985717118014568,-16.570762594452212,0.6606872138830777,6.686046984966952,-19.61897232003066
ID,2023-09-13,1.924947920946047,5.537083333333333,2.657470570688168,1280554.404740954,8.064848251742347,-21.152555677376945,0.6812804013224469,343.7318181818182,11.89569575279935,-16.35695229729263,0.7070937094905541,8.064848251742347,-21.152555677376945
ID,2023-09-14,1.8885480706379036,5.57875,2.6920598046369726,1281419.4177701988,7.222474921452383,-19.796334056922905,0.6782009129679532,343.30434782608694,11.868526333449235,-16.63966346691013,0.7913720495578218,7.222474921452383,-19.796334056922905
ID,2023-09-15,1.840407107520968,5.628333333333333,2.7395341317939295,1282589.9270916143,7.698649509729266,-19.684222350236475,0.6714530076436162,343.3,11.770855656954202,-17.119558799752163,0.9290173283786958,7.698649509729266,-19.684222350236475
ID,2023-09-16,1.7821971633295384,5.680416666666667,2.799764751209195,1284047.878077058,7.890923789665262,-19.37300151319851,0.6606213311830212,342.3304347826087,11.24373938159396,-17.41256408711564,1.1203337220694216,7.890923789665262,-19.37300151319851
ID,2023-09-17,1.7337275939113497,5.622916666666667,2.8523626607983386,1285298.1177915363,5.990700927898226,-17.620988000283138,0.655351084116968,343.3695652173913,11.2025654311828,-18.293127078202527,1.2955486178377582,5.990700927898226,-17.620988000283138
ID,2023-09-18,1.6892309781395152,5.821666666666667,2.903042032278476,1286480.687103435,6.839151261379783,-16.91004404198262,0.6478938188130076,342.80434782608694,11.187637294666438,-18.394388951307477,1.5187779579497045,6.839151261379783,-16.91004404198262
ID,2023-09-19,1.6400025685827557,5.886666666666667,2.9616933225319713,1287825.893699857,7.35358401475417,-17.43651414370997,0.6367648144823992,340.47391304347826,NA,NA,NA,7.35358401475417,-17.43651414370997
ID,2023-10-03,1.3311233308597015,6.29,3.410561333787725,1297356.766852075,7.076307828207213,-12.364553086405865,0.5897303071139328,336.9173913043478,9.75574873248332,-20.024334279432132,3.0057305326730055,7.076307828207213,-12.364553086405865
ID,2023-10-04,1.3120139007992913,6.174166666666666,3.444077862987894,1298019.8415175006,6.97994558081712,-12.7372119451361,0.589019500934606,338.4304347826087,9.559028816789,-19.994090587852877,3.0244642255136314,6.97994558081712,-12.7372119451361
ID,2023-10-05,1.2948288936371588,6.114166666666667,3.4749099156593513,1298624.5470484977,6.649948151859712,-12.681857809998428,0.5861282995906831,336.8608695652174,8.987536489794675,-19.737917217829885,3.0376257114568666,6.649948151859712,-12.681857809998428
ID,2023-10-06,1.2817666431235863,6.1066666666666665,3.4988009481360383,1299089.6831047265,6.858896938917945,-13.085302470758808,0.5822656540560217,335.68260869565216,8.896377385358177,-19.59765169600197,3.049479317008643,6.858896938917945,-13.085302470758808
ID,2023-10-07,1.2677411504049696,6.1745833333333335,3.5249237342338753,1299594.7520544135,6.78745096348715,-12.42728067565144,0.5807899680842589,338.1304347826087,8.510416230263516,-18.40224843600696,3.0627601837345133,6.78745096348715,-12.42728067565144
ID,2023-10-08,1.2435791334597577,6.42,3.5712432242356904,1300480.4731195422,6.497243885169211,-11.539815478599357,0.5651175953817791,328.8695652173913,8.0194217911907,-17.21144935835708,3.089772045036871,6.497243885169211,-11.539815478599357
ID,2023-10-09,1.2160987875143534,6.51125,3.625553232644213,1301506.952881633,6.271376577855571,-10.738099855826365,0.5566524932005195,326.8391304347826,7.656861774726268,-16.99914769542757,3.1139766521678194,6.271376577855571,-10.738099855826365
ID,2023-10-10,1.1968314536152214,6.466666666666667,3.664928731061758,1302241.703488402,6.4223604247385095,-10.81958148144144,0.5577380823186887,329.4478260869565,7.428262589175653,-17.156205451926,3.132879789592022,6.4223604247385095,-10.81958148144144
ID,2023-10-11,1.1832780427336183,5.596086956521739,3.693261938963146,1302765.843252503,2.173475202404884,-12.03380366802286,0.5464553579122671,331.61739130434785,NA,NA,NA,2.173475202404884,-12.03380366802286
ID,2023-10-12,1.2459003782265514,5.701666666666666,3.5669893965321613,1300397.663102139,3.0280272591173425,-11.9800003454064,0.5745049393415975,333.8086956521739,5.613684588720275,-18.67798874569809,3.0680812558468613,3.0280272591173425,-11.9800003454064
ID,2023-10-13,1.2372227623502652,5.979583333333333,3.5835408791397607,1300714.8085386911,6.180200372349926,-12.530205312576436,0.5782136908922201,338.9304347826087,8.128583540785499,-18.97846472476433,3.0938310252125714,6.180200372349926,-12.530205312576436
ID,2023-10-14,1.2335765933159528,5.982083333333334,3.5907321523014146,1300850.83652061,5.539630155616239,-12.340797999867334,0.5731153295665066,336.6695652173913,7.169525572868088,-18.2398263640214,3.08568428432013,5.539630155616239,-12.340797999867334
ID,2023-10-15,1.2803760930182544,6.092083333333333,3.5016996819384887,1299143.4566362598,5.800671661067384,-12.458779933230945,0.5765948074381274,334.80434782608694,7.52098744645388,-18.458842322321225,3.0392190241999493,5.800671661067384,-12.458779933230945
ID,2023-10-16,1.328610484423352,6.243333333333333,3.4149726487685217,1297444.0100861257,5.5127062252174115,-12.20359841543216,0.5763931609723327,329.5391304347826,7.164001600674073,-17.589180517503607,3.0023731591812384,5.5127062252174115,-12.20359841543216
ID,2023-10-17,1.3532518206300752,6.402916666666667,3.3727121458087317,1296600.75135603,5.6700830144097205,-11.524004538718678,0.5771522792463063,328.96956521739133,7.2041868151690345,-17.705508329563838,2.981671443393519,5.6700830144097205,-11.524004538718678
ID,2023-10-18,1.371678198991353,6.3425,3.34199486496692,1295981.1286045208,5.286223342535736,-11.689623336766225,0.5818356165749391,328.7782608695652,7.041937813043378,-18.038007023147127,2.9657022757224714,5.286223342535736,-11.689623336766225
ID,2023-10-19,1.383321328909006,6.285,3.322916252881483,1295593.7378394592,5.266681714107546,-11.986912955574985,0.5875027964844005,330.5826086956522,7.373986339234562,-18.67370426886875,2.9558909411951286,5.266681714107546,-11.986912955574985
ID,2023-10-20,1.3901606646848377,6.0675,3.31186819813647,1295368.178191177,4.78309043793167,-12.871604484754874,0.5906378879508815,331.96086956521737,7.131401589276637,-19.463241116237533,2.9459644977517705,4.78309043793167,-12.871604484754874
ID,2023-10-21,1.3938721714152218,5.998333333333333,3.3058834695867194,1295245.9085816003,5.381554728581789,-13.727801022830525,0.5948943510020207,333.7130434782609,7.409769305917042,-18.83572001397318,2.949562775390585,5.381554728581789,-13.727801022830525
ID,2023-10-22,1.3788649805367592,6.3116666666666665,3.330199596341043,1295741.7730447408,6.237322293530536,-12.861291091961077,0.5884833925002477,331.3695652173913,8.38784759782123,-19.3726554852272,2.964403209912534,6.237322293530536,-12.861291091961077
ID,2023-10-23,1.3637373244270157,6.155,3.355170657260289,1296247.3853962836,5.48860153183504,-12.848058534398962,0.5883598245872638,332.3521739130435,7.539945824468171,-18.68681155226394,2.9746248322986664,5.48860153183504,-12.848058534398962
ID,2023-10-24,1.3383062762567226,6.064583333333333,3.3982136742327818,1297110.6014052352,5.161951583930611,-12.844545408104738,0.585374207713157,333.10869565217394,6.900992930353978,-18.404460035345338,2.997336592547665,5.161951583930611,-12.844545408104738
ID,2023-10-25,1.3198832531321258,6.0529166666666665,3.4301929723651066,1297745.7751206104,5.229098736022242,-12.653935500562008,0.5845005682462456,334.0826086956522,7.129519216704702,-18.55781383062198,3.0131189169056265,5.229098736022242,-12.653935500562008
ID,2023-10-26,1.3009145176278678,6.034583333333333,3.4639299938444683,1298409.6605296815,5.654679544694871,-13.061387512374374,0.5820505833800239,333.8695652173913,7.221356291353157,-18.430484763769815,3.0303841941282323,5.654679544694871,-13.061387512374374
ID,2023-10-27,1.284304128783662,6.100416666666667,3.494159545847249,1298999.3208668362,5.803031648626372,-12.65691677220563,0.5794721708861016,333.9869565217391,7.1392171321916065,-18.05413778683425,3.045450275578633,5.803031648626372,-12.65691677220563
ID,2023-10-28,1.2655208607590802,6.054583333333333,3.5291550255528326,1299675.848782162,5.709694806954134,-12.750383689869476,0.5759765723985648,333.18260869565216,6.709218496988823,-17.803788982919812,3.064702066430683,5.709694806954134,-12.750383689869476
ID,2023-10-29,1.2449876120621541,6.06875,3.5684253176981486,1300427.4553238351,5.9481501500239675,-12.695226505954198,0.5739149046205161,333.3608695652174,7.062939686394693,-17.84884692712703,3.084768402531095,5.9481501500239675,-12.695226505954198
ID,2023-10-30,1.225600820034679,6.0633333333333335,3.606463739011005,1301148.4008464417,5.637501101522656,-12.342705017058332,0.5695554056361163,332.24347826086955,6.745987566823834,-17.534446030468224,3.1020791891416772,5.637501101522656,-12.342705017058332
ID,2023-10-31,1.2080062409526615,6.076666666666667,3.641918691122646,1301813.5661980659,5.918231224002776,-12.451172757277371,0.5659336794367005,331.3478260869565,6.7708158204446915,-17.39074302028784,3.1196141786776157,5.918231224002776,-12.451172757277371
ID,2023-11-01,1.183778502037956,6.32,3.6924419023314172,1302749.0659756893,5.984350525594379,-12.272345722110892,0.5499636317555118,324.89565217391305,6.195419554579802,-15.38617048062208,3.1530164351505503,5.984350525594379,-12.272345722110892
ID,2023-11-02,1.1389132516279763,6.515416666666667,3.7901841062555595,1304528.7710372324,4.964503907456329,-10.146189393255945,0.5374336551365728,322.2217391304348,5.868037330629264,-15.389570925867682,3.200381739362285,4.964503907456329,-10.146189393255945
ID,2023-11-03,1.1107954422531392,6.341666666666667,3.8546057145787187,1305679.4362864743,5.4016017534995635,-10.80654795815416,0.5406276224074447,326.55652173913046,6.192342628219174,-15.903193762015556,3.2289024126649397,5.4016017534995635,-10.80654795815416
ID,2023-11-04,1.0966652559167207,6.390833333333333,3.8880827391314305,1306269.794304753,6.0915884241233655,-11.502300330218516,0.5390274797976858,326.3695652173913,6.623873524132175,-15.70688272330686,3.2433414177046065,6.0915884241233655,-11.502300330218516
ID,2023-11-05,1.082274772698285,6.307916666666666,3.9229819571040836,1306879.7620832035,5.452394237320301,-11.352726801815692,0.5343399848940099,325.11739130434785,5.4030329727241435,-14.762703969219183,3.2592788957070713,5.452394237320301,-11.352726801815692
ID,2023-11-06,1.0660172466254447,6.3566666666666665,3.963349531420266,1307578.9734074562,5.351370653818615,-10.781223668247817,0.53117110510309,324.7782608695652,5.354967217300831,-14.65975822469901,3.278444640400389,5.351370653818615,-10.781223668247817
ID,2023-11-07,1.0504324176400512,6.31125,4.0030073274529965,1308259.4814760913,5.328538260857499,-11.04612861605156,0.5300331015822464,326.05652173913046,5.405769431435457,-14.730478427388762,3.3005767120874396,5.328538260857499,-11.04612861605156
ID,2023-11-08,1.0356659657206904,6.303333333333334,4.041496002485719,1308913.8926151341,5.370237549802553,-10.971620454881853,0.5274283231738036,326.7173913043478,5.331529887891157,-14.671293289759111,3.316811556560116,5.370237549802553,-10.971620454881853
ID,2023-11-09,1.0217055711288483,6.304166666666666,4.078773501912561,1309541.8830860492,5.4627647594304065,-10.875210728420845,0.5271342039986134,327.0739130434783,5.78529282121737,-15.097498011477754,3.333343438386277,5.4627647594304065,-10.875210728420845
ID,2023-11-10,1.0103848164309845,6.101666666666667,4.109627858852847,1310057.613853438,5.110667179289498,-11.158754256376907,0.5297853276774099,329.55652173913046,5.342385259685028,-14.99328832562944,3.3464805597740597,5.110667179289498,-11.158754256376907
ID,2023-11-11,0.9960953834519289,6.1066666666666665,4.149461005538099,1310717.7074219096,5.601171170313785,-11.19648507017602,0.5289918259518769,329.8434782608696,5.472660845463083,-15.066767315937517,3.449092634975242,5.601171170313785,-11.19648507017602
ID,2023-11-12,0.9774961922905658,5.982083333333334,4.202726682304742,1311591.3248559963,4.1373251169635665,-10.971567120540612,0.5179185586611539,326.54347826086956,4.303759488449867,-14.73521442920156,3.651472864795642,4.1373251169635665,-10.971567120540612
ID,2023-11-13,0.9589039521850676,6.252916666666667,4.257684520639069,1312481.8496506622,4.239462585404994,-9.695881264470644,0.5123826227229612,325.1695652173913,5.000147817989662,-15.172253959849554,3.8766547950012393,4.239462585404994,-9.695881264470644
ID,2023-11-14,0.9481662050366867,5.82875,4.290200243216729,1313003.892351208,2.8906703308683377,-10.405761103229413,0.5098161970534079,325.02608695652174,3.5779354605379776,-16.219972336871997,3.958816677426311,2.8906703308683377,-10.405761103229413
ID,2023-11-15,0.9501486796340981,5.632916666666667,4.284087814457743,1312906.4287825369,3.167432357049656,-11.667478506818036,0.5126308341099453,327.68260869565216,3.3497937982799897,-16.08265551766825,3.928655794825576,3.167432357049656,-11.667478506818036
ID,2023-11-16,0.9554940646517649,5.5725,4.2678650002366565,1312646.1891555786,2.421675846795876,-11.071583427699768,0.5152745760647356,329.5173913043478,2.99379444814357,-15.683524198922676,3.888203929467136,2.421675846795876,-11.071583427699768
ID,2023-11-17,0.9440172283109916,5.865833333333334,4.302929853133925,1313207.246570625,3.1231569722861883,-10.155785487294986,0.5153516506964713,330.30434782608694,4.341644311435784,-16.20049683600612,4.0570237298898055,3.1231569722861883,-10.155785487294986
ID,2023-11-18,0.932523661572946,6.010833333333333,4.338679754654625,1313775.3644693259,4.1783626716506905,-10.05081526593493,0.5152284573865881,330.83478260869566,4.888108894979827,-16.073854071577205,4.20284744396105,4.1783626716506905,-10.05081526593493
ID,2023-11-19,0.9193803493090622,6.119166666666667,4.3805575075381356,1314434.7641679263,3.857794822818506,-9.42737783917376,0.5081166307102984,328.0043478260869,4.42893428089874,-15.796468570716211,4.374634121852793,3.857794822818506,-9.42737783917376
ID,2023-11-20,0.9082435755960389,6.194166666666667,4.416801236062756,1315000.8491205238,4.1683324723667505,-9.16101162677842,0.5070733207333369,328.47826086956525,4.775130607666061,-15.869687477959596,4.331494440348776,4.1683324723667505,-9.16101162677842
ID,2023-11-21,0.9033576172291932,6.07,4.432922676306995,1315251.3264987003,3.950666721256678,-9.34545554535084,0.5089359342164698,330.30434782608694,5.011243822102908,-16.326486269873552,4.322928235031881,3.950666721256678,-9.34545554535084
ID,2023-11-22,0.9124884754741718,5.88,4.4029722711873225,1314784.9411007536,2.6035672388239144,-9.15727981973784,0.5085678498084061,328.5913043478261,3.5373333688934308,-15.28748988899592,4.352729468750376,2.6035672388239144,-9.15727981973784
ID,2023-11-23,0.9040945495379987,6.4525,4.430541395136343,1315214.0291081476,3.947098618992884,-8.454368057333147,0.4956342322805264,321.18260869565216,4.661755752456926,-14.8691134689399,4.314047312059248,3.947098618992884,-8.454368057333147
ID,2023-11-24,0.8957399319643162,6.302083333333333,4.458396668420765,1315645.0908172373,3.2563701960612694,-8.170635954225965,0.4963566508145852,322.4347826086956,4.616315390900802,-15.070812394750046,4.2886792457242,3.2563701960612694,-8.170635954225965
ID,2023-11-25,0.8892075362556763,6.344166666666666,4.480560926250382,1315985.7962628836,3.830949191557865,-8.357392335330719,0.4965122083349753,324.0130434782609,4.619359609903289,-15.00382045674213,4.267043869153676,3.830949191557865,-8.357392335330719
ID,2023-11-26,0.9162217453301996,5.53625,4.392995249119687,1314616.1757030431,0.9375617703312208,-10.070444909304255,0.4999609738976605,322.2,1.3627281783579384,-15.777233129630693,4.302907119793205,0.9375617703312208,-10.070444909304255
ID,2023-11-27,0.9221924172231019,6.332083333333333,4.371600881186002,1314293.7133745886,4.307005133078269,-9.496101340947147,0.5027416851424625,325.88695652173914,4.798870606709417,-15.055665038999042,4.3776776548033345,4.307005133078269,-9.496101340947147
ID,2023-11-28,0.9084179689962293,6.579583333333334,4.416212315693284,1314991.779270046,3.843085259863905,-8.260139473038931,0.4917230587379695,319.3086956521739,4.674135704878407,-14.283088079035345,4.335270248944862,3.843085259863905,-8.260139473038931
ID,2023-11-29,0.9108317305733271,6.655,4.40834130979582,1314868.9346582384,3.631114118703419,-7.807358045847907,0.4888862333255628,317.5608695652174,4.1472748147803715,-14.024811981552553,4.359806104965725,3.631114118703419,-7.807358045847907
ID,2023-11-30,0.9222817710600854,6.69,4.3712145897830625,1314288.2447209859,4.310356486972136,-7.861903760941216,0.4958075316251836,320.40434782608696,5.047563709530722,-15.241333151841944,4.293115621460756,4.310356486972136,-7.861903760941216
ID,2023-12-01,0.9383446260887217,6.32,4.3205370394640665,1313487.2744687211,3.967198245015797,-8.798218452064289,0.5107456956833835,331.8652173913043,5.2734012370328145,-15.891014060792315,4.066782158783114,3.967198245015797,-8.798218452064289
ID,2023-12-02,0.952053880057139,5.727083333333333,4.2787889940347235,1312818.4932717418,2.268453695828404,-9.846577688393104,0.516402015674142,334.31304347826085,2.99342417084491,-15.29037975543008,3.83869595500478,2.268453695828404,-9.846577688393104
ID,2023-12-03,0.9912983483559128,5.6691666666666665,4.1630407629342745,1310941.4228559537,2.4567579202630347,-10.794510166974328,0.5256469072942431,336.66521739130434,3.032333474708709,-14.24412581302154,3.4460381192857485,2.4567579202630347,-10.794510166974328
ID,2023-12-04,1.0165932074939863,6.0720833333333335,4.0933279238906675,1309781.2062426198,3.526520829989174,-10.049668741301469,0.529080997813808,335.74782608695654,5.160819412674762,-14.669844095171618,3.318068167041125,3.526520829989174,-10.049668741301469
ID,2023-12-05,1.1151492549043753,6.383333333333334,3.8462586233241947,1305519.094503534,3.999453681035982,-10.007911712210564,0.5365961042754783,329.61304347826086,5.533215122362752,-15.116370876983774,3.1955254621393774,3.999453681035982,-10.007911712210564
ID,2023-12-06,1.2269726746159078,6.369583333333333,3.604896336269128,1301110.466429132,3.5485327994274023,-10.684821195170583,0.5496769996145823,325.8521739130435,5.217844587184927,-15.41610392311382,3.08093079562997,3.5485327994274023,-10.684821195170583
ID,2023-12-07,1.3090830919449958,6.452916666666667,3.449580654978437,1298125.9371814337,3.828590366661908,-11.094192774095683,0.5603337769489555,323.8652173913043,5.633236183785945,-16.788988383345995,3.012991169204473,3.828590366661908,-11.094192774095683
ID,2023-12-08,1.3622280338880304,6.175833333333333,3.3577407630718907,1296298.8109308511,4.009349917075479,-12.59778077101458,0.576055580779791,327.82608695652175,6.162400766111119,-18.539683896096392,2.9688482611591422,4.009349917075479,-12.59778077101458
ID,2023-12-09,1.3930990456514043,5.988333333333333,3.307168405090202,1295271.8617936685,4.206189848695869,-13.592443234939136,0.5897676143860988,332.9826086956522,6.415367299862682,-18.885807013325913,2.9444350930893948,4.206189848695869,-13.592443234939136
ID,2023-12-10,1.4187403449759215,5.674166666666666,3.266861812940953,1294440.3644022038,3.6757170688912786,-15.203799508790835,0.5913075304908579,329.5086956521739,5.102892220035623,-19.217348363804756,2.921147106443572,3.6757170688912786,-15.203799508790835
ID,2023-12-11,1.4426504051916278,6.16375,3.2299081438625645,1293673.0677068073,4.952462458667362,-14.858632043333182,0.5826863099897899,326.46521739130435,6.085710929104608,-17.164470167799415,2.9140568460010954,4.952462458667362,-14.858632043333182
ID,2023-12-12,1.4295277052595314,6.448333333333333,3.2498982558659835,1294090.4482613786,4.136725745251955,-12.099935428126775,0.5777828476048085,324.8565217391304,6.43173520932887,-17.96470877859467,2.9167581840139016,4.136725745251955,-12.099935428126775
ID,2023-12-13,1.4568888321392883,6.332083333333333,3.2085462521593033,1293224.4426589538,4.162984395701304,-12.757612188697294,0.5855650414059943,326.98695652173916,7.108736488844716,-18.69419662738307,2.8926349731929104,4.162984395701304,-12.757612188697294
ID,2023-12-14,1.493540542538655,6.1975,3.1550629276330433,1292089.263447073,4.582920177073547,-14.675295842966024,0.5875422683388692,318.0521739130435,NA,NA,NA,4.582920177073547,-14.675295842966024
ID,2024-01-11,2.898586035943179,7.026666666666666,2.2727879661225328,1262164.2285707323,NA,-3.86710822395394,0.8323652000777721,318.8521739130435,NA,NA,NA,NA,-3.86710822395394
ID,2024-01-12,2.933229243171458,5.41,2.2727879661225328,1261634.6404900542,NA,-14.809193375499706,0.8437094481670855,323.7391304347826,3.4097499086381147,-8.026770000583422,0.17319289888711795,3.4097499086381147,-14.809193375499706
ID,2024-01-13,2.9880105071605985,5.570833333333333,2.2727879661225328,1260810.0198187472,NA,-17.961291703248637,0.877129218381971,328.03043478260867,8.287272793353853,-3.261356526373593,0.13683786386298702,8.287272793353853,-17.961291703248637
ID,2024-01-14,3.025742041035364,6.624583333333334,2.2727879661225328,1260250.7517551067,NA,-5.581692593481953,0.8524017724349872,314.9260869565217,6.331027852168761,-6.390699634539722,0.15180819347572405,6.331027852168761,-5.581692593481953
ID,2024-01-15,3.0622087157877163,6.585833333333333,2.2727879661225328,1259717.4129637606,NA,-4.66443806009198,0.8626585451880298,314.7782608695652,5.260839040824952,-7.078864646996273,0.15880248753956797,5.260839040824952,-4.66443806009198
ID,2024-01-16,3.103761916598107,5.35125,2.2727879661225328,1259117.7594830794,NA,-9.632292592825875,0.9026077562962005,323.6434782608696,0.01115616006878949,-6.117588036201052,0.19862916246564472,0.01115616006878949,-9.632292592825875
ID,2024-01-17,3.133466299166944,6.495833333333334,2.2727879661225328,1258693.8382519425,NA,-18.91568922092781,0.8776144506484668,311.504347826087,7.080947405203582,-0.28182494138200154,0.16116827125848449,7.080947405203582,-18.91568922092781
ID,2024-01-18,3.152221754234125,7.12125,2.2727879661225328,1258428.1754764095,NA,NA,0.8632782314891003,305.6434782608696,2.2220425654808937,-7.589372534094368,0.1850110574092369,2.2220425654808937,-7.589372534094368
ID,2024-01-19,3.1725127789969205,6.627916666666667,2.2727879661225328,1258142.9078394354,NA,-7.31780049414581,0.893433870756138,312.8521739130435,3.334163916203575,-1.877706218424751,0.15821797700235432,3.334163916203575,-7.31780049414581
ID,2024-01-20,3.191674794928928,7.104583333333333,2.2727879661225328,1257875.090777514,NA,NA,0.9036218101708314,312.8478260869565,3.7193301932201623,-3.899042246369592,0.15801772207961132,3.7193301932201623,-3.899042246369592
ID,2024-01-21,3.18801237463594,7.741666666666666,2.2727879661225328,1257926.1783441906,NA,NA,0.869805665359784,303.8391304347826,5.09956635240394,-3.766702832985652,0.15335411367510343,5.09956635240394,-3.766702832985652
ID,2024-01-22,3.1779946381489355,7.9,2.2727879661225328,1258066.0928923488,NA,NA,0.8725966514905872,305.9347826086956,4.325795818265704,-5.685839845806517,0.15789108678325386,4.325795818265704,-5.685839845806517
ID,2024-01-23,3.1627984333039576,6.44375,2.2727879661225328,1258279.2580484392,NA,NA,0.9126984585563948,321.30434782608694,0.08724765626368006,-8.940438506265211,0.210533130608806,0.08724765626368006,-8.940438506265211
ID,2024-01-24,3.1393622758545727,5.9470833333333335,2.2727879661225328,1258610.0849788394,NA,-10.379131708835416,0.929549811733792,330.0739130434783,5.582515938479724,-3.1998910329479133,0.13986195915726968,5.582515938479724,-10.379131708835416
ID,2024-01-25,3.112794215415163,6,2.2727879661225328,1258988.0511892145,NA,NA,0.9421898195242779,337.53043478260867,7.721572389781249,-9.53261585388752,0.12380372601902088,7.721572389781249,-9.53261585388752
ID,2024-01-26,3.0973389117879617,5.484166666666667,2.2727879661225328,1259209.5842414487,NA,-4.2822332307406334,0.9400465291878148,338.40434782608696,3.5069736104697324,-4.211861867338378,0.14613588148261808,3.5069736104697324,-4.2822332307406334
ID,2024-01-27,3.066674891567211,5.929583333333333,2.2727879661225328,1259652.4099950856,NA,-3.550135865389979,0.9260766678905397,337.46521739130435,8.81607917010754,-8.121662383831644,0.11333777960042708,8.81607917010754,-3.550135865389979
ID,2024-01-28,3.0509737681866964,6.124583333333334,2.2727879661225328,1259880.9156300612,NA,-0.7030017555177344,0.91526510631319,335.0739130434783,10.98851524383148,-8.399541249174083,0.09048693460279644,10.98851524383148,-0.7030017555177344
ID,2024-01-29,3.02257480901555,6.98125,2.2727879661225328,1260297.4771420832,NA,NA,0.8737126251434203,324.8521739130435,NA,NA,NA,NA,NA
ID,2024-01-30,2.9889999699493797,7.099523809523809,2.2727879661225328,1260795.037527698,NA,NA,0.854838310544961,322.47391304347826,NA,NA,NA,NA,NA
ID,2024-01-31,2.9562286000010825,7.086666666666667,2.2727879661225328,1261286.389623355,NA,NA,0.848762540936442,323.6304347826087,15.817230493162766,-15.203281882655428,0.09770896622415022,15.817230493162766,-15.203281882655428
ID,2024-02-01,2.9200104776625113,7.319166666666667,2.2727879661225328,1261836.0375455322,NA,NA,0.8352400837657383,322.59565217391304,17.791031461831434,-16.761066935063287,0.09789937263649172,17.791031461831434,-16.761066935063287
ID,2024-02-02,2.878253402749987,7.215,2.2727879661225328,1262478.5780576672,NA,NA,0.8324587078809156,326.7130434782609,20.103316520123524,-20.36231382084755,0.08978202724401187,20.103316520123524,-20.36231382084755
ID,2024-02-03,2.8324361286652704,7.0408333333333335,2.2727879661225328,1263194.9274673068,NA,-1.6113711890503444,0.8188143325259721,327.1391304347826,19.839107142055777,-19.408341011700795,0.10650668117809588,19.839107142055777,-1.6113711890503444
ID,2024-02-04,2.7847757810677263,5.8875,2.2727879661225328,1263952.4033071077,NA,-6.730477196221414,0.8150070923057282,332.4913043478261,12.046096067343294,-13.266740738439305,0.1246489215490835,12.046096067343294,-6.730477196221414
ID,2024-02-05,2.746921432308129,6.0945833333333335,2.2727879661225328,1264563.891473416,NA,-13.200430067592247,0.797743745413831,330.38695652173914,14.869810601840182,-14.986014254289191,0.1530727349373679,14.869810601840182,-13.200430067592247
ID,2024-02-06,2.701563678979505,6.739583333333333,2.2727879661225328,1265308.6095063828,3.0854205386331004,-11.157004207923189,0.7790661503416588,328.87391304347824,19.650158469087067,-19.641412424384665,0.1422792117531554,3.0854205386331004,-11.157004207923189
ID,2024-02-07,2.656359802597663,6.941666666666666,2.2727879661225328,1266063.0530225337,3.785692361465995,-9.963550359376857,0.7621013309777083,327.2695652173913,19.78151003019167,-19.958022488699495,0.1565040126521761,3.785692361465995,-9.963550359376857
ID,2024-02-08,2.62105708143247,6.9275,2.2727879661225328,1266661.4989849539,4.513586693705642,-10.03271055615938,0.7579400027243344,329.9391304347826,21.005782541079387,-22.760747951542797,0.1518322222817279,4.513586693705642,-10.03271055615938
ID,2024-02-09,2.599828221728598,6.44125,2.2727879661225328,1267025.3600039592,4.119612612854801,-13.534566662874614,0.7664644223205235,335.67391304347825,20.75535109262732,-21.175180432960584,0.1576229039128516,4.119612612854801,-13.534566662874614
ID,2024-02-10,2.5845961120769525,6.049166666666666,2.2727879661225328,1267288.4248408917,1.8424184617042592,-14.734690925439429,0.7627268825948085,336.1347826086957,17.963585829839822,-18.50696921149226,0.13460452345157176,1.8424184617042592,-14.734690925439429
ID,2024-02-11,2.5731582003318536,6.287916666666667,2.2727879661225328,1267487.0263528086,4.4362205910678725,-14.86392851379878,0.7634972584418178,336.8391304347826,20.847440341807904,-21.907050901720787,0.15790613445595744,4.4362205910678725,-14.86392851379878
ID,2024-02-12,2.5681549412268527,5.252916666666667,2.2727879661225328,1267574.2620915512,0.633096929494887,-19.07033013929079,0.7686720015125819,340.1521739130435,14.803793856569872,-16.884769895765206,0.16489073604818838,0.633096929494887,-19.07033013929079
ID,2024-02-13,2.5694482754680807,6.177083333333334,2.2727879661225328,1267551.851612451,7.633402220237639,-21.075464123237833,0.7554376688071591,333.5086956521739,20.76420970300363,-19.100664914818456,0.1826009445607252,7.633402220237639,-21.075464123237833
ID,2024-02-14,2.54577674723564,6.545416666666666,2.2727879661225328,1267966.680024568,5.090520259560316,-14.916187836108763,0.7354967977440366,328.9086956521739,19.13073555443844,-20.206855982120462,0.17764064826900117,5.090520259560316,-14.916187836108763
ID,2024-02-15,2.5246329751608156,6.166666666666667,2.2727879661225328,1268340.1956110746,4.333973023689014,-17.23000254059178,0.733381722615465,331.01304347826084,17.749001306006438,-19.080950998411076,0.15905075498876078,4.333973023689014,-17.23000254059178
ID,2024-02-16,2.510185159711046,5.707083333333333,2.2727879661225328,1268597.381213259,3.2013128749162267,-19.695147261092497,0.732364523113902,332.8565217391304,15.56656312090048,-17.004946605600956,0.16807017864809892,3.2013128749162267,-19.695147261092497
ID,2024-02-17,2.5008903104901012,5.1987499999999995,2.2727879661225328,1268763.6828073985,1.9568937049467725,-21.59255784150519,0.7318011713640373,333.60869565217394,10.835088633015944,-11.896354220472071,0.16621822000796457,1.9568937049467725,-21.59255784150519
ID,2024-02-18,2.514890061003674,5.275,2.2727879661225328,1268513.4232171446,1.1385252062915954,-21.32256718496554,0.7220885571341239,325.66521739130434,7.3085327137259695,-7.683823468826684,0.17719408929224773,1.1385252062915954,-21.32256718496554
ID,2024-02-19,2.5022814836782485,6.72625,2.2727879661225328,1268738.715220866,7.805988480968558,-15.17765337024636,0.7212561978949205,329.10869565217394,17.629848020474356,-18.69206224077272,0.19324442230885763,7.805988480968558,-15.17765337024636
ID,2024-02-20,2.504687383228226,6.789583333333333,2.2727879661225328,1268695.6463766815,7.132957475182409,-14.341215240528532,0.7207663530067466,327.8304347826087,17.49144745278553,-18.697569473178007,0.1937177706793772,7.132957475182409,-14.341215240528532
ID,2024-02-21,2.527762960329948,6.81375,2.2727879661225328,1268284.6367735702,6.948120764082102,-13.940782637904462,0.729576739008291,328.16521739130434,18.497428807139585,-19.388789410003294,0.1813210869400736,6.948120764082102,-13.940782637904462
ID,2024-02-22,2.564062240043909,6.804166666666667,2.2727879661225328,1267645.9841694518,5.762363263260269,-12.95618904991427,0.7408905021231815,328.004347826087,19.879271574923397,-20.455212218396127,0.1710728717529503,5.762363263260269,-12.95618904991427
ID,2024-02-23,2.606886341834432,6.08125,2.2727879661225328,1266904.8155035682,NA,-12.557027280639836,0.7626074727104227,332.88260869565215,15.154847001248408,-15.96720017290534,0.13906152027897484,15.154847001248408,-12.557027280639836
ID,2024-02-24,2.65049516737978,6.604583333333333,2.2727879661225328,1266161.5038340231,2.367612905705655,-11.269671296571415,0.7783695120271763,331.8695652173913,20.578254541041105,-19.572909970809143,0.1476338345142721,2.367612905705655,-11.269671296571415
ID,2024-02-25,2.6658180209782616,6.85125,2.2727879661225328,1265903.4173118193,1.58440400238886,-8.798146425155162,0.7768729957353808,329.0217391304348,21.083278862440224,-20.613300549722815,0.14355293918392203,1.58440400238886,-8.798146425155162
ID,2024-02-26,2.663792978660058,7.04,2.2727879661225328,1265937.4285510457,2.650840787794024,-8.490620268239727,0.7736204782100156,328.1391304347826,21.056572071044247,-21.28101570387176,0.1522029784249313,2.650840787794024,-8.490620268239727
ID,2024-02-27,2.6558178772873435,6.89,2.2727879661225328,1266071.5759067214,1.576422716883792,-7.980648392218508,0.781555255211101,332.5782608695652,21.542024217647025,-21.59974924378555,0.1412856045606003,1.576422716883792,-7.980648392218508
ID,2024-02-28,2.6428310311930896,6.685833333333333,2.2727879661225328,1266290.9925391348,0.5699195249090039,-8.005357346213042,0.7855463410915131,335.5391304347826,22.387204050852272,-22.72421944911454,0.12565363902413096,0.5699195249090039,-8.005357346213042
ID,2024-02-29,2.613461543313357,6.457916666666667,2.2727879661225328,1266791.8310795214,0.8950319619359898,-10.224266183562072,0.7782738902217837,336.60434782608695,22.741946428286887,-22.326566931017215,0.1407927161216465,0.8950319619359898,-10.224266183562072
ID,2024-03-01,2.5608662930826838,6.460833333333333,2.2727879661225328,1267702.6346714252,3.068585917762499,-11.975636834388826,0.7542332853917123,334.75652173913045,19.756640420094488,-21.520175539383036,0.15099490404109003,3.068585917762499,-11.975636834388826
ID,2024-03-02,2.4995081000306802,5.775,2.2727879661225328,1268789.8308833013,3.294740639663017,-16.9710966630774,0.7483705875246571,340.6304347826087,17.475585932358246,-18.8651591717038,0.17505367107507375,3.294740639663017,-16.9710966630774
ID,2024-03-03,2.4365506392665917,6.0225,2.2750332090843894,1269934.0714757154,8.730911664209064,-19.54728094661465,0.7353074713726757,342.504347826087,21.790927772246626,-22.987792281142625,0.21486741448827723,8.730911664209064,-19.54728094661465
ID,2024-03-04,2.376593926201881,6.165416666666666,2.304468681340161,1271053.1964443414,9.4382023479673,-19.232339280387844,0.7240991370845697,342,22.13287963355039,-22.896000262819932,0.2344754951650508,9.4382023479673,-19.232339280387844
ID,2024-03-05,2.327707738182866,5.2025,2.3370145738849306,1271985.7362538076,3.3561178213251823,-20.768750645447675,0.7128556372918484,339.8304347826087,11.93478886598778,-14.52653595514783,0.23269590111650712,3.3561178213251823,-20.768750645447675
ID,2024-03-06,2.3208642811565205,5.77125,2.3416575829241646,1272117.8170171636,8.873098947693103,-21.988822110755887,0.718503956808247,340.32173913043476,20.221783143613465,-21.31755045983772,0.24429863582331127,8.873098947693103,-21.988822110755887
ID,2024-03-07,2.301749337962638,6.06375,2.3547874341542707,1272489.5657637594,9.59850123541982,-20.298674658351047,0.7145799577206852,340.9521739130435,19.921761506181916,-21.372313501419605,0.2791163849160301,9.59850123541982,-20.298674658351047
ID,2024-03-08,2.2985729016183907,5.994583333333333,2.3569831149606735,1272551.5829230784,9.032712352799926,-20.283511820226597,0.7134578249335752,340.0043478260869,19.56474217924188,-21.552153842099717,0.26977881691371003,9.032712352799926,-20.283511820226597
ID,2024-03-09,2.314648987356796,5.374583333333334,2.345960032010083,1272239.2759274687,5.645506987452503,-21.879079885749128,0.72059664179796,340.75652173913045,16.451249778273574,-18.45307126928695,0.23651483786642777,5.645506987452503,-21.879079885749128
ID,2024-03-10,2.3450170915222848,6.0117391304347825,2.3253089820740636,1271652.33015593,11.297283389916402,-23.25217576045406,0.7162312053338786,335.52608695652174,NA,NA,NA,11.297283389916402,-23.25217576045406
ID,2024-03-11,2.3597446679003222,6.69375,2.315499216767606,1271371.2973419838,9.33553994636359,-16.232412185565465,0.7020824417287379,330.9782608695652,20.409606347956068,-21.53615398428986,0.23895679566467495,9.33553994636359,-16.232412185565465
ID,2024-03-12,2.410144556863779,6.449583333333333,2.2846062341343134,1270423.424302686,10.17720970919478,-18.71425501320595,0.7112218124769513,332.1478260869565,19.625564528704995,-21.650491406560857,0.20295335555884064,10.17720970919478,-18.71425501320595
ID,2024-03-13,2.487135420439445,6.11625,2.2727879661225328,1269012.9111616628,9.08410775044612,-20.876070949037217,0.7372394041198879,334.31739130434784,19.032220878458947,-19.31812581301359,0.19258494965481787,9.08410775044612,-20.876070949037217
ID,2024-03-14,2.563478897046749,6.328333333333333,2.2727879661225328,1267657.1274962346,7.737299682414575,-18.074995588817114,0.7595637117969934,332.7,20.48035328214984,-20.94632835240744,0.17147601036222293,7.737299682414575,-18.074995588817114
ID,2024-03-15,2.6343643378729857,6.127083333333333,2.2727879661225328,1266435.8511064702,4.313170191222417,-16.08234608214853,0.7899679514734654,335.4130434782609,20.336951481602703,-20.244941056000968,0.14939344113272007,4.313170191222417,-16.08234608214853
ID,2024-03-16,2.693195687005135,5.6025,2.2727879661225328,1265447.3092652222,NA,-14.46125735881695,0.818533288595828,339.25217391304346,17.404010929035195,-17.159333515466564,0.1193528294855957,17.404010929035195,-14.46125735881695
ID,2024-03-17,2.7381774233136924,5.789166666666667,2.2727879661225328,1264706.242912183,NA,-13.398177391152846,0.8354966286706573,339.82608695652175,18.875828619255845,-18.839678395310855,0.12702055461060935,18.875828619255845,-13.398177391152846
ID,2024-03-18,2.7760211781456063,5.24875,2.2727879661225328,1264093.0205721883,NA,-14.131203336554226,0.8409719726439967,337.3652173913043,12.544857348474029,-12.11462238719484,0.12424564539133352,12.544857348474029,-14.131203336554226
ID,2024-03-19,2.79277072673199,6.4625,2.2727879661225328,1263823.9793604224,2.491835296175816,-14.24902007472269,0.8142430628050413,325.2695652173913,17.249090944958535,-16.174323104427877,0.15874302770421442,2.491835296175816,-14.24902007472269
ID,2024-03-20,2.7990623359222897,6.7125,2.2727879661225328,1263723.4581776918,0.5406264028667757,-10.072660572196805,0.8077129426780719,322.4391304347826,17.21849150067419,-17.545055548225903,0.15106213514519978,0.5406264028667757,-10.072660572196805
ID,2024-03-21,2.8008334568907607,6.621666666666667,2.2727879661225328,1263695.2248324556,0.05203346360396451,-9.599156531518092,0.8188756551735226,326.55652173913046,17.690867041466525,-18.133199134312516,0.14716765600427265,0.05203346360396451,-9.599156531518092
ID,2024-03-22,2.8026845849473703,4.80125,2.2727879661225328,1263665.737590828,NA,-11.445732389153996,0.8340236419643088,329.6913043478261,4.253337491951591,-8.680304332621557,0.17189645907994297,4.253337491951591,-11.445732389153996
ID,2024-03-23,2.805285444696497,5.43,2.2727879661225328,1263624.2922788572,3.502752019111091,-22.937035188239797,0.840683574398603,334.8304347826087,14.286893162204173,-13.768103523178205,0.15640931298578947,3.502752019111091,-22.937035188239797
ID,2024-03-24,2.799112670045124,6.065,2.2727879661225328,1263722.8355294995,1.128376826581333,-15.364903553692354,0.8329587507756899,332.5086956521739,16.333017489189462,-15.424412928929708,0.14650823469565638,1.128376826581333,-15.364903553692354
ID,2024-03-25,2.7877217834789105,6.320833333333333,2.2727879661225328,1263904.7655347842,NA,-10.901890157789836,0.8226368017947889,330.24782608695654,15.791014424513298,-16.762388931579856,0.1496181621720511,15.791014424513298,-10.901890157789836
ID,2024-03-26,2.7975724128159656,5.930833333333333,2.2727879661225328,1263747.312495938,NA,-11.53726280259338,0.8380342055178881,334.7608695652174,15.097712548054403,-16.480892336012992,0.14330894334817024,15.097712548054403,-11.53726280259338
ID,2024-03-27,2.81954645036928,4.38125,2.2727879661225328,1263398.1674662882,NA,-16.65748951162725,0.8492843286967701,335.80434782608694,2.5615466718581885,-6.310367168868728,0.1777077166798868,2.5615466718581885,-16.65748951162725
ID,2024-03-28,2.854036402720389,5.4725,2.2727879661225328,1262855.3443476718,3.7488332544000422,-23.58434462030491,0.8564287016992513,331.95652173913044,13.693141214545172,-12.16529165762589,0.1535016826253874,3.7488332544000422,-23.58434462030491
ID,2024-03-29,2.8622950017698563,6.25875,2.2727879661225328,1262726.2139632825,NA,-11.277911379794718,0.8470371763727558,330.0173913043478,15.201018875030806,-15.04988971527988,0.1595308429312952,15.201018875030806,-11.277911379794718
ID,2024-03-30,2.88711734799816,6.319166666666667,2.2727879661225328,1262341.2570412462,NA,-9.974900843781397,0.8491392436071659,328.24782608695654,14.206955054389782,-13.979294258226398,0.15799098948684714,14.206955054389782,-9.974900843781397
ID,2024-03-31,2.9283923231761677,6.197916666666667,2.2727879661225328,1261708.2350311573,NA,-8.303761972952541,0.867729949988053,330.11739130434785,13.418154817314226,-12.518612010961908,0.14462526299787412,13.418154817314226,-8.303761972952541
ID,2024-04-01,2.975254763868355,5.9695833333333335,2.2727879661225328,1261000.7606883117,NA,-5.067752757174254,0.8940112307248493,335.0782608695652,11.265742206022562,-11.436574631376182,0.136855318781608,11.265742206022562,-5.067752757174254
ID,2024-04-02,3.0240127698396946,5.752083333333333,2.2727879661225328,1260276.5617657998,NA,-6.0636695742560835,0.9150634516130396,334.8478260869565,8.824635766010799,-10.268007259084555,0.1492151787775624,8.824635766010799,-6.0636695742560835
ID,2024-04-03,3.101585490930892,4.72875,2.2727879661225328,1259151.8994795014,NA,-11.84491412055878,0.9425888044456454,332.04782608695655,0.20158026131629964,-8.567482120044543,0.1954364595933134,0.20158026131629964,-11.84491412055878
ID,2024-04-04,3.1654236313072595,4.997083333333333,2.2727879661225328,1258242.6951135045,2.329561325675536,-31.71063605070096,0.938695873896302,322.7391304347826,9.480778566436236,-5.143206742791821,0.16575384234592436,2.329561325675536,-31.71063605070096
ID,2024-04-05,3.210053621413485,6.009166666666666,2.2727879661225328,1257620.3504845325,NA,-13.1412947093057,0.9448275416513834,324.9826086956522,6.42211120467762,-8.44929389326642,0.16628663141062822,6.42211120467762,-13.1412947093057
ID,2024-04-06,3.260396896600201,6.006666666666667,2.2727879661225328,1256928.8249203558,NA,-13.678961973409097,0.962865044224554,326.0217391304348,4.070574195765199,-5.901874810520101,0.1737523644367876,4.070574195765199,-13.678961973409097
ID,2024-04-07,3.299806171221118,6.11,2.2727879661225328,1256395.1443350161,NA,-14.998626122385504,0.9706160810530028,324.3304347826087,4.876220051761841,-7.026914481091532,0.17730725871756953,4.876220051761841,-14.998626122385504
ID,2024-04-08,3.324810485241593,6.01,2.2727879661225328,1256059.820067642,NA,-14.810484765342366,0.9866834946534587,328.0173913043478,3.667419950885008,-6.448889684425874,0.18055634188170533,3.667419950885008,-14.810484765342366
ID,2024-04-09,3.328973365092221,5.562083333333334,2.2727879661225328,1256004.2782217225,NA,-16.483399702198582,0.9996607904960446,330.6304347826087,3.789544112875382,-6.42897343737488,0.17678408237722698,3.789544112875382,-16.483399702198582
ID,2024-04-10,3.3224363201687286,5.59375,2.2727879661225328,1256091.5677252552,NA,-16.72293203679249,1.0096665943831349,334.66521739130434,3.534269561526501,-7.243021331348594,0.18106484711944557,3.534269561526501,-16.72293203679249
ID,2024-04-11,3.3330856727705216,5.0720833333333335,2.2727879661225328,1255950.111649526,NA,-19.798177535574673,1.0240388997760137,337.3521739130435,3.859932166742913,-7.566480864143625,0.1751761421254433,3.859932166742913,-19.798177535574673
ID,2024-04-12,3.3475134020797372,5.355833333333333,2.2727879661225328,1255757.9256303913,NA,-24.19950646355708,1.0144589117814649,331.46521739130435,5.437004327556772,-6.025621472965465,0.18072160956253197,5.437004327556772,-24.19950646355708
ID,2024-04-13,3.396658304860856,5.662083333333333,2.2727879661225328,1255112.230576466,NA,-19.917975633569572,1.015400935040101,330.2826086956522,6.202855600064678,-9.175188613085828,0.17910714588660545,6.202855600064678,-19.917975633569572
ID,2024-04-14,3.502655821940119,5.655833333333334,2.2727879661225328,1253751.5114796618,NA,-22.81067037581941,1.0435565144545056,327.46956521739133,13.273907950713228,-16.608837347992647,0.16047801172676915,13.273907950713228,-22.81067037581941
ID,2024-04-15,3.6397973028509645,5.1775,2.2727879661225328,1252051.3106896582,NA,-27.04815606025033,1.0944789600849911,328.5130434782609,10.361910280325136,-12.364492405201352,0.14850624870270204,10.361910280325136,-27.04815606025033
ID,2024-04-16,3.776266709503879,4.801666666666667,2.2727879661225328,1250423.0965729463,NA,-30.3043273988568,1.1471822929583613,331.24347826086955,8.950775319616188,-10.27937219524137,0.14306265120211703,8.950775319616188,-30.3043273988568
ID,2024-04-17,3.8951012340392692,4.562083333333334,2.2727879661225328,1249054.1432383445,NA,-31.004273643705364,1.1901171478302661,329.0304347826087,12.63735877888012,-15.011372044793744,0.13837120019964608,12.63735877888012,-31.004273643705364
ID,2024-04-18,4.0011764446956395,4.345416666666667,2.2727879661225328,1247868.4558187174,NA,NA,1.232162215796742,333.9478260869565,10.540851058645943,-15.545853867934612,0.14521486632873917,10.540851058645943,-15.545853867934612
ID,2024-04-19,4.09473819699626,4.11,2.2727879661225328,1246849.3049188743,NA,NA,1.2700836699649523,334.97391304347826,11.689662502106774,-15.614234400937592,0.13889840224358332,11.689662502106774,-15.614234400937592
ID,2024-04-20,4.178712445380689,3.9145833333333333,2.2727879661225328,1245954.8472169966,NA,NA,1.3053373832556745,337.204347826087,7.204852251446271,-12.453840010779082,0.1555893022358237,7.204852251446271,-12.453840010779082
ID,2024-04-21,4.251738668229501,3.5825,2.2727879661225328,1245192.5018453416,NA,NA,1.33121127108362,337.5782608695652,10.462154770830455,-19.167047799234787,0.13277865209209516,10.462154770830455,-19.167047799234787
ID,2024-04-22,4.315853542524715,3.2995833333333335,2.2727879661225328,1244533.339809537,NA,NA,1.337814290104242,335.2217391304348,11.196462996115324,-12.458648468656882,0.17309339778957628,11.196462996115324,-12.458648468656882
ID,2024-04-23,4.348254936044156,3.76625,2.2727879661225328,1244204.2805804573,NA,NA,1.3222137456298306,333.5521739130435,7.097731453453057,-6.248137020641905,0.18641460679278604,7.097731453453057,-6.248137020641905
ID,2024-04-24,4.363659139281389,4.273333333333333,2.2727879661225328,1244048.760235929,NA,NA,1.3113421594859673,326.18695652173915,5.4161466281807735,-7.8024407741977395,0.1641062307000455,5.4161466281807735,-7.8024407741977395
ID,2024-04-25,4.350625075491587,4.46625,2.2727879661225328,1244180.3365468797,NA,NA,1.3056393853097386,326.2913043478261,5.388718491887805,-9.067101180029212,0.1624322019827956,5.388718491887805,-9.067101180029212
ID,2024-04-26,4.3099544874751885,4.571666666666666,2.2727879661225328,1244593.5614923073,NA,NA,1.3111477176082509,330.17826086956524,8.451115307195646,-13.530522506229335,0.16622350721666268,8.451115307195646,-13.530522506229335
ID,2024-04-27,4.252313313273837,4.2125,2.2727879661225328,1245186.156151997,NA,NA,1.3080468019196458,334.6478260869565,3.3438589350815082,-7.426538550954061,0.1774532611408432,3.3438589350815082,-7.426538550954061
ID,2024-04-28,4.183055998285412,4.3175,2.2727879661225328,1245909.106009082,NA,NA,1.2874760608159992,335.2130434782609,2.7086890828389154,-5.1559054781974165,0.1812572762495895,2.7086890828389154,-5.1559054781974165
ID,2024-04-29,4.10457233550534,4.636666666666667,2.2727879661225328,1246743.4764210244,NA,NA,1.2585583842756551,334.9260869565217,3.878168464867232,-6.113155542170776,0.18035498553809892,3.878168464867232,-6.113155542170776
ID,2024-04-30,4.013127856217894,4.737916666666667,2.2727879661225328,1247736.6543992944,NA,NA,1.2369755990769045,338.47391304347826,6.470252667316945,-10.276169348871822,0.16654679532054006,6.470252667316945,-10.276169348871822
ID,2024-05-01,3.9158269379208575,4.739583333333333,2.2727879661225328,1248819.6393772378,NA,NA,1.2114559958739337,341.39565217391305,10.47892742450342,-13.78927556849566,0.1686555257708506,10.47892742450342,-13.78927556849566
ID,2024-05-02,3.81062680180902,4.577083333333333,2.2727879661225328,1250022.1813951773,NA,NA,1.1795366269097276,344.38695652173914,8.920374473981504,-12.890944079787838,0.18502374417299036,8.920374473981504,-12.890944079787838
ID,2024-05-03,3.704156100671333,4.63375,2.2727879661225328,1251274.8194859105,NA,NA,1.1515780120665513,347.9347826086956,7.771053253176533,-8.640962288905335,0.18072917466916952,7.771053253176533,-8.640962288905335
ID,2024-05-04,3.595827033545936,4.882916666666667,2.2727879661225328,1252587.6698669319,NA,-30.59119966804534,1.1177478936440404,349.60434782608695,3.009908239138986,-6.799759106647313,0.18543976826776215,3.009908239138986,-30.59119966804534
ID,2024-05-05,3.4946805290639458,4.65,2.2727879661225328,1253851.6163665962,NA,-30.54790420115731,1.0757577128250788,348.32173913043476,0.30606451881545105,-2.8125576687962597,0.1872119221725582,0.30606451881545105,-30.54790420115731
ID,2024-05-06,3.3901117206718556,4.925416666666667,2.2727879661225328,1255198.457624896,NA,-24.899904364384103,1.045217096053628,348.6304347826087,0.18968043338238735,-0.2527953511605829,0.18062217551940263,0.18968043338238735,-24.899904364384103
ID,2024-05-07,3.289086832215001,5.369583333333334,2.2727879661225328,1256540.8598233839,NA,-14.428394086451826,1.0205016011142012,353.02608695652174,0.3431611147717008,-2.5069500952301724,0.1813492695265788,0.3431611147717008,-14.428394086451826
ID,2024-05-08,3.195755320570878,5.449583333333333,2.2727879661225328,1257819.7351164513,NA,-10.58005418034926,0.9919512685612011,354.0130434782609,3.951582914324605,-5.264651210679732,0.16392871308668022,3.951582914324605,-10.58005418034926
ID,2024-05-09,3.1117999114014694,5.4679166666666665,2.2727879661225328,1259003.3954418905,NA,-6.956686461379775,0.9677345676204689,355.4347826086956,5.792297431835426,-6.947838017260873,0.15051465329983768,5.792297431835426,-6.956686461379775
ID,2024-05-10,3.048442657805604,4.705416666666666,2.2727879661225328,1259918.3224829177,NA,-8.334167420223695,0.9371459472604777,350.5173913043478,NA,NA,NA,NA,-8.334167420223695
ID,2024-05-11,2.991109573705397,5.3879166666666665,2.2727879661225328,1260764.229636701,NA,-15.045520810116557,0.9176478846538921,351.83478260869566,12.25093014463682,-11.70692606226027,0.132282449670005,12.25093014463682,-15.045520810116557
ID,2024-05-12,2.929437777418777,5.442916666666667,2.2727879661225328,1261692.674110271,NA,-7.600940741816806,0.8907323135752092,348.6304347826087,10.357476417293842,-10.867921713578578,0.126546387660201,10.357476417293842,-7.600940741816806
ID,2024-05-13,2.886801253445482,5.12625,2.2727879661225328,1262346.1209105928,NA,-9.932893570568275,0.8745777831348333,345.7,8.219176662565255,-12.513464848998463,0.15488369460252682,8.219176662565255,-9.932893570568275
ID,2024-05-14,2.890048252984135,5.050416666666667,2.2727879661225328,1262296.2008936582,NA,-19.7799642287699,0.8797830212376166,343.5304347826087,11.811196960152545,-9.97121983205179,0.13309291507433013,11.811196960152545,-19.7799642287699
ID,2024-05-15,2.86826097739527,5.282916666666667,2.2727879661225328,1262633.3156102926,NA,-8.604547979765117,0.8841563906411284,352.03913043478263,11.923998131236678,-12.774051070951549,0.1245468732664142,11.923998131236678,-8.604547979765117
ID,2024-05-16,2.8821982184983144,5.434583333333333,2.2727879661225328,1262417.2263530039,NA,-10.369956593640463,0.8913904389776592,352.9391304347826,12.938535971047044,-12.948290934612816,0.13266476901016405,12.938535971047044,-10.369956593640463
ID,2024-05-17,2.9279998654203756,5.008333333333333,2.2727879661225328,1261714.6453298468,NA,-9.859883589384316,0.9030247212470395,350.68260869565216,7.060281630302056,-7.331070865870339,0.14335226072980806,7.060281630302056,-9.859883589384316
ID,2024-05-18,2.988493710129732,5.169583333333334,2.2727879661225328,1260803.6723897415,NA,-9.123287919880733,0.9235282263749862,350.2913043478261,5.2236082633315055,-5.635909064079665,0.15388644833079457,5.2236082633315055,-9.123287919880733
ID,2024-05-19,3.065831923596592,5.41125,2.2727879661225328,1259665.8191967525,NA,-7.958690521277573,0.948333745154229,348.4130434782609,5.615078825531018,-6.389902829388205,0.15755151870723458,5.615078825531018,-7.958690521277573
ID,2024-05-20,3.1480764203802485,5.425833333333333,2.2727879661225328,1258487.8987416679,NA,-7.834517265828338,0.9763669928567914,347.0782608695652,1.3079948651107791,-2.70954071137492,0.17958319443599272,1.3079948651107791,-7.834517265828338
ID,2024-05-21,3.2296590057609014,5.632083333333333,2.2727879661225328,1257350.4680668754,NA,-8.93933450547258,0.9987443786888041,345.1434782608696,1.0743072177601338,-4.907245589826538,0.18532519632089697,1.0743072177601338,-8.93933450547258
ID,2024-05-22,3.3111140792293314,5.386666666666667,2.2727879661225328,1256244.0465298672,NA,-15.269398365716606,1.0311254429263557,345.69565217391306,NA,NA,NA,NA,-15.269398365716606
ID,2024-05-23,3.3899951383882945,5.260416666666667,2.2727879661225328,1255199.415974899,NA,-22.07686415470341,1.0635521588621104,346.16521739130434,2.6839853998615206,-6.298604920449545,0.1861253446953208,2.6839853998615206,-22.07686415470341
ID,2024-05-24,3.481117722607753,5.272083333333334,2.2727879661225328,1254023.9077396132,NA,-25.80495373153206,1.0954003098098568,344.95217391304345,8.651586843290811,-12.119500053041191,0.18634056621601003,8.651586843290811,-25.80495373153206
ID,2024-05-25,3.5740537078813372,5.264166666666667,2.2727879661225328,1252856.5396598924,NA,-29.03208954103792,1.1276288384516695,345.7391304347826,11.140947260787328,-12.735285524322125,0.17646099970594709,11.140947260787328,-29.03208954103792
ID,2024-05-26,3.6583975489278027,5.239166666666667,2.2727879661225328,1251823.871447355,NA,-28.6298853406848,1.157592466467428,344.4260869565217,10.8503181232922,-12.088875708641895,0.1706884389071807,10.8503181232922,-28.6298853406848
ID,2024-05-27,3.726845642855486,5.15625,2.2727879661225328,1251003.6974192883,NA,-28.229007674391713,1.182842602874427,345.6217391304348,9.762615996026234,-11.489600295050732,0.1605453100625665,9.762615996026234,-28.229007674391713
ID,2024-05-28,3.775949416344807,5.04625,2.2727879661225328,1250424.89529519,NA,-28.52242932318224,1.1998413355541588,344.9304347826087,8.092597805248275,-11.155058743000742,0.16306969143919334,8.092597805248275,-28.52242932318224
ID,2024-05-29,3.797097358749188,4.872083333333333,2.2727879661225328,1250177.9130189558,NA,-31.3343981954653,1.207607354281206,345.7608695652174,8.881751991754467,-10.660711485331683,0.15220540702219143,8.881751991754467,-31.3343981954653
ID,2024-05-30,3.790987909361121,5.175,2.2727879661225328,1250249.1083590267,NA,-31.044723286117105,1.1978450204134963,343.2695652173913,10.579566666811784,-11.640424327840211,0.14885819422930982,10.579566666811784,-31.044723286117105
ID,2024-05-31,3.7638070244627047,5.437916666666666,2.2727879661225328,1250567.2304530772,NA,-28.379653303911265,1.179754597768668,341.3608695652174,12.708938583961231,-14.698351732689304,0.15534303477776631,12.708938583961231,-28.379653303911265
ID,2024-06-01,3.7212541021302252,5.4575,2.2727879661225328,1251069.980988857,NA,-29.635238677953847,1.1642578520458569,341.5826086956522,13.066030463598317,-14.535135082376812,0.16165132828286485,13.066030463598317,-29.635238677953847
ID,2024-06-02,3.6796021043490224,5.1975,2.2727879661225328,1251567.6699299521,NA,-30.311714346494405,1.1448687457755213,341.6391304347826,10.030657598676196,-15.5997269006732,0.16691282479833802,10.030657598676196,-30.311714346494405
ID,2024-06-03,3.6355209093315226,4.81,2.2727879661225328,1252100.7828809044,NA,NA,1.125542239037196,341.9086956521739,11.759079162165476,-13.569764542043426,0.19067613063531264,11.759079162165476,-13.569764542043426
ID,2024-06-04,3.5921195058949515,4.947916666666667,2.2727879661225328,1252632.3981891135,NA,-33.51195450455959,1.123814712876286,345.44347826086954,8.571270226749487,-11.306698534624564,0.1952078701096525,8.571270226749487,-33.51195450455959
ID,2024-06-05,3.5404268096414033,4.91875,2.2727879661225328,1253274.1633733357,NA,-32.69881485837404,1.113475554895927,348.2260869565217,6.359858101759362,-9.830136418932367,0.19624152294679212,6.359858101759362,-32.69881485837404
ID,2024-06-06,3.484714756632226,4.86875,2.2727879661225328,1253977.1083734783,NA,-32.7969473138567,1.0949004227085555,347.96521739130435,4.965876954556926,-7.170409644238606,0.1936030126489677,4.965876954556926,-32.7969473138567
ID,2024-06-07,3.415260900591245,4.9925,2.2727879661225328,1254869.730024513,NA,-27.462049138191297,1.0805660380272897,353.2391304347826,1.6228855108259113,-4.109993155049871,0.18793380827557613,1.6228855108259113,-27.462049138191297
ID,2024-06-08,3.337806008962445,4.90125,2.2727879661225328,1255887.7064587527,NA,-22.972142387790115,1.0574145359351923,355.3478260869565,NA,NA,NA,NA,-22.972142387790115
ID,2024-06-09,3.256671201136154,4.925416666666667,2.2727879661225328,1256980.4112478094,NA,-19.37841809064285,1.027271711300478,354.6434782608696,0.18083132080700337,-2.3732076616782107,0.18571822536646676,0.18083132080700337,-19.37841809064285
ID,2024-06-10,3.1705556641042403,4.97125,2.2727879661225328,1258171.6479975334,NA,-15.853203204856497,0.9968466825927436,354.68260869565216,0.9567729390785272,-2.5053931404574743,0.17882530959652534,0.9567729390785272,-15.853203204856497
ID,2024-06-11,3.0719696558401086,5.070416666666667,2.2727879661225328,1259577.8532074965,NA,-10.815329757067229,0.963827748062136,355.5739130434783,4.15200846777085,-5.876513246095025,0.1606598310354688,4.15200846777085,-10.815329757067229
ID,2024-06-12,2.965398239404115,5.027083333333334,2.2727879661225328,1261150.908789555,NA,-8.476270685358584,0.9279346466254568,355.59565217391304,7.695080065738234,-10.079630417413044,0.1404303669064077,7.695080065738234,-8.476270685358584
ID,2024-06-13,2.851031340747232,5.137083333333333,2.2727879661225328,1262905.8600318881,NA,-11.363032121369129,0.889091777067326,355.75217391304346,14.432359307809485,-15.119678560947625,0.11240344553583811,14.432359307809485,-11.363032121369129
ID,2024-06-14,2.729111903271389,5.272083333333334,2.2727879661225328,1264858.2832704762,NA,-11.371448923213428,0.8512654064515732,357.1,17.12455165567509,-18.33553856132875,0.11932425863546296,17.12455165567509,-11.371448923213428
ID,2024-06-15,2.6104034163300076,5.148333333333333,2.2727879661225328,1266847.230308131,NA,-15.0826257476225,0.8114669321949729,356.8086956521739,18.033167559743273,-19.63582854112156,0.14401391586896228,18.033167559743273,-15.0826257476225
ID,2024-06-16,2.4995437174555133,5.047916666666667,2.2727879661225328,1268791.368147565,0.6892815896024025,-19.038109376222113,0.7733309537125479,355.1521739130435,19.32305788338341,-21.17465379858985,0.16693632412346265,0.6892815896024025,-19.038109376222113
ID,2024-06-17,2.391088960107105,3.9007692307692308,2.296609627817507,1270782.887543681,NA,-25.077229208618466,0.7377500421433181,353.7739130434783,NA,NA,NA,NA,-25.077229208618466
LF,2022-04-01,1.5838794913019407,3.1935000000000002,1.468758246400653,47242.79064261153,5.924765897635102,-12.055311485230929,0.3513606443310106,530.295652173913,6.011206163841536,-22.553968962791444,1.6489976090377363,5.924765897635102,-12.055311485230929
LF,2022-04-02,1.5891606113087673,2.8841666666666668,1.468758246400653,47346.53244401887,2.110558933033829,-11.090154322863322,0.3466410196303762,524.795652173913,0.2170029529644095,-14.212258029817102,1.4318757840817558,2.110558933033829,-11.090154322863322
LF,2022-04-03,1.5810187858072176,3.6175,1.468758246400653,47186.531154986245,5.246092094841369,-7.755025519788461,0.34804332811947886,529.6913043478261,5.01002712368735,-24.54454100009946,2.132353995722938,5.246092094841369,-7.755025519788461
LF,2022-04-04,1.5608401079996062,3.3945833333333333,1.468758246400653,46788.83463554889,4.244497522447154,-8.570600692909473,0.34754884956640725,531.4304347826087,4.915752024879357,-23.0854202845884,1.8167121058478288,4.244497522447154,-8.570600692909473
LF,2022-04-05,1.543481262211129,2.94875,1.468758246400653,46445.40798511376,4.637986847414847,-12.644292361790397,0.3483251592720266,533.9652173913043,6.15820544761707,-22.88309393847969,1.5394621415768697,4.637986847414847,-12.644292361790397
LF,2022-04-06,1.537000018590311,2.31375,1.468758246400653,46316.845446079366,4.00154259661549,-17.351877681117614,0.34876701938071575,535.0391304347826,4.748429534326882,-19.12540553578435,1.3049225614671132,4.00154259661549,-17.351877681117614
LF,2022-04-07,1.533877596063341,2.4966666666666666,1.468758246400653,46254.82829642111,5.106022801955638,-16.876629763487532,0.3484156613778493,534.6,4.898990831373042,-15.669197130896984,1.1535119598016974,5.106022801955638,-16.876629763487532
LF,2022-04-08,1.5243268910168857,3.6195833333333334,1.468758246400653,46064.84037799536,7.758128152958585,-10.04664604604902,0.34313010289617357,528.2217391304348,6.8730149577058866,-25.457595930873257,2.1410493549005487,7.758128152958585,-10.04664604604902
LF,2022-04-09,1.505552723261398,3.9058333333333333,1.468758246400653,45690.20724303411,7.269202952840627,-7.122681769595945,0.3400366250380413,525.9173913043478,6.601105146017281,-27.333109048756207,2.7268094827505105,7.269202952840627,-7.122681769595945
LF,2022-04-10,1.4866564909939137,3.9725,1.468758246400653,45311.62298528744,3.5722416345541546,-2.8063314879253376,0.3387633713389237,525.9304347826087,4.610151847777958,-23.813814702353355,2.3420382086892504,3.5722416345541546,-2.8063314879253376
LF,2022-04-11,1.4811273388700799,3.6216666666666666,1.468758246400653,45200.56084091152,3.3128474492074567,-5.404050494848376,0.3401418186896686,528.3869565217391,4.975902895355521,-25.159277599779724,2.265037486044705,3.3128474492074567,-5.404050494848376
LF,2022-04-12,1.4918966073632434,3.2220833333333334,1.468758246400653,45416.77298108791,3.808108481292259,-9.2233289838909,0.343109408167176,531.5217391304348,5.676358805134219,-26.59945546407281,2.2025944914122944,3.808108481292259,-9.2233289838909
LF,2022-04-13,1.510613532129485,3.163913043478261,1.468758246400653,45791.35267648868,5.319413968378893,-11.318090840390724,0.3446465906334093,532.1260869565217,NA,NA,NA,5.319413968378893,-11.318090840390724
LF,2022-04-14,1.5294892603032368,2.80125,1.468758246400653,46167.55964548118,4.721152627530189,-13.88633882436071,0.3469495658943813,532.9260869565218,6.860651279666319,-25.59440396749268,1.795202048285223,4.721152627530189,-13.88633882436071
LF,2022-04-15,1.5404086794096534,2.7154166666666666,1.468758246400653,46384.48983882881,5.62363106679407,-15.588330001947847,0.34834340903798333,535.790909090909,6.25469993886481,-26.564851294648307,1.976832035514036,5.62363106679407,-15.588330001947847
LF,2022-04-16,1.5433519064786425,2.706086956521739,1.468758246400653,46442.86817424697,5.341133708775247,-15.404494918061854,0.34879990143684564,533.7782608695652,NA,NA,NA,5.341133708775247,-15.404494918061854
LF,2022-04-17,1.543607353368627,2.6129166666666666,1.468758246400653,46447.93268465616,6.1876205877165855,-17.04104556906598,0.3491899332746899,534.1695652173913,7.113775380576814,-27.067178584108383,1.897268320019051,6.1876205877165855,-17.04104556906598
LF,2022-04-18,1.538334749935925,2.582173913043478,1.468758246400653,46343.314515716535,5.474355706054924,-14.163685095754184,0.3482956843233356,524.5772727272728,NA,NA,NA,5.474355706054924,-14.163685095754184
LF,2022-04-19,1.5135221575700828,3.2916666666666665,1.468758246400653,45849.217135295665,8.402615178034903,-11.02006732548334,0.3436201580196173,507.88695652173914,6.183038801847868,-28.31381686486642,2.6263702015981703,8.402615178034903,-11.02006732548334
LF,2022-04-20,1.4663897470026845,3.5079166666666666,1.468758246400653,44903.18272014605,4.394821725174445,-5.040624986872203,0.33898075162742203,515.2913043478261,5.787156421383872,-26.262925518102676,2.287749585886663,4.394821725174445,-5.040624986872203
LF,2022-04-21,1.4158414963787715,3.2270833333333333,1.468758246400653,43877.36389884428,5.260196701886805,-7.968537653040591,0.33666447227213486,530.1173913043478,6.289569119320651,-28.1286156480142,2.5044701685667614,5.260196701886805,-7.968537653040591
LF,2022-04-22,1.3707914750373722,3.150434782608696,1.468758246400653,42952.541703438525,5.248175805584374,-8.3547965975565,0.33357612905092326,530.6304347826086,NA,NA,NA,5.248175805584374,-8.3547965975565
LF,2022-04-23,1.324952534648479,3.066086956521739,1.468758246400653,42000.75734001088,5.234655064229887,-8.771529164646836,0.32994655570799497,530.6086956521739,5.912723930313065,-28.306265247644788,2.676655103051195,5.234655064229887,-8.771529164646836
LF,2022-04-24,1.288031047578078,2.9070833333333335,1.468758246400653,41226.06944471119,4.327587028849877,-8.873438421113315,0.32708763624980125,532.3260869565217,4.981701709870296,-25.09907279928445,2.369887747043617,4.327587028849877,-8.873438421113315
LF,2022-04-25,1.2585296345998074,2.807916666666667,1.468758246400653,40601.55570534734,4.730282760846098,-9.84192159956849,0.32492484572729546,532.1826086956522,4.5065224986630135,-24.60188819120427,2.4511636565147903,4.730282760846098,-9.84192159956849
LF,2022-04-26,1.2280711781714868,2.87,1.468758246400653,39951.35456822708,4.549261357825027,-9.034553801330086,0.3221298240259988,530.9173913043478,4.703870199687471,-24.18720424237774,2.4266321816298544,4.549261357825027,-9.034553801330086
LF,2022-04-27,1.1886155491346189,2.8645833333333335,1.468758246400653,39100.751441546665,4.867119434188416,-9.17770630688545,0.3184394285632651,530.5695652173913,4.855090665459847,-25.568107968188905,2.6742303414306106,4.867119434188416,-9.17770630688545
LF,2022-04-28,1.1398282582204635,2.9845833333333336,1.468758246400653,38035.58863479497,5.546130448896074,-8.840058331428247,0.3103270735762211,529.9217391304347,5.113962788213706,-24.687891042574037,2.782302399981776,5.546130448896074,-8.840058331428247
LF,2022-04-29,1.090472513081893,2.940909090909091,1.468758246400653,36942.43422747374,2.9144337820701236,-6.679373564069396,0.2889552650581852,528.7304347826087,NA,NA,NA,2.9144337820701236,-6.679373564069396
LF,2022-05-02,0.9781650785820659,2.9433333333333334,1.630930578277711,34389.587382322,4.894753006749498,-9.2636134881421,0.3377097196800322,530.0833333333334,NA,NA,NA,4.894753006749498,-9.2636134881421
LF,2022-05-03,0.9394349408573763,2.7808333333333333,1.733817967509283,33486.31090174812,3.5640762347302104,-9.247957420929572,0.34765825925496163,528.8521739130434,3.402927882885318,-20.179197770706757,2.7292472402587316,3.5640762347302104,-9.247957420929572
LF,2022-05-04,0.8983215099301675,2.8112500000000002,1.855669819531821,32513.129951555333,3.587597033669984,-9.45482055383681,0.3666277019440968,528.7652173913043,3.3041487513022973,-19.826711809311927,2.882714690786657,3.587597033669984,-9.45482055383681
LF,2022-05-05,0.8547973664676876,2.9154166666666668,2.000384961287031,31466.70355405608,3.149241122539796,-8.813210257101305,0.38864092988969345,524.9695652173913,2.888950066149972,-19.272467036398936,3.0057184315288588,3.149241122539796,-8.813210257101305
LF,2022-05-06,0.8338125650872523,2.9183333333333334,2.076473692422189,30956.16035056093,3.064822088214212,-8.930928303710754,0.39930360950797045,527.5739130434782,3.0527051851001636,-19.6976804130433,3.041784401828955,3.064822088214212,-8.930928303710754
LF,2022-05-07,0.8295635593276645,2.8691666666666666,2.0926957453253614,30852.055252670452,3.597933697494362,-9.784160017837264,0.4023277535036592,528.9173913043478,2.9071647732016728,-19.277702889684253,3.110593484706939,3.597933697494362,-9.784160017837264
LF,2022-05-08,0.789790770661573,2.99125,2.2564060154104726,29867.742193194154,2.839032924743862,-8.772146109850434,0.42588689820095577,528.195652173913,1.9880833802265965,-17.913639466995186,3.2582198261095807,2.839032924743862,-8.772146109850434
LF,2022-05-09,0.7219766155423253,3.149583333333333,2.585733180771775,28151.867206174524,2.8355791336683662,-8.72818035370857,0.47254376471196397,527.2652173913043,1.8039507151656824,-17.70665505434008,3.7066068163257366,2.8355791336683662,-8.72818035370857
LF,2022-05-10,0.6720311113062266,3.34375,2.8798484876114863,26854.444920972877,2.4193487321942486,-7.967752701371318,0.5129683145502593,526.2565217391304,1.8420684859232244,-17.862887823396335,4.071045982744196,2.4193487321942486,-7.967752701371318
LF,2022-05-11,0.6499923637679378,3.3979166666666667,3.0277593441071575,26271.559556403772,2.183409783506455,-7.778829673345566,0.5331642694273488,526.6739130434783,2.035500213666993,-18.19062574938868,4.19293438782253,2.183409783506455,-7.778829673345566
LF,2022-05-12,0.656058876303798,3.234583333333333,2.9859811148897384,26432.579275686647,2.137115763716645,-8.481234564946007,0.5280387076328287,526.8652173913043,2.106289051686689,-18.174058138385867,3.9020437559971177,2.137115763716645,-8.481234564946007
LF,2022-05-13,0.6858829358147369,3.055,2.7919667847457985,27218.015230982815,2.7956476894151967,-9.651875701128564,0.5016064253394756,527.3347826086956,2.144626434799665,-18.535106775560404,3.839122435982579,2.7956476894151967,-9.651875701128564
LF,2022-05-14,0.7060548787664934,3.08875,2.6711894231101665,27743.338963369846,2.231817970340255,-8.643272601325672,0.4846825205668183,526.3913043478261,2.196096103632226,-18.52504792102885,3.6736651535450218,2.231817970340255,-8.643272601325672
LF,2022-05-15,0.7047678895532474,3.0679166666666666,2.678566849414202,27710.018330024872,2.539093186395954,-9.067308658161371,0.48681932556590424,528.7695652173913,2.103161149093593,-18.404068178666677,3.731728224245697,2.539093186395954,-9.067308658161371
LF,2022-05-16,0.704431871905855,3.0765217391304347,2.680485464754532,27701.32330930889,2.1507846204691816,-8.548998679635904,0.4867162675625777,528.5909090909091,NA,NA,NA,2.1507846204691816,-8.548998679635904
LF,2022-05-17,0.7008269189806008,3.0375,2.701562121097256,27607.740090500472,2.5735952811983496,-9.217680433909418,0.4904561660787297,509.3608695652174,2.4220359034001984,-19.189825532753332,3.805331435555359,2.5735952811983496,-9.217680433909418
LF,2022-05-20,0.6286337513507789,3.19,3.1848130042531704,25699.595410649035,2.758452980567076,-9.63338969693232,0.5573868843135756,488.8,2.8664874106822578,-20.0137586024862,4.394475536771055,2.758452980567076,-9.63338969693232
LF,2022-05-21,0.6286620171366492,3.0129166666666665,3.1848249052105952,25700.248375114574,2.4288576044905006,-10.216159640381958,0.5564103538446922,522.325,1.858642647614003,-19.139832235936463,4.400609250101328,2.4288576044905006,-10.216159640381958
LF,2022-05-22,0.5957177871929887,3.277083333333333,3.4589392664006384,24803.25991560502,2.8453462469663915,-9.820952424170342,0.5936529471152171,527.9782608695652,2.1530546193956623,-19.474008678945037,4.934092080474104,2.8453462469663915,-9.820952424170342
LF,2022-05-23,0.5503331477615708,3.3220833333333335,3.898105722978248,23542.174273135235,2.538559514949438,-10.077650252166396,0.6519095251823381,529.2608695652174,1.9200880417913753,-19.63645226772693,5.472757918838311,2.538559514949438,-10.077650252166396
LF,2022-05-24,0.5319588601635442,3.2683333333333335,4.101041248486464,23022.23452342282,2.093701312284952,-10.44780422709468,0.6785618322244296,528.8739130434783,1.710600218047282,-19.73508479687112,5.624156864202446,2.093701312284952,-10.44780422709468
LF,2022-05-25,0.5398893593863897,3.3429166666666665,4.0107367096476505,23247.59433366089,2.705387834945416,-10.880342336595652,0.6670757584275215,529.4391304347827,2.460006618894369,-20.18135235566373,5.489795448511213,2.705387834945416,-10.880342336595652
LF,2022-05-26,0.5616038392893805,3.2845833333333334,3.7786738634113672,23859.322578336305,2.6618381069890407,-10.752623215905816,0.6362612446385557,529.9826086956522,2.389287027908377,-19.831085769005597,5.168683745120075,2.6618381069890407,-10.752623215905816
LF,2022-05-27,0.5765386339151088,3.09875,3.6305747480293724,24275.82231543765,1.4379515012715265,-10.21413303603435,0.615545603936009,528.6086956521739,1.2256766604762386,-18.76173465401372,4.9421042879859876,1.4379515012715265,-10.21413303603435
LF,2022-05-28,0.5600378094315615,3.352608695652174,3.7956935336974813,23815.097029416396,1.8798274287795536,-9.67336466657111,0.6384077472300197,528.3260869565217,NA,NA,NA,1.8798274287795536,-9.67336466657111
LF,2022-05-29,0.5292879822758513,3.37125,4.1333932136595495,22945.692155320445,1.2722780264184177,-9.51258822388431,0.6821123240854858,529.8521739130434,1.5449414407228037,-18.984229061559564,5.6625480949534275,1.2722780264184177,-9.51258822388431
LF,2022-05-30,0.519750703745159,3.4975,4.247755356947895,22672.768929877067,1.836006650652284,-9.652405703169784,0.6967693591382066,526.6739130434783,2.057976949798639,-19.500642539409096,5.780948921468617,1.836006650652284,-9.652405703169784
LF,2022-05-31,0.5115677034168029,3.37125,4.352178341704609,22436.61333847588,1.592040930911786,-10.160124935735,0.7097775269391549,530.2304347826087,1.650082093715594,-19.13606274762158,5.902032921856158,1.592040930911786,-10.160124935735
LF,2022-06-01,0.4867513613615616,3.55875,4.693344290132496,21713.237035579416,1.525551291637699,-9.706842694688763,0.7532423933099718,531,2.0087237772829685,-20.002966768555797,6.552082372520891,1.525551291637699,-9.706842694688763
LF,2022-06-02,0.48084663915938824,3.49,4.7793055554621935,21539.759753248603,1.3931554729521956,-8.948320966555194,0.7638073790628318,531.1272727272727,NA,NA,NA,1.3931554729521956,-8.948320966555194
LF,2022-06-03,0.5019038022982396,3.3741666666666665,4.479849315559349,22156.41652879267,1.7526833827383836,-9.363351601261355,0.7274420235425253,528.0521739130435,2.131316094636482,-20.351055715128663,6.042430374035963,1.7526833827383836,-9.363351601261355
LF,2022-06-04,0.5024670624811104,3.399583333333333,4.4719824894010225,22172.872668503995,1.991454814213728,-9.476585971479295,0.7260421661344899,530.9478260869565,1.72178848334805,-19.80025943847836,6.229733415561164,1.991454814213728,-9.476585971479295
LF,2022-06-05,0.4740684240261353,3.5904347826086958,4.886042413649545,21338.484407513093,1.9808458684030343,-9.23144189658387,0.7770877104391246,531.5217391304348,NA,NA,NA,1.9808458684030343,-9.23144189658387
LF,2022-06-06,0.4504389807698132,3.5908333333333333,5.276790809023306,20632.243424595326,2.309745288445396,-10.126403321276886,0.825078091729044,532.395652173913,1.7098499021714744,-20.304104255712826,7.440631648897822,2.309745288445396,-10.126403321276886
LF,2022-06-07,0.43917353246687296,3.7308333333333334,5.482237171710931,20290.996571038377,1.9874296253044972,-9.453655468669483,0.8508629830309886,529.6434782608695,1.839428665726756,-20.3286201634308,7.655102964357899,1.9874296253044972,-9.453655468669483
LF,2022-06-08,0.44013152269744493,3.7179166666666665,5.464537495104189,20320.06795581252,2.100653238583951,-9.60627999126587,0.8479407492723884,511.725,1.8008870938976853,-20.233927408135404,7.500148277657099,2.100653238583951,-9.60627999126587
LF,2022-06-09,0.4570217507672784,3.6054166666666667,5.162584446763855,20830.29852044128,2.183062281224624,-9.753910946532958,0.8126551435936612,532.7739130434783,1.872187470138701,-20.259088783808977,7.0627969334088965,2.183062281224624,-9.753910946532958
LF,2022-06-10,0.47217406163359676,3.4854166666666666,4.912839505321748,21283.015629324713,1.7629395152333514,-9.535792149979503,0.7801202664510337,520.8227272727273,0.8728067444141357,-18.83805365268525,6.597596211982152,1.7629395152333514,-9.535792149979503
LF,2022-06-11,0.4904481554556448,3.5225,4.639659132006039,21821.807651781757,1.7336734270536278,-8.91473905306478,0.7469155538666771,526.8913043478261,1.3415745266513242,-18.819536508337045,6.173584011892524,1.7336734270536278,-8.91473905306478
LF,2022-06-12,0.5140742495774241,3.341666666666667,4.319580807159111,22509.13713395378,1.1205995647903093,-8.635270478325694,0.7065350489195884,526.4913043478261,1.2969398258137803,-19.18319433675368,5.837785870026108,1.1205995647903093,-8.635270478325694
LF,2022-06-13,0.5042042267509469,3.430416666666667,4.450364567000037,22222.852425711157,1.3447522829929035,-8.6465922136373,0.7236914316384966,535.9956521739131,1.3349664832387114,-18.991148524160753,6.164968515194102,1.3447522829929035,-8.6465922136373
LF,2022-06-14,0.4699864356013125,3.6433333333333335,4.949713574830842,21217.435952558444,1.4599173758282178,-8.545325837757854,0.787045462513872,536.7695652173913,2.098955314518318,-20.03638480766239,6.930459251278437,1.4599173758282178,-8.545325837757854
LF,2022-06-15,0.4564345361980265,3.6725,5.171198896560777,20813.00486033329,1.6452707616264846,-8.919552247520823,0.8147249892903029,537.4956521739131,2.4522645169196853,-20.572571904396153,7.112361201996167,1.6452707616264846,-8.919552247520823
LF,2022-06-16,0.4511570752904,3.7020833333333334,5.263710302034401,20653.994408156927,1.9568087584387728,-9.219868751839286,0.826844071574808,538.4217391304348,2.6960528756244573,-20.923211481107273,7.326405187413804,1.9568087584387728,-9.219868751839286
LF,2022-06-17,0.4367187002844154,3.8525,5.52970488435214,20216.040347019953,2.5027914714624884,-9.468117554788762,0.8591936173059525,546.8304347826087,3.09975493138974,-20.851415145423616,7.616028644346171,2.5027914714624884,-9.468117554788762
LF,2022-06-18,0.4274312522033252,3.867391304347826,5.711778362090743,19931.933092072577,2.8260702265652866,-9.98008231771359,0.8803363473234133,538.1782608695652,NA,NA,NA,2.8260702265652866,-9.98008231771359
LF,2022-06-19,0.41527577045499386,3.7425,5.9694160272005705,19556.148735268718,1.9246130217560191,-9.982045417367448,0.908587388034423,536.204347826087,1.3249238144518287,-17.87483852966192,7.461937324896941,1.9246130217560191,-9.982045417367448
LF,2022-06-20,0.38132197401731177,4.165416666666666,6.802257564149304,18485.862204285204,2.30738487530028,-9.539095507941456,1.0081127753658607,526.0764705882353,2.0616762368695047,-16.04763227029113,7.55677827412388,2.30738487530028,-9.539095507941456
LF,2022-06-21,0.34375410385867017,4.40875,7.9520592548426405,17265.73868577712,2.5136450086968036,-10.01335090321653,1.1366445021227034,503.1875,1.775796555095963,-13.566927966927391,7.438631714123586,2.5136450086968036,-10.01335090321653
LF,2022-06-22,0.337740286745519,4.3475,8.1629445966481,17066.691697909704,2.011585703621324,-9.984229996506286,1.1587510650437325,538.0347826086957,1.5508392740842023,-13.796754010544728,7.331456721184137,2.011585703621324,-9.984229996506286
LF,2022-06-23,0.3709222724599133,4.157916666666667,7.093169132681858,18152.13220913071,2.4704150312042303,-10.046395291706393,1.0427474867580626,541.6608695652174,1.9138993367926065,-16.18103905207894,7.467323074902193,2.4704150312042303,-10.046395291706393
LF,2022-06-24,0.3961649377813906,3.9454166666666666,6.408218994241499,18958.91397583853,1.718167225529967,-9.424803967540305,0.9619903265876735,538.7260869565217,1.05633763391184,-15.663548838757272,7.199800510022457,1.718167225529967,-9.424803967540305
LF,2022-06-25,0.3734988107642846,4.31,7.022961896465738,18234.543634508915,1.5403390178088978,-8.42979598439631,1.0309164819362104,539.4434782608696,1.0903230298289683,-13.84079474846216,7.375985322881064,1.5403390178088978,-8.42979598439631
LF,2022-06-26,0.3302791695544514,4.545833333333333,8.454727527921747,16816.051983972506,1.231351520412978,-8.669164127562127,1.1917228006731544,540.2869565217392,1.0671156263636878,-11.593910462621627,7.229168213721557,1.231351520412978,-8.669164127562127
LF,2022-06-27,0.323489718993953,4.622608695652174,8.714684753177611,16588.650254767723,1.2719415387428024,-8.669190133666552,1.2220487914894909,538.6739130434783,NA,NA,NA,1.2719415387428024,-8.669190133666552
LF,2022-06-28,0.35771975931734223,4.104736842105263,7.4928873666867055,17723.894490632687,3.122079770564241,-11.221355596205973,1.078606498432558,536.1695652173913,NA,NA,NA,3.122079770564241,-11.221355596205973
LF,2022-06-29,0.37451313451934476,4.220416666666667,6.978066767606274,18269.626494144548,2.3268617518663888,-9.474476428217631,1.0298215878652741,540.9434782608696,2.2418001769365397,-15.439992230278504,7.34604817573564,2.3268617518663888,-9.474476428217631
LF,2022-06-30,0.351413268019158,4.466666666666667,7.690625161968379,17518.303851337772,1.8556580217659469,-8.775254534244437,1.1109445769639599,540.0695652173913,2.569288025435137,-14.406048046159318,7.360896611502597,1.8556580217659469,-8.775254534244437
LF,2022-07-01,0.3389867866489179,4.357916666666666,8.114742841067434,17108.51614773928,1.5188536257819047,-9.383286735747468,1.153044315200371,538.8260869565217,1.9206464984728624,-13.966919518026472,7.331267779400012,1.5188536257819047,-9.383286735747468
LF,2022-07-02,0.3554934859723172,4.290869565217391,7.5537377934277465,17652.55438702188,1.6428656872879734,-9.200995178961731,1.0889575879355233,538.8695652173913,NA,NA,NA,1.6428656872879734,-9.200995178961731
LF,2022-07-03,0.36702719608391976,4.248333333333333,7.193851647772493,18028.327786618403,1.5773560083566056,-8.903064299129793,1.049429032643833,537.204347826087,1.9271457965041732,-15.151902921782328,7.320068129165455,1.5773560083566056,-8.903064299129793
LF,2022-07-04,0.3563202362588708,4.405,7.527173677693549,17679.598659446347,1.9023537970585065,-8.910343832741695,1.0913584407377601,541.6739130434783,2.314801787126619,-14.906712497431895,7.505943112201003,1.9023537970585065,-8.910343832741695
LF,2022-07-05,0.3360003343990525,4.47375,8.227736457193977,17008.63184613723,2.11141777387342,-9.590295295431808,1.1682771746208946,540.5,1.9558414066959964,-13.323504556995069,7.356254628064614,2.11141777387342,-9.590295295431808
LF,2022-07-06,0.3199253816962019,4.550416666666667,8.858587675216105,16468.39087882399,2.227592210636874,-9.99986443950157,1.2399373716377813,542.2913043478261,2.041553415121809,-12.784714073690797,7.386651999727664,2.227592210636874,-9.99986443950157
LF,2022-07-07,0.3206027664671721,4.57875,8.82933253978669,16491.458964922593,2.4330872315907595,-10.06195690485882,1.2362580458783725,542.3173913043478,1.8520524092973656,-12.612472228313562,7.313847618572067,2.4330872315907595,-10.06195690485882
LF,2022-07-08,0.3192772078326479,4.520416666666667,8.885517374079235,16446.437331597794,2.2543047902644284,-10.350428175253771,1.2401256843436772,540.7434782608696,1.21345247283374,-11.806547443665451,7.334205734745102,2.2543047902644284,-10.350428175253771
LF,2022-07-09,0.3117648467956166,4.672083333333333,9.214648581733174,16190.140401296001,2.481534987442497,-10.273508581690662,1.2762665269774864,538.5956521739131,2.08607321004597,-12.54434840623744,7.429968921688017,2.481534987442497,-10.273508581690662
LF,2022-07-10,0.3434089700025295,4.17875,7.970951256764269,17253.462301532123,1.2350641532307474,-9.850132915767768,1.1355992115933016,532.1173913043478,0.5721211475027533,-12.886975734639554,7.029050187431812,1.2350641532307474,-9.850132915767768
LF,2022-07-11,0.36906184125115593,4.09,7.139452078533876,18093.27663752497,1.2475200670102913,-9.33496903821687,1.0431213327743998,542.6347826086957,1.2467157164325031,-15.117900715212864,7.3287062104671215,1.2475200670102913,-9.33496903821687
LF,2022-07-12,0.40161534512382685,4.170833333333333,6.285729034525861,19128.80093745539,1.9131090493491465,-8.572647784935079,0.9507480373594652,546.2434782608696,2.755742161244378,-17.882485919339718,7.301588816569318,1.9131090493491465,-8.572647784935079
LF,2022-07-13,0.4121916000185693,4.018695652173913,6.036204057003158,19460.521857595828,1.8287321599885196,-8.845155641047606,0.9190192148405284,544.8869565217392,NA,NA,NA,1.8287321599885196,-8.845155641047606
LF,2022-07-14,0.39289584892136054,4.3220833333333335,6.4897953124516405,18855.57968135224,2.3330403810334763,-8.625292851297365,0.973181833446091,539.4173913043478,3.2724170704088844,-17.572124326389314,7.587987751836773,2.3330403810334763,-8.625292851297365
LF,2022-07-15,0.39382352370296675,4.369166666666667,6.465772871830177,18885.054272270365,2.6864034931809457,-8.744163997073965,0.9698472363426601,541.9217391304348,3.464186689832474,-18.035038749377787,7.577768485345316,2.6864034931809457,-8.744163997073965
LF,2022-07-16,0.3869053137978737,4.309166666666667,6.641978457184857,18665.767992498226,3.283273682220585,-9.860577320827538,0.9865137261933583,541.0565217391304,3.175663671809705,-17.219018613028172,7.576793661005035,3.283273682220585,-9.860577320827538
LF,2022-07-17,0.40997005850005946,4.315833333333333,6.099093747038524,19388.82445045325,3.0697348062965446,-8.897808242876746,0.924114391471165,544.7869565217392,4.352228122641727,-20.386284648310884,7.643987629122652,3.0697348062965446,-8.897808242876746
LF,2022-07-18,0.463799334304297,3.8024999999999998,5.053899311237131,21032.066207851676,2.3527434905207913,-8.953267031617504,0.7982750846865307,544.1652173913044,3.001966015639794,-20.384565919600572,6.632989910030377,2.3527434905207913,-8.953267031617504
LF,2022-07-19,0.48482584999533024,3.756666666666667,4.719646849680907,21657.138573056138,3.154616440587309,-9.433163423680346,0.7586997587564913,547.2695652173913,2.795286979384693,-19.944024679109777,6.5338317491358175,3.154616440587309,-9.433163423680346
LF,2022-07-20,0.48271732029943687,3.63,4.750877851868836,21595.04317951771,1.794336145588485,-8.731823090256057,0.7601057118211679,546.0260869565218,2.13263630430615,-18.937538476653742,6.211016720300751,1.794336145588485,-8.731823090256057
LF,2022-07-21,0.4941262405476977,3.7983333333333333,4.586670616979814,21929.714904737368,2.317695652919165,-8.184880401176557,0.7420846822273479,547.2130434782608,2.493214341895247,-19.781354111449115,6.331795746189307,2.317695652919165,-8.184880401176557
LF,2022-07-22,0.5133210549767968,3.6733333333333333,4.329764596505847,22487.22374909519,2.473056682860504,-8.480784419436892,0.7100298131282108,547.0304347826087,2.516808915587548,-19.60476440682362,5.946821909711163,2.473056682860504,-8.480784419436892
LF,2022-07-23,0.5404548321296773,3.618333333333333,4.005947472468023,23263.098196344796,2.321997650544164,-8.012022505740276,0.6682635399811644,547.5217391304348,2.2653231198363786,-18.520703678068564,5.254048993407489,2.321997650544164,-8.012022505740276
LF,2022-07-24,0.5725132754420922,3.3439130434782607,3.6710234830548965,24163.350780060566,1.5833480249397724,-7.997220961662793,0.6221349351754045,547.908695652174,NA,NA,NA,1.5833480249397724,-7.997220961662793
LF,2022-07-25,0.6011975390944172,3.524583333333333,3.4087596759777288,24954.439935107675,2.759028455561423,-7.81811558119159,0.5908189892856668,550.5272727272727,3.394948717303793,-20.20840606369248,4.769377055297828,2.759028455561423,-7.81811558119159
LF,2022-07-26,0.6322459771110301,3.6258333333333335,3.158427305618852,25796.250837229032,4.428540415668581,-8.415884036597852,0.5566218351328631,544.5478260869565,3.483859168848712,-18.329596545434892,4.135686900609979,4.428540415668581,-8.415884036597852
LF,2022-07-27,0.6559537832393392,3.3024999999999998,2.9863347834911114,26429.98484799892,3.1490037136377085,-8.421389166098033,0.5323798948487845,551.5521739130435,3.3110117163698263,-20.404103867781313,4.316857512846412,3.1490037136377085,-8.421389166098033
LF,2022-07-28,0.6621332481263493,3.5165217391304346,2.9439903546285286,26593.893849664204,4.481492774180116,-8.52404748995649,0.5280201363636888,552.6913043478261,NA,NA,NA,4.481492774180116,-8.52404748995649
LF,2022-07-29,0.6592910874288701,3.5591666666666666,2.9632272046784633,26518.631510922536,4.371431646410835,-8.233290434794633,0.5312208608301348,552.9608695652174,5.429225255289258,-22.861369296996575,4.650848632188242,4.371431646410835,-8.233290434794633
LF,2022-07-30,0.6610553784130793,3.567083333333333,2.95128669589342,26565.350642066154,4.552497871462158,-8.34424770717253,0.5293628936319712,553.9304347826087,5.453500415492342,-23.188397555337485,4.708171191539808,4.552497871462158,-8.34424770717253
LF,2022-07-31,0.6658359206499136,3.48375,2.9192470655190683,26691.77338099941,4.243692921818806,-8.38947794669812,0.525049736913312,554.2826086956521,5.143366913443988,-22.454457880038557,4.484052606219378,4.243692921818806,-8.38947794669812
LF,2022-08-01,0.6620458772139115,3.408333333333333,2.94474011171992,26591.49594568582,3.778450745979741,-8.40099779235345,0.5271250833520035,553.2391304347826,3.9971120389001262,-20.9289049575834,4.374759498104167,3.778450745979741,-8.40099779235345
LF,2022-08-02,0.6405511914117233,3.5004166666666667,3.0963615385856356,26019.138980537882,3.969081572594775,-8.465808001028677,0.5487861819195567,553.3130434782609,4.304163808070223,-21.417574796818837,4.707165007041704,3.969081572594775,-8.465808001028677
LF,2022-08-03,0.6127787568088158,3.54125,3.311542996410482,25270.183929916646,3.638736871116983,-8.41557719662292,0.5774641522587226,551.9521739130435,4.074367433492423,-20.959194482911712,4.878511274699968,3.638736871116983,-8.41557719662292
LF,2022-08-04,0.5808709931492196,3.66125,3.592012481216405,24394.90869544025,3.766017953023019,-8.539195230632506,0.6149632370344089,552.0130434782609,4.01659669754985,-20.73882505382873,5.282935272087938,3.766017953023019,-8.539195230632506
LF,2022-08-05,0.5383891810856596,3.8341666666666665,4.031399322746995,23203.74816339835,3.6174650030779114,-8.40849457894629,0.6731968298787193,551.8478260869565,3.845205477835013,-20.26152958282331,5.8251982312122585,3.6174650030779114,-8.40849457894629
LF,2022-08-06,0.5000205866323324,3.9458333333333333,4.506826085532899,22101.19947175758,3.3168791370003325,-8.45136666737703,0.7321886922765831,549.3739130434783,3.24921623783639,-19.865187425825617,6.4720798281279635,3.3168791370003325,-8.45136666737703
LF,2022-08-07,0.48150732358903847,4.211739130434783,4.769038580331331,21559.34519856817,4.014915900469645,-8.347507576161293,0.7667218286608373,550.2130434782608,NA,NA,NA,4.014915900469645,-8.347507576161293
LF,2022-08-08,0.4883914374524185,4.250666666666667,4.668458440551976,21761.69902447343,4.264691014484945,-7.745776632206096,0.7600945944090371,546.3391304347826,NA,NA,NA,4.264691014484945,-7.745776632206096
LF,2022-08-24,0.44798528895987455,4.62,5.320609563882012,20558.12938637916,5.118939884739519,-8.379925417073558,0.8312299514588136,541.7217391304348,NA,NA,NA,5.118939884739519,-8.379925417073558
LF,2022-08-25,0.464022318463759,4.25375,5.04478724113437,21040.050619061803,3.7484880680510617,-8.405915021905518,0.7989806011942876,531.2521739130435,4.822831935062609,-21.621705882354178,7.33225544078433,3.7484880680510617,-8.405915021905518
LF,2022-08-26,0.4776278365028417,4.303333333333334,4.8280316637884555,21444.68853905782,4.3613686255684,-8.410743897683766,0.7751997519040956,542.5478260869565,5.687674576890799,-22.159413223022614,7.105886220178685,4.3613686255684,-8.410743897683766
LF,2022-08-27,0.4846414312693553,4.300869565217392,4.722585008624704,21651.651276471744,5.125794287271331,-9.029283747523444,0.7602193886596428,539.0478260869565,NA,NA,NA,5.125794287271331,-9.029283747523444
LF,2022-08-28,0.5014444533979836,4.1525,4.4863394560639,22142.971302624734,4.739375653524906,-8.910131249040296,0.7306974616765775,541.9913043478261,6.053901741172278,-23.103149883320096,6.717692165242024,4.739375653524906,-8.910131249040296
LF,2022-08-29,0.5314618223676535,4.1066666666666665,4.1096504411938,23007.13346409733,4.843840123433519,-8.538133418534201,0.6818578800448813,542.0782608695653,6.02964880646976,-23.027800673845796,6.16879880107276,4.843840123433519,-8.538133418534201
LF,2022-08-30,0.5731832130263981,3.6887499999999998,3.667415825775733,24180.84487518194,3.658585754950644,-8.508467934243527,0.6233855955352956,542.4130434782609,4.224337188496325,-20.827553941739424,5.082424279697339,3.658585754950644,-8.508467934243527
LF,2022-08-31,0.627639289538252,3.79125,3.195927646947812,25671.15874053047,5.000074099455777,-8.280016358639207,0.5621608595190873,544.8130434782609,6.1679067436193735,-23.83886256762728,4.976092261455576,5.000074099455777,-8.280016358639207
LF,2022-09-01,0.6743354030084621,3.41375,2.865367208295909,26914.853207455715,4.937898457086246,-9.404799129318144,0.5149193806125218,549.3391304347826,5.573100871338598,-23.29711385039775,4.452408700063808,4.937898457086246,-9.404799129318144
LF,2022-09-02,0.7121982986494165,3.4478260869565216,2.6373644232330005,27901.52849632562,4.884677115579684,-8.585770371372966,0.4833866559845377,551.2304347826087,NA,NA,NA,4.884677115579684,-8.585770371372966
LF,2022-09-03,0.745299474770319,3.1520833333333336,2.4616995388773533,28749.503676836197,3.494630108913303,-8.355418544170039,0.4574774497804307,551.0173913043478,3.607926561293053,-20.78100573411117,3.696654166155167,3.494630108913303,-8.355418544170039
LF,2022-09-04,0.7791615182155329,3.1275,2.301765351202075,29603.36609341349,3.6187991149990513,-8.169970318343644,0.434587530750421,551.591304347826,4.06834397729892,-21.659538127718445,3.561256415315285,3.6187991149990513,-8.169970318343644
LF,2022-09-05,0.8162429978213371,3.0791666666666666,2.1450811655231115,30524.382240497194,4.202927236517396,-8.553051777058231,0.41255943636111897,553.4,4.704782536759773,-22.811281420949264,3.5142871716825472,4.202927236517396,-8.553051777058231
LF,2022-09-06,0.8397632987409535,3.0404166666666668,2.0543603699807003,31101.42615170737,4.344953359552975,-8.649618199018457,0.3989435472095914,553.3695652173914,5.189154846088774,-23.70907719103556,3.4832434110578077,4.344953359552975,-8.649618199018457
LF,2022-09-07,0.8586364056286351,2.7742857142857145,1.9865377094301018,31560.041158232296,2.9706341539287404,-8.708194847861694,0.39001056186718414,553.4217391304348,NA,NA,NA,2.9706341539287404,-8.708194847861694
LF,2022-09-19,0.9832890116833884,3.2263636363636365,1.6176870562759678,34508.66058228796,7.05627964280785,-8.246089801294069,0.3327090243566783,554.895652173913,NA,NA,NA,7.05627964280785,-8.246089801294069
LF,2022-09-20,0.9747040352034524,2.8220833333333335,1.6392940065846489,34309.8820537612,4.301274740615187,-8.115774175157043,0.3336365288555164,554.9608695652174,5.307335016555728,-24.2421914144168,2.983820957199399,4.301274740615187,-8.115774175157043
LF,2022-09-21,0.9645451376654255,2.88375,1.6655374303758042,34073.82760049764,4.232447905196363,-7.7702003960621635,0.3372337864822826,554.0043478260869,4.768195361049111,-23.590582182196304,3.0405900525275107,4.232447905196363,-7.7702003960621635
LF,2022-09-22,0.9516489743910594,2.9525,1.6998482243463484,33772.97045276901,4.247599704871819,-7.487068632802086,0.3425995338567295,553.9217391304347,5.14233320171809,-24.313619000842365,3.1118651085096283,4.247599704871819,-7.487068632802086
LF,2022-09-23,0.9319674439882791,2.91625,1.7546564328267942,33310.972469382,4.437371732950095,-8.108134679850131,0.3511116389650252,553.8652173913043,4.893127026365264,-23.888708050933374,3.2535701568989572,4.437371732950095,-8.108134679850131
LF,2022-09-24,0.9050140207276081,3.10125,1.8343464889952452,32673.126868790274,4.119334426553093,-6.965915737307535,0.36270950033316507,552.7173913043479,4.668605361124429,-23.336136874064582,3.3401209001310903,4.119334426553093,-6.965915737307535
LF,2022-09-25,0.8907801109733731,3.1125,1.8787379846901748,32333.826305579496,3.8360709154903327,-6.774208883292058,0.36944410157456403,552.1826086956522,4.526066340741236,-22.960336165041323,3.31042130841116,3.8360709154903327,-6.774208883292058
LF,2022-09-26,0.8903965253555272,3.0745833333333334,1.8799638413155446,32324.65211591037,3.925968269338555,-7.083804179406047,0.37009722716935894,552.7565217391304,5.081897809909459,-24.065174344006053,3.2874275053202284,3.925968269338555,-7.083804179406047
LF,2022-09-27,0.8698459718295319,3.0820833333333333,1.9491406671430225,31829.71575555952,5.177370157488448,-8.555954063948123,0.37963776045384684,551.3347826086956,4.433397019347812,-22.83404623875618,3.599962950352105,5.177370157488448,-8.555954063948123
LF,2022-09-28,0.7410961904103964,2.9416666666666664,2.505085924306952,28627.51940770646,0.549001721816564,-6.4107565464794485,0.4567913752065142,546.8869565217391,NA,NA,NA,0.549001721816564,-6.4107565464794485
LF,2022-09-29,0.5979745570089777,3.745416666666667,3.445628915392669,24862.295529078605,2.846599879903568,-6.81983743005163,0.5842291747320718,544.2217391304348,3.2390281179326115,-19.96970988774058,5.194280280968322,2.846599879903568,-6.81983743005163
LF,2022-09-30,0.5995669927999298,3.607083333333333,3.4260175210491637,24908.43982071611,2.849840200643066,-7.413393552609861,0.5847972486194185,546.8695652173913,3.640531390407609,-20.89591595716326,4.961415347055321,2.849840200643066,-7.413393552609861
LF,2022-10-01,0.6516056576683229,3.482083333333333,3.017604984635007,26313.895559346885,2.6757216191866826,-6.923187913509267,0.5304946118954087,547.7391304347826,3.501723655945997,-20.490499259332072,4.389150397572959,2.6757216191866826,-6.923187913509267
LF,2022-10-02,0.647156262987445,3.5766666666666667,3.0502805832054394,26194.77266688115,3.1549029371867774,-6.997529745242067,0.5351515398510714,547.104347826087,2.868009131992052,-19.153289309827645,4.556323754472007,3.1549029371867774,-6.997529745242067
LF,2022-10-03,0.5853831381554415,3.78625,3.555275651560069,24517.51605481697,2.676264257705886,-6.646963549822895,0.6013166584126227,546.5782608695653,2.7387255944686393,-18.726076901747188,5.215320615215172,2.676264257705886,-6.646963549822895
LF,2022-10-04,0.5518021686389993,4.039583333333334,3.880165487637318,23584.363593517428,2.8069789341599476,-6.255558741327331,0.6415670792829776,544.5826086956522,3.4029063324720155,-19.81849495595479,5.646998016675877,2.8069789341599476,-6.255558741327331
LF,2022-10-05,0.5826444097518098,3.928695652173913,3.5765313394341787,24443.522339340856,3.2341021991455756,-6.5606872480947995,0.6018403906409847,544.6,NA,NA,NA,3.2341021991455756,-6.5606872480947995
LF,2022-10-06,0.6047979764287204,3.8404347826086958,3.3768138474499354,25053.355354943553,3.280682601139288,-6.568221302918949,0.5782907999274012,546.404347826087,NA,NA,NA,3.280682601139288,-6.568221302918949
LF,2022-10-07,0.5913939552579989,3.7895833333333333,3.493987569471735,24685.88229852963,3.25983230653501,-7.062738685075731,0.5945528811281396,547.0782608695653,3.77714551104791,-20.813302995584923,5.33826623614222,3.25983230653501,-7.062738685075731
LF,2022-10-08,0.5666759143550362,3.815,3.7277515897931566,24001.00758673695,3.26714434271471,-7.445813210768951,0.6254222399940643,547.0478260869565,3.701424210199203,-20.682373105986468,5.634273428093436,3.26714434271471,-7.445813210768951
LF,2022-10-09,0.5415505300407913,3.8845833333333335,3.9925241783433076,23294.55730519577,3.1885502252602396,-7.5689004604982175,0.6595854212810406,546.9478260869565,4.010893808578549,-21.26799618599338,6.002700228958076,3.1885502252602396,-7.5689004604982175
LF,2022-10-10,0.5257980359336809,3.88625,4.174602096629891,22846.032260447002,3.351414313779656,-8.070739893173299,0.6828315305067664,546.7869565217392,3.9471290255690095,-21.297713024915684,6.216215506427559,3.351414313779656,-8.070739893173299
LF,2022-10-11,0.5063809393229267,3.6966666666666668,4.420178656083048,22286.381170567005,2.7022623317953154,-8.751349032895469,0.7145492575043211,547.1826086956522,3.4051497348055166,-20.84100447634195,6.238759345620839,2.7022623317953154,-8.751349032895469
LF,2022-10-12,0.49731536959515427,3.706086956521739,4.541787510221943,22022.98131163198,3.366268740287042,-9.545628279435276,0.7324763149053246,548.695652173913,NA,NA,NA,3.366268740287042,-9.545628279435276
LF,2022-10-13,0.5115501584165736,3.564583333333333,4.351529014549642,22436.372338766963,3.2349781009783287,-9.733175865567672,0.7097377131263869,549.9521739130435,3.786466645326639,-21.172354023554146,6.027779057136939,3.2349781009783287,-9.733175865567672
LF,2022-10-14,0.4871536516701378,3.85375,4.696022750929738,21722.738827970883,3.1765434168336584,-8.96758285419872,0.7486482111830977,547.091304347826,3.2184665119479225,-19.504767690476054,6.617074141944937,3.1765434168336584,-8.96758285419872
LF,2022-10-15,0.42532248109146276,4.194782608695652,5.77328941356334,19863.30457564401,2.3405494102314934,-8.26848614814056,0.8763304451224715,545.5130434782609,NA,NA,NA,2.3405494102314934,-8.26848614814056
LF,2022-10-16,0.39295608451571756,4.267083333333333,6.487596222288417,18857.604361772566,2.527999973135734,-9.096952082114017,0.9609141845573849,545.5,3.322839225157985,-18.403010620328654,7.648355823268227,2.527999973135734,-9.096952082114017
LF,2022-10-17,0.41375840701160904,3.964166666666667,6.003131107662661,19508.943869210343,2.5627793055136987,-9.774994401924427,0.9063655144199632,546.5782608695653,2.976092546553352,-20.03406894278415,7.676470600141033,2.5627793055136987,-9.774994401924427
LF,2022-10-18,0.3797215016252796,4.400416666666667,6.900177174598721,18426.436127197267,3.673634392757127,-10.223704416271104,1.0008147276670403,543.0434782608696,2.219464323967042,-13.119823181413478,6.95489160855886,3.673634392757127,-10.223704416271104
LF,2022-10-19,0.27373404843518945,5.526666666666666,11.38613738454328,14847.06162161656,2.2207227907200924,-8.839393699029815,1.4441037734968014,530.9826086956522,2.3140907383985487,-11.236339239682271,9.909778046114022,2.2207227907200924,-8.839393699029815
LF,2022-10-20,0.24401125165105192,5.612916666666667,13.366893427700164,13775.483500766073,2.3636302822670885,-10.209489871832156,1.6345047135074497,529.7782608695652,2.6727215831608815,-12.549243201840651,11.029952098465944,2.3636302822670885,-10.209489871832156
LF,2022-10-21,0.27096929468640807,5.449166666666667,11.39560741312409,14761.176984328335,2.700273131110242,-9.657758056288175,1.4494551368911814,531.7739130434783,2.4734731143000577,-11.72223990463865,9.133147731215958,2.700273131110242,-9.657758056288175
LF,2022-10-22,0.2919622361714847,4.863478260869565,10.1958635138445,15503.368944377095,0.9326177028984304,-9.141492001164869,1.3335675438066548,533.9652173913043,NA,NA,NA,0.9326177028984304,-9.141492001164869
LF,2022-10-23,0.34439560425250215,4.65875,7.966434562957397,17282.250294962276,2.0543165468108167,-8.809852807909731,1.1110023114350007,539.1347826086957,3.096906679590999,-15.523305703438526,7.510093989852041,2.0543165468108167,-8.809852807909731
LF,2022-10-24,0.40143700996943676,4.386666666666667,6.29569706643859,19122.17489066807,2.709631179695905,-8.55737045378317,0.9320566321747544,542.5695652173913,3.676974312202746,-19.17248753297916,7.72286592777048,2.709631179695905,-8.55737045378317
LF,2022-10-25,0.4425078355003437,4.109166666666667,5.423893474307685,20391.46047544751,3.304634921921579,-9.10068153721548,0.8343833854029603,545.2869565217392,4.684385628585406,-22.42250648358988,7.690383139625655,3.304634921921579,-9.10068153721548
LF,2022-10-26,0.4537000128435416,3.720833333333333,5.2190139476631385,20730.640976567105,2.508029879281302,-9.723032042625086,0.8121633889744048,547.091304347826,3.253075141932191,-21.051485690764196,7.1961365194829225,2.508029879281302,-9.723032042625086
LF,2022-10-27,0.42739153557091947,4.11625,5.720586697500536,19929.0733188726,3.3742576859177333,-9.563951496124645,0.8713684546087783,546.1782608695652,3.696591802683641,-19.709404563343085,7.596030668493947,3.3742576859177333,-9.563951496124645
LF,2022-10-28,0.3811799503831757,4.204166666666667,6.815382912321375,18479.861783953205,3.1296622544753068,-10.356914297744858,0.9992483021962589,546.4727272727273,3.363438346340529,-16.620768301518723,7.310974598764396,3.1296622544753068,-10.356914297744858
LF,2022-10-29,0.325135052647371,4.22125,8.676684884788294,16640.919225917816,2.15001600006319,-11.345445960443802,1.2001190896253966,545.0391304347826,2.0478789530093136,-12.974616384156604,7.1310723313273225,2.15001600006319,-11.345445960443802
LF,2022-10-30,0.30454788674071737,4.39875,9.545031759390657,15942.462258867916,2.430964294811107,-11.69252627910239,1.296041793862872,545.6304347826087,2.9037796588237232,-13.98212893690113,7.408358558838876,2.430964294811107,-11.69252627910239
LF,2022-10-31,0.3182677420586735,3.977692307692308,8.92906667845672,16412.068465191205,1.8614689442578372,-12.50503877617972,1.2405142962786837,546.1318181818182,NA,NA,NA,1.8614689442578372,-12.50503877617972
LF,2022-11-08,0.24340329799822238,5.153636363636363,12.870995156701976,13736.598761400768,3.3461610736364484,-12.051874311335997,1.7002670943656981,517.5866666666667,NA,NA,NA,3.3461610736364484,-12.051874311335997
LF,2022-11-10,0.279222977650426,4.333333333333333,10.970008771545713,14990.498578919645,1.8799807456637172,-12.321648345585578,1.3824582031810195,524,3.383355794443993,-14.709304918994183,6.215451333797229,1.8799807456637172,-12.321648345585578
LF,2022-11-11,0.4437547606267206,3.16625,5.442636327697721,20420.37063844115,3.4985523410649297,-13.644952159702806,0.8365036846154873,540.4478260869565,2.8829724451442527,-20.63844005072007,6.6844755711407275,3.4985523410649297,-13.644952159702806
LF,2022-11-12,0.4363288963968826,3.8429166666666665,5.559575733272332,20199.36473892548,2.597488527049373,-9.983532494575304,0.8517450032877242,543.7478260869565,3.0963233506290524,-19.118679379758024,7.139176813500564,2.597488527049373,-9.983532494575304
LF,2022-11-13,0.3576572830373256,4.264166666666667,7.553788668507139,17713.78398025954,2.6905442753105326,-10.806585236603922,1.0658198813121533,537.204347826087,2.2416385657189672,-11.890478720834832,6.2520727758666315,2.6905442753105326,-10.806585236603922
LF,2022-11-14,0.28691667504039603,4.375,10.45971592043861,15327.08679840309,0.6575879506603454,-11.140454155501024,1.357155341094602,530.0217391304348,2.44570893280401,-14.084968865028276,6.761193353540876,0.6575879506603454,-11.140454155501024
LF,2022-11-15,0.29652698225504354,3.569166666666667,9.95379663090015,15663.155224454493,6.387887966378953,-19.586491698330317,1.3286280267188084,538.5782608695653,2.059953710488843,-13.461820359281296,7.559463370539816,6.387887966378953,-19.586491698330317
LF,2022-11-16,0.2939514070376821,4.74375,10.124336496428938,15570.065843435756,3.7621531037658422,-12.606024863001943,1.340489176009696,536.6173913043478,NA,NA,NA,3.7621531037658422,-12.606024863001943
LF,2022-11-19,0.19509937640743544,6.267083333333334,14.029852675453904,11888.849666064085,2.64083503098877,-7.35345884137932,1.5465821104092412,511.1307692307692,2.832231913939573,-10.074799098902703,12.05497535231954,2.64083503098877,-7.35345884137932
LF,2022-11-20,0.1948920205002171,6.01125,14.029852675453904,11880.566352284966,2.445751234756197,-8.016822385790057,1.5429427434653702,502.7227272727273,1.7878242951667105,-9.03063164975809,12.099719770820103,2.445751234756197,-8.016822385790057
LF,2022-11-21,0.20453966122934109,6.44625,14.029852675453904,12263.18962503526,3.408583529847645,-7.739610952086329,1.5981441963926106,519.5045454545455,3.862101002371633,-11.536969461172252,11.97819257534075,3.408583529847645,-7.739610952086329
LF,2022-11-22,0.24435695996431728,5.50125,13.10707300350179,13783.110098879082,4.090255913035617,-12.06046024442422,1.6156433413584792,521.9391304347826,4.010368725912968,-13.742082654341084,10.302090273243062,4.090255913035617,-12.06046024442422
LF,2022-11-23,0.29410043992514956,5.1425,10.09431524742314,15577.161565963666,4.866038662481031,-12.078075059924997,1.3382239494731545,531.0608695652174,4.013901351628544,-13.514169025983673,7.936614328669369,4.866038662481031,-12.078075059924997
LF,2022-11-24,0.3350250688464948,4.680416666666667,8.274702461732073,16974.804897149046,4.092234316140916,-11.440729346160465,1.1550814234232187,537.1347826086957,4.210066618089136,-15.86950492137609,7.521613035049778,4.092234316140916,-11.440729346160465
LF,2022-11-25,0.36637076814122993,4.255833333333333,7.217974827461727,18006.40546668047,4.145650267273733,-12.089442341556346,1.0476409182094852,542.0652173913044,4.418490887929102,-17.771343215229525,7.442773298068209,4.145650267273733,-12.089442341556346
LF,2022-11-26,0.3761764310366674,4.09875,6.930551607685376,18323.17532524235,2.9176536317338746,-11.251723866993103,1.0122380480047553,540.8521739130434,3.4294091046162887,-16.08464470031527,6.7599288092297405,2.9176536317338746,-11.251723866993103
LF,2022-11-27,0.3741777351174486,4.23375,6.990059297596696,18258.46051138113,1.9605310345208913,-9.837910715770828,1.0141569415386953,539.1739130434783,2.6673784236239007,-13.78289781575097,6.368445476270419,1.9605310345208913,-9.837910715770828
LF,2022-11-28,0.3371907038337131,5.0475,8.207721387352333,17045.390171902025,2.520746123169672,-8.439015088627574,1.1330622866266338,531.1428571428571,2.6695441593899893,-11.986136626239585,7.029590577732643,2.520746123169672,-8.439015088627574
LF,2022-11-29,0.306658500862045,5.155,9.44711554504735,16015.030561753709,2.7286461284159023,-9.403591221252752,1.2657024856976746,537.6913043478261,2.9510981924904702,-12.539529825347184,7.526498612530974,2.7286461284159023,-9.403591221252752
LF,2022-11-30,0.3002713044446247,4.7716666666666665,9.7796350582229,15791.975115696343,1.9303687867926311,-10.374072234440076,1.3044168962793765,538.6260869565217,1.667994969012065,-11.894313791732872,7.926409523222847,1.9303687867926311,-10.374072234440076
LF,2022-12-01,0.23454255068633487,5.100416666666667,13.272678525363553,13406.027829322675,5.292460660283028,-14.448651715800532,1.5873508620170667,517.3666666666667,4.164919107342288,-14.875069369894856,11.627159946582472,5.292460660283028,-14.448651715800532
LF,2022-12-02,0.2053771297190184,1.9583333333333333,14.029852675453904,12295.906021916422,NA,-15.879606949761174,1.605019878545685,522.8681818181818,NA,NA,NA,NA,-15.879606949761174
LF,2022-12-03,0.24641140840277365,3.8604166666666666,13.089354084422993,13863.241959574252,6.117292390772392,-20.5096771535781,1.6200443730650111,530.652380952381,3.2045185940807985,-14.875508958523614,9.080861067887689,6.117292390772392,-20.5096771535781
LF,2022-12-04,0.2657714484638069,4.939583333333333,11.737028630067377,14573.831054012586,2.99548534721157,-12.339855846890806,1.5016827015000904,538.4666666666667,2.9833528612050277,-13.746741239273668,9.319072143068489,2.99548534721157,-12.339855846890806
LF,2022-12-05,0.2963078821725697,5.131666666666667,9.974401335662112,15654.669669459723,4.785498608162481,-11.90998127855866,1.3299614143594962,541.5434782608696,3.965609548020204,-13.63829084060955,7.779654645289203,4.785498608162481,-11.90998127855866
LF,2022-12-06,0.32445664497784743,4.883333333333334,8.67158267977857,16621.73741613986,4.819243668779668,-11.723227669188011,1.1999343366046429,544.8913043478261,3.4810399663942584,-13.34247975343163,7.607738721488997,4.819243668779668,-11.723227669188011
LF,2022-12-07,0.31221982437081797,5.074166666666667,9.197349245451933,16205.396182192735,3.828241600827787,-10.526489952387449,1.2487850999366727,541.8391304347826,3.1312840042033203,-12.216791308870128,7.6361649765583985,3.828241600827787,-10.526489952387449
LF,2022-12-08,0.295188730454536,5.270833333333333,10.005912716493814,15618.060036798459,3.665255109624402,-10.315548209028137,1.3314005577685553,540.8478260869565,3.228920251707206,-12.05446276032039,7.947919378446884,3.665255109624402,-10.315548209028137
LF,2022-12-09,0.2942577439595147,5.256521739130434,10.05264677648675,15585.70391621397,4.002131637439336,-10.750218282975974,1.3352003365900282,540.6391304347826,NA,NA,NA,4.002131637439336,-10.750218282975974
LF,2022-12-10,0.28287782832152536,5.4575,10.682370338551975,15184.99619340172,3.900760079436421,-10.38656465398915,1.3991521049820304,540.2434782608696,3.3508308195489698,-11.725697872133033,8.514935254212917,3.900760079436421,-10.38656465398915
LF,2022-12-11,0.2695816180434343,5.564166666666667,11.478668531987385,14711.769106461556,3.662807583271406,-10.42782665382693,1.470293129474499,536.5434782608696,3.353496179300213,-11.56441948545192,8.89958535550349,3.662807583271406,-10.42782665382693
LF,2022-12-12,0.2650098838777788,5.67,11.784472634977696,14546.578979418464,3.3245997531296707,-9.935119331344058,1.4973131415263627,535.3652173913043,3.3322844045448683,-11.810949563593296,9.54338501864491,3.3245997531296707,-9.935119331344058
LF,2022-12-13,0.256980703429556,5.823043478260869,12.369904164881229,14253.034713075356,3.330113741439946,-9.85035008158722,1.5444008274760668,532.3304347826087,NA,NA,NA,3.330113741439946,-9.85035008158722
LF,2022-12-14,0.3394592619421311,5.182083333333334,8.284889666393303,17100.75786572994,3.4198462192504406,-8.79128106593765,1.1378440501407672,537.2652173913043,4.251084255204115,-15.600818068921097,6.643190606494407,3.4198462192504406,-8.79128106593765
LF,2022-12-15,0.4407437193469199,3.6345833333333335,5.458906465394513,20337.415525419572,1.0088527540866703,-9.6917157935809,0.830764665027973,537.9521739130435,0.6418084391399134,-15.980819279267308,6.704466400243873,1.0088527540866703,-9.6917157935809
LF,2022-12-16,0.3326255595413348,6.037916666666667,8.707960891779639,16855.95064749418,3.776804414219816,-6.252431850119214,1.1529260370856584,526.4217391304347,2.2049715367522853,-8.414849677372176,7.462958041253951,3.776804414219816,-6.252431850119214
LF,2022-12-17,0.22376614287108637,6.5320833333333335,13.985975510660268,13011.256558785202,3.629551304960218,-8.480543615055025,1.6175078542563708,515.9260869565218,2.8864664595251415,-10.393870584805466,12.06195067620402,3.629551304960218,-8.480543615055025
LF,2022-12-18,0.21056666163491042,6.830416666666666,14.029852675453904,12500.84105491566,4.700080880237624,-8.175996243962574,1.5800869052153725,512.195652173913,2.4221101487445944,-7.502242942149027,12.096733606513672,4.700080880237624,-8.175996243962574
LF,2022-12-19,0.2015477813608167,7.348333333333334,14.029852675453904,12145.175886072606,3.157506450663476,-4.778607544253594,1.5304059517853685,503.73478260869564,2.95416737586385,-8.485039353609874,11.965673136004126,3.157506450663476,-4.778607544253594
LF,2022-12-20,0.23899299148551884,6.321666666666666,13.418475248043823,13584.987644070663,3.51097751787358,-8.87568749683043,1.5986194862909262,520.0608695652174,3.36638920448391,-11.969566068606746,10.848799223114977,3.51097751787358,-8.87568749683043
LF,2022-12-21,0.2695007276172592,6.178333333333334,11.521766723571233,14705.928472721971,6.255909795292059,-10.96109234515879,1.4303681285639942,520.8695652173913,3.5506055633471387,-10.397002414622524,8.51881085164339,6.255909795292059,-10.96109234515879
LF,2022-12-22,0.33397444005063076,5.835416666666667,8.352678965291744,16935.127854623643,5.68850462997797,-8.677953299603265,1.124601609850552,527.6913043478261,4.276309150321181,-13.221440792192084,7.594086851227771,5.68850462997797,-8.677953299603265
LF,2022-12-23,0.32929959938609876,5.517083333333333,8.587733902202427,16772.711026903246,4.371697840216217,-9.09409303112098,1.1370985114911538,524.8347826086957,2.4945679730130608,-6.9633234646498785,5.358606805467224,4.371697840216217,-9.09409303112098
LF,2022-12-24,0.22276336661170498,8.1125,13.564689300410109,12955.781706311052,3.043421635129229,-2.6021198140275765,1.455504196206058,482.9173913043478,2.2153137569513923,-5.508621560262778,12.050888037803212,3.043421635129229,-2.6021198140275765
LF,2022-12-25,0.20075358626356307,8.127083333333333,14.029852675453904,12113.936363656365,2.7367419644886706,-2.2160256706617023,1.4546028488993294,481.6478260869565,2.45719103227296,-6.084063970910118,12.015754187646902,2.7367419644886706,-2.2160256706617023
LF,2022-12-26,0.21833930266284618,7.637391304347826,14.029852675453904,12803.400354965788,2.2622700386124026,-3.5763666513547605,1.5261821789233905,488.9826086956522,NA,NA,NA,2.2622700386124026,-3.5763666513547605
LF,2022-12-27,0.23025713208400536,7.23125,14.029852675453904,13260.003860318388,1.8148253331088344,-4.697281247493736,1.5854226397478783,500.9086956521739,2.540752952421838,-8.57761061849282,12.027903083138222,1.8148253331088344,-4.697281247493736
LF,2022-12-28,0.2246200014556448,6.983333333333333,14.029852675453904,13044.788219891356,1.8237303668223377,-5.29176874810157,1.5950478557269798,507.6565217391304,2.3019277461578973,-8.730957677337607,12.020011107358595,1.8237303668223377,-5.29176874810157
LF,2022-12-29,0.21312828204681614,6.801666666666667,14.029852675453904,12601.685455498251,2.9500515146281843,-6.454243831813672,1.60379424570081,517.7478260869565,2.904593349868965,-9.391783893167943,11.988602134989302,2.9500515146281843,-6.454243831813672
LF,2022-12-30,0.2302977392928357,6.475416666666667,13.847486828571936,13258.559951460773,3.956490915169037,-8.776624300937868,1.651516270836186,524.6739130434783,3.800100364947615,-11.708031728076294,11.594926883044298,3.956490915169037,-8.776624300937868
LF,2022-12-31,0.25887445270763815,5.34375,12.208863992967514,14323.888703375302,2.7164703109493527,-10.873214219389466,1.5417390317270474,535.7782608695652,1.3902704763814882,-10.85568180502598,9.774123016283747,2.7164703109493527,-10.873214219389466
LF,2023-01-01,0.2430287661912251,6.138695652173913,13.300279426911917,13737.563708831201,4.9089516091850465,-10.608576371588253,1.6546921589335577,533.9739130434783,NA,NA,NA,4.9089516091850465,-10.608576371588253
LF,2023-01-02,0.21934209441560773,6.2195833333333335,14.029852675453904,12842.168106001578,4.7286389380092695,-10.148189164787622,1.6773951323504168,534.5304347826087,3.878089859494223,-11.457674750122289,12.058136107539298,4.7286389380092695,-10.148189164787622
LF,2023-01-03,0.2639806605282347,5.987916666666667,11.982080859209175,14498.66244729763,5.383480549663349,-10.764004694749104,1.5211519910908862,535.1434782608695,4.328991397664915,-12.441505749097104,8.592332778042927,5.383480549663349,-10.764004694749104
LF,2023-01-04,0.32066201355385304,4.680714285714286,8.838892318354535,16492.158012504227,4.646623092820603,-12.366543578989251,1.2348610362106551,535.4391304347826,NA,NA,NA,4.646623092820603,-12.366543578989251
LF,2023-01-05,0.2965446932764403,5.540416666666666,10.024161445110048,15657.234052874488,5.548222902325133,-10.835399332219804,1.31932236909263,533.4782608695652,3.4365897459968053,-10.281326832050375,8.02598327772664,5.548222902325133,-10.835399332219804
LF,2023-01-06,0.22848924362564493,6.645,13.704107539350225,13185.835323283158,3.996653205138467,-8.009804877285129,1.5959919742109052,513.8695652173913,2.7428353334047215,-8.769904673478218,11.98326806600747,3.996653205138467,-8.009804877285129
LF,2023-01-07,0.20889229045839644,6.790909090909091,14.029852675453904,12435.856865795915,2.5027858175744107,-5.8213739641244775,1.562240232095394,482.03043478260867,NA,NA,NA,2.5027858175744107,-5.8213739641244775
LF,2023-01-08,0.23255457765922638,6.564347826086957,13.88241952162229,13345.443429655536,2.8559016787771245,-7.406758953442192,1.6255598856400664,507.11304347826086,NA,NA,NA,2.8559016787771245,-7.406758953442192
LF,2023-01-09,0.24596599908441108,6.008333333333334,13.188970384980523,13849.409819457753,3.688556795196839,-9.862201954642646,1.6075864546625411,523.804347826087,3.0970529666438367,-10.868872906539517,10.889311143779777,3.688556795196839,-9.862201954642646
LF,2023-01-10,0.2356896455606048,6.705652173913044,13.930132092311574,13465.231279613286,3.896546008402439,-8.078049334208742,1.6455411740037595,514.4869565217391,NA,NA,NA,3.896546008402439,-8.078049334208742
LF,2023-01-11,0.2361126398937222,6.5945833333333335,13.825013293166476,13480.637539548634,2.8674440769469207,-7.454851600889807,1.63383412889225,515.0521739130435,3.4283280145871085,-11.014704128862505,11.76024239740902,2.8674440769469207,-7.454851600889807
LF,2023-01-12,0.2597355246079763,6.230833333333333,12.163022808943143,14354.190631793812,3.5110038538659323,-8.1745266680966715,1.501114158360906,515.5826086956522,3.357516768686352,-11.036622256120406,9.718858111286982,3.5110038538659323,-8.1745266680966715
LF,2023-01-13,0.25175305484440524,6.04,12.729428817596968,14059.400741301506,4.12237914532892,-10.035141460243343,1.5408083695755703,511.39130434782606,2.8309990435032235,-9.868426490434118,10.251044072100614,4.12237914532892,-10.035141460243343
LF,2023-01-14,0.20604140915203745,7.690833333333333,14.029852675453904,12319.847536861676,3.7455124164020215,-4.444909403476293,1.4988566556063274,485.31304347826085,2.36464177877257,-6.384936410703351,12.113262076901064,3.7455124164020215,-4.444909403476293
LF,2023-01-15,0.19885342051361005,7.804166666666666,14.029852675453904,12038.850255912004,3.266038036578734,-3.454052617976162,1.4647203459868123,478.7913043478261,2.7021840827956787,-7.140731340615705,12.062371845472368,3.266038036578734,-3.454052617976162
LF,2023-01-16,0.21220344539063923,7.148333333333333,14.029852675453904,12564.207390704629,3.202939732542431,-5.696957722907609,1.5375275844175273,493.5869565217391,2.915203066648599,-9.042538575333191,11.98308080411193,3.202939732542431,-5.696957722907609
LF,2023-01-17,0.2438175763050631,6.648333333333333,13.284676514166536,13767.455473910219,3.982585686505927,-8.115703155314838,1.5689568086452712,508.8652173913043,3.6705250199618904,-11.449142292365956,10.484343022041122,3.982585686505927,-8.115703155314838
LF,2023-01-18,0.2741292355873662,6.073913043478261,11.22511022429519,14872.15649948859,5.960002785281931,-10.327902709093657,1.4241712377739404,526.8260869565217,NA,NA,NA,5.960002785281931,-10.327902709093657
LF,2023-01-19,0.31023360783120135,5.7375,9.290451877302297,16137.012856949015,5.338493873417799,-9.137733387756596,1.2427057847674363,531.904347826087,4.852127037898375,-13.523630207507813,7.667811244505638,5.338493873417799,-9.137733387756596
LF,2023-01-20,0.30704446227294613,5.638333333333334,9.457025923738458,16025.555764403318,6.64627791641465,-11.064585351669727,1.256438366488121,531.1086956521739,3.734279893402926,-10.272694994964269,7.560457784961522,6.64627791641465,-11.064585351669727
LF,2023-01-21,0.28357108092052724,5.812916666666666,10.637013388371852,15209.988576495525,3.296584237878923,-8.428876580573379,1.3369312945609597,514.5952380952381,2.55633377090227,-10.78520808210086,8.325034186755781,3.296584237878923,-8.428876580573379
LF,2023-01-22,0.3294798363287979,5.350416666666667,8.50390555142443,16787.2439758256,4.539883190332105,-9.055311676400247,1.158044034734767,531.8695652173913,4.803065653949335,-14.33502671741175,7.4701393217898495,4.539883190332105,-9.055311676400247
LF,2023-01-23,0.29150930079841253,5.9775,10.382374538946578,15473.256256953224,4.106926309734998,-8.13415496045135,1.3342716890200832,526.1782608695652,3.239841773838532,-8.878967223831706,7.840740541587794,4.106926309734998,-8.13415496045135
LF,2023-01-24,0.2305627285771936,7.18,13.790570618273005,13268.220504877336,4.005157970439637,-6.280841739187659,1.610983063791687,510.97391304347826,4.135365894625156,-10.381879982214295,11.467558475431993,4.005157970439637,-6.280841739187659
LF,2023-01-25,0.32348243333861926,5.110416666666667,8.801876097380406,16579.311370535055,2.7133508532958546,-8.53680083083289,1.1839043743985411,518.0826086956522,3.0158495316455953,-13.329731043084882,7.063488766451712,2.7133508532958546,-8.53680083083289
LF,2023-01-26,0.30532018363509045,6.267916666666666,9.68745062984943,15952.447008667279,5.0112105566014415,-7.303389829174729,1.2482967429524865,521.3608695652174,2.7119672607587533,-7.846013470172318,7.889587170841662,5.0112105566014415,-7.303389829174729
LF,2023-01-27,0.2046231914501498,7.7370833333333335,14.016374255146319,12260.931826170294,4.036618083257416,-4.337639571934335,1.5236829278151844,491.0521739130435,2.2986385592545253,-5.873567849035724,12.064390606334438,4.036618083257416,-4.337639571934335
LF,2023-01-28,0.20012238727312018,7.751739130434783,14.029852675453904,12087.30566321285,3.833776500190484,-3.9596677979691,1.5105310550462026,476.4086956521739,NA,NA,NA,3.833776500190484,-3.9596677979691
LF,2023-01-29,0.24910553167936025,6.917916666666667,12.80075047786553,13956.355182522848,4.923600593906905,-7.171834231763114,1.572434809276116,525.9652173913043,3.674682138263872,-9.546676258684387,8.270960980260492,4.923600593906905,-7.171834231763114
LF,2023-01-30,0.3065432713739464,5.7283333333333335,9.477061909028674,16008.635737428342,6.836221714322648,-10.698663506107913,1.2789750638764528,538.8739130434783,4.813655643544895,-12.917687215110025,7.567833774479444,6.836221714322648,-10.698663506107913
LF,2023-01-31,0.32564658523415563,5.696666666666667,8.623366231440441,16661.905584969398,7.1932628936602265,-10.250898600759962,1.198364990156795,542.4782608695652,5.609551219609633,-14.006960383570682,7.890362338680395,7.1932628936602265,-10.250898600759962
LF,2023-02-01,0.3451996436353956,5.650833333333333,7.905140353446811,17313.085026586406,7.00855173209759,-9.496950871428142,1.1107738631093838,538.9130434782609,5.921304214359506,-15.595207465655884,7.904801722914216,7.00855173209759,-9.496950871428142
LF,2023-02-02,0.3933836036958182,5.39625,6.487464387528801,18869.339001228276,8.040507960737992,-9.696326907416864,0.953429724776808,540.3,7.584676387573422,-19.51523815296278,7.929532013887244,8.040507960737992,-9.696326907416864
LF,2023-02-03,0.3915222439219052,4.624583333333334,6.540043144576945,18809.496366746716,5.46755732796435,-10.743169858403622,0.9428775961109317,531.5826086956522,3.584863341636528,-11.086662600353124,5.337944049895758,5.46755732796435,-10.743169858403622
LF,2023-02-04,0.33520155059529605,6.638333333333334,8.264437855979441,16981.091116142798,4.714426901608762,-3.985231409974059,1.1077569565580572,520.8739130434783,4.1263290718626555,-10.53685104492586,7.759945696335699,4.714426901608762,-3.985231409974059
LF,2023-02-05,0.3692200054601588,6.08875,7.191432458401365,18089.87668002634,6.053679057771565,-5.917280120366426,1.0130770555702957,531.2173913043479,6.897003903062825,-16.767763364472756,7.830579850406869,6.053679057771565,-5.917280120366426
LF,2023-02-06,0.4470526380445251,5.303333333333334,5.346857407109353,20527.8024585287,5.99311921148251,-6.395961002285593,0.8056454670095494,532.8608695652174,6.886032678522485,-19.414310684351452,7.512271755126616,5.99311921148251,-6.395961002285593
LF,2023-02-07,0.476402119678475,5.327916666666667,4.8471127660483235,21408.347407939407,4.342167060127233,-4.667029734201685,0.7490554136608469,534.404347826087,6.972825293473255,-19.88743161534569,6.780445262759817,4.342167060127233,-4.667029734201685
LF,2023-02-08,0.4908390192742113,4.72375,4.633127911039032,21833.525073460823,4.52792038850279,-8.135879707013792,0.7304614302406552,539.5043478260869,6.527619543776357,-20.24197001999812,6.15974467500831,4.52792038850279,-8.135879707013792
LF,2023-02-09,0.513300389508621,4.4339130434782605,4.330550144350322,22486.468483773413,5.375938512088742,-9.81356747267554,0.6953184811915784,541.695652173913,NA,NA,NA,5.375938512088742,-9.81356747267554
LF,2023-02-10,0.5324479231188093,3.8033333333333332,4.096433150530842,23035.812432162944,5.761555804229275,-12.743585350708871,0.6722969540588702,545.2565217391304,6.143158830817064,-21.5034400497764,5.502379885072718,5.761555804229275,-12.743585350708871
LF,2023-02-11,0.5820265002404168,3.723333333333333,3.5881399124536526,24424.101406336606,3.1082567008835635,-9.723097399803947,0.598730410451197,525.2695652173913,3.3050405647120957,-18.014874753165852,4.063560186022916,3.1082567008835635,-9.723097399803947
LF,2023-02-12,0.6219401336002923,4.27375,3.23829012941263,25518.317201065263,7.135150498137158,-10.496949214403816,0.5436698061201344,530.7304347826087,4.462558247301501,-16.50006900250824,4.615289817840665,7.135150498137158,-10.496949214403816
LF,2023-02-13,0.5505668468579134,5.430416666666667,3.9037234679586197,23545.831569219332,5.750962534657171,-4.811117132412547,0.6295279456156407,532.5695652173913,6.203641450625124,-19.572266869933586,6.54911362166348,5.750962534657171,-4.811117132412547
LF,2023-02-14,0.5410660696475462,5.175652173913043,4.00772813698882,23277.422739230336,6.933196648851482,-7.405882828737619,0.6434650507092259,533.9782608695652,NA,NA,NA,6.933196648851482,-7.405882828737619
LF,2023-02-15,0.6244076101461385,4.4,3.226270979246272,25581.52980125972,8.154296820263951,-10.692179998531396,0.54957458445884,539.3521739130434,7.692494867065846,-23.86638480886155,5.015566980586032,8.154296820263951,-10.692179998531396
LF,2023-02-16,0.710382755055964,3.819166666666667,2.65322200345934,27851.15313101242,7.773791401295331,-11.953106772503393,0.47822155400592975,546.4826086956522,8.287765936783334,-26.40938731187893,4.505462930870713,7.773791401295331,-11.953106772503393
LF,2023-02-17,0.7906336963289559,3.0570833333333334,2.253178002879096,29888.423568708593,5.000062140550603,-12.50607198290538,0.42165962611258195,547.7347826086957,5.376864754768053,-24.82619123950462,4.098317950944856,5.000062140550603,-12.50607198290538
LF,2023-02-18,0.827625765768926,4.3133333333333335,2.1002208246182166,30804.46675909464,6.833488896027249,-6.88616163184214,0.3913634016883016,538.3260869565217,5.712152719696216,-22.802830076753953,4.35261562610591,6.833488896027249,-6.88616163184214
LF,2023-02-19,0.8670523919349011,3.8979166666666667,1.9587569311625286,31762.210974804242,3.942110826855698,-5.906090213271287,0.3741957558123573,543.3434782608696,5.627754216895095,-22.617624215736345,3.2649559183812396,3.942110826855698,-5.906090213271287
LF,2023-02-20,0.9439008946078449,3.2929166666666667,1.722834439470166,33589.474126762514,5.442381483653229,-10.237331230796665,0.34072407758450896,546.9652173913043,6.432411516156632,-21.551594963064165,2.5421255397655917,5.442381483653229,-10.237331230796665
LF,2023-02-21,1.0082297350073306,3.0608333333333335,1.5580464161916845,35082.12281873614,5.194755551678607,-10.92597516585779,0.3175126674972348,551.2217391304348,5.996699564064775,-17.51881147483017,1.6932679489552556,5.194755551678607,-10.92597516585779
LF,2023-02-22,1.0480341305131946,2.8558333333333334,1.4770609338848046,35989.115205106966,5.807459576134691,-7.725354090669448,0.30788702853493677,556.408695652174,6.464137236226117,-17.16030004104631,1.5585646668938236,5.807459576134691,-7.725354090669448
LF,2023-02-23,1.06991257902392,3.0458333333333334,1.468758246400653,36482.59781123669,6.423311936681024,-7.158180017644003,0.30725165938082166,554.8434782608696,6.826346006565528,-17.226625703007198,1.4477384965692368,6.423311936681024,-7.158180017644003
LF,2023-02-24,1.0734521232267265,2.86125,1.468758246400653,36562.11353131697,6.97785603537275,-8.937501690698637,0.30923482625995174,557.8347826086956,7.340425427724695,-21.560988226423625,2.091586480227275,6.97785603537275,-8.937501690698637
LF,2023-02-25,1.0616200776351974,3.11125,1.468758246400653,36296.025180425044,7.168790849746292,-7.477544658624215,0.30597265636589865,553.8434782608696,8.0975689360146,-25.9930430631507,2.661763708932606,7.168790849746292,-7.477544658624215
LF,2023-02-26,1.041626416071791,3.002083333333333,1.4834901060205592,35844.161960955345,7.226230645915426,-8.258139468898172,0.308028432906044,554.7739130434783,8.400290029840416,-27.41868546796682,2.8926762062264206,7.226230645915426,-8.258139468898172
LF,2023-02-27,1.0302482280915042,2.96875,1.5073277779276237,35585.83068226591,6.854230726570512,-8.216974718730029,0.31095856461860827,552.604347826087,8.56548890556348,-29.65730862960663,3.129938731120475,6.854230726570512,-8.216974718730029
LF,2023-02-28,1.0252097120773744,2.6579166666666665,1.5185988999852358,35471.01863424443,6.370211618979252,-9.770906114977018,0.31389227102005646,554.2347826086957,7.179403091884872,-22.63880319613467,2.2596986503994296,6.370211618979252,-9.770906114977018
LF,2023-03-01,0.9964337626158434,2.892916666666667,1.5858719150527376,34811.40219095675,7.083322171091279,-9.28692938139494,0.32450091654663293,553.2347826086957,8.095476310949467,-28.699255746429625,3.2581964175669555,7.083322171091279,-9.28692938139494
LF,2023-03-02,0.9619105078436564,3.1170833333333334,1.6725282377895327,34012.385200282566,7.748913176335099,-8.932056313030829,0.33716993355982944,550.8173913043478,9.156626393619083,-31.22492564728787,3.7142473502188262,7.748913176335099,-8.932056313030829
LF,2023-03-03,0.9605839189804279,2.9825,1.6760266726210962,33981.47424974566,7.94727309197657,-9.95368291912633,0.33803545667701573,550.8130434782609,9.14160756615674,-30.119562010759925,3.2025558182821294,7.94727309197657,-9.95368291912633
LF,2023-03-04,0.9646094146806994,1.9541666666666666,1.665466820624362,34075.20663292068,4.840872045215066,-13.2323675385873,0.33684099090123043,549.7391304347826,4.801527087146719,-17.56295444366974,1.9134547029599176,4.840872045215066,-13.2323675385873
LF,2023-03-05,0.9138244330764327,3.0725000000000002,1.8093249209673314,32880.526188198826,6.8927601032058545,-8.9324333511062,0.3589126632631193,550.6173913043478,7.343556296487897,-29.917870759159616,4.098299245686826,6.8927601032058545,-8.9324333511062
LF,2023-03-06,0.8499008118639226,3.163333333333333,2.0183584321869588,31347.373045586417,6.0809975587150715,-8.367300257063613,0.3905166669120161,549.6695652173913,7.444859483965359,-28.88315744213257,4.116392601774823,6.0809975587150715,-8.367300257063613
LF,2023-03-07,0.8113030316536137,3.0204166666666667,2.1649771459233964,30402.47225124839,5.928892464980769,-9.519120006887231,0.41371579952042936,550.7391304347826,7.023707621747151,-27.4110492829469,4.029619305962698,5.928892464980769,-9.519120006887231
LF,2023-03-08,0.767964840553033,3.2825,2.3534950802218653,29321.868727088724,6.558833269043555,-8.597401436258464,0.4396158143263462,548.2130434782608,6.600992663263344,-25.40686926433372,4.373083143146164,6.558833269043555,-8.597401436258464
LF,2023-03-09,0.7314612576450876,3.75,2.5320677852367397,28397.017460498388,5.706627409159692,-5.810601915000367,0.46210991575650434,543.9565217391304,6.9356794171745655,-26.60850191907971,4.806587029343198,5.706627409159692,-5.810601915000367
LF,2023-03-10,0.7444850341850737,3.4225,2.4653691473480044,28729.082943698464,5.553617024957706,-7.18700830806642,0.4541514361511637,545.4956521739131,7.385497903001386,-28.25615305013391,4.5450840659453435,5.553617024957706,-7.18700830806642
LF,2023-03-11,0.7433050006098766,3.5208333333333335,2.4715430255315614,28698.905726689256,6.953474229610643,-8.083887047678752,0.45513929312312834,545.3347826086956,6.08882642928695,-24.576409895623183,4.64501646051315,6.953474229610643,-8.083887047678752
LF,2023-03-12,0.7454967611180425,3.674166666666667,2.4611022356232075,28754.24901433342,5.255605323999848,-5.509951340201352,0.45186152722226197,543.4565217391305,5.718840397587351,-23.65036651361546,4.170368820590766,5.255605323999848,-5.509951340201352
LF,2023-03-13,0.7626235623883443,3.089166666666667,2.377292384400494,29188.223083458957,3.653998243430883,-6.872571991761379,0.43992873081261574,536.2913043478261,4.2956775789451,-15.285539593719962,2.383796593995431,3.653998243430883,-6.872571991761379
LF,2023-03-14,0.6827228890572695,4.3275,2.8242485602020375,27128.09890313735,5.648485182372841,-3.711472214928061,0.4989006763124431,539.0217391304348,5.611033658035653,-22.00180285109952,5.263575930049057,5.648485182372841,-3.711472214928061
LF,2023-03-15,0.5941960494999333,4.56125,3.47151338945691,24761.83482205048,5.38976303699508,-4.285749025987695,0.5824990995808791,535.7695652173913,6.516697735326151,-23.304071476879137,6.002677889566596,5.38976303699508,-4.285749025987695
LF,2023-03-16,0.6078930548560938,4.388333333333334,3.3571332274939074,25134.91763021173,6.455279230540501,-5.852605782504964,0.5691410440430497,537.2130434782608,6.779161072366502,-22.253009044132767,4.666820467170516,6.455279230540501,-5.852605782504964
LF,2023-03-17,0.7056854432816574,3.7087499999999998,2.6825082695336406,27728.157918444187,8.60082288090008,-9.3619285080212,0.48214232146881975,543.5043478260869,9.13260016608915,-28.982896303779068,4.706710551794922,8.60082288090008,-9.3619285080212
LF,2023-03-18,0.7580703025249732,2.6533333333333333,2.3997317183063682,29072.73821433156,4.3569497871515095,-10.123206009580894,0.44038063596090565,540.0434782608696,1.709454990598254,-10.951049856427282,2.272432762565256,4.3569497871515095,-10.123206009580894
LF,2023-03-19,0.6634962919981314,4.815833333333333,2.9528579288467736,26620.393015188783,6.105927768510955,-2.0800915039053285,0.5122727278897159,534.5521739130435,5.248890742157655,-19.74652766271542,5.332069741656549,6.105927768510955,-2.0800915039053285
LF,2023-03-20,0.58038059297647,4.985833333333334,3.595292044758196,24381.858479441238,5.082932636400308,-2.259232844278569,0.5952995860972973,531.8739130434783,5.168062608917913,-19.361836243871295,6.074814998318068,5.082932636400308,-2.259232844278569
LF,2023-03-21,0.5927007982452719,4.757916666666667,3.484157033071445,24721.039242198018,6.094635128518253,-4.040063808874117,0.5830582735620485,533.7260869565217,6.42519685794875,-22.579617330398044,5.598918077648677,6.094635128518253,-4.040063808874117
LF,2023-03-22,0.6430389363308818,4.003333333333333,3.0808323233626504,26084.38065883367,5.835495701662436,-6.273602545662252,0.5398264040928126,543.3130434782609,8.360985896480427,-26.81953261605831,5.3970933927308264,5.835495701662436,-6.273602545662252
LF,2023-03-23,0.6815542639930616,3.8733333333333335,2.818457020126561,27104.95100062223,5.684888982826863,-6.021833936357319,0.5039891861260761,543.8739130434783,7.533388605431564,-25.57343230708215,4.8290852766662775,5.684888982826863,-6.021833936357319
LF,2023-03-24,0.6938553528477281,3.7883333333333336,2.74264831316757,27426.565070322267,5.975638078505041,-6.5248821663363135,0.4941816679621071,544.4869565217391,7.521378246808038,-25.59063365079001,4.629521260650405,5.975638078505041,-6.5248821663363135
LF,2023-03-25,0.7007360346569477,3.5079166666666666,2.701924754581118,27605.482161987653,6.472092254759334,-8.35638312256055,0.4908606019939341,546.4826086956522,7.588514939719689,-25.06745684825824,4.221495507267313,6.472092254759334,-8.35638312256055
LF,2023-03-26,0.6877203596534103,3.39125,2.7806036320256187,27266.078260424703,6.814763794049267,-9.55402246407815,0.5032665793778637,547.6217391304348,7.116619642203236,-24.16089643293039,4.2995516218919,6.814763794049267,-9.55402246407815
LF,2023-03-27,0.6465524970889828,3.63375,3.0546945903792553,26178.604833365767,6.986493618372373,-9.241972886727256,0.5414848400901399,547.2695652173913,7.620306258183219,-25.92913608058853,5.162739216569104,6.986493618372373,-9.241972886727256
LF,2023-03-28,0.600654010031984,3.4345833333333333,3.4154376250007843,24938.709730956398,5.418159410525679,-9.6253021239562635,0.5878632456814061,544.395652173913,6.080960518578089,-24.70101407653488,5.490312509638301,5.418159410525679,-9.6253021239562635
LF,2023-03-29,0.5515808893684607,4.237916666666667,3.8869670000635397,23576.53787604652,7.60423209074276,-9.026032405730753,0.6466908319037087,541.4608695652174,7.636744904811156,-24.388420202308527,6.483518321919776,7.60423209074276,-9.026032405730753
LF,2023-03-30,0.5175619786065908,4.4591666666666665,4.275685986021008,22609.599272422947,6.586069534183297,-7.844568735155396,0.695021471862563,539.8434782608696,7.029344652804952,-23.480284014113018,6.7431223061795755,6.586069534183297,-7.844568735155396
LF,2023-03-31,0.5404080948652152,4.42875,4.009519873663488,23260.723344168415,7.248733306713298,-7.983301840068554,0.6637079341429942,541.8347826086956,8.187887720258297,-24.99942949640044,6.126916065339064,7.248733306713298,-7.983301840068554
LF,2023-04-01,0.5952721835407064,3.784782608695652,3.461902320707502,24791.446322416006,7.527500447615517,-10.059656629946408,0.5932572766568562,543.7434782608696,NA,NA,NA,7.527500447615517,-10.059656629946408
LF,2023-04-02,0.6083891043447349,3.9166666666666665,3.3467428156126737,25151.236641610714,9.38611306118987,-10.97009654318984,0.5811960791104387,545.8,9.04835019855664,-25.01725754989961,5.3497609534005335,9.38611306118987,-10.97009654318984
LF,2023-04-03,0.5992874196018729,4.229166666666667,3.4238945356020327,24902.74682043515,7.577955129337522,-7.851310814651848,0.5869540553575053,541.2869565217392,8.598744757278306,-24.61080710106117,5.413081579112062,7.577955129337522,-7.851310814651848
LF,2023-04-04,0.6012978398984002,3.9787500000000002,3.406570955920783,24957.757255804376,6.867275828936975,-8.304557105334254,0.5879501549203507,544.2,7.792167816892616,-24.12393173631994,5.237185141860495,6.867275828936975,-8.304557105334254
LF,2023-04-05,0.5956175075317468,4.125,3.455964211510839,24802.13741510712,7.679112622831351,-8.450611073736685,0.6008251003966764,539.0454545454545,8.17529972770883,-22.170335138557466,4.83403276918905,7.679112622831351,-8.450611073736685
LF,2023-04-09,0.5149745648816537,4.270952380952381,4.329029792446077,22528.71098381221,6.803523091414962,-9.598481983094816,0.667154209771404,431.2,NA,NA,NA,6.803523091414962,-9.598481983094816
LF,2023-04-13,0.5161608714824749,4.241666666666667,4.3000847239691256,22567.15403944465,4.766726146348927,-7.065537809701146,0.6975828370395715,539.921052631579,6.407673642582838,-22.65117954834937,5.8246050920812715,4.766726146348927,-7.065537809701146
LF,2023-04-14,0.5330361264806867,4.345416666666667,4.090291297250279,23052.345965934204,8.133345169592499,-9.460261718490807,0.6763305325615738,539.9304347826087,7.301454783833488,-22.850559285569457,6.390264792036449,8.133345169592499,-9.460261718490807
LF,2023-04-15,0.5173091062706572,4.4070833333333335,4.2781602956826505,22602.537464864814,6.561803356484642,-8.023724937058061,0.6981667402474723,541.6739130434783,6.8791091680459155,-23.099368564834656,6.399285065967228,6.561803356484642,-8.023724937058061
LF,2023-04-16,0.5149923173669556,4.3875,4.308635039374911,22535.398453244386,8.429242663570674,-10.014704460911146,0.7047765938676663,543.6347826086957,8.269495636641539,-23.82331407224789,6.542255246352612,8.429242663570674,-10.014704460911146
LF,2023-04-17,0.44753358129811893,4.78625,5.365906935322344,20536.057308340565,7.981551486353712,-9.91451469334734,0.8283590873276663,539.0304347826087,6.120708904730345,-18.17950818635158,7.479494916217254,7.981551486353712,-9.91451469334734
LF,2023-04-18,0.38198173406778974,5.534583333333333,6.7756887204464,18508.337211444355,5.502063915236543,-6.54963761705019,0.9834163450359568,533.1217391304348,6.445313266619283,-17.302506864457186,8.026249427628594,5.502063915236543,-6.54963761705019
LF,2023-04-19,0.4153761784317121,5.153043478260869,5.9783049977243135,19557.13034722962,6.052748933451159,-7.431127351920597,0.8909613125061251,532.8826086956522,NA,NA,NA,6.052748933451159,-7.431127351920597
LF,2023-04-20,0.44189236907489055,5.024166666666667,5.431188133834273,20373.683476292175,6.030417527125484,-6.938548922717613,0.8399238976249438,540.0434782608696,7.454985424456997,-20.60728391385284,7.524566997517585,6.030417527125484,-6.938548922717613
LF,2023-04-21,0.4515587697571024,5.042083333333333,5.2595879468754285,20665.41622777849,6.092183731342449,-6.608849416588587,0.8184275591552437,536.9043478260869,7.734857045228655,-21.09633375995884,7.037145327239454,6.092183731342449,-6.608849416588587
LF,2023-04-22,0.4561830292577854,4.73125,5.179290427013273,20804.559502398446,6.290254337833503,-8.028348325863798,0.8127487455722426,534.3739130434783,7.067518513632533,-20.13265978457304,6.71610570271563,6.290254337833503,-8.028348325863798
LF,2023-04-23,0.40037160009553907,5.235416666666667,6.337937427583617,19085.69102976914,7.077130137885696,-8.569898511730793,0.948592754229111,534.3130434782609,7.2509475648585155,-18.39576091344215,7.904395476441138,7.077130137885696,-8.569898511730793
LF,2023-04-24,0.3562651551833787,4.802083333333333,7.52845237884376,17677.860942996027,4.025392293812607,-9.1202733825995,1.07077044522884,532.6521739130435,4.0012078140388025,-15.637037919764614,7.620904319000037,4.025392293812607,-9.1202733825995
LF,2023-04-25,0.3494921142060503,5.218333333333334,7.748338981180538,17456.00297019147,5.648111170009551,-9.18653618906893,1.1062790753843397,536.4782608695652,5.952261575735812,-16.52128734087776,7.753847781436266,5.648111170009551,-9.18653618906893
LF,2023-04-26,0.3270086524537911,5.323333333333333,8.574471968447494,16707.15825451494,6.574601503717467,-10.614059907678593,1.2057992783394234,539.2217391304348,5.821899406675475,-14.919471141852895,7.7084162303760895,6.574601503717467,-10.614059907678593
LF,2023-04-27,0.33026233724683196,5.540416666666666,8.449098813395558,16816.239309066077,8.08205717364482,-11.083992592446595,1.1901607287353828,533.4739130434783,7.043513925935953,-16.480964876562894,7.400781975530308,8.08205717364482,-11.083992592446595
LF,2023-04-28,0.35186452002635593,4.945833333333334,7.669190866770922,17534.005375462304,8.879916086346777,-13.38840082215117,1.1039269020693867,538.7608695652174,6.715884893973333,-16.89369272553062,7.41215437518207,8.879916086346777,-13.38840082215117
LF,2023-04-29,0.3997551459055775,4.650416666666667,6.41473421861782,19055.178054177883,6.714981419033307,-10.772589511685291,0.953922306555208,530.7652173913043,5.854854505420662,-19.607331444167844,6.761262324487901,6.714981419033307,-10.772589511685291
LF,2023-04-30,0.48062260831808745,4.087391304347826,4.785286820139179,21532.456637742234,6.706962748850113,-10.644288426921948,0.7596369159945143,524.2608695652174,NA,NA,NA,6.706962748850113,-10.644288426921948
LF,2023-05-01,0.4020580178045146,5.619583333333333,6.4046038911671515,19119.881662289787,6.9301302410051475,-6.829726041676583,0.9530591154426402,537.7869565217392,7.31848575416139,-16.765894295962283,7.786942548613617,6.9301302410051475,-6.829726041676583
LF,2023-05-02,0.32233163366354,5.685833333333333,8.763147136749344,16549.386765185995,7.619818536527771,-10.464646441942538,1.2200025184158272,538.2695652173913,6.450098138334528,-13.851446354539688,7.576915497768411,7.619818536527771,-10.464646441942538
LF,2023-05-03,0.30780223846958965,5.83375,9.391183165154699,16054.645193598259,6.807932968184077,-10.636450039257532,1.2781177137019617,533.7363636363636,5.850820621835128,-12.737582280928516,7.651667369885963,6.807932968184077,-10.636450039257532
LF,2023-05-04,0.3127270298999082,6.019583333333333,9.16884391058875,16223.352336905567,6.398413030104237,-9.260660768259877,1.2540190016352464,534.0478260869565,6.185873736979345,-12.925338448660202,7.623127855067297,6.398413030104237,-9.260660768259877
LF,2023-05-05,0.31948928819925726,6.05,8.875593373759589,16453.74195660857,6.2894881974984,-8.718252004686883,1.224767266598515,535.0608695652174,NA,NA,NA,6.2894881974984,-8.718252004686883
LF,2023-05-06,0.30673104181439564,5.898695652173913,9.444094486259791,16017.492618082355,6.593074896633016,-10.039933277240806,1.3051942378386947,541.3130434782609,6.24783001209335,-12.77903723317062,7.4228835298858895,6.593074896633016,-10.039933277240806
LF,2023-05-07,0.3032135813784024,5.909130434782608,9.615854131380447,15895.70395138708,5.866240591701283,-9.47070709564592,1.3174341976784605,540.295652173913,NA,NA,NA,5.866240591701283,-9.47070709564592
LF,2023-05-08,0.33204886383461324,5.723333333333334,8.380652940926028,16876.083560875268,5.932739335458939,-9.0646839618416,1.1838442017636828,540.2086956521739,6.57618421803483,-14.978788941025323,7.215411178440376,5.932739335458939,-9.0646839618416
LF,2023-05-09,0.33328370240093846,5.785,8.337702052940665,16916.938660254247,7.787026540602904,-10.544752193990048,1.1904033110213488,544.3521739130434,7.067117072239689,-14.05596008635046,6.959026811151297,7.787026540602904,-10.544752193990048
LF,2023-05-10,0.2935960103633028,5.776666666666666,10.114987846676732,15560.05210982278,7.657544923683242,-12.036379771205914,1.4001767327741974,544.5571428571428,6.52859842091393,-13.341927732464606,7.863293152855277,7.657544923683242,-12.036379771205914
LF,2023-05-11,0.2641488627593589,5.8220833333333335,11.8443986105073,14515.292015545247,7.939917165773883,-13.575695525431955,1.5733923622375463,545.2652173913043,6.786906480441453,-14.296061629594467,9.683295653916897,7.939917165773883,-13.575695525431955
LF,2023-05-12,0.2557688332951993,6.0325,12.43034053518532,14210.687363111234,8.323014714817203,-13.502481521627764,1.6430173883647095,547.7260869565217,7.018418968156932,-14.28757878952604,10.08248486821266,8.323014714817203,-13.502481521627764
LF,2023-05-13,0.25979753185222626,6.004166666666666,12.141887970574626,14357.608452388671,8.866486194279075,-14.046622865888205,1.5967033591653834,542.0695652173913,6.618330534726505,-14.01509846161552,9.690086809052646,8.866486194279075,-14.046622865888205
LF,2023-05-14,0.2703616471392717,5.880434782608695,11.428881320533986,14739.776611125173,9.161247539736914,-14.284484880214888,1.5230726053647892,543.1086956521739,NA,NA,NA,9.161247539736914,-14.284484880214888
LF,2023-05-15,0.2631135754816441,5.828333333333333,11.910351181225389,14478.126591627213,7.996413716037217,-13.705713852588676,1.5727328657857478,542.7304347826087,6.001631041126866,-13.256282166795934,9.655863990409143,7.996413716037217,-13.705713852588676
LF,2023-05-16,0.2741008623990931,6.1025,11.21458716883751,14872.11649270863,8.498839523377763,-12.535595609384323,1.5063775507271828,544.9782608695652,7.2672908938547724,-14.023776250113649,8.8225259396041409,8.498839523377763,-12.535595609384323
LF,2023-05-17,0.30637420833395884,5.5925,9.466312762051947,16004.664001280415,7.902851299431974,-12.465660695335234,1.3212523577334028,546.4478260869565,6.640962145952662,-13.912309599241222,7.540157588128655,7.902851299431974,-12.465660695335234
LF,2023-05-18,0.3129643357173693,5.4991666666666665,9.160138453085487,16231.275077240849,6.738155412749881,-11.507720915827583,1.2754409407777163,532.6913043478261,5.892841725570382,-13.420108279305213,7.228568986732099,6.738155412749881,-11.507720915827583
LF,2023-05-19,0.2830145797559861,5.695,10.69999147863248,15187.693225355462,6.8692305617570355,-12.141042379429352,1.451605492980947,543.4045454545454,6.21611689447309,-12.425703588170787,7.88441852186152,6.8692305617570355,-12.141042379429352
LF,2023-05-20,0.254589109859058,6.007272727272727,12.525158380196487,14166.96493537576,6.077628841606771,-11.426522065453716,1.6534344244352956,543.89,NA,NA,NA,6.077628841606771,-11.426522065453716
LF,2023-05-21,0.25866561006262107,5.637727272727273,12.231888175754277,14315.70815960473,5.347578031445467,-11.947965401198529,1.6137985403730326,541.6739130434783,NA,NA,NA,5.347578031445467,-11.947965401198529
LF,2023-05-22,0.2827809586792538,5.85875,10.692084336370572,15181.220994626592,5.96574986610669,-10.552389670165274,1.4496644918986767,542.7217391304348,6.157076200785284,-13.13558249487802,8.099729176867614,5.96574986610669,-10.552389670165274
LF,2023-05-23,0.28991213087003603,5.613333333333333,10.28618424138104,15433.281199770045,5.064003131977407,-10.342086911797516,1.3966934219282725,527.8086956521739,5.598303128002227,-13.888100754509578,8.14268200384856,5.064003131977407,-10.342086911797516
LF,2023-05-24,0.2649402345170614,5.719166666666667,11.79884228986242,14543.341872614112,6.892750214241316,-12.858437548835589,1.5677223516362386,544.4782608695652,5.548382359731196,-12.820015412210992,9.63793602911788,6.892750214241316,-12.858437548835589
LF,2023-05-25,0.2533842463272639,6.262083333333333,12.609539172790166,14123.151061649432,6.413091318770033,-10.907830350981698,1.643337173356714,540.8739130434783,5.911675239581201,-12.586140144252532,10.34050926439206,6.413091318770033,-10.907830350981698
LF,2023-05-26,0.22882678696281974,5.85125,13.914443655587554,13203.21250177134,4.363928067766677,-11.267146722677442,1.7048583997988198,528.5478260869565,2.506410050331449,-10.192674020850491,11.78895775029987,4.363928067766677,-11.267146722677442
LF,2023-05-27,0.2109078333686735,6.779166666666667,14.029852675453904,12514.956864045947,5.164649904911984,-8.087790679790398,1.694029637623999,521.4478260869565,5.65331046034069,-11.29024127034013,11.978531998229316,5.164649904911984,-8.087790679790398
LF,2023-05-28,0.22612520002388128,6.731739130434782,14.0193168265969,13101.712482908919,6.6303010623968754,-10.111350396672655,1.7311149041699176,522.2217391304348,NA,NA,NA,6.6303010623968754,-10.111350396672655
LF,2023-05-29,0.25339043412285345,6.638333333333334,12.634900423007084,14121.668586492367,7.890646383123441,-11.085452941442268,1.621298694781019,523.8608695652174,6.924644791831344,-13.175462197262643,9.776921149810894,7.890646383123441,-11.085452941442268
LF,2023-05-30,0.2867939629063598,6.158333333333333,10.473720855411472,15322.192949210004,9.311353834408973,-12.521149282794484,1.419660687331491,536.7217391304348,7.011647625995225,-13.4254983658391,8.003509625410834,9.311353834408973,-12.521149282794484
LF,2023-05-31,0.30985889701427116,5.581666666666667,9.302280783602082,16124.698624091332,7.849042979744405,-12.36387424253319,1.2890696519695257,541.6826086956522,6.252448019886302,-13.5899365868185,7.218710231697451,7.849042979744405,-12.36387424253319
LF,2023-06-01,0.31174384343066863,5.62125,9.216527751889707,16189.336537716723,7.346024588200954,-11.546101009886463,1.2925797859644148,543.2826086956521,6.990478140073983,-14.17380217484879,7.506265263961191,7.346024588200954,-11.546101009886463
LF,2023-06-02,0.29638697196359154,6.060416666666667,9.944120831547938,15659.856293574958,7.880498091477551,-11.02749902050304,1.3691716460463614,543.5869565217391,6.44366821750736,-12.327223982042664,7.681788221981136,7.880498091477551,-11.02749902050304
LF,2023-06-03,0.30816741413630067,5.872083333333333,9.378403945866367,16066.779471820857,6.806527791478539,-10.143006344842108,1.3120467889853173,545.1,6.769661277843828,-13.44429923282261,7.198995646381875,6.806527791478539,-10.143006344842108
LF,2023-06-04,0.31076237257992195,5.5752173913043475,9.267428580194766,16155.048229655022,6.416976127961042,-10.851305437744267,1.298980628308975,546.4608695652174,NA,NA,NA,6.416976127961042,-10.851305437744267
LF,2023-06-05,0.2924873110319628,6.263333333333334,10.145669110041162,15523.79165941347,7.083731769284615,-9.584641385022918,1.3936545147774488,542.7826086956521,6.341995250120153,-11.624627738385405,7.305198697779145,7.083731769284615,-9.584641385022918
LF,2023-06-06,0.3150731585662349,6.19375,9.088314353988949,16301.030811834766,7.790777578760045,-9.474122652809482,1.2879416695034405,537.205,6.701710063962355,-12.47476210792014,6.371919327878605,7.790777578760045,-9.474122652809482
LF,2023-06-07,0.3497335239812173,5.452916666666667,7.747515020938359,17462.979424020123,6.8232730087695455,-10.254430254755183,1.1218759244822722,532.4428571428572,5.239090761909479,-14.021813183210645,6.577428690347577,6.8232730087695455,-10.254430254755183
LF,2023-06-08,0.36228781085006617,5.4366666666666665,7.337390308680609,17874.53167928115,8.502990668480336,-11.417948795236711,1.0929609832185125,546.6,5.49948701303216,-12.730678410141458,5.778694620606405,8.502990668480336,-11.417948795236711
LF,2023-06-09,0.3329049979452973,5.032916666666667,8.363403781258125,16902.90548612706,6.544527155736975,-12.332656511355516,1.1958691318784387,536.8818181818182,5.854603948291968,-15.10591438924583,7.286512547636376,6.544527155736975,-12.332656511355516
LF,2023-06-10,0.2917391092238238,5.636666666666667,10.201202337479574,15496.15476698518,7.864083308921659,-12.948900966970204,1.3922256456895896,540.3391304347826,4.986184374133648,-12.449463815100597,7.993733969964868,7.864083308921659,-12.948900966970204
LF,2023-06-11,0.28129527818004546,5.9262500000000005,10.764235461873808,15129.736750448168,8.736627549850413,-12.998650652023066,1.4720874709902259,547.345,6.297801713306012,-12.932305885843968,8.111007979413946,8.736627549850413,-12.998650652023066
LF,2023-06-12,0.2954523253971713,5.862916666666667,9.993846037125389,15627.114844587846,8.443242942514061,-12.337721452743027,1.3818739667857471,546.2428571428571,6.132999455295434,-12.817684976634602,7.413139232572926,8.443242942514061,-12.337721452743027
LF,2023-06-13,0.2934392999427092,5.801666666666667,10.099148854047709,15556.765773153647,8.409815023689859,-12.58783906285933,1.4042519684047774,547.5631578947368,5.486437622724236,-11.639818617430851,7.765377297300512,8.409815023689859,-12.58783906285933
LF,2023-06-14,0.2913006195904561,6.045833333333333,10.215871643857199,15481.580007242457,7.862227745578948,-11.1586004572419,1.4169796402617298,544.4142857142857,6.696188245807546,-13.102107554371878,7.682354696435115,7.862227745578948,-11.1586004572419
LF,2023-06-15,0.34446202100232587,5.635416666666667,7.984300922928772,17281.9556257175,9.158485914084045,-12.012734486804296,1.1485654691738432,495.94,5.3531013824171705,-13.462981054034438,7.024490285385545,9.158485914084045,-12.012734486804296
LF,2023-06-16,0.3834794038819197,5.18125,6.7322915578228315,18556.669405436412,6.89274926129219,-10.265058142933627,1.007853476483515,548.0217391304348,7.297592367683948,-16.575931969697763,6.762706954391251,6.89274926129219,-10.265058142933627
LF,2023-06-17,0.35826995868068473,5.48375,7.470813341700518,17742.4755355005,6.1413241900812245,-9.055421516369982,1.1065152289169955,535.1954545454546,7.032476314188854,-15.03345679292702,6.795186718512201,6.1413241900812245,-9.055421516369982
LF,2023-06-18,0.3529918140645855,5.59375,7.633875023478584,17570.75635223099,7.455479989618744,-10.031839328384958,1.1296044600975834,548.8263157894737,7.6619980224651,-15.575218339742287,6.793726820801429,7.455479989618744,-10.031839328384958
LF,2023-06-19,0.4035322158114859,5.114583333333333,6.302285427018151,19177.522676301003,7.0543857887361,-10.057441315408733,0.9594848958605976,550.3217391304348,8.542985386064734,-21.337991655877246,7.702183474046333,7.0543857887361,-10.057441315408733
LF,2023-06-20,0.5297966247297019,5.435833333333333,4.157441964907319,22950.520407475153,7.818396704356953,-5.756668490766172,0.6957919835660115,518.1277777777777,3.044981129307538,-9.057199900575256,1.9152835923410183,7.818396704356953,-5.756668490766172
LF,2023-06-21,0.5967594926392512,3.3941666666666666,3.4462111133114735,24833.349688138227,5.681219925954829,-12.242436364733807,0.5942811688186307,548.0478260869565,2.0342012754945142,-14.633523835070172,4.182234760590325,5.681219925954829,-12.242436364733807
LF,2023-06-22,0.611624751192186,3.529583333333333,3.3218327681562445,25238.448822202463,NA,-5.441879066890399,0.5728585033024353,532.2260869565217,2.6564692778228935,-19.212500739634898,4.5080020439499755,2.6564692778228935,-5.441879066890399
LF,2023-06-23,0.6391125464823779,3.7616666666666667,3.106230773869206,25980.964774375254,2.7113258769849775,-6.699131291962328,0.5498423152689149,544.7086956521739,5.53963310200486,-21.834643172856214,4.215569513337863,2.7113258769849775,-6.699131291962328
LF,2023-06-24,0.624890797835153,3.44375,3.214796174306996,25598.18142181414,5.089499325408423,-10.948756943943032,0.5652840450754741,553.4608695652174,4.680034030646642,-21.424852286570005,4.755021494489938,5.089499325408423,-10.948756943943032
LF,2023-06-25,0.6150925479330754,3.5625,3.291946175214085,25333.348694425084,4.145892700653035,-9.545531436172157,0.5760978035307059,551.695652173913,4.630974976413694,-21.66965293342379,4.792456697216415,4.145892700653035,-9.545531436172157
LF,2023-06-26,0.6610901884090764,3.47,2.955723646090248,26563.787949631438,4.524853342581156,-9.646432777235391,0.5307759660080204,549.0869565217391,4.872143459488496,-21.517997890854502,4.178022413853484,4.524853342581156,-9.646432777235391
LF,2023-06-27,0.7310192134727325,3.17375,2.5379599951916,28383.352603607873,4.298958577375128,-10.035095780312416,0.47136991211734913,551.4478260869565,4.428189322357292,-21.329253773438452,3.667961863397644,4.298958577375128,-10.035095780312416
LF,2023-06-28,0.7939601619061732,3.0091666666666668,2.2378550254837912,29972.030471027283,4.00253834403532,-9.911860678573538,0.4280641039161952,551.695652173913,4.6295125965298425,-21.98115773049038,3.400690406499074,4.00253834403532,-9.911860678573538
LF,2023-06-29,0.8367480933599786,3.06,2.065970627465219,31027.46232793726,4.6362428339397965,-9.808218538136003,0.40151957173740677,539.7217391304348,4.838914494584471,-22.030217980202828,3.2532497066096195,4.6362428339397965,-9.808218538136003
LF,2023-06-30,0.8665304855176883,3.0795833333333333,1.9592355389840561,31750.873342582752,4.742101327804567,-9.496441674140897,0.3851187344316646,550.3347826086956,5.253374438343504,-22.90947015662325,3.2277190796560897,4.742101327804567,-9.496441674140897
LF,2023-07-01,0.8918383638850584,3.0970833333333334,1.875526040686203,32358.96349424706,5.048462493157896,-9.44112771052846,0.3724540396357067,551.3869565217391,5.755284246572994,-23.488102128421698,3.1442969414621555,5.048462493157896,-9.44112771052846
LF,2023-07-02,0.9094840335520695,2.9656521739130435,1.8205986885206116,32779.480673380305,4.80746346535537,-9.824448932188895,0.36394501998153256,551.4869565217391,NA,NA,NA,4.80746346535537,-9.824448932188895
LF,2023-07-03,0.9189607012290975,2.9162500000000002,1.7921851454305764,33004.1788990378,4.857931998964157,-10.090056200050372,0.359588947902588,551.3260869565217,5.265971079491749,-22.740717120381223,2.957680578003107,4.857931998964157,-10.090056200050372
LF,2023-07-04,0.9168857330142236,2.9475000000000002,1.7983627545357346,32955.02677165683,4.782114190854226,-9.848348964904952,0.3605138020550839,551.7869565217392,5.188816058184608,-22.080822076104877,2.884629349697494,4.782114190854226,-9.848348964904952
LF,2023-07-05,0.8996416521153278,3.0595833333333333,1.8509382412196125,32545.23357078531,5.175747793287287,-9.732927914834644,0.3685890664993443,552.4521739130435,5.7072412683266265,-23.414335465965703,3.1497354264049764,5.175747793287287,-9.732927914834644
LF,2023-07-06,0.8757008509840322,3.0375,1.9281661094241458,31971.9393486392,4.924416669622452,-9.8483336992133,0.3806839429012822,552.9565217391305,5.331624226731342,-22.788643537453403,3.1945409194246386,4.924416669622452,-9.8483336992133
LF,2023-07-07,0.8514364301349002,2.9375,2.0120143304010893,31385.44871602069,3.947005051484521,-9.715238646770525,0.39244376979542495,540.1086956521739,3.123483389133618,-19.034345461096898,2.9523659574053776,3.947005051484521,-9.715238646770525
LF,2023-07-08,0.8222850061906701,3.2729166666666667,2.121300359296979,30673.023070069434,5.256536486765534,-9.377264692299017,0.4099397613011941,534.2695652173913,5.517093639513235,-23.1084765356209,3.6019124545548715,5.256536486765534,-9.377264692299017
LF,2023-07-09,0.7869739265543445,3.2279166666666668,2.2671366103163395,29798.682706462594,4.41604940591183,-9.208500901624884,0.43137931123791723,553.6173913043478,4.682756643096888,-21.327464604357957,3.547698233176344,4.41604940591183,-9.208500901624884
LF,2023-07-10,0.7677334897158861,3.0979166666666664,2.3530771361253553,29317.145146224433,3.0123753109631655,-8.773194855848455,0.4420999262020119,549.8,1.834442896437212,-17.07146301199248,3.264627280735469,3.0123753109631655,-8.773194855848455
LF,2023-07-11,0.7421737334168363,3.535,2.4784111587960953,28669.33330157044,4.4527395610196034,-8.11397133746888,0.46160947253404655,550.2826086956521,5.287099825345217,-20.748840763287426,3.7104567518482368,4.4527395610196034,-8.11397133746888
LF,2023-07-12,0.6778527041005322,3.7600000000000002,2.84599790181505,27005.514003667664,4.938117684238923,-8.336190102767764,0.5146224650548212,554.2173913043479,5.102085034470167,-21.13900937241658,4.47916144754746,4.938117684238923,-8.336190102767764
LF,2023-07-13,0.6256577602071873,4.042916666666667,3.2089641426164195,25618.812550331608,5.657216433085539,-8.447427035876819,0.5651276548087429,554.2217391304348,6.286158295371137,-22.710715460394045,5.217656260278445,5.657216433085539,-8.447427035876819
LF,2023-07-14,0.614017512193958,3.6291666666666664,3.300319749009741,25304.332055601615,3.2418354229865276,-8.340673268235234,0.575224416163941,552.0043478260869,2.6738335011585987,-18.2238983281504,4.562119928727921,3.2418354229865276,-8.340673268235234
LF,2023-07-15,0.6211548593512561,3.978695652173913,3.2430347240532087,25497.754700428886,4.819714366212455,-8.001991358011688,0.5692443445621653,553.8304347826087,NA,NA,NA,4.819714366212455,-8.001991358011688
LF,2023-07-16,0.6193833091475169,3.6862500000000002,3.2571214794633123,25449.806036410508,4.091320859214078,-8.801327732911462,0.5702081220036804,552.4782608695652,4.054098626830587,-20.467293362449723,4.7903462720090095,4.091320859214078,-8.801327732911462
LF,2023-07-17,0.6078420388344055,4.087916666666667,3.351569327003814,25136.21693049698,6.131121970282981,-8.99006639374119,0.5860451404396243,556.7,7.123689417963049,-23.01741480375768,5.2592279804225,6.131121970282981,-8.99006639374119
LF,2023-07-18,0.5896151346396503,3.9870833333333335,3.5097478588525846,24637.025257296988,5.00536416110904,-8.726791431819896,0.6056441935909569,551.8304347826087,5.730010596558209,-21.972567634498738,5.350481391645055,5.00536416110904,-8.726791431819896
LF,2023-07-19,0.573068794018055,4.110833333333334,3.6644152134011154,24179.27026799864,5.560880555762449,-8.963297312634882,0.6285043134748689,557.4782608695652,6.783529935628494,-22.911548421689663,5.64826186162611,5.560880555762449,-8.963297312634882
LF,2023-07-20,0.5514365692206721,4.05875,3.8846813089064485,23573.846439948135,4.989993822179469,-9.081856060752932,0.6574171906645212,557.3,6.136381730503331,-22.432934136261487,5.865876962056845,4.989993822179469,-9.081856060752932
LF,2023-07-21,0.5280568268532069,4.140416666666667,4.148133891997762,22910.46964395413,5.126949614308888,-9.306142196605537,0.6927619890289884,558.1652173913044,6.656205639738117,-22.361518949073687,6.007958499053743,5.126949614308888,-9.306142196605537
LF,2023-07-22,0.5167571237570999,4.15875,4.285155173310715,22586.622121034627,5.165463802332085,-9.506177153565492,0.7096518958735452,557.295652173913,6.593881922803511,-22.4103045595419,6.131319195980952,5.165463802332085,-9.506177153565492
LF,2023-07-23,0.5198103352701187,3.606666666666667,4.247274006005947,22674.40212566473,2.300170036195728,-9.248031173666016,0.6980495760100928,550.6304347826087,2.087159861823739,-18.97833767217018,5.779367747109323,2.300170036195728,-9.248031173666016
LF,2023-07-24,0.4956432203156506,4.262083333333333,4.569548712169166,21972.884758257893,4.972928804717081,-9.321079377528456,0.7454807433571209,557.908695652174,5.852238136149911,-21.596507162998645,6.659286802987544,4.972928804717081,-9.321079377528456
LF,2023-07-25,0.4546971876699761,4.4325,5.207020209621883,20759.395178108498,5.442642123657188,-10.03039827957366,0.8244200253887553,557.2521739130435,6.145893759047263,-21.31302073634995,7.2627380861841875,5.442642123657188,-10.03039827957366
LF,2023-07-26,0.4256350058812771,4.34625,5.749634039704698,19876.43734279838,5.493371506806439,-11.230569085096764,0.8904480625356426,556.7913043478261,5.556586086546131,-20.40237740004149,7.642617794778402,5.493371506806439,-11.230569085096764
LF,2023-07-27,0.4290060384767032,4.671666666666667,5.681829671055441,19979.916395484346,6.034405158335904,-10.230802156034825,0.8817651057490759,554.8739130434783,6.95051563452068,-22.21112155844188,7.930772325574866,6.034405158335904,-10.230802156034825
LF,2023-07-28,0.4539382592466897,4.19375,5.217159251691327,20737.275359820953,4.926893380062668,-10.588457024865706,0.8244893150392413,555.7478260869565,5.768641670186691,-21.520506156757943,6.965794409644709,4.926893380062668,-10.588457024865706
LF,2023-07-29,0.47778853205502425,4.465217391304348,4.8266267968746375,21449.167041029355,6.296658659050945,-10.098271092390192,0.7788679251425003,555.3,NA,NA,NA,6.296658659050945,-10.098271092390192
LF,2023-07-30,0.48516992267837145,4.656086956521739,4.7146575172101555,21667.242258490292,7.381491623461581,-10.118423005313709,0.7668653613090803,556.1863636363637,NA,NA,NA,7.381491623461581,-10.118423005313709
LF,2023-07-31,0.49789538400423133,4.445416666666667,4.5345469243689,22039.679379314504,6.953669582721189,-10.379708845949953,0.7410398323988648,553.7590909090909,7.20208008631771,-22.52111754619287,6.574221440163566,6.953669582721189,-10.379708845949953
LF,2023-08-01,0.5187989540054199,4.4158333333333335,4.26010355513982,22645.2370398315,6.788137416822614,-9.83286370717374,0.7083499357838865,559.491304347826,8.615062993948762,-24.216451075309628,6.306787132932513,6.788137416822614,-9.83286370717374
LF,2023-08-02,0.5208833068872893,4.257916666666667,4.2337724738758125,22705.309622853332,7.398672979882071,-11.157756060415537,0.704858585465709,558.491304347826,8.446142864226006,-24.24456592376192,6.322125647094971,7.398672979882071,-11.157756060415537
LF,2023-08-03,0.5285578011409717,4.2995833333333335,4.141673572247222,22924.953452405578,7.334121549673383,-10.710031469676393,0.6938995124993983,560.1086956521739,9.009777990329397,-24.65887849497397,6.0292088955927605,7.334121549673383,-10.710031469676393
LF,2023-08-04,0.5529678679967506,4.0825,3.869305419742555,23616.631169805372,6.980749354253132,-10.919280249847978,0.6532711523380507,549.9565217391304,6.220674214052469,-20.106169701776036,4.805763134104294,6.980749354253132,-10.919280249847978
LF,2023-08-05,0.5748507576666266,3.6958333333333333,3.6469231516364906,24228.8990939909,5.804647479284318,-11.243693950049494,0.6220389842555389,543.2434782608696,5.073369590410225,-20.459077559318523,4.879850016764282,5.804647479284318,-11.243693950049494
LF,2023-08-06,0.5774711209016355,4.133333333333334,3.6216543240560193,24301.702046904597,7.321206868302429,-10.509490501644164,0.6240534208165597,561.0304347826087,8.290307310553187,-23.63581791454993,5.265702904237778,7.321206868302429,-10.509490501644164
LF,2023-08-07,0.5761267086938009,3.915,3.6344456077288783,24264.417435385556,6.590490406757363,-10.872121662883464,0.6261552273402395,560.7181818181818,7.1493228839122365,-22.91262210697829,5.2174002921039815,6.590490406757363,-10.872121662883464
LF,2023-08-08,0.5789222618050791,3.908333333333333,3.607901630079257,24341.92516110587,6.303640310569863,-10.564235598370852,0.6225412636944166,560.8391304347826,6.84719246667264,-22.54993071011779,5.148049735638515,6.303640310569863,-10.564235598370852
LF,2023-08-09,0.5803515297063636,3.9491666666666667,3.5944649307431393,24381.49870058933,6.400429612763675,-10.432617720994465,0.6207760417376736,558.3086956521739,7.225163383475305,-23.1772783536773,5.314713432909664,6.400429612763675,-10.432617720994465
LF,2023-08-10,0.5844702164163519,4.007916666666667,3.556212268194949,24495.34872454832,6.169218433254091,-9.830857563884406,0.6154778691565891,559.1086956521739,7.215900850603849,-23.602396352481794,5.429818420763057,6.169218433254091,-9.830857563884406
LF,2023-08-11,0.5791425870274762,4.144583333333333,3.606264543923185,24347.85285154224,6.785380410078517,-9.8903322385698,0.6219420079862977,558.2272727272727,7.730622928585629,-23.789790085519034,5.626140149602217,6.785380410078517,-9.8903322385698
LF,2023-08-12,0.5544513592478025,4.253333333333333,3.853522579115449,23658.39624095357,7.055384886070634,-10.133305538948717,0.6554348798111216,558.4217391304348,8.119111763347501,-23.846539259786137,6.013147333597197,7.055384886070634,-10.133305538948717
LF,2023-08-13,0.5342330972526073,4.401666666666666,4.074823820441324,23086.970152312384,7.209726013015352,-9.989425818945255,0.6853016422365684,554.6478260869566,8.915022128066678,-24.874335128547877,6.431897855319408,7.209726013015352,-9.989425818945255
LF,2023-08-14,0.538226135288323,3.7575,4.029150598016948,23200.510196200594,4.291815419288302,-10.098660468231463,0.6749769101564694,554.8608695652174,3.650859269782573,-18.134235984171397,5.02672222455838,4.291815419288302,-10.098660468231463
LF,2023-08-15,0.5416345599643823,4.22625,3.9905881849605014,23297.283623915962,5.8716708729350575,-9.148688786677557,0.6693086736650442,554.3478260869565,6.7971270079489345,-22.833501942855396,6.048726705968816,5.8716708729350575,-9.148688786677557
LF,2023-08-16,0.5435213943988073,4.376666666666667,3.96971510144118,23350.69257343343,6.993132163168718,-9.259280798079386,0.6686509537353654,545.1478260869566,8.531367026525219,-24.030243609136168,5.96911511176431,6.993132163168718,-9.259280798079386
LF,2023-08-17,0.5497378777517071,4.1570833333333335,3.9018775675099877,23526.33080185448,6.3089046477123345,-9.5112617368108765,0.6579909185097493,555.0347826086957,6.54912387632859,-21.850717354732986,5.625641361583906,6.3089046477123345,-9.5112617368108765
LF,2023-08-18,0.5386259154382377,4.268695652173913,4.025454859942746,23211.580048870226,6.4564649549810875,-9.36977865786085,0.6753016678263575,556.1695652173913,NA,NA,NA,6.4564649549810875,-9.36977865786085
LF,2023-08-19,0.5211081622621669,4.389166666666666,4.231191460785741,22711.70796984969,6.9731764070012066,-9.682859034983352,0.7050158749441564,557.9695652173913,8.493589863528774,-23.559223651884864,6.174723538333045,6.9731764070012066,-9.682859034983352
LF,2023-08-20,0.5227416543604478,4.310434782608696,4.211196310443146,22758.584980210966,6.801593521101508,-9.851813956730876,0.7002588296023821,555.3304347826087,NA,NA,NA,6.801593521101508,-9.851813956730876
LF,2023-08-21,0.5228001513897403,4.568333333333333,4.210518999150938,22760.251471637846,7.905355764821304,-9.728200103766518,0.701777131514054,557.4869565217391,9.454972200514913,-23.992405392672204,6.257883511736053,7.905355764821304,-9.728200103766518
LF,2023-08-22,0.5071470853379756,4.53875,4.409779919155483,22308.67814462719,7.248228256256114,-9.6206687754760285,0.725443742328735,555.9739130434783,8.44266755206517,-22.87025537372861,6.297875721897995,7.248228256256114,-9.6206687754760285
LF,2023-08-23,0.48466261859671156,4.601666666666667,4.723703384376684,21651.887747638608,7.821696358502288,-10.456487846409834,0.7671479112919583,557.1826086956522,8.929080078217524,-22.909895173746097,6.530098805680355,7.821696358502288,-10.456487846409834
LF,2023-08-24,0.4641791360974637,4.598333333333334,5.042019435556193,21044.780545720943,7.919934527234211,-11.10297844872636,0.8072980247536916,557.2478260869565,9.257811804387371,-23.88986083030736,7.0635980673992025,7.919934527234211,-11.10297844872636
LF,2023-08-25,0.45504099893793837,4.5529166666666665,5.195181684167383,20771.12146851235,8.05786449026482,-11.690018415989757,0.8257568515324448,557.1608695652174,8.376464112667227,-23.09128895079503,7.342358979126613,8.05786449026482,-11.690018415989757
LF,2023-08-26,0.4594324821406769,4.721304347826087,5.120639350646338,20902.86129265646,8.019797705407148,-10.7479255842844,0.8180440184189545,557.9043478260869,NA,NA,NA,8.019797705407148,-10.7479255842844
LF,2023-08-27,0.4749047233171931,4.567916666666666,4.870398104562883,21363.958550203373,7.667734312768269,-10.68190953853615,0.7857594694447062,557.591304347826,8.531714676009896,-23.65276208896624,7.119374269360335,7.667734312768269,-10.68190953853615
LF,2023-08-28,0.4911057960431914,4.754583333333334,4.629498419378887,21841.291019333396,8.216778055199377,-9.925368400456804,0.7582057739545459,551.790909090909,9.061867020200433,-23.29103650370018,6.5480676295633735,8.216778055199377,-9.925368400456804
LF,2023-08-29,0.566985638492582,4.160416666666666,3.759121888595876,23996.533473213738,8.691121754647693,-11.436246611532416,0.6414656684570428,550.9434782608696,10.06233007333727,-27.88155568924089,6.131819965297455,8.691121754647693,-11.436246611532416
LF,2023-08-30,0.7498961712903188,3.91375,2.4642600509798216,28848.900701046347,7.411857717891425,-8.077337414596645,0.47164779430343406,540.9071428571428,2.0250541612271697,-8.273427209937461,1.1860043491012515,7.411857717891425,-8.077337414596645
LF,2023-08-31,0.8108869235316633,3.1479166666666667,2.1692301952646837,30390.139713288594,7.365071339087919,-11.657693312461411,0.4170919292093854,555.0173913043478,6.063153019927223,-22.198245957254667,3.545613720227935,7.365071339087919,-11.657693312461411
LF,2023-09-01,0.6506850093689882,3.5408333333333335,3.06344127152349,26269.19690301338,4.350925135071737,-8.882650725825686,0.5429852948318111,549.0608695652173,4.004275228209749,-18.64268975278085,4.3110196566167165,4.350925135071737,-8.882650725825686
LF,2023-09-02,0.5245131476406276,4.04375,4.196885406442886,22806.999276918115,4.934722418727813,-9.302455740958,0.6945169869404274,553.0217391304348,6.499766303394813,-23.6394202017927,6.474837819319385,4.934722418727813,-9.302455740958
LF,2023-09-03,0.5320774512275542,4.05375,4.103705174220698,23024.27058468281,5.722177447722228,-9.80790217999052,0.6837125237768792,553.2608695652174,7.125016877708426,-24.192766708258485,6.073299893638691,5.722177447722228,-9.80790217999052
LF,2023-09-04,0.5859535838871072,3.8629166666666666,3.5489265980016675,24533.69724986093,5.9399769553539725,-9.832035959984774,0.6102889345175746,552.8913043478261,7.184084697890686,-23.888609783877406,5.235657072381713,5.9399769553539725,-9.832035959984774
LF,2023-09-05,0.6451006556896736,3.8029166666666665,3.06567789944746,26139.5786893603,5.758757857828331,-8.886235952052369,0.543475113568891,551.6086956521739,7.548119436751298,-25.226552844751367,4.918099854591412,5.758757857828331,-8.886235952052369
LF,2023-09-06,0.6816209566813468,3.5945833333333335,2.817823464755678,27106.820766247794,5.448209387306121,-9.046464169917623,0.510649099020234,553.4608695652174,6.556244481156842,-24.0927488871615,4.484920834583167,5.448209387306121,-9.046464169917623
LF,2023-09-07,0.696289567333067,3.4270833333333335,2.7282413892826027,27489.86154097219,5.099406781098227,-9.367512607468212,0.49799783576127327,553.7782608695652,6.139766957135445,-24.699688779216142,4.506918027778627,5.099406781098227,-9.367512607468212
LF,2023-09-08,0.7080622523747898,3.4679166666666665,2.6598147272356525,27795.229016775967,5.7556601439920705,-9.646721453185943,0.4869481647702151,552.1739130434783,6.519035679413878,-23.557434918418508,4.155453547586932,5.7556601439920705,-9.646721453185943
LF,2023-09-09,0.7215680716208812,3.4008333333333334,2.5848054164081797,28143.395586766295,5.089615148397795,-9.15492278362806,0.47553633579997334,551.4608695652174,5.578350601847992,-22.45020298811793,3.964750281403981,5.089615148397795,-9.15492278362806
LF,2023-09-10,0.7288690574208199,3.411304347826087,2.5455808336706123,28330.76404158418,5.14067766757902,-9.037126973277957,0.47071547149811516,552.3391304347826,NA,NA,NA,5.14067766757902,-9.037126973277957
LF,2023-09-11,0.7238528807500799,3.4870833333333335,2.572344607416333,28202.15158783201,5.650212776854472,-9.194198667850374,0.4758945240867164,553.3565217391305,6.497936007248813,-25.26639942238179,4.5473859238380685,5.650212776854472,-9.194198667850374
LF,2023-09-12,0.7226527721296987,3.4695833333333335,2.578804053504454,28171.344756451108,5.195287162603347,-8.861645172185948,0.475925450784251,552.0739130434782,6.695991652704024,-26.441288102433138,4.6978677858139095,5.195287162603347,-8.861645172185948
LF,2023-09-13,0.7207466604070076,3.4629166666666666,2.5891620607594183,28122.351287644724,5.776596375927185,-9.497739951646375,0.47813188848473254,551.9608695652174,7.068736198259034,-25.648538127422277,4.460646850232883,5.776596375927185,-9.497739951646375
LF,2023-09-14,0.7177602088181662,3.4320833333333334,2.6054785055563885,28045.53329913966,5.648344291015994,-9.575410309973709,0.4806565728384301,552.4782608695652,6.461152989199367,-25.44706566991738,4.573389917957361,5.648344291015994,-9.575410309973709
LF,2023-09-15,0.7204044616578359,2.6863636363636365,2.591005593490786,28113.56587880753,1.0659807870270357,-9.05123328267874,0.47418756288042524,547.87,NA,NA,NA,1.0659807870270357,-9.05123328267874
LF,2023-09-27,0.5624123852039835,4.23,3.7724741783100604,23881.200088610025,6.0595152136261214,-8.838232146155452,0.6529479877026171,550.5833333333334,NA,NA,NA,6.0595152136261214,-8.838232146155452
LF,2023-09-28,0.5115682173753128,3.882083333333333,4.356144979041422,22435.40600040961,3.54421061307498,-8.972027839381456,0.7110095561124736,547.5695652173913,3.904496287375619,-20.876430585944828,6.424279257514135,3.54421061307498,-8.972027839381456
LF,2023-09-29,0.49324222053806244,4.039166666666667,4.59847389556872,21904.040997816453,3.994241308486867,-9.084288492321978,0.7424391419856481,547.7217391304348,4.7858926551021,-22.255307259781137,6.821024659191019,3.994241308486867,-9.084288492321978
LF,2023-09-30,0.4994936984126574,3.9416666666666664,4.51139144061773,22086.615836484605,4.009151976711604,-9.39798668085194,0.7321368533418904,548.7217391304348,4.528679079348113,-21.403116308661023,6.500770796871718,4.009151976711604,-9.39798668085194
LF,2023-10-01,0.47488537405831915,3.865,4.875910034274621,21362.035926393713,3.01635102300562,-9.372817490111352,0.7754086135268511,549.4391304347826,3.4278208903252616,-20.244240169992835,6.8761546153635456,3.01635102300562,-9.372817490111352
LF,2023-10-02,0.4377392898150878,4.181666666666667,5.513822528755603,20246.363294551742,3.4107309191553816,-9.29282335058765,0.8527167885689916,549.804347826087,4.160410913060978,-20.96510797025246,7.823704020377075,3.4107309191553816,-9.29282335058765
LF,2023-10-03,0.42301513549980135,4.223478260869565,5.802217561245368,19796.035525894367,3.556730985132012,-9.6609711870791,0.8864067520283736,550.3652173913043,NA,NA,NA,3.556730985132012,-9.6609711870791
LF,2023-10-04,0.43202996880801575,4.172916666666667,5.6211964410856785,20072.7016303937,3.7212064372687825,-9.773485162718318,0.8668021297345205,551.0521739130435,4.545806431191466,-21.54084526734087,7.760640670304271,3.7212064372687825,-9.773485162718318
LF,2023-10-05,0.4526595862450648,4.01125,5.238390564902771,20699.02777458407,3.421502911800079,-9.638140458747714,0.8210010747789751,551.395652173913,3.891674372658374,-21.43477097115384,7.389679254551989,3.421502911800079,-9.638140458747714
LF,2023-10-06,0.46696768819139867,4.022916666666667,4.995718778526335,21128.185180667806,3.6285702532844057,-9.429226086302297,0.7915030053925074,551.4826086956522,4.211797774830968,-21.46591866525927,7.131962790437473,3.6285702532844057,-9.429226086302297
LF,2023-10-07,0.4442155023818759,4.08875,5.405403274281206,20440.40777016197,3.3102840381214365,-9.44768907105146,0.8391101974803769,550.6347826086957,2.921952369086707,-18.71388000882809,7.487119330241184,3.3102840381214365,-9.44768907105146
LF,2023-10-08,0.3792257208355558,4.99,6.867367413273074,18417.538996264455,3.766591649203972,-8.109367194828826,0.9942033293435425,541.8304347826087,3.0817732150511308,-14.616706206106478,7.792339550633677,3.766591649203972,-8.109367194828826
LF,2023-10-09,0.36619672096660955,5.04375,7.22767115077113,18000.09175166243,3.312087667852864,-7.896529833123382,1.029959543446752,540.0130434782609,3.1379746286517634,-14.942616357353774,7.764787338892658,3.312087667852864,-7.896529833123382
LF,2023-10-10,0.39350064777032734,4.868333333333333,6.477803533632594,18874.15563088934,3.186572813950839,-7.532208184246455,0.9515112350223116,543.6565217391304,4.0460632772022285,-17.97978036843419,7.8075194877239475,3.186572813950839,-7.532208184246455
LF,2023-10-11,0.46532551797042,3.8265217391304347,5.073750698514256,21066.43030727,1.808129926775843,-8.668911438363015,0.7915274257910134,545.3739130434783,NA,NA,NA,1.808129926775843,-8.668911438363015
LF,2023-10-12,0.6024978200273443,3.14625,3.4150995592135365,24982.587289488052,0.9575071518314509,-8.185217569893199,0.590889102082134,546.5478260869565,3.5306527979068187,-21.852487435540805,4.488562778055173,0.9575071518314509,-8.185217569893199
LF,2023-10-13,0.6132778120328358,3.3578260869565217,3.314272964379181,25280.762402303382,4.453157768583039,-10.432746684851624,0.5777424952801025,556.604347826087,NA,NA,NA,4.453157768583039,-10.432746684851624
LF,2023-10-14,0.5305421057597132,3.70625,4.123913029771344,22979.731333422245,3.2786061386444185,-9.145194258164596,0.6808345346775233,552.7608695652174,3.3240555701227383,-20.162110348107863,5.992912327323801,3.2786061386444185,-9.145194258164596
LF,2023-10-15,0.4954240930313842,4.1154166666666665,4.573461250427918,21966.24835155994,3.592567921513617,-8.364665159049535,0.7322506836546446,548.6652173913044,3.5060951635411786,-19.28840952407924,6.656627120685632,3.592567921513617,-8.364665159049535
LF,2023-10-16,0.4318970855075514,4.740833333333334,5.647155378118175,20063.73615370373,3.450783584535805,-7.198202674152561,0.8530480245846891,542.991304347826,3.42142941489146,-16.88953311461081,7.648231283874312,3.450783584535805,-7.198202674152561
LF,2023-10-17,0.3971007123691373,5.005833333333333,6.3883791994001164,18987.872496635777,3.0520084876564404,-6.761796368210598,0.9332501790825102,539.6347826086957,3.829383858356613,-17.064336428538564,7.895535282543942,3.0520084876564404,-6.761796368210598
LF,2023-10-18,0.4325402561882613,4.674166666666666,5.619391658064296,20086.57879994624,2.807081133398448,-6.825937443369417,0.8469788670828587,541.7521739130435,3.903573476199419,-19.708112087446427,7.885856904280104,2.807081133398448,-6.825937443369417
LF,2023-10-19,0.47120697881323836,4.507916666666667,4.931817340742176,21253.34291707342,2.8381710362995656,-6.466376767908812,0.7704568347748889,544.8217391304348,4.066781020566079,-19.886411516801015,6.952935535523384,2.8381710362995656,-6.466376767908812
LF,2023-10-20,0.5165746474467293,4.096666666666667,4.293177159121239,22579.600000351355,2.6268760543570835,-7.011575395620129,0.6941854913802931,546.9478260869565,3.8975900351332746,-20.648258849386984,5.933095294062583,2.6268760543570835,-7.011575395620129
LF,2023-10-21,0.5365367836284609,3.8775,4.048402003777646,23152.498782753704,3.2043727849222745,-8.15509826798125,0.6665646559547892,550.7217391304348,3.0480295013334264,-18.631488970929173,5.672033553534756,3.2043727849222745,-8.15509826798125
LF,2023-10-22,0.5119030784293936,4.297083333333333,4.3505206422543905,22445.496860140505,2.9297274249995953,-6.479125413332703,0.7022143378328242,548.7217391304348,3.685552837618568,-19.82604691116509,6.3891443298551245,2.9297274249995953,-6.479125413332703
LF,2023-10-23,0.4743754970188742,4.2683333333333335,4.8819721280584565,21347.406805133884,3.71083493189337,-8.295373923442543,0.7706941821658179,550.5217391304348,3.571695677809836,-19.59437775760253,7.122701508755394,3.71083493189337,-8.295373923442543
LF,2023-10-24,0.44808175955819496,4.297916666666667,5.318426042569159,20561.147421976413,2.9475012102172484,-8.078614848901998,0.8238122824707096,550.4782608695652,3.4267972127684447,-20.3037399437809,7.713276483172712,2.9475012102172484,-8.078614848901998
LF,2023-10-25,0.4506587203178842,4.160416666666666,5.272766069259872,20638.904027498706,3.1402974688922214,-8.794666124042728,0.8201465845601316,533.45,3.7096572181311682,-21.141900671706765,7.509859505574953,3.1402974688922214,-8.794666124042728
LF,2023-10-26,0.4751484676900878,4.077916666666667,4.8698005108090605,21370.355900565606,4.2402869445890365,-9.616381245782357,0.7730973078823636,519.091304347826,4.601330630929871,-21.97451163823788,7.0964516702182445,4.2402869445890365,-9.616381245782357
LF,2023-10-27,0.5006406276468744,4.005416666666667,4.496321904681501,22119.85035972805,3.8931759660374703,-9.008553548317684,0.7252159238559831,523.7869565217392,4.293142485827687,-21.432276291783715,6.626308633539313,3.8931759660374703,-9.008553548317684
LF,2023-10-28,0.5031369447693383,3.9633333333333334,4.462034257385537,22192.61662746521,3.411310691680314,-8.669253346994143,0.7211969649948877,474.20454545454544,4.1728765461968536,-21.383584025055164,6.5601402010112935,3.411310691680314,-8.669253346994143
LF,2023-10-29,0.5019609601779863,3.9341666666666666,4.47791785835759,22158.415001963327,3.4645015392021468,-8.88552183771153,0.7232310063361672,482.3391304347826,4.048184580409208,-21.448519385292684,6.597620954035153,3.4645015392021468,-8.88552183771153
LF,2023-10-30,0.5158558823943695,3.84,4.2970021357595725,22560.50511764933,3.2124173727734813,-8.76217863974487,0.7000358492604868,519.7142857142857,3.929441616362695,-21.38317637996482,6.24298467794516,3.2124173727734813,-8.76217863974487
LF,2023-10-31,0.5016600708515017,3.7608333333333333,4.500366770681011,22144.455055665952,2.88847545304096,-9.13297792165997,0.7257231500009604,492.8727272727273,3.173720006669201,-18.964808371291493,6.112637226070899,2.88847545304096,-9.13297792165997
LF,2023-11-01,0.37691866318103967,4.4555,7.106123376679968,18317.443292918026,2.0349598138397877,-8.912941116554515,1.002639123752139,496.9782608695652,NA,NA,NA,2.0349598138397877,-8.912941116554515
LF,2023-11-02,0.25830785595821526,5.015789473684211,12.328199110525052,14297.625943073532,0.23456292010144608,-9.685983851154177,1.5088719944518367,511.795652173913,NA,NA,NA,0.23456292010144608,-9.685983851154177
LF,2023-11-03,0.26038001058510196,3.980909090909091,12.140577441100767,14375.996444335946,3.3867700813133346,-16.669989081979438,1.5301652285715495,496.4086956521739,NA,NA,NA,3.3867700813133346,-16.669989081979438
LF,2023-11-04,0.29729470202914526,4.678947368421053,9.917246400479383,15689.658771181696,2.483185176017821,-11.38582736878685,1.3081589378705571,509.0526315789474,NA,NA,NA,2.483185176017821,-11.38582736878685
LF,2023-11-05,0.3263700368460256,4.944090909090909,8.600828595334397,16685.553855935028,2.068863514489383,-8.682703301108553,1.1675227644518877,537.4565217391304,NA,NA,NA,2.068863514489383,-8.682703301108553
LF,2023-11-06,0.34741897970318764,4.936521739130435,7.819808064510725,17387.535975280836,2.6233568664723896,-8.407800842558066,1.087814135193631,538.0260869565218,NA,NA,NA,2.6233568664723896,-8.407800842558066
LF,2023-11-07,0.3587281650662861,4.835909090909091,7.448910841396584,17758.486228246715,2.694314275709583,-8.393124273818472,1.049930508438265,538.7695652173913,NA,NA,NA,2.694314275709583,-8.393124273818472
LF,2023-11-08,0.38054995456576407,4.6276190476190475,6.816417584910623,18462.26940151615,2.127645027509705,-7.914106658281031,0.9789354488593458,538.6478260869566,NA,NA,NA,2.127645027509705,-7.914106658281031
LF,2023-11-09,0.412072949234123,4.3122727272727275,6.041654371271461,19456.296180884226,2.934475696752436,-8.966180609312747,0.9013982802095293,543.9695652173913,NA,NA,NA,2.934475696752436,-8.966180609312747
LF,2023-11-10,0.42785436022217316,4.182916666666666,5.7032857667314305,19944.91805733361,3.6106937133476418,-9.655985179048129,0.870509512201855,547.5173913043478,3.7899074620085775,-20.500964235628626,7.865149335602367,3.6106937133476418,-9.655985179048129
LF,2023-11-11,0.40094778728204983,4.121739130434783,6.311260777857421,19106.1373109477,3.2708521008084848,-10.36721143806741,0.9446805769578361,549.0130434782609,NA,NA,NA,3.2708521008084848,-10.36721143806741
LF,2023-11-12,0.3346351698871727,4.257,8.342624864667055,16955.40996838173,1.7578903458912332,-10.623802271892629,1.1517230623455614,541.7608695652174,NA,NA,NA,1.7578903458912332,-10.623802271892629
LF,2023-11-13,0.26396843166511813,4.698888888888889,11.947745238016246,14502.141141125496,1.030598556396628,-11.248060695358456,1.496691636014633,535.6347826086957,NA,NA,NA,1.030598556396628,-11.248060695358456
LF,2023-11-14,0.24190710100188642,3.645,13.536667422115654,13697.729333619463,NA,NA,1.6988609535417505,532.9956521739131,NA,NA,NA,NA,NA
LF,2023-11-15,0.2946125945652238,4.15,10.11158658815962,15591.221861834127,4.179960593495723,-14.798190562539371,1.3042760012781505,538.5304347826087,2.4305454139009983,-13.636638657868728,7.294207468314171,4.179960593495723,-14.798190562539371
LF,2023-11-16,0.3101912153529586,4.052083333333333,9.2856511667506485,16136.251776720983,1.587793257401559,-12.203547507006776,1.257875753951194,540.1565217391304,1.2016414448179582,-12.444715487729296,7.27419807230775,1.587793257401559,-12.203547507006776
LF,2023-11-17,0.29848684726142954,4.475833333333333,9.838263721965161,15732.876589489224,2.7296980326661493,-12.10187210354107,1.3199014075092523,543.1391304347826,2.4995655160947843,-12.75926692325376,7.368971890052744,2.7296980326661493,-12.10187210354107
LF,2023-11-18,0.3002895599352046,4.586666666666667,9.755629178321605,15794.783512351481,2.559931053089972,-11.389356495632091,1.3154355712601524,544.9695652173913,2.1550624596385615,-11.58928505161931,7.256349265347778,2.559931053089972,-11.389356495632091
LF,2023-11-19,0.2790007655268565,4.898695652173913,10.899323976770967,15048.251499737997,1.7818322522703385,-10.50175883302238,1.4103020463297782,537.1869565217391,NA,NA,NA,1.7818322522703385,-10.50175883302238
LF,2023-11-20,0.2950845879642796,4.828571428571428,10.050777709882768,15610.756317425798,2.082177923382765,-10.369356561846145,1.3251808097536657,538.4956521739131,NA,NA,NA,2.082177923382765,-10.369356561846145
LF,2023-11-21,0.3517717578936352,4.5495833333333335,7.703949374470202,17526.715924501892,3.0975622279027792,-10.050358465442796,1.0946588534884265,545.704347826087,2.811835303824926,-15.529292706321572,7.150583535834646,3.0975622279027792,-10.050358465442796
LF,2023-11-22,0.37247543672607536,4.193333333333333,7.0376369721160765,18203.820083732317,2.941202043701037,-10.697515123012517,1.0182701475521467,544.2391304347826,1.600776083841824,-13.7210541893185,7.27142262462535,2.941202043701037,-10.697515123012517
LF,2023-11-23,0.32385524652629866,5.1382352941176475,8.756183678936821,16594.63693477088,0.9272758145887716,-6.91113968925772,1.1495369630861376,525.3913043478261,NA,NA,NA,0.9272758145887716,-6.91113968925772
LF,2023-11-24,0.2743900874454764,4.962777777777777,11.195085348657862,14882.57627915184,1.0129915260930735,-9.896828738609234,1.400918951807357,525.9434782608696,NA,NA,NA,1.0129915260930735,-9.896828738609234
LF,2023-11-25,0.2669607605854969,4.964705882352941,11.65801114761607,14616.759074185607,0.939721549152931,-10.178224140712317,1.4541353652791535,526.5478260869565,NA,NA,NA,0.939721549152931,-10.178224140712317
LF,2023-11-26,0.30731318669795715,4.3725,9.459235223416451,16033.307094889857,1.7177667130188845,-11.402718047099372,1.2492036762041545,522.0043478260869,1.4113684535191766,-12.716752502536526,7.1893264158807835,1.7177667130188845,-11.402718047099372
LF,2023-11-27,0.3327767049622306,4.667894736842105,8.353473655737481,16900.397471635573,1.7681777246487218,-9.26413830995315,1.1316671630250883,528.9565217391304,NA,NA,NA,1.7681777246487218,-9.26413830995315
LF,2023-11-28,0.26996350389759993,5.606,11.594136461354811,14711.685681964871,0.19418467990737084,-6.945272737279698,1.3744734492838522,500.4478260869565,NA,NA,NA,0.19418467990737084,-6.945272737279698
LF,2023-11-29,0.2150241510306602,5.914285714285715,14.029852675453904,12674.846017488462,0.2817060686591602,-7.355754028064755,1.5469362615087792,459,NA,NA,NA,0.2817060686591602,-7.355754028064755
LF,2023-11-30,0.24684167387166236,5.512,12.854925057140829,13870.366465662564,NA,-8.08524807066645,1.4913063286169737,465.88260869565215,NA,NA,NA,NA,-8.08524807066645
LF,2023-12-01,0.3276752894655828,4.570476190476191,8.617317800485662,16721.751915965513,0.8734844211408707,-8.962312289605775,1.1732788344152918,478.4826086956522,NA,NA,NA,0.8734844211408707,-8.962312289605775
LF,2023-12-02,0.37659014090197457,4.251666666666667,6.923602133000965,18335.740342317724,2.2964978475949125,-9.63581179468176,1.0079702643604067,487.3478260869565,2.964470274278903,-16.96246588335863,7.207306927741094,2.2964978475949125,-9.63581179468176
LF,2023-12-03,0.3784491821714548,3.7429166666666664,6.869805601942854,18395.693777116005,1.1101849884226258,-10.525082698747354,1.0047994411769325,485.81739130434784,1.5585978228726458,-15.725854792909864,6.945743180377097,1.1101849884226258,-10.525082698747354
LF,2023-12-04,0.34895666347881854,4.5495833333333335,7.780179241744797,17436.552105860017,2.4929456134927577,-9.634657490496494,1.0955897663869427,489.23478260869564,2.281109336814585,-12.429635586146514,6.719158915710545,2.4929456134927577,-9.634657490496494
LF,2023-12-05,0.30986607408914624,5.010555555555555,9.317693973785868,16123.333377972443,1.4420241525095174,-8.510583649809723,1.218195116827263,479.32608695652175,NA,NA,NA,1.4420241525095174,-8.510583649809723
LF,2023-12-06,0.28631175174887175,5.105,10.478942458216727,15307.052946106698,0.9675172657611004,-8.879789296455924,1.317153246941867,499.7608695652174,NA,NA,NA,0.9675172657611004,-8.879789296455924
LF,2023-12-07,0.32202002890008474,5.25,8.857327787802118,16529.761002798914,1.3516922855282638,-7.351721852719717,1.1540486914510988,516.3,NA,NA,NA,1.3516922855282638,-7.351721852719717
LF,2023-12-08,0.41960460181180037,4.2255,5.932426471740503,19679.325927119444,2.3122990149713853,-8.780509847894148,0.8701409169167614,539.3913043478261,NA,NA,NA,2.3122990149713853,-8.780509847894148
LF,2023-12-09,0.5004187861767951,3.827916666666667,4.510287488906627,22110.222046853232,4.885579855993856,-10.761373517126406,0.7168258704259947,548.2260869565217,4.382130174182361,-21.18037377629583,5.9837659619266805,4.885579855993856,-10.761373517126406
LF,2023-12-10,0.5556286678951308,3.3316666666666666,3.8407912946525786,23691.6231662252,4.967872591414781,-12.046222812131491,0.6319639491313649,539.9521739130435,4.24331385908389,-22.363755107273334,5.376423052010232,4.967872591414781,-12.046222812131491
LF,2023-12-11,0.5159201115787839,4.129166666666666,4.315578164150837,22556.448604976915,5.053232980387906,-9.454718399557,0.6749762156031862,534.704347826087,2.3651978941924603,-16.44881913026037,6.278069479529563,5.053232980387906,-9.454718399557
LF,2023-12-12,0.4221270857049294,4.685,5.851329690966041,19762.427450976087,1.618133535643609,-5.985082236969107,0.8439790464695164,533.2217391304348,NA,NA,NA,1.618133535643609,-5.985082236969107
LF,2023-12-13,0.3771312189409897,4.552777777777778,6.910398503309661,18352.797609271518,1.1615780431033826,-7.508166273532439,0.9693917709476834,536.5478260869565,NA,NA,NA,1.1615780431033826,-7.508166273532439
LF,2023-12-14,0.36871518513188967,4.6145,7.147464033406114,18082.395125758416,1.4656176877254663,-7.864617127162952,0.997696489509401,535.5652173913044,NA,NA,NA,1.4656176877254663,-7.864617127162952
LF,2023-12-15,0.4212022879820778,4.2715,5.876916536660753,19732.731227254368,2.294732602992152,-8.51111907381573,0.8633157569506711,537.5826086956522,NA,NA,NA,2.294732602992152,-8.51111907381573
LF,2023-12-16,0.5603887225917039,3.6470833333333332,3.865379126644344,23798.256594135666,NA,-4.932871900856941,0.6243312339426684,531.3695652173913,NA,NA,NA,NA,-4.932871900856941
LF,2023-12-17,0.7285187308118631,3.956111111111111,2.558111897244718,28314.950147494223,0.7676090821837915,-1.6368680438054908,0.4472216204129629,494.96999999999997,NA,NA,NA,0.7676090821837915,-1.6368680438054908
LF,2023-12-18,0.7306460223760265,3.4699999999999998,2.5412218560307385,28372.969001326557,2.488717601394495,-6.014287431578033,0.4554312923163159,547.1173913043478,1.3714845547616346,-16.139791459482527,3.691278194372212,2.488717601394495,-6.014287431578033
LF,2023-12-19,0.6626724800079495,4.0725,2.940920993556637,26607.86148462289,2.679987191736928,-4.171750637533243,0.5057746907598037,540.0043478260869,1.7722113242072597,-16.44785958898283,4.374980695864983,2.679987191736928,-4.171750637533243
LF,2023-12-20,0.7161080200214069,4.062916666666666,2.622978515188538,27997.648218050086,2.0158384579945494,-2.62501884666477,0.46226776485936205,537.4173913043478,1.9846670780719389,-15.220099843624183,3.226666260327768,2.0158384579945494,-2.62501884666477
LF,2023-12-21,0.841022695046106,3.57875,2.057285022610591,31125.38031386597,2.137577368901731,-3.500084488758767,0.3858446510327101,540.1260869565217,1.7344401817082016,-14.467678053546887,2.416726319272825,2.137577368901731,-3.500084488758767
LF,2023-12-22,0.9652942478677653,3.214166666666667,1.6674264004220054,34086.62468050374,2.451377598511887,-4.48792909937631,0.3287787198218328,541.8478260869565,2.128961800739194,-15.731468425292292,2.1773227547303633,2.451377598511887,-4.48792909937631
LF,2023-12-23,1.0673318328406023,2.970833333333333,1.475912777901939,36422.5232508742,1.6708429167191123,-4.559841436653884,0.30183988581523286,542.6869565217391,1.6320828091592503,-14.791074695073496,1.9155294673090897,1.6708429167191123,-4.559841436653884
LF,2023-12-24,1.1448499021491467,2.970833333333333,1.468758246400653,38145.19860609379,1.6661349060111217,-4.9017938176190174,0.3078298723265599,542.3130434782609,2.1283592513683893,-15.161329465027196,1.6258201598692408,1.6661349060111217,-4.9017938176190174
LF,2023-12-25,1.2199900096799439,2.4495833333333334,1.468758246400653,39776.863224458975,1.038180203314829,-8.3956272991831,0.31613318259601175,541.2521739130435,1.2430108126468165,-13.992169054361831,1.418660222250437,1.038180203314829,-8.3956272991831
LF,2023-12-26,1.2785266606353056,2.26875,1.468758246400653,41025.287993486316,0.9209856435692492,-10.031862393511654,0.3223893517452831,542.7434782608696,0.7377646355999681,-13.559423667371114,1.4569444385332455,0.9209856435692492,-10.031862393511654
LF,2023-12-27,1.2955436656475088,2.95125,1.468758246400653,41384.581357434115,2.7061081648217327,-6.882610832471298,0.3200989127549025,538.704347826087,1.668863599117251,-13.47799579523184,1.536121662865399,2.7061081648217327,-6.882610832471298
LF,2023-12-28,1.2962195040827245,3.174166666666667,1.468758246400653,41398.8053877122,1.054740350212941,-3.573579128300144,0.31910275609861394,540.2434782608696,1.118060751621238,-13.188702743028191,1.520152759578388,1.054740350212941,-3.573579128300144
LF,2023-12-29,1.296389408513766,3.6075,1.468758246400653,41402.374470043665,2.8026952542572428,-2.1448334990415856,0.3146125225987613,533.7434782608696,1.507263867425322,-15.05959539489929,1.9702180734716344,2.8026952542572428,-2.1448334990415856
LF,2023-12-30,1.2838196845148682,3.9266666666666667,1.468758246400653,41137.37986687832,1.9478681307882633,NA,0.31245663310144295,534.1478260869566,1.498432028726511,-14.90617774676472,1.9352303427390536,1.9478681307882633,-14.90617774676472
LF,2023-12-31,1.2667754610460717,3.86625,1.468758246400653,40776.77308773824,2.0223872758901194,NA,0.3128609003045479,537.4260869565218,1.238082708280018,-14.88915477272265,1.942582395475759,2.0223872758901194,-14.88915477272265
LF,2024-01-01,1.2556461333910387,3.6475,1.468758246400653,40540.407040937804,2.448365374655151,-1.31201914026542,0.3146822781277821,541.6521739130435,1.4424160469147147,-15.156512957139048,1.8195992217557877,2.448365374655151,-1.31201914026542
LF,2024-01-02,1.2413992343322962,3.810416666666667,1.468758246400653,40236.717558971795,2.9285115020520474,-0.5813681084843878,0.31289244938029737,540.6869565217391,1.9952567172379476,-16.18845367938143,2.1644586874584175,2.9285115020520474,-0.5813681084843878
LF,2024-01-03,1.2317151371086374,3.95,1.468758246400653,40029.70388364023,3.920218943780742,-0.5365016195533153,0.3118860419871694,540.7478260869565,2.7701602142325776,-17.070499990686706,2.037355229893772,3.920218943780742,-0.5365016195533153
LF,2024-01-04,1.2231925811330369,3.7195454545454547,1.468758246400653,39846.939829385134,2.21255808270586,-0.46603651179871913,0.31263629036276197,544.1045454545455,NA,NA,NA,2.21255808270586,-0.46603651179871913
LF,2024-01-05,1.2007683913444265,3.96,1.468758246400653,39364.1637751207,4.0935478097023585,-0.5749830793484693,0.3107403493376028,546.3130434782609,2.5161794125615056,-14.47761664514435,1.5476704204968792,4.0935478097023585,-0.5749830793484693
LF,2024-01-06,1.2117055512369614,3.0304166666666665,1.468758246400653,39599.91608459021,1.5655174483224874,-4.6527612759622565,0.3166185434008006,548.2391304347826,1.245484833020453,-12.49490166264574,1.52482119675243,1.5655174483224874,-4.6527612759622565
LF,2024-01-07,1.2183505020712966,3.785,1.468758246400653,39742.81665278759,4.949394036376287,-2.6986607284255006,0.3136850383005632,546.9521739130435,3.968769447496179,-16.943711692432093,2.0774089041223447,4.949394036376287,-2.6986607284255006
LF,2024-01-08,1.186570260637846,3.7133333333333334,1.468758246400653,39056.87029273253,2.226803564174592,-0.4431653661204769,0.3096234237837193,547,1.6955029255350764,-14.44983931198496,1.791145324999465,2.226803564174592,-0.4431653661204769
LF,2024-01-09,1.2161196432285317,3.057391304347826,1.468758246400653,39693.59795789826,0.3207383217820009,-3.262814507365717,0.31551422098916176,544.5260869565218,NA,NA,NA,0.3207383217820009,-3.262814507365717
LF,2024-01-10,1.2721055282150489,4.043333333333333,1.468758246400653,40889.63898785309,3.220956671583665,NA,0.3145207907329466,537.8652173913043,2.8888678777347723,-16.481256961082504,2.1903839026869214,3.220956671583665,-16.481256961082504
LF,2024-01-11,1.2568249701508913,4.1625,1.468758246400653,40565.0934079583,2.855837117495267,NA,0.3146565078730267,543.3260869565217,2.431732654147085,-14.790787462208453,1.761066124439554,2.855837117495267,-14.790787462208453
LF,2024-01-12,1.2433117726332783,3.1395833333333334,1.468758246400653,40277.59309996365,0.1972781337108875,-2.678847752831089,0.3178209548223943,549.8739130434783,1.215804665898632,-13.866269978231912,1.4053263358403536,0.1972781337108875,-2.678847752831089
LF,2024-01-13,1.2598835275415554,3.5870833333333336,1.468758246400653,40630.47010194638,7.100328664173615,-6.3443416257020395,0.31799697903713364,546.2695652173913,4.5097232840021535,-15.604628641759538,1.8516863711057896,7.100328664173615,-6.3443416257020395
LF,2024-01-14,1.2597367246473454,4.307916666666666,1.468758246400653,40627.37798703706,3.3539437310716185,NA,0.31394714764824944,540.6739130434783,3.631413332632066,-16.745605315204426,2.1451506084846943,3.3539437310716185,-16.745605315204426
LF,2024-01-15,1.2614953277048202,3.901666666666667,1.468758246400653,40664.64971226382,3.0563862591320508,-0.03180052474427697,0.3163300455104295,543.7130434782608,2.210946259502353,-14.255934198440816,1.488748157272389,3.0563862591320508,-0.03180052474427697
LF,2024-01-16,1.2892060761410504,3.03375,1.468758246400653,41250.91265798227,NA,-3.369728992859678,0.32141217008103035,544.1304347826087,NA,NA,NA,NA,-3.369728992859678
LF,2024-01-17,1.3003651591506384,4.85875,1.468758246400653,41485.97742703402,4.689500109397474,NA,0.3139141179014659,534.0565217391304,3.862052291825115,-17.445340559100945,2.5031871314765155,4.689500109397474,-17.445340559100945
LF,2024-01-18,1.296666904842026,4.528333333333333,1.468758246400653,41408.21751302804,2.2786719542765854,NA,0.31482532900461613,536.4130434782609,1.5876850297321106,-14.331420342977104,1.8797832544531765,2.2786719542765854,-14.331420342977104
LF,2024-01-19,1.311459417120005,3.95,1.468758246400653,41718.73028402967,1.1606377104599828,NA,0.32067661491878996,541.4608695652174,1.723346352008538,-12.822300847488052,1.5553800105853546,1.1606377104599828,-12.822300847488052
LF,2024-01-20,1.3234284992804364,4.453333333333333,1.468758246400653,41969.308157124826,2.5597374528847214,NA,0.3174860799827703,534.9304347826087,2.686300613745109,-14.731616777910096,2.0620681440591757,2.5597374528847214,-14.731616777910096
LF,2024-01-21,1.313589743280718,4.98625,1.468758246400653,41763.45086515464,3.1859965107474006,NA,0.3138873464039529,531.7695652173913,3.484546953311732,-15.595920647859096,2.1354725346816936,3.1859965107474006,-15.595920647859096
LF,2024-01-22,1.3120955864227979,4.505416666666667,1.468758246400653,41732.1539888638,4.592993330251309,NA,0.31802597416674355,537.5826086956522,3.271429116778563,-15.134043927632144,1.5417241045977843,4.592993330251309,-15.134043927632144
LF,2024-01-23,1.327271898886249,3.3620833333333335,1.468758246400653,42049.52322778721,2.065396351249474,-3.212844260353812,0.32466849848659146,543.8173913043478,2.7280526251120363,-16.017787772875746,1.5711088127034305,2.065396351249474,-3.212844260353812
LF,2024-01-24,1.3363959678453512,3.035,1.468758246400653,42239.793524827626,2.8223121925502745,-6.461032554377237,0.32871967138830327,549.9347826086956,3.6539047134256033,-16.93189050676935,1.453032073699439,2.8223121925502745,-6.461032554377237
LF,2024-01-25,1.3400478218596659,2.845,1.468758246400653,42315.80062829926,3.3163809856622937,-8.411349879468343,0.3304254659052915,551.1652173913044,4.176477841847244,-14.91201392245794,1.212981702180063,3.3163809856622937,-8.411349879468343
LF,2024-01-26,1.3402943377958902,2.855,1.468758246400653,42320.92862358691,3.912522245091061,-8.926976877461152,0.33094283416788506,551.4217391304347,5.187371170084953,-18.047032448987945,1.4729487639454062,3.912522245091061,-8.926976877461152
LF,2024-01-27,1.329099257397676,2.839583333333333,1.468758246400653,42087.66214375901,4.1899043031665455,-9.275898559594568,0.3293557072788669,553.908695652174,4.54620916546743,-17.175126634236143,1.4259432153635805,4.1899043031665455,-9.275898559594568
LF,2024-01-28,1.3137906542760431,3.285416666666667,1.468758246400653,41767.592976878615,6.092662024765931,-7.743708741593242,0.3259642729549384,550.2695652173913,5.266488400141358,-17.8261487710482,1.788171926557362,6.092662024765931,-7.743708741593242
LF,2024-01-29,1.2812929297926727,4.015909090909091,1.468758246400653,41083.72175545743,6.196980810745567,-2.3506375021326553,0.3190221597163167,545.9739130434782,NA,NA,NA,6.196980810745567,-2.3506375021326553
LF,2024-01-30,1.2465566967585942,3.947391304347826,1.468758246400653,40346.68963700371,3.5419782976505187,-0.1408080857557823,0.3162584026293413,546.8869565217391,4.337012160720202,-18.13800643603348,2.048720418042206,3.5419782976505187,-0.1408080857557823
LF,2024-01-31,1.227618033744573,3.74,1.468758246400653,39941.85043732373,3.1907932186674106,-1.2605637324219423,0.3153095435601808,548.1739130434783,4.4866951216760205,-18.062428548470045,1.9647590735561944,3.1907932186674106,-1.2605637324219423
LF,2024-02-01,1.20874588641647,3.8870833333333334,1.468758246400653,39536.242255696336,5.090112510209548,-2.076203670266184,0.3131455284737208,549.7608695652174,5.012867485417604,-20.490485381849567,2.3278744150917468,5.090112510209548,-2.076203670266184
LF,2024-02-02,1.1925902854558912,3.6141666666666667,1.468758246400653,39187.314793038786,4.253936225818878,-3.140535995203785,0.3128254710523998,550.9260869565218,4.3604390886103035,-20.92279497294497,2.4225731036294422,4.253936225818878,-3.140535995203785
LF,2024-02-03,1.1746551861237136,3.6441666666666666,1.468758246400653,38797.9956625482,4.662933929772409,-3.2952533769965515,0.31136087866823714,550.5043478260869,5.084445276140718,-22.852907906388495,2.579699547003674,4.662933929772409,-3.2952533769965515
LF,2024-02-04,1.1721164572348712,3.066666666666667,1.468758246400653,38742.79479173762,2.7030047034317484,-5.347466691494327,0.3130133582140233,552.6304347826086,3.6207251498852377,-15.053837155541862,1.5500499817719986,2.7030047034317484,-5.347466691494327
LF,2024-02-05,1.175589782343019,3.4895833333333335,1.468758246400653,38818.33602314934,4.267748514518427,-3.991126802128313,0.3113296983046543,549.6260869565217,3.355255702827451,-18.211943081893907,2.2663810210528936,4.267748514518427,-3.991126802128313
LF,2024-02-06,1.1269286371950142,3.8908333333333336,1.468758246400653,37750.90856163325,4.501014237273945,-1.35646428419057,0.30703676833557836,549.6826086956522,4.669467231157172,-21.83161999761979,2.8926583114417164,4.501014237273945,-1.35646428419057
LF,2024-02-07,1.0685491597649932,4.03625,1.468758246400653,36451.51058675898,4.914171335124233,-0.7571974091263748,0.3009208730046031,547.5086956521739,4.280705138211471,-20.49219332227835,2.9572210223056627,4.914171335124233,-0.7571974091263748
LF,2024-02-08,1.051937552048914,3.8229166666666665,1.468758246400653,36077.64741296267,4.742131482764827,-1.9309424285910088,0.3007258354788059,549.4304347826087,4.2858116083771405,-21.85802901462406,2.90651552445269,4.742131482764827,-1.9309424285910088
LF,2024-02-09,1.0680894413685673,3.455,1.468758246400653,36441.547872809235,3.739424987878697,-3.3367308655068655,0.30394077489569765,551.6826086956522,4.277771940657968,-22.28160540332304,2.828135253972515,3.739424987878697,-3.3367308655068655
LF,2024-02-10,1.0872311515193305,3.319583333333333,1.468758246400653,36870.59624239453,3.5532526340357795,-4.098677407028734,0.30631637785745197,552.5565217391304,4.882944395641283,-21.85584224087088,2.556673469900134,3.5532526340357795,-4.098677407028734
LF,2024-02-11,1.1001568793724745,3.1825,1.468758246400653,37158.830607720534,3.7382244912399183,-5.2418024529724025,0.3082467498458055,553.508695652174,4.947703821813845,-24.094327768790308,2.675661139148086,3.7382244912399183,-5.2418024529724025
LF,2024-02-12,1.1162394779310718,2.7370833333333335,1.468758246400653,37515.79581599476,3.4264112376586264,-8.005715899470342,0.3105523512064141,554.3347826086956,3.281844679911071,-20.979705847837856,2.4568480000317896,3.4264112376586264,-8.005715899470342
LF,2024-02-13,1.1069620600711294,3.92375,1.468758246400653,37309.787087563585,7.785663833472149,-4.32629992557701,0.30671097091018124,549.3608695652174,6.92887583775962,-26.498847161122377,3.5313341630297925,7.785663833472149,-4.32629992557701
LF,2024-02-14,1.0502843211744617,4.071666666666666,1.4835310344668275,36039.096539627375,5.057137947075845,-0.6606478986356003,0.30301174684331517,547.4260869565218,5.022019534500415,-22.901833750953593,3.2959990142199005,5.057137947075845,-0.6606478986356003
LF,2024-02-15,1.0071059852943254,3.705,1.560212737078851,35056.97293598163,3.854539830727582,-2.194352683648592,0.3153269170255635,548.8,4.228411490198535,-21.127094405391073,2.930433610969351,3.854539830727582,-2.194352683648592
LF,2024-02-16,0.9997021626444744,3.421666666666667,1.5776104364477739,34887.133681144864,3.7540312433491185,-3.9634882840864343,0.31878433132558165,549.508695652174,4.355087784622329,-20.894359156183665,2.7498577472016694,3.7540312433491185,-3.9634882840864343
LF,2024-02-17,1.0023785300194177,2.8308333333333335,1.5712374787084704,34948.63912720939,1.783104083471572,-5.725557717313044,0.31752970840585215,547.5304347826087,2.5782941493723635,-17.496851241478108,2.2923299203044327,1.783104083471572,-5.725557717313044
LF,2024-02-18,0.9943209490172794,3.5504166666666666,1.5906756862966498,34763.14226893913,3.677177836674704,-3.200283839037954,0.3173014209917327,541.2869565217392,1.7510901131429435,-14.584965576439028,2.501286395696733,3.677177836674704,-3.200283839037954
LF,2024-02-19,0.9690791059891091,4.331666666666667,1.6538844862154831,34179.106627844005,5.016514352653507,NA,0.32881706861318794,546.0565217391304,4.188216905435775,-20.51887155267895,3.3238751489725473,5.016514352653507,-20.51887155267895
LF,2024-02-20,0.9582092470709485,3.9829166666666667,1.6821996394276304,33926.24796841101,3.893358710791431,-1.1192323985733517,0.33280011936375875,545.3913043478261,3.95956491075292,-20.248784874035593,3.180847564993311,3.893358710791431,-1.1192323985733517
LF,2024-02-21,0.9654018736406594,3.95625,1.663312472561099,34093.74915149827,4.13388836011323,-1.4270099372468916,0.32999682082784093,545.3913043478261,4.134788187574411,-20.41418878903037,3.1473367463502657,4.13388836011323,-1.4270099372468916
LF,2024-02-22,0.9949612635010296,3.8095833333333333,1.5895927531030172,34777.28352463848,4.345597435307215,-2.177723610565261,0.3187035906601435,545.6347826086957,4.500928551405554,-20.865018549022945,2.8322721660974435,4.345597435307215,-2.177723610565261
LF,2024-02-23,1.0564133932326942,3.0058333333333334,1.4769894724371617,36177.72350821993,2.1433423103462,-4.62519904689455,0.3035396898637476,547.6391304347826,3.270822940083838,-16.93341791716719,1.9674961687132264,2.1433423103462,-4.62519904689455
LF,2024-02-24,1.0913971432405225,3.577916666666667,1.468758246400653,36963.648119986115,5.942419216712796,-4.704212147608926,0.3053926961647258,548.595652173913,5.713761173306628,-24.24808202515197,2.993208272800753,5.942419216712796,-4.704212147608926
LF,2024-02-25,1.0806869966896222,3.595,1.468758246400653,36724.22861630772,5.295682180888662,-3.9385296074225336,0.30415956732499594,548.5434782608696,5.406198659536728,-24.704772148146183,3.205890090330742,5.295682180888662,-3.9385296074225336
LF,2024-02-26,1.0736655450753196,3.6254166666666667,1.468758246400653,36566.911565200324,4.309255734472428,-2.7404120636567573,0.30285737232157106,547.4782608695652,4.61807460832126,-22.47547303169873,2.846341864590628,4.309255734472428,-2.7404120636567573
LF,2024-02-27,1.0814122853988961,3.40125,1.468758246400653,36740.48560785487,4.295098007745155,-4.202141393135941,0.3051055826235765,550.1391304347826,5.030621339377088,-23.80458070527934,2.8637385781797433,4.295098007745155,-4.202141393135941
LF,2024-02-28,1.08960219610494,3.1433333333333335,1.468758246400653,36923.608874320234,4.225278571572983,-5.860601902553793,0.307192247303529,552.4043478260869,5.58936931085255,-24.65142874789601,2.679254768243669,4.225278571572983,-5.860601902553793
LF,2024-02-29,1.0697798080254495,3.2129166666666666,1.468758246400653,36479.32006667677,6.53674451760056,-7.657366748561154,0.30551964213353494,552.3869565217391,5.506329557229875,-24.39251216156693,3.107096403388635,6.53674451760056,-7.657366748561154
LF,2024-03-01,1.0355537872257965,3.01875,1.4964197387724059,35706.18354992353,2.5425730251148733,-4.952237124818597,0.3073157768591518,552.1363636363636,3.279949889107957,-19.247402998138572,2.3095953493777563,2.5425730251148733,-4.952237124818597
LF,2024-03-02,1.0132456276871367,2.669583333333333,1.5459122498505151,35197.644109333676,3.2980763467222336,-8.124711107758506,0.31672755980156125,553.9304347826087,3.3801857257623853,-20.44063725018993,2.514683825682531,3.2980763467222336,-8.124711107758506
LF,2024-03-03,0.9809951803539,2.7625,1.6238572700258236,34455.052055682965,3.8255315484646695,-8.341300371486392,0.3295983093350996,553.2869565217392,4.200867075444317,-22.806098975007817,2.9288564751832924,3.8255315484646695,-8.341300371486392
LF,2024-03-04,0.9376437880294975,2.9466666666666668,1.7388937566138147,33444.166252861985,3.9575727233724254,-7.754234762900191,0.34714752847984715,553.7130434782608,4.633202805235488,-22.04153982897286,2.8892687466505245,3.9575727233724254,-7.754234762900191
LF,2024-03-05,0.9136590092047291,2.5852173913043477,1.8079624769501694,32878.59911372958,2.543724353217818,-8.775771988618356,0.35736253790502553,552.4217391304347,NA,NA,NA,2.543724353217818,-8.775771988618356
LF,2024-03-06,0.916899840263297,2.881666666666667,1.7982978649581898,32955.38566386786,4.7746783322541555,-9.152053285467549,0.35692947397251334,553.6521739130435,4.5673058423014785,-23.45773360625943,3.2438100455249423,4.7746783322541555,-9.152053285467549
LF,2024-03-07,0.9132022480616773,3.03625,1.8093875672751747,32867.70930999046,4.442123982091277,-7.934559159111657,0.35818405489211097,553.5173913043478,4.094970321746808,-22.78945243639602,3.311230809711441,4.442123982091277,-7.934559159111657
LF,2024-03-08,0.9098033297018815,2.9325,1.8196056741320263,32787.089204145515,3.5529128659821563,-7.70339081417722,0.3600036316976451,553.6909090909091,4.153255676860607,-21.900682965218067,2.8927389331637756,3.5529128659821563,-7.70339081417722
LF,2024-03-09,0.9422832546762979,2.3475,1.7259355487453072,33553.11493810903,2.7734840970529455,-10.17392213137534,0.3464301785913313,553.8,2.9169306195857954,-19.15828291307363,2.4153899805615864,2.7734840970529455,-10.17392213137534
LF,2024-03-10,0.9521071493291732,3.1858333333333335,1.6988250453389488,33783.43146642124,5.8855993021040565,-8.065851187737872,0.3399767701924333,550.9608695652174,3.5184772118242646,-20.684108186523304,3.2105418364844676,5.8855993021040565,-8.065851187737872
LF,2024-03-11,0.9070326810757836,3.7645833333333334,1.8284403319621034,32720.834350833476,4.287232736108358,-3.5138252422899523,0.3569227935550982,547.6130434782609,3.541001348854566,-20.13097708430347,3.4009630320510427,4.287232736108358,-3.5138252422899523
LF,2024-03-12,0.9102958294525036,3.45125,1.8186467530104078,32798.21260051884,2.064597192588024,-3.124677527451613,0.35648666676791224,549.1,2.7940109607501844,-17.8439840953314,2.6408970634133784,2.064597192588024,-3.124677527451613
LF,2024-03-13,0.9590042546811473,3.18875,1.6806698531066127,33944.09800338296,3.408430410418417,-5.495560037772319,0.3362071065816745,550.4956521739131,2.688198647644501,-18.258933345942335,2.6162382775292903,3.408430410418417,-5.495560037772319
LF,2024-03-14,0.9954359335521149,3.12125,1.5880937905125134,34788.67105850779,2.96073583155592,-5.083032526054202,0.3226512463126097,552.1590909090909,3.1821274616505257,-19.493870602453107,2.5422672969589386,2.96073583155592,-5.083032526054202
LF,2024-03-15,1.0258452726618985,2.890833333333333,1.5173508421984923,35485.26115184736,3.103338992322239,-6.3870106861894005,0.3125183372658363,554.5652173913044,3.4111903385812243,-19.54354870008736,2.3121461909667373,3.103338992322239,-6.3870106861894005
LF,2024-03-16,1.0557307308314092,2.5125,1.4703995526427662,36163.075869223605,3.3264162635113266,-8.913124117444392,0.3068321950415456,556.3304347826087,4.223005931360752,-20.216504574178582,2.1122516167222196,3.3264162635113266,-8.913124117444392
LF,2024-03-17,1.0837974751696888,2.482608695652174,1.468758246400653,36793.64119094736,4.399907385866982,-10.354074641428449,0.3096365742257476,557.3086956521739,NA,NA,NA,4.399907385866982,-10.354074641428449
LF,2024-03-18,1.1114711168811322,2.3308333333333335,1.468758246400653,37410.10381582876,3.1141701663452905,-10.314622047603486,0.3109102678809108,554.3652173913043,2.499824687724472,-13.65455571803044,1.5366108157261915,3.1141701663452905,-10.314622047603486
LF,2024-03-19,1.1153177184454668,3.655,1.468758246400653,37495.447976417905,6.358526361806273,-4.699539185474869,0.30571077947612596,546.1130434782609,3.3601223661400983,-20.41636625386172,2.9714087966851017,6.358526361806273,-4.699539185474869
LF,2024-03-20,1.1129241616705001,3.877083333333333,1.468758246400653,37442.410083516756,3.788475182705181,-0.6097490174520019,0.30564187546114374,546.7260869565217,2.945759512017194,-18.083063090634244,2.4724885285525326,3.788475182705181,-0.6097490174520019
LF,2024-03-21,1.1259789791191708,3.75375,1.468758246400653,37731.123878712715,5.035734959314459,-2.690735843445669,0.3081668280080765,548.9521739130435,4.26346066103051,-19.42401571698279,2.154260879925775,5.035734959314459,-2.690735843445669
LF,2024-03-22,1.1566065564099839,2.62125,1.468758246400653,38403.6747179168,1.7863315925895893,-7.339498018894275,0.31313938482579867,550.908695652174,3.47218078780259,-18.011487267647833,1.8063141171409036,1.7863315925895893,-7.339498018894275
LF,2024-03-23,1.191208142519781,2.6908333333333334,1.468758246400653,39157.37431363261,2.8109953332343798,-8.059501407369089,0.31826595519651524,556.0260869565217,2.641889893516312,-18.2002332401413,2.0225539974486892,2.8109953332343798,-8.059501407369089
LF,2024-03-24,1.1711874532682331,3.3533333333333335,1.468758246400653,38721.96295198418,4.154824501314164,-4.694518372387446,0.3136567712005792,551.6869565217391,2.2887905710439616,-16.81374307632771,2.20134963761972,4.154824501314164,-4.694518372387446
LF,2024-03-25,1.1357876049416011,3.277083333333333,1.468758246400653,37947.35462812441,1.20583438845729,-2.126555238110607,0.3109736364044008,552.5565217391304,2.4100062193584955,-17.26537821720905,2.0150944624798894,1.20583438845729,-2.126555238110607
LF,2024-03-26,1.1520311803604206,2.8270833333333334,1.468758246400653,38303.708696959584,1.9706054733016225,-6.045395861972399,0.31437106710853,555.2217391304348,2.6533782016485916,-17.026629093156707,1.7454273742555082,1.9706054733016225,-6.045395861972399
LF,2024-03-27,1.1965891324535995,2.181304347826087,1.468758246400653,39273.45926641811,1.3458895620051634,-10.29254573093723,0.317394624265155,550.1521739130435,NA,NA,NA,1.3458895620051634,-10.29254573093723
LF,2024-03-28,1.2162627759132918,2.6266666666666665,1.468758246400653,39698.107007268765,4.269288698027038,-10.144372378728628,0.32034705312861544,555.5652173913044,2.9085693144811313,-17.74766645056257,2.007964844102245,4.269288698027038,-10.144372378728628
LF,2024-03-29,1.195053881256702,3.4779166666666668,1.468758246400653,39240.54701380261,3.4578779967781577,-3.183502870800637,0.31535485304074856,551.1260869565217,1.8326504634451557,-16.773105679015288,2.1968343790569027,3.4578779967781577,-3.183502870800637
LF,2024-03-30,1.1853258799362025,3.4233333333333333,1.468758246400653,39029.894942375315,4.080148641592825,-4.163221344737726,0.31457390045541106,551.1304347826087,1.278008803355742,-14.278525931391702,1.7444642981821907,4.080148641592825,-4.163221344737726
LF,2024-03-31,1.2067271105681001,3.1191666666666666,1.468758246400653,39492.62369710282,2.0350853010962933,-4.349865905149088,0.3174643758321263,552.3695652173913,1.0054836018734092,-13.412847045838552,1.5621833505751903,2.0350853010962933,-4.349865905149088
LF,2024-04-01,1.2307192702655951,2.8870833333333334,1.468758246400653,40008.26854629017,2.461370479874531,-6.536145085167076,0.3213329939954824,554.0217391304348,2.3012757078327803,-16.87049283133864,1.7439278711961006,2.461370479874531,-6.536145085167076
LF,2024-04-02,1.2597767740372565,2.63375,1.468758246400653,40627.786737489936,2.74380316374039,-8.831649396203256,0.3247606975382642,556.9608695652174,2.999156227346933,-17.008093634605995,1.516252403663774,2.74380316374039,-8.831649396203256
LF,2024-04-03,1.323754653281601,2.2979166666666666,1.468758246400653,41974.95323143907,2.56827943164153,-11.637900283829657,0.32924254626010274,549.5869565217391,1.600742890918177,-14.439857828450606,1.5371494646544894,2.56827943164153,-11.637900283829657
LF,2024-04-04,1.373274565552877,3.5841666666666665,1.468758246400653,43004.09179680759,5.009286552904937,-4.435974365685158,0.32994791238409,550.7434782608696,3.12161422023264,-19.266704805889297,2.1598897018873298,5.009286552904937,-4.435974365685158
LF,2024-04-05,1.3762062859358855,3.658333333333333,1.468758246400653,43064.652949250034,4.9252055133449755,-3.7895663260637127,0.33012712614362083,552.5478260869565,2.3990176612029335,-16.95641916506543,1.758221896566022,4.9252055133449755,-3.7895663260637127
LF,2024-04-06,1.383504210044644,3.577391304347826,1.468758246400653,43214.93302024396,4.210350688370897,-3.719790947323263,0.3311599753003971,552.7739130434783,NA,NA,NA,4.210350688370897,-3.719790947323263
LF,2024-04-07,1.4026095004135914,3.6625,1.468758246400653,43607.12328126857,3.4698228915222376,-2.358443905604795,0.33252304960953455,552.7,1.9401059335767077,-15.893810260493556,1.6727723879016527,3.4698228915222376,-2.358443905604795
LF,2024-04-08,1.4282754924372978,3.392916666666667,1.468758246400653,44131.19114405902,2.8534553396602593,-3.963604742484089,0.3356856097388767,554.2652173913043,2.493896729951895,-16.70227201716026,1.5260807310978453,2.8534553396602593,-3.963604742484089
LF,2024-04-09,1.4516091076243476,2.9854166666666666,1.468758246400653,44604.958143344666,3.6418891856202382,-8.129633421744014,0.33923799114751274,555.295652173913,2.7320108730439663,-18.294763968944636,1.5981641100037858,3.6418891856202382,-8.129633421744014
LF,2024-04-10,1.4729343432066857,2.723333333333333,1.468758246400653,45035.52956003407,3.784483363253367,-10.509665728637476,0.3426792232928608,556.2913043478261,3.6272810941885782,-18.152215826908023,1.3662302877433532,3.784483363253367,-10.509665728637476
LF,2024-04-11,1.5113386452154027,2.4429166666666666,1.468758246400653,45805.60366206091,3.715764477940826,-13.005335129685102,0.34655225646518273,557.395652173913,2.9756673299813867,-14.285465647310224,1.1642326113662558,3.715764477940826,-13.005335129685102
LF,2024-04-12,1.5249339930740347,3.026666666666667,1.468758246400653,46076.92926294468,4.817882321569882,-9.369824239806094,0.3438421198785343,556.7608695652174,4.343485218264755,-21.64322061168151,1.8774978234408977,4.817882321569882,-9.369824239806094
LF,2024-04-13,1.4936579157558216,3.3358333333333334,1.468758246400653,45451.976312224884,4.551852977768253,-6.3841584411646055,0.3408484283455283,556.4347826086956,2.226715115149396,-18.662242605889546,1.9020418101113636,4.551852977768253,-6.3841584411646055
LF,2024-04-14,1.4873368704141083,3.2333333333333334,1.468758246400653,45325.25159323727,1.722885214978359,-4.361456341430384,0.34110065016735974,556.6565217391304,0.7712586865556875,-12.378206583879845,1.1413888163198909,1.722885214978359,-4.361456341430384
LF,2024-04-15,1.5248366765961912,2.881666666666667,1.468758246400653,46074.53218733081,2.753277795758702,-8.489228388660464,0.34558453263511063,558.8391304347826,0.8062769040752839,-13.8781938434331,1.2870673294004842,2.753277795758702,-8.489228388660464
LF,2024-04-16,1.5846271520328734,2.8491666666666666,1.468758246400653,47256.72712276836,2.7148919196417194,-9.057004000663769,0.3504154864743587,560.2913043478261,1.7155642339115516,-14.046133145383726,1.1332154692961418,2.7148919196417194,-9.057004000663769
LF,2024-04-17,1.6563734620798545,2.6254166666666667,1.468758246400653,48655.56435789491,1.723772482559491,-10.457063368240105,0.3569544232571789,560.9869565217391,1.97935457871058,-14.193719597960872,1.1051639175770305,1.723772482559491,-10.457063368240105
LF,2024-04-18,1.7311172497095095,2.4870833333333335,1.468758246400653,50091.34906752096,NA,-9.95145341093226,0.36355222600826687,528.6304347826087,0.8807179663932388,-13.429446560896034,1.0633607832242715,0.8807179663932388,-9.95145341093226
LF,2024-04-19,1.8001069355584773,3.32,1.468758246400653,51397.99338329277,6.410717016546748,-9.532788035376218,0.36492494971718015,293.0304347826087,7.447949539442434,-18.77107071895958,1.04607530149258,6.410717016546748,-9.532788035376218
LF,2024-05-02,1.8862898801757815,2.3341666666666665,1.468758246400653,53006.46141665365,NA,-12.92819341227842,0.37411788391295486,285.6,1.514537491185281,-11.621615947526363,0.7202332300083363,1.514537491185281,-12.92819341227842
LF,2024-05-03,1.8254912476570753,2.203333333333333,1.468758246400653,51874.466055432604,NA,-13.76948151604658,0.3717664827594943,378.46086956521737,3.228914528917924,-11.445260868807816,0.6157215050588855,3.228914528917924,-13.76948151604658
LF,2024-05-04,1.7638329552783023,2.236666666666667,1.468758246400653,50713.30893661876,2.470897309633795,-15.572708590842884,0.36629863013361863,378.9,4.310726800330981,-14.777373508053332,0.8119028074372838,2.470897309633795,-15.572708590842884
LF,2024-05-05,1.7012133495910693,2.2158333333333333,1.468758246400653,49519.724773317284,3.628968661999154,-16.400602906028332,0.3624646097364979,515.9363636363636,3.489726011783527,-15.306231779757242,0.9689406119032138,3.628968661999154,-16.400602906028332
LF,2024-05-06,1.6358283709041808,2.2758333333333334,1.468758246400653,48257.34876456156,4.041538489767658,-15.751941389470574,0.35705618257289773,562.8347826086956,3.971790800900514,-17.132403047956267,1.100521851994426,4.041538489767658,-15.751941389470574
LF,2024-05-07,1.574162101203366,2.2329166666666667,1.468758246400653,47051.032021249535,4.2105812802398574,-15.788036324458158,0.3528875369851805,564.0173913043478,4.066109859691834,-18.17410038401834,1.2479008979240724,4.2105812802398574,-15.788036324458158
LF,2024-05-08,1.5174528453350207,2.29375,1.468758246400653,45927.36510308789,4.256306536769708,-14.852394841005504,0.34862319429438604,562.4130434782609,4.1760702220053565,-19.75803892875948,1.4233907144491025,4.256306536769708,-14.852394841005504
LF,2024-05-09,1.4680580227713491,2.215,1.468758246400653,44937.02404762935,4.024639826962426,-14.883438636080523,0.3445136414864694,560.4347826086956,4.697651048413013,-20.406782293322877,1.4566880399038915,4.024639826962426,-14.883438636080523
LF,2024-05-10,1.4287516463602592,2.04125,1.468758246400653,44140.73203026169,3.489823327034646,-15.4483935862299,0.34051060329319044,557.3782608695652,3.7200594201377353,-18.123100503283155,1.3645726971486634,3.489823327034646,-15.4483935862299
LF,2024-05-11,1.383999449506482,2.2695833333333333,1.468758246400653,43224.558622987235,4.542147005478477,-14.295047790997812,0.337244583136148,557.508695652174,3.0776693774899604,-19.37688538575504,1.7617403006663768,4.542147005478477,-14.295047790997812
LF,2024-05-12,1.3263045114495828,2.56,1.468758246400653,42028.576923023,2.503646367403544,-9.597423550973796,0.3303772925332651,553.5652173913044,2.4820706730918505,-17.226762453453738,1.5942644556039702,2.503646367403544,-9.597423550973796
LF,2024-05-13,1.2860005947293307,2.4070833333333335,1.468758246400653,41183.39550565996,1.5681286506998933,-9.530988291585034,0.32715307214142386,550.6260869565217,1.0827189675128832,-14.230888615903169,1.3851733952126222,1.5681286506998933,-9.530988291585034
LF,2024-05-14,1.2824004480639604,2.3116666666666665,1.468758246400653,41107.486259312034,3.784563150107563,-11.979390423514156,0.3281982984027598,551.8652173913043,3.291847590945615,-18.059357214954932,1.599159049938991,3.784563150107563,-11.979390423514156
LF,2024-05-15,1.2763435725125611,2.1770833333333335,1.468758246400653,40979.38679138677,2.9198359024424945,-11.72875753768382,0.3273408190875179,551.4434782608696,2.3638259470564447,-16.32134775137753,1.5476639574240605,2.9198359024424945,-11.72875753768382
LF,2024-05-16,1.2514050219706,2.3970833333333332,1.468758246400653,40450.01272653864,2.9227965333134023,-9.892496570088886,0.32618981955217013,554.8130434782609,2.380800499609856,-17.854393806593283,1.761706940774727,2.9227965333134023,-9.892496570088886
LF,2024-05-17,1.238278291627533,2.3220833333333335,1.468758246400653,40170.10404019896,2.282372611052434,-9.720621447188144,0.32425093665144256,552.6347826086957,3.4203468703725086,-16.967909189264997,1.4801245907883955,2.282372611052434,-9.720621447188144
LF,2024-05-18,1.255257520377338,2.222916666666667,1.468758246400653,40531.940313265746,2.6637865517925774,-10.945409417948818,0.3260474377447532,553.2869565217392,3.2528251575318983,-18.21873352313889,1.6200264921708922,2.6637865517925774,-10.945409417948818
LF,2024-05-19,1.2895860072329082,2.294583333333333,1.468758246400653,41258.81178184822,3.76769186932169,-11.751233925294118,0.329998051412155,555,4.087528760031366,-20.45412685589658,1.7835358476490606,3.76769186932169,-11.751233925294118
LF,2024-05-20,1.3215209915649417,2.3533333333333335,1.468758246400653,41929.26590623142,3.2506240922954963,-11.045031839323029,0.33179204425166675,553.8608695652174,3.020884640847716,-18.32597847266828,1.6467213283170643,3.2506240922954963,-11.045031839323029
LF,2024-05-21,1.3538106264572731,2.5345833333333334,1.468758246400653,42601.340407766314,3.34156803203314,-9.960952493777944,0.334467494492911,554.2565217391304,3.1781861611340902,-18.050420775731336,1.496670976041375,3.34156803203314,-9.960952493777944
LF,2024-05-22,1.3960043025655107,2.2558333333333334,1.468758246400653,43471.40401139558,3.2801030359475174,-12.358909017235025,0.3392774712748984,557.3391304347826,4.069278288922605,-19.51221110168429,1.4906278276104956,3.2801030359475174,-12.358909017235025
LF,2024-05-23,1.4421731023025286,2.325833333333333,1.468758246400653,44413.31779633588,4.6029337082958435,-13.44241076452958,0.3438282467753886,519.1478260869566,4.2213956465718825,-18.64579579367011,1.3830627749723434,4.6029337082958435,-13.44241076452958
LF,2024-05-24,1.4934860312371758,2.389130434782609,1.468758246400653,45448.198539288605,4.445022584470265,-13.057190164420664,0.3512018897889392,386.62608695652176,NA,NA,NA,4.445022584470265,-13.057190164420664
LF,2024-06-06,1.6382326294141443,3.4504166666666665,1.468758246400653,48304.637621110836,1.6351239645022606,-1.5278232030948338,0.3774000530877052,203.06521739130434,NA,NA,NA,1.6351239645022606,-1.5278232030948338
LF,2024-06-07,1.6076776391894811,3.100416666666667,1.468758246400653,47709.09946365236,NA,-2.6070128044574736,0.37538592007945065,220.87391304347827,3.808981179714357,-10.608899010422796,0.624911619947672,3.808981179714357,-2.6070128044574736
LF,2024-06-08,1.5713900673951975,2.2870833333333334,1.468758246400653,46996.75761898164,NA,-9.71232157676371,0.36810693978131337,249.02173913043478,4.548323785991382,-13.530873918321747,0.6967877164530605,4.548323785991382,-9.71232157676371
LF,2024-06-09,1.526311636729897,2.05,1.468758246400653,46103.94195713543,2.8379347666047807,-14.564556087016802,0.35551212308011926,325.46521739130435,4.284768140984535,-14.337969301575198,0.90302353457751,2.8379347666047807,-14.564556087016802
LF,2024-06-10,1.4750495189222372,2.0720833333333335,1.468758246400653,45077.76011844609,3.0110644581165764,-14.222699593947215,0.3465789719967847,508.7608695652174,4.430604395521901,-16.587066613721117,1.0734256995098357,3.0110644581165764,-14.222699593947215
LF,2024-06-11,1.4260712968107767,1.30625,1.468758246400653,44086.003167942414,NA,-15.91891762794076,0.3416507552252399,561.7782608695652,0.9723573675184496,-14.046995270391582,1.060761324935573,0.9723573675184496,-15.91891762794076
LF,2024-06-12,1.3754127827251539,1.66625,1.468758246400653,43047.58744640794,3.835082362213491,-17.439549621364566,0.33769085541547544,561.6652173913044,3.8809122329192434,-14.94053256703282,1.052140626290934,3.835082362213491,-17.439549621364566
LF,2024-06-13,1.308129842647118,1.7591666666666668,1.468758246400653,41647.70303791698,2.955450652666336,-15.185330284244252,0.3321251037341737,561.2260869565217,3.548954442353586,-13.24843750386158,0.9958768027609818,2.955450652666336,-15.185330284244252
LF,2024-06-14,1.2309037825709468,1.9116666666666666,1.468758246400653,40010.95767754092,2.8227278256658286,-13.197993449266235,0.3251851447711577,560.0086956521739,3.0714782498522455,-14.570557485674604,1.258062493546467,2.8227278256658286,-13.197993449266235
LF,2024-06-15,1.1645521628402808,2.1558333333333333,1.468758246400653,38576.99914664999,3.6939470095150018,-11.763685153919385,0.3190078344354924,558.1695652173913,3.722676140320424,-16.704902339740137,1.5657543881913167,3.6939470095150018,-11.763685153919385
LF,2024-06-16,1.104729326608628,2.15875,1.468758246400653,37259.461722995184,3.0468943998244873,-10.62804330232303,0.3129222907223751,556.8608695652174,3.750093650386304,-16.5288328431721,1.5888641716656209,3.0468943998244873,-10.62804330232303
LF,2024-06-17,1.0359452035819978,2.01875,1.5043889932456114,35713.73589980172,2.2877598624965354,-10.48690703716667,0.3133301416633588,556.6608695652174,2.775829690465511,-12.123265802734627,1.2560028028571393,2.2877598624965354,-10.48690703716667
LF,2024-06-18,0.9687616766239557,2.21875,1.6555525798265038,34170.69677163998,2.25715629407994,-9.608142647136637,0.33678823070997427,555.5956521739131,2.1216253615695364,-14.725166919179824,1.8450071518937576,2.25715629407994,-9.608142647136637
LF,2024-06-19,0.9125107242296937,2.27625,1.8124288143615659,32850.27742854981,1.8328560504532188,-9.306015550686084,0.36080871447651125,554.5173913043478,1.786112777332871,-13.545407068020255,1.8715616428707709,1.8328560504532188,-9.306015550686084
LF,2024-06-20,0.8574346030629963,2.4208333333333334,1.9917305853585636,31530.019889719126,1.2866561820405304,-8.39324395853915,0.3890120085570564,555.0695652173913,1.6544486448952784,-14.435065299343371,2.174577150396155,1.2866561820405304,-8.39324395853915
LF,2024-06-21,0.8140035165043137,2.503913043478261,2.1538369726906716,30469.333767036424,1.3940356857548182,-8.465918249985695,0.41280946666248103,553.795652173913,NA,NA,NA,1.3940356857548182,-8.465918249985695
LF,2024-06-22,0.798538274641699,2.6075,2.216949578265331,30086.985964356794,2.215121764048179,-8.840866325391602,0.4235588580732206,555.295652173913,2.7723800055831327,-17.91065834369754,2.8093830673056193,2.215121764048179,-8.840866325391602
LF,2024-06-23,0.788860049042161,2.80375,2.2584064933893826,29846.128477317176,2.9969886184921664,-8.623183652673909,0.4298299008519111,555.6,2.7698847025315496,-19.177517187821856,3.1998470054804944,2.9969886184921664,-8.623183652673909
LF,2024-06-24,0.7658821535504123,2.8875,2.3621364427723446,29270.2258436485,3.1500808873260655,-8.59852815732733,0.44487775128960194,555.4956521739131,2.8256989345680794,-19.51089579892605,3.409846471489016,3.1500808873260655,-8.59852815732733
LF,2024-06-25,0.7343123565262051,2.747692307692308,2.51789302915038,28469.428676303138,1.9182831139776833,-8.477526861613072,0.45959327919318776,553.091304347826,NA,NA,NA,1.9182831139776833,-8.477526861613072
OS,2022-08-07,1.093627699334424,4.239565217391305,1.886927822967757,24074.517772093248,3.123049086288868,-11.9370402443053,2.4178338871549903,510.38695652173914,NA,NA,NA,3.123049086288868,-11.9370402443053
OS,2022-08-08,1.0580261050706175,4.055833333333333,1.8297583846358068,24178.114681496416,2.5231816455279157,-10.998991153276132,2.2700385132164476,478.9173913043478,7.703691464403311,-10.576156296600091,0.6147987487181316,2.5231816455279157,-10.998991153276132
OS,2022-08-09,1.0213357083409058,3.6641666666666666,1.7707018919452573,24288.98399520256,2.5277907867828935,-11.02689715492772,2.111782202947395,462.6391304347826,NA,NA,NA,2.5277907867828935,-11.02689715492772
OS,2022-08-10,0.9935955654774556,4.004583333333334,1.725954782496365,24375.76915480808,2.489380303231099,-9.774950850515852,2.00468308737627,458.1913043478261,NA,NA,NA,2.489380303231099,-9.774950850515852
OS,2022-08-11,0.975965652524174,3.9345833333333333,1.69747040057877,24432.367293829273,1.2738619090654788,-8.376536524126019,1.9224553513389693,451.4478260869565,5.966025410104751,-7.88958563949899,0.614692984179953,1.2738619090654788,-8.376536524126019
OS,2022-08-12,0.971961957327667,4.5754166666666665,1.690996771992432,24445.377905122856,1.225055300865231,-7.052498072005057,1.9116717556908267,457.74347826086955,7.707974648314528,-9.25773573917949,0.6139062692625872,1.225055300865231,-7.052498072005057
OS,2022-08-13,0.988720120820648,4.645833333333333,1.7180798004010613,24391.350965735157,0.29679281272403646,-6.25444456023526,1.9912780500667957,458.53913043478263,7.907848155999837,-10.380938066051394,0.6146981970839428,0.29679281272403646,-6.25444456023526
OS,2022-08-14,1.0129811982819683,4.792083333333333,1.7572372704812347,24314.75269204205,1.689968118437455,-7.787662125102169,2.098905358034818,471.8086956521739,NA,NA,NA,1.689968118437455,-7.787662125102169
OS,2022-08-15,1.020786551765822,5.435833333333333,1.7698220927921637,24290.516565485803,1.4196175606532233,-6.431699738784791,2.136801082926677,486.51304347826084,NA,NA,NA,1.4196175606532233,-6.431699738784791
OS,2022-08-16,1.0157449061027624,5.3308333333333335,1.7616950430646898,24306.116852651085,1.4079703996176192,-6.591867390894557,2.0939877236617446,509.46521739130435,9.316342671297198,-11.205879720997356,0.6145868337670234,1.4079703996176192,-6.591867390894557
OS,2022-08-17,1.0171962094212228,5.057391304347826,1.7640347467953357,24301.619124144876,1.920090059151506,-7.616561874716754,2.108851758984993,506.66521739130434,NA,NA,NA,1.920090059151506,-7.616561874716754
OS,2022-08-18,1.0198139400144521,3.7616666666666667,1.7682545338035702,24293.517636664677,0.8676253998750947,-9.205346057714044,2.0782067639992836,486.6304347826087,6.328170080048307,-10.119168938379593,0.6152156621554962,0.8676253998750947,-9.205346057714044
OS,2022-08-19,1.0160143890416269,4.24125,1.7621295887477557,24305.278566529494,3.37434197094566,-10.689189160725686,2.075686622732075,474.6565217391304,8.296779534562575,-10.93722194200718,0.6134409773029679,3.37434197094566,-10.689189160725686
OS,2022-08-20,1.018484549675896,3.6633333333333336,1.7661116497678482,24297.628947570953,2.002847488251326,-10.48779443225788,2.076891103418542,502.9086956521739,6.700172847601166,-9.880020916596726,0.6157809692027496,2.002847488251326,-10.48779443225788
OS,2022-08-21,1.0184721279496884,4.09875,1.7660912813289673,24297.678008250525,3.1770334763563293,-10.835044968879831,2.078373833423469,503.89565217391305,8.547652735691697,-11.558267040258066,0.615642185548442,3.1770334763563293,-10.835044968879831
OS,2022-08-22,1.0021559317600202,4.535833333333334,1.7397736133807506,24348.66829150743,4.081220710677287,-10.615463246797878,2.0107565366214493,500.38260869565215,9.764409182873605,-11.81940806288492,0.6145782688800782,4.081220710677287,-10.615463246797878
OS,2022-08-23,0.9795719182793216,4.780833333333334,1.7032985943557728,24420.738944940163,4.202092856131833,-9.8476281094534,1.928215651109688,496.17826086956524,NA,NA,NA,4.202092856131833,-9.8476281094534
OS,2022-08-24,0.9617660916061935,4.8620833333333335,1.6745007962224823,24478.83962175885,4.119163018197903,-9.282174484342857,1.8716004077174149,488.47391304347826,NA,NA,NA,4.119163018197903,-9.282174484342857
OS,2022-08-25,0.958781898950287,4.6025,1.6696710850062468,24488.684279341014,3.16950278018725,-8.705059807288855,1.8730405301193245,466.9173913043478,NA,NA,NA,3.16950278018725,-8.705059807288855
OS,2022-08-26,0.9637053442631359,4.590833333333333,1.677639837705205,24472.426027788257,2.8448202105182405,-8.461737792748579,1.9016995446356837,465.37391304347824,NA,NA,NA,2.8448202105182405,-8.461737792748579
OS,2022-08-27,0.9646709981965259,4.679130434782609,1.6792024877495846,24469.246768697387,1.822565069971094,-7.314140262851995,1.898616423187066,464.1521739130435,NA,NA,NA,1.822565069971094,-7.314140262851995
OS,2022-08-28,0.9730668742194514,4.59875,1.6927818663292913,24441.83445252509,2.3894058570908085,-8.124610992528979,1.9461760613967243,453.4826086956522,NA,NA,NA,2.3894058570908085,-8.124610992528979
OS,2022-08-29,1.0083803848549564,4.724583333333333,1.7498064078072493,24329.436874869403,1.0961675968710016,-7.19660856420635,2.096140083655968,456.0869565217391,NA,NA,NA,1.0961675968710016,-7.19660856420635
OS,2022-08-30,1.070465005594706,4.591666666666667,1.849731719058685,24141.95433723312,NA,-7.12935422253234,2.389974654513408,448.9695652173913,NA,NA,NA,NA,-7.12935422253234
OS,2022-10-04,1.0614476663880226,4.529166666666667,1.8352091763746101,24169.438714339754,0.4903383641570336,-8.527605149830654,2.128933954402176,477.6434782608696,1.999284339912587,-4.869320538792625,0.6159647051135704,0.4903383641570336,-8.527605149830654
OS,2022-10-05,1.024074383827967,4.518260869565218,1.7751183585717332,24280.455450335136,NA,-7.0943788829550805,1.9475254308320868,468.704347826087,1.8895411303040135,-5.64207475283243,0.6161868543035317,1.8895411303040135,-7.0943788829550805
OS,2022-10-06,1.0370466982722841,4.3847826086956525,1.7960137493595272,24240.797517281047,NA,-7.704729015593485,2.014259682963922,471.3391304347826,2.1249747389872917,-5.983716551955792,0.6153091353681112,2.1249747389872917,-7.704729015593485
OS,2022-10-07,1.0222299226657485,4.320833333333334,1.7721457475207152,24286.1435272927,0.1777746877256844,-7.818189474592312,1.9840363252758584,475.2695652173913,2.4459711529932178,-6.1017188801132525,0.6151900589928797,0.1777746877256844,-7.818189474592312
OS,2022-10-08,0.9931949219091236,4.289583333333334,1.725305160968267,24377.128287533444,0.5423567078281742,-7.645794201892392,1.8920737429755223,476.82173913043476,2.7551880947745397,-6.109901233205202,0.6154718680217779,0.5423567078281742,-7.645794201892392
OS,2022-10-09,0.9627692121458429,4.533333333333333,1.6761218565951317,24475.609443358568,0.9832215990718948,-7.073580309650268,1.7857897953360173,466.4,3.761023917704215,-6.680400515516497,0.6139003670406212,0.9832215990718948,-7.073580309650268
OS,2022-10-10,0.9429737048914854,4.601666666666667,1.644064115197793,24541.575763832177,1.1137493107445977,-6.727966185894946,1.7173801307559464,465.2391304347826,3.83995407299093,-6.235863953014471,0.6153253887049831,1.1137493107445977,-6.727966185894946
OS,2022-10-11,0.9227928356514618,4.165416666666667,1.611330034163051,24610.5726619923,0.695705181702013,-6.727075160431913,1.6498505702958222,490.7173913043478,4.249382837430537,-7.898583859615511,0.6145143383410557,0.695705181702013,-6.727075160431913
OS,2022-10-12,0.9095666724277202,3.6339130434782607,1.5898537742234666,24656.57345098868,0.7281436742615007,-7.390564655599976,1.6235977769761951,494.18260869565216,3.8230919676251305,-7.278696427036949,0.6137603288889918,0.7281436742615007,-7.390564655599976
OS,2022-10-13,0.9149481958930623,3.6341666666666668,1.5985958028175982,24637.73047243405,1.172180514030155,-7.873666954354474,1.660912669190399,480.795652173913,1.387516017275261,-4.5545117788870755,0.61488864469146,1.172180514030155,-7.873666954354474
OS,2022-10-14,0.893297685647056,3.794583333333333,1.5633913808499347,24714.735812903826,1.5859553069729926,-7.739858422278334,1.5554789693519735,490.2173913043478,3.867339467232074,-6.28797397165403,0.6166946502477365,1.5859553069729926,-7.739858422278334
OS,2022-10-15,0.8406118421687938,4.311739130434782,1.477490445254281,24910.486528173384,1.9391646423757056,-6.463111708088505,1.3479113481997054,487.0913043478261,4.645804601774806,-6.80443062577681,0.6167642772698285,1.9391646423757056,-6.463111708088505
OS,2022-10-16,0.8109676843969422,4.287916666666667,1.4290091988859188,25026.155330207042,1.7428275625214746,-5.8101614941520525,1.2626578366304995,491.3434782608696,5.171825529915832,-7.904957411435064,0.615667561015575,1.7428275625214746,-5.8101614941520525
OS,2022-10-17,0.8218764280416253,3.9183333333333334,1.4468695900709108,24982.832588778183,1.3751652722704784,-7.133106954351057,1.3047035528200333,492.40434782608696,4.782311684173903,-7.981337428345074,0.6159638920578284,1.3751652722704784,-7.133106954351057
OS,2022-10-18,0.7966268357039556,4.567083333333334,1.4054863237286612,25084.819702949484,2.518476533965654,-7.003701132047226,1.208704352203471,486.5782608695652,5.565595768619123,-6.241265298997276,0.6153787155637036,2.518476533965654,-7.003701132047226
OS,2022-10-19,0.7475734278401027,5.800833333333333,1.3248692748436242,25291.874693789396,1.9182308409532352,-4.0509141326149285,1.0266121944980084,478.4478260869565,4.19968957950464,-5.656173079488962,0.6164027505979829,1.9182308409532352,-4.0509141326149285
OS,2022-10-20,0.7390975806229924,5.967083333333333,1.310905240732158,25329.082790717403,1.7836979976902647,-3.5618584157262254,1.006044822148003,476.10434782608695,4.461010276043827,-6.590747965066966,0.6169420087547272,1.7836979976902647,-3.5618584157262254
OS,2022-10-21,0.7397147455274994,5.899583333333333,1.3119229404242414,25326.33424900341,1.8103687738314207,-3.6888553249915175,1.0108992466078566,474.9913043478261,4.333463345722321,-6.16968671551689,0.6163958825071844,1.8103687738314207,-3.6888553249915175
OS,2022-10-22,0.7391808943950773,5.736521739130435,1.3110425713496108,25328.714029714054,1.6418993781941742,-3.755243460829627,1.0122212078523143,477.7913043478261,3.99704860919836,-5.782456608833228,0.6150442829789984,1.6418993781941742,-3.755243460829627
OS,2022-10-23,0.7566218154022066,5.536666666666667,1.3397704868736442,25252.412183224114,1.8057441626124904,-4.364664798472756,1.0716219392004909,482.61739130434785,4.884488246483103,-7.62880220025382,0.6146334925370706,1.8057441626124904,-4.364664798472756
OS,2022-10-24,0.7859351256168321,5.039583333333334,1.3879546504456381,25128.331011511487,1.921147016765937,-5.538143228766825,1.1656309396977487,486.45217391304345,5.026975961528779,-7.683767883771379,0.6161777899213794,1.921147016765937,-5.538143228766825
OS,2022-10-25,0.8179792220944199,4.969166666666666,1.44048691661057,24998.385801281893,1.002503227308191,-5.081911113303294,1.2671311411761976,470.0217391304348,4.177771057327776,-6.89532470720728,0.6152908112206522,1.002503227308191,-5.081911113303294
OS,2022-10-26,0.8283436458345609,4.536666666666667,1.457449835902851,24957.46758843968,0.507668688207461,-5.363067984500494,1.317903749894059,479.2826086956522,2.711357863758418,-5.737409554115415,0.6140636537105117,0.507668688207461,-5.363067984500494
OS,2022-10-27,0.802904159183292,4.781666666666666,1.4157891355027288,25058.887505507428,1.9842075489595736,-6.156299277033265,1.236796833888298,488.8782608695652,4.340470648194942,-6.74539409909765,0.6159209035726941,1.9842075489595736,-6.156299277033265
OS,2022-10-28,0.7689634116051837,4.22375,1.3600725449200226,25199.535109239652,1.996269882665844,-6.636853071664122,1.1411298556656693,501.5478260869565,6.239677664916008,-8.167372274414385,0.6153193411261706,1.996269882665844,-6.636853071664122
OS,2022-10-29,0.7458442463730102,3.9425,1.3220240844774884,25299.31002518669,1.416767614191152,-6.260358079167328,1.0607933604459463,499.10434782608695,5.01159155724383,-7.209111191024075,0.6154642136112649,1.416767614191152,-6.260358079167328
OS,2022-10-30,0.7394232818210169,4.138333333333334,1.3114425382240757,25327.62281543158,1.3524888762812104,-5.792719612693691,1.0505571345114026,501.4956521739131,4.499326265301664,-6.876305781642298,0.6159399902624783,1.3524888762812104,-5.792719612693691
OS,2022-10-31,0.7398896311527838,4.39125,1.3122113924822534,25325.55250111336,1.805428901064144,-4.391424244607043,1.0579632104531178,500.6391304347826,NA,NA,NA,1.805428901064144,-4.391424244607043
OS,2022-11-01,0.7370794931508685,4.346666666666667,1.3075777767647574,25338.05540400213,1.74760718178755,-4.364765588400648,1.0490305370972286,501.32608695652175,4.946902083747971,-6.956981768505002,0.6159553778931108,1.74760718178755,-4.364765588400648
OS,2022-11-02,0.7356228551468489,4.693333333333333,1.3051756067799685,25344.550609878977,1.706880375225397,-3.7832046293316863,1.0411011877084877,499.53913043478263,4.73530621923865,-7.504052421860706,0.6169240804298406,1.706880375225397,-3.7832046293316863
OS,2022-11-03,0.7364268170948662,4.69,1.3065015375550781,25340.96130840194,1.999346547064878,-4.080121172136382,1.0470334011880096,498.9695652173913,4.638239341757862,-6.345543811492928,0.615236541794869,1.999346547064878,-4.080121172136382
OS,2022-11-04,0.736524189832057,4.990833333333334,1.3066621238616718,25340.526814612993,1.6302822575776512,-3.2900079501679764,1.0358733913853397,493.8565217391304,3.9621905833113296,-6.317706364666151,0.6156429226257181,1.6302822575776512,-3.2900079501679764
OS,2022-11-05,0.7370660242414253,4.692777777777778,1.3075556580132157,25338.111427074055,1.7870117312619092,-3.884110140864448,1.043913939086484,499.7,NA,NA,NA,1.7870117312619092,-3.884110140864448
OS,2022-12-12,0.7404675528365865,6.514615384615384,1.313164097287249,25322.99097219317,3.1628597793589392,-2.557254696682985,1.0367363707849493,481.83684210526314,NA,NA,NA,3.1628597793589392,-2.557254696682985
OS,2022-12-13,0.7378085266249733,5.565652173913044,1.308780060807795,25334.80371639869,1.253980967866291,-2.14180869824419,1.011721217149104,458.3875,NA,NA,NA,1.253980967866291,-2.14180869824419
OS,2022-12-14,0.751080397872593,5.22,1.3306414742800963,25276.7156157356,1.1227781956074785,-2.6807353706009627,1.0629110190161035,451.8086956521739,NA,NA,NA,1.1227781956074785,-2.6807353706009627
OS,2022-12-15,0.7788194053738736,4.699166666666667,1.3762751949783167,25157.74868626096,2.1673584570443443,-4.981803871969387,1.1320489251559216,440.004347826087,NA,NA,NA,2.1673584570443443,-4.981803871969387
OS,2022-12-16,0.7605349153505077,5.4504166666666665,1.346204956394126,25235.757241359333,1.8916477971401184,-3.434148871564416,1.0337379859216496,469.085,NA,NA,NA,1.8916477971401184,-3.434148871564416
OS,2022-12-17,0.7403814461570903,5.802083333333333,1.3130221132358433,25323.374222953036,1.2319798337195635,-1.89271722469173,0.990601769154401,459.05,NA,NA,NA,1.2319798337195635,-1.89271722469173
OS,2022-12-18,0.7411906064111271,6.133333333333333,1.3143561000403412,25319.784110363846,1.5202986164084014,-1.7059939393160508,0.9859744368207533,469.35714285714283,NA,NA,NA,1.5202986164084014,-1.7059939393160508
OS,2022-12-20,0.737680032497421,5.569285714285714,1.308568144424135,25335.377291510824,0.7290653878616712,-1.7093620530688838,0.9857338288475062,459.8529411764706,NA,NA,NA,0.7290653878616712,-1.7093620530688838
OS,2023-01-05,0.7412674951835212,5.511666666666667,1.31448283223014,25319.444137389342,2.896924632830025,-4.399309990153978,1.021736504462206,491.295652173913,NA,NA,NA,2.896924632830025,-4.399309990153978
OS,2023-01-06,0.742097073201789,6.63875,1.3158502576043547,25315.773019450586,2.0806046861651035,-1.9930406216749028,0.9864038989552171,470.9,NA,NA,NA,2.0806046861651035,-1.9930406216749028
OS,2023-01-07,0.7429046703934834,6.909166666666667,1.3171813775879422,25312.202339076674,1.5215650446912077,-1.0682004418034656,0.9783790484181394,438.26,NA,NA,NA,1.5215650446912077,-1.0682004418034656
OS,2023-01-08,0.7405216191242251,6.752083333333333,1.3132532133419064,25322.75186421073,1.7498388060514003,-1.4485728775673297,0.9896805375097935,454.2761904761905,NA,NA,NA,1.7498388060514003,-1.4485728775673297
OS,2023-01-09,0.7392735117429995,6.16125,1.311195571069901,25328.28970726355,2.04118660419263,-2.5551766633968978,1.006676510615324,481.0608695652174,NA,NA,NA,2.04118660419263,-2.5551766633968978
OS,2023-01-10,0.7411447500906893,6.810869565217391,1.314280482223217,25319.98837791119,2.1364835495003573,-1.736417294327788,0.9942057429570503,473.0695652173913,NA,NA,NA,2.1364835495003573,-1.736417294327788
OS,2023-01-11,0.7227402119928957,6.610416666666667,1.2991819547278027,25403.0203993521,1.795773432020172,-1.4046878336748925,0.9557986820385628,470.315,NA,NA,NA,1.795773432020172,-1.4046878336748925
OS,2023-01-12,0.6907819689686403,6.281666666666666,1.2971615847388087,25552.247137009897,2.0295579066037783,-1.8801034839394828,0.9167173392560514,478.8521739130435,NA,NA,NA,2.0295579066037783,-1.8801034839394828
OS,2023-01-13,0.7240565924865161,5.75875,1.3102412011161262,25398.90662593841,1.0060585439745149,-1.9811457963061985,0.9570652769264434,468.0608695652174,NA,NA,NA,1.0060585439745149,-1.9811457963061985
OS,2023-01-14,0.830420908795569,8.382083333333334,1.4607961539109844,24951.31927746833,2.3115655036110705,-1.2751555449670573,1.0337915281562209,371.025,NA,NA,NA,2.3115655036110705,-1.2751555449670573
OS,2023-01-15,0.8584744977061972,8.58875,1.5066589107731678,24842.48549764126,1.7087168979063805,-0.7594194940927284,1.1081689860900878,458.2,NA,NA,NA,1.7087168979063805,-0.7594194940927284
OS,2023-01-16,0.7864467187528293,6.805,1.3887608830349152,25127.571294484816,1.8445570167933496,-2.039312688888467,1.0831196246928496,443.87368421052633,NA,NA,NA,1.8445570167933496,-2.039312688888467
OS,2023-01-17,0.723380098804363,6.46625,1.3009115703115721,25400.24038211008,2.1854231696267212,-2.045220756375463,0.9532590837779933,472.8521739130435,NA,NA,NA,2.1854231696267212,-2.045220756375463
OS,2023-01-18,0.694675902485834,5.716086956521739,1.2971615847388087,25533.589948958368,2.7878869081886304,-3.478469237918633,0.9339363747184376,485.40434782608696,NA,NA,NA,2.7878869081886304,-3.478469237918633
OS,2023-01-19,0.6772973158530915,5.845,1.2971615847388087,25617.538468810824,2.77372667128716,-3.125307047871799,0.9150424907072499,487.7260869565217,NA,NA,NA,2.77372667128716,-3.125307047871799
OS,2023-01-20,0.6818005717317277,5.399166666666667,1.2971615847388087,25595.632916961098,3.0949543484812967,-4.164907374796912,0.9141844762102399,488.0130434782609,NA,NA,NA,3.0949543484812967,-4.164907374796912
OS,2023-01-21,0.6950152310596458,5.212916666666667,1.2971615847388087,25531.85607944019,0.8491611059077002,-2.3989134003637407,0.9047597817081798,473.6347826086957,NA,NA,NA,0.8491611059077002,-2.3989134003637407
OS,2023-01-22,0.6782848305269689,5.905,1.2971615847388087,25612.76414535479,2.466874347115569,-2.753976973649576,0.9109762931132185,487.68695652173915,NA,NA,NA,2.466874347115569,-2.753976973649576
OS,2023-01-23,0.7021836288477249,5.895416666666667,1.2971615847388087,25498.87821901505,2.8974419613181204,-3.4042891372500685,0.9310136249344082,481.5,NA,NA,NA,2.8974419613181204,-3.4042891372500685
OS,2023-01-24,0.7441194701228605,6.4558333333333335,1.319181618650503,25306.919476845298,1.617031441742988,-1.6715342854789967,1.001014100775664,460.92,NA,NA,NA,1.617031441742988,-1.6715342854789967
OS,2023-01-25,0.7410605872213492,5.743333333333333,1.3141412177029161,25320.383922401525,1.7281403005820797,-2.960428513788884,1.0200144103713327,479.4347826086956,NA,NA,NA,1.7281403005820797,-2.960428513788884
OS,2023-01-26,0.739191701646447,6.189583333333333,1.3110601635925885,25328.67579764243,3.205669683686691,-3.8356138053434825,0.9835162645901798,473.1521739130435,NA,NA,NA,3.205669683686691,-3.8356138053434825
OS,2023-01-27,0.7424560793244902,6.3225,1.3164419868962218,25314.185792151762,1.242236060745738,-1.794686524950382,0.9700237940651804,465.37142857142857,NA,NA,NA,1.242236060745738,-1.794686524950382
OS,2023-01-28,0.7412804719140086,6.703043478260869,1.314504229108125,25319.386417257043,1.7377483175697976,-1.6669433372155649,0.9740871028409683,473.03478260869565,NA,NA,NA,1.7377483175697976,-1.6669433372155649
OS,2023-01-29,0.7417372853657601,6.0841666666666665,1.3152571645833957,25317.366942677505,2.542922951580013,-3.232269722638674,1.0298510504842198,491.1913043478261,NA,NA,NA,2.542922951580013,-3.232269722638674
OS,2023-01-30,0.7479199522537503,5.789166666666667,1.325444881734869,25290.15320622741,3.0134913145442215,-4.170918962976691,1.0643696600738095,497.9304347826087,NA,NA,NA,3.0134913145442215,-4.170918962976691
OS,2023-01-31,0.7597500801072435,5.880416666666667,1.3449219395212113,25238.78191435958,2.790190631155894,-3.8998402586588976,1.111346394653654,503.4260869565217,NA,NA,NA,2.790190631155894,-3.8998402586588976
OS,2023-02-01,0.784637266009127,6.154166666666667,1.3858203305369627,25133.861076269095,2.573376819912542,-3.5810424560024687,1.1688899623240843,495.88695652173914,NA,NA,NA,2.573376819912542,-3.5810424560024687
OS,2023-02-02,0.8316434946830673,6.6258333333333335,1.4628352854716515,24945.02335999854,NA,-0.31082752530905366,1.2694330350967966,387.5826086956522,NA,NA,NA,NA,-0.31082752530905366
OS,2023-02-03,0.8478545940800755,7.008333333333333,1.489331942488765,24882.367939156615,NA,NA,1.2895348312062138,368.59565217391304,2.5949006047950074,-7.172959595257466,0.6137004111045983,2.5949006047950074,-7.172959595257466
OS,2023-02-04,0.813854519182499,6.668095238095238,1.4337332429310234,25014.785816298983,2.321374955182812,-3.270288963006078,1.162102906294332,461.9217391304348,NA,NA,NA,2.321374955182812,-3.270288963006078
OS,2023-02-05,0.8365003944730157,6.46625,1.4707598261312562,24926.779347840406,0.6313122086890093,-2.089498872674535,1.2370159614299192,371.3,NA,NA,NA,0.6313122086890093,-2.089498872674535
OS,2023-02-06,0.900535174818875,7.859166666666667,1.575157236976988,24689.082167217523,NA,NA,1.4042975645999962,284.9826086956522,NA,NA,NA,NA,NA
OS,2023-02-07,0.9345227885662668,7.7675,1.6303626008617027,24570.260207580326,NA,-0.34178298900858983,1.5091658771773027,303.7086956521739,NA,NA,NA,NA,-0.34178298900858983
OS,2023-02-08,0.952999251897007,8.009166666666667,1.6603062251787104,24507.959446240555,NA,NA,1.6018194701712272,306.6,NA,NA,NA,NA,NA
OS,2023-02-09,0.9743276916514442,7.421304347826087,1.6948202471191425,24437.745365540795,NA,-0.9207188437693358,1.687196952406736,287.7913043478261,NA,NA,NA,NA,-0.9207188437693358
OS,2023-02-10,0.9966256078547647,6.996666666666667,1.730846958844114,24366.15004738222,NA,-1.9303991877913265,1.7923059928604208,297.1608695652174,NA,NA,NA,NA,-1.9303991877913265
OS,2023-02-11,1.0417955723431862,6.46625,1.8036345833480996,24227.136927917556,NA,-3.0384284440872618,1.9830420670407551,362.2739130434783,1.3443357502537454,-4.0728530513945,0.6144613174659695,1.3443357502537454,-3.0384284440872618
OS,2023-02-13,1.047175083091124,5.76375,1.812300337417855,24210.672504717317,NA,-5.895022570189246,1.832366058347711,380.17391304347825,1.5581460701209084,-3.2390102026079,0.6133086616361005,1.5581460701209084,-5.895022570189246
OS,2023-02-14,1.0552857994506466,7.2269565217391305,1.8253368261549643,24186.71157789668,NA,-3.634908457579733,1.83279160444842,340.2782608695652,2.0320766352409025,-5.455379934259528,0.614820100427748,2.0320766352409025,-3.634908457579733
OS,2023-02-15,1.143711761179462,6.656666666666666,1.9670934305902452,23936.129530884253,0.39450427834819474,-6.644621452666462,2.1915919059281816,237.7,1.0139874600319976,-0.23065557194219471,0.6165338118773793,0.39450427834819474,-6.644621452666462
OS,2023-03-30,1.0163660572808193,6.249583333333333,1.7626679004973884,24305.064947056257,NA,-3.6049894034361096,1.9610869727573348,498.0173913043478,NA,NA,NA,NA,-3.6049894034361096
OS,2023-03-31,1.0165904208305658,5.33625,1.7630489437593289,24303.7792242216,NA,-3.917060665657753,1.967166383781956,437.8304347826087,4.628836985037943,-7.764534543801272,0.6152812630168057,4.628836985037943,-3.917060665657753
OS,2023-04-01,1.0630704539677236,5.199565217391305,1.837867331576358,24163.18277072319,0.00735479491453315,-6.630327259085187,2.1838814008291343,412.75217391304346,3.385700154159861,-6.0367542049779725,0.6151090526935281,0.00735479491453315,-6.630327259085187
OS,2023-04-02,1.0778708709022375,5.06375,1.8616467585569665,24119.745991298332,0.47824694269629314,-7.417311366591456,2.302214316754751,489.54347826086956,3.554418033642069,-5.796688319050761,0.61690241068765606,0.47824694269629314,-7.417311366591456
OS,2023-04-03,1.0714186003935522,4.990833333333334,1.8512853519307115,24138.52757768117,NA,-6.0675713266247415,2.2469389980296577,451.30434782608694,2.6823293651200357,-6.125646233574691,0.6157508243314754,2.6823293651200357,-6.0675713266247415
OS,2023-04-04,1.0675878743325335,4.694583333333333,1.845131563753819,24149.742382346918,NA,-7.04840706303357,2.2284740243990235,479.54347826086956,3.006181121246685,-6.394087103880456,0.61500008799956285,3.006181121246685,-7.04840706303357
OS,2023-04-05,1.0560406996914358,4.54125,1.8265718395576351,24183.84200191533,0.0238103385116742,-7.68463978589772,2.205384873160995,455.17391304347825,2.730100293350521,-5.340535392402507,0.6161341819383541,0.0238103385116742,-7.68463978589772
OS,2023-04-06,1.042674573062902,4.544583333333334,1.805071798654001,24223.809119320016,NA,-7.351592001456011,2.1781660343032265,463.5173913043478,3.599862922697505,-6.850378245035186,0.6159269413829807,3.599862922697505,-7.351592001456011
OS,2023-04-07,1.0313621817566345,4.306956521739131,1.786860291435392,24258.0849969683,NA,-7.619191418344332,2.1309502220200045,472.25217391304346,3.706050248288668,-6.992764989726384,0.61525628042509,3.706050248288668,-7.619191418344332
OS,2023-04-08,1.019887409699455,3.65375,1.7683703737802066,24293.370079846994,NA,-8.506653767151366,2.0575125564317953,467.32608695652175,3.5626408454378726,-8.173367633864784,0.6143422558184901,3.5626408454378726,-8.506653767151366
OS,2023-04-09,0.9712375136553772,3.4929166666666664,1.689799360116901,24448.577030153494,0.5351374397664019,-9.183220311724051,1.7804078585964966,498.3478260869565,5.31456763568778,-7.71373064484854,0.614453310415602,0.5351374397664019,-9.183220311724051
OS,2023-04-10,0.9034417799192017,5.09625,1.5798864264208243,24678.637534909172,1.1354391213639732,-6.08392145777282,1.490431314120264,489.48695652173916,6.310385646452014,-8.919730756091143,0.6138145571678659,1.1354391213639732,-6.08392145777282
OS,2023-04-11,0.8847879797889359,5.059166666666666,1.5495530523346979,24745.04430886195,1.1946686274842253,-5.850979619129367,1.4537048848527152,447.38260869565215,7.142535071599816,-8.4761497526153,0.6142420699025308,1.1946686274842253,-5.850979619129367
OS,2023-04-12,0.9091557847063146,4.921666666666667,1.58917595840456,24658.370918552097,NA,-5.015406723577456,1.543137344138959,448.2608695652174,6.355990356094266,-8.025596780326467,0.6143563231313975,6.355990356094266,-5.015406723577456
OS,2023-04-13,0.9556030302950118,4.287083333333333,1.6645161231041374,24499.506701566417,NA,-5.8508624535533,1.7282338411019862,404.7782608695652,4.664481933727301,-8.079384160996293,0.613720369105794,4.664481933727301,-5.8508624535533
OS,2023-04-14,0.9642438069981699,3.9804166666666667,1.678510267400851,24470.683477630257,NA,-6.631981555784085,1.7930143257218005,490.4,2.2982925935559506,-4.609003966664487,0.6143828750606842,2.2982925935559506,-6.631981555784085
OS,2023-04-15,0.9459654460911748,4.475833333333333,1.6489128896243097,24531.47981440361,NA,-5.2893863965742565,1.7204790007530868,468.5739130434783,3.4625698613145395,-5.2094949288187875,0.6141883082039312,3.4625698613145395,-5.2893863965742565
OS,2023-04-16,0.935812253277021,4.965,1.6324523576213579,24565.912641839855,NA,-3.6615936064330863,1.712558536574835,456.75217391304346,2.912319891728234,-5.944825272451213,0.6135462172629405,2.912319891728234,-3.6615936064330863
OS,2023-04-17,0.8849840664018344,5.976666666666667,1.5498413057893916,24745.441529160453,0.8988911032854984,-3.818099216533984,1.5208943879215568,475.9347826086956,NA,NA,NA,0.8988911032854984,-3.818099216533984
OS,2023-04-18,0.8272238911878742,5.421666666666667,1.4556160793781006,24961.930234215313,3.188656812051539,-6.516376591583465,1.2827987633132079,504.7217391304348,NA,NA,NA,3.188656812051539,-6.516376591583465
OS,2023-04-19,0.8349584035062936,5.340833333333333,1.468261415785638,24931.907032942807,1.3081029322678366,-4.828982748338834,1.3069182670450488,410.75652173913045,5.780213433576844,-9.659086672880196,0.614146316807577,1.3081029322678366,-4.828982748338834
OS,2023-04-20,0.8494724054654748,5.345,1.4919775893202756,24876.064734865948,1.029231885331268,-4.657468343520435,1.374218681182682,433.6521739130435,4.259423876361939,-5.476462213176446,0.6136069334909918,1.029231885331268,-4.657468343520435
OS,2023-04-21,0.8540490961505633,5.238333333333333,1.4994480432904114,24858.75465209126,0.7366818286208783,-4.584790926202422,1.3916003416184197,436.6434782608696,6.378468722005699,-7.442392861623999,0.6149220952263749,0.7366818286208783,-4.584790926202422
OS,2023-04-22,0.8532205827259461,5.127083333333333,1.498093521782623,24861.968557113552,0.388237948482519,-4.369094312242203,1.4053018245819322,438.2173913043478,5.833033006104115,-7.026568408550293,0.6158264038967276,0.388237948482519,-4.369094312242203
OS,2023-04-23,0.8067776342138041,5.906818181818182,1.422123419837049,25043.80257663997,1.2335282256007534,-3.475794172427862,1.2556136199096333,478.62608695652176,NA,NA,NA,1.2335282256007534,-3.475794172427862
OS,2023-04-24,0.7610031479543644,5.526666666666666,1.3469823410333899,25233.451257572713,1.9416620944651133,-4.317862463682908,1.0983141458174157,502.0521739130435,NA,NA,NA,1.9416620944651133,-4.317862463682908
OS,2023-04-25,0.7553079934693513,6.329583333333334,1.3376120429185203,25257.92214002484,3.686736934194486,-4.713159768607902,1.0954665142576137,489.504347826087,NA,NA,NA,3.686736934194486,-4.713159768607902
OS,2023-04-26,0.7484071349178681,5.920833333333333,1.3262472075014824,25288.027928075997,2.4376214453787672,-3.99838701034109,1.0865450966321424,520.6260869565217,NA,NA,NA,2.4376214453787672,-3.99838701034109
OS,2023-04-27,0.748864469709558,5.9325,1.3269995001593795,25286.07021480537,4.639843512899529,-6.1703642386018585,1.0886381195813766,516.9956521739131,NA,NA,NA,4.639843512899529,-6.1703642386018585
OS,2023-04-28,0.750019232435075,5.5600000000000005,1.3289017195834716,25281.01225546788,3.9911732582209622,-6.135094897681099,1.0906317253023854,507.97826086956525,NA,NA,NA,3.9911732582209622,-6.135094897681099
OS,2023-04-29,0.7883451281581754,4.21875,1.3918809815850615,25119.55356827393,2.7798950971193146,-7.411737916509027,1.2062059280399033,513.3391304347826,NA,NA,NA,2.7798950971193146,-7.411737916509027
OS,2023-04-30,0.8484861760268622,6.505217391304348,1.4903641533618794,24879.930776997888,NA,-1.3541657400576912,1.4037184215507361,400.7869565217391,3.589263436912627,-8.408600033377262,0.61492107967061,3.589263436912627,-1.3541657400576912
OS,2023-05-01,0.7924330864531393,5.963181818181818,1.3985801205980024,25103.06710156471,3.948352149853929,-6.003888717799566,1.2081447386171,511.74347826086955,NA,NA,NA,3.948352149853929,-6.003888717799566
OS,2023-05-02,0.7384413665494091,5.97,1.3098194609156002,25332.16430381425,4.414242354232257,-5.882909043836071,1.0377981874134632,519.9913043478261,NA,NA,NA,4.414242354232257,-5.882909043836071
OS,2023-05-03,0.7328380105536941,6.19375,1.3005819312939078,25357.01763013246,4.034856338803447,-5.10579991151744,1.0184812107191648,516.704347826087,NA,NA,NA,4.034856338803447,-5.10579991151744
OS,2023-05-04,0.733498216358338,6.0625,1.3016710704134755,25354.057182576817,3.3914706404618857,-4.680207672835765,1.0154061218294812,515.4478260869565,NA,NA,NA,3.3914706404618857,-4.680207672835765
OS,2023-05-05,0.7335837662611406,6.347142857142857,1.301812195075737,25353.67385798771,3.7009849982406338,-4.5328288585561705,1.0231471295360852,516.0434782608696,NA,NA,NA,3.7009849982406338,-4.5328288585561705
OS,2023-05-06,0.7334323024926169,6.733913043478261,1.3015623334407274,25354.35270985239,4.790561729934077,-4.941609663117877,1.0497016844162324,524.5826086956522,NA,NA,NA,4.790561729934077,-4.941609663117877
OS,2023-05-07,0.7361133835949699,6.315217391304348,1.3059842587828583,25342.375820846963,3.7273701527781977,-4.545460930382805,1.0557708290317422,521.8739130434783,NA,NA,NA,3.7273701527781977,-4.545460930382805
OS,2023-05-08,0.7437460540114806,6.015217391304348,1.3185678346666236,25308.497376201554,2.839376605365006,-4.18558534468001,1.078098836683467,482.4478260869565,NA,NA,NA,2.839376605365006,-4.18558534468001
OS,2023-05-09,0.7428800513338548,6.34375,1.3171405072657036,25312.323750343287,2.7402457590787126,-3.541556559212822,1.0881055668592001,509.32608695652175,NA,NA,NA,2.7402457590787126,-3.541556559212822
OS,2023-05-10,0.7341901814871771,6.0475,1.3028121553749523,25350.973794828828,3.203255410463515,-4.359290304022335,1.07034149558325,519.1454545454545,NA,NA,NA,3.203255410463515,-4.359290304022335
OS,2023-05-11,0.7295638505497396,5.178333333333334,1.2972755984902258,25371.746774634834,3.0913761504833066,-5.552487591168965,1.051435425904404,494.735,NA,NA,NA,3.0913761504833066,-5.552487591168965
OS,2023-05-12,0.7288609654393716,5.4425,1.2971615847388087,25374.915370320694,4.068046033710516,-6.091590440089851,1.0605059194911282,539.2695652173913,NA,NA,NA,4.068046033710516,-6.091590440089851
OS,2023-05-13,0.7304903608267935,5.3925,1.2972602623182925,25367.569515968353,4.061122898099239,-6.19000527911154,1.0562887932416418,532.6565217391304,NA,NA,NA,4.061122898099239,-6.19000527911154
OS,2023-05-14,0.7309767368525103,5.240869565217391,1.2975805618419016,25365.380041147608,3.829251948837044,-6.203903268155031,1.0533312358305975,529.2173913043479,NA,NA,NA,3.829251948837044,-6.203903268155031
OS,2023-05-15,0.7299903737476259,5.24375,1.2971615847388087,25369.821235170508,3.6759254902253105,-6.036528945375866,1.0526472303013363,527.104347826087,NA,NA,NA,3.6759254902253105,-6.036528945375866
OS,2023-05-16,0.7298566786966688,5.113333333333333,1.2971615847388087,25370.423664465572,2.880604546345667,-5.4218084423585395,1.0584640520038142,529.5608695652174,NA,NA,NA,2.880604546345667,-5.4218084423585395
OS,2023-05-17,0.7307649607909121,5.77375,1.297393318556705,25366.33318273456,4.071636231350749,-5.600952496845883,1.063573440283508,533.395652173913,NA,NA,NA,4.071636231350749,-5.600952496845883
OS,2023-05-18,0.7304066581308021,5.314166666666667,1.2972781476148425,25367.946877811934,3.132990428790199,-5.4059736376347525,1.0471001761748973,526.5739130434782,NA,NA,NA,3.132990428790199,-5.4059736376347525
OS,2023-05-19,0.7278446491558896,5.772083333333333,1.2971615847388087,25379.508054133516,3.5241999851481753,-5.063495828950682,1.0515239384044262,532.2739130434783,NA,NA,NA,3.5241999851481753,-5.063495828950682
OS,2023-05-20,0.7265498903097561,5.640909090909091,1.2971615847388087,25385.36618216964,3.544809350712118,-5.248030266518205,1.0592884400080473,539.2565217391304,NA,NA,NA,3.544809350712118,-5.248030266518205
OS,2023-05-21,0.7281495323406192,4.791363636363636,1.2971615847388087,25378.12834940677,1.8915019505807549,-4.908933151553232,1.0573081414861218,535.2782608695652,NA,NA,NA,1.8915019505807549,-4.908933151553232
OS,2023-05-22,0.7283234425989683,5.409583333333333,1.2971615847388087,25377.34226247785,2.9788447016493067,-5.077856168023554,1.0493835151476612,527.4956521739131,NA,NA,NA,2.9788447016493067,-5.077856168023554
OS,2023-05-23,0.7272703955348153,5.474583333333333,1.2971615847388087,25382.104781460213,2.6024382421582337,-4.614573419160009,1.0420985602428523,499.32173913043476,NA,NA,NA,2.6024382421582337,-4.614573419160009
OS,2023-05-24,0.72581118185744,5.449565217391305,1.2971615847388087,25388.714525490486,3.2218039513788654,-5.2506103201181755,1.0445523572832809,525.2304347826087,NA,NA,NA,3.2218039513788654,-5.2506103201181755
OS,2023-05-25,0.7261708891906715,6.3130434782608695,1.2971615847388087,25387.08418079403,3.751330838684044,-4.472574198058675,1.044146763066772,533.4173913043478,NA,NA,NA,3.751330838684044,-4.472574198058675
OS,2023-05-26,0.726345209811862,4.523333333333333,1.2971615847388087,25386.29366277278,1.2107394699319132,-4.7512857698385265,1.0128454963325593,518.2565217391304,3.4585166770484133,-5.077278298540021,0.6149784328489153,1.2107394699319132,-4.7512857698385265
OS,2023-05-27,0.7266986425262082,5.992916666666667,1.2971615847388087,25384.69281829839,2.7767883544213854,-4.034418072410547,1.030372094195843,524.2173913043479,NA,NA,NA,2.7767883544213854,-4.034418072410547
OS,2023-05-28,0.7293257618850353,5.875217391304348,1.297162942805063,25372.819992833374,3.7169860104030974,-5.169576599611386,1.0337134657368066,520.9478260869565,NA,NA,NA,3.7169860104030974,-5.169576599611386
OS,2023-05-29,0.7312725418905109,5.744166666666667,1.2979991098255026,25364.04932922212,3.4829648019552506,-5.132205905339196,1.0416406735973216,522.6521739130435,NA,NA,NA,3.4829648019552506,-5.132205905339196
OS,2023-05-30,0.7305162603413953,5.765416666666667,1.2974551189312153,25367.454182545367,4.519917984700249,-5.060986010135244,1.050466915414359,528.4826086956522,NA,NA,NA,4.519917984700249,-5.060986010135244
OS,2023-05-31,0.7275341210097311,4.962083333333333,1.2971615847388087,25380.91228600146,2.8886497868536765,-4.659332601243994,1.035861502630329,514.5521739130435,NA,NA,NA,2.8886497868536765,-4.659332601243994
OS,2023-06-01,0.7253564205495121,5.37,1.2971615847388087,25390.77864271831,3.1415483498424024,-4.233006123270183,1.0467345654238316,509.5217391304348,NA,NA,NA,3.1415483498424024,-4.233006123270183
OS,2023-06-02,0.7251522598148838,6.287083333333333,1.2971615847388087,25391.70553470239,4.633368456052213,-4.324542358609473,1.0478254734610128,533.1260869565217,NA,NA,NA,4.633368456052213,-4.324542358609473
OS,2023-06-03,0.7277643912400233,5.4019047619047615,1.2971615847388087,25379.87154593091,2.2871651634383667,-3.3588499945336956,1.0463223671478585,483.32608695652175,NA,NA,NA,2.2871651634383667,-3.3588499945336956
OS,2023-06-04,0.7275109510042165,5.281304347826087,1.2971615847388087,25381.017588431274,2.5066644943843066,-3.745197960402229,1.0510000047665398,499.5521739130435,NA,NA,NA,2.5066644943843066,-3.745197960402229
OS,2023-06-05,0.7262197456642066,6.99625,1.2971615847388087,25386.86585734036,4.4023104167520835,-3.0141081677498507,1.0519241722318837,522.5826086956522,NA,NA,NA,4.4023104167520835,-3.0141081677498507
OS,2023-06-06,0.732600353912391,5.578,1.30074853422156,25358.107682684706,1.876325016855373,-2.717273517410989,1.0573060494582813,477.9304347826087,NA,NA,NA,1.876325016855373,-2.717273517410989
OS,2023-06-07,0.739611126516318,5.547916666666667,1.3117521623804254,25326.79187831701,2.005891271132019,-2.9665631631544107,1.0820820967305034,473.31739130434784,NA,NA,NA,2.005891271132019,-2.9665631631544107
OS,2023-06-08,0.7395819629303033,6.765,1.3117040767196295,25326.921548759023,2.401520186188423,-1.4455988557085264,1.100897429269332,496.0739130434783,NA,NA,NA,2.401520186188423,-1.4455988557085264
OS,2023-06-09,0.7329863669165204,5.349166666666667,1.3009756119798361,25356.36570299037,2.1105893878700552,-3.3041519235306622,1.0600136762184176,514.4478260869565,NA,NA,NA,2.1105893878700552,-3.3041519235306622
OS,2023-06-10,0.7285396000157928,5.5725,1.2971615847388087,25376.366696575955,3.94909316849886,-4.781747842751138,1.0426344004551622,528.7,NA,NA,NA,3.94909316849886,-4.781747842751138
OS,2023-06-11,0.7290638044165584,5.7375,1.2971615847388087,25374.000776220168,4.540236808943589,-5.075766064483244,1.0602154282129772,538.5,NA,NA,NA,4.540236808943589,-5.075766064483244
OS,2023-06-12,0.7308772655912721,3.076,1.297520253617514,25365.82784299308,1.0176541728008175,-5.743404015792791,1.0211194846215261,532.7739130434783,NA,NA,NA,1.0176541728008175,-5.743404015792791
OS,2023-07-14,1.0925086572283802,1.9775,1.8851366874712114,24077.606533604474,NA,-10.351569837860174,2.447501316096678,508.46956521739133,1.518020278874186,-8.096660230248334,0.6143876607525256,1.518020278874186,-10.351569837860174
OS,2023-07-15,1.0854153749716147,2.117391304347826,1.8737567231380046,24097.941843559267,NA,-11.894697118807022,2.393931275260549,493.9391304347826,1.888079884409168,-5.087271522836671,0.6162931656147028,1.888079884409168,-11.894697118807022
OS,2023-07-16,1.0757644081715656,2.233125,1.8582639939558878,24125.880267311342,NA,-10.669190439832883,2.373015892144648,501.2173913043478,1.6470541752991708,-10.227381450198028,0.6147691211372309,1.6470541752991708,-10.669190439832883
OS,2023-07-17,1.0584981504083464,0.896,1.8305219395359853,24176.577622409408,NA,-12.405080127880094,2.2840332245120436,500.0608695652174,1.5824277684452863,-5.894076241551774,0.6152487468598798,1.5824277684452863,-12.405080127880094
OS,2023-07-18,1.0379859892398706,1.1463157894736842,1.7975242507384799,24238.00092633687,NA,-12.242472548855508,2.214630320485633,511.75217391304346,1.3091741663535903,-5.127515253089795,0.6155778189338634,1.3091741663535903,-12.242472548855508
OS,2023-07-19,1.0190261638820786,2.526521739130435,1.7669827919725363,24296.01246887778,NA,-8.995672865051592,2.131212625041857,515.1608695652174,1.7481664268235877,-5.175354329137093,0.6156476340457346,1.7481664268235877,-8.995672865051592
OS,2023-07-20,0.9945785123786492,2.5269565217391303,1.7275411828538898,24372.668430695237,NA,-7.767992100530525,2.0376663750733623,517.8173913043478,2.6379696648588187,-6.332973218250947,0.615357342934961,2.6379696648588187,-7.767992100530525
OS,2023-07-21,0.9693724364391805,3.022222222222222,1.686805783613141,24453.92111797726,NA,-7.709863738736035,1.936944030502496,521.4304347826087,5.231027083619182,-10.646334104264811,0.6157200480963049,5.231027083619182,-7.709863738736035
OS,2023-07-22,0.9557316086294932,1.3911111111111112,1.6647327148951454,24498.802175717545,NA,-10.975848527705995,1.8779165542222498,515.908695652174,2.1674714698453084,-8.648809584017865,0.6157989056442086,2.1674714698453084,-10.975848527705995
OS,2023-07-24,0.93235699813992845,6.036363636363636,1.6268465973947013,24577.766725038517,0.8686209931017077,-3.182974448282951,1.7926866973849935,510.7173913043478,NA,NA,NA,0.8686209931017077,-3.182974448282951
OS,2023-07-25,0.8990668079001012,3.9941666666666666,1.572781895683781,24693.87297536962,0.9516429767307448,-6.6683881694840546,1.6289235225946586,513.2130434782608,7.027579101814415,-9.88835288271288,0.6149355903587918,0.9516429767307448,-6.6683881694840546
OS,2023-07-26,0.8768726093965502,3.7916666666666665,1.5366622614882053,24773.910299134233,1.9541377071692607,-7.667168439827312,1.5423413990339467,512.5130434782609,7.42627132672681,-10.389113273438872,0.6156955120045328,1.9541377071692607,-7.667168439827312
OS,2023-07-27,0.8770510517658334,3.4145833333333333,1.5369532506473398,24773.24580054248,1.6410460430493254,-8.014312353406808,1.5338367558547252,507.6478260869565,5.764547726253707,-8.346734429149093,0.6141847118273168,1.6410460430493254,-8.014312353406808
OS,2023-07-28,0.8907407492252893,3.3516666666666666,1.5592409497563116,24723.573122546397,1.4144408003074864,-8.116964948797497,1.5862442709390518,506.10434782608695,5.429569066628725,-8.46363186669122,0.614300772935058,1.4144408003074864,-8.116964948797497
OS,2023-07-29,0.9033628808935334,3.358695652173913,1.57977079993498,24678.476439407117,1.6525965368276536,-8.522683104287205,1.6465004814731359,491.9695652173913,6.310890777004096,-9.074877711413034,0.6148928097733996,1.6525965368276536,-8.522683104287205
OS,2023-07-30,0.9070183892292162,2.2058333333333335,1.5857128487477155,24665.543208025218,0.0660348770218205,-9.078322659714887,1.640279797632629,497.0043478260869,1.2052244684248508,-7.260635662315301,0.6160530219249961,0.0660348770218205,-9.078322659714887
OS,2023-07-31,0.9140616578336622,4.460588235294118,1.5971549825632614,24640.85812767612,2.7757098713628343,-7.776309258500838,1.747216266161074,457.3363636363636,NA,NA,NA,2.7757098713628343,-7.776309258500838
OS,2023-08-01,0.9296079532553273,3.7933333333333334,1.6223915444185848,24587.03002060548,0.6208043562153093,-7.09289711355892,1.777294566646383,466.98695652173916,NA,NA,NA,0.6208043562153093,-7.09289711355892
OS,2023-08-02,0.935164676984213,3.850416666666667,1.6314056041697942,24568.003755943784,0.2328962186094155,-6.689323057110804,1.8034726048617031,468.05652173913046,NA,NA,NA,0.2328962186094155,-6.689323057110804
OS,2023-08-03,0.9451800777307422,3.997916666666667,1.6476394526780274,24534.149253205356,0.1569574127760795,-6.49045441175592,1.8525838676917805,468.53478260869565,NA,NA,NA,0.1569574127760795,-6.49045441175592
OS,2023-08-04,0.9728799602401025,3.62375,1.6924751078898963,24442.588346120232,NA,-6.201792594997968,1.9493700227550839,490.60434782608695,NA,NA,NA,NA,-6.201792594997968
OS,2023-08-05,1.0066023458447793,3.131666666666667,1.7469470919562557,24334.725699906394,NA,-7.646798644774389,2.051611476286537,497.24347826086955,3.3612344647354995,-7.151764127976523,0.6145664510155955,3.3612344647354995,-7.646798644774389
OS,2023-08-06,1.0243704704891416,3.3545833333333333,1.7755972495631092,24279.490202680925,NA,-8.541139161631335,2.144426963888276,514.1782608695652,3.66316880570239,-6.123595199987186,0.6149027030767527,3.66316880570239,-8.541139161631335
OS,2023-08-07,1.033607832206733,3.6416666666666666,1.7904763518380844,24251.255161083893,NA,-7.276100255848567,2.221541380096158,526.0391304347826,2.83383659362918,-6.768250870965861,0.6142519894563557,2.83383659362918,-7.276100255848567
OS,2023-08-08,1.045201592937565,3.3108333333333335,1.8091384245170832,24216.19922560148,NA,-7.61745417194502,2.2825586744869395,525.604347826087,2.0314168122442235,-6.169102085438247,0.6151923580217488,2.0314168122442235,-7.61745417194502
OS,2023-08-09,1.0521728853305694,3.3066666666666666,1.8203530256813785,24195.32567703021,NA,-7.946396165746193,2.3185916248516607,526.8652173913043,2.1079303581376787,-6.304017439204446,0.6156934476062732,2.1079303581376787,-7.946396165746193
OS,2023-08-10,1.056868039060805,3.0429166666666667,1.8279029151135884,24181.360460516207,NA,-8.346346911829198,2.3321474362306076,530.3434782608696,1.6841855375282029,-6.1182173312925165,0.6147229029424025,1.6841855375282029,-8.346346911829198
OS,2023-08-11,1.052071979146891,2.9633333333333334,1.820189724487079,24195.656848134255,NA,-8.774692391605473,2.321173318940764,530.5,1.4068633326816788,-5.886013460226641,0.6139565178966847,1.4068633326816788,-8.774692391605473
OS,2023-08-12,1.026416810384108,2.7325,1.7788899745981304,24273.339876437134,NA,-9.071243045122811,2.2019184579457853,534.5608695652174,1.735786479166021,-6.04891383107397,0.615033760378686,1.735786479166021,-9.071243045122811
OS,2023-08-13,0.9986839616110808,2.67375,1.7341706522771851,24359.604270165124,NA,-8.71580423758324,2.0714079146239817,519.7913043478261,2.141324906833062,-6.215510674055935,0.6159652125627391,2.141324906833062,-8.71580423758324
OS,2023-08-14,0.9881640438773514,3.0795833333333333,1.7171846882402744,24393.030290102753,NA,-8.695456954139273,2.021530618878309,515.4173913043478,4.485253288028821,-8.413759167960505,0.6139853464310645,4.485253288028821,-8.695456954139273
OS,2023-08-15,0.9825227570978756,2.57375,1.708069959031227,24411.146251904964,NA,-9.254439986009642,1.9607913149690817,482.8782608695652,2.466633056814296,-5.737453892940998,0.6154712267936951,2.466633056814296,-9.254439986009642
OS,2023-08-16,0.9798068638300628,4.432916666666666,1.7036807443135455,24419.90286500768,1.519944948576024,-7.7490906942012545,1.9547002597141572,461.4130434782609,5.63687389361988,-8.455014792374852,0.6152486744709402,1.519944948576024,-7.7490906942012545
OS,2023-08-17,0.9808176889514151,3.412916666666667,1.7053145224186639,24416.638584939647,NA,-7.427718170107246,1.9526027066001201,422.90000000000003,4.229878682385677,-8.415228988902205,0.6144382406206491,4.229878682385677,-7.427718170107246
OS,2023-08-18,0.9718670532253116,3.521304347826087,1.6908424164098932,24445.715564215847,0.33075962783852514,-8.098991332931137,1.9249759390411212,478.03478260869565,5.636767718881932,-8.366634786341203,0.6144310205367466,0.33075962783852514,-8.098991332931137
OS,2023-08-19,0.9549756071298942,3.3983333333333334,1.6635072393150938,24501.359970787085,0.557644390086761,-8.218813505393,1.8664660504045274,495.8,6.2972502394691094,-9.813898781672838,0.6149226354786953,0.557644390086761,-8.218813505393
OS,2023-08-20,0.9441460141755859,3.3660869565217393,1.6459652080825329,24537.582731161056,0.8306057184997743,-8.387624583468897,1.8106096243329708,497.4913043478261,7.043869135989918,-10.487179289142484,0.6147428073314962,0.8306057184997743,-8.387624583468897
OS,2023-08-21,0.9361441649535233,3.620833333333333,1.6329934004881428,24564.687736760978,1.727103885003595,-8.700330153526282,1.777196706222852,495.4,8.795347883583068,-10.9634426935765,0.6136262167034132,1.727103885003595,-8.700330153526282
OS,2023-08-22,0.9217714512693427,3.7704166666666667,1.6096736141924028,24614.054115698953,1.297090362358753,-7.799008499402192,1.7076077063989141,495.16521739130434,7.194121350151597,-10.360232350786315,0.6143301579525792,1.297090362358753,-7.799008499402192
OS,2023-08-23,0.9000735569873934,3.535833333333333,1.5744196915308717,24690.264740396487,1.8537131527510236,-8.387213685881267,1.6313480724920169,493.45217391304345,8.095394256951128,-10.71406507839452,0.6150818869602884,1.8537131527510236,-8.387213685881267
OS,2023-08-24,0.8769532390040138,3.5212499999999998,1.536792579860226,24773.652101675,1.9500679798294376,-8.131356869712196,1.541044366280375,496.5173913043478,6.892519064327779,-9.628723383544086,0.6136552396145263,1.9500679798294376,-8.131356869712196
OS,2023-08-25,0.8623535516669029,3.547083333333333,1.512996642737167,24827.590297965977,2.034771465020102,-7.943206472573706,1.4840159132957556,495.89565217391305,6.797847131968955,-9.614144744139534,0.6145925594188059,2.034771465020102,-7.943206472573706
OS,2023-08-26,0.8570279976601447,3.4656521739130435,1.504309598487349,24847.519505684977,2.0166814402290822,-7.959110820653448,1.4686788875465058,499.0521739130435,6.068511781415082,-8.807162596251553,0.613810644361056,2.0166814402290822,-7.959110820653448
OS,2023-08-27,0.8631595824073051,3.27875,1.5143110561321005,24824.588076989814,1.6550601874964186,-7.986708555480684,1.4977900466108367,490.1521739130435,4.487464992519091,-7.523725068736549,0.6152656027592375,1.6550601874964186,-7.986708555480684
OS,2023-08-28,0.8816659702550634,3.3858333333333333,1.5444656939014667,24756.534259477165,1.3151136311162734,-7.7327561433736145,1.5772930822315254,473.32173913043476,NA,NA,NA,1.3151136311162734,-7.7327561433736145
OS,2023-08-29,0.8922600875895352,1.63875,1.5616920336589666,24718.86266186877,NA,-8.371401713595226,1.6127103631675956,457.60869565217394,1.9342402426208365,-8.60107824223559,0.6146434160824144,1.9342402426208365,-8.371401713595226
OS,2023-08-30,0.7457347173760291,1.5379166666666666,1.3481399682028046,25309.22364192451,2.9467179057774384,-10.18956780672556,1.1693688404333304,363.82173913043476,NA,NA,NA,2.9467179057774384,-10.18956780672556
OS,2023-08-31,0.685072065920365,0.66625,1.303699984174254,25585.6969656992,0.2863627089317649,-8.115707974052757,1.0211997685499414,402.2826086956522,1.965159519398187,-6.43588397143694,0.6157992801886032,0.2863627089317649,-8.115707974052757
OS,2023-09-01,0.8652623767882717,0.98125,1.5176075117267813,24821.627978669014,NA,-9.037462729326814,1.5133952410055589,485.4826086956522,3.3643306141811604,-8.839462987710425,0.6138706827572993,3.3643306141811604,-9.037462729326814
OS,2023-09-02,0.9363317331623202,0.97375,1.6332978903134812,24564.03814922952,0.3869363227304363,-12.081550279250704,1.7746254797372207,463.19565217391306,4.827483788186803,-9.907863838897324,0.6147063983179464,0.3869363227304363,-12.081550279250704
OS,2023-09-03,0.9716531795057162,0.14958333333333332,1.6904711991160253,24447.23222734708,NA,-13.46852252606075,1.9170759046797334,465.4869565217391,1.7145364553122169,-7.582120834349373,0.6143808309515197,1.7145364553122169,-13.46852252606075
OS,2023-09-04,1.0529708319137538,0.12,1.8216040503033983,24193.906716033638,NA,-15.373254427558264,2.2721760402422677,488.37391304347824,1.7882202175152562,-8.446461780808674,0.6136489237769661,1.7882202175152562,-15.373254427558264
OS,2023-09-27,0.9646078392790972,3.763076923076923,1.6790876541834079,24469.86652274746,NA,-6.861980706233153,1.8280816665394792,440.8076923076923,NA,NA,NA,NA,-6.861980706233153
OS,2023-09-28,0.9177187225076016,3.685,1.6030880014969475,24628.317795958596,0.9097434041556404,-7.558669155491007,1.6713956282056173,464.4913043478261,4.989703589131051,-7.9395111097374285,0.6151859885656681,0.9097434041556404,-7.558669155491007
OS,2023-09-29,0.9046730208088286,3.7425,1.5819007870115729,24673.82900672372,0.9887646269543432,-7.306551596385285,1.6206522780703991,444.5913043478261,5.516687087915177,-8.023853149787548,0.6152360820571078,0.9887646269543432,-7.306551596385285
OS,2023-09-30,0.9106145925680366,3.4408333333333334,1.5915563806625377,24652.89351603447,0.4256955341060464,-7.3415531096032,1.6530531790064649,462.3652173913043,4.109005632713613,-6.524835683516879,0.6168619422658873,0.4256955341060464,-7.3415531096032
OS,2023-10-01,0.8952993323323254,3.368333333333333,1.5666546284707952,24707.315782516253,NA,-6.747572815337977,1.5850508274125477,492.0173913043478,3.5490231632364293,-5.53400468035137,0.6150753883056801,3.5490231632364293,-6.747572815337977
OS,2023-10-02,0.8674045651382843,3.5879166666666666,1.5212302164442315,24808.894826389707,0.17582339736691857,-6.174560085560514,1.4770960787840717,494.2304347826087,4.2343863949250595,-6.6226486419366974,0.6157005060141664,0.17582339736691857,-6.174560085560514
OS,2023-10-03,0.8516314722991876,3.6317391304347826,1.4955021810652394,24867.884385246012,0.44909310974126015,-6.119412928534512,1.4194258945979688,488.02608695652174,6.168950315294501,-9.419359401620367,0.6147557004903121,0.44909310974126015,-6.119412928534512
OS,2023-10-04,0.8529762386577096,2.10875,1.4976971514660102,24862.80073350246,NA,-7.266928808765495,1.4333101961693357,477.11304347826086,5.921804879772007,-9.95230437121749,0.6142797753189815,5.921804879772007,-7.266928808765495
OS,2023-10-05,0.8627183284158694,2.714583333333333,1.5135914150137801,24826.234487048932,0.7349437113387984,-8.095224668547813,1.4666127913916367,490.82608695652175,6.530931862849536,-9.588227002448178,0.6143300190155527,0.7349437113387984,-8.095224668547813
OS,2023-10-06,0.8707247894404126,0.8791666666666667,1.5266455209180552,24796.49401974861,NA,-9.265557119900553,1.4931584538705844,489.30434782608694,1.8475949777928171,-8.514583341349582,0.6150593393036369,1.8475949777928171,-9.265557119900553
OS,2023-10-07,0.8522878422679597,0.17458333333333334,1.4965647924826486,24865.728637289078,0.16625552257919182,-11.59896913498596,1.425690215533195,497.55652173913046,1.758984199906276,-6.940257575821426,0.6146885136035614,0.16625552257919182,-11.59896913498596
OS,2023-10-08,0.8032844637787502,0.11583333333333333,1.4164092593775737,25057.476555627385,0.2049050507850075,-10.895095507327678,1.2168201799821379,481.10869565217394,1.6087772322847511,-6.3386181232642365,0.6151707163928046,0.2049050507850075,-10.895095507327678
OS,2023-10-09,0.7837502285029918,0.11,1.3843733642247646,25137.16448767972,0.06484889369398143,-10.419563169143368,1.1439760984952096,476.4260869565217,1.6167932613545024,-6.65131517164072,0.6149808442323659,0.06484889369398143,-10.419563169143368
OS,2023-10-10,0.8044897410317723,0.13333333333333333,1.418387296612518,25052.50447224747,NA,-10.589336940038145,1.2074565124521988,473.3304347826087,NA,NA,NA,NA,-10.589336940038145
OS,2023-10-12,0.9582493048137889,4.32,1.6687913205232956,24491.0269335047,NA,-5.076859450705201,1.787087249280858,320.8478260869565,1.8964451948259944,-8.563652321773173,0.6154099116832464,1.8964451948259944,-5.076859450705201
OS,2023-10-13,0.9679394067160527,2.8256521739130434,1.6844782122373805,24458.919627982064,NA,-8.525176767659623,1.871081512223483,479.7913043478261,2.6469428165453004,-7.899107608038685,0.6155085948580912,2.6469428165453004,-8.525176767659623
OS,2023-10-14,0.9106394764196302,2.64375,1.591586839035845,24653.150379906212,0.27392960526861654,-8.643284848820176,1.6349007545060892,491.6,5.5274425024240506,-9.876882910796237,0.6155435161004207,0.27392960526861654,-8.643284848820176
OS,2023-10-15,0.8882220545120934,1.9375,1.555141779279507,24732.66135152216,NA,-7.965543011806498,1.5272657646630443,462.8090909090909,1.081888022287571,-3.796693713178348,0.6159838604757705,1.081888022287571,-7.965543011806498
OS,2023-10-16,0.8563218390588803,3.035833333333333,1.5031481304259062,24850.516160114857,1.9753707810775685,-8.948892155744325,1.3684351246965127,479.1347826086957,4.846706484451298,-7.382580698751166,0.6165718322426291,1.9753707810775685,-8.948892155744325
OS,2023-10-17,0.8376238603914025,3.535416666666667,1.4726222130584847,24921.44743427702,0.39768340638677285,-6.259489607010274,1.2923987241063386,473.2869565217391,5.460433156463747,-8.569728350216582,0.6156515290509099,0.39768340638677285,-6.259489607010274
OS,2023-10-18,0.8656448223614716,3.1345833333333335,1.518359096193185,24815.503327468414,0.22117420998919848,-7.238600274390336,1.3829477303754836,422.2130434782609,1.7346824542690715,-4.678715539386133,0.61584802018906,0.22117420998919848,-7.238600274390336
OS,2023-10-19,0.8952865792450577,1.0483333333333333,1.566633143666459,24707.387388610463,NA,-8.663007818286891,1.4925209130275483,428.53478260869565,2.1117260327949996,-9.15979490289029,0.6144418080821306,2.1117260327949996,-8.663007818286891
OS,2023-10-20,0.9321262010131869,0.14,1.6264705607308556,24578.6124304134,NA,-13.326211157407023,1.6293543408635989,409.38260869565215,1.6900961919787516,-7.239866108901237,0.615410043856445,1.6900961919787516,-13.326211157407023
OS,2023-10-21,0.9482297248389684,0.14,1.6525820036236252,24523.860500043545,0.0222718496706306,-13.787242344856429,1.71603052750759,456.6695652173913,1.6394904025797383,-7.363633801994887,0.6138178447655332,0.0222718496706306,-13.787242344856429
OS,2023-10-22,0.9297017065814419,0.40708333333333335,1.6225407481692737,24586.806770617015,0.6111448213905311,-13.58782478075832,1.6152377065838017,469.2260869565217,1.646115096392179,-7.035408672103323,0.6147399585878647,0.6111448213905311,-13.58782478075832
OS,2023-10-23,0.8989185416378692,0.17625000000000002,1.5725402772051849,24694.419028860848,0.21166169123139036,-12.815732945988016,1.5316283724946063,480.4217391304348,1.618063109206315,-6.8818004399385595,0.615834334993959,0.21166169123139036,-12.815732945988016
OS,2023-10-24,0.8730357403823233,0.12833333333333335,1.5304099930056152,24788.033728923758,0.09966993727007444,-12.21544507792871,1.4430808352382984,434.6478260869565,1.711837326666459,-7.0459050636552405,0.6150358175153898,0.09966993727007444,-12.21544507792871
OS,2023-10-25,0.8687834091078576,2.9270833333333335,1.523480922579852,24803.67912180287,3.035797209309905,-10.299099649244626,1.4375152332990855,420.4956521739131,6.882598757510815,-7.791938752903587,0.6157260068590437,3.035797209309905,-10.299099649244626
OS,2023-10-26,0.8837919635016195,3.930416666666667,1.5479294217578476,24748.73168080942,1.3365646428202442,-7.112980933557131,1.500975082251841,401.26521739130436,3.721882510435061,-5.96463911004759,0.615985440863781,1.3365646428202442,-7.112980933557131
OS,2023-10-27,0.8994730672414103,4.122083333333333,1.5734466622485126,24692.28148178712,1.1607096694115149,-6.871179329073274,1.5567886129030777,395.0130434782609,4.958124991929078,-9.363163670969636,0.6147750256658324,1.1607096694115149,-6.871179329073274
OS,2023-10-28,0.8975913973096834,4.160416666666666,1.5703864441174304,24698.993295437485,1.0243299883961072,-6.627600464884559,1.5545657589122328,420.33478260869566,5.187072697951625,-11.300414343979169,0.6149640656743608,1.0243299883961072,-6.627600464884559
OS,2023-10-29,0.8920103045937476,3.0741666666666667,1.5613080169588125,24718.961488514276,0.2467445141594407,-7.596604287831937,1.543765953979839,426.54347826086956,6.6286158887263245,-12.566485482655242,0.616004196390841,0.2467445141594407,-7.596604287831937
OS,2023-10-30,0.8974957680618919,2.995,1.5702308570080268,24699.336597029847,0.41659679410314887,-7.997213918572173,1.56416971643654,429.46086956521737,3.0701600567672824,-5.348373331226618,0.617024656579159,0.41659679410314887,-7.997213918572173
OS,2023-10-31,0.8814621845443351,3.895,1.544125643807443,24757.572705400675,0.2753100950903804,-6.032914403310789,1.5087565819121558,450.89565217391305,3.2656468927698388,-6.154955824478516,0.61532494778804,0.2753100950903804,-6.032914403310789
OS,2023-11-01,0.7952149713883429,4.388333333333334,1.4031303224149136,25092.196604526664,2.0211513509489736,-5.860601035664767,1.160585214270562,474.6217391304348,3.4851483644026486,-5.833848145547199,0.6157667028917787,2.0211513509489736,-5.860601035664767
OS,2023-11-02,0.7248369649764637,2.3720833333333333,1.3012943496457763,25393.511595852873,0.4955798931920792,-6.441513752619868,0.9639803257052894,480.68695652173915,4.239925244628004,-10.103575153857504,0.6166499521956076,0.4955798931920792,-6.441513752619868
OS,2023-11-03,0.7212580209001239,0.13708333333333333,1.2971615847388087,25409.462935561638,0.03551753400539378,-9.249920838333177,0.9786894221896464,485.88695652173914,1.6114885123588147,-6.126239732698048,0.6154825932584471,0.03551753400539378,-9.249920838333177
OS,2023-11-04,0.7267056371427943,0.1382608695652174,1.2971615847388087,25384.663378531444,0.02114187444293213,-9.293740444013247,0.9839003443274029,478.37391304347824,1.5487807961045237,-6.083947762366623,0.614773709158043,0.02114187444293213,-9.293740444013247
OS,2023-11-05,0.7309980520711988,1.4108333333333334,1.2984413006959272,25365.291957103807,0.7749363624834255,-8.167485072403254,0.9870562231223843,478.55652173913046,3.3217779932567204,-5.893102626974915,0.6149016488634883,0.7749363624834255,-8.167485072403254
OS,2023-11-06,0.7368671920941261,3.7287500000000002,1.3072275663880721,25339.00642978682,1.6261337616965856,-5.574075365170355,1.00089039745823,478.6434782608696,3.410179356792615,-8.565041890063204,0.6146832689697819,1.6261337616965856,-5.574075365170355
OS,2023-11-07,0.7413536044046127,1.577391304347826,1.31462463975995,25319.068663058875,2.2813441929628113,-9.593116315706231,1.0154659953014629,482.4913043478261,6.202371567037808,-9.642674241076756,0.6147220799174868,2.2813441929628113,-9.593116315706231
OS,2023-11-08,0.7515005423286992,0.16,1.3313415759388014,25274.535895600155,0.04687859208857829,-9.727635731230627,1.043802579858971,482.7608695652174,1.552963221319134,-6.1181786762118255,0.6160189985368345,0.04687859208857829,-9.727635731230627
OS,2023-11-09,0.7711725106508555,2.5433333333333334,1.3637070390202528,25190.05029839028,2.4376223242351704,-8.697725808386966,1.1127685797143223,487.4260869565217,5.393816320857422,-6.34887369364103,0.6155030966290248,2.4376223242351704,-8.697725808386966
OS,2023-11-10,0.7821864133144998,3.779166666666667,1.381805476320825,25143.674294778408,0.9649327827132242,-5.417280305883195,1.1598492009017505,487.2913043478261,3.794098098833427,-9.823200816287654,0.6150607804415973,0.9649327827132242,-5.417280305883195
OS,2023-11-11,0.7610875513484303,3.0895652173913044,1.3471170882062273,25233.26222694502,1.8874761232608832,-7.070351684985095,1.1078743479640643,501.6391304347826,3.1904849015631336,-5.504691670213777,0.6148192455004456,1.8874761232608832,-7.070351684985095
OS,2023-11-12,0.7304936468248828,3.5229166666666667,1.3012601829612507,25367.680844461793,2.1634301546640584,-6.287735716493019,1.0065704446937238,499.2217391304348,3.997247993646856,-5.781988695941931,0.6160383643395477,2.1634301546640584,-6.287735716493019
OS,2023-11-13,0.7210580281341304,3.2308333333333334,1.2971615847388087,25410.354201157188,0.8075886356414499,-5.338231013780605,0.9722155099926398,494.89565217391305,2.2532532470356053,-3.623605131512464,0.6167142293693235,0.8075886356414499,-5.338231013780605
OS,2023-11-14,0.7203098389679751,4.18875,1.2971615847388087,25413.772918791514,0.6937234996870429,-3.7435448586871822,0.9765767576702845,489.2842105263158,2.3610045216302584,-5.630319244630156,0.6144829980980967,0.6937234996870429,-3.7435448586871822
OS,2023-11-15,0.7232742848745576,2.7595833333333335,1.2971615847388087,25400.259477603882,NA,-5.019121825355314,0.9819180225514907,491.7260869565217,1.456501058803693,-4.708473238599681,0.616415930042228,1.456501058803693,-5.019121825355314
OS,2023-11-16,0.7262948171904489,3.17125,1.2971615847388087,25386.52200042307,0.8156915290806563,-5.451126284798292,0.9879336368512871,493.6565217391304,3.049818133658063,-5.821763494825001,0.6158809952912301,0.8156915290806563,-5.451126284798292
OS,2023-11-17,0.7246277640376056,2.0525,1.2971615847388087,25394.08689596856,NA,-6.119843442143416,0.9980440019954441,505.4826086956522,1.3458420523036734,-4.594333587396683,0.6153915636816903,1.3458420523036734,-6.119843442143416
OS,2023-11-18,0.7268493595128597,3.504166666666667,1.2971615847388087,25384.01234515366,1.2551553690446633,-5.3076910568487055,1.0132660401819067,508.6304347826087,4.506508423009863,-6.9786126770721495,0.6166558668675588,1.2551553690446633,-5.3076910568487055
OS,2023-11-19,0.7263853132286545,4.1875,1.2971615847388087,25386.11351822447,1.1027780195593768,-4.173623422063975,0.9940737475893261,499.31304347826085,3.3699783378862245,-7.551206412819565,0.6132883995545455,1.1027780195593768,-4.173623422063975
OS,2023-11-20,0.725719972493443,2.0294736842105263,1.2971615847388087,25389.131740173216,NA,-5.576600862977685,0.9932748478393434,496.7130434782609,3.066951051599359,-9.23034324002094,0.6162624235019071,3.066951051599359,-5.576600862977685
OS,2023-11-21,0.7328790034830612,2.855,1.3011096627315184,25356.85056995907,1.1402683895259125,-6.251446187597464,1.024757756868274,499.3608695652174,1.19826511473404,-5.242964336849816,0.6155660727429131,1.1402683895259125,-6.251446187597464
OS,2023-11-22,0.7346015108982878,1.7977777777777777,1.303505191399515,25349.130372802458,NA,-6.1530961552014265,0.9952524914679923,489.8565217391304,1.6963387709047708,-5.043722736570732,0.6157814627075556,1.6963387709047708,-6.1530961552014265
OS,2023-11-23,0.7278353852444277,3.28875,1.2971615847388087,25379.5530276452,0.7490317000819237,-5.329964754152844,0.9583811979659952,483.5409090909091,1.074334645180708,-6.975060323722424,0.6147671481873117,0.7490317000819237,-5.329964754152844
OS,2023-11-24,0.7272762238227884,4.0095,1.2971615847388087,25382.07848952903,0.860580051778887,-4.311791978214507,0.9657949522537433,452.26521739130436,2.1387711484771197,-3.697753610257673,0.6171132285290416,0.860580051778887,-4.311791978214507
OS,2023-11-25,0.726613858858903,3.372608695652174,1.2971615847388087,25385.077781932385,0.5691734375289924,-4.945848648641407,0.9760095743274022,479.9789473684211,1.8018125568554797,-6.7460949994134545,0.6147033757061543,0.5691734375289924,-4.945848648641407
OS,2023-11-26,0.7278421779836882,2.184,1.2971615847388087,25379.520926243782,NA,-5.370943823521825,0.9517769665735301,475.68260869565216,1.51737239112031,-5.935248401959302,0.6151077421298438,1.51737239112031,-5.370943823521825
OS,2023-11-27,0.7295760788956346,3.794736842105263,1.2971615847388087,25371.688734770858,1.4878171912116775,-5.309679380425282,0.9615176857182045,488.05652173913046,5.0605897547382,-8.672541965114403,0.6144968524062864,1.4878171912116775,-5.309679380425282
OS,2023-11-28,0.7279866641393339,3.653,1.2971615847388087,25378.86530661567,1.8545050412081083,-5.951439687659936,0.9389817854672504,474.18461538461537,3.338895486970409,-4.479553741559265,0.6169487326997853,1.8545050412081083,-5.951439687659936
OS,2023-11-29,0.7287717098806432,3.2333333333333334,1.2971615847388087,25375.3180627581,NA,-4.838573907064753,0.9134699399015745,469.99333333333334,2.0660534350554,-8.374157356413804,0.6158764723273227,2.0660534350554,-4.838573907064753
OS,2023-11-30,0.7313913387789398,1.3323076923076924,1.2990288600068272,25363.52706306275,NA,-7.221163338114697,0.9390633556163911,440.5315789473684,1.402343775982509,-5.414897269684939,0.6160478737562627,1.402343775982509,-7.221163338114697
OS,2023-12-01,0.7363386188486517,4.107058823529412,1.3063560614629106,25341.355744523964,2.3702193779126235,-5.7892522915312545,0.9827565700496842,479.6,3.907703985641882,-7.180717209926188,0.6165190405105605,2.3702193779126235,-5.7892522915312545
OS,2023-12-07,0.9680135569122753,6.485833333333334,1.6842717071268645,24469.30314436451,2.140434077548085,-6.046353049488534,1.964411295244702,477.7695652173913,8.017904100482793,-4.088359942139132,0.6167340644143228,2.140434077548085,-6.046353049488534
OS,2023-12-08,1.154651614690824,6.1120833333333335,1.9846060974478172,23905.85502574463,NA,-6.207515692037233,2.312796858099701,333.5304347826087,4.043810054420796,-6.315079979765676,0.6147758611146675,4.043810054420796,-6.207515692037233
OS,2023-12-09,1.1017900071772575,6.586363636363636,1.8999983618303933,24051.81223324931,NA,-4.630836351882108,2.153513984521726,294.31739130434784,0.47877776921888904,-12.502959484201511,0.616560691670102,0.47877776921888904,-4.630836351882108
OS,2023-12-18,1.1505973870234414,6.011666666666667,1.978138727486787,23916.456929283893,0.20797839735771192,-7.917218246285834,2.2520468165641927,272.46521739130435,8.842770805665962,-6.035432392484263,0.6139514458148334,0.20797839735771192,-7.917218246285834
OS,2023-12-19,1.1818538364046909,5.715,2.0280368190026143,23833.681949183465,NA,-8.390451852011667,2.2607867801534844,275.4260869565217,2.2679262180821467,-6.8856347397406354,0.614827590993405,2.2679262180821467,-8.390451852011667
AM,2022-04-11,NA,NA,NA,NA,NA,NA,NA,NA,3.3751197573134473,-9.97928982173839,0.5558256664367944,3.3751197573134473,-9.97928982173839
AM,2022-07-01,NA,NA,NA,NA,NA,NA,NA,NA,3.6062240042296216,-21.172709324498783,18.76655390467391,3.6062240042296216,-21.172709324498783
AM,2022-07-03,NA,NA,NA,NA,NA,NA,NA,NA,2.840433965657699,-19.780224502339983,17.9772699878012,2.840433965657699,-19.780224502339983
AM,2022-07-04,NA,NA,NA,NA,NA,NA,NA,NA,3.0253924113666177,-18.351238298771655,17.863509584101696,3.0253924113666177,-18.351238298771655
AM,2022-07-05,NA,NA,NA,NA,NA,NA,NA,NA,2.8641137289182206,-15.80628904567258,16.39154545458793,2.8641137289182206,-15.80628904567258
AM,2022-07-06,NA,NA,NA,NA,NA,NA,NA,NA,2.712083817661743,-14.888222680220425,16.39756328206067,2.712083817661743,-14.888222680220425
AM,2022-07-09,NA,NA,NA,NA,NA,NA,NA,NA,2.618559033683189,-15.16070956044126,16.391933393108726,2.618559033683189,-15.16070956044126
AM,2022-07-10,NA,NA,NA,NA,NA,NA,NA,NA,2.5024790335867597,-18.225678795053575,17.643907945441153,2.5024790335867597,-18.225678795053575
AM,2022-07-11,NA,NA,NA,NA,NA,NA,NA,NA,3.1599557622636403,-20.403738252174893,17.579562635534828,3.1599557622636403,-20.403738252174893
AM,2022-08-30,NA,NA,NA,NA,NA,NA,NA,NA,11.166495134432632,-21.40371725337816,1.1469627539132117,11.166495134432632,-21.40371725337816
AM,2022-08-31,NA,NA,NA,NA,NA,NA,NA,NA,4.7681588171117895,-10.218201437577928,0.9182274596432464,4.7681588171117895,-10.218201437577928
AM,2022-09-01,NA,NA,NA,NA,NA,NA,NA,NA,7.607098737652739,-13.964652198425942,0.662377832589463,7.607098737652739,-13.964652198425942
AM,2022-09-02,NA,NA,NA,NA,NA,NA,NA,NA,10.07519628974782,-18.41834274126746,0.561866789572335,10.07519628974782,-18.41834274126746
AM,2022-09-03,NA,NA,NA,NA,NA,NA,NA,NA,8.969242917681678,-15.136414871525323,0.6658631458041215,8.969242917681678,-15.136414871525323
AM,2022-09-04,NA,NA,NA,NA,NA,NA,NA,NA,3.436300920383125,-9.097434780402583,0.6958748043270718,3.436300920383125,-9.097434780402583
AM,2022-09-05,NA,NA,NA,NA,NA,NA,NA,NA,2.2768652000612897,-9.030255221971974,0.6882421276581915,2.2768652000612897,-9.030255221971974
AM,2022-09-06,NA,NA,NA,NA,NA,NA,NA,NA,0.7554678331257094,-8.065637736979555,0.7018985782585923,0.7554678331257094,-8.065637736979555
AM,2022-09-09,NA,NA,NA,NA,NA,NA,NA,NA,0.3997786061779638,-8.930430746563681,0.8195754249971539,0.3997786061779638,-8.930430746563681
AM,2022-09-11,NA,NA,NA,NA,NA,NA,NA,NA,2.4861835319599064,-10.997320950483251,0.8993625411322556,2.4861835319599064,-10.997320950483251
AM,2022-09-21,NA,NA,NA,NA,NA,NA,NA,NA,1.2983979569411288,-14.335587417062914,1.7391004612315455,1.2983979569411288,-14.335587417062914
AM,2022-09-22,NA,NA,NA,NA,NA,NA,NA,NA,1.6883229138555154,-20.542719387873536,2.0013433029605805,1.6883229138555154,-20.542719387873536
AM,2022-10-18,NA,NA,NA,NA,NA,NA,NA,NA,4.254112126100853,-19.702802498780503,17.22079848714232,4.254112126100853,-19.702802498780503
AM,2022-10-19,NA,NA,NA,NA,NA,NA,NA,NA,4.0532971233687505,-19.21956895681822,17.829544319432706,4.0532971233687505,-19.21956895681822
AM,2022-10-20,NA,NA,NA,NA,NA,NA,NA,NA,4.017462900536734,-19.44457491794157,18.324259922706087,4.017462900536734,-19.44457491794157
AM,2022-10-21,NA,NA,NA,NA,NA,NA,NA,NA,4.139204625634249,-19.598911502955712,18.73086175412288,4.139204625634249,-19.598911502955712
AM,2022-10-22,NA,NA,NA,NA,NA,NA,NA,NA,4.144060524134526,-19.871600855968527,19.26901452787187,4.144060524134526,-19.871600855968527
AM,2022-10-23,NA,NA,NA,NA,NA,NA,NA,NA,4.231404014577987,-19.80707805532368,19.262830475729373,4.231404014577987,-19.80707805532368
AM,2022-10-24,NA,NA,NA,NA,NA,NA,NA,NA,4.3646766367439005,-20.276724819170873,19.316782967900597,4.3646766367439005,-20.276724819170873
AM,2022-10-25,NA,NA,NA,NA,NA,NA,NA,NA,4.432048937430492,-20.64880415899841,19.01046795033065,4.432048937430492,-20.64880415899841
AM,2022-10-26,NA,NA,NA,NA,NA,NA,NA,NA,4.539253252698916,-20.44814329812777,18.8492564715088,4.539253252698916,-20.44814329812777
AM,2022-10-27,NA,NA,NA,NA,NA,NA,NA,NA,4.228552338254892,-20.520053428993418,18.632381685620732,4.228552338254892,-20.520053428993418
AM,2022-10-28,NA,NA,NA,NA,NA,NA,NA,NA,4.217603807090828,-20.514657648924768,18.520186696766096,4.217603807090828,-20.514657648924768
AM,2022-10-29,NA,NA,NA,NA,NA,NA,NA,NA,3.4447748313844544,-20.240311857216657,18.600699538005017,3.4447748313844544,-20.240311857216657
AM,2022-10-30,NA,NA,NA,NA,NA,NA,NA,NA,3.9226184608241783,-20.518104405349693,18.61150645945646,3.9226184608241783,-20.518104405349693
AM,2022-10-31,NA,NA,NA,NA,NA,NA,NA,NA,4.161837405448797,-20.577134404271614,18.5389245944046,4.161837405448797,-20.577134404271614
AM,2022-11-01,NA,NA,NA,NA,NA,NA,NA,NA,3.9171024483277286,-19.983237096536257,18.50423806330583,3.9171024483277286,-19.983237096536257
AM,2022-11-02,NA,NA,NA,NA,NA,NA,NA,NA,4.154746086034246,-20.063232257000152,18.567610983319742,4.154746086034246,-20.063232257000152
AM,2022-11-03,NA,NA,NA,NA,NA,NA,NA,NA,4.076784550574825,-19.876009796404567,18.649786394161097,4.076784550574825,-19.876009796404567
AM,2022-11-04,NA,NA,NA,NA,NA,NA,NA,NA,3.918591434902947,-20.010404511271144,18.683831699235412,3.918591434902947,-20.010404511271144
AM,2022-11-05,NA,NA,NA,NA,NA,NA,NA,NA,4.093152933886791,-20.430581114839377,18.66013619178202,4.093152933886791,-20.430581114839377
AM,2022-11-09,NA,NA,NA,NA,NA,NA,NA,NA,4.413253748501098,-19.89680156265881,17.78698641417093,4.413253748501098,-19.89680156265881
AM,2022-11-10,NA,NA,NA,NA,NA,NA,NA,NA,1.1897058515225751,-21.92177103226969,17.726650795627158,1.1897058515225751,-21.92177103226969
AM,2022-11-11,NA,NA,NA,NA,NA,NA,NA,NA,3.2483510383202923,-21.253820300139378,18.168292221637454,3.2483510383202923,-21.253820300139378
AM,2022-11-12,NA,NA,NA,NA,NA,NA,NA,NA,3.854841086999607,-21.28391089795492,18.203827199214174,3.854841086999607,-21.28391089795492
AM,2022-11-13,NA,NA,NA,NA,NA,NA,NA,NA,3.798802661796705,-19.969099813014935,18.113257788867067,3.798802661796705,-19.969099813014935
AM,2022-11-14,NA,NA,NA,NA,NA,NA,NA,NA,4.158154336623564,-20.37486814483161,18.154282506878324,4.158154336623564,-20.37486814483161
AM,2022-11-15,NA,NA,NA,NA,NA,NA,NA,NA,3.0968171618639526,-20.817280358388565,18.314349376266424,3.0968171618639526,-20.817280358388565
AM,2022-11-16,NA,NA,NA,NA,NA,NA,NA,NA,4.355128537981132,-19.96190289634751,18.423169930686917,4.355128537981132,-19.96190289634751
AM,2022-11-17,NA,NA,NA,NA,NA,NA,NA,NA,4.765990652111532,-19.282495224870026,18.390400854637225,4.765990652111532,-19.282495224870026
AM,2022-11-18,NA,NA,NA,NA,NA,NA,NA,NA,3.770093877526138,-18.64253713251819,18.328700158546436,3.770093877526138,-18.64253713251819
AM,2022-11-19,NA,NA,NA,NA,NA,NA,NA,NA,4.246963153357156,-19.387097523871827,18.470104150532222,4.246963153357156,-19.387097523871827
AM,2022-11-20,NA,NA,NA,NA,NA,NA,NA,NA,1.774023615669785,-18.571928540988324,18.526890032610556,1.774023615669785,-18.571928540988324
AM,2022-11-21,NA,NA,NA,NA,NA,NA,NA,NA,4.344931376441655,-19.16930118413338,18.679218378918936,4.344931376441655,-19.16930118413338
AM,2022-11-22,NA,NA,NA,NA,NA,NA,NA,NA,3.8616635526944423,-19.745698853340297,18.85886382063668,3.8616635526944423,-19.745698853340297
AM,2022-11-23,NA,NA,NA,NA,NA,NA,NA,NA,4.25937958612823,-19.81418673261987,18.9225762077697,4.25937958612823,-19.81418673261987
AM,2022-11-24,NA,NA,NA,NA,NA,NA,NA,NA,4.34491864611314,-20.078688967626505,19.069946215310537,4.34491864611314,-20.078688967626505
AM,2022-11-25,NA,NA,NA,NA,NA,NA,NA,NA,4.3007229642176705,-20.863516441619943,19.124678746244868,4.3007229642176705,-20.863516441619943
AM,2022-11-26,NA,NA,NA,NA,NA,NA,NA,NA,3.802852573793682,-20.77935185715751,18.979809212604767,3.802852573793682,-20.77935185715751
AM,2022-11-27,NA,NA,NA,NA,NA,NA,NA,NA,3.351479566702369,-21.101783158161588,18.966430076988942,3.351479566702369,-21.101783158161588
AM,2022-11-28,NA,NA,NA,NA,NA,NA,NA,NA,0.2145878234374771,-19.881810688745844,18.897050837079256,0.2145878234374771,-19.881810688745844
AM,2022-11-29,NA,NA,NA,NA,NA,NA,NA,NA,4.320430724370484,-19.04764991954001,18.769628037735632,4.320430724370484,-19.04764991954001
AM,2022-11-30,NA,NA,NA,NA,NA,NA,NA,NA,2.568157538694266,-18.625190754533808,18.797062180948224,2.568157538694266,-18.625190754533808
AM,2022-12-01,NA,NA,NA,NA,NA,NA,NA,NA,3.9928645693809903,-18.085315125977544,18.8051001829644,3.9928645693809903,-18.085315125977544
AM,2022-12-02,NA,NA,NA,NA,NA,NA,NA,NA,4.2172963199704405,-18.71534714334335,18.947690660722603,4.2172963199704405,-18.71534714334335
AM,2022-12-03,NA,NA,NA,NA,NA,NA,NA,NA,4.35982388588199,-18.835201302897953,19.024234832836328,4.35982388588199,-18.835201302897953
AM,2022-12-04,NA,NA,NA,NA,NA,NA,NA,NA,4.324879965753542,-18.97808877948736,19.057906257286984,4.324879965753542,-18.97808877948736
AM,2022-12-05,NA,NA,NA,NA,NA,NA,NA,NA,3.8076883731188538,-18.70812805507485,19.30029115009675,3.8076883731188538,-18.70812805507485
AM,2022-12-06,NA,NA,NA,NA,NA,NA,NA,NA,4.566613389011934,-18.16539170869316,18.7946987841504,4.566613389011934,-18.16539170869316
AM,2022-12-07,NA,NA,NA,NA,NA,NA,NA,NA,4.271160326306578,-18.15365464222324,18.833525789387213,4.271160326306578,-18.15365464222324
AM,2022-12-08,NA,NA,NA,NA,NA,NA,NA,NA,4.305832361435212,-18.069697118179764,18.84735136818025,4.305832361435212,-18.069697118179764
AM,2022-12-09,NA,NA,NA,NA,NA,NA,NA,NA,4.45400564962192,-17.924678269877177,18.865107649417695,4.45400564962192,-17.924678269877177
AM,2022-12-10,NA,NA,NA,NA,NA,NA,NA,NA,5.262742306748563,-17.83050835359738,18.761372588155385,5.262742306748563,-17.83050835359738
AM,2022-12-11,NA,NA,NA,NA,NA,NA,NA,NA,3.873736661322284,-17.52851970215338,18.70794240024999,3.873736661322284,-17.52851970215338
AM,2022-12-12,NA,NA,NA,NA,NA,NA,NA,NA,5.077587618225461,-17.395396726967824,18.64431249837348,5.077587618225461,-17.395396726967824
AM,2022-12-13,NA,NA,NA,NA,NA,NA,NA,NA,4.551937550021638,-17.201526169154462,18.661858155435834,4.551937550021638,-17.201526169154462
AM,2022-12-14,NA,NA,NA,NA,NA,NA,NA,NA,4.856711255151685,-17.85872776433709,18.56140217971768,4.856711255151685,-17.85872776433709
AM,2022-12-15,NA,NA,NA,NA,NA,NA,NA,NA,3.240087692688182,-17.15898802771483,18.366828656275768,3.240087692688182,-17.15898802771483
AM,2022-12-16,NA,NA,NA,NA,NA,NA,NA,NA,4.146204316855161,-16.458787569497346,18.584184994653377,4.146204316855161,-16.458787569497346
AM,2022-12-17,NA,NA,NA,NA,NA,NA,NA,NA,4.476398054057651,-16.930267652877724,18.58290790650971,4.476398054057651,-16.930267652877724
AM,2022-12-18,NA,NA,NA,NA,NA,NA,NA,NA,4.133342513255169,-16.108910931434714,18.71637436405523,4.133342513255169,-16.108910931434714
AM,2022-12-19,NA,NA,NA,NA,NA,NA,NA,NA,4.510147054996588,-17.184331146127715,19.23007558377464,4.510147054996588,-17.184331146127715
AM,2022-12-20,NA,NA,NA,NA,NA,NA,NA,NA,2.6843446745663178,-16.097342465594117,18.306441980791437,2.6843446745663178,-16.097342465594117
AM,2022-12-21,NA,NA,NA,NA,NA,NA,NA,NA,2.846774475729913,-15.70400879920334,17.99156646611478,2.846774475729913,-15.70400879920334
AM,2022-12-22,NA,NA,NA,NA,NA,NA,NA,NA,4.614542743823227,-17.916319708722636,19.396083619523075,4.614542743823227,-17.916319708722636
AM,2022-12-23,NA,NA,NA,NA,NA,NA,NA,NA,4.3013813643840475,-16.378107193381176,18.779510470660824,4.3013813643840475,-16.378107193381176
AM,2022-12-29,NA,NA,NA,NA,NA,NA,NA,NA,5.175810220399889,-16.450343293648743,17.97081848400127,5.175810220399889,-16.450343293648743
AM,2022-12-30,NA,NA,NA,NA,NA,NA,NA,NA,5.903996781380758,-17.363363014812894,18.82486182386947,5.903996781380758,-17.363363014812894
AM,2022-12-31,NA,NA,NA,NA,NA,NA,NA,NA,2.852819170085068,-17.224398491572558,19.40582339485493,2.852819170085068,-17.224398491572558
AM,2023-01-01,NA,NA,NA,NA,NA,NA,NA,NA,4.549843199252166,-17.555728982531686,19.340804580125063,4.549843199252166,-17.555728982531686
AM,2023-01-02,NA,NA,NA,NA,NA,NA,NA,NA,5.490283768551776,-17.86469992714337,19.37830254629404,5.490283768551776,-17.86469992714337
AM,2023-01-04,NA,NA,NA,NA,NA,NA,NA,NA,1.6877869180489151,-18.062454217064747,18.82936425740515,1.6877869180489151,-18.062454217064747
AM,2023-01-05,NA,NA,NA,NA,NA,NA,NA,NA,5.345823429510221,-18.91160985706246,18.507946242736633,5.345823429510221,-18.91160985706246
AM,2023-02-15,NA,NA,NA,NA,NA,NA,NA,NA,2.268916074424638,-3.1350703634759847,0.4472455159228682,2.268916074424638,-3.1350703634759847
AM,2023-02-16,NA,NA,NA,NA,NA,NA,NA,NA,2.18095499857444,-5.032366034427471,0.45138911323212016,2.18095499857444,-5.032366034427471
AM,2023-02-18,NA,NA,NA,NA,NA,NA,NA,NA,0.10386778915093577,-2.733771521005341,0.4538332413321224,0.10386778915093577,-2.733771521005341
AM,2023-02-19,NA,NA,NA,NA,NA,NA,NA,NA,0.02402968141770738,-3.059731190389517,0.4506226660243148,0.02402968141770738,-3.059731190389517
AM,2023-02-21,NA,NA,NA,NA,NA,NA,NA,NA,1.5913399998483029,-5.353233348004661,0.4502498196888627,1.5913399998483029,-5.353233348004661
AM,2023-02-22,NA,NA,NA,NA,NA,NA,NA,NA,1.3217006296183849,-6.906394417625487,0.4358739794650288,1.3217006296183849,-6.906394417625487
AM,2023-02-23,NA,NA,NA,NA,NA,NA,NA,NA,0.17445386119728154,-4.623170522802448,0.4448245308907219,0.17445386119728154,-4.623170522802448
AM,2023-02-24,NA,NA,NA,NA,NA,NA,NA,NA,1.0639591228144718,-7.405708043383434,0.4238072948192082,1.0639591228144718,-7.405708043383434
AM,2023-02-26,NA,NA,NA,NA,NA,NA,NA,NA,2.0783183032504664,-11.428145195860338,0.40745365039631865,2.0783183032504664,-11.428145195860338
AM,2023-05-06,NA,NA,NA,NA,NA,NA,NA,NA,5.220316948699686,-18.39461548003923,17.646599397909604,5.220316948699686,-18.39461548003923
AM,2023-05-07,NA,NA,NA,NA,NA,NA,NA,NA,4.887566854042084,-18.33455088542479,17.7901226559396,4.887566854042084,-18.33455088542479
AM,2023-05-08,NA,NA,NA,NA,NA,NA,NA,NA,7.5361123506983,-20.35609582911686,18.13994857937398,7.5361123506983,-20.35609582911686
AM,2023-05-09,NA,NA,NA,NA,NA,NA,NA,NA,7.676919713653989,-19.435429082340494,18.45947994575493,7.676919713653989,-19.435429082340494
AM,2023-05-10,NA,NA,NA,NA,NA,NA,NA,NA,5.336269623777289,-15.326304579575195,16.807699108416717,5.336269623777289,-15.326304579575195
AM,2023-05-11,NA,NA,NA,NA,NA,NA,NA,NA,4.4128316719313885,-12.83430562037209,16.378921176022345,4.4128316719313885,-12.83430562037209
AM,2023-05-12,NA,NA,NA,NA,NA,NA,NA,NA,3.196739063207421,-11.42387080578615,16.383036604060358,3.196739063207421,-11.42387080578615
AM,2023-05-13,NA,NA,NA,NA,NA,NA,NA,NA,4.914497229280062,-12.14314856669242,16.38892637479579,4.914497229280062,-12.14314856669242
AM,2023-05-14,NA,NA,NA,NA,NA,NA,NA,NA,4.657024816230441,-15.259158309517804,16.38618028314499,4.657024816230441,-15.259158309517804
AM,2023-05-15,NA,NA,NA,NA,NA,NA,NA,NA,5.802089199882876,-17.08777828026533,16.385010845002384,5.802089199882876,-17.08777828026533
AM,2023-05-16,NA,NA,NA,NA,NA,NA,NA,NA,5.164954424724333,-15.56152325752056,16.380858217702585,5.164954424724333,-15.56152325752056
AM,2023-05-17,NA,NA,NA,NA,NA,NA,NA,NA,2.9099640653481185,-15.366975158657263,16.390595701103045,2.9099640653481185,-15.366975158657263
AM,2023-05-18,NA,NA,NA,NA,NA,NA,NA,NA,5.34220737466625,-17.7954574041818,16.621824086381277,5.34220737466625,-17.7954574041818
AM,2023-05-19,NA,NA,NA,NA,NA,NA,NA,NA,7.552372154620032,-20.089351684908248,18.047023934463112,7.552372154620032,-20.089351684908248
AM,2023-05-20,NA,NA,NA,NA,NA,NA,NA,NA,1.6288790583092638,-4.579164950420869,18.32219165689835,1.6288790583092638,-4.579164950420869
AM,2023-05-21,NA,NA,NA,NA,NA,NA,NA,NA,0.2644673524138022,-0.3507117146384693,15.983624189488811,0.2644673524138022,-0.3507117146384693
AM,2023-05-22,NA,NA,NA,NA,NA,NA,NA,NA,0.14941765176410804,-0.08129809447252832,15.3110102900075,0.14941765176410804,-0.08129809447252832
AM,2023-05-23,NA,NA,NA,NA,NA,NA,NA,NA,0.33913445211394155,-0.24815738966487627,14.935912632682747,0.33913445211394155,-0.24815738966487627
AM,2023-06-05,NA,NA,NA,NA,NA,NA,NA,NA,9.34046200631421,-20.2808170616956,17.229740685826897,9.34046200631421,-20.2808170616956
AM,2023-06-06,NA,NA,NA,NA,NA,NA,NA,NA,9.350816288130533,-20.94190279319876,19.185560938385056,9.350816288130533,-20.94190279319876
AM,2023-06-07,NA,NA,NA,NA,NA,NA,NA,NA,7.634682088015996,-18.194182140233195,17.48825080405585,7.634682088015996,-18.194182140233195
AM,2023-06-08,NA,NA,NA,NA,NA,NA,NA,NA,7.758149620416842,-17.718428948309995,16.82377697688606,7.758149620416842,-17.718428948309995
AM,2023-06-09,NA,NA,NA,NA,NA,NA,NA,NA,6.451322109001366,-18.391024932906213,17.36449484976773,6.451322109001366,-18.391024932906213
AM,2023-06-10,NA,NA,NA,NA,NA,NA,NA,NA,7.208232221016185,-19.730180300705904,18.461200681728133,7.208232221016185,-19.730180300705904
AM,2023-06-11,NA,NA,NA,NA,NA,NA,NA,NA,7.697530927382217,-20.519800399975,18.828656428719444,7.697530927382217,-20.519800399975
AM,2023-06-12,NA,NA,NA,NA,NA,NA,NA,NA,4.791826318469974,-19.271710942737737,18.813155785764582,4.791826318469974,-19.271710942737737
AM,2023-06-13,NA,NA,NA,NA,NA,NA,NA,NA,6.782852828017168,-19.71500970902303,18.60568712044095,6.782852828017168,-19.71500970902303
AM,2023-06-14,NA,NA,NA,NA,NA,NA,NA,NA,6.78470957955167,-19.61320690928569,18.832394073809777,6.78470957955167,-19.61320690928569
AM,2023-06-15,NA,NA,NA,NA,NA,NA,NA,NA,2.357115966189667,-18.743263805561377,18.38306040109832,2.357115966189667,-18.743263805561377
AM,2023-06-16,NA,NA,NA,NA,NA,NA,NA,NA,5.837376565917267,-20.073087248453827,15.96674310932709,5.837376565917267,-20.073087248453827
AM,2023-12-23,NA,NA,NA,NA,NA,NA,NA,NA,0.2751536096326056,-7.149239825471063,0.43056129781359126,0.2751536096326056,-7.149239825471063
AM,2023-12-25,NA,NA,NA,NA,NA,NA,NA,NA,3.1743733661884335,-17.176429994385764,0.4307290931969627,3.1743733661884335,-17.176429994385764
AM,2023-12-28,NA,NA,NA,NA,NA,NA,NA,NA,0.05676573879762717,-8.721302928284658,0.4181861020144244,0.05676573879762717,-8.721302928284658
AM,2023-12-29,NA,NA,NA,NA,NA,NA,NA,NA,0.1030776252272483,-8.800198260729136,0.4220763197328089,0.1030776252272483,-8.800198260729136
AM,2024-01-03,NA,NA,NA,NA,NA,NA,NA,NA,3.6341720243002418,-14.963152867721169,0.4504670041244551,3.6341720243002418,-14.963152867721169
AM,2024-01-04,NA,NA,NA,NA,NA,NA,NA,NA,5.084071351252177,-18.578233739512736,0.4710408532401432,5.084071351252177,-18.578233739512736
AM,2024-01-05,NA,NA,NA,NA,NA,NA,NA,NA,8.54651496141124,-16.413024538637053,0.46220451492853626,8.54651496141124,-16.413024538637053
AM,2024-01-07,NA,NA,NA,NA,NA,NA,NA,NA,0.5185638376752045,-7.048520931236622,0.4459890837067153,0.5185638376752045,-7.048520931236622
AM,2024-01-10,NA,NA,NA,NA,NA,NA,NA,NA,4.011286105755084,-12.121993548905342,0.44452728495283816,4.011286105755084,-12.121993548905342
AM,2024-01-11,NA,NA,NA,NA,NA,NA,NA,NA,4.062136348612918,-11.563750113663255,0.3716801445784051,4.062136348612918,-11.563750113663255
AM,2024-01-13,NA,NA,NA,NA,NA,NA,NA,NA,0.6398420155379183,-3.9865793997353176,0.4450580225187074,0.6398420155379183,-3.9865793997353176
AM,2024-01-20,NA,NA,NA,NA,NA,NA,NA,NA,0.7915938626478094,-7.7911955975254035,0.4431004163094769,0.7915938626478094,-7.7911955975254035
AM,2024-03-16,NA,NA,NA,NA,NA,NA,NA,NA,2.683996039250102,-6.314365648377389,0.4524442169173443,2.683996039250102,-6.314365648377389
AM,2024-03-17,NA,NA,NA,NA,NA,NA,NA,NA,1.1968170296772205,-5.278503439327636,0.4468720169717656,1.1968170296772205,-5.278503439327636
AM,2024-04-03,NA,NA,NA,NA,NA,NA,NA,NA,0.3906964451365927,-6.754361058114016,0.4362098877348027,0.3906964451365927,-6.754361058114016
AM,2024-04-17,NA,NA,NA,NA,NA,NA,NA,NA,0.5007641209460637,-12.84785607002192,0.3450929284274446,0.5007641209460637,-12.84785607002192
AM,2024-06-29,NA,NA,NA,NA,NA,NA,NA,NA,0.9718723986259008,-18.842808804611128,5.026517548029927,0.9718723986259008,-18.842808804611128
AM,2024-06-30,NA,NA,NA,NA,NA,NA,NA,NA,0.8591072751432042,-19.07317211943227,5.184675767947066,0.8591072751432042,-19.07317211943227
AM,2024-07-01,NA,NA,NA,NA,NA,NA,NA,NA,0.6673240226815466,-19.22403221526328,5.298227484172013,0.6673240226815466,-19.22403221526328
AM,2024-07-02,NA,NA,NA,NA,NA,NA,NA,NA,1.0316065776147765,-18.88950743243966,5.367294992691544,1.0316065776147765,-18.88950743243966
AM,2024-07-03,NA,NA,NA,NA,NA,NA,NA,NA,1.184925798970164,-18.963613919897337,5.196895430244733,1.184925798970164,-18.963613919897337
GB,2022-04-29,NA,NA,NA,NA,NA,NA,NA,NA,4.435377160919528,-21.201592911717643,8.260803920618917,4.435377160919528,-21.201592911717643
GB,2022-04-30,NA,NA,NA,NA,NA,NA,NA,NA,3.9231553959307592,-19.71779330762265,7.669888285635145,3.9231553959307592,-19.71779330762265
GB,2022-05-01,NA,NA,NA,NA,NA,NA,NA,NA,3.693050710059869,-20.57475737165344,8.086583508754392,3.693050710059869,-20.57475737165344
GB,2022-05-02,NA,NA,NA,NA,NA,NA,NA,NA,3.787459482317257,-20.1114925347622,7.680027330473131,3.787459482317257,-20.1114925347622
GB,2022-05-03,NA,NA,NA,NA,NA,NA,NA,NA,3.725913044689612,-19.79803336829597,7.566076394191541,3.725913044689612,-19.79803336829597
GB,2022-05-04,NA,NA,NA,NA,NA,NA,NA,NA,3.914937595391804,-20.608854140274207,7.72688033340415,3.914937595391804,-20.608854140274207
GB,2022-05-05,NA,NA,NA,NA,NA,NA,NA,NA,3.713878518720944,-20.435054977003947,7.510100108430085,3.713878518720944,-20.435054977003947
GB,2022-05-06,NA,NA,NA,NA,NA,NA,NA,NA,5.356581175057646,-24.129041260981005,8.439726534196765,5.356581175057646,-24.129041260981005
GB,2022-05-07,NA,NA,NA,NA,NA,NA,NA,NA,3.480797555369013,-20.3726004346385,7.198052884719508,3.480797555369013,-20.3726004346385
GB,2022-05-08,NA,NA,NA,NA,NA,NA,NA,NA,2.7272376505639664,-18.180068205929132,6.468864279755669,2.7272376505639664,-18.180068205929132
GB,2022-08-02,NA,NA,NA,NA,NA,NA,NA,NA,2.2172179484175287,-17.278818027220776,6.783222190878412,2.2172179484175287,-17.278818027220776
GB,2022-08-03,NA,NA,NA,NA,NA,NA,NA,NA,2.7529096118253573,-17.952031284451156,7.150923481062652,2.7529096118253573,-17.952031284451156
GB,2022-08-04,NA,NA,NA,NA,NA,NA,NA,NA,2.0686822341117144,-16.10027157220857,6.599484170571279,2.0686822341117144,-16.10027157220857
GB,2022-08-05,NA,NA,NA,NA,NA,NA,NA,NA,2.368752783569342,-16.588157763974742,6.811549334208526,2.368752783569342,-16.588157763974742
GB,2022-08-06,NA,NA,NA,NA,NA,NA,NA,NA,1.914630127610375,-15.72441615522903,6.5889564999369314,1.914630127610375,-15.72441615522903
GB,2022-08-07,NA,NA,NA,NA,NA,NA,NA,NA,2.526807344972064,-17.19659665073385,7.0111936439375295,2.526807344972064,-17.19659665073385
GB,2022-08-08,NA,NA,NA,NA,NA,NA,NA,NA,2.9199039167236487,-18.054324716337305,7.380839728115427,2.9199039167236487,-18.054324716337305
GB,2022-08-09,NA,NA,NA,NA,NA,NA,NA,NA,2.109111961264574,-17.35062736663235,7.305679310182828,2.109111961264574,-17.35062736663235
GB,2022-08-10,NA,NA,NA,NA,NA,NA,NA,NA,2.429213031837169,-16.798492517346457,7.105879631037172,2.429213031837169,-16.798492517346457
GB,2022-08-11,NA,NA,NA,NA,NA,NA,NA,NA,2.0198012658827005,-16.731073807237113,7.066080476625559,2.0198012658827005,-16.731073807237113
GB,2022-08-12,NA,NA,NA,NA,NA,NA,NA,NA,3.014924584063826,-18.575140815134525,7.818324045939336,3.014924584063826,-18.575140815134525
GB,2022-08-13,NA,NA,NA,NA,NA,NA,NA,NA,2.0212710779051415,-18.134177635707125,7.876904297458411,2.0212710779051415,-18.134177635707125
GB,2022-08-14,NA,NA,NA,NA,NA,NA,NA,NA,1.9699911074387455,-16.05238207037157,7.029989834583996,1.9699911074387455,-16.05238207037157
GB,2022-08-16,NA,NA,NA,NA,NA,NA,NA,NA,2.313474515192493,-17.731749033230766,7.777794621637258,2.313474515192493,-17.731749033230766
GB,2022-08-17,NA,NA,NA,NA,NA,NA,NA,NA,2.4378973992639255,-17.96478059069961,7.879677125962917,2.4378973992639255,-17.96478059069961
GB,2022-08-18,NA,NA,NA,NA,NA,NA,NA,NA,1.5746592007142717,-16.366292367691837,7.4138666736607295,1.5746592007142717,-16.366292367691837
GB,2022-08-19,NA,NA,NA,NA,NA,NA,NA,NA,2.329392572966458,-18.853370546979356,8.380543382064335,2.329392572966458,-18.853370546979356
GB,2022-08-20,NA,NA,NA,NA,NA,NA,NA,NA,2.10211434797187,-18.503354021515023,8.204376932292288,2.10211434797187,-18.503354021515023
GB,2022-08-21,NA,NA,NA,NA,NA,NA,NA,NA,1.9367287705069216,-17.296148442394454,7.615955161786293,1.9367287705069216,-17.296148442394454
GB,2022-08-22,NA,NA,NA,NA,NA,NA,NA,NA,2.4727354871136984,-17.946189276726336,7.743979444416098,2.4727354871136984,-17.946189276726336
GB,2022-08-23,NA,NA,NA,NA,NA,NA,NA,NA,2.3562595850695467,-18.75761058448826,8.304272618147026,2.3562595850695467,-18.75761058448826
GB,2022-08-24,NA,NA,NA,NA,NA,NA,NA,NA,2.1972536478436844,-18.33625814563056,8.198827050904463,2.1972536478436844,-18.33625814563056
GB,2022-08-26,NA,NA,NA,NA,NA,NA,NA,NA,2.2649480068918453,-18.415477969743968,7.361972066308816,2.2649480068918453,-18.415477969743968
GB,2022-08-27,NA,NA,NA,NA,NA,NA,NA,NA,2.822819197292905,-20.466163270253773,7.404663264299403,2.822819197292905,-20.466163270253773
GB,2022-08-28,NA,NA,NA,NA,NA,NA,NA,NA,2.820763796414676,-21.351986166740783,7.150545598427171,2.820763796414676,-21.351986166740783
GB,2022-12-06,NA,NA,NA,NA,NA,NA,NA,NA,2.2119632605875106,-17.280043230943257,8.498730381918149,2.2119632605875106,-17.280043230943257
GB,2022-12-08,NA,NA,NA,NA,NA,NA,NA,NA,2.1022041312402404,-16.916273488699854,8.41941766864776,2.1022041312402404,-16.916273488699854
GB,2022-12-09,NA,NA,NA,NA,NA,NA,NA,NA,2.111967881789711,-17.089565248199317,8.589826310550269,2.111967881789711,-17.089565248199317
GB,2022-12-10,NA,NA,NA,NA,NA,NA,NA,NA,2.409468376331606,-17.623356980578713,8.822685632286156,2.409468376331606,-17.623356980578713
GB,2022-12-11,NA,NA,NA,NA,NA,NA,NA,NA,2.022738278899867,-17.08258033756077,8.559952005545117,2.022738278899867,-17.08258033756077
GB,2022-12-12,NA,NA,NA,NA,NA,NA,NA,NA,2.6016930693677782,-17.79800880382826,9.113257818949544,2.6016930693677782,-17.79800880382826
GB,2022-12-13,NA,NA,NA,NA,NA,NA,NA,NA,2.129788552662562,-17.13093169267437,8.966414681828969,2.129788552662562,-17.13093169267437
GB,2022-12-14,NA,NA,NA,NA,NA,NA,NA,NA,2.523098519118501,-18.10262521969105,8.983822311547534,2.523098519118501,-18.10262521969105
GB,2022-12-15,NA,NA,NA,NA,NA,NA,NA,NA,1.5087041276537492,-15.11594527579343,7.68749277155477,1.5087041276537492,-15.11594527579343
GB,2022-12-16,NA,NA,NA,NA,NA,NA,NA,NA,1.9317409682953144,-16.100717397241755,9.106133824921097,1.9317409682953144,-16.100717397241755
GB,2022-12-17,NA,NA,NA,NA,NA,NA,NA,NA,1.870101652965215,-16.077107812553265,8.848031058720224,1.870101652965215,-16.077107812553265
GB,2022-12-18,NA,NA,NA,NA,NA,NA,NA,NA,1.918684595359479,-15.769422547074324,9.409983895107231,1.918684595359479,-15.769422547074324
GB,2022-12-19,NA,NA,NA,NA,NA,NA,NA,NA,1.7310173959596429,-15.528448854036691,8.744317917299963,1.7310173959596429,-15.528448854036691
GB,2022-12-20,NA,NA,NA,NA,NA,NA,NA,NA,1.7870481921084136,-16.859493180108394,9.134095093629451,1.7870481921084136,-16.859493180108394
GB,2022-12-21,NA,NA,NA,NA,NA,NA,NA,NA,1.9825732034916987,-17.462468512962595,9.539118443254786,1.9825732034916987,-17.462468512962595
GB,2022-12-22,NA,NA,NA,NA,NA,NA,NA,NA,2.3177454259521904,-17.829239075566377,9.372371339309296,2.3177454259521904,-17.829239075566377
GB,2022-12-23,NA,NA,NA,NA,NA,NA,NA,NA,1.8103982952963025,-14.200625389466166,8.801127502775945,1.8103982952963025,-14.200625389466166
GB,2022-12-24,NA,NA,NA,NA,NA,NA,NA,NA,1.91040350257706,-14.402920407566352,9.886285156387506,1.91040350257706,-14.402920407566352
GB,2022-12-25,NA,NA,NA,NA,NA,NA,NA,NA,1.820884658321719,-14.561899419622293,9.613741647692155,1.820884658321719,-14.561899419622293
GB,2022-12-26,NA,NA,NA,NA,NA,NA,NA,NA,1.813506997590052,-15.021962641697035,9.820310391125124,1.813506997590052,-15.021962641697035
GB,2022-12-27,NA,NA,NA,NA,NA,NA,NA,NA,1.4713478120528538,-14.957905014775008,9.52980604721118,1.4713478120528538,-14.957905014775008
GB,2022-12-28,NA,NA,NA,NA,NA,NA,NA,NA,1.5146134875017765,-15.507281209769369,9.490238017372429,1.5146134875017765,-15.507281209769369
GB,2022-12-29,NA,NA,NA,NA,NA,NA,NA,NA,1.9001094922436672,-17.10053617060318,9.696130433929056,1.9001094922436672,-17.10053617060318
GB,2022-12-30,NA,NA,NA,NA,NA,NA,NA,NA,2.2294985592765633,-18.01314542488874,9.751470874569794,2.2294985592765633,-18.01314542488874
GB,2022-12-31,NA,NA,NA,NA,NA,NA,NA,NA,1.5392286407868243,-17.634323581620663,9.283356679062244,1.5392286407868243,-17.634323581620663
GB,2023-01-01,NA,NA,NA,NA,NA,NA,NA,NA,2.5880320850156364,-19.646743788661475,10.547616575819111,2.5880320850156364,-19.646743788661475
GB,2023-01-02,NA,NA,NA,NA,NA,NA,NA,NA,1.9574052035549712,-18.12876844530922,9.837216926289342,1.9574052035549712,-18.12876844530922
GB,2023-10-05,NA,NA,NA,NA,NA,NA,NA,NA,2.7639411609128675,-20.97654202205416,9.667952360413944,2.7639411609128675,-20.97654202205416
GB,2023-10-06,NA,NA,NA,NA,NA,NA,NA,NA,3.2283765274064447,-21.356148015322905,9.794779987009235,3.2283765274064447,-21.356148015322905
GB,2023-10-07,NA,NA,NA,NA,NA,NA,NA,NA,2.4254058019449154,-19.73800670031329,9.372983910939713,2.4254058019449154,-19.73800670031329
GB,2023-10-11,NA,NA,NA,NA,NA,NA,NA,NA,1.1104433410499654,-16.86657042939115,8.480094576796523,1.1104433410499654,-16.86657042939115
GB,2023-10-12,NA,NA,NA,NA,NA,NA,NA,NA,2.46310632520845,-20.34443209459771,9.254027114532338,2.46310632520845,-20.34443209459771
GB,2023-10-13,NA,NA,NA,NA,NA,NA,NA,NA,2.5710456262540875,-19.871748116766227,9.26464111640964,2.5710456262540875,-19.871748116766227
GB,2023-10-14,NA,NA,NA,NA,NA,NA,NA,NA,2.3226354971293706,-19.55730948769141,9.259980377717213,2.3226354971293706,-19.55730948769141
GB,2023-10-15,NA,NA,NA,NA,NA,NA,NA,NA,2.259205097217305,-20.0626928561496,9.6023206930408,2.259205097217305,-20.0626928561496
GB,2023-10-25,NA,NA,NA,NA,NA,NA,NA,NA,2.879711717117527,-21.31529768791824,9.95281419167682,2.879711717117527,-21.31529768791824
GB,2023-12-22,NA,NA,NA,NA,NA,NA,NA,NA,0.12868306232348092,-18.366148315624912,5.370133578791724,0.12868306232348092,-18.366148315624912
GB,2023-12-23,NA,NA,NA,NA,NA,NA,NA,NA,0.45231970216154305,-19.624932566267784,5.574242458816903,0.45231970216154305,-19.624932566267784
GB,2023-12-24,NA,NA,NA,NA,NA,NA,NA,NA,0.7463062186835302,-19.405441037767336,4.767585395684261,0.7463062186835302,-19.405441037767336
GB,2024-06-17,NA,NA,NA,NA,NA,NA,NA,NA,2.8885697074664325,-17.65863151969316,9.161145608228985,2.8885697074664325,-17.65863151969316
GB,2024-06-18,NA,NA,NA,NA,NA,NA,NA,NA,3.006294763032709,-17.572836329373654,9.051029419650646,3.006294763032709,-17.572836329373654
GB,2024-06-19,NA,NA,NA,NA,NA,NA,NA,NA,2.7666383065515148,-18.01836417183028,9.563194328793124,2.7666383065515148,-18.01836417183028
GB,2024-06-20,NA,NA,NA,NA,NA,NA,NA,NA,2.7302190613996693,-17.18741252585806,9.140437098986506,2.7302190613996693,-17.18741252585806
GB,2024-06-21,NA,NA,NA,NA,NA,NA,NA,NA,2.5328891627235683,-16.777636383297754,8.833476546097431,2.5328891627235683,-16.777636383297754
GB,2024-06-22,NA,NA,NA,NA,NA,NA,NA,NA,2.311349993304741,-15.487473346903665,8.158476893083193,2.311349993304741,-15.487473346903665
GB,2024-06-23,NA,NA,NA,NA,NA,NA,NA,NA,2.672783216836403,-16.534554015407807,8.609002792794332,2.672783216836403,-16.534554015407807
GB,2024-06-24,NA,NA,NA,NA,NA,NA,NA,NA,3.1403047665163304,-17.39188330101776,8.953645175511072,3.1403047665163304,-17.39188330101776
GB,2024-06-25,NA,NA,NA,NA,NA,NA,NA,NA,2.630662793941196,-15.748393302489635,8.341622473936093,2.630662793941196,-15.748393302489635
GB,2024-06-26,NA,NA,NA,NA,NA,NA,NA,NA,2.944959470656376,-17.51656944815572,9.243339432984794,2.944959470656376,-17.51656944815572
GB,2024-06-27,NA,NA,NA,NA,NA,NA,NA,NA,2.257366441856155,-17.40214404561137,9.54832847764782,2.257366441856155,-17.40214404561137
GB,2024-06-28,NA,NA,NA,NA,NA,NA,NA,NA,2.3413706195090076,-16.37272543315299,8.956440272895032,2.3413706195090076,-16.37272543315299
GB,2024-06-29,NA,NA,NA,NA,NA,NA,NA,NA,2.321988169596569,-17.071593497478105,9.321437540699408,2.321988169596569,-17.071593497478105
GB,2024-06-30,NA,NA,NA,NA,NA,NA,NA,NA,3.2182981448009267,-17.054107769166503,8.901037395261215,3.2182981448009267,-17.054107769166503
GB,2024-07-01,NA,NA,NA,NA,NA,NA,NA,NA,2.8822717583139896,-18.130360419139215,9.312349933843487,2.8822717583139896,-18.130360419139215
GB,2024-07-02,NA,NA,NA,NA,NA,NA,NA,NA,3.4957719754895127,-18.136175308306857,9.270865028101634,3.4957719754895127,-18.136175308306857
GB,2024-07-03,NA,NA,NA,NA,NA,NA,NA,NA,3.3425045683402015,-17.438981552325266,8.853836314728232,3.3425045683402015,-17.438981552325266
GB,2024-07-04,NA,NA,NA,NA,NA,NA,NA,NA,3.270078392305249,-17.23662893800623,8.853487893943614,3.270078392305249,-17.23662893800623
GB,2024-07-05,NA,NA,NA,NA,NA,NA,NA,NA,2.61544242203544,-16.53950873236692,8.482295062745974,2.61544242203544,-16.53950873236692
GB,2024-07-06,NA,NA,NA,NA,NA,NA,NA,NA,2.6586438566295225,-17.02280131607202,8.783672721483379,2.6586438566295225,-17.02280131607202
GB,2024-07-07,NA,NA,NA,NA,NA,NA,NA,NA,2.152471050402673,-16.737173387877736,8.84377950445905,2.152471050402673,-16.737173387877736
GB,2024-07-08,NA,NA,NA,NA,NA,NA,NA,NA,2.3781744537869165,-16.22180259126323,8.431836859834645,2.3781744537869165,-16.22180259126323
GB,2024-07-09,NA,NA,NA,NA,NA,NA,NA,NA,4.114574626778645,-18.834277334937905,9.66653964079883,4.114574626778645,-18.834277334937905
GB,2024-07-10,NA,NA,NA,NA,NA,NA,NA,NA,3.457885383510765,-17.888793279187897,9.048249655893889,3.457885383510765,-17.888793279187897
GB,2024-07-11,NA,NA,NA,NA,NA,NA,NA,NA,3.639022045292535,-17.835223078242862,8.945300622004996,3.639022045292535,-17.835223078242862
GB,2024-07-12,NA,NA,NA,NA,NA,NA,NA,NA,2.7474414687109334,-16.897194502511393,8.375745159815665,2.7474414687109334,-16.897194502511393
GB,2024-07-13,NA,NA,NA,NA,NA,NA,NA,NA,2.1566030535702763,-15.342624254610785,7.6397802215077055,2.1566030535702763,-15.342624254610785
GB,2024-07-14,NA,NA,NA,NA,NA,NA,NA,NA,2.2734023551330127,-15.831443907212067,7.897871489677014,2.2734023551330127,-15.831443907212067
GB,2024-07-15,NA,NA,NA,NA,NA,NA,NA,NA,1.9116548605383017,-16.15000990325302,8.272899828340654,1.9116548605383017,-16.15000990325302
GB,2024-07-16,NA,NA,NA,NA,NA,NA,NA,NA,2.787711288042671,-17.852383982390098,9.116648452156072,2.787711288042671,-17.852383982390098
GB,2024-07-17,NA,NA,NA,NA,NA,NA,NA,NA,3.286869412535216,-18.238897515184934,9.391794635644924,3.286869412535216,-18.238897515184934
GB,2024-07-18,NA,NA,NA,NA,NA,NA,NA,NA,2.6320931054079817,-17.33021171356352,9.080727398614194,2.6320931054079817,-17.33021171356352
GB,2024-07-19,NA,NA,NA,NA,NA,NA,NA,NA,2.951049385513286,-16.660910572754734,8.82186755966615,2.951049385513286,-16.660910572754734
GB,2024-07-20,NA,NA,NA,NA,NA,NA,NA,NA,2.632985082111864,-17.539680676715086,9.207234684694823,2.632985082111864,-17.539680676715086
GB,2024-07-21,NA,NA,NA,NA,NA,NA,NA,NA,2.563078333159487,-16.983906042398687,8.933673210548081,2.563078333159487,-16.983906042398687
GB,2024-07-22,NA,NA,NA,NA,NA,NA,NA,NA,2.4823597274577134,-16.023586895077347,8.477217399570081,2.4823597274577134,-16.023586895077347
GB,2024-07-23,NA,NA,NA,NA,NA,NA,NA,NA,3.501410688912298,-18.179405777620133,9.410683537881775,3.501410688912298,-18.179405777620133
GB,2024-07-24,NA,NA,NA,NA,NA,NA,NA,NA,2.4614733295999236,-15.986551572073395,8.447060949883443,2.4614733295999236,-15.986551572073395
GB,2024-07-25,NA,NA,NA,NA,NA,NA,NA,NA,3.305504652776178,-18.47964984714619,9.821934343821985,3.305504652776178,-18.47964984714619
IU,2022-01-21,NA,NA,NA,NA,NA,NA,NA,NA,2.5527659018217097,-9.87217993272446,1.0702301529684677,2.5527659018217097,-9.87217993272446
IU,2022-01-22,NA,NA,NA,NA,NA,NA,NA,NA,2.610275446376563,-9.170731361577817,1.1028379803604311,2.610275446376563,-9.170731361577817
IU,2022-02-01,NA,NA,NA,NA,NA,NA,NA,NA,3.367173471301072,-10.28164507487818,0.9489813497727798,3.367173471301072,-10.28164507487818
IU,2022-02-02,NA,NA,NA,NA,NA,NA,NA,NA,3.1438573307971867,-9.727874679076926,0.9318083119582804,3.1438573307971867,-9.727874679076926
IU,2022-02-04,NA,NA,NA,NA,NA,NA,NA,NA,3.278865330401808,-9.998547695193109,0.964410429511295,3.278865330401808,-9.998547695193109
IU,2022-02-05,NA,NA,NA,NA,NA,NA,NA,NA,3.690074932712675,-9.249066310767732,1.0151875462515705,3.690074932712675,-9.249066310767732
IU,2022-02-06,NA,NA,NA,NA,NA,NA,NA,NA,2.6995101494363434,-9.81098361559864,1.1072334862686155,2.6995101494363434,-9.81098361559864
IU,2022-02-07,NA,NA,NA,NA,NA,NA,NA,NA,2.8375969428908205,-9.576898959867725,1.104272547755296,2.8375969428908205,-9.576898959867725
IU,2022-02-08,NA,NA,NA,NA,NA,NA,NA,NA,2.6564416294465536,-8.929786882031797,1.1020932455888393,2.6564416294465536,-8.929786882031797
IU,2022-02-09,NA,NA,NA,NA,NA,NA,NA,NA,3.1506619499516595,-8.834812729326726,1.102601684384413,3.1506619499516595,-8.834812729326726
IU,2022-02-10,NA,NA,NA,NA,NA,NA,NA,NA,3.1621691666769767,-9.040106725767869,1.1083851414072727,3.1621691666769767,-9.040106725767869
IU,2022-02-11,NA,NA,NA,NA,NA,NA,NA,NA,3.2081285013919674,-9.006528761557545,1.0831983078920422,3.2081285013919674,-9.006528761557545
IU,2022-02-12,NA,NA,NA,NA,NA,NA,NA,NA,3.34824457586377,-9.667500458440053,1.052525253239244,3.34824457586377,-9.667500458440053
IU,2022-02-13,NA,NA,NA,NA,NA,NA,NA,NA,2.5169638136460866,-8.261441728732436,1.0725975217901065,2.5169638136460866,-8.261441728732436
IU,2022-02-14,NA,NA,NA,NA,NA,NA,NA,NA,3.3586910717751413,-9.081026223853614,1.1201373191016812,3.3586910717751413,-9.081026223853614
IU,2022-02-15,NA,NA,NA,NA,NA,NA,NA,NA,3.4569702508916422,-9.11889408746449,1.1143132452592486,3.4569702508916422,-9.11889408746449
IU,2022-02-16,NA,NA,NA,NA,NA,NA,NA,NA,3.507372378981643,-9.468147357858903,1.0690000732728877,3.507372378981643,-9.468147357858903
IU,2022-02-17,NA,NA,NA,NA,NA,NA,NA,NA,3.486221355951241,-9.277467499153593,1.0434226876069077,3.486221355951241,-9.277467499153593
IU,2022-02-18,NA,NA,NA,NA,NA,NA,NA,NA,3.2457224678907415,-9.833026409097112,1.0705883320435077,3.2457224678907415,-9.833026409097112
IU,2022-02-19,NA,NA,NA,NA,NA,NA,NA,NA,3.7073386992124338,-8.475226172813178,1.0928273498861265,3.7073386992124338,-8.475226172813178
IU,2022-02-20,NA,NA,NA,NA,NA,NA,NA,NA,3.41229357744064,-9.108369056428836,1.1031418728604077,3.41229357744064,-9.108369056428836
IU,2022-02-21,NA,NA,NA,NA,NA,NA,NA,NA,3.5230758145500363,-8.942848375487372,1.0820758350804598,3.5230758145500363,-8.942848375487372
IU,2022-02-22,NA,NA,NA,NA,NA,NA,NA,NA,3.696722699931072,-8.935944135407214,1.063068779115896,3.696722699931072,-8.935944135407214
IU,2022-02-23,NA,NA,NA,NA,NA,NA,NA,NA,3.790302875334435,-9.218302157353737,1.0848755111304722,3.790302875334435,-9.218302157353737
IU,2022-02-24,NA,NA,NA,NA,NA,NA,NA,NA,3.769888446881248,-9.005991073614569,1.055272111409956,3.769888446881248,-9.005991073614569
IU,2022-02-25,NA,NA,NA,NA,NA,NA,NA,NA,3.790633847060614,-8.579954610201106,1.0422634445011905,3.790633847060614,-8.579954610201106
IU,2022-02-26,NA,NA,NA,NA,NA,NA,NA,NA,3.752845940328147,-9.06744424288456,1.0457026163975276,3.752845940328147,-9.06744424288456
IU,2022-02-27,NA,NA,NA,NA,NA,NA,NA,NA,3.8696395959244665,-8.803494677109098,1.0539231373857534,3.8696395959244665,-8.803494677109098
IU,2022-02-28,NA,NA,NA,NA,NA,NA,NA,NA,2.9583647050422837,-9.495142341639864,1.1388380979255788,2.9583647050422837,-9.495142341639864
IU,2022-03-01,NA,NA,NA,NA,NA,NA,NA,NA,3.819242190972579,-8.674127063593414,1.0843820593694342,3.819242190972579,-8.674127063593414
IU,2022-03-02,NA,NA,NA,NA,NA,NA,NA,NA,3.671903637709176,-8.798951918194993,1.1197710872069846,3.671903637709176,-8.798951918194993
IU,2022-03-03,NA,NA,NA,NA,NA,NA,NA,NA,3.8701395306030286,-8.903771611368471,1.086795171356146,3.8701395306030286,-8.903771611368471
IU,2022-03-04,NA,NA,NA,NA,NA,NA,NA,NA,3.891800562159036,-8.882038199290646,1.0734841143718898,3.891800562159036,-8.882038199290646
IU,2022-03-05,NA,NA,NA,NA,NA,NA,NA,NA,3.802288778065624,-8.79955227496468,1.0306033399310943,3.802288778065624,-8.79955227496468
IU,2022-03-06,NA,NA,NA,NA,NA,NA,NA,NA,3.793288729436193,-8.924124060822066,1.0369824142040642,3.793288729436193,-8.924124060822066
IU,2022-03-07,NA,NA,NA,NA,NA,NA,NA,NA,3.5573252792369936,-8.735080048645303,1.0705687542087807,3.5573252792369936,-8.735080048645303
IU,2022-03-08,NA,NA,NA,NA,NA,NA,NA,NA,3.4766383169246473,-8.830947067776624,1.0630296409642703,3.4766383169246473,-8.830947067776624
IU,2022-03-09,NA,NA,NA,NA,NA,NA,NA,NA,3.783031538627934,-10.004764349834131,1.052666565904791,3.783031538627934,-10.004764349834131
IU,2022-03-10,NA,NA,NA,NA,NA,NA,NA,NA,2.781539584187545,-9.208331224896652,1.2032970258240632,2.781539584187545,-9.208331224896652
IU,2022-03-11,NA,NA,NA,NA,NA,NA,NA,NA,2.7623016839798553,-9.792635588765592,1.1752384361499144,2.7623016839798553,-9.792635588765592
IU,2022-03-12,NA,NA,NA,NA,NA,NA,NA,NA,3.51693985689356,-8.73572251301358,1.1414691783650988,3.51693985689356,-8.73572251301358
IU,2022-03-13,NA,NA,NA,NA,NA,NA,NA,NA,3.600557041344125,-9.23785271813948,1.1277574007201412,3.600557041344125,-9.23785271813948
IU,2022-03-15,NA,NA,NA,NA,NA,NA,NA,NA,3.4694631714128397,-10.902106036218605,0.994227053318933,3.4694631714128397,-10.902106036218605
IU,2022-03-16,NA,NA,NA,NA,NA,NA,NA,NA,3.904783989315492,-10.7736741782503,0.8455858748650651,3.904783989315492,-10.7736741782503
IU,2022-03-17,NA,NA,NA,NA,NA,NA,NA,NA,4.055585991383701,-11.119783197276842,0.7989387384198923,4.055585991383701,-11.119783197276842
IU,2022-03-18,NA,NA,NA,NA,NA,NA,NA,NA,4.330921643103014,-11.221378776428182,0.7803582309793371,4.330921643103014,-11.221378776428182
IU,2022-03-19,NA,NA,NA,NA,NA,NA,NA,NA,4.548276151680158,-11.501779741988749,0.7460523477868356,4.548276151680158,-11.501779741988749
IU,2022-03-20,NA,NA,NA,NA,NA,NA,NA,NA,5.070107689689086,-11.09051445807846,0.7329332538736991,5.070107689689086,-11.09051445807846
IU,2022-03-21,NA,NA,NA,NA,NA,NA,NA,NA,4.329112573658044,-11.666079690580199,0.7553676009490987,4.329112573658044,-11.666079690580199
IU,2022-03-22,NA,NA,NA,NA,NA,NA,NA,NA,4.885456150869113,-11.82420668213954,0.6935145602854391,4.885456150869113,-11.82420668213954
IU,2022-03-23,NA,NA,NA,NA,NA,NA,NA,NA,3.1252662313707957,-13.069117288893906,0.7070473225732461,3.1252662313707957,-13.069117288893906
IU,2022-03-24,NA,NA,NA,NA,NA,NA,NA,NA,3.277582755779236,-11.892002268412108,0.723780757721617,3.277582755779236,-11.892002268412108
IU,2022-03-25,NA,NA,NA,NA,NA,NA,NA,NA,4.432263638918561,-11.395053544275084,0.6877304339003624,4.432263638918561,-11.395053544275084
IU,2022-03-26,NA,NA,NA,NA,NA,NA,NA,NA,4.089964043864496,-11.650695800928313,0.676228978629903,4.089964043864496,-11.650695800928313
IU,2022-03-27,NA,NA,NA,NA,NA,NA,NA,NA,4.260691651707886,-11.932462199917962,0.6413231901725135,4.260691651707886,-11.932462199917962
IU,2022-03-28,NA,NA,NA,NA,NA,NA,NA,NA,3.2343540111635085,-11.612314436300354,0.6124157931293016,3.2343540111635085,-11.612314436300354
IU,2022-03-29,NA,NA,NA,NA,NA,NA,NA,NA,2.7276901376523197,-10.940812800426825,0.5659346619758753,2.7276901376523197,-10.940812800426825
IU,2022-03-30,NA,NA,NA,NA,NA,NA,NA,NA,2.56919351946577,-11.346829774455292,0.544536424388915,2.56919351946577,-11.346829774455292
IU,2022-03-31,NA,NA,NA,NA,NA,NA,NA,NA,2.644914757016496,-18.11311332784847,0.4615761116502561,2.644914757016496,-18.11311332784847
IU,2022-04-01,NA,NA,NA,NA,NA,NA,NA,NA,2.169522529029611,-8.105095314106666,0.5792380349652567,2.169522529029611,-8.105095314106666
IU,2022-04-02,NA,NA,NA,NA,NA,NA,NA,NA,2.7929363073798683,-18.001038114831353,0.48129230686113295,2.7929363073798683,-18.001038114831353
IU,2022-04-03,NA,NA,NA,NA,NA,NA,NA,NA,3.007539000050834,-10.030448533715864,0.6039600320439031,3.007539000050834,-10.030448533715864
IU,2022-04-04,NA,NA,NA,NA,NA,NA,NA,NA,3.93096331743264,-12.885234860082898,0.5306774031069481,3.93096331743264,-12.885234860082898
IU,2022-04-05,NA,NA,NA,NA,NA,NA,NA,NA,3.4394108911182433,-12.001433581614208,0.5243191694116685,3.4394108911182433,-12.001433581614208
IU,2022-04-06,NA,NA,NA,NA,NA,NA,NA,NA,2.9485672142308186,-12.12915767271853,0.5166867931939166,2.9485672142308186,-12.12915767271853
IU,2022-04-07,NA,NA,NA,NA,NA,NA,NA,NA,2.1514206766528665,-10.366216053578452,0.5239831683819403,2.1514206766528665,-10.366216053578452
IU,2022-04-08,NA,NA,NA,NA,NA,NA,NA,NA,5.106487319793102,-10.73497847373412,0.5347835733479477,5.106487319793102,-10.73497847373412
IU,2022-04-09,NA,NA,NA,NA,NA,NA,NA,NA,4.930874471172434,-10.905977940013988,0.5499772738328336,4.930874471172434,-10.905977940013988
IU,2022-04-10,NA,NA,NA,NA,NA,NA,NA,NA,4.61575406060214,-12.513942354193183,0.5560334941549825,4.61575406060214,-12.513942354193183
IU,2022-04-11,NA,NA,NA,NA,NA,NA,NA,NA,4.510628714725214,-11.305518640287072,0.556539674652464,4.510628714725214,-11.305518640287072
IU,2022-04-12,NA,NA,NA,NA,NA,NA,NA,NA,4.368414082211781,-11.255915154286376,0.5113502693941256,4.368414082211781,-11.255915154286376
IU,2022-04-13,NA,NA,NA,NA,NA,NA,NA,NA,4.94151534780017,-10.764584548049577,0.4845793479954554,4.94151534780017,-10.764584548049577
IU,2022-04-14,NA,NA,NA,NA,NA,NA,NA,NA,3.954748627725349,-10.6935492782581,0.4907275560593728,3.954748627725349,-10.6935492782581
IU,2022-04-15,NA,NA,NA,NA,NA,NA,NA,NA,4.664960127248086,-11.195792629235074,0.4688151853555651,4.664960127248086,-11.195792629235074
IU,2022-04-16,NA,NA,NA,NA,NA,NA,NA,NA,4.6901886969476765,-10.574841388663463,0.47906390472045,4.6901886969476765,-10.574841388663463
IU,2022-04-17,NA,NA,NA,NA,NA,NA,NA,NA,8.08208774599781,-17.270667072581258,0.3969913486666983,8.08208774599781,-17.270667072581258
IU,2022-04-18,NA,NA,NA,NA,NA,NA,NA,NA,4.8111969987607575,-9.296719179560432,0.5251494560929525,4.8111969987607575,-9.296719179560432
IU,2022-04-19,NA,NA,NA,NA,NA,NA,NA,NA,9.501101985109552,-12.3934497489421,0.4359101384266052,9.501101985109552,-12.3934497489421
IU,2022-04-20,NA,NA,NA,NA,NA,NA,NA,NA,7.808803969295885,-12.26073973601494,0.4927616612583157,7.808803969295885,-12.26073973601494
IU,2022-04-21,NA,NA,NA,NA,NA,NA,NA,NA,8.507974031342266,-12.184200332983364,0.4830321055755242,8.507974031342266,-12.184200332983364
IU,2022-04-22,NA,NA,NA,NA,NA,NA,NA,NA,8.942355725139517,-13.15172471825472,0.4699021486251483,8.942355725139517,-13.15172471825472
IU,2022-04-23,NA,NA,NA,NA,NA,NA,NA,NA,9.302297052766749,-13.271403017752329,0.49774539541803686,9.302297052766749,-13.271403017752329
IU,2022-04-24,NA,NA,NA,NA,NA,NA,NA,NA,8.847032583395622,-13.154136100215004,0.5337923014586133,8.847032583395622,-13.154136100215004
IU,2022-04-25,NA,NA,NA,NA,NA,NA,NA,NA,8.979071236757855,-13.0051827110045,0.5344450478212346,8.979071236757855,-13.0051827110045
IU,2022-04-26,NA,NA,NA,NA,NA,NA,NA,NA,8.825027144926457,-13.144298386025666,0.5749386439524963,8.825027144926457,-13.144298386025666
IU,2022-04-27,NA,NA,NA,NA,NA,NA,NA,NA,9.043635460917988,-13.046621874025057,0.579562581549913,9.043635460917988,-13.046621874025057
IU,2022-04-28,NA,NA,NA,NA,NA,NA,NA,NA,8.67652295673748,-12.308538082743944,0.6231055001678479,8.67652295673748,-12.308538082743944
IU,2022-04-29,NA,NA,NA,NA,NA,NA,NA,NA,8.188011827643757,-12.616085942549038,0.67104487186539,8.188011827643757,-12.616085942549038
IU,2022-04-30,NA,NA,NA,NA,NA,NA,NA,NA,7.453024631525357,-12.35218185291917,0.7230319561650039,7.453024631525357,-12.35218185291917
IU,2022-05-01,NA,NA,NA,NA,NA,NA,NA,NA,7.272679685139066,-11.805272588763165,0.7341906919167382,7.272679685139066,-11.805272588763165
IU,2022-05-02,NA,NA,NA,NA,NA,NA,NA,NA,6.719539523590924,-11.71811576417521,0.762764169624502,6.719539523590924,-11.71811576417521
IU,2022-05-03,NA,NA,NA,NA,NA,NA,NA,NA,7.692279502105726,-12.225560924066343,0.7664158379847217,7.692279502105726,-12.225560924066343
IU,2022-05-04,NA,NA,NA,NA,NA,NA,NA,NA,6.655350292893791,-11.336157799040944,0.8092939280303475,6.655350292893791,-11.336157799040944
IU,2022-05-05,NA,NA,NA,NA,NA,NA,NA,NA,6.4999268317930285,-11.121626069030324,0.8106836407464549,6.4999268317930285,-11.121626069030324
IU,2022-05-06,NA,NA,NA,NA,NA,NA,NA,NA,7.146685382264467,-11.692046083406993,0.7776459063469161,7.146685382264467,-11.692046083406993
IU,2022-05-07,NA,NA,NA,NA,NA,NA,NA,NA,6.701954070202536,-11.118720468724128,0.7983829455132809,6.701954070202536,-11.118720468724128
IU,2022-05-08,NA,NA,NA,NA,NA,NA,NA,NA,6.082082665167964,-10.848107316548104,0.8730647261940513,6.082082665167964,-10.848107316548104
IU,2022-05-09,NA,NA,NA,NA,NA,NA,NA,NA,5.88500224813217,-10.379918204894237,0.8909634245318108,5.88500224813217,-10.379918204894237
IU,2022-05-10,NA,NA,NA,NA,NA,NA,NA,NA,5.791476785742647,-10.26393857394161,0.8769474497861003,5.791476785742647,-10.26393857394161
IU,2022-05-11,NA,NA,NA,NA,NA,NA,NA,NA,5.875227496892147,-10.54073522305841,0.8927567039823133,5.875227496892147,-10.54073522305841
IU,2022-05-12,NA,NA,NA,NA,NA,NA,NA,NA,5.781318037046352,-10.895001349538411,0.9073095789613496,5.781318037046352,-10.895001349538411
IU,2022-05-13,NA,NA,NA,NA,NA,NA,NA,NA,5.479483916486538,-10.517672128077267,0.9434962662543344,5.479483916486538,-10.517672128077267
IU,2022-05-14,NA,NA,NA,NA,NA,NA,NA,NA,5.648886014488995,-10.570124309918352,0.9274078680032548,5.648886014488995,-10.570124309918352
IU,2022-05-15,NA,NA,NA,NA,NA,NA,NA,NA,5.941460045836557,-11.14763323485901,0.8985957635382977,5.941460045836557,-11.14763323485901
IU,2022-05-16,NA,NA,NA,NA,NA,NA,NA,NA,5.516890130044323,-10.293276231216124,0.9387783803433544,5.516890130044323,-10.293276231216124
IU,2022-05-17,NA,NA,NA,NA,NA,NA,NA,NA,5.719261090557273,-11.042001033192944,0.9605323973136564,5.719261090557273,-11.042001033192944
IU,2022-05-18,NA,NA,NA,NA,NA,NA,NA,NA,5.8946865750534,-10.303034964701968,0.9133180057638056,5.8946865750534,-10.303034964701968
IU,2022-05-19,NA,NA,NA,NA,NA,NA,NA,NA,5.806836589619454,-10.173059860662768,0.9296737674594628,5.806836589619454,-10.173059860662768
IU,2022-05-20,NA,NA,NA,NA,NA,NA,NA,NA,5.491390245072867,-9.954600795812537,0.9327754657795554,5.491390245072867,-9.954600795812537
IU,2022-05-21,NA,NA,NA,NA,NA,NA,NA,NA,5.970497942832209,-10.57337405095112,0.916928326758892,5.970497942832209,-10.57337405095112
IU,2022-05-22,NA,NA,NA,NA,NA,NA,NA,NA,5.839070627749297,-10.009654941798452,0.949886731235314,5.839070627749297,-10.009654941798452
IU,2022-05-23,NA,NA,NA,NA,NA,NA,NA,NA,6.016615727175273,-10.085678542495582,0.9306449939834972,6.016615727175273,-10.085678542495582
IU,2022-05-24,NA,NA,NA,NA,NA,NA,NA,NA,5.5996649909727525,-10.410761148495643,0.9396115198761866,5.5996649909727525,-10.410761148495643
IU,2022-05-25,NA,NA,NA,NA,NA,NA,NA,NA,5.950466658221478,-10.138015106222996,0.9147437032526436,5.950466658221478,-10.138015106222996
IU,2022-05-26,NA,NA,NA,NA,NA,NA,NA,NA,6.1016023758344575,-10.264891158315631,0.909110378750163,6.1016023758344575,-10.264891158315631
IU,2022-05-27,NA,NA,NA,NA,NA,NA,NA,NA,5.090970452108041,-9.999748985662366,0.9825943169978404,5.090970452108041,-9.999748985662366
IU,2022-05-28,NA,NA,NA,NA,NA,NA,NA,NA,5.290838572209712,-9.992999430646838,0.958161675718672,5.290838572209712,-9.992999430646838
IU,2022-05-29,NA,NA,NA,NA,NA,NA,NA,NA,5.508670376015089,-9.983506427506354,0.9371135005452164,5.508670376015089,-9.983506427506354
IU,2022-05-30,NA,NA,NA,NA,NA,NA,NA,NA,5.351146802856659,-9.911762833204122,0.964633192612726,5.351146802856659,-9.911762833204122
IU,2022-05-31,NA,NA,NA,NA,NA,NA,NA,NA,5.942879452420961,-10.626650612268929,0.9239759278371276,5.942879452420961,-10.626650612268929
IU,2022-06-01,NA,NA,NA,NA,NA,NA,NA,NA,5.72578677856329,-9.893407867888628,0.9221952846066124,5.72578677856329,-9.893407867888628
IU,2022-06-02,NA,NA,NA,NA,NA,NA,NA,NA,5.965087474231602,-10.334082488085611,0.9134225139544884,5.965087474231602,-10.334082488085611
IU,2022-06-03,NA,NA,NA,NA,NA,NA,NA,NA,5.783863365593921,-10.095518030612666,0.8946943213030027,5.783863365593921,-10.095518030612666
IU,2022-06-04,NA,NA,NA,NA,NA,NA,NA,NA,5.367799823945675,-10.002159159032768,0.9309671954443648,5.367799823945675,-10.002159159032768
IU,2022-06-05,NA,NA,NA,NA,NA,NA,NA,NA,5.632896068086581,-9.887398588040206,0.9341944958313376,5.632896068086581,-9.887398588040206
IU,2022-06-06,NA,NA,NA,NA,NA,NA,NA,NA,6.027803807291439,-10.221787208930625,0.9238950869618976,6.027803807291439,-10.221787208930625
IU,2022-06-07,NA,NA,NA,NA,NA,NA,NA,NA,5.908628005770041,-9.968234719002291,0.9210018741586464,5.908628005770041,-9.968234719002291
IU,2022-06-08,NA,NA,NA,NA,NA,NA,NA,NA,5.7947232889145655,-10.032740313246052,0.9451810609373842,5.7947232889145655,-10.032740313246052
IU,2022-06-09,NA,NA,NA,NA,NA,NA,NA,NA,6.41742942778862,-10.895083226395224,0.89318028897899715,6.41742942778862,-10.895083226395224
IU,2022-06-10,NA,NA,NA,NA,NA,NA,NA,NA,6.562481561781038,-10.772312325158415,0.8960371954103319,6.562481561781038,-10.772312325158415
IU,2022-06-11,NA,NA,NA,NA,NA,NA,NA,NA,5.965529543023767,-10.054172393878504,0.9516895433301992,5.965529543023767,-10.054172393878504
IU,2022-06-12,NA,NA,NA,NA,NA,NA,NA,NA,5.45347993832282,-10.712144493791408,0.9953205437177188,5.45347993832282,-10.712144493791408
IU,2022-06-13,NA,NA,NA,NA,NA,NA,NA,NA,5.013428980579496,-9.849869033015771,1.0036885350665348,5.013428980579496,-9.849869033015771
IU,2022-06-14,NA,NA,NA,NA,NA,NA,NA,NA,5.847731360311446,-10.555380041500255,0.9395555541593305,5.847731360311446,-10.555380041500255
IU,2022-06-15,NA,NA,NA,NA,NA,NA,NA,NA,5.9648971039309115,-9.775349949001678,0.941012913274703,5.9648971039309115,-9.775349949001678
IU,2022-06-16,NA,NA,NA,NA,NA,NA,NA,NA,6.126691707082344,-10.032320169604928,0.9029152160286787,6.126691707082344,-10.032320169604928
IU,2022-06-17,NA,NA,NA,NA,NA,NA,NA,NA,5.992695976101312,-10.041405116162233,0.9470507109105356,5.992695976101312,-10.041405116162233
IU,2022-06-18,NA,NA,NA,NA,NA,NA,NA,NA,4.089932219175265,-9.449449571419551,1.07506846967249,4.089932219175265,-9.449449571419551
IU,2022-06-19,NA,NA,NA,NA,NA,NA,NA,NA,5.7742888838150055,-9.921128534554976,0.955765482698853,5.7742888838150055,-9.921128534554976
IU,2022-06-20,NA,NA,NA,NA,NA,NA,NA,NA,5.663405346278624,-9.82796047542528,0.9593633277813834,5.663405346278624,-9.82796047542528
IU,2022-06-21,NA,NA,NA,NA,NA,NA,NA,NA,5.756053240949469,-9.475935879475486,0.9459950187410476,5.756053240949469,-9.475935879475486
IU,2022-06-22,NA,NA,NA,NA,NA,NA,NA,NA,6.228148469846157,-10.258803288301182,0.9258170319618788,6.228148469846157,-10.258803288301182
IU,2022-06-23,NA,NA,NA,NA,NA,NA,NA,NA,5.986709943633033,-9.89536840970866,0.9381110594940736,5.986709943633033,-9.89536840970866
IU,2022-06-24,NA,NA,NA,NA,NA,NA,NA,NA,7.344327381513219,-12.123229206926649,0.8283860407670992,7.344327381513219,-12.123229206926649
IU,2022-06-25,NA,NA,NA,NA,NA,NA,NA,NA,5.5033697328943365,-9.59628959207557,0.982817024055074,5.5033697328943365,-9.59628959207557
IU,2022-06-26,NA,NA,NA,NA,NA,NA,NA,NA,5.522551446954703,-10.45661725164207,0.9493277511553652,5.522551446954703,-10.45661725164207
IU,2022-07-08,NA,NA,NA,NA,NA,NA,NA,NA,5.5400821684892385,-10.643627612082351,0.9868001508246844,5.5400821684892385,-10.643627612082351
IU,2022-07-09,NA,NA,NA,NA,NA,NA,NA,NA,4.61359459402324,-9.895015801438872,1.0506569657027534,4.61359459402324,-9.895015801438872
IU,2022-07-10,NA,NA,NA,NA,NA,NA,NA,NA,4.709392683110755,-9.906334080922628,1.0446874648721194,4.709392683110755,-9.906334080922628
IU,2022-07-11,NA,NA,NA,NA,NA,NA,NA,NA,5.002935007714721,-10.38060937580699,1.0220640561988528,5.002935007714721,-10.38060937580699
IU,2022-07-12,NA,NA,NA,NA,NA,NA,NA,NA,4.721271694848258,-9.576087913791248,1.0431591894917294,4.721271694848258,-9.576087913791248
IU,2022-07-13,NA,NA,NA,NA,NA,NA,NA,NA,4.6724034823785,-9.515815224635473,1.0326944542197138,4.6724034823785,-9.515815224635473
IU,2022-07-14,NA,NA,NA,NA,NA,NA,NA,NA,5.547071175498443,-10.733206101386555,0.9506506931304736,5.547071175498443,-10.733206101386555
IU,2022-07-15,NA,NA,NA,NA,NA,NA,NA,NA,5.679657148049367,-10.102918599675505,1.0034067202773065,5.679657148049367,-10.102918599675505
IU,2022-07-16,NA,NA,NA,NA,NA,NA,NA,NA,5.397966170870206,-10.29970048606931,0.9806659453783244,5.397966170870206,-10.29970048606931
IU,2022-07-17,NA,NA,NA,NA,NA,NA,NA,NA,5.11666980251246,-9.666049143122754,0.9923250984597598,5.11666980251246,-9.666049143122754
IU,2022-07-18,NA,NA,NA,NA,NA,NA,NA,NA,4.753010394683365,-10.111131767701142,1.0565755959728285,4.753010394683365,-10.111131767701142
IU,2022-07-19,NA,NA,NA,NA,NA,NA,NA,NA,5.030388525113558,-9.74844070819536,1.0009786176779891,5.030388525113558,-9.74844070819536
IU,2022-07-20,NA,NA,NA,NA,NA,NA,NA,NA,5.5881383784664065,-9.697081552428214,0.9615297513964788,5.5881383784664065,-9.697081552428214
IU,2022-07-21,NA,NA,NA,NA,NA,NA,NA,NA,5.229550710729667,-10.095365065176608,0.9560968744669166,5.229550710729667,-10.095365065176608
IU,2022-07-22,NA,NA,NA,NA,NA,NA,NA,NA,5.414827413167868,-10.336313744576678,0.9597523321346324,5.414827413167868,-10.336313744576678
IU,2022-07-23,NA,NA,NA,NA,NA,NA,NA,NA,4.963792574993398,-10.186320952532238,0.9707780553869612,4.963792574993398,-10.186320952532238
IU,2022-07-24,NA,NA,NA,NA,NA,NA,NA,NA,5.101032371475102,-9.901162360021198,1.0105173315255769,5.101032371475102,-9.901162360021198
IU,2022-07-25,NA,NA,NA,NA,NA,NA,NA,NA,4.991218797403072,-9.961024930331345,0.973433406456612,4.991218797403072,-9.961024930331345
IU,2022-07-26,NA,NA,NA,NA,NA,NA,NA,NA,5.1541854036408035,-9.93561901366693,0.9828080675331964,5.1541854036408035,-9.93561901366693
IU,2022-07-27,NA,NA,NA,NA,NA,NA,NA,NA,4.95240492143749,-9.762705613501538,0.9937415936512416,4.95240492143749,-9.762705613501538
IU,2022-07-28,NA,NA,NA,NA,NA,NA,NA,NA,4.860763478922031,-9.663732920559449,0.9663352845393238,4.860763478922031,-9.663732920559449
IU,2022-07-29,NA,NA,NA,NA,NA,NA,NA,NA,5.153687973388208,-9.934751871885558,0.9721346880648144,5.153687973388208,-9.934751871885558
IU,2022-07-30,NA,NA,NA,NA,NA,NA,NA,NA,4.82456837909183,-9.973510773510435,1.006193665348935,4.82456837909183,-9.973510773510435
IU,2022-07-31,NA,NA,NA,NA,NA,NA,NA,NA,4.609616299770202,-9.90515450632108,1.0019589001504892,4.609616299770202,-9.90515450632108
IU,2022-08-01,NA,NA,NA,NA,NA,NA,NA,NA,4.712764526859121,-10.039437312515687,1.025735174788555,4.712764526859121,-10.039437312515687
IU,2022-08-02,NA,NA,NA,NA,NA,NA,NA,NA,4.728333148345115,-10.055050877528844,1.0114086862264142,4.728333148345115,-10.055050877528844
IU,2022-08-04,NA,NA,NA,NA,NA,NA,NA,NA,4.714186438690303,-9.6824533084434,1.008384098309013,4.714186438690303,-9.6824533084434
IU,2022-08-05,NA,NA,NA,NA,NA,NA,NA,NA,5.019563722071389,-10.440235838972338,0.9261374498027064,5.019563722071389,-10.440235838972338
IU,2022-08-06,NA,NA,NA,NA,NA,NA,NA,NA,4.5467265184721235,-10.008177444233596,1.019645425119443,4.5467265184721235,-10.008177444233596
IU,2022-08-07,NA,NA,NA,NA,NA,NA,NA,NA,4.554441568865819,-9.573201319527609,1.0168302341424291,4.554441568865819,-9.573201319527609
IU,2022-08-08,NA,NA,NA,NA,NA,NA,NA,NA,4.834768714696703,-10.259974417080414,1.0033725412968515,4.834768714696703,-10.259974417080414
IU,2022-08-09,NA,NA,NA,NA,NA,NA,NA,NA,4.613141075110126,-10.202983592324356,1.0314614722809894,4.613141075110126,-10.202983592324356
IU,2022-08-10,NA,NA,NA,NA,NA,NA,NA,NA,5.131531316069479,-10.221755166736164,1.0205172861543277,5.131531316069479,-10.221755166736164
IU,2022-08-11,NA,NA,NA,NA,NA,NA,NA,NA,3.444803749870651,-9.416872636422228,1.105104589550788,3.444803749870651,-9.416872636422228
IU,2022-08-12,NA,NA,NA,NA,NA,NA,NA,NA,4.315868533874411,-9.411422127632422,1.01846260661346,4.315868533874411,-9.411422127632422
IU,2022-08-13,NA,NA,NA,NA,NA,NA,NA,NA,4.459281389620057,-10.430326668653894,1.0422688659582289,4.459281389620057,-10.430326668653894
IU,2022-08-14,NA,NA,NA,NA,NA,NA,NA,NA,4.794976625339071,-10.03551004207433,1.029815790538384,4.794976625339071,-10.03551004207433
IU,2022-08-15,NA,NA,NA,NA,NA,NA,NA,NA,4.383362990728122,-9.393282176984394,1.0154499459317,4.383362990728122,-9.393282176984394
IU,2022-08-16,NA,NA,NA,NA,NA,NA,NA,NA,4.7924610070505045,-10.217888169221457,1.0262912122171366,4.7924610070505045,-10.217888169221457
IU,2022-08-17,NA,NA,NA,NA,NA,NA,NA,NA,5.363632917257074,-10.48048998695239,0.9740403450573162,5.363632917257074,-10.48048998695239
IU,2022-08-18,NA,NA,NA,NA,NA,NA,NA,NA,5.089585404105985,-10.870730216701672,1.029737761201344,5.089585404105985,-10.870730216701672
IU,2022-08-19,NA,NA,NA,NA,NA,NA,NA,NA,4.414941917445833,-9.731586918333932,1.051093907377484,4.414941917445833,-9.731586918333932
IU,2022-08-20,NA,NA,NA,NA,NA,NA,NA,NA,4.300855597528736,-9.830055691556389,1.046698224720538,4.300855597528736,-9.830055691556389
IU,2022-08-21,NA,NA,NA,NA,NA,NA,NA,NA,4.825708306988344,-10.131497789495832,0.9990498137588888,4.825708306988344,-10.131497789495832
IU,2022-08-22,NA,NA,NA,NA,NA,NA,NA,NA,4.910926509822343,-9.66160743541746,0.9858227567331064,4.910926509822343,-9.66160743541746
IU,2022-08-23,NA,NA,NA,NA,NA,NA,NA,NA,4.586305269856268,-9.59041494064661,1.0077003978116168,4.586305269856268,-9.59041494064661
IU,2022-08-24,NA,NA,NA,NA,NA,NA,NA,NA,3.9494535803941706,-8.075355548598104,1.1026655393000235,3.9494535803941706,-8.075355548598104
IU,2022-08-25,NA,NA,NA,NA,NA,NA,NA,NA,5.392310282005518,-11.190449221243716,0.9207506160727472,5.392310282005518,-11.190449221243716
IU,2022-08-26,NA,NA,NA,NA,NA,NA,NA,NA,4.3861033724546665,-9.6884943752282755,1.037887289165249,4.3861033724546665,-9.6884943752282755
IU,2022-08-27,NA,NA,NA,NA,NA,NA,NA,NA,4.990810816747027,-9.947444363868533,0.9764709464016964,4.990810816747027,-9.947444363868533
IU,2022-08-28,NA,NA,NA,NA,NA,NA,NA,NA,4.589181857513316,-9.527360446242565,1.0183818306206571,4.589181857513316,-9.527360446242565
IU,2022-08-29,NA,NA,NA,NA,NA,NA,NA,NA,4.232900339582135,-9.533280986590327,1.0050469408090152,4.232900339582135,-9.533280986590327
IU,2022-08-30,NA,NA,NA,NA,NA,NA,NA,NA,4.268930703781478,-9.70767635814409,1.0397931124541822,4.268930703781478,-9.70767635814409
IU,2022-08-31,NA,NA,NA,NA,NA,NA,NA,NA,4.616012173508026,-10.790588986893615,1.0122468484556777,4.616012173508026,-10.790588986893615
IU,2022-09-01,NA,NA,NA,NA,NA,NA,NA,NA,4.724796264186218,-9.75948276436437,1.0073424362521783,4.724796264186218,-9.75948276436437
IU,2022-09-02,NA,NA,NA,NA,NA,NA,NA,NA,4.689470195508947,-10.38314548242303,0.996989245972532,4.689470195508947,-10.38314548242303
IU,2022-09-03,NA,NA,NA,NA,NA,NA,NA,NA,4.80700093186886,-10.47864003683521,0.9376616043216532,4.80700093186886,-10.47864003683521
IU,2022-09-04,NA,NA,NA,NA,NA,NA,NA,NA,4.874146659256254,-11.40695175784385,0.9004374169858727,4.874146659256254,-11.40695175784385
IU,2022-09-05,NA,NA,NA,NA,NA,NA,NA,NA,5.113905265717696,-10.632408930268364,0.9053852531422906,5.113905265717696,-10.632408930268364
IU,2022-09-06,NA,NA,NA,NA,NA,NA,NA,NA,4.434295450405788,-10.437442108594428,0.918518881732495,4.434295450405788,-10.437442108594428
IU,2022-09-07,NA,NA,NA,NA,NA,NA,NA,NA,4.874207058851029,-10.739840809891009,0.8737297099146383,4.874207058851029,-10.739840809891009
IU,2022-09-08,NA,NA,NA,NA,NA,NA,NA,NA,2.9727641217238543,-10.314591891127984,0.953686799247717,2.9727641217238543,-10.314591891127984
IU,2022-09-09,NA,NA,NA,NA,NA,NA,NA,NA,5.139207544250828,-11.811144342308602,0.8637170681667552,5.139207544250828,-11.811144342308602
IU,2022-09-10,NA,NA,NA,NA,NA,NA,NA,NA,4.403479002022431,-11.095971304132016,0.9047066694678766,4.403479002022431,-11.095971304132016
IU,2022-09-11,NA,NA,NA,NA,NA,NA,NA,NA,4.8124188127315355,-10.976659514343098,0.8235070246435737,4.8124188127315355,-10.976659514343098
IU,2022-09-12,NA,NA,NA,NA,NA,NA,NA,NA,4.6343439978233585,-11.662608180984726,0.844422469959183,4.6343439978233585,-11.662608180984726
IU,2022-09-13,NA,NA,NA,NA,NA,NA,NA,NA,3.9302968000380782,-11.142842760117434,0.8791026869596431,3.9302968000380782,-11.142842760117434
IU,2022-09-14,NA,NA,NA,NA,NA,NA,NA,NA,4.480460606857662,-11.047661328736067,0.818301841286665,4.480460606857662,-11.047661328736067
IU,2022-09-15,NA,NA,NA,NA,NA,NA,NA,NA,5.340827774541692,-11.85151499723846,0.7711676559706021,5.340827774541692,-11.85151499723846
IU,2022-09-16,NA,NA,NA,NA,NA,NA,NA,NA,5.202660976062776,-12.256956700843066,0.7569836650669935,5.202660976062776,-12.256956700843066
IU,2022-09-17,NA,NA,NA,NA,NA,NA,NA,NA,4.500996674549856,-11.21961340824434,0.7870014702711536,4.500996674549856,-11.21961340824434
IU,2022-09-18,NA,NA,NA,NA,NA,NA,NA,NA,4.455572109502941,-11.064349159754157,0.7790680234204485,4.455572109502941,-11.064349159754157
IU,2022-09-19,NA,NA,NA,NA,NA,NA,NA,NA,4.2122572619591985,-11.333206245453296,0.7677207579803202,4.2122572619591985,-11.333206245453296
IU,2022-09-20,NA,NA,NA,NA,NA,NA,NA,NA,4.4574559719022435,-11.179194360349394,0.7895790891700415,4.4574559719022435,-11.179194360349394
IU,2022-09-21,NA,NA,NA,NA,NA,NA,NA,NA,4.571275909871475,-11.007500239249495,0.7834621945339321,4.571275909871475,-11.007500239249495
IU,2022-09-22,NA,NA,NA,NA,NA,NA,NA,NA,4.572840084707724,-10.752183204214962,0.7858043376455236,4.572840084707724,-10.752183204214962
IU,2022-09-23,NA,NA,NA,NA,NA,NA,NA,NA,4.427292233124849,-10.489931565384214,0.8224582435180408,4.427292233124849,-10.489931565384214
IU,2022-09-24,NA,NA,NA,NA,NA,NA,NA,NA,4.32334642390882,-10.62947586090657,0.8447138962680442,4.32334642390882,-10.62947586090657
IU,2022-09-25,NA,NA,NA,NA,NA,NA,NA,NA,4.008957268393747,-10.503178510371924,0.8964615043980383,4.008957268393747,-10.503178510371924
IU,2022-09-26,NA,NA,NA,NA,NA,NA,NA,NA,4.021415828649308,-10.24819548359073,0.9048367860013798,4.021415828649308,-10.24819548359073
IU,2022-09-27,NA,NA,NA,NA,NA,NA,NA,NA,4.5875115752140525,-10.059366263996042,0.9155345493904355,4.5875115752140525,-10.059366263996042
IU,2022-09-28,NA,NA,NA,NA,NA,NA,NA,NA,3.4451190681560853,-10.33011537181678,1.0051200087041097,3.4451190681560853,-10.33011537181678
IU,2022-09-29,NA,NA,NA,NA,NA,NA,NA,NA,3.477378878860216,-10.085438935225636,1.0160274576258428,3.477378878860216,-10.085438935225636
IU,2022-09-30,NA,NA,NA,NA,NA,NA,NA,NA,3.9372583608468967,-10.027975524818904,0.9821484904883266,3.9372583608468967,-10.027975524818904
IU,2022-10-01,NA,NA,NA,NA,NA,NA,NA,NA,3.594240552017294,-9.68176484315176,1.0083226762910844,3.594240552017294,-9.68176484315176
IU,2022-10-02,NA,NA,NA,NA,NA,NA,NA,NA,3.722871956212403,-9.941833691599507,1.027465488900874,3.722871956212403,-9.941833691599507
IU,2022-10-03,NA,NA,NA,NA,NA,NA,NA,NA,3.5269778558595433,-9.270169659999556,1.033392524643882,3.5269778558595433,-9.270169659999556
IU,2022-10-04,NA,NA,NA,NA,NA,NA,NA,NA,3.516849576919665,-9.392864667008956,1.043607401391911,3.516849576919665,-9.392864667008956
IU,2022-10-05,NA,NA,NA,NA,NA,NA,NA,NA,3.739892268279261,-9.6231391284246,1.046703150506946,3.739892268279261,-9.6231391284246
IU,2022-10-06,NA,NA,NA,NA,NA,NA,NA,NA,3.608784374227028,-9.4012025313428,1.0535895572063183,3.608784374227028,-9.4012025313428
IU,2022-10-07,NA,NA,NA,NA,NA,NA,NA,NA,3.53283558048771,-9.312949130703876,1.0540107374927892,3.53283558048771,-9.312949130703876
IU,2022-10-08,NA,NA,NA,NA,NA,NA,NA,NA,3.7230909762434887,-9.606540205101378,1.0417290788414508,3.7230909762434887,-9.606540205101378
IU,2022-10-09,NA,NA,NA,NA,NA,NA,NA,NA,3.6161020249470246,-9.34475384256435,1.0446186284172587,3.6161020249470246,-9.34475384256435
IU,2022-10-10,NA,NA,NA,NA,NA,NA,NA,NA,3.7187091538501593,-9.422267708048992,1.039583851030517,3.7187091538501593,-9.422267708048992
IU,2022-10-11,NA,NA,NA,NA,NA,NA,NA,NA,3.2287124661800473,-9.435983557850646,1.0496086132593756,3.2287124661800473,-9.435983557850646
IU,2022-10-12,NA,NA,NA,NA,NA,NA,NA,NA,3.3964920813733044,-9.422648839465728,1.031284226328986,3.3964920813733044,-9.422648839465728
IU,2022-10-13,NA,NA,NA,NA,NA,NA,NA,NA,3.254636043583396,-9.452199963531204,1.0508513582852896,3.254636043583396,-9.452199963531204
IU,2022-10-14,NA,NA,NA,NA,NA,NA,NA,NA,3.549866475555352,-9.418425502168772,1.0666195919531656,3.549866475555352,-9.418425502168772
IU,2022-10-15,NA,NA,NA,NA,NA,NA,NA,NA,3.4545228940876624,-9.60071570012778,1.068305850287422,3.4545228940876624,-9.60071570012778
IU,2022-10-16,NA,NA,NA,NA,NA,NA,NA,NA,3.3019105741956993,-9.610521600516808,1.0891793350685175,3.3019105741956993,-9.610521600516808
IU,2022-10-17,NA,NA,NA,NA,NA,NA,NA,NA,3.420696819030273,-9.43631463422695,1.0432769143445495,3.420696819030273,-9.43631463422695
IU,2022-10-18,NA,NA,NA,NA,NA,NA,NA,NA,3.5647371042441702,-9.289868628128955,1.0627361676630072,3.5647371042441702,-9.289868628128955
IU,2022-10-19,NA,NA,NA,NA,NA,NA,NA,NA,3.269880307423441,-9.103797265008112,1.1123794643373732,3.269880307423441,-9.103797265008112
IU,2022-10-20,NA,NA,NA,NA,NA,NA,NA,NA,3.2507654185711963,-9.566752613367145,1.148312089872064,3.2507654185711963,-9.566752613367145
IU,2022-10-21,NA,NA,NA,NA,NA,NA,NA,NA,3.209009119482739,-9.066128809604445,1.127526161887087,3.209009119482739,-9.066128809604445
IU,2022-10-22,NA,NA,NA,NA,NA,NA,NA,NA,3.305128549567832,-9.415451284013557,1.117866331131078,3.305128549567832,-9.415451284013557
IU,2022-10-23,NA,NA,NA,NA,NA,NA,NA,NA,3.2840437291791944,-9.43311387855889,1.1014487991549715,3.2840437291791944,-9.43311387855889
IU,2022-10-24,NA,NA,NA,NA,NA,NA,NA,NA,3.32308073767141,-9.341766325576405,1.0806754827534282,3.32308073767141,-9.341766325576405
IU,2022-10-25,NA,NA,NA,NA,NA,NA,NA,NA,3.389588609040039,-9.420450804536095,1.079978515673352,3.389588609040039,-9.420450804536095
IU,2022-10-26,NA,NA,NA,NA,NA,NA,NA,NA,3.1613669433539955,-9.260259744786792,1.072916305122189,3.1613669433539955,-9.260259744786792
IU,2022-10-27,NA,NA,NA,NA,NA,NA,NA,NA,3.4337628813504417,-9.66883850329205,1.1123199490093807,3.4337628813504417,-9.66883850329205
IU,2022-10-28,NA,NA,NA,NA,NA,NA,NA,NA,3.004617837849441,-9.251047412625072,1.0939753946455548,3.004617837849441,-9.251047412625072
IU,2022-10-29,NA,NA,NA,NA,NA,NA,NA,NA,2.9927180942718485,-9.46089212816465,1.098023342286531,2.9927180942718485,-9.46089212816465
IU,2022-10-30,NA,NA,NA,NA,NA,NA,NA,NA,2.835227876583214,-9.312735257452193,1.107498166547264,2.835227876583214,-9.312735257452193
IU,2022-10-31,NA,NA,NA,NA,NA,NA,NA,NA,3.2132718688220514,-9.3000621091792,1.0611361294570536,3.2132718688220514,-9.3000621091792
IU,2022-11-01,NA,NA,NA,NA,NA,NA,NA,NA,3.151045512887657,-9.355768897254086,1.1084879865534163,3.151045512887657,-9.355768897254086
IU,2022-11-02,NA,NA,NA,NA,NA,NA,NA,NA,3.3034848691660454,-9.43466361593037,1.119996641037868,3.3034848691660454,-9.43466361593037
IU,2022-11-03,NA,NA,NA,NA,NA,NA,NA,NA,3.247110201032652,-9.278627362910251,1.1091087397417627,3.247110201032652,-9.278627362910251
IU,2022-11-04,NA,NA,NA,NA,NA,NA,NA,NA,3.1358018254690365,-9.515222261860629,1.1210168624242882,3.1358018254690365,-9.515222261860629
IU,2022-11-05,NA,NA,NA,NA,NA,NA,NA,NA,3.0047150991996663,-9.44650645465833,1.0845079594060918,3.0047150991996663,-9.44650645465833
IU,2022-11-06,NA,NA,NA,NA,NA,NA,NA,NA,3.148050518762051,-9.00527576006429,1.0613457701821956,3.148050518762051,-9.00527576006429
IU,2022-11-07,NA,NA,NA,NA,NA,NA,NA,NA,3.084118902815768,-9.259938487253995,1.1190285179092825,3.084118902815768,-9.259938487253995
IU,2022-11-08,NA,NA,NA,NA,NA,NA,NA,NA,2.966356977244965,-9.217695574104091,1.13236771465387,2.966356977244965,-9.217695574104091
IU,2022-11-09,NA,NA,NA,NA,NA,NA,NA,NA,3.413729804986811,-9.24222222703346,1.111583944523569,3.413729804986811,-9.24222222703346
IU,2022-11-10,NA,NA,NA,NA,NA,NA,NA,NA,2.6987107114814006,-10.57449621160264,1.0977526637872357,2.6987107114814006,-10.57449621160264
IU,2022-11-11,NA,NA,NA,NA,NA,NA,NA,NA,2.663678530698786,-9.210990853862857,1.106814815044286,2.663678530698786,-9.210990853862857
IU,2022-11-12,NA,NA,NA,NA,NA,NA,NA,NA,3.057901423682688,-9.49757006853352,1.1168909474172537,3.057901423682688,-9.49757006853352
IU,2022-11-13,NA,NA,NA,NA,NA,NA,NA,NA,2.774162805936659,-8.988712780895277,1.1246454422947882,2.774162805936659,-8.988712780895277
IU,2022-11-14,NA,NA,NA,NA,NA,NA,NA,NA,3.026372021036365,-9.441142984173007,1.1404811460656514,3.026372021036365,-9.441142984173007
IU,2022-11-15,NA,NA,NA,NA,NA,NA,NA,NA,2.675147694348722,-9.40030532205858,1.1139920330933326,2.675147694348722,-9.40030532205858
IU,2022-11-16,NA,NA,NA,NA,NA,NA,NA,NA,3.197146003400332,-8.959627844725585,1.0983485676997604,3.197146003400332,-8.959627844725585
IU,2022-11-17,NA,NA,NA,NA,NA,NA,NA,NA,3.096545564135957,-8.986710583860209,1.1489808393950811,3.096545564135957,-8.986710583860209
IU,2022-11-18,NA,NA,NA,NA,NA,NA,NA,NA,3.038980417464152,-8.862510840208897,1.1562693941187163,3.038980417464152,-8.862510840208897
IU,2022-11-19,NA,NA,NA,NA,NA,NA,NA,NA,2.7392895133989006,-9.229302874778591,1.155740302250322,2.7392895133989006,-9.229302874778591
IU,2022-11-20,NA,NA,NA,NA,NA,NA,NA,NA,2.72718018681546,-9.531110708275657,1.1785813558283111,2.72718018681546,-9.531110708275657
IU,2022-11-21,NA,NA,NA,NA,NA,NA,NA,NA,3.083533164566109,-9.453427399744935,1.1593493353712108,3.083533164566109,-9.453427399744935
IU,2022-11-22,NA,NA,NA,NA,NA,NA,NA,NA,2.845372923028685,-9.197826928851876,1.1201609230773402,2.845372923028685,-9.197826928851876
IU,2022-11-23,NA,NA,NA,NA,NA,NA,NA,NA,3.0453067520947226,-9.256181018740042,1.1318967588108684,3.0453067520947226,-9.256181018740042
IU,2022-11-24,NA,NA,NA,NA,NA,NA,NA,NA,2.7923088938212035,-9.224939959030957,1.1272588909500825,2.7923088938212035,-9.224939959030957
IU,2022-11-25,NA,NA,NA,NA,NA,NA,NA,NA,2.9528385473733785,-9.478425089518304,1.134806041656722,2.9528385473733785,-9.478425089518304
IU,2022-11-26,NA,NA,NA,NA,NA,NA,NA,NA,2.7001035352402516,-9.12053568235366,1.1154887948527394,2.7001035352402516,-9.12053568235366
IU,2022-11-27,NA,NA,NA,NA,NA,NA,NA,NA,2.6896928910967226,-8.921589088261499,1.133467158235234,2.6896928910967226,-8.921589088261499
IU,2022-11-28,NA,NA,NA,NA,NA,NA,NA,NA,2.8379806276977373,-8.940952050218073,1.1432351540898402,2.8379806276977373,-8.940952050218073
IU,2022-11-29,NA,NA,NA,NA,NA,NA,NA,NA,3.071776762884041,-9.061506811286227,1.1426468337170348,3.071776762884041,-9.061506811286227
IU,2022-11-30,NA,NA,NA,NA,NA,NA,NA,NA,3.161538992946298,-10.073246533042775,1.1598168454254103,3.161538992946298,-10.073246533042775
IU,2022-12-01,NA,NA,NA,NA,NA,NA,NA,NA,3.094528936664695,-9.002321113874137,1.1975531396353007,3.094528936664695,-9.002321113874137
IU,2022-12-02,NA,NA,NA,NA,NA,NA,NA,NA,2.853815045038494,-9.243056315566568,1.1920729574722817,2.853815045038494,-9.243056315566568
IU,2022-12-03,NA,NA,NA,NA,NA,NA,NA,NA,2.922249286702683,-8.915167006494581,1.1412367338296392,2.922249286702683,-8.915167006494581
IU,2022-12-04,NA,NA,NA,NA,NA,NA,NA,NA,2.9952278251678055,-9.260336617014987,1.130660989553541,2.9952278251678055,-9.260336617014987
IU,2022-12-05,NA,NA,NA,NA,NA,NA,NA,NA,2.6749131595220943,-8.919447296759252,1.1476995562161971,2.6749131595220943,-8.919447296759252
IU,2022-12-06,NA,NA,NA,NA,NA,NA,NA,NA,3.014858017053448,-9.116535886055612,1.1591513203673596,3.014858017053448,-9.116535886055612
IU,2022-12-07,NA,NA,NA,NA,NA,NA,NA,NA,2.821060680570348,-8.920158521630222,1.1677667581782605,2.821060680570348,-8.920158521630222
IU,2022-12-08,NA,NA,NA,NA,NA,NA,NA,NA,2.8059138264666355,-8.717534697499453,1.1267032872383818,2.8059138264666355,-8.717534697499453
IU,2022-12-10,NA,NA,NA,NA,NA,NA,NA,NA,3.0344378640473493,-8.99169258439358,1.153945658039421,3.0344378640473493,-8.99169258439358
IU,2022-12-11,NA,NA,NA,NA,NA,NA,NA,NA,2.5014542206747117,-8.576803648928674,1.1459780528381511,2.5014542206747117,-8.576803648928674
IU,2022-12-12,NA,NA,NA,NA,NA,NA,NA,NA,3.0458446254390856,-8.898530465867157,1.1530092187370256,3.0458446254390856,-8.898530465867157
IU,2022-12-13,NA,NA,NA,NA,NA,NA,NA,NA,2.8488362573890895,-9.094626195797138,1.2173325862362088,2.8488362573890895,-9.094626195797138
IU,2022-12-14,NA,NA,NA,NA,NA,NA,NA,NA,2.884335674293832,-9.218943784219483,1.1629967017666556,2.884335674293832,-9.218943784219483
IU,2022-12-15,NA,NA,NA,NA,NA,NA,NA,NA,2.208447965788544,-8.910327490203601,1.2137335027215097,2.208447965788544,-8.910327490203601
IU,2022-12-16,NA,NA,NA,NA,NA,NA,NA,NA,2.935863492004369,-8.59812048957741,1.1991665731960144,2.935863492004369,-8.59812048957741
IU,2022-12-17,NA,NA,NA,NA,NA,NA,NA,NA,3.0350787923401503,-9.020466252231447,1.1894046429584075,3.0350787923401503,-9.020466252231447
IU,2022-12-18,NA,NA,NA,NA,NA,NA,NA,NA,2.911128028201313,-8.497672276532045,1.2262344107281329,2.911128028201313,-8.497672276532045
IU,2022-12-19,NA,NA,NA,NA,NA,NA,NA,NA,2.9359446054940723,-8.940374259222015,1.242347135584441,2.9359446054940723,-8.940374259222015
IU,2022-12-20,NA,NA,NA,NA,NA,NA,NA,NA,2.8532702067445017,-9.395367608594215,1.226543571784661,2.8532702067445017,-9.395367608594215
IU,2022-12-21,NA,NA,NA,NA,NA,NA,NA,NA,2.758075381301202,-9.010406265336504,1.199867901589284,2.758075381301202,-9.010406265336504
IU,2022-12-22,NA,NA,NA,NA,NA,NA,NA,NA,2.681069296383296,-8.837749388481777,1.2180599280524718,2.681069296383296,-8.837749388481777
IU,2022-12-23,NA,NA,NA,NA,NA,NA,NA,NA,2.8793469911179694,-8.068713731295418,1.2065476768743133,2.8793469911179694,-8.068713731295418
IU,2022-12-24,NA,NA,NA,NA,NA,NA,NA,NA,2.8200744278385357,-8.261913705868695,1.289496549430862,2.8200744278385357,-8.261913705868695
IU,2022-12-25,NA,NA,NA,NA,NA,NA,NA,NA,2.9615835412182663,-8.685124095634421,1.2777290369800287,2.9615835412182663,-8.685124095634421
IU,2022-12-26,NA,NA,NA,NA,NA,NA,NA,NA,2.8802999568401813,-8.63896934740521,1.2767185134390169,2.8802999568401813,-8.63896934740521
IU,2022-12-27,NA,NA,NA,NA,NA,NA,NA,NA,2.956234606301997,-8.584875672967291,1.2492043966060191,2.956234606301997,-8.584875672967291
IU,2022-12-28,NA,NA,NA,NA,NA,NA,NA,NA,2.8556117439185025,-8.818527941676122,1.2629925219973406,2.8556117439185025,-8.818527941676122
IU,2022-12-29,NA,NA,NA,NA,NA,NA,NA,NA,2.8725175175128124,-9.180368942339822,1.2483607213046457,2.8725175175128124,-9.180368942339822
IU,2022-12-30,NA,NA,NA,NA,NA,NA,NA,NA,3.0087015402817063,-8.790676075077336,1.183989540734346,3.0087015402817063,-8.790676075077336
IU,2022-12-31,NA,NA,NA,NA,NA,NA,NA,NA,2.3868670796631903,-9.0762170220114875,1.2204397376394658,2.3868670796631903,-9.0762170220114875
IU,2023-01-01,NA,NA,NA,NA,NA,NA,NA,NA,2.979978961887517,-8.962494368036767,1.1903917100550552,2.979978961887517,-8.962494368036767
IU,2023-01-02,NA,NA,NA,NA,NA,NA,NA,NA,3.0684796878360627,-9.000674556320236,1.1834901478191264,3.0684796878360627,-9.000674556320236
IU,2023-01-03,NA,NA,NA,NA,NA,NA,NA,NA,2.964047731499732,-8.864063111430628,1.1846613666960175,2.964047731499732,-8.864063111430628
IU,2023-01-05,NA,NA,NA,NA,NA,NA,NA,NA,3.0323607491006905,-8.58238218135309,1.1848084085870283,3.0323607491006905,-8.58238218135309
IU,2023-01-06,NA,NA,NA,NA,NA,NA,NA,NA,3.0194260631997714,-8.340798765898914,1.2206640541942435,3.0194260631997714,-8.340798765898914
IU,2023-01-07,NA,NA,NA,NA,NA,NA,NA,NA,2.926539188092399,-8.676907623717831,1.2419966236927094,2.926539188092399,-8.676907623717831
IU,2023-01-08,NA,NA,NA,NA,NA,NA,NA,NA,3.038458250798132,-8.998998675907744,1.236368565281899,3.038458250798132,-8.998998675907744
IU,2023-01-09,NA,NA,NA,NA,NA,NA,NA,NA,2.970956304572244,-8.54740277194546,1.2047482974819637,2.970956304572244,-8.54740277194546
IU,2023-01-10,NA,NA,NA,NA,NA,NA,NA,NA,3.2072393681394473,-8.725323280041684,1.2292973396472522,3.2072393681394473,-8.725323280041684
IU,2023-01-11,NA,NA,NA,NA,NA,NA,NA,NA,3.120609259972618,-8.973601116558221,1.250430742126858,3.120609259972618,-8.973601116558221
IU,2023-01-12,NA,NA,NA,NA,NA,NA,NA,NA,3.0399507379171107,-8.597621446548965,1.19849991825658,3.0399507379171107,-8.597621446548965
IU,2023-01-13,NA,NA,NA,NA,NA,NA,NA,NA,2.960070646471041,-8.475413872245657,1.2031916757628414,2.960070646471041,-8.475413872245657
IU,2023-01-14,NA,NA,NA,NA,NA,NA,NA,NA,3.16680484698435,-8.28158472831224,1.2163515457228429,3.16680484698435,-8.28158472831224
IU,2023-01-15,NA,NA,NA,NA,NA,NA,NA,NA,3.159466855743562,-8.89040615884422,1.2495855846100268,3.159466855743562,-8.89040615884422
IU,2023-01-16,NA,NA,NA,NA,NA,NA,NA,NA,3.0724883626562014,-8.62885636225815,1.2245221776426232,3.0724883626562014,-8.62885636225815
IU,2023-01-17,NA,NA,NA,NA,NA,NA,NA,NA,3.0911644806987923,-8.69402611856871,1.2017297965511196,3.0911644806987923,-8.69402611856871
IU,2023-01-19,NA,NA,NA,NA,NA,NA,NA,NA,3.266393430734775,-9.062446719503974,1.1583919156783216,3.266393430734775,-9.062446719503974
IU,2023-01-20,NA,NA,NA,NA,NA,NA,NA,NA,3.1421992910905296,-8.07155107432104,1.1928794621562662,3.1421992910905296,-8.07155107432104
IU,2023-01-21,NA,NA,NA,NA,NA,NA,NA,NA,2.6450790232650827,-9.22427634667308,1.2461126495818142,2.6450790232650827,-9.22427634667308
IU,2023-01-22,NA,NA,NA,NA,NA,NA,NA,NA,2.882248322972344,-8.613899784356134,1.1697943737133505,2.882248322972344,-8.613899784356134
IU,2023-01-23,NA,NA,NA,NA,NA,NA,NA,NA,3.432344308196776,-8.346469411333521,1.1771285849337938,3.432344308196776,-8.346469411333521
IU,2023-01-24,NA,NA,NA,NA,NA,NA,NA,NA,3.2926465268902723,-8.539012194140717,1.209587730554304,3.2926465268902723,-8.539012194140717
IU,2023-01-26,NA,NA,NA,NA,NA,NA,NA,NA,3.4697301370080034,-8.111835608438088,1.190812885948817,3.4697301370080034,-8.111835608438088
IU,2023-01-27,NA,NA,NA,NA,NA,NA,NA,NA,3.135194362794996,-8.065087827995356,1.2119352982757166,3.135194362794996,-8.065087827995356
IU,2023-02-04,NA,NA,NA,NA,NA,NA,NA,NA,3.4510023433521213,-8.439515939070523,1.2127849675355995,3.4510023433521213,-8.439515939070523
IU,2023-02-06,NA,NA,NA,NA,NA,NA,NA,NA,3.4627921613582067,-8.548096273379013,1.1852900278125926,3.4627921613582067,-8.548096273379013
IU,2023-02-08,NA,NA,NA,NA,NA,NA,NA,NA,3.5987216227401846,-8.28881510762097,1.1109258399419466,3.5987216227401846,-8.28881510762097
IU,2023-02-17,NA,NA,NA,NA,NA,NA,NA,NA,4.295771108068371,-10.05920824542235,1.0075823641004216,4.295771108068371,-10.05920824542235
IU,2023-02-18,NA,NA,NA,NA,NA,NA,NA,NA,4.592412628750817,-9.22889630696242,1.0036935603577617,4.592412628750817,-9.22889630696242
IU,2023-02-19,NA,NA,NA,NA,NA,NA,NA,NA,4.603856954512927,-10.429855759350604,0.9051244789387304,4.603856954512927,-10.429855759350604
IU,2023-02-20,NA,NA,NA,NA,NA,NA,NA,NA,4.683863515123144,-10.029790117588188,0.8522670200785449,4.683863515123144,-10.029790117588188
IU,2023-02-21,NA,NA,NA,NA,NA,NA,NA,NA,4.715654578654154,-10.467273113863705,0.7961564845604187,4.715654578654154,-10.467273113863705
IU,2023-02-22,NA,NA,NA,NA,NA,NA,NA,NA,4.561105049110071,-10.861756705008158,0.7458832862275521,4.561105049110071,-10.861756705008158
IU,2023-02-23,NA,NA,NA,NA,NA,NA,NA,NA,4.9098924218303734,-10.201914505565265,0.7160026569701919,4.9098924218303734,-10.201914505565265
IU,2023-02-24,NA,NA,NA,NA,NA,NA,NA,NA,5.377538833509016,-10.516827738717428,0.681906701799905,5.377538833509016,-10.516827738717428
IU,2023-02-25,NA,NA,NA,NA,NA,NA,NA,NA,4.538046384091791,-10.026530628247231,0.7617701249238843,4.538046384091791,-10.026530628247231
IU,2023-02-26,NA,NA,NA,NA,NA,NA,NA,NA,5.698672022947985,-11.062202421270214,0.7355713134352095,5.698672022947985,-11.062202421270214
IU,2023-02-27,NA,NA,NA,NA,NA,NA,NA,NA,5.474809748361262,-10.522007233354968,0.7458311242297677,5.474809748361262,-10.522007233354968
IU,2023-02-28,NA,NA,NA,NA,NA,NA,NA,NA,3.987029373079766,-9.592698603019306,0.8030400155954477,3.987029373079766,-9.592698603019306
IU,2023-03-01,NA,NA,NA,NA,NA,NA,NA,NA,5.031200146453324,-10.018782895317944,0.8350004585116367,5.031200146453324,-10.018782895317944
IU,2023-03-02,NA,NA,NA,NA,NA,NA,NA,NA,4.876692035310907,-9.484760152364744,0.8400610182050299,4.876692035310907,-9.484760152364744
IU,2023-03-03,NA,NA,NA,NA,NA,NA,NA,NA,4.852438511316452,-10.027318570011724,0.855959332609441,4.852438511316452,-10.027318570011724
IU,2023-03-04,NA,NA,NA,NA,NA,NA,NA,NA,3.4544085614728113,-9.80360822992203,0.9980192105240944,3.4544085614728113,-9.80360822992203
IU,2023-03-05,NA,NA,NA,NA,NA,NA,NA,NA,4.460832920546871,-9.280642625490229,0.94142663161724,4.460832920546871,-9.280642625490229
IU,2023-03-06,NA,NA,NA,NA,NA,NA,NA,NA,4.665679477166901,-9.44345167596176,0.9570813720473408,4.665679477166901,-9.44345167596176
IU,2023-03-07,NA,NA,NA,NA,NA,NA,NA,NA,4.354670886796335,-9.25759130841002,0.9786391126187672,4.354670886796335,-9.25759130841002
IU,2023-03-08,NA,NA,NA,NA,NA,NA,NA,NA,4.33189109823146,-8.732096122681893,1.0151832655222035,4.33189109823146,-8.732096122681893
IU,2023-03-09,NA,NA,NA,NA,NA,NA,NA,NA,4.37571023008061,-8.982071938487387,1.0438583582641074,4.37571023008061,-8.982071938487387
IU,2023-03-10,NA,NA,NA,NA,NA,NA,NA,NA,4.2789514496077805,-9.04134202020478,1.0526780992360996,4.2789514496077805,-9.04134202020478
IU,2023-03-11,NA,NA,NA,NA,NA,NA,NA,NA,4.087806530873192,-8.794795804642767,1.0858937675862008,4.087806530873192,-8.794795804642767
IU,2023-03-12,NA,NA,NA,NA,NA,NA,NA,NA,3.865900769488243,-9.20444422479477,1.0917203252889762,3.865900769488243,-9.20444422479477
IU,2023-03-13,NA,NA,NA,NA,NA,NA,NA,NA,2.3063378107850383,-8.422982469590638,1.2232154886104212,2.3063378107850383,-8.422982469590638
IU,2023-03-14,NA,NA,NA,NA,NA,NA,NA,NA,3.827765819556558,-8.54885269334464,1.1573353056198392,3.827765819556558,-8.54885269334464
IU,2023-03-15,NA,NA,NA,NA,NA,NA,NA,NA,3.953287397553243,-8.883897995111592,1.155676926921234,3.953287397553243,-8.883897995111592
IU,2023-03-16,NA,NA,NA,NA,NA,NA,NA,NA,3.7515725566835942,-9.013397331633524,1.1512983374231434,3.7515725566835942,-9.013397331633524
IU,2023-03-17,NA,NA,NA,NA,NA,NA,NA,NA,3.8551716190398344,-8.925603201961641,1.1239674449423611,3.8551716190398344,-8.925603201961641
IU,2023-03-18,NA,NA,NA,NA,NA,NA,NA,NA,3.0022708783051333,-9.481148222389544,1.1974194918197891,3.0022708783051333,-9.481148222389544
IU,2023-03-19,NA,NA,NA,NA,NA,NA,NA,NA,3.767159987169312,-8.419519936363882,1.1542627750803756,3.767159987169312,-8.419519936363882
IU,2023-03-20,NA,NA,NA,NA,NA,NA,NA,NA,3.977399067868492,-8.737062827079102,1.1696548870285275,3.977399067868492,-8.737062827079102
IU,2023-03-21,NA,NA,NA,NA,NA,NA,NA,NA,3.897270711936641,-8.924762290250257,1.156700605254266,3.897270711936641,-8.924762290250257
IU,2023-03-22,NA,NA,NA,NA,NA,NA,NA,NA,3.893041930344882,-8.864173203900469,1.0880285695590153,3.893041930344882,-8.864173203900469
IU,2023-03-23,NA,NA,NA,NA,NA,NA,NA,NA,3.7692693905762784,-8.884024751996499,1.1263459522233688,3.7692693905762784,-8.884024751996499
IU,2023-03-24,NA,NA,NA,NA,NA,NA,NA,NA,3.7906530617732854,-8.954778398382453,1.1233828614918184,3.7906530617732854,-8.954778398382453
IU,2023-03-25,NA,NA,NA,NA,NA,NA,NA,NA,3.691687933358003,-9.00710539854072,1.1107028190517616,3.691687933358003,-9.00710539854072
IU,2023-03-26,NA,NA,NA,NA,NA,NA,NA,NA,3.791412896453082,-8.777243523004403,1.079161829877604,3.791412896453082,-8.777243523004403
IU,2023-03-27,NA,NA,NA,NA,NA,NA,NA,NA,4.069721741922208,-8.858393849897235,1.0908703099726993,4.069721741922208,-8.858393849897235
IU,2023-03-28,NA,NA,NA,NA,NA,NA,NA,NA,3.675125755121553,-9.32796222831749,1.1073773258816857,3.675125755121553,-9.32796222831749
IU,2023-03-29,NA,NA,NA,NA,NA,NA,NA,NA,4.245306773088548,-8.705864498904056,1.1377625277825791,4.245306773088548,-8.705864498904056
IU,2023-03-30,NA,NA,NA,NA,NA,NA,NA,NA,3.877278402380118,-8.825103626597633,1.1359777228301022,3.877278402380118,-8.825103626597633
IU,2023-03-31,NA,NA,NA,NA,NA,NA,NA,NA,3.8986622579896633,-8.743871025502578,1.1184994005699684,3.8986622579896633,-8.743871025502578
IU,2023-04-01,NA,NA,NA,NA,NA,NA,NA,NA,3.982491513477447,-8.898122402451065,1.1316873518691477,3.982491513477447,-8.898122402451065
IU,2023-04-02,NA,NA,NA,NA,NA,NA,NA,NA,4.323820116880884,-8.935485401881573,1.0850681859827809,4.323820116880884,-8.935485401881573
IU,2023-04-03,NA,NA,NA,NA,NA,NA,NA,NA,4.431450246153054,-8.811814732831893,1.0810857357704766,4.431450246153054,-8.811814732831893
IU,2023-04-04,NA,NA,NA,NA,NA,NA,NA,NA,4.169320636722855,-8.998702274525966,1.097938434350932,4.169320636722855,-8.998702274525966
IU,2023-04-05,NA,NA,NA,NA,NA,NA,NA,NA,3.9827442921339737,-8.705672958535603,1.1121052661804756,3.9827442921339737,-8.705672958535603
IU,2023-04-06,NA,NA,NA,NA,NA,NA,NA,NA,4.302856067370694,-9.018031862416604,1.0791585142977014,4.302856067370694,-9.018031862416604
IU,2023-04-07,NA,NA,NA,NA,NA,NA,NA,NA,4.5927273512160065,-9.292556144732975,1.0915184945414362,4.5927273512160065,-9.292556144732975
IU,2023-04-08,NA,NA,NA,NA,NA,NA,NA,NA,4.588987237823942,-9.827096063016835,1.1062386781821003,4.588987237823942,-9.827096063016835
IU,2023-04-09,NA,NA,NA,NA,NA,NA,NA,NA,3.898829366388906,-9.031486281552882,1.1874136328913256,3.898829366388906,-9.031486281552882
IU,2023-04-10,NA,NA,NA,NA,NA,NA,NA,NA,4.459434376613732,-9.230898769743307,1.108367444751267,4.459434376613732,-9.230898769743307
IU,2023-04-12,NA,NA,NA,NA,NA,NA,NA,NA,4.528584511665881,-9.149530038028,1.070723859829893,4.528584511665881,-9.149530038028
IU,2023-04-13,NA,NA,NA,NA,NA,NA,NA,NA,4.289588745481816,-8.976882165942952,1.069519083485814,4.289588745481816,-8.976882165942952
IU,2023-04-14,NA,NA,NA,NA,NA,NA,NA,NA,4.251830541299723,-9.104907656812356,1.104082809303219,4.251830541299723,-9.104907656812356
IU,2023-04-15,NA,NA,NA,NA,NA,NA,NA,NA,4.129245558875355,-8.758833584175367,1.0961471828075184,4.129245558875355,-8.758833584175367
IU,2023-04-16,NA,NA,NA,NA,NA,NA,NA,NA,4.475358979968237,-8.946040899796163,1.0901051076057189,4.475358979968237,-8.946040899796163
IU,2023-04-17,NA,NA,NA,NA,NA,NA,NA,NA,4.921587640471053,-8.942821144000503,1.0524489214648425,4.921587640471053,-8.942821144000503
IU,2023-04-18,NA,NA,NA,NA,NA,NA,NA,NA,4.326490381983544,-8.879591919095722,1.127561771576309,4.326490381983544,-8.879591919095722
IU,2023-04-19,NA,NA,NA,NA,NA,NA,NA,NA,4.472933156667099,-8.696757296016422,1.104683548938989,4.472933156667099,-8.696757296016422
IU,2023-04-20,NA,NA,NA,NA,NA,NA,NA,NA,4.361907607486765,-8.961518280240414,1.1041379390745694,4.361907607486765,-8.961518280240414
IU,2023-04-21,NA,NA,NA,NA,NA,NA,NA,NA,4.17712069720963,-8.914449834469288,1.1131152891651257,4.17712069720963,-8.914449834469288
IU,2023-04-22,NA,NA,NA,NA,NA,NA,NA,NA,4.216092847820029,-9.078381438931606,1.1161768779954078,4.216092847820029,-9.078381438931606
IU,2023-04-23,NA,NA,NA,NA,NA,NA,NA,NA,4.632424449437473,-8.948619786462574,1.1020456109353458,4.632424449437473,-8.948619786462574
IU,2023-04-24,NA,NA,NA,NA,NA,NA,NA,NA,3.976673478698872,-9.226267647109662,1.1670386244926014,3.976673478698872,-9.226267647109662
IU,2023-04-25,NA,NA,NA,NA,NA,NA,NA,NA,4.2266565644344665,-8.999103413414051,1.1583591190352232,4.2266565644344665,-8.999103413414051
IU,2023-04-26,NA,NA,NA,NA,NA,NA,NA,NA,4.585698444673148,-9.272400273531964,1.0996526153667725,4.585698444673148,-9.272400273531964
IU,2023-04-27,NA,NA,NA,NA,NA,NA,NA,NA,4.899539731753004,-9.51116663091557,1.081511291887339,4.899539731753004,-9.51116663091557
IU,2023-04-28,NA,NA,NA,NA,NA,NA,NA,NA,4.666681659851091,-9.119631141135695,1.0873046571041467,4.666681659851091,-9.119631141135695
IU,2023-04-29,NA,NA,NA,NA,NA,NA,NA,NA,4.931196516692408,-10.094545800918208,1.080110301390747,4.931196516692408,-10.094545800918208
IU,2023-04-30,NA,NA,NA,NA,NA,NA,NA,NA,4.336234608976724,-9.01036510317581,1.1172704759397367,4.336234608976724,-9.01036510317581
IU,2023-05-01,NA,NA,NA,NA,NA,NA,NA,NA,4.514942561698378,-8.883037733255117,1.0873317175405737,4.514942561698378,-8.883037733255117
IU,2023-05-02,NA,NA,NA,NA,NA,NA,NA,NA,4.687283902339027,-8.878025611007992,1.075343670537498,4.687283902339027,-8.878025611007992
IU,2023-05-03,NA,NA,NA,NA,NA,NA,NA,NA,4.508135498528465,-8.884980212258517,1.065547738802865,4.508135498528465,-8.884980212258517
IU,2023-05-04,NA,NA,NA,NA,NA,NA,NA,NA,4.495265021216704,-8.864457334524216,1.1002698227897645,4.495265021216704,-8.864457334524216
IU,2023-05-05,NA,NA,NA,NA,NA,NA,NA,NA,4.747032459081219,-8.935018898766721,1.11955931334425,4.747032459081219,-8.935018898766721
IU,2023-05-06,NA,NA,NA,NA,NA,NA,NA,NA,4.7436703851200415,-8.939113907607974,1.0825677822380062,4.7436703851200415,-8.939113907607974
IU,2023-05-07,NA,NA,NA,NA,NA,NA,NA,NA,4.685011328582487,-8.796086112689721,1.0614050230962246,4.685011328582487,-8.796086112689721
IU,2023-05-08,NA,NA,NA,NA,NA,NA,NA,NA,4.849134018021705,-9.206968831007815,1.090984242501075,4.849134018021705,-9.206968831007815
IU,2023-05-09,NA,NA,NA,NA,NA,NA,NA,NA,5.018504679437488,-9.006906891590273,1.051203599630077,5.018504679437488,-9.006906891590273
IU,2023-05-10,NA,NA,NA,NA,NA,NA,NA,NA,5.062236723306874,-9.28732594080544,1.0299033072283938,5.062236723306874,-9.28732594080544
IU,2023-05-11,NA,NA,NA,NA,NA,NA,NA,NA,5.129510701354824,-8.81250992961464,1.026779220506366,5.129510701354824,-8.81250992961464
IU,2023-05-12,NA,NA,NA,NA,NA,NA,NA,NA,5.127104286065786,-8.898726462551291,1.049575361563373,5.127104286065786,-8.898726462551291
IU,2023-05-13,NA,NA,NA,NA,NA,NA,NA,NA,5.290654219765554,-9.327069544881317,1.0225421280553508,5.290654219765554,-9.327069544881317
IU,2023-05-14,NA,NA,NA,NA,NA,NA,NA,NA,5.252800200130484,-9.240497829660171,1.0412218374440343,5.252800200130484,-9.240497829660171
IU,2023-05-15,NA,NA,NA,NA,NA,NA,NA,NA,5.4672420406740505,-9.497516313534245,1.006827467150153,5.4672420406740505,-9.497516313534245
IU,2023-05-16,NA,NA,NA,NA,NA,NA,NA,NA,5.177074104615772,-8.93848970146821,1.042744141200248,5.177074104615772,-8.93848970146821
IU,2023-05-17,NA,NA,NA,NA,NA,NA,NA,NA,4.69302839094501,-8.758535537206882,1.059943390026865,4.69302839094501,-8.758535537206882
IU,2023-05-18,NA,NA,NA,NA,NA,NA,NA,NA,4.047702426540362,-8.955873971389614,1.133133691741581,4.047702426540362,-8.955873971389614
IU,2023-05-19,NA,NA,NA,NA,NA,NA,NA,NA,4.958102809948517,-9.184492828328574,1.0618034647456978,4.958102809948517,-9.184492828328574
IU,2023-05-20,NA,NA,NA,NA,NA,NA,NA,NA,4.9555117700573375,-9.242050264996369,1.0633730711816125,4.9555117700573375,-9.242050264996369
IU,2023-05-21,NA,NA,NA,NA,NA,NA,NA,NA,5.376268183886403,-9.79508224597072,1.0231678025707802,5.376268183886403,-9.79508224597072
IU,2023-05-22,NA,NA,NA,NA,NA,NA,NA,NA,4.7669851700538075,-8.81273712468619,1.0842375226713723,4.7669851700538075,-8.81273712468619
IU,2023-05-23,NA,NA,NA,NA,NA,NA,NA,NA,4.842443518634098,-10.069554966962617,1.0337523207781238,4.842443518634098,-10.069554966962617
IU,2023-05-24,NA,NA,NA,NA,NA,NA,NA,NA,4.592644540153872,-8.684721910435886,1.09435289383971,4.592644540153872,-8.684721910435886
IU,2023-05-25,NA,NA,NA,NA,NA,NA,NA,NA,5.349945705941068,-9.41494797929547,1.0521188074068266,5.349945705941068,-9.41494797929547
IU,2023-05-26,NA,NA,NA,NA,NA,NA,NA,NA,4.216327867352459,-9.221311037063568,1.1383964497336507,4.216327867352459,-9.221311037063568
IU,2023-05-27,NA,NA,NA,NA,NA,NA,NA,NA,4.849811725235544,-9.023490775706344,1.0673511503007194,4.849811725235544,-9.023490775706344
IU,2023-05-28,NA,NA,NA,NA,NA,NA,NA,NA,4.930273328506526,-9.242379795483949,1.0873610918072611,4.930273328506526,-9.242379795483949
IU,2023-05-29,NA,NA,NA,NA,NA,NA,NA,NA,5.066910667338006,-9.27039765854824,1.0539444094419812,5.066910667338006,-9.27039765854824
IU,2023-05-30,NA,NA,NA,NA,NA,NA,NA,NA,5.254658751239575,-9.09155125525225,1.0516337837944922,5.254658751239575,-9.09155125525225
IU,2023-05-31,NA,NA,NA,NA,NA,NA,NA,NA,5.298684780675585,-9.454215153938891,1.0363194823962527,5.298684780675585,-9.454215153938891
IU,2023-06-01,NA,NA,NA,NA,NA,NA,NA,NA,5.074821183354513,-9.254228810907332,1.079718037452476,5.074821183354513,-9.254228810907332
IU,2023-06-02,NA,NA,NA,NA,NA,NA,NA,NA,5.074142286611712,-8.925830849769964,1.02947132133235,5.074142286611712,-8.925830849769964
IU,2023-06-03,NA,NA,NA,NA,NA,NA,NA,NA,5.250881458594845,-9.692125687469796,1.0653692266239123,5.250881458594845,-9.692125687469796
IU,2023-06-04,NA,NA,NA,NA,NA,NA,NA,NA,5.2056850854900105,-9.84550276089131,1.077761936338253,5.2056850854900105,-9.84550276089131
IU,2023-06-05,NA,NA,NA,NA,NA,NA,NA,NA,5.507097658931253,-9.20232829001357,1.0230958874549116,5.507097658931253,-9.20232829001357
IU,2023-06-06,NA,NA,NA,NA,NA,NA,NA,NA,5.153012394260105,-8.919977915525008,1.0634916082915484,5.153012394260105,-8.919977915525008
IU,2023-06-07,NA,NA,NA,NA,NA,NA,NA,NA,5.119166266917382,-9.388166498746752,1.0726838889848125,5.119166266917382,-9.388166498746752
IU,2023-06-08,NA,NA,NA,NA,NA,NA,NA,NA,5.275123271123898,-9.322940301363731,1.0433302328124028,5.275123271123898,-9.322940301363731
IU,2023-06-09,NA,NA,NA,NA,NA,NA,NA,NA,5.668205882767067,-10.52821984559452,1.0359311636881163,5.668205882767067,-10.52821984559452
IU,2023-06-10,NA,NA,NA,NA,NA,NA,NA,NA,5.1351839610421335,-9.619407285808387,1.1458892331262134,5.1351839610421335,-9.619407285808387
IU,2023-06-11,NA,NA,NA,NA,NA,NA,NA,NA,5.4389762049550825,-9.865029403781309,1.0190740565426657,5.4389762049550825,-9.865029403781309
IU,2023-06-12,NA,NA,NA,NA,NA,NA,NA,NA,4.295667642366843,-9.282766854881183,1.180545770975433,4.295667642366843,-9.282766854881183
IU,2023-06-13,NA,NA,NA,NA,NA,NA,NA,NA,4.917992230295748,-9.09640914925096,1.0531523221501982,4.917992230295748,-9.09640914925096
IU,2023-06-14,NA,NA,NA,NA,NA,NA,NA,NA,5.013148990254471,-8.901834486064738,1.070772016810052,5.013148990254471,-8.901834486064738
IU,2023-06-15,NA,NA,NA,NA,NA,NA,NA,NA,4.8813943930757855,-11.1072116772223,1.1321843181333342,4.8813943930757855,-11.1072116772223
IU,2023-06-16,NA,NA,NA,NA,NA,NA,NA,NA,4.833173558802437,-9.21254752587522,1.1335179239845257,4.833173558802437,-9.21254752587522
IU,2023-06-17,NA,NA,NA,NA,NA,NA,NA,NA,4.472618037846132,-9.429844476074182,1.135055937084191,4.472618037846132,-9.429844476074182
IU,2023-06-18,NA,NA,NA,NA,NA,NA,NA,NA,4.992017531371602,-9.27995689562646,1.0547835148588345,4.992017531371602,-9.27995689562646
IU,2023-06-19,NA,NA,NA,NA,NA,NA,NA,NA,4.456226993259949,-9.390652215857124,1.1631368079878506,4.456226993259949,-9.390652215857124
IU,2023-06-20,NA,NA,NA,NA,NA,NA,NA,NA,4.2565927788332205,-8.770126142131712,1.1111912225567155,4.2565927788332205,-8.770126142131712
IU,2023-06-21,NA,NA,NA,NA,NA,NA,NA,NA,3.689600789842455,-9.222731305685992,1.2205786652969508,3.689600789842455,-9.222731305685992
IU,2023-06-22,NA,NA,NA,NA,NA,NA,NA,NA,3.535547286222646,-9.638697484354886,1.243154083240925,3.535547286222646,-9.638697484354886
IU,2023-06-23,NA,NA,NA,NA,NA,NA,NA,NA,4.338264493800082,-9.583603962212004,1.149968117286937,4.338264493800082,-9.583603962212004
IU,2023-06-24,NA,NA,NA,NA,NA,NA,NA,NA,4.520635826694334,-9.44178572316276,1.1286702917097866,4.520635826694334,-9.44178572316276
IU,2023-06-25,NA,NA,NA,NA,NA,NA,NA,NA,4.69530705967732,-9.692351118799156,1.1036761082695044,4.69530705967732,-9.692351118799156
IU,2023-06-29,NA,NA,NA,NA,NA,NA,NA,NA,5.645531938213299,-10.283853574416472,0.8927839444400327,5.645531938213299,-10.283853574416472
IU,2023-06-30,NA,NA,NA,NA,NA,NA,NA,NA,5.905839258273583,-10.467063084355829,0.8673566132331056,5.905839258273583,-10.467063084355829
IU,2023-07-01,NA,NA,NA,NA,NA,NA,NA,NA,5.9063736463490475,-10.547603359773507,0.8696919509212959,5.9063736463490475,-10.547603359773507
IU,2023-07-02,NA,NA,NA,NA,NA,NA,NA,NA,5.743101284303376,-10.508212640802473,0.8513193770073799,5.743101284303376,-10.508212640802473
IU,2023-07-03,NA,NA,NA,NA,NA,NA,NA,NA,5.4162300831447485,-10.575306651904445,0.9008388621795564,5.4162300831447485,-10.575306651904445
IU,2023-07-04,NA,NA,NA,NA,NA,NA,NA,NA,5.439698128146832,-10.60817444264665,0.8996138749991528,5.439698128146832,-10.60817444264665
IU,2023-07-05,NA,NA,NA,NA,NA,NA,NA,NA,5.6999602341580395,-10.344978666050547,0.9003780669465544,5.6999602341580395,-10.344978666050547
IU,2023-07-06,NA,NA,NA,NA,NA,NA,NA,NA,5.529414351865933,-10.428714158012866,0.902659384172708,5.529414351865933,-10.428714158012866
IU,2023-07-07,NA,NA,NA,NA,NA,NA,NA,NA,6.062414858226335,-11.510411399156371,0.8884975776002796,6.062414858226335,-11.510411399156371
IU,2023-07-08,NA,NA,NA,NA,NA,NA,NA,NA,5.120419820497029,-10.200182700938749,1.002789212403734,5.120419820497029,-10.200182700938749
IU,2023-07-09,NA,NA,NA,NA,NA,NA,NA,NA,4.72693928826309,-9.828468652912388,0.995009950451652,4.72693928826309,-9.828468652912388
IU,2023-07-10,NA,NA,NA,NA,NA,NA,NA,NA,3.7464555805557382,-9.802696635029378,1.1096436758350172,3.7464555805557382,-9.802696635029378
IU,2023-07-12,NA,NA,NA,NA,NA,NA,NA,NA,4.871237749636177,-9.5858475900586,1.007499320510012,4.871237749636177,-9.5858475900586
IU,2023-07-13,NA,NA,NA,NA,NA,NA,NA,NA,5.253473128600422,-10.056947892280323,1.0053952147362062,5.253473128600422,-10.056947892280323
IU,2023-07-14,NA,NA,NA,NA,NA,NA,NA,NA,4.392160266453717,-9.454700226677849,1.083355337018814,4.392160266453717,-9.454700226677849
IU,2023-07-15,NA,NA,NA,NA,NA,NA,NA,NA,4.800130091607353,-10.170021762133192,1.0555135161819431,4.800130091607353,-10.170021762133192
IU,2023-07-16,NA,NA,NA,NA,NA,NA,NA,NA,4.636457865006778,-10.44906293094444,1.0755210141076674,4.636457865006778,-10.44906293094444
IU,2023-07-17,NA,NA,NA,NA,NA,NA,NA,NA,4.838255023590709,-9.541208746511623,1.0674661426932568,4.838255023590709,-9.541208746511623
IU,2023-07-18,NA,NA,NA,NA,NA,NA,NA,NA,5.094499119644343,-9.39543690135882,1.022967195918904,5.094499119644343,-9.39543690135882
IU,2023-07-19,NA,NA,NA,NA,NA,NA,NA,NA,4.976507643360905,-9.428406735929434,1.0036978618891297,4.976507643360905,-9.428406735929434
IU,2023-07-20,NA,NA,NA,NA,NA,NA,NA,NA,4.701037693427042,-9.56450053527781,1.0520469153380456,4.701037693427042,-9.56450053527781
IU,2023-07-21,NA,NA,NA,NA,NA,NA,NA,NA,4.958657737839636,-9.444580742977603,1.0145162738011648,4.958657737839636,-9.444580742977603
IU,2023-07-23,NA,NA,NA,NA,NA,NA,NA,NA,3.975457547381608,-9.778458639033405,1.161441925921376,3.975457547381608,-9.778458639033405
IU,2023-07-24,NA,NA,NA,NA,NA,NA,NA,NA,4.7800220683980115,-9.58750743075721,1.0445898992496367,4.7800220683980115,-9.58750743075721
IU,2023-07-25,NA,NA,NA,NA,NA,NA,NA,NA,4.8674503800080515,-9.370463998817142,1.0535583967216298,4.8674503800080515,-9.370463998817142
IU,2023-07-26,NA,NA,NA,NA,NA,NA,NA,NA,4.990347814055334,-9.798162130271049,1.0087409890955357,4.990347814055334,-9.798162130271049
IU,2023-07-27,NA,NA,NA,NA,NA,NA,NA,NA,4.803610608936207,-8.971770961462783,1.0636194270418609,4.803610608936207,-8.971770961462783
IU,2023-07-28,NA,NA,NA,NA,NA,NA,NA,NA,4.975090149755089,-10.257877337113367,1.0628272701907415,4.975090149755089,-10.257877337113367
IU,2023-07-29,NA,NA,NA,NA,NA,NA,NA,NA,4.565658840161821,-9.751623479873423,1.0572171959978078,4.565658840161821,-9.751623479873423
IU,2023-07-30,NA,NA,NA,NA,NA,NA,NA,NA,4.83512632022339,-9.93839707643562,1.0481221555478744,4.83512632022339,-9.93839707643562
IU,2023-07-31,NA,NA,NA,NA,NA,NA,NA,NA,4.7739665667115,-9.582944531004808,1.0871128429921235,4.7739665667115,-9.582944531004808
IU,2023-08-01,NA,NA,NA,NA,NA,NA,NA,NA,4.726173657885979,-9.288612129671243,1.048704490460299,4.726173657885979,-9.288612129671243
IU,2023-08-02,NA,NA,NA,NA,NA,NA,NA,NA,5.189555411667567,-9.715179466379672,0.991224569907202,5.189555411667567,-9.715179466379672
IU,2023-08-03,NA,NA,NA,NA,NA,NA,NA,NA,4.54711706363522,-9.149064681322418,1.0209237470872397,4.54711706363522,-9.149064681322418
IU,2023-08-04,NA,NA,NA,NA,NA,NA,NA,NA,4.586702022378199,-10.116201922476394,1.1020736320071796,4.586702022378199,-10.116201922476394
IU,2023-08-05,NA,NA,NA,NA,NA,NA,NA,NA,4.120143052798153,-9.561130212488743,1.1281463064782713,4.120143052798153,-9.561130212488743
IU,2023-08-06,NA,NA,NA,NA,NA,NA,NA,NA,4.487230827397148,-9.7436289671825609,1.047960886386216,4.487230827397148,-9.7436289671825609
IU,2023-08-07,NA,NA,NA,NA,NA,NA,NA,NA,4.577290616332351,-9.595790100674542,1.0332825599134254,4.577290616332351,-9.595790100674542
IU,2023-08-08,NA,NA,NA,NA,NA,NA,NA,NA,4.420148932032055,-9.344562633113394,1.037322236651088,4.420148932032055,-9.344562633113394
IU,2023-08-09,NA,NA,NA,NA,NA,NA,NA,NA,4.558271098446028,-9.667805973342086,1.037009107632061,4.558271098446028,-9.667805973342086
IU,2023-08-10,NA,NA,NA,NA,NA,NA,NA,NA,4.423968380850424,-9.407148561762096,1.0143976461488209,4.423968380850424,-9.407148561762096
IU,2023-08-11,NA,NA,NA,NA,NA,NA,NA,NA,4.552988306782025,-9.593171489878538,1.055975144018312,4.552988306782025,-9.593171489878538
IU,2023-08-12,NA,NA,NA,NA,NA,NA,NA,NA,4.456324816326921,-9.256832607269171,1.013636439353105,4.456324816326921,-9.256832607269171
IU,2023-08-13,NA,NA,NA,NA,NA,NA,NA,NA,4.528950866030364,-9.53317428880953,1.0435601103121872,4.528950866030364,-9.53317428880953
IU,2023-08-14,NA,NA,NA,NA,NA,NA,NA,NA,5.190693638412406,-11.168742695070502,1.0184243135988722,5.190693638412406,-11.168742695070502
IU,2023-08-15,NA,NA,NA,NA,NA,NA,NA,NA,4.771845336990803,-10.726401701465216,1.11151164378968,4.771845336990803,-10.726401701465216
IU,2023-08-16,NA,NA,NA,NA,NA,NA,NA,NA,4.478527276288859,-9.755704427059438,1.1071381762566048,4.478527276288859,-9.755704427059438
IU,2023-08-17,NA,NA,NA,NA,NA,NA,NA,NA,4.721691334256128,-9.285471856204635,1.051350542779067,4.721691334256128,-9.285471856204635
IU,2023-08-18,NA,NA,NA,NA,NA,NA,NA,NA,4.866139544995806,-9.818985617140584,1.0082335474235102,4.866139544995806,-9.818985617140584
IU,2023-08-19,NA,NA,NA,NA,NA,NA,NA,NA,4.190389934887871,-9.33373547250012,1.0538866920323815,4.190389934887871,-9.33373547250012
IU,2023-08-20,NA,NA,NA,NA,NA,NA,NA,NA,4.29732416812695,-9.355542922643354,1.0584506301703325,4.29732416812695,-9.355542922643354
IU,2023-08-21,NA,NA,NA,NA,NA,NA,NA,NA,4.5590089523608714,-9.363905582763303,1.0534577946463983,4.5590089523608714,-9.363905582763303
IU,2023-08-22,NA,NA,NA,NA,NA,NA,NA,NA,4.475728078679107,-9.708186138723637,1.075642935413906,4.475728078679107,-9.708186138723637
IU,2023-08-23,NA,NA,NA,NA,NA,NA,NA,NA,4.676651641283571,-9.59412458528769,1.038549719051891,4.676651641283571,-9.59412458528769
IU,2023-08-24,NA,NA,NA,NA,NA,NA,NA,NA,4.477717205894839,-9.353935582709155,1.041660502811427,4.477717205894839,-9.353935582709155
IU,2023-08-25,NA,NA,NA,NA,NA,NA,NA,NA,4.375373364722863,-9.294326231204884,1.055377568565781,4.375373364722863,-9.294326231204884
IU,2023-08-26,NA,NA,NA,NA,NA,NA,NA,NA,4.340089265467597,-9.45872080390494,1.0440461049056882,4.340089265467597,-9.45872080390494
IU,2023-08-27,NA,NA,NA,NA,NA,NA,NA,NA,4.2783389333737185,-9.238365568619958,1.0487843692645566,4.2783389333737185,-9.238365568619958
IU,2023-08-28,NA,NA,NA,NA,NA,NA,NA,NA,4.473131164887544,-9.541448455086451,1.0747696144156222,4.473131164887544,-9.541448455086451
IU,2023-08-29,NA,NA,NA,NA,NA,NA,NA,NA,4.407936410749158,-9.375024173426382,1.01188508952782,4.407936410749158,-9.375024173426382
IU,2023-08-30,NA,NA,NA,NA,NA,NA,NA,NA,2.661238852295612,-9.380846827579171,1.1253250397394463,2.661238852295612,-9.380846827579171
IU,2023-08-31,NA,NA,NA,NA,NA,NA,NA,NA,3.946091362643633,-9.279626850032368,1.0575172626013556,3.946091362643633,-9.279626850032368
IU,2023-09-01,NA,NA,NA,NA,NA,NA,NA,NA,4.1632460514133784,-10.10274635357221,1.0419259193123378,4.1632460514133784,-10.10274635357221
IU,2023-09-02,NA,NA,NA,NA,NA,NA,NA,NA,4.272081723509467,-9.858007759410786,1.0394381164511384,4.272081723509467,-9.858007759410786
IU,2023-09-03,NA,NA,NA,NA,NA,NA,NA,NA,3.8401060780072886,-9.32738850957158,1.0351208389633235,3.8401060780072886,-9.32738850957158
IU,2023-09-04,NA,NA,NA,NA,NA,NA,NA,NA,3.915840529254651,-9.776056459248991,1.0431315513636463,3.915840529254651,-9.776056459248991
IU,2023-09-05,NA,NA,NA,NA,NA,NA,NA,NA,4.1621860737170335,-9.34575329985187,0.990684853338695,4.1621860737170335,-9.34575329985187
IU,2023-09-07,NA,NA,NA,NA,NA,NA,NA,NA,4.152105344674594,-9.798606238690294,0.9887113677878028,4.152105344674594,-9.798606238690294
IU,2023-09-08,NA,NA,NA,NA,NA,NA,NA,NA,3.75537547795706,-9.447773935483731,0.9794918572444672,3.75537547795706,-9.447773935483731
IU,2023-09-09,NA,NA,NA,NA,NA,NA,NA,NA,3.912523320946984,-9.744386663586514,0.9895844416634436,3.912523320946984,-9.744386663586514
IU,2023-09-10,NA,NA,NA,NA,NA,NA,NA,NA,3.877408963068715,-9.604685641174449,0.977927169322808,3.877408963068715,-9.604685641174449
IU,2023-09-11,NA,NA,NA,NA,NA,NA,NA,NA,3.71332363404351,-9.455490322346632,0.9943639872331056,3.71332363404351,-9.455490322346632
IU,2023-09-12,NA,NA,NA,NA,NA,NA,NA,NA,4.032485585161202,-10.407203432088943,0.9749360878039468,4.032485585161202,-10.407203432088943
IU,2023-09-13,NA,NA,NA,NA,NA,NA,NA,NA,3.842577083553797,-9.532357473976765,0.9827693175019384,3.842577083553797,-9.532357473976765
IU,2023-09-14,NA,NA,NA,NA,NA,NA,NA,NA,3.89492435669905,-9.417636951730948,0.9922181934723396,3.89492435669905,-9.417636951730948
IU,2023-09-15,NA,NA,NA,NA,NA,NA,NA,NA,3.952046279950778,-9.633665659322196,0.999724508500562,3.952046279950778,-9.633665659322196
IU,2023-09-16,NA,NA,NA,NA,NA,NA,NA,NA,4.047150515414444,-9.732581846017023,0.9932181138452328,4.047150515414444,-9.732581846017023
IU,2023-09-17,NA,NA,NA,NA,NA,NA,NA,NA,3.769942840860813,-9.59160640074598,1.0269548231383254,3.769942840860813,-9.59160640074598
IU,2023-09-18,NA,NA,NA,NA,NA,NA,NA,NA,3.619295443318939,-8.966405624614369,1.0267067038312052,3.619295443318939,-8.966405624614369
IU,2023-09-19,NA,NA,NA,NA,NA,NA,NA,NA,3.757176852174192,-9.300988327621848,1.03280973387857,3.757176852174192,-9.300988327621848
IU,2023-09-20,NA,NA,NA,NA,NA,NA,NA,NA,3.758625517402122,-9.359812625734085,1.0288330518053712,3.758625517402122,-9.359812625734085
IU,2023-09-21,NA,NA,NA,NA,NA,NA,NA,NA,3.7079013134823384,-9.394412246869653,1.0466390291887668,3.7079013134823384,-9.394412246869653
IU,2023-09-22,NA,NA,NA,NA,NA,NA,NA,NA,3.5091023546210316,-8.984316788836763,1.0498451303266922,3.5091023546210316,-8.984316788836763
IU,2023-09-23,NA,NA,NA,NA,NA,NA,NA,NA,3.671069612666897,-9.367617586448516,1.0466217562673452,3.671069612666897,-9.367617586448516
IU,2023-09-24,NA,NA,NA,NA,NA,NA,NA,NA,3.6255026410564186,-9.249416980042792,1.080574938867418,3.6255026410564186,-9.249416980042792
IU,2023-09-25,NA,NA,NA,NA,NA,NA,NA,NA,3.529410886525878,-9.116480695091038,1.0521000434557044,3.529410886525878,-9.116480695091038
IU,2023-09-26,NA,NA,NA,NA,NA,NA,NA,NA,3.79298816919936,-9.917281422708331,1.097065257958945,3.79298816919936,-9.917281422708331
IU,2023-09-27,NA,NA,NA,NA,NA,NA,NA,NA,3.2176235536341036,-9.291268271027292,1.0808414695259598,3.2176235536341036,-9.291268271027292
IU,2023-09-28,NA,NA,NA,NA,NA,NA,NA,NA,3.919456801296189,-9.50492858657178,1.063223394993822,3.919456801296189,-9.50492858657178
IU,2023-09-29,NA,NA,NA,NA,NA,NA,NA,NA,3.987484933328908,-9.100909151648649,1.0216515816530256,3.987484933328908,-9.100909151648649
IU,2023-09-30,NA,NA,NA,NA,NA,NA,NA,NA,3.8363406678202554,-9.494202499125542,1.0883796000741364,3.8363406678202554,-9.494202499125542
IU,2023-10-01,NA,NA,NA,NA,NA,NA,NA,NA,3.7110121991327105,-9.061027370886812,1.0670901697230477,3.7110121991327105,-9.061027370886812
IU,2023-10-02,NA,NA,NA,NA,NA,NA,NA,NA,3.7046768896120503,-9.086519369537246,1.0552972631182889,3.7046768896120503,-9.086519369537246
IU,2023-10-03,NA,NA,NA,NA,NA,NA,NA,NA,3.839628727519463,-9.140040743314367,1.063668991313865,3.839628727519463,-9.140040743314367
IU,2023-10-04,NA,NA,NA,NA,NA,NA,NA,NA,3.600920496723241,-9.24060546427076,1.0864562581986907,3.600920496723241,-9.24060546427076
IU,2023-10-05,NA,NA,NA,NA,NA,NA,NA,NA,3.696832726262846,-9.50068332017266,1.0949654221230665,3.696832726262846,-9.50068332017266
IU,2023-10-06,NA,NA,NA,NA,NA,NA,NA,NA,3.679442082782033,-9.124335988322184,1.056322956730651,3.679442082782033,-9.124335988322184
IU,2023-10-07,NA,NA,NA,NA,NA,NA,NA,NA,3.682539435502308,-8.957387453730519,1.0795946644445589,3.682539435502308,-8.957387453730519
IU,2023-10-08,NA,NA,NA,NA,NA,NA,NA,NA,3.749763214960839,-8.726538909020057,1.094983914084289,3.749763214960839,-8.726538909020057
IU,2023-10-09,NA,NA,NA,NA,NA,NA,NA,NA,3.420036181647651,-8.787547679058378,1.1040842004884732,3.420036181647651,-8.787547679058378
IU,2023-10-10,NA,NA,NA,NA,NA,NA,NA,NA,3.5445441733100274,-9.225250189247834,1.114025800058135,3.5445441733100274,-9.225250189247834
IU,2023-10-11,NA,NA,NA,NA,NA,NA,NA,NA,2.981446493442386,-9.856900014253853,1.1028832492446472,2.981446493442386,-9.856900014253853
IU,2023-10-12,NA,NA,NA,NA,NA,NA,NA,NA,2.30414236837398,-9.239939743131472,1.1329447726930275,2.30414236837398,-9.239939743131472
IU,2023-10-13,NA,NA,NA,NA,NA,NA,NA,NA,3.4575092537126944,-9.365329775839124,1.0804537860531795,3.4575092537126944,-9.365329775839124
IU,2023-10-14,NA,NA,NA,NA,NA,NA,NA,NA,3.455674804931582,-9.159443439597352,1.0702194610755864,3.455674804931582,-9.159443439597352
IU,2023-10-15,NA,NA,NA,NA,NA,NA,NA,NA,3.3257048625435144,-9.04653489022689,1.110105510276165,3.3257048625435144,-9.04653489022689
IU,2023-10-16,NA,NA,NA,NA,NA,NA,NA,NA,3.1896370621810735,-8.950466144257316,1.1509496839965132,3.1896370621810735,-8.950466144257316
IU,2023-10-17,NA,NA,NA,NA,NA,NA,NA,NA,3.207010725531683,-9.146261499537234,1.153108979231074,3.207010725531683,-9.146261499537234
IU,2023-10-18,NA,NA,NA,NA,NA,NA,NA,NA,3.1607982157348986,-9.174349465086772,1.150507587690742,3.1607982157348986,-9.174349465086772
IU,2023-10-19,NA,NA,NA,NA,NA,NA,NA,NA,3.000951008197674,-8.801817482006449,1.144205346164085,3.000951008197674,-8.801817482006449
IU,2023-10-20,NA,NA,NA,NA,NA,NA,NA,NA,3.082910729211374,-9.18114270554826,1.1596860084430576,3.082910729211374,-9.18114270554826
IU,2023-10-21,NA,NA,NA,NA,NA,NA,NA,NA,3.154928128832755,-8.90360826037161,1.1493704408481922,3.154928128832755,-8.90360826037161
IU,2023-10-22,NA,NA,NA,NA,NA,NA,NA,NA,3.324920490901346,-8.861162110935549,1.1279635275352755,3.324920490901346,-8.861162110935549
IU,2023-10-23,NA,NA,NA,NA,NA,NA,NA,NA,3.1442527052567204,-8.675217663754713,1.1405972126849255,3.1442527052567204,-8.675217663754713
IU,2023-10-24,NA,NA,NA,NA,NA,NA,NA,NA,3.044008267354353,-8.874224738919144,1.186332467425298,3.044008267354353,-8.874224738919144
IU,2023-10-25,NA,NA,NA,NA,NA,NA,NA,NA,3.213980643765459,-9.114754354862344,1.1680278329547922,3.213980643765459,-9.114754354862344
IU,2023-10-26,NA,NA,NA,NA,NA,NA,NA,NA,3.09989056491527,-8.720235226954525,1.1746763331422625,3.09989056491527,-8.720235226954525
IU,2023-10-27,NA,NA,NA,NA,NA,NA,NA,NA,3.1204510023094105,-8.772379376916488,1.146793637011991,3.1204510023094105,-8.772379376916488
IU,2023-10-28,NA,NA,NA,NA,NA,NA,NA,NA,2.984584935330806,-9.00122024313086,1.219561182842105,2.984584935330806,-9.00122024313086
IU,2023-10-29,NA,NA,NA,NA,NA,NA,NA,NA,3.205192845596382,-8.961030880426797,1.176603971790726,3.205192845596382,-8.961030880426797
IU,2023-10-30,NA,NA,NA,NA,NA,NA,NA,NA,3.135641271220704,-8.952315724461332,1.1874895644928023,3.135641271220704,-8.952315724461332
IU,2023-10-31,NA,NA,NA,NA,NA,NA,NA,NA,2.960497194113418,-8.710498344300182,1.1806377026711763,2.960497194113418,-8.710498344300182
IU,2023-11-01,NA,NA,NA,NA,NA,NA,NA,NA,3.2310686216663824,-8.290611435795146,1.2306345645181789,3.2310686216663824,-8.290611435795146
IU,2023-11-02,NA,NA,NA,NA,NA,NA,NA,NA,3.0480897023745537,-8.798664644875805,1.254855212989387,3.0480897023745537,-8.798664644875805
IU,2023-11-03,NA,NA,NA,NA,NA,NA,NA,NA,3.0439863274891334,-8.789149056791214,1.2147876222197689,3.0439863274891334,-8.789149056791214
IU,2023-11-04,NA,NA,NA,NA,NA,NA,NA,NA,3.189483005123753,-8.464960980341946,1.2076854851646053,3.189483005123753,-8.464960980341946
IU,2023-11-05,NA,NA,NA,NA,NA,NA,NA,NA,2.999772141275577,-8.707112395638132,1.2404657321305903,2.999772141275577,-8.707112395638132
IU,2023-11-06,NA,NA,NA,NA,NA,NA,NA,NA,3.0022489812332,-8.617039414405626,1.223932067385909,3.0022489812332,-8.617039414405626
IU,2023-11-07,NA,NA,NA,NA,NA,NA,NA,NA,2.938675815953404,-8.801560107789781,1.279026012382957,2.938675815953404,-8.801560107789781
IU,2023-11-08,NA,NA,NA,NA,NA,NA,NA,NA,2.950561235307712,-8.704288070335702,1.229672030444681,2.950561235307712,-8.704288070335702
IU,2023-11-09,NA,NA,NA,NA,NA,NA,NA,NA,3.197590032522887,-8.696058527237634,1.1911130470742035,3.197590032522887,-8.696058527237634
IU,2023-11-10,NA,NA,NA,NA,NA,NA,NA,NA,2.8311712076380573,-8.599456831582875,1.2133706769267023,2.8311712076380573,-8.599456831582875
IU,2023-11-11,NA,NA,NA,NA,NA,NA,NA,NA,2.941281085133349,-8.729244806887506,1.2149609013517666,2.941281085133349,-8.729244806887506
IU,2023-11-12,NA,NA,NA,NA,NA,NA,NA,NA,2.855897499838951,-8.8517280215015,1.234361736695348,2.855897499838951,-8.8517280215015
IU,2023-11-13,NA,NA,NA,NA,NA,NA,NA,NA,2.854220935928898,-8.669551067606182,1.2517756562172713,2.854220935928898,-8.669551067606182
IU,2023-11-14,NA,NA,NA,NA,NA,NA,NA,NA,2.9132241074292766,-9.614175110974047,1.220931054070989,2.9132241074292766,-9.614175110974047
IU,2023-11-15,NA,NA,NA,NA,NA,NA,NA,NA,2.461995194148052,-9.23014135712718,1.2436933189439,2.461995194148052,-9.23014135712718
IU,2023-11-16,NA,NA,NA,NA,NA,NA,NA,NA,2.60054852807756,-9.209520487514562,1.2055106652392849,2.60054852807756,-9.209520487514562
IU,2023-11-17,NA,NA,NA,NA,NA,NA,NA,NA,2.7300419876122177,-8.872652064118013,1.21972291490689,2.7300419876122177,-8.872652064118013
IU,2023-11-18,NA,NA,NA,NA,NA,NA,NA,NA,2.9707433920688637,-8.819035578137356,1.2109883118871607,2.9707433920688637,-8.819035578137356
IU,2023-11-19,NA,NA,NA,NA,NA,NA,NA,NA,2.895046763635079,-8.86104717473368,1.251776427302056,2.895046763635079,-8.86104717473368
IU,2023-11-20,NA,NA,NA,NA,NA,NA,NA,NA,2.97740527970365,-8.82342500211059,1.2265322827369305,2.97740527970365,-8.82342500211059
IU,2023-11-21,NA,NA,NA,NA,NA,NA,NA,NA,2.9440147091104083,-8.819422574299592,1.2078116878258578,2.9440147091104083,-8.819422574299592
IU,2023-11-22,NA,NA,NA,NA,NA,NA,NA,NA,2.5020454291169445,-8.552122592348484,1.249611539783844,2.5020454291169445,-8.552122592348484
IU,2023-11-23,NA,NA,NA,NA,NA,NA,NA,NA,3.005389969452948,-8.351621833368796,1.22701626935438,3.005389969452948,-8.351621833368796
IU,2023-11-24,NA,NA,NA,NA,NA,NA,NA,NA,2.5222943462454244,-8.264442786402327,1.242590734676946,2.5222943462454244,-8.264442786402327
IU,2023-11-25,NA,NA,NA,NA,NA,NA,NA,NA,2.8668480119386626,-8.655523307924508,1.2536859756163998,2.8668480119386626,-8.655523307924508
IU,2023-11-26,NA,NA,NA,NA,NA,NA,NA,NA,2.4954865960503265,-9.6528351511733,1.26616102057458,2.4954865960503265,-9.6528351511733
IU,2023-11-27,NA,NA,NA,NA,NA,NA,NA,NA,2.9034955297446756,-8.132622170909041,1.2637870682178565,2.9034955297446756,-8.132622170909041
IU,2023-11-28,NA,NA,NA,NA,NA,NA,NA,NA,2.903762922271754,-8.2364316056957545,1.2766028211948877,2.903762922271754,-8.2364316056957545
IU,2023-11-29,NA,NA,NA,NA,NA,NA,NA,NA,2.7927376670770725,-8.493174935882374,1.314660299227639,2.7927376670770725,-8.493174935882374
IU,2023-11-30,NA,NA,NA,NA,NA,NA,NA,NA,2.8815845778919265,-8.685686546126435,1.301699057978085,2.8815845778919265,-8.685686546126435
IU,2023-12-01,NA,NA,NA,NA,NA,NA,NA,NA,2.893032261459723,-8.662730281152541,1.2303221173401644,2.893032261459723,-8.662730281152541
IU,2023-12-02,NA,NA,NA,NA,NA,NA,NA,NA,2.582115705615804,-9.176942156304497,1.2696180465268154,2.582115705615804,-9.176942156304497
IU,2023-12-03,NA,NA,NA,NA,NA,NA,NA,NA,2.7242653255371447,-9.216851250242554,1.249891240114412,2.7242653255371447,-9.216851250242554
IU,2023-12-04,NA,NA,NA,NA,NA,NA,NA,NA,2.6852772912728717,-8.133250571809166,1.1969520163720648,2.6852772912728717,-8.133250571809166
IU,2023-12-05,NA,NA,NA,NA,NA,NA,NA,NA,2.88411747868751,-8.212863949031648,1.258270919740896,2.88411747868751,-8.212863949031648
IU,2023-12-06,NA,NA,NA,NA,NA,NA,NA,NA,2.8056479885641954,-8.375431596912323,1.2915135817365735,2.8056479885641954,-8.375431596912323
IU,2023-12-07,NA,NA,NA,NA,NA,NA,NA,NA,2.777686917856116,-8.409248914758843,1.314277775481916,2.777686917856116,-8.409248914758843
IU,2023-12-08,NA,NA,NA,NA,NA,NA,NA,NA,2.9610969579808866,-8.8300736236153,1.2274996060440302,2.9610969579808866,-8.8300736236153
IU,2023-12-09,NA,NA,NA,NA,NA,NA,NA,NA,2.84929974672528,-8.694575880754915,1.2532877214326577,2.84929974672528,-8.694575880754915
IU,2023-12-10,NA,NA,NA,NA,NA,NA,NA,NA,3.00329236034814,-9.407249000388932,1.2323017392080506,3.00329236034814,-9.407249000388932
IU,2023-12-11,NA,NA,NA,NA,NA,NA,NA,NA,2.950513256684679,-8.011140065966138,1.306909349518657,2.950513256684679,-8.011140065966138
IU,2023-12-12,NA,NA,NA,NA,NA,NA,NA,NA,2.799313328971161,-8.64705222889141,1.3227261138280415,2.799313328971161,-8.64705222889141
IU,2023-12-13,NA,NA,NA,NA,NA,NA,NA,NA,2.867186141094232,-8.44455026554315,1.2849233782255634,2.867186141094232,-8.44455026554315
IU,2023-12-14,NA,NA,NA,NA,NA,NA,NA,NA,2.8749240570797565,-8.455110529952231,1.2954321439739611,2.8749240570797565,-8.455110529952231
IU,2023-12-15,NA,NA,NA,NA,NA,NA,NA,NA,2.8740075112279313,-8.43987199776907,1.284016062600587,2.8740075112279313,-8.43987199776907
IU,2023-12-16,NA,NA,NA,NA,NA,NA,NA,NA,2.787981031792063,-9.157538713445184,1.2775235350607717,2.787981031792063,-9.157538713445184
IU,2023-12-17,NA,NA,NA,NA,NA,NA,NA,NA,1.825657564563388,-8.874592348478165,1.259654007745039,1.825657564563388,-8.874592348478165
IU,2023-12-18,NA,NA,NA,NA,NA,NA,NA,NA,3.0041891580061852,-8.987891551296258,1.2108896066960773,3.0041891580061852,-8.987891551296258
IU,2023-12-19,NA,NA,NA,NA,NA,NA,NA,NA,3.042400671976052,-8.891663973268532,1.1996643919507095,3.042400671976052,-8.891663973268532
IU,2023-12-20,NA,NA,NA,NA,NA,NA,NA,NA,3.1191688250722995,-9.98178136969397,1.072187175327854,3.1191688250722995,-9.98178136969397
IU,2023-12-21,NA,NA,NA,NA,NA,NA,NA,NA,3.1123653919453145,-10.995089089520196,0.9074885781605292,3.1123653919453145,-10.995089089520196
IU,2023-12-22,NA,NA,NA,NA,NA,NA,NA,NA,2.525897813268754,-11.714752090689029,0.7852781549522954,2.525897813268754,-11.714752090689029
IU,2023-12-23,NA,NA,NA,NA,NA,NA,NA,NA,2.7879780422897835,-12.162336432457735,0.7109904620763261,2.7879780422897835,-12.162336432457735
IU,2023-12-24,NA,NA,NA,NA,NA,NA,NA,NA,2.72369195837769,-12.53114777677585,0.6616934383823899,2.72369195837769,-12.53114777677585
IU,2023-12-25,NA,NA,NA,NA,NA,NA,NA,NA,2.161033741059107,-13.363307384326776,0.6262886721220063,2.161033741059107,-13.363307384326776
IU,2023-12-26,NA,NA,NA,NA,NA,NA,NA,NA,2.5253018066795536,-12.624881087794751,0.632964461041304,2.5253018066795536,-12.624881087794751
IU,2023-12-27,NA,NA,NA,NA,NA,NA,NA,NA,2.9763054500803587,-11.909165833265831,0.6356683440448296,2.9763054500803587,-11.909165833265831
IU,2023-12-28,NA,NA,NA,NA,NA,NA,NA,NA,2.015693940504302,-12.322879075931548,0.6551843556424168,2.015693940504302,-12.322879075931548
IU,2023-12-29,NA,NA,NA,NA,NA,NA,NA,NA,3.5421579804051246,-11.63532893039796,0.7092544567132334,3.5421579804051246,-11.63532893039796
IU,2023-12-30,NA,NA,NA,NA,NA,NA,NA,NA,3.228642724232273,-12.159424596374985,0.7155752178853121,3.228642724232273,-12.159424596374985
IU,2023-12-31,NA,NA,NA,NA,NA,NA,NA,NA,3.774241145787173,-12.903035186600956,0.6942555437530347,3.774241145787173,-12.903035186600956
IU,2024-01-01,NA,NA,NA,NA,NA,NA,NA,NA,3.294739786008742,-12.71455528201608,0.6981697182676038,3.294739786008742,-12.71455528201608
IU,2024-01-02,NA,NA,NA,NA,NA,NA,NA,NA,5.166535105316254,-11.69685985114229,0.6909008933844871,5.166535105316254,-11.69685985114229
IU,2024-01-03,NA,NA,NA,NA,NA,NA,NA,NA,5.193435592696444,-13.517234132681937,0.654301658718453,5.193435592696444,-13.517234132681937
IU,2024-01-04,NA,NA,NA,NA,NA,NA,NA,NA,4.630921050925996,-11.045648987596438,0.686535703843639,4.630921050925996,-11.045648987596438
IU,2024-01-05,NA,NA,NA,NA,NA,NA,NA,NA,5.110950705941291,-12.817345477247954,0.6698757834384105,5.110950705941291,-12.817345477247954
IU,2024-01-06,NA,NA,NA,NA,NA,NA,NA,NA,2.9886856330604665,-11.13338905210137,0.7047221352875381,2.9886856330604665,-11.13338905210137
IU,2024-01-07,NA,NA,NA,NA,NA,NA,NA,NA,5.594567370719992,-11.312905999792632,0.6820701328202536,5.594567370719992,-11.312905999792632
IU,2024-01-08,NA,NA,NA,NA,NA,NA,NA,NA,3.7307026861317216,-12.930005276960122,0.7186885612943158,3.7307026861317216,-12.930005276960122
IU,2024-01-09,NA,NA,NA,NA,NA,NA,NA,NA,2.7233820435190266,-13.14667109066068,0.6986127855927118,2.7233820435190266,-13.14667109066068
IU,2024-01-10,NA,NA,NA,NA,NA,NA,NA,NA,5.056226297929143,-11.23896500863964,0.7743020146267076,5.056226297929143,-11.23896500863964
IU,2024-01-11,NA,NA,NA,NA,NA,NA,NA,NA,6.035523363681428,-13.455873813191294,0.6843036651113789,6.035523363681428,-13.455873813191294
IU,2024-01-12,NA,NA,NA,NA,NA,NA,NA,NA,3.2287321325618543,-13.819059911291884,0.6517973617150171,3.2287321325618543,-13.819059911291884
IU,2024-01-13,NA,NA,NA,NA,NA,NA,NA,NA,7.70305358670213,-10.071460561657965,0.6015455628227725,7.70305358670213,-10.071460561657965
IU,2024-01-14,NA,NA,NA,NA,NA,NA,NA,NA,5.634988147034902,-11.451575229795818,0.62015156692384,5.634988147034902,-11.451575229795818
IU,2024-01-15,NA,NA,NA,NA,NA,NA,NA,NA,6.99755512476401,-14.198249319553376,0.5641729162848492,6.99755512476401,-14.198249319553376
IU,2024-01-16,NA,NA,NA,NA,NA,NA,NA,NA,1.947449195417171,-11.457093892360184,0.6684512780472697,1.947449195417171,-11.457093892360184
IU,2024-01-17,NA,NA,NA,NA,NA,NA,NA,NA,8.429969410387582,-10.175688410913502,0.6215982484547325,8.429969410387582,-10.175688410913502
IU,2024-01-18,NA,NA,NA,NA,NA,NA,NA,NA,7.692816752927347,-15.348672129396956,0.5541418422181772,7.692816752927347,-15.348672129396956
IU,2024-01-19,NA,NA,NA,NA,NA,NA,NA,NA,4.811645766636822,-9.942266584813542,0.6014007197989002,4.811645766636822,-9.942266584813542
IU,2024-01-20,NA,NA,NA,NA,NA,NA,NA,NA,8.525806002876449,-11.057417847867796,0.5313226182877014,8.525806002876449,-11.057417847867796
IU,2024-01-21,NA,NA,NA,NA,NA,NA,NA,NA,8.608483720984013,-10.958795504376967,0.5455772344399535,8.608483720984013,-10.958795504376967
IU,2024-01-22,NA,NA,NA,NA,NA,NA,NA,NA,9.737398658359131,-14.714168954601517,0.4536289996729737,9.737398658359131,-14.714168954601517
IU,2024-01-23,NA,NA,NA,NA,NA,NA,NA,NA,3.428111264878271,-13.136736372398572,0.5594650271031643,3.428111264878271,-13.136736372398572
IU,2024-01-24,NA,NA,NA,NA,NA,NA,NA,NA,6.132000228710423,-11.801873375419278,0.5210548669225298,6.132000228710423,-11.801873375419278
IU,2024-01-25,NA,NA,NA,NA,NA,NA,NA,NA,7.14525840665564,-13.137593476012851,0.4863516884691924,7.14525840665564,-13.137593476012851
IU,2024-01-26,NA,NA,NA,NA,NA,NA,NA,NA,3.933632112879663,-10.459550033184067,0.5688292077244582,3.933632112879663,-10.459550033184067
IU,2024-01-27,NA,NA,NA,NA,NA,NA,NA,NA,6.981523464733019,-12.603838614296812,0.5119083633044648,6.981523464733019,-12.603838614296812
IU,2024-01-28,NA,NA,NA,NA,NA,NA,NA,NA,8.801826627391984,-11.282865911691207,0.48523869412886195,8.801826627391984,-11.282865911691207
IU,2024-01-29,NA,NA,NA,NA,NA,NA,NA,NA,10.22136998177514,-13.339949068841552,0.4976194501287915,10.22136998177514,-13.339949068841552
IU,2024-01-30,NA,NA,NA,NA,NA,NA,NA,NA,8.608024657660739,-12.803710157011864,0.5358081816289151,8.608024657660739,-12.803710157011864
IU,2024-01-31,NA,NA,NA,NA,NA,NA,NA,NA,8.032603930611552,-12.209835699273844,0.5559155613375725,8.032603930611552,-12.209835699273844
IU,2024-02-01,NA,NA,NA,NA,NA,NA,NA,NA,8.694281643890122,-12.343998050355896,0.5689988770310062,8.694281643890122,-12.343998050355896
IU,2024-02-02,NA,NA,NA,NA,NA,NA,NA,NA,9.035200657712728,-13.20357540373803,0.5511417879746295,9.035200657712728,-13.20357540373803
IU,2024-02-03,NA,NA,NA,NA,NA,NA,NA,NA,8.038112711679208,-12.595417327961211,0.5993229248995291,8.038112711679208,-12.595417327961211
IU,2024-02-04,NA,NA,NA,NA,NA,NA,NA,NA,3.3369053625748024,-11.175236940939287,0.7159470976105649,3.3369053625748024,-11.175236940939287
IU,2024-02-05,NA,NA,NA,NA,NA,NA,NA,NA,6.073989953785449,-11.940164911859243,0.6879364722660154,6.073989953785449,-11.940164911859243
IU,2024-02-06,NA,NA,NA,NA,NA,NA,NA,NA,6.260650835018009,-11.059275920787664,0.683446192396772,6.260650835018009,-11.059275920787664
IU,2024-02-07,NA,NA,NA,NA,NA,NA,NA,NA,5.648185861540391,-11.12109067522967,0.7318897523510702,5.648185861540391,-11.12109067522967
IU,2024-02-08,NA,NA,NA,NA,NA,NA,NA,NA,5.556542646676071,-11.50486697099519,0.750719143113091,5.556542646676071,-11.50486697099519
IU,2024-02-09,NA,NA,NA,NA,NA,NA,NA,NA,6.220840371111191,-11.3095143483762,0.724975127946813,6.220840371111191,-11.3095143483762
IU,2024-02-10,NA,NA,NA,NA,NA,NA,NA,NA,4.450351988683465,-10.462238280002992,0.7477583573284302,4.450351988683465,-10.462238280002992
IU,2024-02-11,NA,NA,NA,NA,NA,NA,NA,NA,6.21284461738001,-11.523507986154456,0.6962010904849923,6.21284461738001,-11.523507986154456
IU,2024-02-12,NA,NA,NA,NA,NA,NA,NA,NA,5.5556552755895146,-12.48671539156737,0.7287169569754988,5.5556552755895146,-12.48671539156737
IU,2024-02-13,NA,NA,NA,NA,NA,NA,NA,NA,6.586271491058901,-10.199033489078111,0.7769796652701665,6.586271491058901,-10.199033489078111
IU,2024-02-14,NA,NA,NA,NA,NA,NA,NA,NA,5.488904264024894,-10.944275011917616,0.7919195588588362,5.488904264024894,-10.944275011917616
IU,2024-02-15,NA,NA,NA,NA,NA,NA,NA,NA,4.237602238330588,-10.49175602205496,0.8281570569762774,4.237602238330588,-10.49175602205496
IU,2024-02-16,NA,NA,NA,NA,NA,NA,NA,NA,4.706517486870043,-11.346682923959357,0.8293467244739718,4.706517486870043,-11.346682923959357
IU,2024-02-17,NA,NA,NA,NA,NA,NA,NA,NA,3.6219307121131368,-11.581318707293454,0.8543487579812615,3.6219307121131368,-11.581318707293454
IU,2024-02-18,NA,NA,NA,NA,NA,NA,NA,NA,3.1339753665148313,-10.95944464821308,0.9364474780170442,3.1339753665148313,-10.95944464821308
IU,2024-02-19,NA,NA,NA,NA,NA,NA,NA,NA,5.1726168590469825,-10.912432484352472,0.8719477102880937,5.1726168590469825,-10.912432484352472
IU,2024-02-20,NA,NA,NA,NA,NA,NA,NA,NA,5.060659796882233,-11.051234199146412,0.8568220129703725,5.060659796882233,-11.051234199146412
IU,2024-02-21,NA,NA,NA,NA,NA,NA,NA,NA,5.113351490861184,-10.943265195953488,0.8577765427029271,5.113351490861184,-10.943265195953488
IU,2024-02-23,NA,NA,NA,NA,NA,NA,NA,NA,4.870485879928503,-11.524166427134396,0.7457578599937951,4.870485879928503,-11.524166427134396
IU,2024-02-24,NA,NA,NA,NA,NA,NA,NA,NA,7.290082081524456,-11.46164218474961,0.6894626384431585,7.290082081524456,-11.46164218474961
IU,2024-02-25,NA,NA,NA,NA,NA,NA,NA,NA,7.5173521212056755,-11.891968816699364,0.6904631416629625,7.5173521212056755,-11.891968816699364
IU,2024-02-26,NA,NA,NA,NA,NA,NA,NA,NA,7.461649595691916,-11.843067816104984,0.6864045976287362,7.461649595691916,-11.843067816104984
IU,2024-02-27,NA,NA,NA,NA,NA,NA,NA,NA,8.00145273772529,-11.979611651548309,0.6483994554405867,8.00145273772529,-11.979611651548309
IU,2024-02-28,NA,NA,NA,NA,NA,NA,NA,NA,7.852856227849352,-12.12677778345713,0.6305117920367427,7.852856227849352,-12.12677778345713
IU,2024-02-29,NA,NA,NA,NA,NA,NA,NA,NA,8.829339796657077,-11.68113061047142,0.6186179352914014,8.829339796657077,-11.68113061047142
IU,2024-03-01,NA,NA,NA,NA,NA,NA,NA,NA,6.232484010609164,-11.701148056140743,0.7133946379149009,6.232484010609164,-11.701148056140743
IU,2024-03-02,NA,NA,NA,NA,NA,NA,NA,NA,5.716459793859621,-11.353860887334337,0.7624201172916987,5.716459793859621,-11.353860887334337
IU,2024-03-03,NA,NA,NA,NA,NA,NA,NA,NA,6.165712321738819,-11.61779873698246,0.7594202671826296,6.165712321738819,-11.61779873698246
IU,2024-03-04,NA,NA,NA,NA,NA,NA,NA,NA,5.370034128174003,-10.275538292398076,0.8121417588707834,5.370034128174003,-10.275538292398076
IU,2024-03-05,NA,NA,NA,NA,NA,NA,NA,NA,4.133250061305217,-11.486967468402488,0.8963864478878331,4.133250061305217,-11.486967468402488
IU,2024-03-06,NA,NA,NA,NA,NA,NA,NA,NA,3.7690696445814056,-9.600611595360798,0.898634620058122,3.7690696445814056,-9.600611595360798
IU,2024-03-07,NA,NA,NA,NA,NA,NA,NA,NA,4.664985912306788,-10.060324576874256,0.8634672515824977,4.664985912306788,-10.060324576874256
IU,2024-03-08,NA,NA,NA,NA,NA,NA,NA,NA,4.73995283353558,-10.200693584958175,0.8445329388210979,4.73995283353558,-10.200693584958175
IU,2024-03-09,NA,NA,NA,NA,NA,NA,NA,NA,4.167544252296158,-10.38412059693511,0.8858974865723596,4.167544252296158,-10.38412059693511
IU,2024-03-10,NA,NA,NA,NA,NA,NA,NA,NA,5.580962743407435,-10.187058154456784,0.8178169337149946,5.580962743407435,-10.187058154456784
IU,2024-03-11,NA,NA,NA,NA,NA,NA,NA,NA,5.12672055175969,-10.058233299246778,0.882649072167762,5.12672055175969,-10.058233299246778
IU,2024-03-12,NA,NA,NA,NA,NA,NA,NA,NA,5.044082706489528,-10.901917689430498,0.840018439110039,5.044082706489528,-10.901917689430498
IU,2024-03-13,NA,NA,NA,NA,NA,NA,NA,NA,5.282087196606417,-10.724565306764454,0.8075482666509579,5.282087196606417,-10.724565306764454
IU,2024-03-14,NA,NA,NA,NA,NA,NA,NA,NA,6.131803751936241,-11.156801261417492,0.7109483087410581,6.131803751936241,-11.156801261417492
IU,2024-03-15,NA,NA,NA,NA,NA,NA,NA,NA,6.29540098850372,-11.762392134368302,0.704356282932086,6.29540098850372,-11.762392134368302
IU,2024-03-16,NA,NA,NA,NA,NA,NA,NA,NA,5.250348607578847,-11.034608829507896,0.6965335293803424,5.250348607578847,-11.034608829507896
IU,2024-03-17,NA,NA,NA,NA,NA,NA,NA,NA,6.671539921633586,-12.041543362144806,0.6408254892145832,6.671539921633586,-12.041543362144806
IU,2024-03-18,NA,NA,NA,NA,NA,NA,NA,NA,3.910396344292893,-10.18216413396625,0.7249116094522505,3.910396344292893,-10.18216413396625
IU,2024-03-19,NA,NA,NA,NA,NA,NA,NA,NA,7.1193820969591375,-11.715604435363325,0.7069331765661339,7.1193820969591375,-11.715604435363325
IU,2024-03-20,NA,NA,NA,NA,NA,NA,NA,NA,6.0201318800058115,-11.627605532853751,0.7017888317837687,6.0201318800058115,-11.627605532853751
IU,2024-03-21,NA,NA,NA,NA,NA,NA,NA,NA,6.473754104388262,-11.967891805120528,0.6712419666063844,6.473754104388262,-11.967891805120528
IU,2024-03-22,NA,NA,NA,NA,NA,NA,NA,NA,2.6250871073579094,-12.354055227254351,0.7168272851777029,2.6250871073579094,-12.354055227254351
IU,2024-03-23,NA,NA,NA,NA,NA,NA,NA,NA,5.7882462254124265,-11.647977808327637,0.6682244160557067,5.7882462254124265,-11.647977808327637
IU,2024-03-24,NA,NA,NA,NA,NA,NA,NA,NA,6.47313208589843,-11.513762340064632,0.6786777798402344,6.47313208589843,-11.513762340064632
IU,2024-03-25,NA,NA,NA,NA,NA,NA,NA,NA,6.303213380996203,-11.99889950266616,0.6609732395499943,6.303213380996203,-11.99889950266616
IU,2024-03-26,NA,NA,NA,NA,NA,NA,NA,NA,7.0777170295016445,-12.956850680499173,0.621178973714152,7.0777170295016445,-12.956850680499173
IU,2024-03-27,NA,NA,NA,NA,NA,NA,NA,NA,2.7117111014161237,-11.844545851091816,0.7343425884887,2.7117111014161237,-11.844545851091816
IU,2024-03-28,NA,NA,NA,NA,NA,NA,NA,NA,6.196241358407648,-12.11940656566952,0.6600054417406427,6.196241358407648,-12.11940656566952
IU,2024-03-29,NA,NA,NA,NA,NA,NA,NA,NA,6.648633506758968,-12.231310526008096,0.6803668897230467,6.648633506758968,-12.231310526008096
IU,2024-03-30,NA,NA,NA,NA,NA,NA,NA,NA,6.167019520383454,-12.893995880013213,0.6666666898808997,6.167019520383454,-12.893995880013213
IU,2024-03-31,NA,NA,NA,NA,NA,NA,NA,NA,6.885107633661927,-12.562440262486485,0.6521391399089094,6.885107633661927,-12.562440262486485
IU,2024-04-01,NA,NA,NA,NA,NA,NA,NA,NA,6.986869125795803,-12.42162265360306,0.588093648516948,6.986869125795803,-12.42162265360306
IU,2024-04-02,NA,NA,NA,NA,NA,NA,NA,NA,6.552023612726473,-12.39577115920472,0.5612754294007275,6.552023612726473,-12.39577115920472
IU,2024-04-03,NA,NA,NA,NA,NA,NA,NA,NA,3.778310748370145,-14.025340585529106,0.6051541751290417,3.778310748370145,-14.025340585529106
IU,2024-04-04,NA,NA,NA,NA,NA,NA,NA,NA,6.896623323943925,-11.68828784088154,0.5761649274799662,6.896623323943925,-11.68828784088154
IU,2024-04-05,NA,NA,NA,NA,NA,NA,NA,NA,6.175684126316035,-12.596397198530196,0.5702417128605387,6.175684126316035,-12.596397198530196
IU,2024-04-06,NA,NA,NA,NA,NA,NA,NA,NA,6.433437737158731,-12.05385236091409,0.5554770265527483,6.433437737158731,-12.05385236091409
IU,2024-04-07,NA,NA,NA,NA,NA,NA,NA,NA,5.954860348834469,-12.695991905232574,0.5602511723408488,5.954860348834469,-12.695991905232574
IU,2024-04-08,NA,NA,NA,NA,NA,NA,NA,NA,6.481222415578002,-12.791364353170126,0.5136539935817274,6.481222415578002,-12.791364353170126
IU,2024-04-09,NA,NA,NA,NA,NA,NA,NA,NA,5.130529710766823,-11.34659958352114,0.5211064931369221,5.130529710766823,-11.34659958352114
IU,2024-04-10,NA,NA,NA,NA,NA,NA,NA,NA,7.09172555521766,-14.57479034983816,0.46574763263781,7.09172555521766,-14.57479034983816
IU,2024-04-11,NA,NA,NA,NA,NA,NA,NA,NA,3.6865739384710614,-10.149614966339124,0.525597930629336,3.6865739384710614,-10.149614966339124
IU,2024-04-12,NA,NA,NA,NA,NA,NA,NA,NA,6.128295886947564,-12.17828358788892,0.4912151160565077,6.128295886947564,-12.17828358788892
IU,2024-04-13,NA,NA,NA,NA,NA,NA,NA,NA,5.9031911602261475,-11.96173881740493,0.5172292475491437,5.9031911602261475,-11.96173881740493
IU,2024-04-14,NA,NA,NA,NA,NA,NA,NA,NA,3.485658315070149,-11.642712362228748,0.5420445167003273,3.485658315070149,-11.642712362228748
IU,2024-04-15,NA,NA,NA,NA,NA,NA,NA,NA,2.16577796576618,-12.159634139570567,0.5228780776978389,2.16577796576618,-12.159634139570567
IU,2024-04-16,NA,NA,NA,NA,NA,NA,NA,NA,1.3771234822175364,-15.556364772861125,0.5006679792212445,1.3771234822175364,-15.556364772861125
IU,2024-04-17,NA,NA,NA,NA,NA,NA,NA,NA,0.9561766575103532,-16.167575262291606,0.46772705243367535,0.9561766575103532,-16.167575262291606
IU,2024-04-18,NA,NA,NA,NA,NA,NA,NA,NA,0.8730031500054769,-16.350989911041204,0.4318676801045959,0.8730031500054769,-16.350989911041204
IU,2024-04-19,NA,NA,NA,NA,NA,NA,NA,NA,1.2977731952222478,-16.60056697218413,0.3967285275966778,1.2977731952222478,-16.60056697218413
IU,2024-04-20,NA,NA,NA,NA,NA,NA,NA,NA,2.764891065999904,-16.76225785344477,0.3740560572527125,2.764891065999904,-16.76225785344477
IU,2024-04-21,NA,NA,NA,NA,NA,NA,NA,NA,6.187912525243655,-19.231299673647467,0.3245730212159737,6.187912525243655,-19.231299673647467
IU,2024-04-22,NA,NA,NA,NA,NA,NA,NA,NA,8.843692456345922,-16.80926125413667,0.3656350502650467,8.843692456345922,-16.80926125413667
IU,2024-04-23,NA,NA,NA,NA,NA,NA,NA,NA,9.90479473773,-18.567776727405885,0.3443527446188669,9.90479473773,-18.567776727405885
IU,2024-04-24,NA,NA,NA,NA,NA,NA,NA,NA,9.201553475148591,-19.651153638549506,0.32677430799434537,9.201553475148591,-19.651153638549506
IU,2024-04-25,NA,NA,NA,NA,NA,NA,NA,NA,9.55719988553314,-19.89627035828707,0.3245547502364245,9.55719988553314,-19.89627035828707
IU,2024-04-26,NA,NA,NA,NA,NA,NA,NA,NA,6.683574014596093,-17.705724329474997,0.3550849448576162,6.683574014596093,-17.705724329474997
IU,2024-04-27,NA,NA,NA,NA,NA,NA,NA,NA,2.8881646921710376,-16.065093452841236,0.3953247759436682,2.8881646921710376,-16.065093452841236
IU,2024-04-28,NA,NA,NA,NA,NA,NA,NA,NA,1.950432549486534,-13.556003017779016,0.4772919578014974,1.950432549486534,-13.556003017779016
IU,2024-04-29,NA,NA,NA,NA,NA,NA,NA,NA,0.903148090679142,-13.46143979486064,0.47532167818686993,0.903148090679142,-13.46143979486064
IU,2024-04-30,NA,NA,NA,NA,NA,NA,NA,NA,0.6339639155668572,-12.855471946964068,0.46338807193699966,0.6339639155668572,-12.855471946964068
IU,2024-05-01,NA,NA,NA,NA,NA,NA,NA,NA,0.6771051321467374,-13.297454834816836,0.4521850182115605,0.6771051321467374,-13.297454834816836
IU,2024-05-02,NA,NA,NA,NA,NA,NA,NA,NA,0.9490160393234204,-14.006171565352089,0.4412779370945866,0.9490160393234204,-14.006171565352089
IU,2024-05-03,NA,NA,NA,NA,NA,NA,NA,NA,1.1372120073957177,-8.304415153319724,0.44044291487884063,1.1372120073957177,-8.304415153319724
IU,2024-05-04,NA,NA,NA,NA,NA,NA,NA,NA,2.437888514438315,-15.939266569347536,0.4354020093523374,2.437888514438315,-15.939266569347536
IU,2024-05-05,NA,NA,NA,NA,NA,NA,NA,NA,2.7874834766264547,-10.918534357995728,0.45637559047925014,2.7874834766264547,-10.918534357995728
IU,2024-05-06,NA,NA,NA,NA,NA,NA,NA,NA,5.279387034571465,-9.039959464746437,0.41605263450178515,5.279387034571465,-9.039959464746437
IU,2024-05-07,NA,NA,NA,NA,NA,NA,NA,NA,7.053909279373341,-12.779465116044838,0.4050242729020405,7.053909279373341,-12.779465116044838
IU,2024-05-08,NA,NA,NA,NA,NA,NA,NA,NA,9.1894872246399,-13.159003910739877,0.3897181059285671,9.1894872246399,-13.159003910739877
IU,2024-05-09,NA,NA,NA,NA,NA,NA,NA,NA,9.05416232726882,-12.163000458798344,0.4188896903806757,9.05416232726882,-12.163000458798344
IU,2024-05-10,NA,NA,NA,NA,NA,NA,NA,NA,2.5571868990930233,-10.683556748629226,0.5912371155375266,2.5571868990930233,-10.683556748629226
IU,2024-05-11,NA,NA,NA,NA,NA,NA,NA,NA,10.514886972249412,-14.11567693077737,0.437719656334541,10.514886972249412,-14.11567693077737
IU,2024-05-12,NA,NA,NA,NA,NA,NA,NA,NA,5.988991879397141,-10.73363840559536,0.5784932090558497,5.988991879397141,-10.73363840559536
IU,2024-05-13,NA,NA,NA,NA,NA,NA,NA,NA,9.229727630471876,-16.052124692753008,0.5271841310478628,9.229727630471876,-16.052124692753008
IU,2024-05-14,NA,NA,NA,NA,NA,NA,NA,NA,7.812573544465455,-12.024298810699934,0.5389141786094526,7.812573544465455,-12.024298810699934
IU,2024-05-15,NA,NA,NA,NA,NA,NA,NA,NA,7.625240155363168,-11.99429664886474,0.5488223029208626,7.625240155363168,-11.99429664886474
IU,2024-05-16,NA,NA,NA,NA,NA,NA,NA,NA,9.71159583893199,-13.536206705513184,0.4974502341286181,9.71159583893199,-13.536206705513184
IU,2024-05-17,NA,NA,NA,NA,NA,NA,NA,NA,3.887422836515517,-10.18624639205084,0.62765515886037,3.887422836515517,-10.18624639205084
IU,2024-05-18,NA,NA,NA,NA,NA,NA,NA,NA,8.981027897132552,-12.833882765756078,0.5018335096071833,8.981027897132552,-12.833882765756078
IU,2024-05-19,NA,NA,NA,NA,NA,NA,NA,NA,8.594317019252294,-12.31532776912354,0.4667630735972153,8.594317019252294,-12.31532776912354
IU,2024-05-20,NA,NA,NA,NA,NA,NA,NA,NA,8.011663898602027,-10.45476592377739,0.4732660582504974,8.011663898602027,-10.45476592377739
IU,2024-05-21,NA,NA,NA,NA,NA,NA,NA,NA,7.617564951584316,-11.746649353820445,0.466019265959659,7.617564951584316,-11.746649353820445
IU,2024-05-22,NA,NA,NA,NA,NA,NA,NA,NA,5.83957149687848,-9.460795450600754,0.4720101535866563,5.83957149687848,-9.460795450600754
IU,2024-05-23,NA,NA,NA,NA,NA,NA,NA,NA,4.1848806736167825,-9.506808428027275,0.4826113540907509,4.1848806736167825,-9.506808428027275
IU,2024-05-24,NA,NA,NA,NA,NA,NA,NA,NA,2.4539338918048883,-7.669697795100984,0.4856691697731933,2.4539338918048883,-7.669697795100984
IU,2024-05-25,NA,NA,NA,NA,NA,NA,NA,NA,1.3814890658325392,-9.602297703680131,0.49879712203508875,1.3814890658325392,-9.602297703680131
IU,2024-05-26,NA,NA,NA,NA,NA,NA,NA,NA,0.9223567894463208,-9.390693223428777,0.4834821249099374,0.9223567894463208,-9.390693223428777
IU,2024-05-27,NA,NA,NA,NA,NA,NA,NA,NA,0.6591373475953485,-14.132629694407491,0.5216182209329159,0.6591373475953485,-14.132629694407491
IU,2024-05-28,NA,NA,NA,NA,NA,NA,NA,NA,0.5585561230260325,-14.067211607284742,0.488326444369604,0.5585561230260325,-14.067211607284742
IU,2024-05-29,NA,NA,NA,NA,NA,NA,NA,NA,0.535037947958275,-11.56754665644628,0.47990827575135847,0.535037947958275,-11.56754665644628
IU,2024-05-30,NA,NA,NA,NA,NA,NA,NA,NA,0.5752477336805194,-12.049180336335343,0.4913737927738963,0.5752477336805194,-12.049180336335343
IU,2024-05-31,NA,NA,NA,NA,NA,NA,NA,NA,0.5810928171669029,-10.384449747003003,0.474526600449889,0.5810928171669029,-10.384449747003003
IU,2024-06-01,NA,NA,NA,NA,NA,NA,NA,NA,0.684402820048786,-8.954034581790415,0.46591631600807903,0.684402820048786,-8.954034581790415
IU,2024-06-02,NA,NA,NA,NA,NA,NA,NA,NA,0.6424412237243514,-16.746809565270695,0.5110954772517934,0.6424412237243514,-16.746809565270695
IU,2024-06-03,NA,NA,NA,NA,NA,NA,NA,NA,0.9840741737277858,-9.38876108207734,0.4736990739909435,0.9840741737277858,-9.38876108207734
IU,2024-06-04,NA,NA,NA,NA,NA,NA,NA,NA,1.5265591687605018,-8.876038022042724,0.4420551502304521,1.5265591687605018,-8.876038022042724
IU,2024-06-05,NA,NA,NA,NA,NA,NA,NA,NA,1.7280003428776247,-10.772399700202447,0.4492563374115437,1.7280003428776247,-10.772399700202447
IU,2024-06-06,NA,NA,NA,NA,NA,NA,NA,NA,2.0649918257019664,-8.306011408885341,0.4459436313997977,2.0649918257019664,-8.306011408885341
IU,2024-06-07,NA,NA,NA,NA,NA,NA,NA,NA,3.505638701630938,-11.039883431861092,0.4288744509891972,3.505638701630938,-11.039883431861092
IU,2024-06-08,NA,NA,NA,NA,NA,NA,NA,NA,5.929517259238603,-12.358817399705694,0.4034374083358013,5.929517259238603,-12.358817399705694
IU,2024-06-09,NA,NA,NA,NA,NA,NA,NA,NA,7.503324715268077,-12.113453726564028,0.3914998351862799,7.503324715268077,-12.113453726564028
IU,2024-06-10,NA,NA,NA,NA,NA,NA,NA,NA,9.467306759757165,-12.553285784376463,0.3981336106756884,9.467306759757165,-12.553285784376463
IU,2024-06-12,NA,NA,NA,NA,NA,NA,NA,NA,12.11800219766702,-15.41661112038008,0.3961404523231808,12.11800219766702,-15.41661112038008
IU,2024-06-13,NA,NA,NA,NA,NA,NA,NA,NA,11.0203625671694,-13.405206931389143,0.47426040435328226,11.0203625671694,-13.405206931389143
IU,2024-06-14,NA,NA,NA,NA,NA,NA,NA,NA,10.565763449597076,-13.635809081130532,0.5188688328685618,10.565763449597076,-13.635809081130532
IU,2024-06-15,NA,NA,NA,NA,NA,NA,NA,NA,8.069087459544905,-12.415308097164608,0.6271581093407781,8.069087459544905,-12.415308097164608
IU,2024-06-16,NA,NA,NA,NA,NA,NA,NA,NA,9.12893949820579,-14.428910337485734,0.5819356907409929,9.12893949820579,-14.428910337485734
IU,2024-06-17,NA,NA,NA,NA,NA,NA,NA,NA,7.973284497180856,-11.086067757930495,0.7250744629088938,7.973284497180856,-11.086067757930495
IU,2024-06-19,NA,NA,NA,NA,NA,NA,NA,NA,7.130419228923697,-11.038660226247677,0.7794564245823351,7.130419228923697,-11.038660226247677
IU,2024-06-20,NA,NA,NA,NA,NA,NA,NA,NA,6.796955463146008,-10.997815082188977,0.7858493177536684,6.796955463146008,-10.997815082188977
IU,2024-06-21,NA,NA,NA,NA,NA,NA,NA,NA,6.15817173603443,-10.621317799164022,0.8513503505843268,6.15817173603443,-10.621317799164022
IU,2024-06-22,NA,NA,NA,NA,NA,NA,NA,NA,6.274493234165779,-10.83999392822612,0.8556471618651572,6.274493234165779,-10.83999392822612
IU,2024-06-23,NA,NA,NA,NA,NA,NA,NA,NA,5.76954588506719,-10.585729454065175,0.8982405057781617,5.76954588506719,-10.585729454065175
IU,2024-06-25,NA,NA,NA,NA,NA,NA,NA,NA,6.429992774197362,-11.192096467969304,0.894414469049863,6.429992774197362,-11.192096467969304
IU,2024-06-26,NA,NA,NA,NA,NA,NA,NA,NA,5.853935236727467,-11.325698246971466,0.9385616722305428,5.853935236727467,-11.325698246971466
IU,2024-06-27,NA,NA,NA,NA,NA,NA,NA,NA,5.0287743596548475,-10.211337229681488,0.9944953129103375,5.0287743596548475,-10.211337229681488
IU,2024-06-28,NA,NA,NA,NA,NA,NA,NA,NA,4.83202013399791,-10.808786831418953,1.0065012051148778,4.83202013399791,-10.808786831418953
IU,2024-06-29,NA,NA,NA,NA,NA,NA,NA,NA,5.249245281430801,-10.40590498325862,0.964123970750226,5.249245281430801,-10.40590498325862
IU,2024-06-30,NA,NA,NA,NA,NA,NA,NA,NA,5.019859012007471,-10.005844782398595,0.9715299644417158,5.019859012007471,-10.005844782398595
IU,2024-07-01,NA,NA,NA,NA,NA,NA,NA,NA,5.123716207824923,-10.536211145203204,0.993102553363546,5.123716207824923,-10.536211145203204
IU,2024-07-02,NA,NA,NA,NA,NA,NA,NA,NA,4.846455027906848,-10.062027528839394,0.997194955642304,4.846455027906848,-10.062027528839394
IU,2024-07-03,NA,NA,NA,NA,NA,NA,NA,NA,4.461342127051157,-9.986529678940354,1.0139911518923352,4.461342127051157,-9.986529678940354
IU,2024-07-04,NA,NA,NA,NA,NA,NA,NA,NA,4.5935635631234835,-9.674274153476988,1.0398656031945903,4.5935635631234835,-9.674274153476988
IU,2024-07-05,NA,NA,NA,NA,NA,NA,NA,NA,4.220156959358804,-9.863727059085535,1.0674567966892283,4.220156959358804,-9.863727059085535
IU,2024-07-06,NA,NA,NA,NA,NA,NA,NA,NA,4.022255688778627,-9.506633476850933,1.0827896195408455,4.022255688778627,-9.506633476850933
IU,2024-07-07,NA,NA,NA,NA,NA,NA,NA,NA,4.683155057778834,-10.669188478370913,1.035964856941052,4.683155057778834,-10.669188478370913
IU,2024-07-08,NA,NA,NA,NA,NA,NA,NA,NA,4.851142327394178,-10.294908051981023,1.02196252049043,4.851142327394178,-10.294908051981023
IU,2024-07-09,NA,NA,NA,NA,NA,NA,NA,NA,4.479209593507469,-9.625174808052654,1.079707383870094,4.479209593507469,-9.625174808052654
IU,2024-07-10,NA,NA,NA,NA,NA,NA,NA,NA,4.813799662626832,-10.242362606864845,1.0028821509629,4.813799662626832,-10.242362606864845
IU,2024-07-11,NA,NA,NA,NA,NA,NA,NA,NA,4.345306719915142,-9.153010935735471,1.0596561667665705,4.345306719915142,-9.153010935735471
IU,2024-07-12,NA,NA,NA,NA,NA,NA,NA,NA,4.057979126873815,-9.394113895043846,1.084615090608041,4.057979126873815,-9.394113895043846
IU,2024-07-13,NA,NA,NA,NA,NA,NA,NA,NA,4.372157004701888,-9.649461121637572,1.0558050943833424,4.372157004701888,-9.649461121637572
IU,2024-07-14,NA,NA,NA,NA,NA,NA,NA,NA,4.210023995101186,-9.74591335894509,1.0671925347142408,4.210023995101186,-9.74591335894509
IU,2024-07-15,NA,NA,NA,NA,NA,NA,NA,NA,4.351252164619013,-9.902871786002809,1.0547965948920994,4.351252164619013,-9.902871786002809
IU,2024-07-16,NA,NA,NA,NA,NA,NA,NA,NA,3.7927580185995673,-9.21098169526482,1.122438315467268,3.7927580185995673,-9.21098169526482
IU,2024-07-17,NA,NA,NA,NA,NA,NA,NA,NA,3.483664549703727,-9.19439509587158,1.1088320652992896,3.483664549703727,-9.19439509587158
IU,2024-07-18,NA,NA,NA,NA,NA,NA,NA,NA,3.9381312434300537,-10.138261415952432,1.10449994136159,3.9381312434300537,-10.138261415952432
IU,2024-07-19,NA,NA,NA,NA,NA,NA,NA,NA,4.140601593330021,-9.389104571282736,1.1091579250917003,4.140601593330021,-9.389104571282736
IU,2024-07-20,NA,NA,NA,NA,NA,NA,NA,NA,3.85159147360729,-9.620280289140789,1.1231295503092094,3.85159147360729,-9.620280289140789
IU,2024-07-21,NA,NA,NA,NA,NA,NA,NA,NA,4.132286878596134,-9.302247427235114,1.1118878266064776,4.132286878596134,-9.302247427235114
IU,2024-07-22,NA,NA,NA,NA,NA,NA,NA,NA,4.085540946844239,-10.005545788837171,1.126737920451968,4.085540946844239,-10.005545788837171
IU,2024-07-23,NA,NA,NA,NA,NA,NA,NA,NA,4.035048552765405,-9.547898119496953,1.1221264500995105,4.035048552765405,-9.547898119496953
IU,2024-07-24,NA,NA,NA,NA,NA,NA,NA,NA,4.163883041259747,-10.510570718876115,1.0770033781652064,4.163883041259747,-10.510570718876115
IU,2024-07-25,NA,NA,NA,NA,NA,NA,NA,NA,3.8208038720059863,-9.639528680181025,1.1455860922940126,3.8208038720059863,-9.639528680181025
IU,2024-07-26,NA,NA,NA,NA,NA,NA,NA,NA,3.978855203092908,-9.94840092279052,1.1363353618685894,3.978855203092908,-9.94840092279052
IU,2024-07-27,NA,NA,NA,NA,NA,NA,NA,NA,3.876423536604483,-10.27691674809933,1.0914230657114723,3.876423536604483,-10.27691674809933
IU,2024-07-28,NA,NA,NA,NA,NA,NA,NA,NA,3.923071412954555,-9.959784210876744,1.1713931691195771,3.923071412954555,-9.959784210876744
IU,2024-07-29,NA,NA,NA,NA,NA,NA,NA,NA,3.7786667140222816,-9.69945281060513,1.1473578551994503,3.7786667140222816,-9.69945281060513
IU,2024-07-30,NA,NA,NA,NA,NA,NA,NA,NA,4.246880161657461,-10.401948610694127,1.088392302685372,4.246880161657461,-10.401948610694127
IU,2024-07-31,NA,NA,NA,NA,NA,NA,NA,NA,3.946820531175002,-9.63114687235272,1.1316802211585408,3.946820531175002,-9.63114687235272
IU,2024-08-01,NA,NA,NA,NA,NA,NA,NA,NA,3.879948360877414,-9.690056689896412,1.0968510873020632,3.879948360877414,-9.690056689896412
IU,2024-08-02,NA,NA,NA,NA,NA,NA,NA,NA,4.508962507520379,-11.324526229114817,1.0125982176131691,4.508962507520379,-11.324526229114817
IU,2024-08-03,NA,NA,NA,NA,NA,NA,NA,NA,3.5202323008586927,-9.741520049891976,1.0660242649603235,3.5202323008586927,-9.741520049891976
IU,2024-08-04,NA,NA,NA,NA,NA,NA,NA,NA,3.744162179285966,-9.717453844193937,1.0574116562336378,3.744162179285966,-9.717453844193937
IU,2024-08-05,NA,NA,NA,NA,NA,NA,NA,NA,4.623161578301352,-13.526812071855227,0.7560764479661238,4.623161578301352,-13.526812071855227
IU,2024-08-06,NA,NA,NA,NA,NA,NA,NA,NA,3.3300276591298417,-11.931376926293929,0.7491631016512776,3.3300276591298417,-11.931376926293929
LF,2022-05-18,NA,NA,NA,NA,NA,NA,NA,NA,2.7891814160670267,-19.704678554674583,4.124617179460363,2.7891814160670267,-19.704678554674583
LF,2022-11-09,NA,NA,NA,NA,NA,NA,NA,NA,3.1364227213105877,-10.790503594272971,12.050910091165044,3.1364227213105877,-10.790503594272971
LF,2022-11-18,NA,NA,NA,NA,NA,NA,NA,NA,2.3688171377373135,-8.735027727914368,12.104528461542102,2.3688171377373135,-8.735027727914368
LF,2023-04-06,NA,NA,NA,NA,NA,NA,NA,NA,7.085843182580745,-23.45555219363202,5.3556914736967425,7.085843182580745,-23.45555219363202
LF,2024-04-20,NA,NA,NA,NA,NA,NA,NA,NA,1.9682669854588144,-21.996653661206796,2.368953713552288,1.9682669854588144,-21.996653661206796
LF,2024-04-21,NA,NA,NA,NA,NA,NA,NA,NA,0.1982049657846946,-15.022770847079284,1.6022440130798226,0.1982049657846946,-15.022770847079284
LF,2024-04-22,NA,NA,NA,NA,NA,NA,NA,NA,0.2316204187915675,-14.615816732530371,1.378370223417159,0.2316204187915675,-14.615816732530371
LF,2024-04-23,NA,NA,NA,NA,NA,NA,NA,NA,0.41550004957030434,-14.448636344910234,1.3170484859739342,0.41550004957030434,-14.448636344910234
LF,2024-04-24,NA,NA,NA,NA,NA,NA,NA,NA,0.30117299584118007,-14.53826813446403,1.2662601789846393,0.30117299584118007,-14.53826813446403
LF,2024-04-25,NA,NA,NA,NA,NA,NA,NA,NA,0.30561086732267895,-14.314957694382008,1.213745244257978,0.30561086732267895,-14.314957694382008
LF,2024-04-26,NA,NA,NA,NA,NA,NA,NA,NA,0.2469826474096024,-14.445691419619257,1.2304064297848087,0.2469826474096024,-14.445691419619257
LF,2024-04-27,NA,NA,NA,NA,NA,NA,NA,NA,1.7355793511915647,-14.54355745106636,1.0035518816208358,1.7355793511915647,-14.54355745106636
LF,2024-04-28,NA,NA,NA,NA,NA,NA,NA,NA,1.0625145557226754,-15.21754383809943,1.155571083909868,1.0625145557226754,-15.21754383809943
LF,2024-04-29,NA,NA,NA,NA,NA,NA,NA,NA,1.807161568064121,-13.097380834595386,0.8110633780109252,1.807161568064121,-13.097380834595386
LF,2024-04-30,NA,NA,NA,NA,NA,NA,NA,NA,1.3110260382147685,-14.931578296529002,1.0463955828524012,1.3110260382147685,-14.931578296529002
LF,2024-05-01,NA,NA,NA,NA,NA,NA,NA,NA,3.759620127734424,-18.997797989203605,1.1093098569384612,3.759620127734424,-18.997797989203605
LF,2024-05-25,NA,NA,NA,NA,NA,NA,NA,NA,2.3458014854852585,-3.385786745493732,0.4810068407724912,2.3458014854852585,-3.385786745493732
LF,2024-05-26,NA,NA,NA,NA,NA,NA,NA,NA,0.6405948389517656,-13.870382659978596,1.7062515516145258,0.6405948389517656,-13.870382659978596
LF,2024-05-27,NA,NA,NA,NA,NA,NA,NA,NA,1.8910645054551232,-15.07607352107294,1.667241922865478,1.8910645054551232,-15.07607352107294
LF,2024-05-28,NA,NA,NA,NA,NA,NA,NA,NA,1.3747327093627972,-14.126678397434686,1.5016645946841638,1.3747327093627972,-14.126678397434686
LF,2024-05-30,NA,NA,NA,NA,NA,NA,NA,NA,1.8342575288686545,-15.900554744724037,1.526668981948014,1.8342575288686545,-15.900554744724037
LF,2024-06-03,NA,NA,NA,NA,NA,NA,NA,NA,1.7680031987894864,-15.065161469239907,1.337428297683384,1.7680031987894864,-15.065161469239907
LF,2024-06-04,NA,NA,NA,NA,NA,NA,NA,NA,0.7965987015475972,-14.833039724786568,1.358188457760374,0.7965987015475972,-14.833039724786568
OS,2022-07-27,NA,NA,NA,NA,NA,NA,NA,NA,5.032174127564958,-6.633560428564511,0.614958823114776,5.032174127564958,-6.633560428564511
OS,2022-07-30,NA,NA,NA,NA,NA,NA,NA,NA,7.801583240243508,-8.813397515627447,0.6149472696789742,7.801583240243508,-8.813397515627447
OS,2022-07-31,NA,NA,NA,NA,NA,NA,NA,NA,6.628569908859005,-8.549827815033554,0.6156308072435687,6.628569908859005,-8.549827815033554
OS,2022-08-01,NA,NA,NA,NA,NA,NA,NA,NA,6.523837321443669,-7.9459168615174995,0.6144139584875958,6.523837321443669,-7.9459168615174995
OS,2022-08-02,NA,NA,NA,NA,NA,NA,NA,NA,7.952437555254268,-9.37069656498749,0.6139910525963023,7.952437555254268,-9.37069656498749
OS,2022-08-03,NA,NA,NA,NA,NA,NA,NA,NA,7.341728853955035,-9.244791490211918,0.6154085952448921,7.341728853955035,-9.244791490211918
OS,2022-08-04,NA,NA,NA,NA,NA,NA,NA,NA,7.886502100559766,-10.894185458824838,0.6143668139211061,7.886502100559766,-10.894185458824838
OS,2022-08-05,NA,NA,NA,NA,NA,NA,NA,NA,10.442214091300537,-13.379557312840282,0.6134183953813077,10.442214091300537,-13.379557312840282
OS,2022-08-06,NA,NA,NA,NA,NA,NA,NA,NA,8.756741989022412,-12.20935468622722,0.6146451863161925,8.756741989022412,-12.20935468622722
OS,2022-08-31,NA,NA,NA,NA,NA,NA,NA,NA,3.1819390135617533,-5.511411446286004,0.6141127822053303,3.1819390135617533,-5.511411446286004
OS,2022-09-01,NA,NA,NA,NA,NA,NA,NA,NA,2.7874873135082026,-7.467775950329664,0.6149371013395989,2.7874873135082026,-7.467775950329664
OS,2022-09-03,NA,NA,NA,NA,NA,NA,NA,NA,1.8371331646733648,-8.504413290261711,0.6153281073489848,1.8371331646733648,-8.504413290261711
OS,2022-09-04,NA,NA,NA,NA,NA,NA,NA,NA,1.80063376519874,-8.792229827509832,0.6149318093200024,1.80063376519874,-8.792229827509832
OS,2022-09-05,NA,NA,NA,NA,NA,NA,NA,NA,1.5614615781963177,-7.772290085233745,0.614848670711239,1.5614615781963177,-7.772290085233745
OS,2022-09-06,NA,NA,NA,NA,NA,NA,NA,NA,1.4495058706145707,-7.7696819868406735,0.6146805005626846,1.4495058706145707,-7.7696819868406735
OS,2022-09-07,NA,NA,NA,NA,NA,NA,NA,NA,1.7080454139801184,-9.326175546182943,0.6150588952585364,1.7080454139801184,-9.326175546182943
OS,2022-09-08,NA,NA,NA,NA,NA,NA,NA,NA,1.9699930420367509,-10.611237319732478,0.6136341455911832,1.9699930420367509,-10.611237319732478
OS,2022-09-09,NA,NA,NA,NA,NA,NA,NA,NA,2.5593792504223436,-9.877983932926805,0.6142828675128805,2.5593792504223436,-9.877983932926805
OS,2022-09-10,NA,NA,NA,NA,NA,NA,NA,NA,1.8018235650355523,-9.377689358140378,0.6152498734054946,1.8018235650355523,-9.377689358140378
OS,2022-09-11,NA,NA,NA,NA,NA,NA,NA,NA,2.124710119366746,-9.9381449284740615,0.6148869274279873,2.124710119366746,-9.9381449284740615
OS,2022-09-12,NA,NA,NA,NA,NA,NA,NA,NA,1.7018051950539406,-9.66954267077009,0.6141268125622863,1.7018051950539406,-9.66954267077009
OS,2022-09-13,NA,NA,NA,NA,NA,NA,NA,NA,2.4022990845709766,-10.692204352477328,0.6145957276202084,2.4022990845709766,-10.692204352477328
OS,2022-09-14,NA,NA,NA,NA,NA,NA,NA,NA,2.4145760493760084,-10.095501290250365,0.6145301011575347,2.4145760493760084,-10.095501290250365
OS,2022-09-15,NA,NA,NA,NA,NA,NA,NA,NA,2.7669166548058084,-9.851301981079756,0.6135103469540056,2.7669166548058084,-9.851301981079756
OS,2022-09-16,NA,NA,NA,NA,NA,NA,NA,NA,1.9466884201774677,-10.729153745083902,0.6152766615393006,1.9466884201774677,-10.729153745083902
OS,2022-09-17,NA,NA,NA,NA,NA,NA,NA,NA,1.97354610243245,-9.656043506328688,0.6142426908518346,1.97354610243245,-9.656043506328688
OS,2022-09-18,NA,NA,NA,NA,NA,NA,NA,NA,2.0315352376322418,-9.959612503751613,0.6132129123473722,2.0315352376322418,-9.959612503751613
OS,2022-09-19,NA,NA,NA,NA,NA,NA,NA,NA,1.8296540087170896,-10.305284108890492,0.6143761993996935,1.8296540087170896,-10.305284108890492
OS,2022-09-20,NA,NA,NA,NA,NA,NA,NA,NA,1.9334477791483704,-9.885659687003136,0.6135721508029075,1.9334477791483704,-9.885659687003136
OS,2022-09-21,NA,NA,NA,NA,NA,NA,NA,NA,1.727770895600083,-8.097697668605464,0.6147750186051145,1.727770895600083,-8.097697668605464
OS,2022-09-22,NA,NA,NA,NA,NA,NA,NA,NA,3.1224567631007156,-9.394646337457312,0.6143476504088354,3.1224567631007156,-9.394646337457312
OS,2022-09-23,NA,NA,NA,NA,NA,NA,NA,NA,1.7491549556701018,-8.686477437303585,0.6146321354948109,1.7491549556701018,-8.686477437303585
OS,2022-09-24,NA,NA,NA,NA,NA,NA,NA,NA,1.9899804315217924,-7.838920782267519,0.6152510588220245,1.9899804315217924,-7.838920782267519
OS,2022-09-25,NA,NA,NA,NA,NA,NA,NA,NA,1.3044600680231788,-6.861937271783304,0.6142552952276886,1.3044600680231788,-6.861937271783304
OS,2022-09-26,NA,NA,NA,NA,NA,NA,NA,NA,1.7287279642679827,-7.719179596919581,0.6155257484869479,1.7287279642679827,-7.719179596919581
OS,2022-09-27,NA,NA,NA,NA,NA,NA,NA,NA,6.135458456216169,-9.13543905166493,0.6159313924207099,6.135458456216169,-9.13543905166493
OS,2023-02-12,NA,NA,NA,NA,NA,NA,NA,NA,2.593779671758169,-5.98755046640556,0.6157805736539155,2.593779671758169,-5.98755046640556
OS,2023-02-16,NA,NA,NA,NA,NA,NA,NA,NA,5.659106179013012,-8.14309055137883,0.6133497930462828,5.659106179013012,-8.14309055137883
OS,2023-02-17,NA,NA,NA,NA,NA,NA,NA,NA,1.765889060763026,-4.5826173333984785,0.6150211716828693,1.765889060763026,-4.5826173333984785
OS,2023-02-22,NA,NA,NA,NA,NA,NA,NA,NA,0.41459931109457776,-9.798233752404965,0.6126626719092992,0.41459931109457776,-9.798233752404965
OS,2023-02-23,NA,NA,NA,NA,NA,NA,NA,NA,2.4850677726824406,-12.089449068954169,0.6128183924570413,2.4850677726824406,-12.089449068954169
OS,2023-02-24,NA,NA,NA,NA,NA,NA,NA,NA,2.04654772910533,-13.06772448565112,0.6126039487591894,2.04654772910533,-13.06772448565112
OS,2023-02-25,NA,NA,NA,NA,NA,NA,NA,NA,1.8531730485680291,-11.599229052260808,0.6127774312073135,1.8531730485680291,-11.599229052260808
OS,2023-02-26,NA,NA,NA,NA,NA,NA,NA,NA,1.6238108778590363,-10.899319285286362,0.6132655232796141,1.6238108778590363,-10.899319285286362
OS,2023-02-27,NA,NA,NA,NA,NA,NA,NA,NA,1.5111851553012663,-10.539245162846148,0.6138369757279758,1.5111851553012663,-10.539245162846148
OS,2023-02-28,NA,NA,NA,NA,NA,NA,NA,NA,1.524346636846263,-10.689266331321392,0.6137677826083744,1.524346636846263,-10.689266331321392
OS,2023-03-01,NA,NA,NA,NA,NA,NA,NA,NA,1.6335398678038648,-10.57642312598229,0.6142490600930068,1.6335398678038648,-10.57642312598229
OS,2023-03-02,NA,NA,NA,NA,NA,NA,NA,NA,1.497999455171647,-10.107525903797976,0.6150518656337207,1.497999455171647,-10.107525903797976
OS,2023-03-03,NA,NA,NA,NA,NA,NA,NA,NA,1.5920622300957945,-10.089703851011963,0.6130620445228878,1.5920622300957945,-10.089703851011963
OS,2023-03-04,NA,NA,NA,NA,NA,NA,NA,NA,1.5147266339584318,-10.077525529558011,0.6151040956434801,1.5147266339584318,-10.077525529558011
OS,2023-03-05,NA,NA,NA,NA,NA,NA,NA,NA,1.6302026814716797,-9.670361918385044,0.6143379205972035,1.6302026814716797,-9.670361918385044
OS,2023-03-06,NA,NA,NA,NA,NA,NA,NA,NA,1.359841125384161,-9.235341814055236,0.6156064518736113,1.359841125384161,-9.235341814055236
OS,2023-03-07,NA,NA,NA,NA,NA,NA,NA,NA,1.0358314049485071,-12.004636102597791,0.6141659820493233,1.0358314049485071,-12.004636102597791
OS,2023-03-25,NA,NA,NA,NA,NA,NA,NA,NA,2.8019763746196658,-5.293137329850799,0.6149228580302827,2.8019763746196658,-5.293137329850799
OS,2023-03-26,NA,NA,NA,NA,NA,NA,NA,NA,4.901389479159806,-7.985719766678019,0.6148921801587411,4.901389479159806,-7.985719766678019
OS,2023-03-27,NA,NA,NA,NA,NA,NA,NA,NA,6.379127951666356,-8.28202603536967,0.6137240800189673,6.379127951666356,-8.28202603536967
OS,2023-03-28,NA,NA,NA,NA,NA,NA,NA,NA,5.367253733355825,-10.246483788089376,0.6131529652721288,5.367253733355825,-10.246483788089376
OS,2023-06-27,NA,NA,NA,NA,NA,NA,NA,NA,2.4707232537236243,-6.906779485053188,0.6151619868496544,2.4707232537236243,-6.906779485053188
OS,2023-06-28,NA,NA,NA,NA,NA,NA,NA,NA,1.8380225490577748,-7.06112020773656,0.6159842745529023,1.8380225490577748,-7.06112020773656
OS,2023-06-29,NA,NA,NA,NA,NA,NA,NA,NA,1.6272555252223897,-7.459179234648204,0.6135100511717559,1.6272555252223897,-7.459179234648204
OS,2023-06-30,NA,NA,NA,NA,NA,NA,NA,NA,1.9246682583414116,-8.30487395114016,0.6142310338466348,1.9246682583414116,-8.30487395114016
OS,2023-07-01,NA,NA,NA,NA,NA,NA,NA,NA,2.043713144702647,-8.330988714829981,0.6148719587631841,2.043713144702647,-8.330988714829981
OS,2023-07-02,NA,NA,NA,NA,NA,NA,NA,NA,2.1649494207042985,-9.266843849473984,0.6149991587040562,2.1649494207042985,-9.266843849473984
OS,2023-07-03,NA,NA,NA,NA,NA,NA,NA,NA,1.742966270919757,-9.58993419544196,0.6154829021464727,1.742966270919757,-9.58993419544196
OS,2023-07-04,NA,NA,NA,NA,NA,NA,NA,NA,1.721432448924215,-9.032427525516487,0.6147599399268068,1.721432448924215,-9.032427525516487
OS,2023-07-05,NA,NA,NA,NA,NA,NA,NA,NA,1.9195802932740584,-9.46582014223668,0.6147278616255657,1.9195802932740584,-9.46582014223668
OS,2023-07-06,NA,NA,NA,NA,NA,NA,NA,NA,2.473753812319926,-8.254767396890415,0.6148849343615342,2.473753812319926,-8.254767396890415
OS,2023-07-07,NA,NA,NA,NA,NA,NA,NA,NA,2.64902022246852,-8.841025411087381,0.614688111488488,2.64902022246852,-8.841025411087381
OS,2023-07-08,NA,NA,NA,NA,NA,NA,NA,NA,2.1295356000051617,-7.0345682215977865,0.6154505237222548,2.1295356000051617,-7.0345682215977865
OS,2023-07-09,NA,NA,NA,NA,NA,NA,NA,NA,1.9085251614511032,-6.230435091597773,0.6153587739271253,1.9085251614511032,-6.230435091597773
OS,2023-07-10,NA,NA,NA,NA,NA,NA,NA,NA,0.8560803004457151,-7.07690856285507,0.615985892923489,0.8560803004457151,-7.07690856285507
OS,2023-07-11,NA,NA,NA,NA,NA,NA,NA,NA,2.36010363596881,-6.277269320164642,0.61446972365662,2.36010363596881,-6.277269320164642
OS,2023-07-12,NA,NA,NA,NA,NA,NA,NA,NA,1.6939610692920053,-5.724658456337296,0.6143995825829469,1.6939610692920053,-5.724658456337296
OS,2023-07-13,NA,NA,NA,NA,NA,NA,NA,NA,1.4308042387907192,-6.97604363082337,0.6144782444925486,1.4308042387907192,-6.97604363082337
OS,2023-07-23,NA,NA,NA,NA,NA,NA,NA,NA,1.7678550837746565,-7.644669515996631,0.614156805209334,1.7678550837746565,-7.644669515996631
OS,2023-09-05,NA,NA,NA,NA,NA,NA,NA,NA,1.797090765583517,-8.32776409834709,0.6155257666940058,1.797090765583517,-8.32776409834709
OS,2023-09-06,NA,NA,NA,NA,NA,NA,NA,NA,1.6635070385928348,-8.567528495703344,0.6141831380878928,1.6635070385928348,-8.567528495703344
OS,2023-09-07,NA,NA,NA,NA,NA,NA,NA,NA,1.8213467282926088,-8.929552177093134,0.6140548438779567,1.8213467282926088,-8.929552177093134
OS,2023-09-08,NA,NA,NA,NA,NA,NA,NA,NA,1.6582420430632565,-8.884489338621513,0.6153666692811025,1.6582420430632565,-8.884489338621513
OS,2023-09-09,NA,NA,NA,NA,NA,NA,NA,NA,1.6696071639142525,-8.831733084225123,0.6149357611998086,1.6696071639142525,-8.831733084225123
OS,2023-09-10,NA,NA,NA,NA,NA,NA,NA,NA,1.7907607882181795,-9.075993941264686,0.6140146315247759,1.7907607882181795,-9.075993941264686
OS,2023-09-11,NA,NA,NA,NA,NA,NA,NA,NA,1.6433162708737297,-8.875079287101837,0.6138098585906786,1.6433162708737297,-8.875079287101837
OS,2023-09-12,NA,NA,NA,NA,NA,NA,NA,NA,1.6037818987340264,-8.679659600119152,0.6140888654507582,1.6037818987340264,-8.679659600119152
OS,2023-09-13,NA,NA,NA,NA,NA,NA,NA,NA,1.7675695771701925,-8.815458329600778,0.615531423429921,1.7675695771701925,-8.815458329600778
OS,2023-09-14,NA,NA,NA,NA,NA,NA,NA,NA,1.6610247015513129,-8.526959605599437,0.614604100224913,1.6610247015513129,-8.526959605599437
OS,2023-12-02,NA,NA,NA,NA,NA,NA,NA,NA,1.5245524115501885,-6.163056985281582,0.6148482950559467,1.5245524115501885,-6.163056985281582
OS,2023-12-03,NA,NA,NA,NA,NA,NA,NA,NA,1.545780902049603,-6.339313520092147,0.6174462676868272,1.545780902049603,-6.339313520092147
OS,2023-12-04,NA,NA,NA,NA,NA,NA,NA,NA,1.541305641815645,-6.004864876338084,0.6168811788926626,1.541305641815645,-6.004864876338084
OS,2023-12-05,NA,NA,NA,NA,NA,NA,NA,NA,1.49188141142862,-6.180606224664642,0.6146215139202841,1.49188141142862,-6.180606224664642
OS,2023-12-06,NA,NA,NA,NA,NA,NA,NA,NA,1.6022888843407277,-6.1023112889729845,0.6156430581636677,1.6022888843407277,-6.1023112889729845
OS,2023-12-10,NA,NA,NA,NA,NA,NA,NA,NA,1.4350703695077245,-7.374278124961222,0.6162784183949264,1.4350703695077245,-7.374278124961222
OS,2023-12-11,NA,NA,NA,NA,NA,NA,NA,NA,1.565040573508917,-7.806635821679037,0.6143697129532765,1.565040573508917,-7.806635821679037
OS,2023-12-12,NA,NA,NA,NA,NA,NA,NA,NA,1.5564111623242294,-8.427861367122478,0.6159234215201131,1.5564111623242294,-8.427861367122478
OS,2023-12-13,NA,NA,NA,NA,NA,NA,NA,NA,1.627933738238316,-8.828932290749673,0.6153982474266799,1.627933738238316,-8.828932290749673
OS,2023-12-14,NA,NA,NA,NA,NA,NA,NA,NA,1.6421938177816964,-9.461256473706715,0.6135679638302111,1.6421938177816964,-9.461256473706715
OS,2023-12-15,NA,NA,NA,NA,NA,NA,NA,NA,1.4943574821232966,-8.709384392392657,0.613311812457379,1.4943574821232966,-8.709384392392657
OS,2023-12-16,NA,NA,NA,NA,NA,NA,NA,NA,1.5325867455946245,-8.328829067564854,0.6162331925930712,1.5325867455946245,-8.328829067564854
OS,2023-12-17,NA,NA,NA,NA,NA,NA,NA,NA,1.5376657480444291,-7.791625834252504,0.6141463235099835,1.5376657480444291,-7.791625834252504
OS,2023-12-20,NA,NA,NA,NA,NA,NA,NA,NA,1.2200575427672986,-0.93657974396694,0.6143391079962364,1.2200575427672986,-0.93657974396694
OS,2023-12-21,NA,NA,NA,NA,NA,NA,NA,NA,1.393954757317078,-4.490713763950713,0.6153283977274822,1.393954757317078,-4.490713763950713
OS,2023-12-22,NA,NA,NA,NA,NA,NA,NA,NA,1.6613134352101953,-4.337510277879639,0.6141288715777872,1.6613134352101953,-4.337510277879639
OS,2023-12-23,NA,NA,NA,NA,NA,NA,NA,NA,1.651292470744516,-4.123047158295612,0.6145019841594894,1.651292470744516,-4.123047158295612
OS,2023-12-24,NA,NA,NA,NA,NA,NA,NA,NA,1.3684469773069554,-4.232375827874894,0.6169184404116783,1.3684469773069554,-4.232375827874894
OS,2023-12-25,NA,NA,NA,NA,NA,NA,NA,NA,1.7801547308894017,-7.9177299531392595,0.6151555691375609,1.7801547308894017,-7.9177299531392595
OS,2023-12-26,NA,NA,NA,NA,NA,NA,NA,NA,1.070628098468983,-7.25785472641729,0.6149358790653546,1.070628098468983,-7.25785472641729
OS,2023-12-27,NA,NA,NA,NA,NA,NA,NA,NA,1.253644913058736,-8.27835392998344,0.613843065643016,1.253644913058736,-8.27835392998344
OS,2023-12-28,NA,NA,NA,NA,NA,NA,NA,NA,1.2176346891128864,-8.560462363934237,0.6158698712792213,1.2176346891128864,-8.560462363934237
OS,2023-12-29,NA,NA,NA,NA,NA,NA,NA,NA,0.6332775167627869,-4.8039817061640955,0.6167855544413186,0.6332775167627869,-4.8039817061640955
OS,2023-12-30,NA,NA,NA,NA,NA,NA,NA,NA,1.1679328871471717,-13.30755949250744,0.6137881444745886,1.1679328871471717,-13.30755949250744
OS,2023-12-31,NA,NA,NA,NA,NA,NA,NA,NA,0.9507977569955256,-9.4003829144724,0.6135736270522374,0.9507977569955256,-9.4003829144724
OS,2024-01-01,NA,NA,NA,NA,NA,NA,NA,NA,5.733509168935339,-13.72153435736874,0.6117973416085216,5.733509168935339,-13.72153435736874
OS,2024-01-02,NA,NA,NA,NA,NA,NA,NA,NA,1.239654400891481,-9.792311260047404,0.614673371640224,1.239654400891481,-9.792311260047404
OS,2024-01-03,NA,NA,NA,NA,NA,NA,NA,NA,6.0099484090253945,-12.344996952178048,0.6143842268851079,6.0099484090253945,-12.344996952178048
OS,2024-01-04,NA,NA,NA,NA,NA,NA,NA,NA,1.2241012816140393,-9.426170932678591,0.6145793876631671,1.2241012816140393,-9.426170932678591
OS,2024-01-05,NA,NA,NA,NA,NA,NA,NA,NA,5.5877743165692815,-11.01808079270983,0.6145413287098462,5.5877743165692815,-11.01808079270983
OS,2024-01-06,NA,NA,NA,NA,NA,NA,NA,NA,1.4778003415672996,-12.470018777377604,0.6134026140838054,1.4778003415672996,-12.470018777377604
OS,2024-01-07,NA,NA,NA,NA,NA,NA,NA,NA,1.2993485673460217,-11.740268377189734,0.6131162748233141,1.2993485673460217,-11.740268377189734
OS,2024-01-08,NA,NA,NA,NA,NA,NA,NA,NA,4.190164752998409,-5.6530098718293145,0.6149428411478254,4.190164752998409,-5.6530098718293145
OS,2024-01-09,NA,NA,NA,NA,NA,NA,NA,NA,1.5816598675068985,-11.728490032398181,0.6130631528883378,1.5816598675068985,-11.728490032398181
OS,2024-01-10,NA,NA,NA,NA,NA,NA,NA,NA,3.81186508462447,-9.3268711639212,0.6145018915850977,3.81186508462447,-9.3268711639212
OS,2024-01-11,NA,NA,NA,NA,NA,NA,NA,NA,1.542385330447355,-9.293728517072816,0.6144058241469572,1.542385330447355,-9.293728517072816
OS,2024-01-12,NA,NA,NA,NA,NA,NA,NA,NA,1.6421194833285249,-8.197288736999306,0.6152401068566551,1.6421194833285249,-8.197288736999306
OS,2024-01-13,NA,NA,NA,NA,NA,NA,NA,NA,1.1741000601957303,-11.252770908025155,0.6133936830848634,1.1741000601957303,-11.252770908025155
OS,2024-01-14,NA,NA,NA,NA,NA,NA,NA,NA,1.366164685097453,-4.501127071952042,0.6157976506870616,1.366164685097453,-4.501127071952042
OS,2024-01-15,NA,NA,NA,NA,NA,NA,NA,NA,1.1103675234660968,-11.02208922764313,0.6123587700702096,1.1103675234660968,-11.02208922764313
OS,2024-01-16,NA,NA,NA,NA,NA,NA,NA,NA,1.2966011729669435,-9.905150483025846,0.6142863260703584,1.2966011729669435,-9.905150483025846
OS,2024-01-17,NA,NA,NA,NA,NA,NA,NA,NA,0.5991778310494894,-6.706656758319199,0.615340839425602,0.5991778310494894,-6.706656758319199
OS,2024-01-18,NA,NA,NA,NA,NA,NA,NA,NA,1.4521662574682128,-10.39153241747955,0.6121406873809256,1.4521662574682128,-10.39153241747955
OS,2024-01-19,NA,NA,NA,NA,NA,NA,NA,NA,1.8433416585132545,-11.715850268092057,0.6143152632691623,1.8433416585132545,-11.715850268092057
OS,2024-01-20,NA,NA,NA,NA,NA,NA,NA,NA,1.7288118898651863,-6.633833641271828,0.6157165809077835,1.7288118898651863,-6.633833641271828
OS,2024-01-21,NA,NA,NA,NA,NA,NA,NA,NA,1.267490645077187,-9.668242942770505,0.6143971591679797,1.267490645077187,-9.668242942770505
OS,2024-01-22,NA,NA,NA,NA,NA,NA,NA,NA,1.3947670934908605,-9.495644673986602,0.6147428007195613,1.3947670934908605,-9.495644673986602
OS,2024-01-23,NA,NA,NA,NA,NA,NA,NA,NA,1.628077346731549,-9.571439745162303,0.6138560408031347,1.628077346731549,-9.571439745162303
OS,2024-01-24,NA,NA,NA,NA,NA,NA,NA,NA,1.5307985241146396,-10.309061019717667,0.6143858561128801,1.5307985241146396,-10.309061019717667
OS,2024-01-25,NA,NA,NA,NA,NA,NA,NA,NA,1.8087641805936896,-11.917332586632028,0.61257654564610875,1.8087641805936896,-11.917332586632028
OS,2024-01-26,NA,NA,NA,NA,NA,NA,NA,NA,1.330342613075712,-10.529252114433367,0.6137725221323261,1.330342613075712,-10.529252114433367
OS,2024-01-27,NA,NA,NA,NA,NA,NA,NA,NA,1.7414760391679882,-9.733974822166266,0.6128410287503455,1.7414760391679882,-9.733974822166266
OS,2024-01-28,NA,NA,NA,NA,NA,NA,NA,NA,0.6285925419450694,-6.05628970460557,0.614477669292505,0.6285925419450694,-6.05628970460557
OS,2024-01-29,NA,NA,NA,NA,NA,NA,NA,NA,0.7200931276350866,-4.688224182464542,0.6165261915547772,0.7200931276350866,-4.688224182464542
OS,2024-01-30,NA,NA,NA,NA,NA,NA,NA,NA,0.45819528677429,-11.881469499241826,0.6147534805659818,0.45819528677429,-11.881469499241826
OS,2024-01-31,NA,NA,NA,NA,NA,NA,NA,NA,1.659004909098586,-12.40882683753737,0.6139738943994417,1.659004909098586,-12.40882683753737
OS,2024-02-01,NA,NA,NA,NA,NA,NA,NA,NA,1.4509297327667343,-7.812517044215459,0.6156466079748878,1.4509297327667343,-7.812517044215459
OS,2024-02-02,NA,NA,NA,NA,NA,NA,NA,NA,4.05193337817555,-10.32199906836927,0.6128377096286949,4.05193337817555,-10.32199906836927
OS,2024-02-03,NA,NA,NA,NA,NA,NA,NA,NA,3.7564516041225295,-9.830048087421329,0.6138647650455262,3.7564516041225295,-9.830048087421329
OS,2024-02-04,NA,NA,NA,NA,NA,NA,NA,NA,1.7136907644056942,-13.1321500867655,0.6130216808378799,1.7136907644056942,-13.1321500867655
OS,2024-02-05,NA,NA,NA,NA,NA,NA,NA,NA,0.9902960377500354,-4.130243048392747,0.6139257092794179,0.9902960377500354,-4.130243048392747
OS,2024-02-06,NA,NA,NA,NA,NA,NA,NA,NA,1.0631096756262333,-7.666149207190247,0.6147289606328629,1.0631096756262333,-7.666149207190247
OS,2024-02-07,NA,NA,NA,NA,NA,NA,NA,NA,1.0787670386939303,-6.488738827947516,0.6146215715396282,1.0787670386939303,-6.488738827947516
OS,2024-02-08,NA,NA,NA,NA,NA,NA,NA,NA,1.3602986300358535,-7.810733805550635,0.6152623735842953,1.3602986300358535,-7.810733805550635
OS,2024-02-09,NA,NA,NA,NA,NA,NA,NA,NA,1.6981934879277245,-7.838886278528336,0.6141762390305532,1.6981934879277245,-7.838886278528336
OS,2024-02-10,NA,NA,NA,NA,NA,NA,NA,NA,1.9959251923918364,-7.5771432076308916,0.6141841754186863,1.9959251923918364,-7.5771432076308916
OS,2024-02-11,NA,NA,NA,NA,NA,NA,NA,NA,2.96785276392929,-6.358848305538822,0.6155718357110382,2.96785276392929,-6.358848305538822
OS,2024-02-12,NA,NA,NA,NA,NA,NA,NA,NA,1.2722667365105802,-8.61384927787092,0.6141425892097532,1.2722667365105802,-8.61384927787092
OS,2024-02-13,NA,NA,NA,NA,NA,NA,NA,NA,2.307875527160294,-2.1918198137408975,0.6162957397621414,2.307875527160294,-2.1918198137408975
OS,2024-02-14,NA,NA,NA,NA,NA,NA,NA,NA,1.7233133554027733,-4.624493913721629,0.616594952603394,1.7233133554027733,-4.624493913721629
OS,2024-02-15,NA,NA,NA,NA,NA,NA,NA,NA,1.858165034272823,-6.9414279154170115,0.6146847140476084,1.858165034272823,-6.9414279154170115
OS,2024-02-16,NA,NA,NA,NA,NA,NA,NA,NA,1.5468170182524514,-6.263720496982598,0.616475598440515,1.5468170182524514,-6.263720496982598
OS,2024-02-17,NA,NA,NA,NA,NA,NA,NA,NA,1.4461237650011152,-3.3719072339976055,0.618795011753107,1.4461237650011152,-3.3719072339976055
OS,2024-02-18,NA,NA,NA,NA,NA,NA,NA,NA,1.596072443780022,-5.5536711390994,0.6168901058154342,1.596072443780022,-5.5536711390994
OS,2024-02-19,NA,NA,NA,NA,NA,NA,NA,NA,1.7193803009861068,-5.247813855219298,0.6143364506687217,1.7193803009861068,-5.247813855219298
OS,2024-02-20,NA,NA,NA,NA,NA,NA,NA,NA,2.2743895485887373,-5.127686074236716,0.6152865786643592,2.2743895485887373,-5.127686074236716
OS,2024-02-21,NA,NA,NA,NA,NA,NA,NA,NA,1.949597434588461,-4.4908939739591895,0.6161560377078751,1.949597434588461,-4.4908939739591895
OS,2024-02-22,NA,NA,NA,NA,NA,NA,NA,NA,1.966896972474991,-4.001014314657874,0.6147030413131996,1.966896972474991,-4.001014314657874
OS,2024-02-23,NA,NA,NA,NA,NA,NA,NA,NA,4.734826041761144,-7.785150430181756,0.6149098532274325,4.734826041761144,-7.785150430181756
OS,2024-02-24,NA,NA,NA,NA,NA,NA,NA,NA,3.2165050838742775,-9.639921217667702,0.6140727400832924,3.2165050838742775,-9.639921217667702
OS,2024-02-25,NA,NA,NA,NA,NA,NA,NA,NA,1.655564860704987,-1.8722909384338169,0.6154950938739796,1.655564860704987,-1.8722909384338169
OS,2024-02-28,NA,NA,NA,NA,NA,NA,NA,NA,3.49683458205744,-6.344673605424231,0.6155350867516836,3.49683458205744,-6.344673605424231
OS,2024-03-02,NA,NA,NA,NA,NA,NA,NA,NA,1.440103728270101,-6.865729652501348,0.6155761807897435,1.440103728270101,-6.865729652501348
OS,2024-03-03,NA,NA,NA,NA,NA,NA,NA,NA,2.8632023183805893,-6.363149289135411,0.6159241763229262,2.8632023183805893,-6.363149289135411
OS,2024-03-04,NA,NA,NA,NA,NA,NA,NA,NA,3.0789499140928216,-8.399435859505862,0.614688819564405,3.0789499140928216,-8.399435859505862
OS,2024-03-05,NA,NA,NA,NA,NA,NA,NA,NA,1.2840608042939332,-6.593446887164458,0.6164322522352903,1.2840608042939332,-6.593446887164458
OS,2024-03-06,NA,NA,NA,NA,NA,NA,NA,NA,2.4268304019909435,-4.982458223185872,0.6157570212790949,2.4268304019909435,-4.982458223185872
OS,2024-03-07,NA,NA,NA,NA,NA,NA,NA,NA,3.072924685749436,-9.861625096505062,0.6149866149578268,3.072924685749436,-9.861625096505062
OS,2024-03-08,NA,NA,NA,NA,NA,NA,NA,NA,2.812854542129596,-9.442225046984822,0.6156534358952955,2.812854542129596,-9.442225046984822
OS,2024-03-09,NA,NA,NA,NA,NA,NA,NA,NA,1.3030449116148357,-6.56004407496963,0.6130212055933107,1.3030449116148357,-6.56004407496963
OS,2024-03-10,NA,NA,NA,NA,NA,NA,NA,NA,0.6689081465427414,-4.2612183837128015,0.6168152071865494,0.6689081465427414,-4.2612183837128015
OS,2024-03-11,NA,NA,NA,NA,NA,NA,NA,NA,1.4231105328301723,-5.754871632351793,0.6160095522818614,1.4231105328301723,-5.754871632351793
OS,2024-03-12,NA,NA,NA,NA,NA,NA,NA,NA,1.5238462561791624,-7.295215680299328,0.6149272712190952,1.5238462561791624,-7.295215680299328
OS,2024-03-13,NA,NA,NA,NA,NA,NA,NA,NA,1.998976405791017,-7.1536669814121625,0.6145534578088837,1.998976405791017,-7.1536669814121625
OS,2024-03-14,NA,NA,NA,NA,NA,NA,NA,NA,2.0665088324462686,-6.722895324432949,0.6162056107118946,2.0665088324462686,-6.722895324432949
OS,2024-03-15,NA,NA,NA,NA,NA,NA,NA,NA,1.2436561142838756,-12.012856615556704,0.615676518385827,1.2436561142838756,-12.012856615556704
OS,2024-03-16,NA,NA,NA,NA,NA,NA,NA,NA,1.8641359473532,-11.150780261076315,0.613919200122183,1.8641359473532,-11.150780261076315
OS,2024-03-17,NA,NA,NA,NA,NA,NA,NA,NA,1.4837847058450029,-10.556740066980293,0.6137457235439033,1.4837847058450029,-10.556740066980293
OS,2024-03-18,NA,NA,NA,NA,NA,NA,NA,NA,1.279696278207371,-9.502174402213022,0.6138581025210093,1.279696278207371,-9.502174402213022
OS,2024-03-19,NA,NA,NA,NA,NA,NA,NA,NA,0.40946789243942067,-6.737250978460722,0.6152694727474648,0.40946789243942067,-6.737250978460722
OS,2024-03-20,NA,NA,NA,NA,NA,NA,NA,NA,1.2042089234719684,-8.439865895174512,0.6142268120112009,1.2042089234719684,-8.439865895174512
OS,2024-03-21,NA,NA,NA,NA,NA,NA,NA,NA,2.770485692078016,-9.495084075442094,0.6134308059444303,2.770485692078016,-9.495084075442094
OS,2024-03-22,NA,NA,NA,NA,NA,NA,NA,NA,1.5170102278522086,-13.215615134319368,0.613246070737002,1.5170102278522086,-13.215615134319368
OS,2024-03-23,NA,NA,NA,NA,NA,NA,NA,NA,1.7740054605084736,-11.98575802279598,0.6123742822369924,1.7740054605084736,-11.98575802279598
OS,2024-03-24,NA,NA,NA,NA,NA,NA,NA,NA,1.4839939315274582,-11.04011865005276,0.6130621166218183,1.4839939315274582,-11.04011865005276
OS,2024-03-25,NA,NA,NA,NA,NA,NA,NA,NA,5.4417351208251565,-10.207790974653744,0.6142392601568024,5.4417351208251565,-10.207790974653744
OS,2024-03-26,NA,NA,NA,NA,NA,NA,NA,NA,1.5404733597811957,-12.7955851428771,0.6139140876919846,1.5404733597811957,-12.7955851428771
OS,2024-03-27,NA,NA,NA,NA,NA,NA,NA,NA,2.8059873100124304,-12.024788691902891,0.6142594177815144,2.8059873100124304,-12.024788691902891
OS,2024-03-28,NA,NA,NA,NA,NA,NA,NA,NA,1.6156679624336374,-11.810963317576483,0.613215133380223,1.6156679624336374,-11.810963317576483
OS,2024-03-29,NA,NA,NA,NA,NA,NA,NA,NA,6.6668475671218825,-10.8339263744188,0.6142723647020244,6.6668475671218825,-10.8339263744188
OS,2024-03-30,NA,NA,NA,NA,NA,NA,NA,NA,4.967608615948663,-12.182477986714217,0.6148392590094741,4.967608615948663,-12.182477986714217
OS,2024-03-31,NA,NA,NA,NA,NA,NA,NA,NA,1.419812188650193,-11.12863548605951,0.6136530013166591,1.419812188650193,-11.12863548605951
OS,2024-04-01,NA,NA,NA,NA,NA,NA,NA,NA,1.6283790483222014,-12.869238963164191,0.6125052762284073,1.6283790483222014,-12.869238963164191
OS,2024-04-02,NA,NA,NA,NA,NA,NA,NA,NA,1.870496479086268,-12.438071356547493,0.61304812811693,1.870496479086268,-12.438071356547493
OS,2024-04-03,NA,NA,NA,NA,NA,NA,NA,NA,1.5130088291650603,-11.350068805377338,0.6137076674087315,1.5130088291650603,-11.350068805377338
OS,2024-04-04,NA,NA,NA,NA,NA,NA,NA,NA,1.0694377442935123,-7.379605626305009,0.6140516087899703,1.0694377442935123,-7.379605626305009
OS,2024-04-05,NA,NA,NA,NA,NA,NA,NA,NA,1.84864431829526,-12.816159062491328,0.6121971452115483,1.84864431829526,-12.816159062491328
OS,2024-04-06,NA,NA,NA,NA,NA,NA,NA,NA,1.6199863049356018,-10.933891903802088,0.6138290752656931,1.6199863049356018,-10.933891903802088
OS,2024-04-07,NA,NA,NA,NA,NA,NA,NA,NA,1.0252766403626938,-8.888029953887683,0.6147656572262948,1.0252766403626938,-8.888029953887683
OS,2024-04-08,NA,NA,NA,NA,NA,NA,NA,NA,2.0029196390963473,-9.65315458553778,0.6137906432362324,2.0029196390963473,-9.65315458553778
OS,2024-04-09,NA,NA,NA,NA,NA,NA,NA,NA,3.113702170152806,-15.692501883653286,0.6106164942039323,3.113702170152806,-15.692501883653286
OS,2024-04-10,NA,NA,NA,NA,NA,NA,NA,NA,1.8661751123087669,-13.204133111576134,0.6121174086208058,1.8661751123087669,-13.204133111576134
OS,2024-04-11,NA,NA,NA,NA,NA,NA,NA,NA,2.0665366992812206,-13.613064958763706,0.6110571442232763,2.0665366992812206,-13.613064958763706
OS,2024-04-12,NA,NA,NA,NA,NA,NA,NA,NA,1.2848231053132146,-4.181023057681005,0.6193515003434549,1.2848231053132146,-4.181023057681005
OS,2024-04-13,NA,NA,NA,NA,NA,NA,NA,NA,1.3273951461092823,-8.044435176874586,0.6141385644090372,1.3273951461092823,-8.044435176874586
OS,2024-04-14,NA,NA,NA,NA,NA,NA,NA,NA,1.6754694038592006,-10.242681037523452,0.6144058188549584,1.6754694038592006,-10.242681037523452
OS,2024-04-15,NA,NA,NA,NA,NA,NA,NA,NA,1.304146662230426,-8.255768803065632,0.6163123387509618,1.304146662230426,-8.255768803065632
OS,2024-04-16,NA,NA,NA,NA,NA,NA,NA,NA,1.1150035243796084,-9.70465878417972,0.6141617240954348,1.1150035243796084,-9.70465878417972
OS,2024-04-17,NA,NA,NA,NA,NA,NA,NA,NA,1.277979209544977,-10.155005325451391,0.6129867041892083,1.277979209544977,-10.155005325451391
OS,2024-04-18,NA,NA,NA,NA,NA,NA,NA,NA,0.7416181648066842,-10.46595375336284,0.6141250261301433,0.7416181648066842,-10.46595375336284
OS,2024-04-19,NA,NA,NA,NA,NA,NA,NA,NA,0.9786466607045028,-10.625280947894105,0.6138220913925035,0.9786466607045028,-10.625280947894105
OS,2024-04-20,NA,NA,NA,NA,NA,NA,NA,NA,0.8836925068366819,-11.30192584426119,0.6138815131714481,0.8836925068366819,-11.30192584426119
OS,2024-04-21,NA,NA,NA,NA,NA,NA,NA,NA,1.3263501962761213,-11.78731708295842,0.6117727965348928,1.3263501962761213,-11.78731708295842
OS,2024-04-22,NA,NA,NA,NA,NA,NA,NA,NA,1.2932857064417158,-11.945437511617389,0.6139947557682646,1.2932857064417158,-11.945437511617389
OS,2024-04-23,NA,NA,NA,NA,NA,NA,NA,NA,1.3966096969378894,-12.423378585031903,0.610225950986912,1.3966096969378894,-12.423378585031903
OS,2024-04-24,NA,NA,NA,NA,NA,NA,NA,NA,1.5960636338166128,-13.195165627041254,0.6119412126409414,1.5960636338166128,-13.195165627041254
OS,2024-04-25,NA,NA,NA,NA,NA,NA,NA,NA,1.5950641510750396,-13.407131972653954,0.6129808190279582,1.5950641510750396,-13.407131972653954
OS,2024-04-26,NA,NA,NA,NA,NA,NA,NA,NA,1.3013745426369605,-12.641512597999698,0.6123267491265425,1.3013745426369605,-12.641512597999698
OS,2024-04-27,NA,NA,NA,NA,NA,NA,NA,NA,1.2411784343758123,-11.664216387106064,0.6121651462352109,1.2411784343758123,-11.664216387106064
OS,2024-04-28,NA,NA,NA,NA,NA,NA,NA,NA,1.4287066075175054,-11.942973540461573,0.612469329074412,1.4287066075175054,-11.942973540461573
OS,2024-04-29,NA,NA,NA,NA,NA,NA,NA,NA,1.6067879496018125,-11.703648107367492,0.6128125585383438,1.6067879496018125,-11.703648107367492
OS,2024-04-30,NA,NA,NA,NA,NA,NA,NA,NA,1.8026477292812175,-11.697017428357093,0.6136931782928451,1.8026477292812175,-11.697017428357093
OS,2024-05-01,NA,NA,NA,NA,NA,NA,NA,NA,1.5966010476235444,-11.840792494280008,0.6121783469839354,1.5966010476235444,-11.840792494280008
OS,2024-05-02,NA,NA,NA,NA,NA,NA,NA,NA,1.3842561110105724,-11.752679330019516,0.6129950632217698,1.3842561110105724,-11.752679330019516
OS,2024-05-03,NA,NA,NA,NA,NA,NA,NA,NA,1.4473737832407754,-11.748372868976386,0.6130615446440719,1.4473737832407754,-11.748372868976386
OS,2024-05-04,NA,NA,NA,NA,NA,NA,NA,NA,1.124363784731652,-11.148538224838854,0.612827011788964,1.124363784731652,-11.148538224838854
OS,2024-05-05,NA,NA,NA,NA,NA,NA,NA,NA,1.1218467220764867,-11.26809839957545,0.6131029969189479,1.1218467220764867,-11.26809839957545
OS,2024-05-06,NA,NA,NA,NA,NA,NA,NA,NA,1.2375163789827257,-11.549583197447753,0.613642369105228,1.2375163789827257,-11.549583197447753
OS,2024-05-07,NA,NA,NA,NA,NA,NA,NA,NA,1.2514921071824143,-11.73300824510964,0.61444902969766,1.2514921071824143,-11.73300824510964
OS,2024-05-08,NA,NA,NA,NA,NA,NA,NA,NA,1.4590187297137898,-12.442024797133795,0.6123241822943116,1.4590187297137898,-12.442024797133795
OS,2024-05-09,NA,NA,NA,NA,NA,NA,NA,NA,1.7929571047983115,-14.874491004219871,0.6100370788029432,1.7929571047983115,-14.874491004219871
OS,2024-05-10,NA,NA,NA,NA,NA,NA,NA,NA,1.6558518567652598,-13.138936404861402,0.6128386402206976,1.6558518567652598,-13.138936404861402
OS,2024-05-11,NA,NA,NA,NA,NA,NA,NA,NA,1.7593361703965518,-13.040238208981346,0.6131887982345136,1.7593361703965518,-13.040238208981346
OS,2024-05-12,NA,NA,NA,NA,NA,NA,NA,NA,1.7434155494963193,-12.694910127882848,0.6129068452590044,1.7434155494963193,-12.694910127882848
OS,2024-05-13,NA,NA,NA,NA,NA,NA,NA,NA,1.7145459134893362,-12.346710903210411,0.6120164478057054,1.7145459134893362,-12.346710903210411
OS,2024-05-14,NA,NA,NA,NA,NA,NA,NA,NA,1.733760310200359,-12.458225148156544,0.612085274028362,1.733760310200359,-12.458225148156544
OS,2024-05-15,NA,NA,NA,NA,NA,NA,NA,NA,1.81088697079972,-12.48470946499302,0.6125551324782141,1.81088697079972,-12.48470946499302
OS,2024-05-16,NA,NA,NA,NA,NA,NA,NA,NA,1.6955193231708154,-12.21632641140403,0.6136070975050815,1.6955193231708154,-12.21632641140403
OS,2024-05-17,NA,NA,NA,NA,NA,NA,NA,NA,1.6813144182733384,-12.16318233076929,0.6127858191329907,1.6813144182733384,-12.16318233076929
OS,2024-05-18,NA,NA,NA,NA,NA,NA,NA,NA,1.6953139815198683,-12.298246816297,0.6136749628515874,1.6953139815198683,-12.298246816297
OS,2024-05-19,NA,NA,NA,NA,NA,NA,NA,NA,1.6177883772430517,-12.661744396703932,0.6129524327815195,1.6177883772430517,-12.661744396703932
OS,2024-05-20,NA,NA,NA,NA,NA,NA,NA,NA,1.6585000927593347,-12.734386792532993,0.6127918181539016,1.6585000927593347,-12.734386792532993
OS,2024-05-21,NA,NA,NA,NA,NA,NA,NA,NA,1.6421738556597654,-13.154612381311544,0.6122534638359391,1.6421738556597654,-13.154612381311544
OS,2024-05-22,NA,NA,NA,NA,NA,NA,NA,NA,1.7022153858582612,-13.248638474145986,0.6134472145689562,1.7022153858582612,-13.248638474145986
OS,2024-05-23,NA,NA,NA,NA,NA,NA,NA,NA,1.640474310079383,-13.682840591224595,0.6114689396580549,1.640474310079383,-13.682840591224595
OS,2024-05-24,NA,NA,NA,NA,NA,NA,NA,NA,1.764678170180322,-14.006511205328758,0.61141156974419,1.764678170180322,-14.006511205328758
OS,2024-05-25,NA,NA,NA,NA,NA,NA,NA,NA,1.6215930390654096,-14.053752886059806,0.6119351250866015,1.6215930390654096,-14.053752886059806
OS,2024-05-26,NA,NA,NA,NA,NA,NA,NA,NA,1.8938043781329013,-8.447100189192776,0.6125376701172295,1.8938043781329013,-8.447100189192776
OS,2024-05-27,NA,NA,NA,NA,NA,NA,NA,NA,1.147270917452315,-11.101134585819,0.6130300580475151,1.147270917452315,-11.101134585819
OS,2024-05-28,NA,NA,NA,NA,NA,NA,NA,NA,1.0094839261535844,-10.875199239207175,0.6142658712939751,1.0094839261535844,-10.875199239207175
OS,2024-05-29,NA,NA,NA,NA,NA,NA,NA,NA,1.0299853194120117,-11.20247114614238,0.6138743971411088,1.0299853194120117,-11.20247114614238
OS,2024-05-30,NA,NA,NA,NA,NA,NA,NA,NA,1.3271040935692764,-12.050252381932369,0.6128874072670318,1.3271040935692764,-12.050252381932369
OS,2024-05-31,NA,NA,NA,NA,NA,NA,NA,NA,1.3288478803077135,-11.905257248351054,0.6119283517014308,1.3288478803077135,-11.905257248351054
OS,2024-06-01,NA,NA,NA,NA,NA,NA,NA,NA,1.5190113924695197,-11.575615367800872,0.6139314251998386,1.5190113924695197,-11.575615367800872
OS,2024-06-02,NA,NA,NA,NA,NA,NA,NA,NA,1.4038317664858648,-11.348146615826076,0.6144033559271175,1.4038317664858648,-11.348146615826076
OS,2024-06-03,NA,NA,NA,NA,NA,NA,NA,NA,1.6781045333823068,-10.655363180031866,0.6123259748389065,1.6781045333823068,-10.655363180031866
OS,2024-06-04,NA,NA,NA,NA,NA,NA,NA,NA,1.270468058638754,-11.39970366996647,0.613077754588804,1.270468058638754,-11.39970366996647
OS,2024-06-05,NA,NA,NA,NA,NA,NA,NA,NA,0.975053641547869,-10.803461471877664,0.6134212891172768,0.975053641547869,-10.803461471877664
OS,2024-06-06,NA,NA,NA,NA,NA,NA,NA,NA,4.028529503898392,-15.558353126087228,0.6100131390242035,4.028529503898392,-15.558353126087228
OS,2024-06-07,NA,NA,NA,NA,NA,NA,NA,NA,2.61400290836089,-15.772141068981457,0.6105846028003769,2.61400290836089,-15.772141068981457
OS,2024-06-08,NA,NA,NA,NA,NA,NA,NA,NA,2.049278239611123,-14.980589721737504,0.6114990065927699,2.049278239611123,-14.980589721737504
OS,2024-06-09,NA,NA,NA,NA,NA,NA,NA,NA,1.5965132574471297,-13.709853775101577,0.6128440550378297,1.5965132574471297,-13.709853775101577
OS,2024-06-10,NA,NA,NA,NA,NA,NA,NA,NA,1.6283421486299507,-13.585643435401858,0.6123348333203704,1.6283421486299507,-13.585643435401858
OS,2024-06-11,NA,NA,NA,NA,NA,NA,NA,NA,1.7343049780138748,-13.269141164219104,0.6113022510773174,1.7343049780138748,-13.269141164219104
OS,2024-06-12,NA,NA,NA,NA,NA,NA,NA,NA,1.6242817371397609,-13.061342764542411,0.6132871480836246,1.6242817371397609,-13.061342764542411
OS,2024-06-13,NA,NA,NA,NA,NA,NA,NA,NA,1.677356689717372,-12.728979511734703,0.6132517534744047,1.677356689717372,-12.728979511734703
OS,2024-06-14,NA,NA,NA,NA,NA,NA,NA,NA,1.7047348840052374,-11.92156615209342,0.6127596813001304,1.7047348840052374,-11.92156615209342
OS,2024-06-15,NA,NA,NA,NA,NA,NA,NA,NA,1.679085766292952,-11.670666292072848,0.6131746018710976,1.679085766292952,-11.670666292072848
OS,2024-06-16,NA,NA,NA,NA,NA,NA,NA,NA,1.700652295017062,-11.49752338860889,0.612910767743171,1.700652295017062,-11.49752338860889
OS,2024-06-17,NA,NA,NA,NA,NA,NA,NA,NA,1.7088027660769984,-10.89096487458355,0.6131449033911313,1.7088027660769984,-10.89096487458355
OS,2024-06-18,NA,NA,NA,NA,NA,NA,NA,NA,1.7643118030313936,-10.297192682075572,0.6145029835740784,1.7643118030313936,-10.297192682075572
OS,2024-06-19,NA,NA,NA,NA,NA,NA,NA,NA,1.7876081865799711,-10.12490026306009,0.6138948567401096,1.7876081865799711,-10.12490026306009
OS,2024-06-20,NA,NA,NA,NA,NA,NA,NA,NA,2.9623296767439675,-10.370411199662104,0.6156564820419897,2.9623296767439675,-10.370411199662104
OS,2024-06-21,NA,NA,NA,NA,NA,NA,NA,NA,3.6755602203437774,-10.052308054286526,0.6154867074375594,3.6755602203437774,-10.052308054286526
OS,2024-06-22,NA,NA,NA,NA,NA,NA,NA,NA,2.487842796929443,-9.711654807769538,0.6132271308252174,2.487842796929443,-9.711654807769538
OS,2024-06-23,NA,NA,NA,NA,NA,NA,NA,NA,3.0959164984802583,-9.319915330698343,0.6145734798939977,3.0959164984802583,-9.319915330698343
OS,2024-06-24,NA,NA,NA,NA,NA,NA,NA,NA,3.3781149829732122,-9.721102063208074,0.6148381152324995,3.3781149829732122,-9.721102063208074
