Date,ID,K600,GPP,ER,depth
2022-05-12,AM,15.7,6.558261094687278,-3.89734354152061,0.4108314364648162
2022-05-13,AM,15.7,5.221441406422473,-3.696525481921511,0.40047548625370327
2022-05-14,AM,15.7,6.318668051314127,-2.919991447050713,0.3881293093984667
2022-05-15,AM,15.7,6.51189797533335,-2.0874480207426394,0.3698460587795037
2022-05-16,AM,15.7,4.916537458154192,-1.2172414350580818,0.35726225169699033
2022-05-17,AM,15.7,6.95389895625514,-0.6581220543528498,0.3455656119005128
2022-05-18,AM,15.7,5.258498172180669,-0.2295627848773698,0.32840130202429907
2022-05-21,AM,15.7,6.592437382697142,-1.3861105550483188,0.29754368300233186
2022-07-15,AM,15.7,13.281928125939697,-0.9052659411437224,0.46782838148439965
2022-07-16,AM,15.7,23.11247741273062,-3.5957846788374495,0.5624217782693994
2022-07-17,AM,15.7,14.647862439948836,-13.166431049893433,0.6789263380674444
2022-07-18,AM,15.7,6.232674092954456,-19.628687176423465,0.7772968006022336
2022-08-02,AM,15.7,9.398726445298369,-27.569435227887684,0.7557794592564204
2022-08-03,AM,15.7,22.1555234070603,-20.77918833253115,0.6902303033673655
2022-08-04,AM,15.7,21.32338249289947,-14.98685088867634,0.6271854260523261
2022-08-05,AM,15.7,19.434974002773576,-10.539768380011688,0.571099243913663
2022-08-06,AM,15.7,25.643249151498537,-6.9526485124612485,0.535396116184737
2022-08-07,AM,15.7,21.31485012564592,-6.400845074742851,0.5244214192864934
2022-08-08,AM,15.7,22.314496263060235,-5.943622533927134,0.5269988557291998
2022-08-09,AM,15.7,22.506480322407327,-6.2691647155590164,0.5346482176501837
2022-08-10,AM,15.7,16.612298023104223,-6.530974390966941,0.5456221254643789
2022-08-11,AM,15.7,18.780574307194794,-8.632366174805789,0.5795784959823336
2022-08-12,AM,15.7,20.00416014279394,-14.151877087422577,0.6251430766369412
2022-08-13,AM,15.7,14.792050318229096,-15.64726450855811,0.6361587155935502
2022-08-14,AM,15.7,22.0338562842738,-14.861117352217011,0.624835866624824
2022-08-15,AM,15.7,19.47625389013813,-13.355174505525657,0.6203077146829331
2022-08-16,AM,15.7,22.79756644985185,-11.722978257881978,0.6102133856458476
2022-08-17,AM,15.7,26.65718440629077,-8.873558771663955,0.5802434864294204
2022-08-18,AM,15.7,21.20793862691487,-7.433767464311384,0.5444388615534208
2022-08-19,AM,15.7,18.41896304015485,-5.414976931881246,0.516315251084141
2022-08-20,AM,15.7,20.835500538681984,-3.706539264110168,0.494492918978953
2022-08-21,AM,15.7,24.94618925276409,-2.7736366326099695,0.47903058485449235
2022-08-22,AM,15.7,23.54464829353055,-2.9821855317662016,0.4762311515681887
2022-08-23,AM,15.7,25.15403618468232,-3.884660593060041,0.4990297271875012
2022-08-24,AM,15.7,25.345291400019576,-6.31277794149393,0.5353187317515066
2022-08-25,AM,15.7,22.56151145126237,-7.916007583050326,0.5365023638659995
2022-08-26,AM,15.7,24.344884023317334,-5.3790303006116265,0.516713129505201
2022-08-27,AM,15.7,25.190729332739412,-9.204536412253129,0.5655089962088141
2022-08-28,AM,15.7,19.773568693361348,-23.18135303242395,0.7376860151607657
2022-09-28,AM,15.7,3.0839066008362424,-32.742592212562926,0.7208358825550096
2022-09-29,AM,15.7,15.739865937392825,-30.24564341465975,0.6771766246362496
2022-09-30,AM,15.7,21.47002729877468,-25.85789622994588,0.6528064133285756
2022-10-01,AM,15.7,24.862844264128444,-23.01050492851528,0.6267473470864182
2022-10-02,AM,15.7,22.929769178836334,-17.51520461918324,0.5902615096855724
2022-10-03,AM,15.7,18.82002597360028,-15.583607204847812,0.5540135906613712
2022-10-04,AM,15.7,23.99574301798453,-15.563485701089768,0.5253052931664698
2022-10-05,AM,15.7,20.92468991200521,-8.491309238613193,0.5019280642768864
2022-10-06,AM,15.7,20.792289986165795,-13.461182347303575,0.47733622908429796
2022-10-07,AM,15.7,20.730968474814873,-7.130504999507018,0.4531725854594314
2022-10-08,AM,15.7,20.61984698266446,-2.971210066653574,0.43193137595551967
2022-10-09,AM,15.7,21.99684848700304,-2.2064119681917247,0.41373116015041445
2022-10-12,AM,15.7,13.447378569109974,-0.5013353598852532,0.36918226001532883
2022-10-13,AM,15.7,12.44536398907834,-0.42859846642614485,0.3602484907496323
2022-11-10,AM,15.7,6.588195239145691,-1.0453517812586206,0.2732454507378359
2022-11-28,AM,15.7,8.59548474373863,-4.370517465213975,0.2623957654537931
2022-12-02,AM,15.7,18.85377097677381,-0.3584457811229136,0.26251351452648003
2023-01-25,AM,15.7,14.890108672645278,-1.16816763636988,0.4609480008883576
2023-01-27,AM,15.7,25.654743490157298,-7.377620266807261,0.6828592806867902
2023-04-20,AM,15.7,32.291964359602446,-27.30919707213254,0.5467750702584334
2023-04-23,AM,15.7,12.107287066293118,-20.428301204715872,0.44102146411495785
2023-04-24,AM,15.7,3.2497762741900855,-16.112804095308107,0.4039335270438483
2023-04-25,AM,15.7,16.026069608173312,-1.8317205896760484,0.37566080811102204
2023-04-26,AM,15.7,12.60525990198158,-0.4370680870746284,0.3570176118271202
2023-04-27,AM,15.7,9.923507625985838,-4.9231008140488575,0.3456811072209637
2023-04-29,AM,15.7,12.251630524244035,-5.647165161978206,0.33410989880446573
2023-04-30,AM,15.7,4.007424043233392,-18.73560737379063,0.3379096128039752
2023-05-01,AM,15.7,6.282647170842964,-11.320552623026034,0.3428124867075213
2023-05-25,AM,15.7,25.942870895600137,-0.8686985543584029,0.37698181173168777
2023-05-26,AM,15.7,17.894575418784232,-0.1474347856011846,0.4021996347337713
2023-05-28,AM,15.7,26.3970082263673,-0.2723150456876387,0.41438076052844836
2023-05-29,AM,15.7,26.811624704704617,-1.037796257635679,0.40813018623529224
2023-05-30,AM,15.7,26.26302366604631,-0.3940696755424611,0.38931563349263354
2023-06-17,AM,15.7,19.86602449943921,-14.100305152941376,0.4394518843921384
2023-06-18,AM,15.7,28.465164454942443,-19.344639433302113,0.6810858584200327
2023-06-19,AM,15.7,2.752336079153423,-33.16215520177372,0.8365961047035694
2023-07-14,AM,15.7,16.18278717642421,-30.722107166243543,0.7916181503874296
2023-07-15,AM,15.7,9.944993235456092,-26.390421005716895,0.7525960706850175
2023-07-16,AM,15.7,19.63580690782769,-24.2380422380282,0.7262248621600007
2023-07-17,AM,15.7,26.56627923785685,-21.418093698000337,0.7145161030038498
2023-07-18,AM,15.7,31.372356765595452,-21.29937479363104,0.6982484764261119
2023-07-19,AM,15.7,32.860896509728086,-19.78561748166354,0.6650949773447985
2023-07-20,AM,15.7,33.27803330237403,-15.118496348664769,0.6231654471958353
2023-07-23,AM,15.7,18.837431321617668,-11.338222454430715,0.5803145796949027
2023-07-25,AM,15.7,33.81809627110013,-15.004028593617274,0.610395172613683
2023-07-26,AM,15.7,31.845084315658134,-18.09950461249121,0.6252370296424762
2023-07-29,AM,15.7,31.10604635627709,-13.323391271302704,0.5659991077263122
2023-08-05,AM,15.7,20.05979375042207,-27.64792306921604,0.6993968132640335
2023-08-11,AM,15.7,30.831279534871424,-33.12297834982902,0.7555999068065238
2023-08-14,AM,15.7,24.465823193149426,-20.372019554891445,0.6164645696837406
2023-08-15,AM,15.7,32.2767881127335,-14.768138115647776,0.5780540158860424
2023-08-16,AM,15.7,26.53443533177604,-14.30044018692968,0.560094436645496
2023-08-17,AM,15.7,26.99873749616596,-15.326564628119424,0.5770838132411087
2023-08-18,AM,15.7,31.204148965102245,-20.892303962282895,0.6080603028414964
2023-08-19,AM,15.7,32.61523381887673,-17.141890220623235,0.6241902918255084
2023-08-21,AM,15.7,30.066276803113283,-17.371961228761272,0.604538726357397
2023-08-22,AM,15.7,28.8642912391018,-15.229051215389308,0.5810001196471948
2023-08-23,AM,15.7,29.83832958676672,-13.813776446750618,0.551052401523818
2023-08-24,AM,15.7,30.487700607240285,-9.644989387138072,0.510825963589339
2023-08-25,AM,15.7,30.46433839384003,-6.898973888517014,0.4711411576719726
2023-08-26,AM,15.7,26.36562867723091,-6.053357150889881,0.44285474378186407
2023-08-27,AM,15.7,26.411851413053324,-5.2528045720599454,0.4278848206645617
2023-08-28,AM,15.7,24.04353066660944,-6.003706315871249,0.4190545248062446
2023-08-29,AM,15.7,28.08743239897063,-4.814770741622566,0.41278233209590603
2023-08-30,AM,15.7,7.77572667576823,-13.483715425449232,0.417496951397525
2023-08-31,AM,15.7,21.061026642959465,-20.225858924051252,0.5064312348529912
2023-10-06,AM,15.7,29.30705663277417,-27.51747872892949,0.5721858516903633
2023-10-08,AM,15.7,33.95109016008976,-24.721604114371413,0.5408204066106387
2023-10-10,AM,15.7,32.212821228453876,-21.040993650532588,0.5061414411567634
2023-10-11,AM,15.7,5.151348389873075,-22.632968291494446,0.49672419518871946
2023-10-12,AM,15.7,19.762468543905133,-18.985560619114764,0.5044107646520096
2023-10-13,AM,15.7,24.3534104235746,-23.51437100624273,0.5371640338236834
2023-10-14,AM,15.7,15.175476239975852,-29.261017308878692,0.6152397058768596
2023-10-17,AM,15.7,25.577198870841745,-33.940301483662374,0.7459206666652881
2023-10-18,AM,15.7,26.125808147518175,-32.848181606203894,0.7393553913167553
2023-10-19,AM,15.7,23.240481283300273,-33.879671439402536,0.727480686558734
2023-10-22,AM,15.7,26.727570673993164,-33.63367804586681,0.7027575569386473
2023-10-23,AM,15.7,31.1448862682681,-29.92662678971289,0.6896131530567915
2023-10-24,AM,15.7,28.57328987235284,-28.309795904079653,0.6724784904831181
2023-10-25,AM,15.7,23.041448336979848,-30.11459974618527,0.6528470521894407
2023-10-26,AM,15.7,21.115769087655956,-24.953234664483812,0.632890990446723
2023-10-27,AM,15.7,23.65421936471471,-22.458475866863072,0.6111481105474311
2023-10-28,AM,15.7,23.268640759430447,-19.599581752312393,0.5879531843664937
2023-10-29,AM,15.7,23.046870716877525,-17.729811534024496,0.5652308003048823
2023-10-30,AM,15.7,21.709521638041675,-16.95788639975364,0.544540301209801
2023-10-31,AM,15.7,23.77172804430843,-14.01044373525922,0.526499336780157
2023-11-01,AM,15.7,21.31921969769825,-11.840644167147932,0.5054497837944316
2023-11-02,AM,15.7,22.58279440557702,-7.722825531793435,0.4855012851353906
2023-11-03,AM,15.7,19.194287567967276,-10.325993363558196,0.4799019143464283
2023-11-04,AM,15.7,21.39764297599283,-10.60200291242946,0.4773874122028498
2023-11-05,AM,15.7,18.5187359078162,-9.50662764061508,0.4660118646210353
2023-11-06,AM,15.7,19.027436533359477,-8.58193399226186,0.45428807003605015
2023-11-07,AM,15.7,17.24345531676346,-8.439155196108562,0.4400294524619959
2023-11-08,AM,15.7,17.572419346021576,-7.364874944963143,0.42514210412239556
2023-11-09,AM,15.7,19.2696988999132,-7.346063740221292,0.4085482794301266
2023-11-10,AM,15.7,16.685557944823536,-6.832068022316423,0.38846447043537813
2023-11-11,AM,15.7,15.357208614923309,-5.994292959538148,0.36783661057338574
2023-11-12,AM,15.7,16.875348079698814,-4.793205799874235,0.354763856780986
2023-11-13,AM,15.7,17.08335835297987,-3.684796210944123,0.3475485518869732
2023-11-14,AM,15.7,13.584202988043504,-4.364603478558665,0.3364787907065356
2023-11-15,AM,15.7,9.574217342863788,-4.320977609369351,0.32564544926868805
2023-11-16,AM,15.7,13.780945132800754,-4.10904402270299,0.33015325082916336
2023-11-30,AM,15.7,16.62134427380395,-1.1153697087816112,0.3568753998044898
2023-12-01,AM,15.7,21.456059510107135,-1.8562882111926744,0.358489780241562
2023-12-02,AM,15.7,7.687514937579868,-4.105297796983757,0.371730032823806
2023-12-03,AM,15.7,13.988662874002577,-6.855068499496556,0.4267369198221132
2023-12-04,AM,15.7,27.211155430487764,-14.007603849478953,0.5785485548127518
2023-12-05,AM,15.7,25.56188000800309,-25.702918521718612,0.7609497273320468
2022-05-23,GB,9.2,15.347557222101388,-12.285385014273585,0.5350429664657232
2022-05-24,GB,9.2,13.993097870769784,-14.380412337513745,0.5378940929103845
2022-05-25,GB,9.2,12.39468000490604,-14.316477013886482,0.5337509860561239
2022-05-26,GB,9.2,11.063672741135424,-14.072363638231224,0.5287518365287117
2022-05-27,GB,9.2,9.406706915889904,-13.872072085979791,0.5257792900678927
2022-05-28,GB,9.2,9.751050369982025,-13.074109896998412,0.5220281787413363
2022-05-29,GB,9.2,13.273280187157551,-12.060357236202933,0.517388629828796
2022-05-30,GB,9.2,16.520948588168338,-11.017520491828222,0.512841544074592
2022-06-30,GB,9.2,13.76782707829356,-10.2898391197533,0.47059766934818426
2022-07-01,GB,9.2,19.122683420301996,-10.054740039976924,0.4725656646164016
2022-07-02,GB,9.2,11.512179275330666,-9.812001927332515,0.4732880284762568
2022-07-03,GB,9.2,5.255997361330553,-10.290940025344131,0.47405923491320967
2022-07-04,GB,9.2,14.971211415194777,-10.233333642556955,0.4759824440786277
2022-07-05,GB,9.2,12.41954232007652,-11.567803784641232,0.47908988620707177
2022-07-06,GB,9.2,12.353072323350611,-10.23273462918287,0.48567879654237806
2022-07-07,GB,9.2,15.55476003976874,-11.421732805183144,0.4943573232985006
2022-07-08,GB,9.2,11.251414126463994,-12.128702506766192,0.4980399434464034
2022-07-09,GB,9.2,12.442392596277692,-11.626850195425035,0.49581796334706996
2022-07-10,GB,9.2,5.755129537437706,-11.184038624650052,0.49281224100375776
2022-07-11,GB,9.2,7.109025691559527,-11.4634710359777,0.4934157730607556
2022-07-12,GB,9.2,12.762521437153888,-11.312711434352387,0.49901911782301006
2022-07-13,GB,9.2,9.456311650033577,-11.51740852423458,0.505965809458636
2022-07-14,GB,9.2,12.271199604518644,-12.11591655815652,0.5100196774173992
2022-07-15,GB,9.2,10.429210806640784,-11.83175047515497,0.5116048124742577
2022-07-16,GB,9.2,10.25686257837133,-12.510307142645548,0.5118797548414126
2022-07-17,GB,9.2,13.053638877045394,-11.189511376825203,0.5112270514790044
2022-07-18,GB,9.2,5.008671528486513,-10.766925019409118,0.5098721480933421
2022-07-19,GB,9.2,3.78494719440182,-11.382040043085436,0.5081490974306229
2022-07-20,GB,9.2,9.515838462979389,-11.458076917602046,0.5078098141759191
2022-07-21,GB,9.2,12.454356375296882,-11.191807392916104,0.5094129982855048
2022-07-22,GB,9.2,7.620792669452166,-12.81030647429649,0.5107326594015164
2022-07-23,GB,9.2,10.013509716224515,-12.360694196507811,0.5121222607040449
2022-07-24,GB,9.2,10.163184994245446,-12.489578373461534,0.5173661585334396
2022-07-25,GB,9.2,12.147251113059454,-12.591467646397016,0.5277030102306247
2022-07-26,GB,9.2,11.186279490542596,-12.901444156039092,0.5426222772206193
2022-07-27,GB,9.2,9.17463532534167,-14.744108648829137,0.5696640410918796
2022-07-28,GB,9.2,5.3409224063510425,-16.19518846695931,0.6048300951310628
2022-07-29,GB,9.2,6.690577534131977,-16.958170351276546,0.6201186399400316
2022-07-30,GB,9.2,6.059380583776459,-16.67921627408764,0.6092071023187327
2022-07-31,GB,9.2,10.129724336703116,-15.829405284403554,0.5926403334180579
2022-08-01,GB,9.2,3.988825333950764,-15.53796069816089,0.5802953069478357
2022-08-02,GB,9.2,8.405917960092848,-15.82760164350302,0.5694561160824296
2022-08-03,GB,9.2,10.418231000633869,-14.88637365722815,0.5579716775254872
2022-08-04,GB,9.2,10.681370362909606,-14.78856652893098,0.5483513615378363
2022-08-05,GB,9.2,10.39073034556396,-14.84022111548452,0.5424648022314081
2022-08-06,GB,9.2,13.87925425812058,-13.497980394963532,0.5399334391060967
2022-08-07,GB,9.2,10.074762802883749,-15.033506128237097,0.5394410807824378
2022-08-08,GB,9.2,10.960258006980975,-15.599043259258105,0.5373574462938046
2022-08-09,GB,9.2,7.2579180226850415,-13.189121488502124,0.5344514895847384
2022-08-10,GB,9.2,13.215589047922776,-12.310242256438304,0.5336855729795484
2022-08-11,GB,9.2,5.120020048788211,-13.4451794385632,0.533001354788061
2022-08-12,GB,9.2,11.387754254961443,-13.639169732235995,0.5298022276865852
2022-08-13,GB,9.2,6.021200855021201,-12.415980794279935,0.5239128349203489
2022-08-14,GB,9.2,12.767088047949583,-12.88568103356845,0.5214459952008036
2022-08-15,GB,9.2,12.189397959685898,-13.145505744007789,0.522669761936244
2022-08-16,GB,9.2,9.070940995208852,-12.90785243472962,0.5204273977065764
2022-08-17,GB,9.2,11.81543341914512,-13.275955000728912,0.5161650880730058
2022-08-18,GB,9.2,8.790097493977242,-12.299714312051645,0.514541807132141
2022-08-19,GB,9.2,10.437264898871794,-11.224281297319298,0.5147658153946612
2022-08-20,GB,9.2,7.779036031730909,-12.060710550321932,0.5158762135940388
2022-08-21,GB,9.2,8.557640774753787,-12.142310613697813,0.5189916060050628
2022-08-22,GB,9.2,10.055174068394402,-12.649767671252818,0.5215014791967263
2022-08-23,GB,9.2,7.152098931871427,-12.94380007875558,0.5198089676016863
2022-08-24,GB,9.2,9.338645834526204,-10.748760595110411,0.5163612035143208
2022-08-25,GB,9.2,8.455066471213787,-12.75099881343702,0.5180864854779963
2022-08-26,GB,9.2,5.6981480341583906,-13.937421210508385,0.5423424585641005
2022-08-27,GB,9.2,3.765382221254287,-14.597859626291347,0.5891795642939975
2022-08-28,GB,9.2,2.9898896613523256,-16.04241953727008,0.63415618403614
2022-10-03,GB,9.2,0.43647220019641786,-14.5020402298727,0.640815422539452
2022-10-04,GB,9.2,0.9118127238354768,-13.186237374585156,0.6328893951161444
2022-10-05,GB,9.2,2.2522065800725577,-12.211059852766706,0.6252803909234818
2022-10-06,GB,9.2,1.1292370638375608,-13.348731166681738,0.6169757055390959
2022-10-07,GB,9.2,2.38623453483018,-13.193318593076969,0.6078012295247451
2022-10-08,GB,9.2,2.217533538084634,-13.113989365394705,0.5960566168863513
2022-10-09,GB,9.2,3.2971669659778753,-13.310293595780708,0.5873936136268971
2022-10-10,GB,9.2,2.7887472954875925,-14.140276235409155,0.6269789136760671
2022-10-11,GB,9.2,5.040675762867613,-15.653585683774416,0.6378152356238954
2022-10-12,GB,9.2,3.4293881977853324,-17.88791642416317,0.6307113126486614
2022-10-13,GB,9.2,2.7206290462354303,-16.733223376831887,0.6293940102793718
2022-10-14,GB,9.2,4.2644889026895925,-15.09785632350012,0.6234312381895991
2022-10-15,GB,9.2,3.51062911491944,-13.266617933580608,0.6141369444542768
2022-10-16,GB,9.2,3.922519533857668,-12.758053912878651,0.606883412260617
2022-10-17,GB,9.2,3.055516802075391,-13.83959060643297,0.6030113292675928
2022-10-18,GB,9.2,7.768543861601715,-12.528755394324827,0.6032271138237149
2022-10-19,GB,9.2,11.48751203466364,-6.04679309111818,0.5952525985560682
2022-10-20,GB,9.2,8.547053187171338,-5.9820111399164535,0.5899541124798297
2022-10-21,GB,9.2,9.941837268623589,-5.77847185780956,0.5865320511865244
2022-10-22,GB,9.2,9.028161888990969,-6.739818871474778,0.5807301778170266
2022-10-23,GB,9.2,8.429219583577853,-7.888833209893039,0.5747414891842447
2022-10-24,GB,9.2,7.834266001154425,-9.303235585132809,0.5698808836552096
2022-10-25,GB,9.2,8.048195325864455,-10.047460241471828,0.5691419314373277
2022-10-26,GB,9.2,8.80159020937977,-11.302269103902276,0.5661061986902671
2022-10-27,GB,9.2,10.182917180432293,-10.759730570610872,0.5627961791235385
2022-10-28,GB,9.2,13.976428639120696,-11.812062364827534,0.5572301938790121
2022-11-07,GB,9.2,14.807560545168464,-6.8014883262602,0.5357158476757462
2022-11-08,GB,9.2,13.858687471840073,-4.787504055385376,0.5318792991345153
2022-11-09,GB,9.2,18.8870333830707,-4.150445318335645,0.5348002668787804
2022-11-10,GB,9.2,2.637947251305663,-7.902834471477796,0.5416703621063005
2022-11-11,GB,9.2,9.775883804767382,-10.639428783984677,0.5394870192888335
2022-11-12,GB,9.2,12.0798468369398,-8.107703664833691,0.5397900870644619
2022-11-13,GB,9.2,14.51082224964713,-5.855862038044005,0.5474618899918411
2022-11-14,GB,9.2,10.10144646281594,-5.607576029157031,0.5521234649313784
2022-11-15,GB,9.2,7.835669080400155,-9.30581104017404,0.5553291873725162
2022-11-16,GB,9.2,12.962832632117614,-9.03585136816055,0.5577300485947599
2022-11-17,GB,9.2,15.764908822114489,-2.278022041301234,0.5588607120896838
2022-11-18,GB,9.2,11.239520015784668,-1.335645457695619,0.558383253690376
2022-11-19,GB,9.2,10.592881819505545,-2.6660560326280924,0.5565597355520715
2022-11-20,GB,9.2,9.271955287477166,-3.301811348699707,0.5542164772723751
2022-11-21,GB,9.2,11.745731628447604,-3.684502064914739,0.5500489941711646
2022-11-22,GB,9.2,13.768241781597151,-6.213506562817084,0.5476320633661624
2022-11-23,GB,9.2,16.787802221329763,-6.579079859914709,0.5468559531685663
2022-11-24,GB,9.2,13.849764312276951,-7.940065039824559,0.5447494892286031
2022-11-25,GB,9.2,10.940889793285807,-10.10188688105755,0.5411074855482388
2022-11-26,GB,9.2,10.31088192738949,-9.160426724969746,0.5382063969509899
2022-11-27,GB,9.2,9.571608632590626,-7.918300441543714,0.5387426075786144
2022-11-28,GB,9.2,11.12750294756702,-4.205912964654625,0.5360116300875469
2022-11-29,GB,9.2,12.845880556355976,-5.126541051551315,0.532552399569301
2022-11-30,GB,9.2,9.94891944543313,-6.573096538667256,0.5332211623809239
2022-12-01,GB,9.2,13.559033096076076,-2.9748728618257343,0.5317100761148934
2022-12-02,GB,9.2,8.159733398359723,-4.245032642151769,0.529370549368219
2022-12-03,GB,9.2,10.789182842447062,-4.013744676599387,0.5296627224508657
2022-12-04,GB,9.2,17.615706526925567,-5.300885239985814,0.530902182105987
2022-12-05,GB,9.2,12.035342065590228,-7.362647889188341,0.5291932974071122
2022-12-06,GB,9.2,16.01711837711396,-5.431658215414748,0.5263438668994421
2022-12-07,GB,9.2,14.297494288840886,-4.022036366013778,0.5251140117668981
2022-12-08,GB,9.2,14.420353896596776,-3.6538327922778513,0.5247798580765763
2022-12-09,GB,9.2,14.879981261875628,-3.4088528364277004,0.5236191885252922
2022-12-10,GB,9.2,15.818621477791464,-3.891207601767321,0.5214836607022887
2022-12-11,GB,9.2,12.815967171175911,-4.131916642676674,0.5211196746487997
2022-12-12,GB,9.2,16.61531092407709,-2.580553440970603,0.5199957307101493
2022-12-13,GB,9.2,11.650545744797284,-1.8076508393291444,0.5180204714314492
2022-12-14,GB,9.2,15.159541551534414,-3.081839974174429,0.5173002876052893
2022-12-15,GB,9.2,8.970199497624591,-5.311417799563207,0.5175358845682846
2022-12-17,GB,9.2,11.506471650468818,-2.2913917159826207,0.513825242481808
2022-12-19,GB,9.2,14.372983473883622,-1.0621302099988164,0.5129961333266857
2022-12-20,GB,9.2,8.072440026771014,-1.5762205806198644,0.5122309278747952
2022-12-21,GB,9.2,9.157353533345812,-1.6678219463841746,0.5119899217570132
2022-12-22,GB,9.2,11.441153179325273,-1.2172771677428524,0.5120570231442538
2022-12-23,GB,9.2,18.84384465299223,-2.5351243875020355,0.5114528476165298
2022-12-29,GB,9.2,14.499604182574725,-1.851084750386843,0.502360314202143
2022-12-30,GB,9.2,11.697755840451793,-2.1044377823181346,0.5019011256715994
2022-12-31,GB,9.2,8.677537610288233,-2.5350524194621515,0.5009483303783091
2023-01-01,GB,9.2,15.522572448236357,-1.9048480561699277,0.49986562233621684
2023-01-02,GB,9.2,10.425222839154902,-3.0474744392454016,0.4983337273544363
2023-01-05,GB,9.2,3.771923014754814,-21.60120012551209,0.5029795210582536
2023-01-06,GB,9.2,8.201877429732821,-11.509917966758293,0.5027028616108751
2023-01-07,GB,9.2,6.325202037667596,-11.348610995105822,0.5032427603008082
2023-01-08,GB,9.2,5.566419399560472,-15.237241366137114,0.5049070441513855
2023-01-09,GB,9.2,3.986340711348841,-18.210249594621693,0.5060500437702597
2023-01-10,GB,9.2,8.64527970709053,-14.892664757482097,0.5048411269483243
2023-01-11,GB,9.2,6.175300623762374,-14.639915223419315,0.5022306716297602
2023-01-12,GB,9.2,4.5616427545078615,-18.6422487809119,0.5031057054245777
2023-01-13,GB,9.2,5.522084275526114,-18.895132522722808,0.5063942932118778
2023-01-14,GB,9.2,11.98616346135233,-4.101364178268399,0.5038998441255255
2023-01-15,GB,9.2,12.673634349514591,-7.18826301409754,0.5025972658112176
2023-01-16,GB,9.2,8.971667047012284,-8.572963834601063,0.503396461698851
2023-01-17,GB,9.2,8.318878260458991,-11.749548883991665,0.5017057361895692
2023-01-18,GB,9.2,11.070658917972729,-3.112231277379908,0.49763202358875286
2023-01-19,GB,9.2,10.149354207883862,-7.972459329328389,0.4955313084518086
2023-01-20,GB,9.2,15.19184460613983,-3.3074604072290255,0.49587128590705437
2023-01-21,GB,9.2,9.167020122612954,-0.16586159052542726,0.4958031692273677
2023-01-22,GB,9.2,17.45476464753818,-4.944674000442081,0.49702350272571294
2023-01-23,GB,9.2,20.065944793742094,-2.9997883973109554,0.49498101321581145
2023-01-24,GB,9.2,25.256861073104616,-1.6919044737516742,0.49392570543757497
2023-01-25,GB,9.2,12.54182915235874,-6.022503174373718,0.4974581202168589
2023-01-26,GB,9.2,20.052233750561623,-3.432831338501715,0.4972686626824985
2023-01-28,GB,9.2,23.126729583459557,-1.2515275812194,0.49440390369894394
2023-01-29,GB,9.2,11.79008705742958,-6.883798037727496,0.49472320436633926
2023-01-30,GB,9.2,16.591807598907977,-6.500205571044722,0.49541545939129533
2023-01-31,GB,9.2,21.0442888261446,-6.692802365442879,0.49453355141261
2023-02-01,GB,9.2,18.537067113632613,-4.399834748114453,0.4924430234037507
2023-02-02,GB,9.2,20.528833593213772,-5.08738490716029,0.49202461965631206
2023-02-03,GB,9.2,18.100834286731818,-9.440573147903166,0.49282245602377667
2023-02-05,GB,9.2,15.423591764702463,-2.313835242764115,0.4942997234759536
2023-02-06,GB,9.2,14.415653870388894,-0.7539058095645318,0.49494062296530694
2023-02-07,GB,9.2,18.809997364104987,-1.262907424067273,0.49021984048003786
2023-02-08,GB,9.2,14.135292042551104,-4.2880364154437505,0.4683963282027264
2023-02-09,GB,9.2,16.095546964193034,-4.933406190699974,0.4546288086783383
2023-02-10,GB,9.2,20.437232786656597,-8.68467094991202,0.45718061325689924
2023-02-11,GB,9.2,9.406668707210065,-7.176062177259786,0.4537159447640483
2023-02-12,GB,9.2,22.38904271752085,-4.095386609918623,0.4600858705979011
2023-02-13,GB,9.2,15.9792826019697,-2.6641632081348807,0.46755379353924437
2023-02-14,GB,9.2,15.582004165380518,-3.646192103609175,0.4707764258373441
2023-02-15,GB,9.2,12.538159403957271,-6.721894738840664,0.47305888180167743
2023-02-16,GB,9.2,19.02388223217799,-7.884862698520705,0.47459552818051576
2023-02-17,GB,9.2,15.545067975872842,-7.895583655093378,0.4834462999168165
2023-02-18,GB,9.2,20.170583116839992,-1.4150341528403731,0.4888163151759652
2023-02-19,GB,9.2,14.891130971136407,-8.271948194250456,0.48898604782624094
2023-02-20,GB,9.2,24.52321319339986,-4.752477390546482,0.49067522305187367
2023-02-21,GB,9.2,22.760557993273416,-9.080252233653876,0.4885645309454592
2023-02-22,GB,9.2,21.595122180027587,-11.206212854029692,0.48450840930116884
2023-02-23,GB,9.2,20.412936831064524,-8.486636515641287,0.48240708897012935
2023-02-24,GB,9.2,20.12132394804794,-11.169052068450869,0.4816657572309825
2023-02-25,GB,9.2,25.441642326551648,-7.971473871715578,0.4818356179042678
2023-03-03,GB,9.2,6.97408384080121,-22.410142794276585,0.4749662629616408
2023-03-04,GB,9.2,8.449800161023324,-21.258236544010614,0.4728700813512504
2023-03-05,GB,9.2,7.745735469746201,-20.57874871642648,0.47152004671912895
2023-03-06,GB,9.2,13.492870115035078,-17.26004753388117,0.47161919922388856
2023-03-07,GB,9.2,6.5598407927636355,-20.46879554042641,0.47139216392816746
2023-03-08,GB,9.2,13.655899290236636,-15.483493979761842,0.46847964488599997
2023-03-09,GB,9.2,9.752134667905032,-10.903377845053758,0.4684952480509687
2023-03-10,GB,9.2,9.19096795039575,-13.761892912009191,0.47067802099407574
2023-03-11,GB,9.2,11.238032457476296,-12.677957116290278,0.4694173856191025
2023-03-12,GB,9.2,5.235390245864427,-17.96007164295258,0.4691386147301942
2023-03-13,GB,9.2,8.02551842740057,-17.59104173026635,0.47325028904791105
2023-03-14,GB,9.2,18.979788650763066,-6.781663775582646,0.4779897093821632
2023-03-15,GB,9.2,15.601503341941587,-2.9344526533847097,0.48930401412888913
2023-03-16,GB,9.2,9.881116964880643,-5.843727938798258,0.5040498904451391
2023-03-17,GB,9.2,11.49995827254795,-8.263698029094451,0.5172541055314529
2023-03-18,GB,9.2,3.352461886741741,-10.646926706297172,0.5256486227906817
2023-03-19,GB,9.2,16.478230203350165,-4.26652191594555,0.5265501747587858
2023-03-20,GB,9.2,11.211965867176664,-3.0676302241182456,0.526087022613912
2023-03-21,GB,9.2,11.895701548590608,-6.1045910481185075,0.5250732312554315
2023-03-22,GB,9.2,13.772582970786678,-9.654782686445165,0.5229724774708382
2023-03-23,GB,9.2,11.472876904326242,-9.320253590717972,0.5110024858622843
2023-03-24,GB,9.2,14.44106501175203,-8.115719045121839,0.4978840242094999
2023-03-25,GB,9.2,10.677639133142732,-12.238271605887332,0.4904250893860393
2023-03-26,GB,9.2,14.11233589692131,-12.286878693751833,0.481771644168075
2023-03-27,GB,9.2,14.809638814047632,-10.95019793063358,0.47582734014833583
2023-03-28,GB,9.2,18.477832335616096,-10.367670758412167,0.4735481216518959
2023-03-29,GB,9.2,19.806710977217783,-6.142905018912377,0.46786626373638934
2023-03-30,GB,9.2,13.471902381090043,-4.038012632140426,0.46006105491324123
2023-03-31,GB,9.2,11.45306206394101,-5.848877324248755,0.4574054470161167
2023-04-01,GB,9.2,15.317119131191289,-6.781379104230214,0.4574887855327787
2023-04-02,GB,9.2,15.416494105128717,-7.459650675061356,0.45701101823895895
2023-04-03,GB,9.2,17.893614092508788,-2.4685690827539655,0.453462851620772
2023-04-04,GB,9.2,14.989118042784986,-5.1310599103682275,0.4486980760851231
2023-04-05,GB,9.2,15.414311351950406,-6.351273205339571,0.444788669479172
2023-04-06,GB,9.2,16.911377212309173,-7.585775097693087,0.442090711381724
2023-04-07,GB,9.2,20.57645158085861,-5.887798230601939,0.44048896851741803
2023-04-08,GB,9.2,15.088295850726356,-4.12760193283911,0.4416698448941964
2023-04-09,GB,9.2,27.795392006523535,-4.458333719644541,0.44299033839443336
2023-04-12,GB,9.2,22.140419034005376,-3.9422473467078145,0.4377366388816502
2023-04-13,GB,9.2,22.517713610726386,-4.608012389579692,0.4376326175528797
2023-04-14,GB,9.2,21.271855334890866,-3.646418449739172,0.43692553415090385
2023-04-15,GB,9.2,14.335758759224198,-5.001639220396653,0.43506405449224683
2023-04-16,GB,9.2,20.734477055477058,-5.8649026856750375,0.4342579934238065
2023-04-17,GB,9.2,19.51250449606757,-4.113619344464788,0.43378547953635077
2023-04-18,GB,9.2,14.679761750093078,-0.6265326523134345,0.42898790069932513
2023-04-19,GB,9.2,19.171894235314102,-1.7617376421618338,0.424874036608977
2023-04-20,GB,9.2,16.787872990285287,-3.6655120719878687,0.42308557654950374
2023-04-21,GB,9.2,15.641709469855536,-3.252318800378396,0.42377113779255665
2023-04-22,GB,9.2,17.79436582078427,-4.183656332233227,0.4247733199950285
2023-04-23,GB,9.2,17.64403529699619,-2.8975780935916418,0.4212097817698136
2023-04-24,GB,9.2,16.87006790991104,-1.8418166755641632,0.41749586978599296
2023-04-25,GB,9.2,23.490973912814965,-1.854831305736596,0.4158675173948813
2023-04-26,GB,9.2,26.00568700746352,-3.1508508153454313,0.414033357321945
2023-04-27,GB,9.2,28.666259202225103,-4.459419306352677,0.414104003176471
2023-04-28,GB,9.2,24.856035854003977,-4.792446825368693,0.4136100005907013
2023-04-29,GB,9.2,25.81379561058424,-4.004338520252118,0.41340345388731853
2023-04-30,GB,9.2,22.981785200294308,-5.258713274662647,0.4163524850364388
2023-05-01,GB,9.2,19.465879189450252,-2.0830989933192736,0.4135457546223939
2023-05-02,GB,9.2,22.98838949558522,-1.51166641237072,0.4103399347553924
2023-05-03,GB,9.2,17.292703566928154,-1.7166171410391875,0.41025071777731237
2023-05-05,GB,9.2,25.027481126625677,-1.0302443800949712,0.40432913309948226
2023-05-06,GB,9.2,30.48986749499043,-0.9555817680170748,0.40163547606992206
2023-05-07,GB,9.2,20.165910035043108,-2.6039124457815896,0.4004689186082694
2023-05-08,GB,9.2,20.08280589003714,-2.7816486876495885,0.39990631665072623
2023-05-09,GB,9.2,30.70257753334476,-1.9723288857869503,0.3996805480817245
2023-05-12,GB,9.2,33.57097950718728,-5.876253314044251,0.40020011331304894
2023-05-13,GB,9.2,27.80120321262157,-8.168088474958491,0.40047428508210975
2023-05-14,GB,9.2,30.38666240241915,-5.525311040312705,0.39893201114848514
2023-05-15,GB,9.2,32.34307223197383,-5.823747471854732,0.3976586295657576
2023-05-16,GB,9.2,29.72278192276061,-5.56215577633521,0.39869220314032866
2023-05-17,GB,9.2,28.89535941979575,-5.480317819049421,0.39914347091301605
2023-05-18,GB,9.2,26.50371447464898,-4.927488845239119,0.39628366651039904
2023-05-19,GB,9.2,31.547857933555076,-4.663574196073212,0.4100675834094282
2023-05-20,GB,9.2,22.972868709602853,-7.002768551978434,0.4302076828081526
2023-05-21,GB,9.2,31.136201284786505,-7.977135703551772,0.41360315778606144
2023-05-22,GB,9.2,33.805544236021866,-5.939418148480939,0.39176546201865475
2023-05-26,GB,9.2,26.843973387419233,-3.27012787747371,0.40092483536676177
2023-05-27,GB,9.2,20.710771728170464,-2.4716423181015568,0.4072252254470494
2023-05-28,GB,9.2,21.975633320209756,-3.78962791971323,0.4112515868425021
2023-05-29,GB,9.2,28.764881077851054,-4.071054000125394,0.4134755374766296
2023-05-30,GB,9.2,33.45516936039567,-5.76603829602331,0.41545913459735473
2023-06-01,GB,9.2,29.28107808038632,-7.336351178865597,0.41525021309986027
2023-06-03,GB,9.2,26.772272299735647,-8.80601771982924,0.4119144666762714
2023-06-04,GB,9.2,26.51052249671523,-8.900182758858367,0.41139784091936904
2023-06-05,GB,9.2,33.31726536676746,-7.585910492204153,0.4081187261660778
2023-06-06,GB,9.2,28.575428528588382,-6.691521682771488,0.40322273871903913
2023-06-07,GB,9.2,32.712943715356644,-8.54283380214644,0.4011861736338331
2023-06-08,GB,9.2,25.58104742492221,-8.054245048657027,0.39894626348049783
2023-06-09,GB,9.2,24.81945792234582,-8.611576030101078,0.3941266403738885
2023-06-10,GB,9.2,29.960426320376833,-6.799030290708257,0.3901929582041741
2023-06-11,GB,9.2,28.193945376518595,-7.215880478113527,0.3886586031855049
2023-06-12,GB,9.2,24.88644786872386,-6.727534435074682,0.3873046632279687
2023-06-13,GB,9.2,24.510116191850862,-7.786183339667517,0.38524636544857793
2023-06-14,GB,9.2,26.51419441133064,-8.909846105234585,0.38517006179944974
2023-06-15,GB,9.2,20.73511620474842,-8.524654274941044,0.3885992755594179
2023-06-16,GB,9.2,26.80938005574613,-5.486029464038388,0.390754592148631
2023-06-17,GB,9.2,24.17736737162382,-7.528830196839,0.39136618050942396
2023-06-18,GB,9.2,25.153519657961496,-7.863372627038274,0.39118591548230786
2023-06-19,GB,9.2,24.74429330993174,-7.065802153189959,0.3925612298755329
2023-06-20,GB,9.2,25.154497550908385,-7.272530996232398,0.39893177210124425
2023-06-21,GB,9.2,21.2809730872904,-6.456940817208227,0.40887158326760203
2023-06-22,GB,9.2,13.918693806379164,-6.735549022989557,0.4196435543617395
2023-06-23,GB,9.2,24.364758856642187,-6.560149437313147,0.42867376631349585
2023-06-24,GB,9.2,21.61635661438166,-9.560726208938853,0.4445674365810176
2023-06-25,GB,9.2,16.913314406273525,-10.98463171759902,0.470290790963708
2023-06-26,GB,9.2,17.866797877744432,-13.39676121699518,0.5027775943453218
2023-06-27,GB,9.2,12.02087843134274,-16.388416242705077,0.5435708760922047
2023-06-28,GB,9.2,5.189124419923884,-18.237500066289265,0.5832945252146112
2023-06-29,GB,9.2,8.411052757115066,-18.79053458208763,0.6001335619179708
2023-06-30,GB,9.2,6.531648942077103,-18.50441603732105,0.6027433495825952
2023-07-01,GB,9.2,7.730129468616414,-19.00964414604834,0.6012315102781043
2023-07-02,GB,9.2,8.149751729239533,-19.463583907191957,0.5946057450170081
2023-07-03,GB,9.2,5.888917351165146,-18.76156900632429,0.5857281467801744
2023-07-04,GB,9.2,10.24056043535471,-19.331079459137612,0.5737514329922336
2023-07-05,GB,9.2,9.175687104310107,-17.33169606618015,0.5591257204560629
2023-07-06,GB,9.2,11.26718495538919,-16.003762186051627,0.5477537021238776
2023-07-07,GB,9.2,11.205327370234604,-16.70427741291144,0.5401071075652525
2023-07-08,GB,9.2,12.51325538492014,-15.2961001808469,0.5310127069863884
2023-07-09,GB,9.2,7.565829411705392,-15.174766200264957,0.5234776424185962
2023-07-10,GB,9.2,6.108491393067371,-13.636035220076208,0.5294697311647463
2023-07-11,GB,9.2,8.921586121359432,-15.683536014539143,0.5391026017989565
2023-07-12,GB,9.2,7.593717694792214,-15.905722542901689,0.5437725015401026
2023-07-13,GB,9.2,8.708684505229368,-16.722881611345223,0.5565723713369349
2023-07-14,GB,9.2,5.054236405172979,-16.170527121410817,0.5683347071535376
2023-07-15,GB,9.2,4.099482702006205,-15.275694635534188,0.5719062302658734
2023-07-16,GB,9.2,0.789546667812921,-16.96586215358305,0.5778560750913211
2023-07-17,GB,9.2,6.022808145326128,-17.619505065827457,0.5822428788528309
2023-07-18,GB,9.2,6.217643590486057,-16.505314799788554,0.581790468241018
2023-07-19,GB,9.2,6.010686199180035,-18.090805120949423,0.5795175634167782
2023-07-20,GB,9.2,5.643123399833652,-18.61736128020166,0.5792042526810989
2023-07-21,GB,9.2,7.151354534441599,-19.308089074504338,0.5821211686834511
2023-07-22,GB,9.2,3.1127053260672604,-20.23071932590596,0.5844234333428091
2023-07-25,GB,9.2,1.5845747413216067,-19.231181261353957,0.5605802767888827
2023-07-26,GB,9.2,3.867225479439039,-19.257348326611297,0.5529330054968543
2023-07-27,GB,9.2,3.606618994874705,-19.22267077189817,0.5487707540194398
2023-07-28,GB,9.2,1.5351058383969314,-22.65343090694796,0.5533964119039169
2023-07-29,GB,9.2,1.933264316010213,-20.907466866211717,0.5626720953788154
2023-07-30,GB,9.2,3.554188174063448,-19.78210746276117,0.5687928206966799
2023-07-31,GB,9.2,3.3252083317291627,-18.25917032489014,0.5694310531877975
2023-08-01,GB,9.2,5.434283560583415,-16.95440154890406,0.5698945205392495
2023-08-02,GB,9.2,4.679856882522302,-17.846821531658076,0.5728225980731247
2023-08-03,GB,9.2,3.404714141848489,-19.524730035021378,0.5996779404047639
2023-08-29,GB,9.2,2.248017335579713,-19.364693440713022,0.6168245697156578
2023-08-31,GB,9.2,2.505538821903727,-17.896261482451212,0.6078631373056979
2023-09-01,GB,9.2,1.0315664284514188,-19.10389980173611,0.5984547156598656
2023-09-02,GB,9.2,5.013516685463134,-19.78433491548193,0.5959174710931668
2023-09-03,GB,9.2,3.6235862744102185,-17.240927677336185,0.6001588347139462
2023-09-04,GB,9.2,2.5209258908928156,-19.315292386845137,0.6078091789186086
2023-09-05,GB,9.2,2.150553221840392,-18.962152852410835,0.6113004484982946
2023-09-06,GB,9.2,0.992744918263656,-19.66405786791779,0.613609465252632
2023-09-07,GB,9.2,0.6024244505452062,-20.614420947382445,0.6140999980960651
2023-09-08,GB,9.2,1.968065164011141,-19.110371554424653,0.6096102419659892
2023-09-10,GB,9.2,0.06465673271163297,-17.373820299414614,0.5939500005955572
2023-09-11,GB,9.2,4.5810426787531435,-17.906711555796548,0.58589247067882
2023-09-12,GB,9.2,3.80681136481858,-18.120888792260754,0.5818351888783926
2023-09-13,GB,9.2,4.000344982833584,-18.936901306870304,0.5824958726366328
2023-09-14,GB,9.2,4.137629076241583,-19.14247963890112,0.5821607931206852
2023-09-15,GB,9.2,4.8228380777970825,-17.799288307799667,0.5768617587040477
2023-09-16,GB,9.2,7.245100503833566,-17.413695777038672,0.5682719215718433
2023-09-17,GB,9.2,4.392201861103847,-17.01627908948165,0.5614920089439653
2023-09-18,GB,9.2,4.132199296508825,-17.177821538850687,0.5561940358664976
2023-09-19,GB,9.2,6.617757572021281,-15.67325665216808,0.5506334640807817
2023-10-04,GB,9.2,11.25135010945806,-15.27268515198454,0.49936640438162216
2023-10-05,GB,9.2,11.51603751187567,-13.677746627329356,0.49415493544429806
2023-10-06,GB,9.2,12.648801154865772,-14.57143206226352,0.4917589276218765
2023-10-07,GB,9.2,10.412692979724518,-12.821191279237643,0.4896165068363901
2023-10-08,GB,9.2,12.428483926212037,-9.721487554434704,0.48703784127208155
2023-10-09,GB,9.2,15.442118444407456,-7.0416513019731415,0.4829119593770264
2023-10-10,GB,9.2,11.479371145416064,-8.86713607988131,0.4784656064086178
2023-10-11,GB,9.2,6.531942914917495,-9.421203076333216,0.48102914091302656
2023-10-12,GB,9.2,5.924378281235747,-12.578278140187864,0.4874974616828194
2023-10-13,GB,9.2,10.938210051624289,-14.759682128592138,0.4860779519733703
2023-10-14,GB,9.2,10.384602560813718,-13.400110691852769,0.4861922884486592
2023-10-15,GB,9.2,12.044665320372248,-11.203230487523824,0.4933763954379819
2023-10-16,GB,9.2,12.797780068591749,-9.011052816953306,0.5017983358469751
2023-10-17,GB,9.2,12.339194069928965,-9.127017689010142,0.5073060945555437
2023-10-18,GB,9.2,10.794197261246106,-8.795676365723294,0.5116805930177021
2023-10-19,GB,9.2,12.117753420696609,-10.038905059324003,0.5164248605324808
2023-10-20,GB,9.2,11.834441733662022,-12.175564961788872,0.5206432330890404
2023-10-21,GB,9.2,8.987006183259652,-13.686418728767157,0.5192441719201546
2023-10-22,GB,9.2,12.569167894352075,-11.453728322664348,0.5125786769749988
2023-10-23,GB,9.2,11.769989656607752,-12.739569605269947,0.5056362484158246
2023-10-24,GB,9.2,12.100426112356525,-11.553110526889736,0.4986746626294583
2023-10-25,GB,9.2,11.140410570034536,-13.264510788548558,0.4935337621102562
2023-10-26,GB,9.2,12.70445245132894,-13.038209134614627,0.48931257409522233
2023-10-27,GB,9.2,14.984971059785751,-9.520754404407844,0.4850579438145134
2023-10-28,GB,9.2,10.941078312075604,-11.424778796537002,0.4807623998449485
2023-10-29,GB,9.2,13.501940351641164,-9.863375079260834,0.47755788195248255
2023-10-30,GB,9.2,11.9846581769591,-10.712718757631052,0.47540740003017345
2023-10-31,GB,9.2,13.978315011548856,-8.7653561535947,0.4739722370330188
2023-11-03,GB,9.2,20.8954491658776,-8.040376935095178,0.46328279144655243
2023-11-04,GB,9.2,23.223693129629098,-7.611759875979953,0.46163287015773313
2023-11-05,GB,9.2,18.61431007886059,-8.745669502612989,0.46066628965154344
2023-11-06,GB,9.2,18.950254967156877,-3.3112739033617196,0.4584657666080201
2023-11-07,GB,9.2,19.12973312926663,-5.697223663134951,0.45601577192435905
2023-11-08,GB,9.2,19.01639791272121,-4.196503241043233,0.4539481864176455
2023-11-09,GB,9.2,25.69119211424113,-1.1430004250215031,0.4514983163787127
2023-11-10,GB,9.2,17.504211921612256,-3.4153570719686375,0.4494929463700854
2023-11-11,GB,9.2,16.00199868604678,-9.266073852413964,0.4482878866881549
2023-12-14,GB,9.2,31.255874778416633,-2.951425401937828,0.47112598895587754
2023-12-15,GB,9.2,25.67827087039627,-3.8895407408751423,0.4718838522846499
2023-12-16,GB,9.2,9.421788470175883,-5.962801053516113,0.49180012535625905
2023-12-17,GB,9.2,9.187171688450798,-11.345604703206254,0.53250204224804
2023-12-18,GB,9.2,10.411506026684584,-13.277013101993347,0.59609664993678535
2024-01-21,GB,9.2,4.589237408078325,-18.93019675453371,0.7960593229430122
2024-01-24,GB,9.2,9.379452362845598,-25.25732818783059,0.7627700756702055
2024-01-25,GB,9.2,6.530451256922097,-26.016318874997516,0.7527384288984822
2024-01-26,GB,9.2,8.267316652115008,-28.095923868898463,0.7470463399274484
2024-01-27,GB,9.2,6.727592039591668,-25.96808892289473,0.745500156495742
2024-01-28,GB,9.2,9.13957096872065,-25.436666824540634,0.7518778465469377
2024-01-29,GB,9.2,10.344626196120858,-19.68532351582684,0.7571862667807608
2024-01-30,GB,9.2,9.746046037277967,-19.046453732064577,0.7594788572673828
2024-01-31,GB,9.2,7.629428022110406,-20.713000044434345,0.7612177837973485
2024-02-01,GB,9.2,12.31316704488214,-19.453461020114062,0.7590711226583929
2024-02-02,GB,9.2,11.03139359841853,-21.07369000151768,0.7541203954067219
2024-02-03,GB,9.2,12.973083130075814,-20.54880749410308,0.7431309443024161
2024-02-04,GB,9.2,4.139553661917916,-23.276921747436287,0.731159544828377
2024-02-05,GB,9.2,10.504783636265724,-19.97658683507872,0.7197991797227495
2024-02-06,GB,9.2,14.0962211355132,-18.93723697315262,0.704423047729711
2024-02-07,GB,9.2,18.085467755487308,-15.331343327810758,0.6898164218434054
2024-02-08,GB,9.2,18.328582798973855,-16.173877307664984,0.6827502054771785
2024-02-09,GB,9.2,18.30575584449758,-18.005977171348043,0.6790146419075144
2024-02-10,GB,9.2,17.524730626274707,-19.298484999591487,0.6731117391846945
2024-02-11,GB,9.2,25.410664681720817,-19.405740620349174,0.6647378796480782
2024-02-12,GB,9.2,17.54385643841165,-22.243536140422396,0.6558988344942148
2024-02-13,GB,9.2,25.118470334533995,-17.585415597168964,0.6452198965652384
2024-02-14,GB,9.2,24.001271174551537,-12.435182817138896,0.6333372042586365
2024-02-15,GB,9.2,23.592287413417733,-14.53984656946522,0.626583442811952
2024-02-16,GB,9.2,24.395067266029887,-14.732090826458736,0.6229797468612611
2024-02-17,GB,9.2,12.132296588992087,-17.622858850784045,0.62047835641639415
2024-02-18,GB,9.2,8.809591007400876,-13.222925810116614,0.6189773672852218
2024-02-19,GB,9.2,26.107562530953963,-10.514907051624787,0.6184159576362938
2024-02-20,GB,9.2,29.51211555913395,-9.64531355246448,0.624222942854797
2024-02-21,GB,9.2,25.03131677954119,-11.615884968117982,0.6353962999995444
2024-02-22,GB,9.2,25.266214359939017,-12.754759024923157,0.6500024977428
2024-02-23,GB,9.2,16.11378774330761,-17.45454561149542,0.6638641540556407
2024-02-24,GB,9.2,24.276583154378457,-16.926695199738326,0.6680661269169442
2024-02-25,GB,9.2,22.212179110161163,-15.810079911448216,0.66554707490928
2024-02-26,GB,9.2,25.088366335993456,-14.54989160652817,0.6640635473258141
2024-02-27,GB,9.2,25.366765272139844,-15.958660569206586,0.6607661083090242
2024-02-28,GB,9.2,24.39577899011274,-19.66826849565296,0.6534769073194121
2024-02-29,GB,9.2,31.474728415489395,-19.786964591059228,0.6425914639378749
2024-03-01,GB,9.2,22.39781195112918,-19.066464627866985,0.6335762265645307
2024-03-02,GB,9.2,17.428538152478172,-23.56175466063826,0.6273852328219158
2024-03-03,GB,9.2,25.047507323675593,-23.88605020545768,0.6204349155519403
2024-03-04,GB,9.2,25.20593717261579,-22.178525609027613,0.6121064455144828
2024-03-05,GB,9.2,8.207171982701945,-22.971310909177937,0.6123888747407116
2024-03-06,GB,9.2,20.94212294104589,-23.815151145942,0.6211153445789408
2024-03-07,GB,9.2,22.36033646055231,-20.829957257046683,0.628003507933881
2024-03-08,GB,9.2,23.16987901085226,-22.07478029990235,0.6327842749206636
2024-03-09,GB,9.2,19.623218283873168,-23.710701595036006,0.638374836787599
2024-03-10,GB,9.2,16.96557176168596,-22.48163027579218,0.6427906796285733
2024-03-11,GB,9.2,19.866935878219927,-16.55596599422014,0.6423034816929674
2024-03-12,GB,9.2,17.607183421832595,-17.95460931959803,0.6501110687576994
2024-03-13,GB,9.2,16.786724097474547,-19.098132107363863,0.67006199002056
2024-03-14,GB,9.2,16.5382708718196,-20.519376871084965,0.6878138643699467
2024-03-15,GB,9.2,14.709856284272131,-22.20038923244129,0.698068026228063
2024-03-16,GB,9.2,7.664100519372558,-24.139981605262847,0.7011002086126777
2024-03-17,GB,9.2,8.914283522663247,-25.45092429749352,0.6978984530740548
2024-03-18,GB,9.2,5.835950890278991,-22.89193636325013,0.6903563526170893
2024-03-19,GB,9.2,10.34849854979054,-17.362380531159424,0.6759106908702518
2024-03-20,GB,9.2,13.326774084793236,-15.162710224389468,0.6612577017331671
2024-03-21,GB,9.2,14.345502315738036,-15.866822972405972,0.6489710808770753
2024-03-23,GB,9.2,12.030517930620396,-20.076039744592865,0.635301448637581
2024-03-24,GB,9.2,14.207983175449932,-16.43009133839424,0.6257190062547524
2024-03-25,GB,9.2,17.05614034515828,-16.783452097964464,0.6179108011196941
2024-03-26,GB,9.2,16.64982994439057,-19.161416572141103,0.6199248929191408
2024-03-28,GB,9.2,13.307126386843134,-21.269188612216215,0.6309342261059494
2024-03-29,GB,9.2,10.111701745610576,-16.108724100827445,0.6284537471392341
2024-03-30,GB,9.2,12.597676847037985,-17.211383159226273,0.6287918191651759
2024-03-31,GB,9.2,13.987402314932948,-17.201619253763933,0.6322426430699019
2024-04-01,GB,9.2,12.015738928855582,-18.55271189270726,0.6316497313944168
2024-04-02,GB,9.2,8.861173683606408,-20.870000893173852,0.6292288767297045
2024-04-04,GB,9.2,8.666921008250094,-18.161101790043855,0.6405421619052365
2024-04-05,GB,9.2,9.19891723828506,-17.39641640703867,0.6531511590883157
2024-04-09,GB,9.2,4.588170074361786,-21.8959131616373,0.7057572946384243
2024-04-16,GB,9.2,5.014447642230332,-20.63737291026801,0.6867614849958374
2024-04-18,GB,9.2,7.6293900594735025,-20.78343964933098,0.6826480152991743
2024-04-29,GB,9.2,8.044745585252093,-17.33094391134959,0.6143451484287094
2024-05-01,GB,9.2,14.746322238209812,-14.863013016751594,0.5764802232348547
2024-05-02,GB,9.2,15.388225088034597,-14.8644174045769,0.5606982314785482
2024-05-03,GB,9.2,12.5097350136296,-15.866260106766576,0.5458597892165771
2024-05-05,GB,9.2,5.495313162911793,-15.27617732799924,0.5256500382534278
2024-05-06,GB,9.2,13.288348506920624,-15.86319199719749,0.5190744411276306
2024-05-07,GB,9.2,10.497664017687686,-17.877775996316863,0.5146503496326401
2024-05-08,GB,9.2,11.389145097234906,-18.10541143926133,0.5098531837714942
2024-05-09,GB,9.2,12.852151441829053,-16.89249050898626,0.5046414998071207
2024-05-10,GB,9.2,7.113501719465143,-14.921046820583458,0.503033982948468
2024-05-11,GB,9.2,12.756440154450742,-14.232308072051248,0.5008040375668467
2024-05-12,GB,9.2,10.727391175063511,-11.3449095875026,0.4951340022279654
2024-05-13,GB,9.2,5.539062387191212,-12.13378130155735,0.4958920223445348
2024-05-14,GB,9.2,7.879345184178411,-13.351910030681452,0.4988153795591896
2024-05-15,GB,9.2,4.68625394581808,-12.192143061300644,0.4975173838549177
2024-05-16,GB,9.2,12.411682708076327,-12.230550399953772,0.4965798535083658
2024-05-17,GB,9.2,7.192318822713856,-13.043783806767523,0.4952444478549542
2024-05-18,GB,9.2,6.575848860649248,-11.952087223114503,0.4937469845534716
2024-05-19,GB,9.2,8.927216637212476,-13.429963275806598,0.49333824339385923
2024-05-20,GB,9.2,9.813588113740607,-11.828941816198627,0.4922878084404141
2024-05-21,GB,9.2,9.807821892302986,-11.04207700143251,0.49004193954917746
2024-05-22,GB,9.2,9.437667226486989,-11.650913511734744,0.4874789300358476
2024-05-23,GB,9.2,13.44368791438477,-11.626003340986546,0.4850773235279566
2024-05-24,GB,9.2,13.372530536678328,-12.028715061636774,0.48533032365036916
2024-05-25,GB,9.2,9.740852884379786,-13.824912590270568,0.4858367159484387
2024-05-26,GB,9.2,10.856917098750497,-12.215667485722827,0.48551575352258985
2024-05-27,GB,9.2,9.755562056264145,-11.498914156046624,0.4862685629457286
2024-05-28,GB,9.2,9.263726917972042,-12.558083464426046,0.48731090247006253
2024-05-29,GB,9.2,13.720014830639176,-11.845792295647572,0.48709430985594043
2024-05-30,GB,9.2,14.051899503618602,-10.774252907401664,0.48357238050837614
2024-05-31,GB,9.2,14.294253974666498,-10.01892995299226,0.47865514121799846
2024-06-01,GB,9.2,14.671459317451612,-10.305581697776688,0.47416573426545616
2024-06-02,GB,9.2,5.38120357875987,-9.456940032610763,0.4708341106251469
2024-06-03,GB,9.2,12.71029811034186,-9.717857056633123,0.4676632758355899
2024-06-04,GB,9.2,12.593723856439086,-10.134847490762676,0.4642203074125547
2024-06-05,GB,9.2,10.618156846562666,-9.927459317898371,0.46082386791586305
2024-06-06,GB,9.2,15.695830675313196,-10.088180249061828,0.45839808800137444
2024-06-07,GB,9.2,13.862480484173066,-11.963577050116651,0.45539533638081076
2024-06-08,GB,9.2,17.448685998234705,-10.15826537082505,0.4515849277194344
2024-06-09,GB,9.2,15.216486179457943,-9.823920361584014,0.44879114347148813
2024-06-10,GB,9.2,12.349030489615984,-9.05407639566431,0.4464864731377836
2024-06-11,GB,9.2,10.767391799756092,-10.416536458048444,0.4439282709245131
2024-06-12,GB,9.2,11.579020639606076,-10.108173000926952,0.44279621951071657
2024-06-13,GB,9.2,11.370539537757963,-11.036746199479024,0.44128174329970105
2024-06-14,GB,9.2,14.660175075838684,-9.087191288911294,0.43874482879454435
2024-06-15,GB,9.2,14.1544646668057,-8.740562539215581,0.4390855991206549
2024-06-16,GB,9.2,12.175361118097465,-10.160010867951252,0.45123314076118126
2024-06-17,GB,9.2,12.821784085818456,-9.339693773828346,0.46282046400293925
2024-06-18,GB,9.2,13.359891916936162,-8.728004854271095,0.4626640261616212
2024-06-19,GB,9.2,11.40834578430473,-9.224288472641916,0.4603107546454814
2024-06-20,GB,9.2,14.968540769906504,-8.082418621182008,0.4595613080228255
2024-06-21,GB,9.2,14.174121758929212,-7.812764115674496,0.4601217676464994
2024-06-22,GB,9.2,13.86670328164737,-8.478371814946591,0.45889891845145475
2024-06-23,GB,9.2,15.162527892804976,-8.89168837280522,0.4571189198125161
2024-06-24,GB,9.2,15.86293550992577,-9.028873043398374,0.45728745608423416
2024-06-25,GB,9.2,12.774806049988504,-9.660887778727924,0.4569804961444316
2024-06-26,GB,9.2,15.42204983554741,-8.351523268444101,0.4549087103376819
2024-06-27,GB,9.2,9.361918697458105,-8.16202714336504,0.4520349185133961
2024-06-28,GB,9.2,12.073230586634915,-7.682467651875592,0.45040193021121117
2024-06-29,GB,9.2,10.403217697570112,-8.19599850277843,0.4514344055335572
2024-06-30,GB,9.2,14.13924367751694,-8.307120961098388,0.4562125430439841
2024-07-01,GB,9.2,11.10569845860459,-10.66468779869445,0.46078491329920557
2024-07-02,GB,9.2,14.08051823089788,-10.346829352219231,0.45997585386605166
2024-07-03,GB,9.2,17.815324747878254,-9.35831513755262,0.4590888690389632
2024-07-04,GB,9.2,16.121813833298805,-9.686497892042189,0.46094792148064495
2024-07-05,GB,9.2,13.203038571248369,-9.617297278592252,0.4613659234101646
2024-07-06,GB,9.2,14.807697375372978,-9.37634776225836,0.45953701525393365
2024-07-07,GB,9.2,9.994802983790043,-9.373867783253038,0.45663554492331504
2024-07-08,GB,9.2,13.20397147818766,-10.13177393511401,0.4546544211966407
2024-07-09,GB,9.2,18.03412323112561,-9.87492999225688,0.4563449296857381
2024-07-10,GB,9.2,16.544403062953798,-10.02796311164278,0.46066333273418186
2024-07-11,GB,9.2,16.253687021748224,-10.684269173575256,0.4673152296999442
2024-07-12,GB,9.2,11.323468405047867,-10.437945889384332,0.47444899912150795
2024-07-13,GB,9.2,13.04779655822264,-10.02860945786969,0.47843841411164995
2024-07-14,GB,9.2,13.447062315299206,-10.135141130212844,0.4781260099165402
2024-07-15,GB,9.2,11.589991318422577,-10.1323994462914,0.4731303063673438
2024-07-16,GB,9.2,12.91868042938828,-9.286591483890309,0.46646855624149364
2024-07-17,GB,9.2,14.114868681742667,-8.620890353913618,0.4614553001785814
2024-07-18,GB,9.2,13.60618294895954,-8.923270529160998,0.4586728949555999
2024-07-19,GB,9.2,13.16624747631068,-9.82288595102882,0.456725005073302
2024-07-20,GB,9.2,12.23328799658282,-8.74954663623351,0.45432094968330383
2024-07-21,GB,9.2,11.500885226909674,-10.249127621206268,0.45196244957046705
2024-07-22,GB,9.2,15.03968615066878,-8.737760044838991,0.4490914931668423
2024-07-23,GB,9.2,15.668585422251931,-9.668520568834904,0.44596612464464724
2024-07-24,GB,9.2,18.11250804237268,-9.479580525401552,0.44430248528883676
2024-07-25,GB,9.2,13.11887069461571,-10.764602128206828,0.4452832772605801
2022-11-07,ID,4.077845882776664,16.118217385792647,-15.59127911467961,0.9974177680822452
2022-11-08,ID,4.111509173281226,13.144447762584596,-11.499833045494904,0.9826430230630084
2022-11-09,ID,4.12179373370364,13.138776207037782,-12.359579402074235,0.9679142976395282
2022-11-11,ID,4.027942023372729,8.997954416015025,-11.8096043541646,1.0278476186593462
2022-11-12,ID,4.016606404738583,11.123980189021292,-12.980125472537068,1.0238752392700654
2022-11-13,ID,4.016983882945733,15.15100942424128,-11.93106313974259,1.0183309645594958
2022-11-14,ID,4.047532420592223,12.260523645375144,-11.15185075069689,1.0071375775763334
2022-11-15,ID,4.0501679807029,8.501120298451589,-11.639003089336724,1.0069983692617142
2022-11-16,ID,4.030152641675817,14.787614865289369,-12.965152353933856,1.0158580485552509
2022-11-17,ID,4.066842533233162,12.868689331934808,-10.83162285972248,1.0023648454964638
2022-11-18,ID,4.079425863763957,12.260643281895044,-10.06728477054506,0.9902618100426948
2022-11-19,ID,4.085655369480104,10.324344534676754,-10.242667223002826,0.9844400294208399
2022-11-20,ID,4.083858396677369,5.167791004218339,-8.385168804780918,0.9839563470598093
2022-11-21,ID,4.101938881068266,12.54693712219406,-9.09007978065922,0.9776028515417988
2022-11-22,ID,4.096902836308956,11.817981878299474,-10.56679249943038,0.9794442480695384
2022-11-23,ID,4.1007182946415215,13.511037965659003,-10.907904269397957,0.9792644854800954
2022-11-24,ID,4.09676043356385,12.82536194558958,-11.253871210182217,0.9776202533410305
2022-11-25,ID,4.100713773729868,11.764266825712976,-11.717037501932149,0.9751199659591927
2022-11-26,ID,4.113651977909557,9.644070357275854,-10.409968505122004,0.9703076383882954
2022-11-27,ID,4.126337022980597,12.489660825121163,-10.160063547269448,0.9702255710548525
2022-11-28,ID,4.126355106627203,11.94511604270495,-9.70798675520823,0.9639482467298968
2022-11-29,ID,4.151157852216592,13.625346280786768,-10.11669039376661,0.9511524763672661
2022-11-30,ID,4.152715228645629,9.702185788126444,-10.028052487781972,0.9577260018743081
2022-12-01,ID,4.157902717973342,13.849323727489995,-8.35884145746946,0.9540285877459048
2022-12-02,ID,4.178738560661763,13.39335613010912,-9.115862151782537,0.9366933943213488
2022-12-03,ID,4.183659328145872,13.176645209622196,-9.594711852414576,0.935933308523747
2022-12-04,ID,4.1709381157816265,13.258959682153888,-10.454856725463202,0.9403550953998407
2022-12-05,ID,4.182780052633074,12.057713219079064,-9.518448761703311,0.937555778297072
2022-12-06,ID,4.176213756914634,14.72336431701793,-10.299756594465167,0.936891901260637
2022-12-07,ID,4.184124958158315,13.224140137523491,-9.623077326037514,0.9350703983567916
2022-12-08,ID,4.198007985097845,14.016740663121222,-9.730415253521471,0.9296463017489656
2022-12-09,ID,4.19595785318646,13.883999063923698,-10.133319911175432,0.9266573946495044
2022-12-10,ID,4.208301587343554,15.39096886574707,-10.737389863932476,0.9218597837766093
2022-12-11,ID,4.2099878037827425,11.849889765502116,-9.878252476666493,0.9201128709591089
2022-12-12,ID,4.2206317587656965,14.849873672624456,-10.506922493691652,0.9161688229977207
2022-12-13,ID,4.235615573945122,12.350168911015244,-9.48993707799807,0.9106882084915325
2022-12-14,ID,4.2409793668834235,13.735636914643456,-10.788948653981429,0.907644557623682
2022-12-15,ID,4.228151919067278,7.877656565432304,-9.753391969790368,0.925130800216077
2022-12-16,ID,4.222672848853783,13.05920232864281,-8.744674367368354,0.92670739307136
2022-12-17,ID,4.245789378003984,12.025423493154202,-9.76190153249634,0.9055127121100264
2022-12-18,ID,4.246047058024287,12.159223724969667,-9.144414595860322,0.9037103838688781
2022-12-19,ID,4.259593294961526,11.225555069535268,-9.366666532861023,0.8984118330332418
2022-12-20,ID,4.2630674423801445,8.721743395132473,-9.52421719960016,0.899188409405518
2022-12-21,ID,4.236454161253065,7.687974873206477,-10.502506205647045,0.9081986106624571
2022-12-22,ID,4.245651496170535,12.018403011953287,-10.664066936265636,0.9037223686663172
2022-12-23,ID,4.2401362586638305,15.418282087320216,-12.19655434915512,0.9139189572781117
2022-12-24,ID,4.24618493985774,10.057531351311225,-10.586565941157916,0.9069097811852601
2022-12-25,ID,4.260795797741663,11.07408022501083,-11.364303709866688,0.8989688585550827
2022-12-26,ID,4.255538240255261,10.991084213361688,-11.969646946667122,0.8963879412555924
2022-12-27,ID,4.268458360788349,10.48549365605566,-13.42605725930268,0.8947380525454371
2022-12-28,ID,4.280806615857094,7.984888389370256,-16.08744075213029,0.8880008707502047
2022-12-29,ID,4.287515314320637,7.122278042902978,-17.521648769010277,0.8830618463599604
2022-12-30,ID,4.293238501819484,12.91441605637681,-19.177907721642637,0.8798751042297706
2022-12-31,ID,4.299228411161931,1.3598295993727945,-16.201197924959846,0.8791394664057398
2023-01-01,ID,4.286303769717196,15.124900963761888,-11.650331555815546,0.8825558261096116
2023-01-02,ID,4.287146877936791,15.735721286968628,-12.030183325991526,0.8826547194654046
2023-01-03,ID,4.28401404143211,21.548119150279756,-10.322892126779712,0.8833536862156334
2023-01-04,ID,4.284009520520461,6.060929297474607,-11.631391943540017,0.8934627426796552
2023-01-05,ID,4.261132587743955,10.676257983492018,-11.03378013004317,0.8979516881811285
2023-01-06,ID,4.27073452633848,9.481245303558646,-10.357809452113663,0.8905084448888847
2023-01-07,ID,4.272780137338213,9.44999292815182,-10.237659854626832,0.888963297862372
2023-01-08,ID,4.272398138219408,10.284550690427103,-10.179601094795716,0.8900457110672236
2023-01-09,ID,4.2658092379427135,10.79836573794716,-11.33220828700486,0.8934046909805228
2023-01-10,ID,4.257778238512185,11.01994291961227,-10.659901672354156,0.8949542959717314
2023-01-11,ID,4.269758057197083,10.618812912794606,-10.960493650346336,0.8909028692913118
2023-01-12,ID,4.274199631933797,11.261269823152077,-11.312727962160135,0.888780084157869
2023-01-13,ID,4.261944049581995,10.299379238455822,-12.625894386026564,0.9093673106093518
2023-01-14,ID,4.268560075328592,12.428618541057618,-9.43920893373224,0.8982686463991258
2023-01-15,ID,4.278632164847208,11.15142132967492,-10.164821115070628,0.8910880010700079
2023-01-16,ID,4.264127542415181,10.83591592058809,-10.147436466261682,0.8923554023626366
2023-01-17,ID,4.259446371304767,11.03698565313104,-11.03180556677413,0.895289518387772
2023-01-18,ID,4.254175251083412,11.679451099029093,-11.98464239049352,0.9001317582399694
2023-01-19,ID,4.243397935178657,10.62712435059198,-13.248353800623963,0.9040150226016616
2023-01-20,ID,4.229146471855277,13.710236853457053,-11.542475231829403,0.9132711870495323
2023-01-21,ID,4.240656139616083,4.975302195443932,-9.255345602603532,0.9084314875944403
2023-01-22,ID,4.235229053914673,12.418160989597755,-11.691902918343605,0.9130455493151529
2023-01-23,ID,4.216346149509042,14.071656417816618,-12.53257290565794,0.9215249931932277
2023-01-24,ID,4.245802940738935,12.993739386425128,-11.376065655237776,0.906685581119973
2023-01-25,ID,4.256921567557638,8.185662565384893,-11.97526753568023,0.9168599282274306
2023-01-26,ID,4.140398619958437,14.757568515047302,-11.487443038989245,0.9563633022851661
2023-01-27,ID,4.130934563197368,13.780178811553975,-11.17176823235227,0.9674237115285695
2023-01-28,ID,4.073090122595915,13.769492120331003,-12.092637454043206,1.0061046823882354
2023-01-29,ID,3.9827532478884815,16.074832883498736,-13.62321582708455,1.0621848428311205
2023-01-30,ID,3.838733222737752,15.981244389548094,-15.386578468340002,1.1332693172944808
2023-01-31,ID,3.721810192373148,17.14405181274621,-16.598669318677096,1.189598077457083
2023-02-01,ID,3.612554245966877,15.153525858361094,-14.58468472012515,1.2421777483376386
2023-02-02,ID,3.5189963829494735,16.381050567220036,-17.0332012709397,1.2934877654169006
2023-02-03,ID,3.4208590633619016,11.132969737612225,-15.810798541208523,1.3512153692913116
2023-02-04,ID,3.3257890330319744,13.328768036067803,-15.930291917820742,1.3721548817240763
2023-02-05,ID,3.2964339563423226,15.696996508070471,-17.40824733560817,1.3982522995153701
2023-02-06,ID,3.2279975452699947,15.80712453544558,-16.96493218529634,1.434236538072323
2023-02-07,ID,3.152777846663792,13.747628646564506,-18.04954815606248,1.4627738421460708
2023-02-09,ID,3.0780192571583775,18.925080718231172,-28.156559821359455,1.4939579548484865
2023-02-10,ID,3.0478301140724327,11.11317125450789,-16.08830242771252,1.5185836123496463
2023-02-12,ID,2.8629408235595997,15.26171287726732,-12.118965211990531,1.6132435687503388
2023-02-13,ID,2.795051418909433,14.273297306810043,-13.340396347104724,1.6471594376291672
2023-02-14,ID,2.6504550073827136,13.211734762478333,-14.269202287495812,1.7315641885596893
2023-02-15,ID,2.3788860805310232,11.254433851134806,-15.633161053739263,1.8828513629413008
2023-02-16,ID,2.042483730035786,10.290724438006636,-14.09742292060269,2.04509596419381
2023-02-17,ID,1.7523189587526034,4.073181292134812,-13.918334858678532,2.21725948191525
2023-02-18,ID,1.543298248171035,5.690193658972259,-11.67523173580072,2.313979595920384
2023-02-19,ID,1.329352249193712,2.8693145992686606,-10.73310896446209,2.4160066997503966
2023-02-20,ID,1.1442414459537824,3.950850423955581,-9.939797498216,2.509527514515977
2023-02-21,ID,0.9862185956766716,2.669509682698332,-8.537741334005851,2.5813200156031773
2023-02-22,ID,0.8729030736524894,2.8147453191060574,-7.167965400303696,2.6306988502317554
2023-02-23,ID,0.82859130725332,2.8436652518681473,-6.196322767153853,2.656988493535323
2023-02-24,ID,0.8088381691581956,3.911731017155941,-5.86725413030061,2.659930182939235
2023-02-25,ID,0.86439740238621,4.79767428099571,-6.356015142241007,2.635184775437623
2023-02-26,ID,0.9541036397778448,7.521238644886884,-7.470080493806315,2.5919705655448597
2023-02-27,ID,1.050523096544672,6.802179239253071,-9.065886507188967,2.5458162478614934
2023-02-28,ID,1.1558347446082229,7.341400178312123,-11.516178391323962,2.494028540946571
2023-03-01,ID,1.3153308031523716,9.421270357085126,-13.48815808952118,2.425573571794845
2023-03-02,ID,1.4350662345065972,14.220943153020514,-15.384968511745988,2.3587924522155244
2023-03-03,ID,1.5408344707592985,12.370252936111951,-16.837005996856437,2.2930706203715405
2023-03-04,ID,1.6640186532216008,9.954989237099989,-17.759516403069924,2.23379345906516
2023-03-05,ID,1.8182215242544937,17.070531705579256,-19.146181212941485,2.1643229682519847
2023-03-06,ID,1.950225563427118,18.74491798394357,-20.329326841218062,2.0926222184678585
2023-03-07,ID,2.070977614859242,16.523020265263114,-21.654539164132444,2.027371269601193
2023-03-08,ID,2.213320465394084,20.05532574427523,-21.374077491986096,1.959949885566273
2023-03-09,ID,2.3220881772296567,19.902605830168863,-20.201803822840745,1.9016423900630621
2023-03-10,ID,2.4016025269158225,17.82914641027128,-20.4055844762899,1.8504875451752598
2023-03-11,ID,2.5017583320332206,17.281755432843863,-22.384601019461215,1.808735263675109
2023-03-12,ID,2.5731625723068667,15.522196319372966,-20.813138359594273,1.7611452865020072
2023-03-13,ID,2.5512168995552456,9.35239691349916,-19.669904698902737,1.781728197919811
2023-03-14,ID,2.6202658642967687,16.068879043053272,-19.13675141644257,1.7432584835441978
2023-03-15,ID,2.6513252410722146,17.33324296032443,-18.451259993228454,1.723456605956764
2023-03-16,ID,2.6315540193304776,15.170828772652706,-18.020009980578177,1.7312983954085486
2023-03-17,ID,2.6042129072590043,15.129860193253528,-19.60747041402057,1.745481984482549
2023-03-19,ID,2.578345540722929,13.21615183998968,-17.67954575592791,1.7579458874125173
2023-03-20,ID,2.6045994272894566,12.510324030891368,-18.571043165790645,1.748118843066526
2023-03-21,ID,2.603166369958921,11.062461779290516,-17.32063477413388,1.7509624059654716
2023-03-22,ID,2.5768017270288452,11.676089508663376,-21.247763041941713,1.7591118058732023
2023-03-23,ID,2.6385113559910214,9.619862043286696,-21.393155129284533,1.7491983797437827
2023-03-24,ID,2.65359688571069,9.57107844265288,-20.42782832823793,1.734539450487672
2023-03-25,ID,2.67251595740953,6.47518682933888,-19.774557751735692,1.731943673052563
2023-03-26,ID,2.7152839101146147,9.67126988585842,-20.47940278570199,1.7181091123746517
2023-03-27,ID,2.7725564852517275,10.023206732269768,-20.372260305196953,1.6895022995153701
2023-03-28,ID,2.816398100726807,8.393011229646106,-20.295992104882693,1.6557174015583356
2023-03-29,ID,2.887451988263202,10.503760136008117,-18.55904724455691,1.6247680609584174
2023-03-30,ID,2.9395687204541616,8.400396920119467,-18.499465257902003,1.5976307503771288
2023-03-31,ID,2.932274593791322,10.593367196626517,-17.653776161851003,1.6030830820278665
2023-04-01,ID,2.9045831289826083,8.905957727897357,-18.07299035563491,1.6305051372114425
2023-04-02,ID,2.8558117042001228,10.784418888689256,-19.23201725839569,1.6437569782283095
2023-04-03,ID,2.8689849838418557,4.103284066583013,-22.95431543142312,1.635234630168561
2023-04-04,ID,2.9052793135454476,8.122927502676635,-22.163925446878444,1.6122218501125043
2023-04-05,ID,2.972978851850073,8.417984387128028,-21.06752357024071,1.5818553250520093
2023-04-06,ID,3.0237778039856935,9.72300217487976,-21.17644321722586,1.5537540535577827
2023-04-07,ID,3.091938451391112,9.450105260161983,-22.41069649867272,1.5249336345608975
2023-04-08,ID,3.112064546781741,4.30543956296861,-18.847078296507025,1.499214822505917
2023-04-09,ID,3.159748746059287,3.522961248287482,-18.43077221128076,1.4798719399899456
2023-04-10,ID,3.2602729875605303,8.209205069661575,-18.450765876794375,1.4379493863401167
2023-04-11,ID,3.3164583371927017,10.66475209253465,-18.17265766181618,1.415897020203559
2023-04-12,ID,3.3387136744767103,14.347653037800614,-18.51757749047565,1.402514647992068
2023-04-13,ID,3.32168424829755,10.397294611568867,-17.32830439398252,1.3948947107251284
2023-04-14,ID,3.3606277008467735,9.704173015499313,-18.053757106226858,1.3843539835146
2023-04-15,ID,3.39967738884789,10.82387748076724,-17.723517908875014,1.3571283735052013
2023-04-16,ID,3.4889270380503814,12.451158429890418,-18.121895489067125,1.3261070801076271
2023-04-17,ID,3.570753720579886,11.621452618623158,-18.957276784113528,1.2955377348472719
2023-04-18,ID,3.668163209223059,11.29575125553417,-16.451051726770302,1.2526352571675683
2023-04-19,ID,3.6488757011403736,12.68756372479482,-16.64906017867768,1.2260708393466768
2023-04-20,ID,3.695610556746427,11.047769940250337,-17.952175165683435,1.207482242366299
2023-04-21,ID,3.712235379248532,12.103748016796615,-16.39007203937252,1.1900829581712062
2023-04-22,ID,3.758454874813983,11.006376337083047,-17.500253617577396,1.1685881455208296
2023-04-23,ID,3.8776766752869736,11.737179703721798,-16.736960844052078,1.1300785960848905
2023-04-24,ID,3.982628928789981,5.7289638559084395,-15.60870870686182,1.0865958915820102
2023-04-25,ID,4.0394042275330975,8.870770916608624,-14.18256744112455,1.0513303697082608
2023-04-26,ID,4.162907116351095,10.07441652076512,-15.424303454984706,1.0028244639040444
2023-04-27,ID,4.232984534746092,11.158801561406458,-14.39845674667901,0.9520354243556365
2023-04-28,ID,4.246526250771682,10.543677070102012,-13.985915309327678,0.9506695134740335
2023-04-29,ID,4.284018562343758,10.385659587451006,-14.406953416253026,0.930662610737311
2023-04-30,ID,4.249351677227902,9.679575123557516,-13.759213324371837,0.9651073593454421
2023-05-01,ID,4.244121245211401,10.92728242099422,-14.39769863076518,0.9441770492107014
2023-05-02,ID,4.256469500280147,11.720994299363523,-14.327109869796203,0.923568107952716
2023-05-03,ID,4.298869016601386,11.510921696465935,-15.068318076027028,0.9119560891760586
2023-05-04,ID,4.319851782946563,11.771462823600052,-13.557515556354018,0.9028074463782348
2023-05-05,ID,4.33100657705847,11.532736341500431,-14.79576966852654,0.890858239805407
2023-05-06,ID,4.374396125256051,10.51983677760006,-14.15238799568565,0.8825133054414539
2023-05-07,ID,4.38984104953627,11.996711947363956,-11.956489519880584,0.8704168853425699
2023-05-08,ID,4.414151039643312,12.249009316670866,-11.522947470982029,0.8576586980382028
2023-05-09,ID,4.431268617627763,14.40557313371621,-12.310366041930786,0.8433475499993447
2023-05-10,ID,4.450569688445403,11.60368407438234,-14.078933779701892,0.8343706172735905
2023-05-11,ID,4.455370657742662,14.015408074961115,-14.84335039390421,0.836325048331547
2023-05-12,ID,4.467599114624558,13.82538702821907,-16.092932538560476,0.8359258305167471
2023-05-13,ID,4.4612498107215615,12.137695763393712,-14.36202485950289,0.8347449074696203
2023-05-14,ID,4.42517699374507,13.07791949566293,-13.383201134320402,0.8356521114215011
2023-05-15,ID,4.429614047570133,14.434141081488884,-16.676528709821262,0.8347340737193375
2023-05-16,ID,4.420593016263251,13.617783793275231,-14.923256931078164,0.8356479413452456
2023-05-17,ID,4.458688839681228,11.065803715162268,-17.010124606896984,0.8355233541035496
2023-05-18,ID,4.443594268138255,7.792166721671405,-13.372072589093635,0.8368904155257071
2023-05-19,ID,4.422168476338893,15.106242664624554,-17.107332260692566,0.8906087296210361
2023-05-20,ID,4.066162165889204,16.70065757531393,-17.508400566792176,1.012729359390698
2023-05-21,ID,4.411603631337924,13.633422553881603,-15.348851952691936,0.9126727929198942
2023-05-22,ID,4.451159637556344,11.654595761272912,-12.211936439068513,0.8366068692765127
2023-05-23,ID,4.457269345085643,11.61732011544346,-15.465248649942062,0.8357274207223441
2023-05-24,ID,4.433526699531287,9.87259577382319,-14.754922130815368,0.8355208612656829
2023-05-25,ID,4.44406441906235,13.69358970934563,-11.397372709532512,0.8365970426291665
2023-05-26,ID,4.423219534550627,7.450829745635792,-9.130134043752216,0.8393407530581309
2023-05-27,ID,4.40706486297262,11.620986490268985,-14.60886535444093,0.8557932858761543
2023-05-28,ID,4.396771260726908,10.741431357181876,-15.310898284547036,0.8655602649999518
2023-05-29,ID,4.398688031716492,12.746637771111535,-14.71482871991862,0.8738567830619615
2023-05-30,ID,4.378548373590911,14.042239818946324,-15.165051843092602,0.8796058436058227
2023-05-31,ID,4.369568030488889,13.140761802937394,-12.381002114467714,0.870362238212464
2023-06-01,ID,4.389565285869365,11.458342861893296,-14.78951360208825,0.8569427625879092
2023-06-02,ID,4.426205447398547,13.55761167088374,-13.643210435213057,0.8378196707449721
2023-06-03,ID,4.413373478670755,11.661777551068004,-14.038180598715035,0.8349199740448764
2023-06-04,ID,4.3980393107540845,10.144380035308725,-13.661229441237255,0.8379252277747922
2023-06-05,ID,4.412087344996975,14.033229074539785,-14.396513544893876,0.837489098303687
2023-06-06,ID,4.422150392692289,14.417154227664868,-14.74857314392156,0.8349286498983675
2023-06-07,ID,4.453169081262873,13.558422804311972,-15.411983311494604,0.8353048103560509
2023-06-08,ID,4.466821553652007,14.078898658962418,-15.060800128646664,0.8379477375774671
2023-06-09,ID,4.4531600394395685,13.406770284836217,-16.52411782066155,0.8343943467925673
2023-06-10,ID,4.460614652494115,12.275394072172723,-11.873961355484854,0.833712781081667
2023-06-11,ID,4.455698405921654,13.582718851265232,-15.342593911233712,0.8311735207850156
2023-06-12,ID,4.436645973301015,9.469278750865849,-12.777351062481747,0.831603465973992
2023-06-13,ID,4.446478466445934,12.754430669461575,-14.402381813797,0.8306076747055611
2023-06-14,ID,4.466724360023411,12.88252944087474,-13.787780274215525,0.8303201976961079
2023-06-15,ID,4.457619697822889,7.9176071041440865,-13.1955892694123,0.829529671906167
2023-06-16,ID,4.459057276065078,9.08776150186358,-11.849358756946977,0.8310949523791729
2023-06-17,ID,4.4644391526499785,11.321914708555685,-13.341930240113086,0.8379250355114313
2023-06-18,ID,4.358058362728082,11.496211447436336,-15.69625054897123,0.9290809836338513
2023-06-19,ID,4.080246367425296,9.010417938711122,-15.165532766076293,1.0648170530372403
2023-06-20,ID,3.819321395556562,8.816535112825425,-14.696352047837722,1.2193776166485961
2023-06-21,ID,3.779860328482818,0.12467154237558732,-13.336937911808857,1.289122736515069
2023-06-22,ID,3.4321472183956145,0.18115817832146777,-14.16129102414173,1.4096116916803707
2023-06-23,ID,3.1963843866768213,9.137180465568342,-17.57665569929601,1.5042136415239944
2023-06-24,ID,3.010821516159398,10.174525859997022,-17.170095253573898,1.60715123935886
2023-06-25,ID,2.756489965479011,9.39491164253008,-17.73920464245122,1.7514645447879085
2023-06-26,ID,2.4634590795347564,8.32065064046219,-16.802322302273907,1.9104511609766917
2023-06-27,ID,2.116514488596805,14.22244926186566,-15.905601017126797,2.065960393786008
2023-06-28,ID,1.8564281040360129,9.29446402491986,-13.42143298652847,2.186302422807091
2023-06-29,ID,1.6917146389419715,3.3296536338919296,-11.93666622220796,2.2518851902806745
2023-06-30,ID,1.617462367653857,3.256076876510805,-11.704463659934223,2.2757335564320305
2023-07-01,ID,1.5902500955925367,4.078715324726698,-10.967199093666933,2.281954123289328
2023-07-02,ID,1.631594032790387,4.121533970505437,-11.991636921560078,2.2719599716171763
2023-07-03,ID,1.6555446283368775,4.144323923422409,-12.1366241650633,2.2575501214726814
2023-07-04,ID,1.70155165299854,4.299076913965469,-12.889023687227484,2.2332634209007916
2023-07-05,ID,1.8005049553357972,5.9525993821335,-14.147243211485378,2.1923694954712203
2023-07-06,ID,1.905075209720006,4.298650633660817,-15.629383120220744,2.1393119471145647
2023-07-07,ID,2.005949803958501,5.708828093662879,-16.095814605344092,2.089151594387496
2023-07-08,ID,2.1111326120119034,8.326222731618577,-17.474981336860324,2.036017774083183
2023-07-09,ID,2.2541716471095903,7.638826630303559,-16.60266849130867,1.968359438665103
2023-07-11,ID,2.4642976668427012,13.218442599528254,-17.36236004934181,1.843802374487949
2023-07-12,ID,2.637539407761278,12.1896751426836,-18.405020812147047,1.7815330942830436
2023-07-13,ID,2.681744938708551,14.413510276504717,-18.887902459379067,1.7404913404276665
2023-07-14,ID,2.689730729022572,6.91820159225689,-16.574886999173387,1.7100582233224002
2023-07-15,ID,2.756458319097456,10.929668857844506,-17.3220069428352,1.6736703570517928
2023-07-16,ID,2.808575051288417,7.465505362360556,-19.274411846691507,1.6415071130153038
2023-07-17,ID,2.8465510765195416,13.466554003929996,-17.73246050305289,1.6224680541392393
2023-07-18,ID,2.8986768505338003,15.130480481986314,-18.763250718314787,1.5974354089441718
2023-07-19,ID,2.9515078509342003,15.292686167452704,-19.52210711178633,1.5720569476586808
2023-07-20,ID,3.014153260832917,14.177422594538916,-19.359266541184088,1.5395949137238596
2023-07-21,ID,3.066606783026166,17.294117756583134,-18.729170834738476,1.5107767479955436
2023-07-22,ID,3.102430961805662,14.099711894970396,-19.580784877102683,1.4944207598929673
2023-07-23,ID,3.1192162706994724,4.182036856532613,-14.90402956153187,1.4802828071545073
2023-07-24,ID,3.139710802473949,16.36736452056864,-16.828540712051428,1.4655172656998008
2023-07-25,ID,3.1731299756931617,14.992377832642546,-17.558702517373177,1.4499688206596733
2023-07-26,ID,3.1801890268939546,15.930193873554575,-18.404708343635015,1.4445372457915464
2023-07-27,ID,3.2001998450093825,17.641441075853223,-17.203039774139043,1.4387047753636286
2023-07-28,ID,3.2118293109570355,13.361507334020768,-17.904266468574345,1.4344863369050371
2023-07-29,ID,3.219496394915372,15.286118461821909,-17.008630357691946,1.429813793172337
2023-07-30,ID,3.2543531463767703,17.559969672199134,-16.586511097346648,1.4166201958646625
2023-07-31,ID,3.260449291171115,17.4570617511484,-16.103249061512134,1.4076024209756455
2023-08-01,ID,3.2433181504517123,17.337362631266227,-16.071055643626345,1.417863053305341
2023-08-02,ID,3.1759960903542397,18.339132617850627,-18.199886121860093,1.449988858481088
2023-08-03,ID,3.1500089256313073,16.106535683883305,-19.444361144865653,1.469366686766633
2023-08-04,ID,3.0820697909529837,9.163169024168766,-16.547295387706185,1.532822259207918
2023-08-05,ID,2.859839633436478,6.419496907764002,-16.351293440090025,1.6713693906889155
2023-08-06,ID,2.60671058553623,14.172106655368744,-17.73697631168304,1.7608460645177153
2023-08-07,ID,2.513876032551573,12.591480463912724,-18.495604630640862,1.7948502732492841
2023-08-08,ID,2.466790824208275,13.136072268290627,-17.834704608776388,1.8132231545144077
2023-08-09,ID,2.4521664035893975,13.237169340605668,-18.196291733705948,1.8173800901588066
2023-08-10,ID,2.48223574848849,13.128337351357342,-18.332103512981277,1.8069711893875793
2023-08-11,ID,2.5288372431727453,12.473413325833228,-18.148534279036863,1.7858273214343756
2023-08-12,ID,2.634508285796844,14.574499243069404,-19.76497276945655,1.7466689956801242
2023-08-13,ID,2.7479616896544807,14.243682617109666,-20.051069238932826,1.692041320749326
2023-08-14,ID,2.8116852832348354,13.61286008613741,-21.340831583054012,1.6497505648006139
2023-08-15,ID,2.8921896647973493,6.432579886011608,-16.65300007021067,1.6131645758641393
2023-08-16,ID,2.9381876476357114,11.907968640722451,-16.458726428493176,1.5756270894441589
2023-08-17,ID,2.984425226847765,15.10394377185892,-16.201501068574792,1.559788962445151
2023-08-18,ID,2.9656169115124764,16.469678605644546,-18.57882325366382,1.5616807882142019
2023-08-19,ID,2.9628660741266017,15.90239020378894,-17.942791268859352,1.554964794527637
2023-08-20,ID,2.983729042284922,15.005483318387292,-19.05733867142739,1.5474711698066224
2023-08-21,ID,3.0078039569299206,16.646245768996,-19.180529154127655,1.5380815489869992
2023-08-22,ID,3.0378597390940634,15.96945643864489,-19.658216801355728,1.5228207251538455
2023-08-23,ID,3.08374696556887,19.719355229153745,-18.815611302114977,1.5038455182389228
2023-08-24,ID,3.1545476939966184,18.552120557818853,-17.736051841896725,1.4721213273308615
2023-08-25,ID,3.2491792197840126,18.230724550021097,-18.914028098323364,1.4289090344990854
2023-08-26,ID,3.3122993015184736,17.91073151548768,-18.87705988148291,1.3889672301424372
2023-08-27,ID,3.3786629761211566,18.554068242354106,-17.99259456613171,1.353308147278279
2023-08-28,ID,3.431968648357307,17.634595845390393,-17.251849739593617,1.3262700662603648
2023-08-29,ID,3.451979466472733,19.5354306428773,-17.990517377335514,1.3123772145673236
2023-08-30,ID,3.5193761156405543,3.4215348224432955,-15.623891214726555,1.3370210929442592
2023-08-31,ID,3.4050366608745373,14.008946496012122,-17.817054011577426,1.350623638329098
2023-09-01,ID,3.4015715552792156,12.94710049946536,-17.52051119659422,1.3543889773500144
2023-09-02,ID,3.243575830472016,16.381563492033983,-18.06367850700046,1.4595334587222064
2023-09-03,ID,3.014756772678808,12.599594872405746,-18.190193504671996,1.5975754323516682
2023-09-04,ID,2.719564998459622,14.088173217334075,-17.952207061715228,1.7384366650269334
2023-09-05,ID,2.469785778879497,12.373944846012227,-18.89610447311729,1.8490198640798754
2023-09-06,ID,2.281343230966051,9.917062851440935,-18.913084181247587,1.9292194251747363
2023-09-07,ID,2.165844216108679,9.81751175969022,-18.65745649916375,1.9721595332186395
2023-09-08,ID,2.125228109855225,9.572233257984845,-17.604497370667364,1.9837949450533918
2023-09-09,ID,2.138769825880812,8.187720984396723,-16.53876159839645,1.9786121619150423
2023-09-10,ID,2.145132692518758,9.788791700074086,-18.873482913603805,1.9736089979285185
2023-09-11,ID,2.1708847817796366,7.613755829483853,-18.30755446629774,1.9665157415628576
2023-09-12,ID,2.211136972560894,11.492778722308984,-19.04545289355371,1.9484990788123824
2023-09-13,ID,2.260240666434027,10.518128051222812,-18.877896891548257,1.924947920946047
2023-09-14,ID,2.346739478250639,10.699750951264834,-19.545931277979804,1.8885480706379036
2023-09-15,ID,2.4422276749925795,13.418322943012736,-18.71519284541045,1.840407107520968
2023-09-16,ID,2.5574690098296484,12.739932595795604,-19.54273425856292,1.7821971633295384
2023-09-17,ID,2.640240515118993,14.023983615727447,-18.75243280656969,1.7337275939113497
2023-09-18,ID,2.73213928716711,15.300989462319968,-18.838644493190703,1.6892309781395152
2023-09-19,ID,2.820190954501112,16.987993803951436,-20.873056075027417,1.6400025685827557
2023-10-02,ID,3.3826479626687305,19.61767657206882,-17.28926993035339,1.3442465298720134
2023-10-03,ID,3.415477186777001,20.138063752125205,-15.394568727852976,1.3311233308597015
2023-10-04,ID,3.452365986503184,19.836911510488,-16.28307307470711,1.3120139007992913
2023-10-05,ID,3.4844719005787104,17.88979031701956,-15.871367312908728,1.2948288936371588
2023-10-06,ID,3.5075839088172636,18.007083691046063,-16.107721825234577,1.2817666431235863
2023-10-07,ID,3.533460317176645,16.705980687022684,-15.95657014572964,1.2677411504049696
2023-10-08,ID,3.5977964644261986,15.76174326486142,-14.780190105811776,1.2435791334597577
2023-10-09,ID,3.651829967606736,17.293458295218315,-13.313174420531462,1.2160987875143534
2023-10-10,ID,3.680088776968144,14.74833613268427,-14.15301736688525,1.1968314536152214
2023-10-11,ID,3.7097806436600926,7.800740058556128,-13.70027460888022,1.1832780427336183
2023-10-12,ID,3.660414748855009,8.564019905536108,-12.924643086177534,1.2459003782265514
2023-10-13,ID,3.5924936978232873,16.127755637727486,-15.624070645409246,1.2372227623502652
2023-10-14,ID,3.609753678552841,13.281399924005074,-14.59980291626588,1.2335765933159528
2023-10-15,ID,3.5550013862512087,14.2489475471157,-14.837992677636034,1.2803760930182544
2023-10-16,ID,3.4346087293796304,13.844092681210569,-13.91014691005735,1.328610484423352
2023-10-17,ID,3.3777317160962688,13.769990791205585,-13.400068541594226,1.3532518206300752
2023-10-18,ID,3.334143259729845,12.67910490868528,-13.5278082680142,1.371678198991353
2023-10-19,ID,3.309824227799502,12.467161687432188,-13.772750456954403,1.383321328909006
2023-10-20,ID,3.2971030154352574,9.97293239651612,-15.257511585615546,1.3901606646848377
2023-10-21,ID,3.280677101101995,12.043944814577149,-15.827225536822514,1.3938721714152218
2023-10-22,ID,3.320827577343003,15.058217570360576,-15.081017075535671,1.3788649805367592
2023-10-23,ID,3.354863825143066,12.985507735142528,-15.293264203545338,1.3637373244270157
2023-10-24,ID,3.410823141136497,11.587492141449594,-15.450090480187084,1.3383062762567226
2023-10-25,ID,3.4395747059802506,12.429533201684425,-15.648349938339871,1.3198832531321258
2023-10-26,ID,3.4780254030471234,13.053639109416606,-15.36319486860012,1.3009145176278678
2023-10-27,ID,3.5054637087471923,13.37862661751403,-15.104850829342356,1.284304128783662
2023-10-28,ID,3.5413941229785815,12.592558997675768,-14.906652571273554,1.2655208607590802
2023-10-29,ID,3.5925389069397946,13.607556129171597,-15.153118877540424,1.2449876120621541
2023-10-30,ID,3.616475939751335,12.976070488562227,-14.434193767388775,1.225600820034679
2023-10-31,ID,3.653852974048216,13.516588686345209,-14.770426307472018,1.2080062409526615
2023-11-01,ID,3.72434855885523,12.205212007058142,-14.45360543048126,1.183778502037956
2023-11-02,ID,3.803304605812011,12.26644887848702,-12.293080727778763,1.1389132516279763
2023-11-03,ID,3.8515697123771977,13.23283886844361,-13.62157068618237,1.1107954422531392
2023-11-04,ID,3.8737142932976543,14.946402769191,-13.95478237972601,1.0966652559167207
2023-11-05,ID,3.9088151620444047,11.500328867312898,-13.20057251345055,1.082274772698285
2023-11-06,ID,3.937557685064859,11.867310133355716,-12.786492028054267,1.0660172466254447
2023-11-07,ID,3.961397524247806,11.430615166615803,-12.9710258117511,1.0504324176400512
2023-11-08,ID,3.985596757991301,11.46010131672355,-12.87460709510745,1.0356659657206904
2023-11-09,ID,4.017702672066829,12.779536414834066,-13.373003065016224,1.0217055711288483
2023-11-10,ID,4.037354095621707,11.08605772363476,-13.45192890047252,1.0103848164309845
2023-11-11,ID,4.073307114411361,12.266850133934526,-13.349434411954263,0.9960953834519289
2023-11-12,ID,4.109734805036749,8.507749029354363,-11.890393616345316,0.9774961922905658
2023-11-13,ID,4.1483098212021225,10.248069785499997,-11.676964991700109,0.9589039521850676
2023-11-14,ID,4.162796359987549,6.760554584140617,-11.537588376866792,0.9481662050366867
2023-11-15,ID,4.155470586943156,5.403952702542998,-10.812149068954342,0.9501486796340981
2023-11-16,ID,4.145389455601238,3.386744672372533,-11.668432123535748,0.9554940646517649
2023-11-17,ID,4.174721927732634,7.531638433020603,-11.381577396663443,0.9440172283109916
2023-11-18,ID,4.18705662006643,9.69335943000575,-12.30326082481248,0.932523661572946
2023-11-19,ID,4.2147526057867974,8.63702057629355,-11.467218987605424,0.9193803493090622
2023-11-20,ID,4.2363343630662165,11.089392231007164,-10.653519264675174,0.9082435755960389
2023-11-21,ID,4.248433979937963,10.000127112462597,-12.026232183376512,0.9033576172291932
2023-11-22,ID,4.238228529497544,6.380616876413847,-11.138775428694949,0.9124884754741718
2023-11-23,ID,4.252152244641929,10.27778783572119,-10.61230867842826,0.9040945495379987
2023-11-24,ID,4.258395313093034,10.15654775963744,-11.239188786785569,0.8957399319643162
2023-11-25,ID,4.280429137649943,9.75630690214959,-10.979520577162324,0.8892075362556763
2023-11-27,ID,4.22257565522519,10.782779148530093,-10.37788235473134,0.9221924172231019
2023-11-28,ID,4.233362012953246,10.958337837916948,-10.6663806386448,0.9084179689962293
2023-11-29,ID,4.2397158377678945,8.925895722357561,-9.65427561369596,0.9108317305733271
2023-11-30,ID,4.208443990088657,10.37093936902381,-10.065348412204226,0.9222817710600854
2023-12-01,ID,4.183632202675966,10.873621727273347,-11.990693122009455,0.9383446260887217
2023-12-02,ID,4.160022918043417,4.0601864276623525,-10.13198274410629,0.952053880057139
2023-12-03,ID,4.080232804690345,2.5759992612206064,-12.60104121567853,0.9912983483559128
2023-12-04,ID,4.0605768602238115,11.641915217382856,-12.208110436941649,1.0165932074939863
2023-12-05,ID,3.930853507512965,10.591774780346428,-12.97334463609085,1.1151492549043753
2023-12-06,ID,3.698924217773338,9.50638519694868,-12.60003851597122,1.2269726746159078
2023-12-07,ID,3.5005610249096826,8.755443856263334,-12.458252772524588,1.3090830919449958
2023-12-08,ID,3.372847115905369,10.13839398766826,-14.168066251805708,1.3622280338880304
2023-12-09,ID,3.297374258190513,8.824082685545319,-15.114057643418494,1.3930990456514043
2023-12-10,ID,3.2615319957644124,6.174261090242286,-15.656670285952266,1.4187403449759215
2023-12-11,ID,3.202622934216268,9.032912403502534,-13.935552458707113,1.4426504051916278
2023-12-12,ID,3.213911089249975,10.016941332624755,-13.3999239738845,1.4295277052595314
2023-12-13,ID,3.1774924404478844,11.160096579552556,-14.638502705114451,1.4568888321392883
2023-12-14,ID,3.103816555535763,14.619097951542942,-13.449613930208484,1.493540542538655
2024-01-14,ID,0.08834022706686717,0.98325323679181,-1.0991039666270606,3.025742041035364
2024-01-15,ID,0.03754127493124493,1.037357769397995,-0.7269411570944075,3.0622087157877163
2024-01-27,ID,0.01164678292526222,0.9201411537926084,-0.29466413978409217,3.066674891567211
2024-01-28,ID,0.04160085054915807,1.1751307474567112,-0.3253276864583642,3.0509737681866964
2024-01-29,ID,0.10222777491804358,1.4106248717355834,-0.20347376432075032,3.02257480901555
2024-01-30,ID,0.1687157686192302,1.6983572956005604,-0.774682844799822,2.9889999699493797
2024-01-31,ID,0.24035960526656996,2.307458871972523,-1.5071519578204438,2.9562286000010825
2024-02-01,ID,0.31342745742114086,3.2057995522722664,-1.8667753142642476,2.9200104776625113
2024-02-02,ID,0.3937894362385581,3.970634195203333,-2.8826652780209026,2.878253402749987
2024-02-03,ID,0.4887758356748488,4.505012835063834,-3.4875451231856087,2.8324361286652704
2024-02-04,ID,0.5706771072746948,2.159736669941239,-4.010542941014318,2.7847757810677263
2024-02-05,ID,0.6490432051205319,3.017705524749103,-4.121563964028747,2.746921432308129
2024-02-06,ID,0.7466131801554088,7.167197939887628,-5.0139479824652025,2.701563678979505
2024-02-07,ID,0.8286975427052168,8.68629315535739,-5.46899977092171,2.656359802597663
2024-02-08,ID,0.8870437806123199,9.460097714624236,-6.040435466515335,2.62105708143247
2024-02-09,ID,0.9193802492382463,8.694243807849018,-8.276159424273077,2.599828221728598
2024-02-10,ID,0.9476345376879988,7.392496195860995,-8.91138419147732,2.5845961120769525
2024-02-11,ID,0.9640423683746606,9.08827110600796,-9.048740405996766,2.5731582003318536
2024-02-12,ID,0.987610964802351,2.2231312051905574,-9.491710404254452,2.5681549412268527
2024-02-13,ID,0.9899323394689894,8.986182393588749,-10.691424463889303,2.5694482754680807
2024-02-14,ID,1.0429012217028424,8.924821396488042,-9.279302388412102,2.54577674723564
2024-02-15,ID,1.0705610401300063,8.609240394903026,-10.006119563601656,2.5246329751608156
2024-02-16,ID,1.0983316149207134,4.957173151801816,-11.373463997050608,2.510185159711046
2024-02-17,ID,1.1040774069778143,1.542898418551472,-10.572865183741245,2.5008903104901012
2024-02-19,ID,1.1054177915914094,10.437310436635215,-7.620713400445384,2.5022814836782485
2024-02-20,ID,1.096925683060081,9.889776970872102,-8.122505389437661,2.504687383228226
2024-02-21,ID,1.0669851781711408,10.353335774199287,-7.9852401118335425,2.527762960329948
2024-02-22,ID,0.9980876579980268,9.272213439149398,-8.366066742655402,2.564062240043909
2024-02-23,ID,0.943183921127984,4.039511596686385,-7.441047105964167,2.606886341834432
2024-02-24,ID,0.82709043624802,6.662707915903819,-7.607516242385822,2.65049516737978
2024-02-25,ID,0.7806449070438228,7.010659221911248,-6.198825101858375,2.6658180209782616
2024-02-26,ID,0.787593201881065,6.898168979910772,-6.006522929441506,2.663792978660058
2024-02-27,ID,0.802084261578135,7.805669732442914,-5.513927440098339,2.6558178772873435
2024-02-28,ID,0.8371941721481919,7.505200859417415,-6.544822461552709,2.6428310311930896
2024-02-29,ID,0.9130490289818498,8.294936463145339,-6.9219522361465895,2.613461543313357
2024-03-01,ID,1.0394180324609223,8.532692312042691,-7.883797057701216,2.5608662930826838
2024-03-02,ID,1.1602853611682438,6.276622569600375,-10.564535539942776,2.4995081000306802
2024-03-03,ID,1.2746926296090173,13.721765160322944,-12.7583437641854,2.4365506392665917
2024-03-04,ID,1.4021533795046812,16.859600614604833,-13.656303431726537,2.376593926201881
2024-03-05,ID,1.4641817148225496,2.759030854279387,-14.128111148424187,2.327707738182866
2024-03-06,ID,1.4674117449558235,14.550359742600484,-16.068069856064614,2.3208642811565205
2024-03-07,ID,1.502765772811225,14.652880171235688,-16.185704414222617,2.301749337962638
2024-03-08,ID,1.5026550164476786,14.960938335764933,-15.467306735180513,2.2985729016183907
2024-03-09,ID,1.4922099696335644,7.79428380760447,-16.57845201694956,2.314648987356796
2024-03-10,ID,1.413152208136534,14.038823100913042,-15.936640357101275,2.3450170915222848
2024-03-11,ID,1.403719797757021,15.0329438461676,-12.789521674498452,2.3597446679003222
2024-03-12,ID,1.350063772783633,12.428369122196711,-12.384313773925788,2.410144556863779
2024-03-13,ID,1.193819811662654,9.930150660929591,-11.475755241736747,2.487135420439445
2024-03-14,ID,1.0331704430981707,8.758193176997542,-9.566309893349736,2.563478897046749
2024-03-15,ID,0.8998441029585571,6.923299392659108,-7.757002435096431,2.6343643378729857
2024-03-16,ID,0.7940442203243023,3.5759540351389334,-6.995685125197653,2.693195687005135
2024-03-17,ID,0.6644090194187537,4.905187996094713,-5.146916061618486,2.7381774233136924
2024-03-18,ID,0.6192405820650428,1.0787396301263608,-5.2761216984449915,2.7760211781456063
2024-03-19,ID,0.5421357588508053,4.572209091007803,-3.345432367283416,2.79277072673199
2024-03-20,ID,0.5248757781212499,4.327715671608582,-2.4744474614206893,2.7990623359222897
2024-03-21,ID,0.5302666965294547,4.340408284804648,-2.5801139636382797,2.8008334568907607
2024-03-23,ID,0.5183524250915932,1.668943291013424,-5.368878028896899,2.805285444696497
2024-03-24,ID,0.5369573113463879,3.703201162115831,-3.6413070710941766,2.799112670045124
2024-03-25,ID,0.544274042567479,3.6006130014935316,-2.935598180979386,2.7877217834789105
2024-03-26,ID,0.5416294406335007,2.45956134474634,-3.442042169249189,2.7975724128159656
2024-03-28,ID,0.44505401838662273,2.227859862920413,-4.636811887837229,2.854036402720389
2024-03-29,ID,0.4024510729848956,2.90142058437022,-2.104626181317769,2.8622950017698563
2024-03-30,ID,0.3782518392413987,2.4861126724475646,-1.925340928429812,2.88711734799816
2024-03-31,ID,0.29761409675707906,1.3688821746684705,-1.6723798744349088,2.9283923231761677
2024-04-01,ID,0.2110000076652625,1.0018918548122344,-1.2734938615903697,2.975254763868355
2024-04-02,ID,0.1174240610012598,0.7579913017752631,-0.9869266838495756,3.0240127698396946
2024-04-03,ID,0.03317881017652358,0.3397048749018432,-0.5537836330636046,3.101585490930892
2024-05-10,ID,0.06935786260491295,0.6430926270368361,-0.9196675266815972,3.048442657805604
2024-05-11,ID,0.19252396142061737,0.9273719508662832,-2.097469690891469,2.991109573705397
2024-05-12,ID,0.30238341967278526,0.7777446446892883,-2.068296886309193,2.929437777418777
2024-05-14,ID,0.40852913413263714,0.494914173204795,-3.945451406077494,2.890048252984135
2024-05-15,ID,0.3944991835363512,0.4112142917971555,-2.972387707235424,2.86826097739527
2024-05-16,ID,0.37388485357502255,0.8764938900428836,-3.2007392801807706,2.8821982184983144
2024-05-17,ID,0.3125527028199979,0.01837656640265406,-2.711284374294671,2.9279998654203756
2024-05-19,ID,0.07835628935354144,0.47592383780522346,-1.412435865167071,3.065831923596592
2024-06-11,ID,0.07667459382600317,0.31391311811312467,-1.6944056665904663,3.0719696558401086
2024-06-14,ID,0.7619292644254783,0.2627677699078541,-6.134119153085401,2.729111903271389
2024-06-15,ID,0.9796116117533744,1.6805399091186328,-9.414883511931132,2.6104034163300076
2024-06-16,ID,1.1956213053770384,3.3750747520265265,-13.01165655948927,2.4995437174555133
2024-06-17,ID,1.4119723099146508,1.0841025199618954,-16.657665314633796,2.391088960107105
2022-05-09,LF,6.4,6.582575933490411,-14.30753605378421,0.7219766155423253
2022-05-10,LF,6.4,11.408844078794862,-9.165907446740883,0.6720311113062266
2022-05-11,LF,6.4,9.52236838729187,-8.423059591439111,0.6499923637679378
2022-05-12,LF,6.4,12.20026368253801,-9.58772740630775,0.656058876303798
2022-05-13,LF,6.4,5.627641117746147,-13.59758153597916,0.6858829358147369
2022-05-14,LF,6.4,5.494936220044993,-12.6203777406949,0.7060548787664934
2022-05-15,LF,6.4,5.342029110660053,-13.690839642866122,0.7047678895532474
2022-05-16,LF,6.4,7.020690946338364,-13.135454471562396,0.704431871905855
2022-05-17,LF,6.4,7.221148126441468,-13.814479622002214,0.7008269189806008
2022-05-18,LF,6.4,9.042559867611349,-14.442841431000767,0.6730157163238959
2022-05-19,LF,6.4,13.090032548758025,-11.740277644102802,0.6376159529297057
2022-05-20,LF,6.4,11.1392992732448,-11.45746019459412,0.6286337513507789
2022-05-21,LF,6.4,6.187389728427845,-11.742896397735654,0.6286620171366492
2022-05-22,LF,6.4,11.290880794018904,-9.395153217901289,0.5957177871929887
2022-05-23,LF,6.4,11.651630954731337,-6.700553859083137,0.5503331477615708
2022-05-24,LF,6.4,9.010652217078524,-6.697583464033214,0.5319588601635442
2022-05-25,LF,6.4,12.77862714389683,-6.461797206794028,0.5398893593863897
2022-05-26,LF,6.4,11.446484744062278,-7.965694359556624,0.5616038392893805
2022-05-27,LF,6.4,3.5734092028808453,-7.605860515066179,0.5765386339151088
2022-05-28,LF,6.4,9.936048177257234,-6.050460831780769,0.5600378094315615
2022-05-29,LF,6.4,10.075054860853184,-3.717606997563907,0.5292879822758513
2022-05-30,LF,6.4,11.877249083791934,-3.2682757198612817,0.519750703745159
2022-05-31,LF,6.4,12.444700397234415,-4.902131695833261,0.5115677034168029
2022-06-01,LF,6.4,9.502127401987538,-3.536161853468365,0.4867513613615616
2022-06-02,LF,6.4,8.477451481351183,-4.712661947629932,0.48084663915938824
2022-06-03,LF,6.4,10.152392771566303,-4.738038858244352,0.5019038022982396
2022-06-04,LF,6.4,9.784099459944205,-4.435348008425537,0.5024670624811104
2022-06-05,LF,6.4,11.727805826813652,-4.3199515896432725,0.4740684240261353
2022-06-06,LF,6.4,9.95489021924609,-2.637132564209102,0.4504389807698132
2022-06-07,LF,6.4,8.783390192741901,-0.6718144642541297,0.43917353246687296
2022-06-08,LF,6.4,8.141554683340699,-0.01476739226019319,0.44013152269744493
2022-06-09,LF,6.4,10.771932163928078,-0.6233891732866652,0.4570217507672784
2022-06-10,LF,6.4,9.344510978831211,-1.252252598526544,0.47217406163359676
2022-06-11,LF,6.4,8.63300278648449,-1.9856720668044787,0.4904481554556448
2022-06-12,LF,6.4,7.015215365133731,-3.7624978638866047,0.5140742495774241
2022-06-13,LF,6.4,10.462903657316042,-2.851246988309472,0.5042042267509469
2022-06-14,LF,6.4,10.164363099880392,-3.0885685003834253,0.4699864356013125
2022-06-15,LF,6.4,10.893254492238544,-3.956887199776846,0.4564345361980265
2022-06-16,LF,6.4,12.30641682066971,-3.6884793528475144,0.4511570752904
2022-06-17,LF,6.4,15.573685842363233,-2.711789375535957,0.4367187002844154
2022-06-18,LF,6.4,14.543802641086716,-2.0939401866794185,0.4274312522033252
2022-06-19,LF,6.4,9.454093407993804,-1.6465376187436032,0.41527577045499386
2022-06-28,LF,6.4,15.568611191929682,-0.5523295848610559,0.35771975931734223
2022-07-12,LF,6.4,16.702836720303473,-1.9059695790709257,0.40161534512382685
2022-07-13,LF,6.4,13.624967212526691,-0.4899557929824058,0.4121916000185693
2022-07-14,LF,6.4,17.510405687905152,-0.2706498755516744,0.39289584892136054
2022-07-15,LF,6.4,19.114387345079287,-1.2659814958940403,0.39382352370296675
2022-07-16,LF,6.4,16.520037533438867,-0.4547046722235297,0.3869053137978737
2022-07-17,LF,6.4,19.69917937682988,-1.905130930712376,0.40997005850005946
2022-07-18,LF,6.4,11.663377938372342,-3.2722646983183,0.463799334304297
2022-07-19,LF,6.4,13.009466759013286,-2.552543837339279,0.48482584999533024
2022-07-20,LF,6.4,7.742818415542195,-1.45696710734519,0.48271732029943687
2022-07-21,LF,6.4,8.699740281729063,-0.7963822010648389,0.4941262405476977
2022-07-22,LF,6.4,11.45641064272103,-1.097501352987502,0.5133210549767968
2022-07-23,LF,6.4,12.615336751770906,-2.573978260644366,0.5404548321296773
2022-07-24,LF,6.4,6.732520365289755,-4.580012733473591,0.5725132754420922
2022-07-25,LF,6.4,15.422671968623341,-6.943090673321566,0.6011975390944172
2022-07-26,LF,6.4,16.80955457702159,-10.020187526883356,0.6322459771110301
2022-07-27,LF,6.4,12.464468617745222,-11.891165800584773,0.6559537832393392
2022-07-28,LF,6.4,19.517618588320936,-13.307996197854992,0.6621332481263493
2022-07-29,LF,6.4,22.573667365813424,-12.691050352884444,0.6592910874288701
2022-07-30,LF,6.4,23.16600796686168,-12.696388025388115,0.6610553784130793
2022-07-31,LF,6.4,20.236103014933875,-13.47295175575084,0.6658359206499136
2022-08-01,LF,6.4,16.041137297716432,-12.890093669896505,0.6620458772139115
2022-08-02,LF,6.4,19.52404237032288,-11.429290752197376,0.6405511914117233
2022-08-03,LF,6.4,19.841109483243155,-9.205435937768854,0.6127787568088158
2022-08-04,LF,6.4,20.108719438183694,-6.9801981438339675,0.5808709931492196
2022-08-05,LF,6.4,18.731518935912348,-3.345754698470039,0.5383891810856596
2022-08-06,LF,6.4,12.27807041179084,-1.9242620065425056,0.5000205866323324
2022-08-25,LF,6.4,17.195172758165285,-1.8006636027794418,0.464022318463759
2022-08-26,LF,6.4,19.496907589258495,-2.290024912175791,0.4776278365028417
2022-08-27,LF,6.4,22.48761546125524,-2.3548275082921624,0.4846414312693553
2022-08-28,LF,6.4,24.08460392881581,-3.821981363364697,0.5014444533979836
2022-08-29,LF,6.4,27.207470438465904,-4.204843821616752,0.5314618223676535
2022-08-30,LF,6.4,19.389740402783783,-6.816913750817063,0.5731832130263981
2022-08-31,LF,6.4,28.51682836635143,-8.526078529334924,0.627639289538252
2022-09-01,LF,6.4,21.515691477306625,-14.58158232258174,0.6743354030084621
2022-09-02,LF,6.4,18.839549823698302,-15.895625072968716,0.7121982986494165
2022-09-03,LF,6.4,13.543234905584733,-16.27319611154489,0.745299474770319
2022-09-04,LF,6.4,9.57031579333626,-17.6584499520441,0.7791615182155329
2022-09-05,LF,6.4,7.724560329020488,-20.520010902239452,0.8162429978213371
2022-09-06,LF,6.4,8.814336611663517,-22.953130875706417,0.8397632987409535
2022-09-24,LF,6.4,6.801759097046916,-25.155287884793953,0.9050140207276081
2022-09-25,LF,6.4,6.551827961523855,-24.12605059486252,0.8907801109733731
2022-09-26,LF,6.4,7.303298526105087,-24.684494509444686,0.8903965253555272
2022-09-27,LF,6.4,7.950350343099062,-25.790019364025017,0.8698459718295319
2022-09-29,LF,6.4,19.741542885995067,-4.617074730373305,0.5979745570089777
2022-09-30,LF,6.4,19.84007167067907,-5.747874594031117,0.5995669927999298
2022-10-01,LF,6.4,14.564736564599151,-8.778741521995691,0.6516056576683229
2022-10-02,LF,6.4,16.399406901907444,-7.375090133553218,0.647156262987445
2022-10-03,LF,6.4,13.196522822064026,-3.3258259645430632,0.5853831381554415
2022-10-05,LF,6.4,14.917375593555022,-2.2562429457724917,0.5826444097518098
2022-10-06,LF,6.4,20.436718157927658,-4.617337299063499,0.6047979764287204
2022-10-07,LF,6.4,21.77853383804553,-5.0400370560762084,0.5913939552579989
2022-10-08,LF,6.4,22.891721100537268,-4.107743106902858,0.5666759143550362
2022-10-09,LF,6.4,19.547060763660152,-3.6116223760071975,0.5415505300407913
2022-10-10,LF,6.4,23.904843444489693,-2.763091735231495,0.5257980359336809
2022-10-11,LF,6.4,20.026364469414624,-3.033139971126568,0.5063809393229267
2022-10-12,LF,6.4,22.612006676508507,-4.285244984380725,0.49731536959515427
2022-10-13,LF,6.4,19.48194774997215,-5.952928410787877,0.5115501584165736
2022-10-14,LF,6.4,16.43158595743722,-3.512474147489647,0.4871536516701378
2022-10-18,LF,6.4,16.167201373940948,-0.02910165668588327,0.3797215016252796
2022-10-25,LF,6.4,18.485108773723873,-1.7846197975057547,0.4425078355003437
2022-10-26,LF,6.4,13.989086900475694,-4.5662980731998895,0.4537000128435416
2022-10-27,LF,6.4,15.37570928409506,-0.24263654930794232,0.42739153557091947
2022-10-28,LF,6.4,17.415427806716473,-1.250314382653392,0.3811799503831757
2022-11-10,LF,6.4,18.1204153641574,-4.273715601456989,0.279222977650426
2022-11-11,LF,6.4,13.343484824888074,-9.902950150755224,0.4437547606267206
2022-11-12,LF,6.4,13.93486300931173,-4.971007648814426,0.4363288963968826
2022-11-13,LF,6.4,18.14868361841926,-4.031366373829867,0.3576572830373256
2022-11-14,LF,6.4,22.058140369328925,-12.86106074309908,0.28691667504039603
2022-11-15,LF,6.4,14.003302643541568,-14.473172119306412,0.29652698225504354
2022-11-25,LF,6.4,20.6024123405742,-5.323572841320361,0.36637076814122993
2022-11-26,LF,6.4,18.38535876787528,-4.980569399683974,0.3761764310366674
2022-11-27,LF,6.4,18.52312027040328,-6.354031437355079,0.3741777351174486
2022-12-01,LF,6.4,25.8527377754148,-11.242094345680233,0.23454255068633487
2022-12-02,LF,6.4,10.638358126693888,-15.326145011508288,0.2053771297190184
2022-12-03,LF,6.4,21.69383405847445,-11.35899727926724,0.24641140840277365
2022-12-04,LF,6.4,21.394463926797137,-1.456075009357915,0.2657714484638069
2022-12-06,LF,6.4,22.61315629707689,-0.8022130713941369,0.32445664497784743
2022-12-14,LF,6.4,26.75881619755044,-0.5900753655360536,0.3394592619421311
2022-12-15,LF,6.4,7.263364814591284,-4.117649008409571,0.4407437193469199
2022-12-23,LF,6.4,33.441486492073025,-5.6625992551010755,0.32929959938609876
2023-01-04,LF,6.4,21.075312265367124,-0.7592969653656834,0.32066201355385304
2023-01-20,LF,6.4,31.526753528744003,-2.693852709933566,0.30704446227294613
2023-01-25,LF,6.4,24.30364344409465,-2.1390855890865046,0.32348243333861926
2023-02-03,LF,6.4,32.56132321537607,-8.912719741146557,0.3915222439219052
2023-02-06,LF,6.4,32.03953001593909,-2.071606698623281,0.4470526380445251
2023-02-07,LF,6.4,31.469190197129624,-1.1840357524658884,0.476402119678475
2023-02-08,LF,6.4,27.60285461816673,-3.2047947762177893,0.4908390192742113
2023-02-09,LF,6.4,26.261343586232268,-9.56356150244668,0.513300389508621
2023-02-10,LF,6.4,32.6722044471069,-11.4115625768641,0.5324479231188093
2023-02-11,LF,6.4,14.170194679115738,-11.58195002906588,0.5820265002404168
2023-02-12,LF,6.4,25.833526205558876,-12.723668838213351,0.6219401336002923
2023-02-14,LF,6.4,33.42050389474484,-9.258362472535056,0.5410660696475462
2023-02-15,LF,6.4,32.75586212812875,-11.525818086768307,0.6244076101461385
2023-02-16,LF,6.4,31.852830398645324,-18.542169757659774,0.710382755055964
2023-02-17,LF,6.4,16.445252758615823,-24.527665035567217,0.7906336963289559
2023-02-18,LF,6.4,24.44641074003018,-12.68763337898381,0.827625765768926
2023-02-19,LF,6.4,14.87222802113276,-14.508077569135654,0.8670523919349011
2023-02-20,LF,6.4,7.699558472762232,-26.407553147959277,0.9439008946078449
2023-02-21,LF,6.4,1.392442235418585,-29.158666010787428,1.0082297350073306
2023-02-25,LF,6.4,3.680480956482956,-31.883393765883376,1.0616200776351974
2023-02-27,LF,6.4,5.039255483474335,-33.54089254792443,1.0302482280915042
2023-03-02,LF,6.4,13.14428441537489,-33.880213626276614,0.9619105078436564
2023-03-03,LF,6.4,10.735281713129137,-33.188092482694444,0.9605839189804279
2023-03-05,LF,6.4,13.504082276188138,-31.209645827116976,0.9138244330764327
2023-03-06,LF,6.4,19.544846735715048,-26.813818391853893,0.8499008118639226
2023-03-07,LF,6.4,19.011648694408553,-27.033862280035745,0.8113030316536137
2023-03-08,LF,6.4,21.362983886824736,-25.98367385496005,0.767964840553033
2023-03-09,LF,6.4,26.502548061377016,-17.07427117452327,0.7314612576450876
2023-03-10,LF,6.4,24.34997611165028,-20.10141984973051,0.7444850341850737
2023-03-11,LF,6.4,26.10962176110486,-20.703182808969625,0.7433050006098766
2023-03-12,LF,6.4,22.47875478601983,-16.264922911312528,0.7454967611180425
2023-03-13,LF,6.4,13.616924375090449,-21.05108604537823,0.7626235623883443
2023-03-14,LF,6.4,30.61938236429825,-9.222179206664348,0.6827228890572695
2023-03-15,LF,6.4,29.09551005505378,-7.179158046860622,0.5941960494999333
2023-03-16,LF,6.4,31.399797470502335,-10.564615103163504,0.6078930548560938
2023-03-18,LF,6.4,1.0873359533781777,-22.629418445091197,0.7580703025249732
2023-03-19,LF,6.4,24.395372293661843,-2.5711745397373713,0.6634962919981314
2023-03-21,LF,6.4,25.70165586046193,-10.01463190080539,0.5927007982452719
2023-03-23,LF,6.4,31.767123700839548,-14.269772333792885,0.6815542639930616
2023-03-24,LF,6.4,30.25007693604775,-15.997987997597004,0.6938553528477281
2023-03-25,LF,6.4,25.81308634925151,-21.31182003659476,0.7007360346569477
2023-03-26,LF,6.4,25.912553021876317,-23.46703794067725,0.6877203596534103
2023-03-27,LF,6.4,32.737243027576866,-18.910898097120032,0.6465524970889828
2023-03-28,LF,6.4,29.57170387696022,-16.50262881107043,0.600654010031984
2023-03-30,LF,6.4,30.64519711917601,-7.35744518764509,0.5175619786065908
2023-03-31,LF,6.4,32.603656872298075,-8.041454669663734,0.5404080948652152
2023-04-01,LF,6.4,32.038220179668485,-16.77101445987875,0.5952721835407064
2023-04-06,LF,6.4,32.91879801677617,-9.246535145272292,0.5883943242340688
2023-04-08,LF,6.4,22.869486229683464,-11.883394129155231,0.5747031700867435
2023-04-09,LF,6.4,31.712738060157807,-7.690082657337141,0.5149745648816537
2023-04-10,LF,6.4,24.46636514103425,-5.1065938897242225,0.4259819310741665
2023-04-11,LF,6.4,30.92940006919168,-4.659138631026799,0.41119678080008015
2023-04-13,LF,6.4,19.95608661000317,-9.719434521395517,0.5161608714824749
2023-04-14,LF,6.4,31.836612054296072,-7.239253456833605,0.5330361264806867
2023-04-15,LF,6.4,31.666874292261863,-2.412491856876809,0.5173091062706572
2023-04-20,LF,6.4,27.54670765890954,-0.34391880810370523,0.44189236907489055
2023-04-21,LF,6.4,31.49259037049908,-3.535807266982902,0.4515587697571024
2023-04-22,LF,6.4,26.151353075102335,-8.524943609353288,0.4561830292577854
2023-04-25,LF,6.4,31.26694557654789,-2.2822462554928684,0.3494921142060503
2023-04-27,LF,6.4,31.95165496104992,-4.6090820738126315,0.33026233724683196
2023-04-28,LF,6.4,28.179702286299467,-5.868944452222118,0.35186452002635593
2023-04-29,LF,6.4,25.83211226979819,-3.1372818409531726,0.3997551459055775
2023-04-30,LF,6.4,27.790461009354,-10.401967777214246,0.48062260831808745
2023-05-10,LF,6.4,33.76300814208402,-3.4042530896616174,0.2935960103633028
2023-05-23,LF,6.4,29.74855848511364,-2.0604137067392223,0.28991213087003603
2023-05-24,LF,6.4,29.05292886140508,-0.10162515264626217,0.2649402345170614
2023-06-07,LF,6.4,32.22302982839336,-6.1105423673203205,0.3497335239812173
2023-06-09,LF,6.4,29.095628960093293,-4.984002663796393,0.3329049979452973
2023-06-10,LF,6.4,30.838209778889368,-3.639695934081775,0.2917391092238238
2023-06-19,LF,6.4,33.05114357227337,-3.3901480388200422,0.4035322158114859
2023-06-21,LF,6.4,17.08051458408319,-15.68540914829982,0.5967594926392512
2023-06-22,LF,6.4,9.93896689958556,-10.312723737914087,0.611624751192186
2023-06-23,LF,6.4,18.12808389318432,-10.431259499657166,0.6391125464823779
2023-06-24,LF,6.4,18.361981158853744,-12.82985052394151,0.624890797835153
2023-06-25,LF,6.4,17.66633574233009,-8.008118217461915,0.6150925479330754
2023-06-26,LF,6.4,17.91006952536635,-9.589370740361968,0.6610901884090764
2023-06-27,LF,6.4,11.511874634071054,-14.886717135378284,0.7310192134727325
2023-06-28,LF,6.4,8.677397075317035,-18.476658241792943,0.7939601619061732
2023-06-29,LF,6.4,6.690298713091192,-20.949648705741044,0.8367480933599786
2023-06-30,LF,6.4,5.97950843644461,-22.578202938338805,0.8665304855176883
2023-07-01,LF,6.4,5.971621539193184,-23.94415890106363,0.8918383638850584
2023-07-02,LF,6.4,4.8420112753125775,-24.530125161325284,0.9094840335520695
2023-07-03,LF,6.4,2.9067495053794383,-25.48612564848398,0.9189607012290975
2023-07-04,LF,6.4,3.562561875232541,-24.78540226805932,0.9168857330142236
2023-07-05,LF,6.4,8.919123221789553,-24.05955626627316,0.8996416521153278
2023-07-06,LF,6.4,7.273111668527192,-24.12826379892696,0.8757008509840322
2023-07-07,LF,6.4,2.0437409391736474,-19.209202110468222,0.8514364301349002
2023-07-08,LF,6.4,14.338122763425572,-19.656962467876085,0.8222850061906701
2023-07-09,LF,6.4,12.64941954977104,-17.567696410013987,0.7869739265543445
2023-07-10,LF,6.4,4.240373398481637,-12.833010303731305,0.7677334897158861
2023-07-11,LF,6.4,20.10901366215527,-13.004366856404442,0.7421737334168363
2023-07-12,LF,6.4,21.062167763796552,-9.377234118124136,0.6778527041005322
2023-07-13,LF,6.4,29.565021855023826,-5.397844218113681,0.6256577602071873
2023-07-14,LF,6.4,13.256886239841576,-4.478201453420991,0.614017512193958
2023-07-15,LF,6.4,26.61760809112024,-5.690836371536237,0.6211548593512561
2023-07-16,LF,6.4,20.46545932944012,-7.029680063700575,0.6193833091475169
2023-07-17,LF,6.4,33.577046985868144,-6.334572163390088,0.6078420388344055
2023-07-18,LF,6.4,30.26779098837531,-4.826062608321346,0.5896151346396503
2023-07-20,LF,6.4,33.43269675942472,-3.373901755147285,0.5514365692206721
2023-07-21,LF,6.4,30.080168208700865,-3.112541102828319,0.5280568268532069
2023-07-22,LF,6.4,23.45235986320189,-3.6173810488080993,0.5167571237570999
2023-07-23,LF,6.4,9.835004620012398,-2.2904358494264137,0.5198103352701187
2023-07-24,LF,6.4,21.086286774963956,-2.22997531185153,0.4956432203156506
2023-07-25,LF,6.4,20.740252845945907,-1.0968302037143562,0.4546971876699761
2023-07-26,LF,6.4,18.732477815506428,-5.170410739621081,0.4256350058812771
2023-07-28,LF,6.4,17.0049058179129,-4.194571149740554,0.4539382592466897
2023-07-29,LF,6.4,20.117466986819625,-2.632125062666926,0.47778853205502425
2023-07-30,LF,6.4,29.934126914943583,-1.8735819460087264,0.48516992267837145
2023-07-31,LF,6.4,29.53338267610975,-2.1212836713576366,0.49789538400423133
2023-08-01,LF,6.4,32.22238999728081,-3.9109422121439934,0.5187989540054199
2023-08-04,LF,6.4,31.610329363526247,-7.052210681628119,0.5529678679967506
2023-08-05,LF,6.4,23.13511277385296,-9.49958997183835,0.5748507576666266
2023-08-07,LF,6.4,32.46896309811612,-8.54508646658212,0.5761267086938009
2023-08-08,LF,6.4,30.471087139790058,-7.726158520331748,0.5789222618050791
2023-08-09,LF,6.4,30.881002617601354,-7.318166162339544,0.5803515297063636
2023-08-10,LF,6.4,30.575910114469828,-5.781436862640917,0.5844702164163519
2023-08-11,LF,6.4,32.71820638880524,-6.254754823995045,0.5791425870274762
2023-08-15,LF,6.4,29.13701799740742,-3.090586722369225,0.5416345599643823
2023-08-25,LF,6.4,32.868531939680196,-3.444530170596161,0.45504099893793837
2023-08-27,LF,6.4,30.21699524074732,-2.8114817428845176,0.4749047233171931
2023-08-28,LF,6.4,32.459042128654794,-3.3773212132434343,0.4911057960431914
2023-08-30,LF,6.4,16.39754213852662,-13.379191457160491,0.7498961712903188
2023-08-31,LF,6.4,25.520979572256856,-24.75144944741739,0.8108869235316633
2023-09-01,LF,6.4,26.193788128451,-11.520574412715414,0.6506850093689882
2023-09-05,LF,6.4,30.367203343630734,-10.98691284590565,0.6451006556896736
2023-09-06,LF,6.4,26.335144380822236,-12.693261323930452,0.6816209566813468
2023-09-07,LF,6.4,20.525694791383632,-14.983111207477416,0.696289567333067
2023-09-08,LF,6.4,22.949594937415505,-16.054020029350514,0.7080622523747898
2023-09-09,LF,6.4,19.73641357449921,-14.83227229265747,0.7215680716208812
2023-09-10,LF,6.4,21.411765245303393,-16.563213530160095,0.7288690574208199
2023-09-11,LF,6.4,23.28577549645319,-16.498349159742112,0.7238528807500799
2023-09-12,LF,6.4,26.742778833393167,-16.04214133144603,0.7226527721296987
2023-09-13,LF,6.4,25.98850454313936,-18.10146047288482,0.7207466604070076
2023-09-14,LF,6.4,23.81899073669555,-17.257058484065407,0.7177602088181662
2023-09-15,LF,6.4,7.54156363963784,-16.404300163956336,0.7204044616578359
2023-09-27,LF,6.4,27.662476905749465,-2.8681029534450326,0.5624123852039835
2023-09-28,LF,6.4,20.402294310297012,-1.4220980870536404,0.5115682173753128
2023-09-29,LF,6.4,19.456596788520457,-2.0877681051705306,0.49324222053806244
2023-09-30,LF,6.4,21.26817061783387,-2.25471594123388,0.4994936984126574
2023-10-01,LF,6.4,15.653866845606002,-1.625225362465417,0.47488537405831915
2023-10-11,LF,6.4,12.654430488485408,-1.4997030717209583,0.46532551797042
2023-10-12,LF,6.4,8.824336208726221,-13.771368562334986,0.6024978200273443
2023-10-13,LF,6.4,22.423866735982102,-12.416268952126975,0.6132778120328358
2023-10-14,LF,6.4,18.640668615371297,-3.857577119691635,0.5305421057597132
2023-10-15,LF,6.4,16.566827246242145,-1.216392191998667,0.4954240930313842
2023-10-20,LF,6.4,16.175705365383784,-1.7622927989578752,0.5165746474467293
2023-10-21,LF,6.4,17.447829558550414,-2.268734958918367,0.5365367836284609
2023-10-26,LF,6.4,18.122282348818683,-0.8872211382130601,0.4751484676900878
2023-10-27,LF,6.4,17.993518052300914,-1.4574420296364703,0.5006406276468744
2023-10-28,LF,6.4,17.356797812072458,-1.473331440624822,0.5031369447693383
2023-10-29,LF,6.4,17.24990723584828,-2.3581224357979305,0.5019609601779863
2023-10-30,LF,6.4,19.8637492809941,-2.256135801069721,0.5158558823943695
2023-10-31,LF,6.4,16.78573554316693,-3.2454870749554443,0.5016600708515017
2023-11-03,LF,6.4,15.03718639979436,-3.7792748036159938,0.26038001058510196
2023-11-10,LF,6.4,16.499945600753875,-0.6629441209860651,0.42785436022217316
2023-11-11,LF,6.4,17.092213123595325,-0.7305701382229367,0.40094778728204983
2023-11-14,LF,6.4,11.430790229380488,-6.393927934632568,0.24190710100188642
2023-11-15,LF,6.4,18.22694837986168,-1.93216382863797,0.2946125945652238
2023-11-16,LF,6.4,14.667863925284792,-0.6919021517088376,0.3101912153529586
2023-11-22,LF,6.4,17.26573953215417,-0.9256031913219328,0.37247543672607536
2023-12-03,LF,6.4,11.427227717705293,-2.6190327493194014,0.3784491821714548
2023-12-09,LF,6.4,20.0432456361769,-5.6379175512040245,0.5004187861767951
2023-12-10,LF,6.4,22.138109347449223,-12.44734800622304,0.5556286678951308
2023-12-11,LF,6.4,25.80271695069003,-12.97166828988929,0.5159201115787839
2023-12-15,LF,6.4,18.33715116468617,-0.6807661397452272,0.4212022879820778
2023-12-16,LF,6.4,10.82331726380808,-6.342936680602964,0.5603887225917039
2023-12-17,LF,6.4,33.61017630751891,-9.44210060074414,0.7285187308118631
2023-12-18,LF,6.4,8.658028547132316,-7.785878330209732,0.7306460223760265
2023-12-19,LF,6.4,12.926143906995856,-2.975325962160812,0.6626724800079495
2023-12-20,LF,6.4,11.553730442543344,-8.398781745495395,0.7161080200214069
2023-12-21,LF,6.4,4.512451702371829,-9.99739887860737,0.841022695046106
2024-02-07,LF,6.4,2.2587406912165875,-21.05324354392964,1.0685491597649932
2024-02-08,LF,6.4,3.0694571554197374,-19.393520501083465,1.051937552048914
2024-02-13,LF,6.4,1.7363939964807855,-25.43205634920654,1.1069620600711294
2024-02-14,LF,6.4,5.873136343081506,-20.195746722486447,1.0502843211744617
2024-02-15,LF,6.4,2.5784127730097772,-19.15061463878225,1.0071059852943254
2024-02-16,LF,6.4,0.7870398967586922,-19.858107681710667,0.9997021626444744
2024-02-19,LF,6.4,12.572814135384034,-11.153944241124435,0.9690791059891091
2024-02-20,LF,6.4,8.522130124475533,-14.524680011150254,0.9582092470709485
2024-02-21,LF,6.4,7.9035019890450835,-15.580783779894311,0.9654018736406594
2024-02-22,LF,6.4,5.267418626577029,-17.945604207653062,0.9949612635010296
2024-03-04,LF,6.4,2.861902341956179,-25.04457199030566,0.9376437880294975
2024-03-06,LF,6.4,2.367334814725893,-26.21441624291807,0.916899840263297
2024-03-07,LF,6.4,4.197710596504261,-23.423272104482223,0.9132022480616773
2024-03-08,LF,6.4,1.7383133327781242,-23.118633382954396,0.9098033297018815
2024-03-10,LF,6.4,2.252560475784101,-22.5304638266556,0.9521071493291732
2024-03-11,LF,6.4,10.282541843048008,-15.537765627093886,0.9070326810757836
2024-03-12,LF,6.4,3.15044018606169,-15.466234553100588,0.9102958294525036
2024-03-13,LF,6.4,1.1656410964582309,-20.452413923564848,0.9590042546811473
2022-04-01,AM,NA,NA,NA,1.2854483041346025
2022-04-02,AM,NA,NA,NA,1.2227656322646532
2022-04-03,AM,NA,NA,NA,1.1959590646182192
2022-04-04,AM,NA,NA,NA,1.2039704710801684
2022-04-05,AM,NA,NA,NA,1.221448905185638
2022-04-06,AM,NA,NA,NA,1.2382275120622734
2022-04-07,AM,NA,NA,NA,1.2714078040537335
2022-04-08,AM,NA,NA,NA,1.3337033211252867
2022-04-09,AM,NA,NA,NA,1.3959575508072009
2022-04-10,AM,NA,NA,NA,1.4395537244880545
2022-04-11,AM,NA,NA,NA,1.4656290775057677
2022-04-12,AM,NA,NA,NA,1.4622834033950005
2022-04-13,AM,NA,NA,NA,1.4276935420295993
2022-04-14,AM,NA,NA,NA,1.3791292091458178
2022-04-15,AM,NA,NA,NA,1.3226109463453095
2022-04-16,AM,NA,NA,NA,1.2312983814945595
2022-04-17,AM,NA,NA,NA,1.1005373216488454
2022-04-18,AM,NA,NA,NA,0.9886703607168219
2022-04-19,AM,NA,NA,NA,0.9404462735415346
2022-04-20,AM,NA,NA,NA,0.9332258059166724
2022-04-21,AM,NA,NA,NA,0.9235979790589234
2022-04-22,AM,NA,NA,NA,0.899053026455688
2022-04-23,AM,NA,NA,NA,0.864985883398446
2022-07-19,AM,NA,NA,NA,0.931872851773671
2022-07-19,AM,NA,NA,NA,0.931872851773671
2022-07-20,AM,NA,NA,NA,1.0053179655451214
2022-07-20,AM,0.32945948021129084,4.610260493789059,-7.679390104790019,1.0053179655451214
2022-07-21,AM,NA,NA,NA,1.0861627904171798
2022-07-21,AM,0.3297049981454866,3.11445439305628,-6.712278813945565,1.0861627904171798
2022-07-22,AM,NA,NA,NA,1.11701588138309
2022-07-22,AM,0.32907541217198155,5.512841378861927,-8.4023693836753,1.11701588138309
2022-07-23,AM,NA,NA,NA,1.111335509451395
2022-07-23,AM,0.32921219802990664,6.147395309933128,-8.71471401696982,1.111335509451395
2022-07-24,AM,NA,NA,NA,1.097832695711241
2022-07-24,AM,0.3295140828546821,6.679876708478556,-9.17799974725749,1.097832695711241
2022-07-25,AM,NA,NA,NA,1.0926645875155183
2022-07-25,AM,0.32897173547020353,4.9981480955105235,-7.970486115939427,1.0926645875155183
2022-07-26,AM,NA,NA,NA,1.0971510288450697
2022-07-26,AM,0.3307267713828601,6.627973267719074,-9.454227447848927,1.0971510288450697
2022-07-27,AM,NA,NA,NA,1.0838578306859923
2022-07-27,AM,0.32986686851754704,6.673739234303045,-9.131649079418914,1.0838578306859923
2022-07-28,AM,NA,NA,NA,1.038265811016975
2022-07-28,AM,0.32943228301623523,6.659688818079891,-8.967930593687974,1.038265811016975
2022-07-29,AM,NA,NA,NA,0.9827496170485401
2022-07-29,AM,0.3288849582542358,6.034036628459148,-8.295591963155312,0.9827496170485401
2022-07-30,AM,NA,NA,NA,0.9295936796350817
2022-07-30,AM,0.329244490101564,5.877982025032168,-7.849881009367633,0.9295936796350817
2022-07-31,AM,NA,NA,NA,0.8758953922426108
2022-07-31,AM,NA,NA,NA,0.8758953922426108
2022-08-29,AM,NA,NA,NA,0.9641796586384
2022-08-29,AM,NA,NA,NA,0.9641796586384
2022-08-30,AM,NA,NA,NA,1.1508254937959579
2022-08-30,AM,0.3276683757274273,12.31465240068854,-16.499471996636824,1.1508254937959579
2022-08-31,AM,NA,NA,NA,1.2953289720931882
2022-08-31,AM,0.3302118289622721,5.235755827781362,-6.503859053424756,1.2953289720931882
2022-09-01,AM,NA,NA,NA,1.4210649288136203
2022-09-01,AM,0.3287539059199152,8.634465274793012,-12.761403889823535,1.4210649288136203
2022-09-02,AM,NA,NA,NA,1.4975445641611562
2022-09-02,AM,0.32724996579688614,11.369175744037648,-17.929584949607754,1.4975445641611562
2022-09-03,AM,NA,NA,NA,1.4812043914460638
2022-09-03,AM,0.3287734005882829,10.458940654466684,-13.041911124455684,1.4812043914460638
2022-09-04,AM,NA,NA,NA,1.41952910700606
2022-09-04,AM,0.3301291582272153,4.696369566402949,-7.291818667968163,1.41952910700606
2022-09-05,AM,NA,NA,NA,1.3834824262632726
2022-09-05,AM,0.3298209740911027,3.6009919449168075,-8.612319563676422,1.3834824262632726
2022-09-06,AM,NA,NA,NA,1.3757054261981216
2022-09-06,AM,0.3292926429727761,1.716843313111427,-7.503798556682172,1.3757054261981216
2022-09-07,AM,NA,NA,NA,1.365429753713694
2022-09-07,AM,0.3298213456510485,0,-5.7080870953181275,1.365429753713694
2022-09-08,AM,NA,NA,NA,1.342961897693764
2022-09-08,AM,0.3304099256617397,0,-4.906396757890507,1.342961897693764
2022-09-09,AM,NA,NA,NA,1.3119747199861531
2022-09-09,AM,0.32907035225153214,1.3339192137961682,-6.910798405260533,1.3119747199861531
2022-09-10,AM,NA,NA,NA,1.2793754341112586
2022-09-10,AM,0.33091082082622614,0,-5.410030148695704,1.2793754341112586
2022-09-11,AM,NA,NA,NA,1.262393429595429
2022-09-11,AM,0.3285264297326821,3.810560342323113,-8.46996159638218,1.262393429595429
2022-09-12,AM,NA,NA,NA,1.2800519818889147
2022-09-12,AM,0.3300579638246701,0,-4.73305667772928,1.2800519818889147
2022-09-13,AM,NA,NA,NA,1.3207269291034305
2022-09-13,AM,0.3301869384343153,0,-5.291224497080924,1.3207269291034305
2022-09-14,AM,NA,NA,NA,1.3439510560310706
2022-09-14,AM,0.3313139996110007,0,-4.048996859770594,1.3439510560310706
2022-09-15,AM,NA,NA,NA,1.3302445477735112
2022-09-15,AM,0.3293030235552434,0,-5.066438067181487,1.3302445477735112
2022-09-16,AM,NA,NA,NA,1.287440085355588
2022-09-16,AM,0.328875161468877,0,-4.175708208246135,1.287440085355588
2022-09-17,AM,NA,NA,NA,1.236281365525539
2022-09-17,AM,0.330329297285684,0,-6.06496591381598,1.236281365525539
2022-09-18,AM,NA,NA,NA,1.1879721131847965
2022-09-18,AM,0.32913735918705334,1.2996465028535718,-6.214620266250684,1.1879721131847965
2022-09-19,AM,NA,NA,NA,1.139384674849124
2022-09-19,AM,0.3304507774855564,1.050508446929136,-6.854251623095816,1.139384674849124
2022-09-20,AM,NA,NA,NA,1.0872584785928505
2022-09-20,AM,0.32970291784631045,1.2802126149124755,-6.074593213576508,1.0872584785928505
2022-09-21,AM,NA,NA,NA,1.0336989407526038
2022-09-21,AM,0.32892152243066664,2.2829615744640983,-6.655714303820457,1.0336989407526038
2022-09-22,AM,NA,NA,NA,0.9817319937503305
2022-09-22,AM,0.3286153852415926,3.3347758928840916,-10.530566412273158,0.9817319937503305
2022-09-23,AM,NA,NA,NA,0.9322939106397272
2022-09-23,AM,0.3293602815562787,1.013918993174816,-6.365504949415406,0.9322939106397272
2022-09-24,AM,NA,NA,NA,0.8863524953109495
2022-09-24,AM,NA,NA,NA,0.8863524953109495
2022-09-25,AM,1.1460687391185993,0,-10.04669303811366,0.8461688320135574
2022-09-25,AM,NA,NA,NA,0.8461688320135574
2023-01-29,AM,NA,NA,NA,0.874835754930255
2023-01-29,AM,NA,NA,NA,0.874835754930255
2023-01-30,AM,NA,NA,NA,0.955202856133849
2023-01-30,AM,NA,NA,NA,0.955202856133849
2023-01-31,AM,NA,NA,NA,1.0261520196992724
2023-01-31,AM,NA,NA,NA,1.0261520196992724
2023-02-01,AM,NA,NA,NA,0.934137670147103
2023-02-01,AM,NA,NA,NA,0.934137670147103
2023-02-04,AM,NA,NA,NA,0.8697799059027903
2023-02-04,AM,NA,NA,NA,0.8697799059027903
2023-02-05,AM,NA,NA,NA,0.8956520103851027
2023-02-05,AM,NA,NA,NA,0.8956520103851027
2023-02-06,AM,NA,NA,NA,0.9207103555451144
2023-02-06,AM,NA,NA,NA,0.9207103555451144
2023-02-07,AM,NA,NA,NA,0.9388890820208207
2023-02-07,AM,NA,NA,NA,0.9388890820208207
2023-02-08,AM,NA,NA,NA,0.951511443672978
2023-02-08,AM,NA,NA,NA,0.951511443672978
2023-02-09,AM,NA,NA,NA,0.9613747762996004
2023-02-09,AM,NA,NA,NA,0.9613747762996004
2023-02-10,AM,2.1374730794936214,6.232898002150288,-19.71922555489325,0.9785505590996206
2023-02-10,AM,NA,NA,NA,0.9785505590996206
2023-02-11,AM,1.922774281151417,6.807552113738023,-22.96161022671094,1.0127626859735765
2023-02-11,AM,NA,NA,NA,1.0127626859735765
2023-02-12,AM,NA,NA,NA,1.086442010512241
2023-02-12,AM,NA,NA,NA,1.086442010512241
2023-02-13,AM,NA,NA,NA,1.2269489013922503
2023-02-13,AM,NA,NA,NA,1.2269489013922503
2023-02-14,AM,NA,NA,NA,1.4150290631634048
2023-02-14,AM,0.32933002350066143,0.9560922812016944,-3.884815579912448,1.4150290631634048
2023-02-15,AM,NA,NA,NA,1.6113720417073063
2023-02-15,AM,0.3290178989805166,3.1422555516847215,-4.385758759907357,1.6113720417073063
2023-02-16,AM,NA,NA,NA,1.779742665294045
2023-02-16,AM,0.329726444668136,2.6307762207884435,-5.109169482039258,1.779742665294045
2023-02-17,AM,NA,NA,NA,1.9112971885111945
2023-02-17,AM,0.329344398080826,0.753038396704708,-3.528580932668638,1.9112971885111945
2023-02-18,AM,NA,NA,NA,2.019729908142836
2023-02-18,AM,0.3304206841523922,1.0535102852056593,-4.374619333864676,2.019729908142836
2023-02-19,AM,NA,NA,NA,2.1050475447177353
2023-02-19,AM,0.3285006257426828,0.9583171641223348,-4.447947918588822,2.1050475447177353
2023-02-20,AM,NA,NA,NA,2.165629188013588
2023-02-20,AM,0.3305594876243025,0.07213910108360146,-3.1563383466039925,2.165629188013588
2023-02-21,AM,NA,NA,NA,2.197188468359487
2023-02-21,AM,0.3296258816146528,2.4104871894427697,-6.1991101111621925,2.197188468359487
2023-02-22,AM,NA,NA,NA,2.1973411758863834
2023-02-22,AM,0.3307655676945952,1.907393985948867,-8.008981451180137,2.1973411758863834
2023-02-23,AM,NA,NA,NA,2.1624864796050782
2023-02-23,AM,0.32989350358349717,0.29425248007622956,-4.701952132312604,2.1624864796050782
2023-02-24,AM,NA,NA,NA,2.091587765352118
2023-02-24,AM,0.3293277749420392,1.2156491201915491,-7.377280772381986,2.091587765352118
2023-02-25,AM,NA,NA,NA,2.005312139403618
2023-02-25,AM,0.32833610153121384,0,-10.889858741888997,2.005312139403618
2023-02-26,AM,NA,NA,NA,1.9234759599829918
2023-02-26,AM,0.32843926137790963,2.111195020052385,-10.618493989786744,1.9234759599829918
2023-02-27,AM,NA,NA,NA,1.839257532343336
2023-02-27,AM,0.3301260853352537,0,-3.726215607290185,1.839257532343336
2023-02-28,AM,NA,NA,NA,1.745388333906483
2023-02-28,AM,0.32937407152528597,0.00138812618704386,-6.307387989384072,1.745388333906483
2023-03-01,AM,NA,NA,NA,1.6504740679456886
2023-03-01,AM,0.3291973573310613,2.1370306408639426,-7.854284356945899,1.6504740679456886
2023-03-02,AM,NA,NA,NA,1.5617053193867638
2023-03-02,AM,0.3280844650278914,3.8113140853807175,-8.297121257712174,1.5617053193867638
2023-03-03,AM,NA,NA,NA,1.4805687193966999
2023-03-03,AM,0.32845480625087387,5.282615989831727,-9.662583672236057,1.4805687193966999
2023-03-04,AM,NA,NA,NA,1.40513593929354
2023-03-04,AM,0.3283772861975495,6.555149023829189,-9.507370398821433,1.40513593929354
2023-03-05,AM,NA,NA,NA,1.331406588830006
2023-03-05,AM,0.32789622580141836,10.167137699785435,-11.922943725535156,1.331406588830006
2023-03-06,AM,NA,NA,NA,1.2615785687083856
2023-03-06,AM,0.32845227242980884,11.589580141344507,-12.993291871577831,1.2615785687083856
2023-03-07,AM,NA,NA,NA,1.1999350090823881
2023-03-07,AM,0.3285477200860472,11.992142491679548,-12.96938944973112,1.1999350090823881
2023-03-08,AM,NA,NA,NA,1.1417989758700346
2023-03-08,AM,NA,NA,NA,1.1417989758700346
2023-03-09,AM,NA,NA,NA,1.082648687739337
2023-03-09,AM,NA,NA,NA,1.082648687739337
2023-03-10,AM,1.4874291045210293,13.009933421458465,-23.02461847113476,1.0297756436683896
2023-03-10,AM,NA,NA,NA,1.0297756436683896
2023-03-11,AM,NA,NA,NA,0.9872035204402347
2023-03-11,AM,NA,NA,NA,0.9872035204402347
2023-03-12,AM,NA,NA,NA,0.9647187997903571
2023-03-12,AM,NA,NA,NA,0.9647187997903571
2023-03-13,AM,NA,NA,NA,0.9598801310241007
2023-03-13,AM,NA,NA,NA,0.9598801310241007
2023-03-14,AM,NA,NA,NA,0.9673237719581113
2023-03-14,AM,NA,NA,NA,0.9673237719581113
2023-03-15,AM,NA,NA,NA,0.9945308674663781
2023-03-15,AM,NA,NA,NA,0.9945308674663781
2023-03-16,AM,1.858820365481632,11.326844599145604,-22.720321002677085,1.0050474225159907
2023-03-16,AM,NA,NA,NA,1.0050474225159907
2023-03-17,AM,NA,NA,NA,0.990450924653624
2023-03-17,AM,NA,NA,NA,0.990450924653624
2023-03-18,AM,2.0223495339685424,4.385231427988979,-17.987699903570984,0.9807890893371168
2023-03-18,AM,NA,NA,NA,0.9807890893371168
2023-03-19,AM,NA,NA,NA,0.9949065024847437
2023-03-19,AM,NA,NA,NA,0.9949065024847437
2023-03-20,AM,1.8310607633040945,9.410361469415086,-21.216823782365843,1.0213202310141376
2023-03-20,AM,NA,NA,NA,1.0213202310141376
2023-03-21,AM,1.6019749138294674,11.094919339999423,-24.39949225836945,1.0364516732694313
2023-03-21,AM,NA,NA,NA,1.0364516732694313
2023-03-22,AM,1.5702804842675129,11.004324081927097,-22.132568717648297,1.0343974480421225
2023-03-22,AM,NA,NA,NA,1.0343974480421225
2023-03-23,AM,NA,NA,NA,1.0148381815158962
2023-03-23,AM,NA,NA,NA,1.0148381815158962
2023-03-24,AM,NA,NA,NA,0.9951526656075119
2023-03-24,AM,0.3286959659275398,9.502674621058103,-10.949588798775164,0.9951526656075119
2023-03-25,AM,NA,NA,NA,0.9783820349307984
2023-03-25,AM,0.3278466290188958,11.867136237646884,-13.351096592467876,0.9783820349307984
2023-03-26,AM,NA,NA,NA,0.9439885357265955
2023-03-26,AM,0.329513288311057,10.558791447099772,-12.44943846441682,0.9439885357265955
2023-03-27,AM,NA,NA,NA,0.898618423687508
2023-03-27,AM,NA,NA,NA,0.898618423687508
2023-03-28,AM,1.0057114731835453,13.357329434115462,-22.042416102468483,0.8743119979516145
2023-03-28,AM,NA,NA,NA,0.8743119979516145
2023-03-29,AM,NA,NA,NA,0.89088728643584425
2023-03-29,AM,NA,NA,NA,0.89088728643584425
2023-03-30,AM,NA,NA,NA,0.9272600776832541
2023-03-30,AM,NA,NA,NA,0.9272600776832541
2023-03-31,AM,NA,NA,NA,0.9610311423533997
2023-03-31,AM,NA,NA,NA,0.9610311423533997
2023-04-01,AM,2.0693040102754927,12.630231251802757,-25.819790085583374,0.97790505470464
2023-04-01,AM,NA,NA,NA,0.97790505470464
2023-04-02,AM,NA,NA,NA,0.9738541229453365
2023-04-02,AM,NA,NA,NA,0.9738541229453365
2023-04-03,AM,NA,NA,NA,0.9489247908192352
2023-04-03,AM,NA,NA,NA,0.9489247908192352
2023-04-04,AM,NA,NA,NA,0.913866299425404
2023-04-04,AM,NA,NA,NA,0.913866299425404
2023-04-05,AM,NA,NA,NA,0.8814944897656127
2023-04-05,AM,NA,NA,NA,0.8814944897656127
2023-04-06,AM,2.829272283708286,11.651983448288703,-25.32589799910404,0.8514076147596666
2023-04-06,AM,NA,NA,NA,0.8514076147596666
2023-06-20,AM,2.8145478854836727,9.781341926416644,-27.976103143252168,0.90834405101015
2023-06-20,AM,NA,NA,NA,0.90834405101015
2023-06-21,AM,2.4791612170745787,3.276383505735157,-18.77776003542039,0.9474080615025358
2023-06-21,AM,NA,NA,NA,0.9474080615025358
2023-06-22,AM,2.1456788216039056,0,-13.033685998280088,1.009059858279836
2023-06-22,AM,NA,NA,NA,1.009059858279836
2023-06-23,AM,NA,NA,NA,1.1268199516196538
2023-06-23,AM,NA,NA,NA,1.1268199516196538
2023-06-24,AM,NA,NA,NA,1.3021054484197707
2023-06-24,AM,0.3285250685081452,2.3703983390926484,-5.545770900401599,1.3021054484197707
2023-06-25,AM,NA,NA,NA,1.4849148483215935
2023-06-25,AM,0.32989445329959854,0,-6.179706779848199,1.4849148483215935
2023-06-26,AM,NA,NA,NA,1.6279344199976262
2023-06-26,AM,0.32913337990431274,0,-5.111800088238831,1.6279344199976262
2023-06-27,AM,NA,NA,NA,1.7143585147711013
2023-06-27,AM,0.3297291982482167,0.14092433282912753,-8.414174385589517,1.7143585147711013
2023-06-28,AM,NA,NA,NA,1.7428100067474679
2023-06-28,AM,0.32928630737465425,0,-6.956071367748579,1.7428100067474679
2023-06-29,AM,NA,NA,NA,1.7276899286404999
2023-06-29,AM,0.3295829519425445,0.42328010442461594,-6.517435302635791,1.7276899286404999
2023-06-30,AM,NA,NA,NA,1.6930124438610719
2023-06-30,AM,0.32921362663857995,0.7647356506459957,-5.855084388145326,1.6930124438610719
2023-07-01,AM,NA,NA,NA,1.6574145155342759
2023-07-01,AM,0.3293719559185287,0.755234826214975,-5.968355174374287,1.6574145155342759
2023-07-02,AM,NA,NA,NA,1.6242113822499176
2023-07-02,AM,0.32957851480702505,1.5013056345213005,-7.224195438378187,1.6242113822499176
2023-07-03,AM,NA,NA,NA,1.5871537722912856
2023-07-03,AM,0.3298138084956633,2.35808980848922,-7.445095113334035,1.5871537722912856
2023-07-04,AM,NA,NA,NA,1.5347272834922818
2023-07-04,AM,0.32893405381476754,3.370174184599895,-7.94684986197091,1.5347272834922818
2023-07-05,AM,NA,NA,NA,1.4672949132282929
2023-07-05,AM,0.3281829914993951,4.770784847308373,-8.687474695210916,1.4672949132282929
2023-07-06,AM,NA,NA,NA,1.3924681876681249
2023-07-06,AM,0.32882615623735256,5.629278340112167,-9.053238365301253,1.3924681876681249
2023-07-07,AM,NA,NA,NA,1.3138090778805978
2023-07-07,AM,0.3294317965085942,5.847474997800585,-8.980194380613,1.3138090778805978
2023-07-08,AM,NA,NA,NA,1.2270454307154612
2023-07-08,AM,0.32926761581596953,8.34192834879291,-10.54413846769984,1.2270454307154612
2023-07-09,AM,NA,NA,NA,1.1268590778592176
2023-07-09,AM,NA,NA,NA,1.1268590778592176
2023-07-10,AM,1.3769585174945826,3.8637597268858057,-14.226006245700033,1.0307418456225548
2023-07-10,AM,NA,NA,NA,1.0307418456225548
2023-07-11,AM,1.9354956437659323,6.018709015823319,-18.546413867152065,0.9487228761205471
2023-07-11,AM,NA,NA,NA,0.9487228761205471
2023-07-12,AM,2.4581036596384704,6.896756267126498,-21.013862648232926,0.8865748102221488
2023-07-12,AM,NA,NA,NA,0.8865748102221488
2023-09-02,AM,3.2749519883878033,12.669560995471214,-40.27466972539267,0.9894762512875958
2023-09-02,AM,NA,NA,NA,0.9894762512875958
2023-09-03,AM,NA,NA,NA,1.1897686421455096
2023-09-03,AM,NA,NA,NA,1.1897686421455096
2023-09-04,AM,NA,NA,NA,1.3219947399133114
2023-09-04,AM,0.3294227035539211,4.569469591344403,-8.896386660981356,1.3219947399133114
2023-09-05,AM,NA,NA,NA,1.3908369865262589
2023-09-05,AM,0.3286121432352147,3.3789768251705974,-7.834205082960638,1.3908369865262589
2023-09-06,AM,NA,NA,NA,1.405732415254852
2023-09-06,AM,0.3305141589985746,2.854679394376187,-7.463495579602389,1.405732415254852
2023-09-07,AM,NA,NA,NA,1.384342514464174
2023-09-07,AM,0.3287843569008664,4.1591361829050095,-8.263191520526222,1.384342514464174
2023-09-08,AM,NA,NA,NA,1.3496570700144852
2023-09-08,AM,0.32924588444634884,4.544873744221678,-8.369740295012805,1.3496570700144852
2023-09-09,AM,NA,NA,NA,1.3295087887047654
2023-09-09,AM,0.32864081727829403,5.3557326501627935,-9.00759099106382,1.3295087887047654
2023-09-10,AM,NA,NA,NA,1.3196411654841214
2023-09-10,AM,0.32938884375632105,5.259719334033603,-9.106971290272105,1.3196411654841214
2023-09-11,AM,NA,NA,NA,1.2892433568240809
2023-09-11,AM,0.32773857092617575,7.23963288556428,-10.409078426241498,1.2892433568240809
2023-09-12,AM,NA,NA,NA,1.243003595856536
2023-09-12,AM,0.3289617229611893,8.3384262722362,-11.070666769099445,1.243003595856536
2023-09-13,AM,NA,NA,NA,1.1870446063509632
2023-09-13,AM,NA,NA,NA,1.1870446063509632
2023-09-14,AM,NA,NA,NA,1.1190587418016193
2023-09-14,AM,NA,NA,NA,1.1190587418016193
2023-09-15,AM,1.2928648971927332,11.31255812633292,-21.907154396962586,1.05044669498629
2023-09-15,AM,NA,NA,NA,1.05044669498629
2023-09-16,AM,1.7245251605763776,12.129321248404151,-25.154047548045227,0.9916018543555355
2023-09-16,AM,NA,NA,NA,0.9916018543555355
2023-09-17,AM,2.0611896021893283,12.423653667480105,-26.98590932308984,0.9445536824286256
2023-09-17,AM,NA,NA,NA,0.9445536824286256
2023-09-18,AM,2.3915403665512134,12.794825188894931,-27.970586557594302,0.9029849574179075
2023-09-18,AM,NA,NA,NA,0.9029849574179075
2023-09-19,AM,2.6612868997430916,12.875436157197868,-28.884895256823864,0.865792714365574
2023-09-19,AM,NA,NA,NA,0.865792714365574
2023-09-20,AM,NA,NA,NA,0.8375899958970887
2023-09-20,AM,NA,NA,NA,0.8375899958970887
2023-12-06,AM,3.098391393739704,7.1563816719963365,-23.80686248535286,0.8732411229806643
2023-12-06,AM,NA,NA,NA,0.8732411229806643
2023-12-07,AM,2.588735961196721,7.116834442956902,-21.8096042568789,0.9135515046686079
2023-12-07,AM,NA,NA,NA,0.9135515046686079
2023-12-08,AM,2.4574098321557036,7.43661424682996,-22.11886920314806,0.9118466537160376
2023-12-08,AM,NA,NA,NA,0.9118466537160376
2023-12-09,AM,2.5341286689587164,7.387227423561062,-22.026299293946316,0.8939722774085781
2023-12-09,AM,NA,NA,NA,0.8939722774085781
2023-12-10,AM,2.764020831985412,2.6375850189817274,-19.686798115185432,0.8784107106606623
2023-12-10,AM,NA,NA,NA,0.8784107106606623
2023-12-11,AM,2.7735850162945335,7.3473833130902415,-21.8335082205256,0.8831325672227528
2023-12-11,AM,NA,NA,NA,0.8831325672227528
2023-12-12,AM,2.775342550669431,9.028279702361823,-25.071455308734993,0.9313305955053905
2023-12-12,AM,NA,NA,NA,0.9313305955053905
2023-12-13,AM,2.1967430431469266,8.452429639976414,-22.459625652972377,0.9965939346727939
2023-12-13,AM,NA,NA,NA,0.9965939346727939
2023-12-14,AM,NA,NA,NA,1.0408013974635917
2023-12-14,AM,NA,NA,NA,1.0408013974635917
2023-12-15,AM,1.5093227171049923,9.523534230920363,-19.968737559048137,1.0621072566192562
2023-12-15,AM,NA,NA,NA,1.0621072566192562
2023-12-16,AM,1.3727724521087483,2.6374646736299012,-10.132253358803908,1.0798849830040318
2023-12-16,AM,NA,NA,NA,1.0798849830040318
2023-12-17,AM,NA,NA,NA,1.1348417165313014
2023-12-17,AM,NA,NA,NA,1.1348417165313014
2023-12-18,AM,NA,NA,NA,1.3405724154686756
2023-12-18,AM,NA,NA,NA,1.3405724154686756
2023-12-19,AM,NA,NA,NA,1.659967642514035
2023-12-19,AM,0.32990218806717986,0.20785219612292555,-3.0528727941191867,1.659967642514035
2023-12-20,AM,NA,NA,NA,1.919505016199493
2023-12-20,AM,0.32920074570937446,0.02180690822067764,-2.6971720068696854,1.919505016199493
2023-12-21,AM,NA,NA,NA,2.081503052723187
2023-12-21,AM,0.3288044183983919,0.26812285125873647,-3.044948471136328,2.081503052723187
2023-12-22,AM,NA,NA,NA,2.1777182405653317
2023-12-22,AM,NA,NA,NA,2.1777182405653317
2023-12-23,AM,NA,NA,NA,2.223910576235964
2023-12-23,AM,NA,NA,NA,2.223910576235964
2023-12-24,AM,NA,NA,NA,2.2401494441620033
2023-12-24,AM,0.3299404891547109,0,-5.620968502008756,2.2401494441620033
2023-12-25,AM,NA,NA,NA,2.2451369825562306
2023-12-25,AM,0.3279827498054909,3.2531152920879336,-15.07800380385575,2.2451369825562306
2023-12-26,AM,NA,NA,NA,2.2425411709429577
2023-12-26,AM,0.32775079915572325,0,-10.906628849864571,2.2425411709429577
2023-12-27,AM,NA,NA,NA,2.2345056246656485
2023-12-27,AM,0.3290510901756751,0.00242242998107931,-8.16386693424313,2.2345056246656485
2023-12-28,AM,NA,NA,NA,2.2216380864870655
2023-12-28,AM,0.3290570258755555,0.4212694860927516,-8.161346239787873,2.2216380864870655
2023-12-29,AM,NA,NA,NA,2.1993638682427035
2023-12-29,AM,0.32885988508302566,0.4989615594547912,-8.263315435109961,2.1993638682427035
2023-12-30,AM,NA,NA,NA,2.16892384455563
2023-12-30,AM,0.3296716437461447,5.535592209079192,-6.812256542132354,2.16892384455563
2023-12-31,AM,NA,NA,NA,2.1336246957279297
2023-12-31,AM,0.3301094954195022,7.546782362093191,-2.693427797895036,2.1336246957279297
2024-01-01,AM,NA,NA,NA,2.0987590858486134
2024-01-01,AM,0.32979567654704234,1.1996112990224157,-3.959719876499779,2.0987590858486134
2024-01-02,AM,NA,NA,NA,2.0634789681884387
2024-01-02,AM,0.3259733910995944,0,-14.76383756066828,2.0634789681884387
2024-01-03,AM,NA,NA,NA,2.027376343955321
2024-01-03,AM,0.32796174876222667,4.394427312075451,-15.248019520949208,2.027376343955321
2024-01-04,AM,NA,NA,NA,1.9897901975494388
2024-01-04,AM,0.32841340103185734,4.247391921768267,-14.443767574256237,1.9897901975494388
2024-01-05,AM,NA,NA,NA,1.9539276794122298
2024-01-05,AM,0.3291612687035751,7.95451948143003,-12.199755440879096,1.9539276794122298
2024-01-06,AM,NA,NA,NA,1.93453473102518
2024-01-06,AM,0.33073912450192894,0,-2.67200625651128,1.93453473102518
2024-01-07,AM,NA,NA,NA,1.9333724039384816
2024-01-07,AM,0.32941105254898106,0.8965707365334349,-6.433374748694975,1.9333724039384816
2024-01-08,AM,NA,NA,NA,1.9498407186275426
2024-01-08,AM,0.330185254154652,0,-1.50920204063332,1.9498407186275426
2024-01-09,AM,NA,NA,NA,1.9758492782970227
2024-01-09,AM,0.3288391619932448,0,-4.0922146849205,1.9758492782970227
2024-01-10,AM,NA,NA,NA,2.009086592110378
2024-01-10,AM,0.3289639011585036,3.2103296919286364,-9.163565875015596,2.009086592110378
2024-01-11,AM,NA,NA,NA,2.067192443043324
2024-01-11,AM,0.32815943121407676,2.534392959973038,-10.162005276998254,2.067192443043324
2024-01-12,AM,NA,NA,NA,2.1379034278522506
2024-01-12,AM,NA,NA,NA,2.1379034278522506
2024-01-13,AM,NA,NA,NA,2.1914091839587497
2024-01-13,AM,0.32875498778287254,1.4242721094891864,-5.132711852892154,2.1914091839587497
2024-01-14,AM,NA,NA,NA,2.2279653452794665
2024-01-14,AM,0.32899073885271796,0,-6.314806032788498,2.2279653452794665
2024-01-15,AM,NA,NA,NA,2.2605026421378827
2024-01-15,AM,0.3313408625157474,0,-2.368386884123684,2.2605026421378827
2024-01-16,AM,NA,NA,NA,2.2903318794229692
2024-01-16,AM,0.3293413018700306,1.1526033526488402,-1.5197292317783522,2.2903318794229692
2024-01-17,AM,NA,NA,NA,2.314552280367676
2024-01-17,AM,0.328598016759798,0,-9.202708201331138,2.314552280367676
2024-01-18,AM,NA,NA,NA,2.338853736119962
2024-01-18,AM,0.3290234702911836,0.5253589125889466,-6.332183074808672,2.338853736119962
2024-01-19,AM,NA,NA,NA,2.3542458038886296
2024-01-19,AM,0.3302699769107098,0.12296063533253968,0.13403795789340536,2.3542458038886296
2024-01-20,AM,NA,NA,NA,2.3476749158659342
2024-01-20,AM,0.3291166581041121,1.0929523279827589,-7.837414228346967,2.3476749158659342
2024-01-21,AM,NA,NA,NA,2.3200164890351713
2024-01-21,AM,0.3301314700368213,2.486986650685191,-5.038940569619265,2.3200164890351713
2024-01-22,AM,NA,NA,NA,2.2797965492485606
2024-01-22,AM,0.32863396432669606,6.4191171203066455,-9.241060144012335,2.2797965492485606
2024-01-23,AM,NA,NA,NA,2.233848020040686
2024-01-23,AM,0.3284476271325163,5.646850046462542,-13.10429032119489,2.233848020040686
2024-01-24,AM,NA,NA,NA,2.185169899609163
2024-01-24,AM,0.32932915371482,4.417420183652834,-7.788653931271919,2.185169899609163
2024-01-25,AM,NA,NA,NA,2.1406394709233365
2024-01-25,AM,0.33028912485132605,0.06101581793914463,-6.216549803624962,2.1406394709233365
2024-01-26,AM,NA,NA,NA,2.103672315211008
2024-01-26,AM,0.32949301155751165,1.1534128934508705,-6.117002386871171,2.103672315211008
2024-01-27,AM,NA,NA,NA,2.0696849499722436
2024-01-27,AM,0.3297282696389917,2.286196590610462,-6.5513923675038885,2.0696849499722436
2024-01-28,AM,NA,NA,NA,2.0365466717903673
2024-01-28,AM,NA,NA,NA,2.0365466717903673
2024-01-29,AM,NA,NA,NA,1.9991748508189093
2024-01-29,AM,0.327898624052036,6.724135655029716,-9.056242341589522,1.9991748508189093
2024-01-30,AM,NA,NA,NA,1.955033839175716
2024-01-30,AM,0.32815411480458545,7.112319598506327,-12.764070813032417,1.955033839175716
2024-01-31,AM,NA,NA,NA,1.906327244052734
2024-01-31,AM,0.3295379831920675,1.7227518819031349,-5.8712255298667815,1.906327244052734
2024-02-01,AM,NA,NA,NA,1.855720534918194
2024-02-01,AM,0.3278178674525321,7.404572972737491,-10.182014816510543,1.855720534918194
2024-02-02,AM,NA,NA,NA,1.8048549556358606
2024-02-02,AM,0.32839533042450036,8.487584512427262,-11.04600953024665,1.8048549556358606
2024-02-03,AM,NA,NA,NA,1.7555664620954612
2024-02-03,AM,0.3284476868451555,9.566584662076322,-12.56273253639152,1.7555664620954612
2024-02-04,AM,NA,NA,NA,1.7090180902025165
2024-02-04,AM,0.3279704588659056,6.569392087188002,-10.35081708733343,1.7090180902025165
2024-02-05,AM,NA,NA,NA,1.6669337791384127
2024-02-05,AM,0.3284058968256081,7.550142070889944,-10.445314377314254,1.6669337791384127
2024-02-06,AM,NA,NA,NA,1.6390711696781306
2024-02-06,AM,0.328526536095056,11.150430189017756,-12.604840958333876,1.6390711696781306
2024-02-07,AM,NA,NA,NA,1.6221974260197904
2024-02-07,AM,NA,NA,NA,1.6221974260197904
2024-02-08,AM,NA,NA,NA,1.6094657856648347
2024-02-08,AM,0.3293901125879558,10.216748618411414,-12.677297409388258,1.6094657856648347
2024-02-09,AM,NA,NA,NA,1.602268504295604
2024-02-09,AM,0.32924065151436477,10.220580440666378,-12.209629207329296,1.602268504295604
2024-02-10,AM,NA,NA,NA,1.6011234042162847
2024-02-10,AM,0.3292983709251378,9.707016743001722,-12.042617943708889,1.6011234042162847
2024-02-11,AM,NA,NA,NA,1.6023404223260944
2024-02-11,AM,0.3278536254377007,9.11916402569154,-12.510856719428816,1.6023404223260944
2024-02-12,AM,NA,NA,NA,1.6039993690581107
2024-02-12,AM,0.32775680279743835,4.680574605239942,-8.90150850553709,1.6039993690581107
2024-02-13,AM,NA,NA,NA,1.5998313624906841
2024-02-13,AM,0.32965967365380744,13.3783725539915,-14.09879669143422,1.5998313624906841
2024-02-14,AM,NA,NA,NA,1.5929081293405636
2024-02-14,AM,NA,NA,NA,1.5929081293405636
2024-02-15,AM,NA,NA,NA,1.5842078148944345
2024-02-15,AM,0.3302660880045291,12.165410209797614,-13.168296900979511,1.5842078148944345
2024-02-16,AM,NA,NA,NA,1.5717561662189443
2024-02-16,AM,0.3289091758875418,8.46450923576882,-11.60144669401448,1.5717561662189443
2024-02-17,AM,NA,NA,NA,1.5675029464690449
2024-02-17,AM,0.3297627657169541,4.908227177236361,-8.187260209251766,1.5675029464690449
2024-02-18,AM,NA,NA,NA,1.5761676240396432
2024-02-18,AM,0.3288574429917018,9.152025192765826,-11.72827352768808,1.5761676240396432
2024-02-19,AM,NA,NA,NA,1.5992698977542663
2024-02-19,AM,0.32890635119690714,10.9792722096596,-12.354283918301691,1.5992698977542663
2024-02-20,AM,NA,NA,NA,1.6382576451393056
2024-02-20,AM,0.3295069660249716,8.272708535566329,-10.086097011345933,1.6382576451393056
2024-02-21,AM,NA,NA,NA,1.6842990980994608
2024-02-21,AM,0.32930950496951894,8.051292983795173,-9.8875249860161,1.6842990980994608
2024-02-22,AM,NA,NA,NA,1.7321261873135472
2024-02-22,AM,0.3285055424000062,5.533168421006583,-5.25024680462969,1.7321261873135472
2024-02-23,AM,NA,NA,NA,1.7758720199419737
2024-02-23,AM,0.32901287736721974,6.468617156724129,-5.1838724231327795,1.7758720199419737
2024-02-24,AM,NA,NA,NA,1.7969952446372408
2024-02-24,AM,0.3278752658900594,6.485072348449817,-13.285521736642297,1.7969952446372408
2024-02-25,AM,NA,NA,NA,1.78789822630618
2024-02-25,AM,0.3284926752081031,6.453143499022542,-9.577274846049496,1.78789822630618
2024-02-26,AM,NA,NA,NA,1.765464375236725
2024-02-26,AM,0.3276383258291542,8.421674009654685,-11.067819226298266,1.765464375236725
2024-02-27,AM,NA,NA,NA,1.7412280266919042
2024-02-27,AM,0.3283952627712197,8.97394451692391,-11.697307632452077,1.7412280266919042
2024-02-28,AM,NA,NA,NA,1.7043623730273754
2024-02-28,AM,0.3281884984806579,9.787641399477982,-12.962086541305366,1.7043623730273754
2024-02-29,AM,NA,NA,NA,1.6419829494791691
2024-02-29,AM,0.32874964680552665,10.387124459510463,-11.85228706719669,1.6419829494791691
2024-03-01,AM,NA,NA,NA,1.5620813023446456
2024-03-01,AM,0.3286854168313722,7.976507973891477,-11.196302833140855,1.5620813023446456
2024-03-02,AM,NA,NA,NA,1.4819897511369995
2024-03-02,AM,0.3283694444942436,7.406653809680392,-10.269147012763664,1.4819897511369995
2024-03-03,AM,NA,NA,NA,1.4126181749488562
2024-03-03,AM,0.32942327348372097,9.684654222373762,-11.571770598205514,1.4126181749488562
2024-03-04,AM,NA,NA,NA,1.366948606688731
2024-03-04,AM,0.32889791648480754,9.706384116817317,-11.80398437174496,1.366948606688731
2024-03-05,AM,NA,NA,NA,1.3474150097695732
2024-03-05,AM,0.32828418610437293,4.285065983064811,-8.087757263120894,1.3474150097695732
2024-03-06,AM,NA,NA,NA,1.343704539656364
2024-03-06,AM,0.3289729450573114,8.959357823223876,-10.797586659920029,1.343704539656364
2024-03-07,AM,NA,NA,NA,1.359761537359621
2024-03-07,AM,0.32938650932710595,8.81358875442447,-11.250129451941874,1.359761537359621
2024-03-08,AM,NA,NA,NA,1.383679406327029
2024-03-08,AM,0.3287894681422667,6.827707461930752,-10.30430728228507,1.383679406327029
2024-03-09,AM,NA,NA,NA,1.3991808955555822
2024-03-09,AM,0.3287963756167778,6.082697493038818,-9.668086611688995,1.3991808955555822
2024-03-10,AM,NA,NA,NA,1.4415370121354543
2024-03-10,AM,0.3290344873640808,9.513395350311075,-11.27765229958282,1.4415370121354543
2024-03-11,AM,NA,NA,NA,1.5383618579249447
2024-03-11,AM,0.3289830267137836,8.668017501236324,-11.082367002016252,1.5383618579249447
2024-03-12,AM,NA,NA,NA,1.6451016600220543
2024-03-12,AM,0.3292915108348722,5.360310189324231,-8.110650456992998,1.6451016600220543
2024-03-13,AM,NA,NA,NA,1.7394740277442018
2024-03-13,AM,0.3293521618825969,3.080829572497803,-7.743628611829661,1.7394740277442018
2024-03-14,AM,NA,NA,NA,1.8223009242931
2024-03-14,AM,0.33042305869192296,0,-2.436757418807738,1.8223009242931
2024-03-15,AM,NA,NA,NA,1.886388985243827
2024-03-15,AM,0.3295955741190807,0.04049832268992331,-5.774724948217826,1.886388985243827
2024-03-16,AM,NA,NA,NA,1.9332379879629276
2024-03-16,AM,0.3291976992021036,3.1411946707827028,-6.069888108291208,1.9332379879629276
2024-03-17,AM,NA,NA,NA,1.9649407308579263
2024-03-17,AM,0.3305981123590198,1.8675217924739556,-5.88609940466558,1.9649407308579263
2024-03-18,AM,NA,NA,NA,1.9828548397037828
2024-03-18,AM,0.32931413396754555,0,-9.5835474465989,1.9828548397037828
2024-03-19,AM,NA,NA,NA,1.987563304129509
2024-03-19,AM,0.3311241953062943,1.4562555731471083,-4.2569533545669795,1.987563304129509
2024-03-20,AM,NA,NA,NA,1.9843603803402978
2024-03-20,AM,0.32981005992050483,0.5281712007580989,-4.381064630534643,1.9843603803402978
2024-03-21,AM,NA,NA,NA,1.9679300704162144
2024-03-21,AM,0.3289096585284096,0.20790181266670865,-5.5174913948276885,1.9679300704162144
2024-03-22,AM,NA,NA,NA,1.9467310271634473
2024-03-22,AM,0.32931666524154857,0,-8.959956855996102,1.9467310271634473
2024-03-23,AM,NA,NA,NA,1.9398397112571988
2024-03-23,AM,0.3305719560637761,0,-1.2777386237608397,1.9398397112571988
2024-03-24,AM,NA,NA,NA,1.9498984113842548
2024-03-24,AM,0.33006683177755963,0,-4.572366603697,1.9498984113842548
2024-03-25,AM,NA,NA,NA,1.9697678704017096
2024-03-25,AM,0.329471645280155,0,-7.31144776794044,1.9697678704017096
2024-03-26,AM,NA,NA,NA,1.9884366377570029
2024-03-26,AM,0.33024444750450216,0,-1.921106855041443,1.9884366377570029
2024-03-27,AM,NA,NA,NA,2.0064562758146143
2024-03-27,AM,0.33100863864273444,0,-0.6906944001225777,2.0064562758146143
2024-03-28,AM,NA,NA,NA,2.033386577317573
2024-03-28,AM,0.32994910493533336,0.6010091278599448,-4.625258993678117,2.033386577317573
2024-03-29,AM,NA,NA,NA,2.0844888835574236
2024-03-29,AM,0.32975648173506533,1.3474763985663505,-8.977036561498968,2.0844888835574236
2024-03-30,AM,NA,NA,NA,2.1581326718489215
2024-03-30,AM,0.3300061150483916,0.2777140256076438,-4.776531965058759,2.1581326718489215
2024-03-31,AM,NA,NA,NA,2.2317395000735423
2024-03-31,AM,0.3282329368669221,0,-9.454152603425827,2.2317395000735423
2024-04-01,AM,NA,NA,NA,2.301885526792617
2024-04-01,AM,0.32907280099356667,2.581568730166138,-7.2054946289324775,2.301885526792617
2024-04-02,AM,NA,NA,NA,2.3687579725346914
2024-04-02,AM,0.3289845874482928,3.5217910850840193,-8.322142796926084,2.3687579725346914
2024-04-03,AM,NA,NA,NA,2.4403591210566002
2024-04-03,AM,0.3295445825242191,0.43732121027314,-5.674356987046518,2.4403591210566002
2024-04-04,AM,NA,NA,NA,2.510856228305962
2024-04-04,AM,0.32961877568886677,0,-5.477710621453809,2.510856228305962
2024-04-05,AM,NA,NA,NA,2.5691634933663052
2024-04-05,AM,0.3282429244964159,2.780054741069041,-10.685580641070752,2.5691634933663052
2024-04-06,AM,NA,NA,NA,2.6039903270725993
2024-04-06,AM,0.3285874687862286,4.697975997084602,-9.309315860502018,2.6039903270725993
2024-04-07,AM,NA,NA,NA,2.6050012907512388
2024-04-07,AM,0.32739319092417507,5.630312610844613,-12.673715116189944,2.6050012907512388
2024-04-08,AM,NA,NA,NA,2.570502801227172
2024-04-08,AM,0.32812110085777335,4.5864305738908255,-11.486535534535362,2.570502801227172
2024-04-09,AM,NA,NA,NA,2.51743422570099
2024-04-09,AM,0.32754949065742744,2.9760829603268544,-11.511689528292743,2.51743422570099
2024-04-10,AM,NA,NA,NA,2.4747710061494095
2024-04-10,AM,0.32771436606473386,2.4921084963485836,-10.839852735373546,2.4747710061494095
2024-04-11,AM,NA,NA,NA,2.4978698458739452
2024-04-11,AM,0.3320791293827087,0,4.982669390060586,2.4978698458739452
2024-04-12,AM,NA,NA,NA,2.657891103787489
2024-04-12,AM,0.3291047415890269,2.817519149608763,-2.820456852826615,2.657891103787489
2024-04-13,AM,NA,NA,NA,2.9259587176152357
2024-04-13,AM,0.3259060909339143,0,-13.576275388885714,2.9259587176152357
2024-04-14,AM,NA,NA,NA,3.2049918096168977
2024-04-14,AM,0.3291358558396185,0,-2.8635783397765366,3.2049918096168977
2024-04-15,AM,NA,NA,NA,3.4440366647289844
2024-04-15,AM,0.3245609319148366,0,-16.126382282031248,3.4440366647289844
2024-04-16,AM,NA,NA,NA,3.6190992854813295
2024-04-16,AM,0.32609391666211623,0,-11.046760678055914,3.6190992854813295
2024-04-17,AM,NA,NA,NA,3.7542435193124652
2024-04-17,AM,0.3266416585172147,0.4852386941846458,-11.939746662961204,3.7542435193124652
2024-04-18,AM,NA,NA,NA,3.876135667775879
2024-04-18,AM,0.326946627285006,0,-11.704100164683602,3.876135667775879
2024-04-19,AM,NA,NA,NA,3.9817485001419604
2024-04-19,AM,0.3262749331990299,0,-12.022728181019303,3.9817485001419604
2024-04-20,AM,NA,NA,NA,4.0599934558466035
2024-04-20,AM,0.32676728280532397,0,-12.195796418391591,4.0599934558466035
2024-04-21,AM,NA,NA,NA,4.107871586306703
2024-04-21,AM,0.3266742305537603,0,-12.302127538110332,4.107871586306703
2024-04-22,AM,NA,NA,NA,4.11473518479952
2024-04-22,AM,0.32591695542388904,0,-12.329651150241595,4.11473518479952
2024-04-23,AM,NA,NA,NA,4.05834065130055
2024-04-23,AM,0.3255596479085625,0,-12.135057982691466,4.05834065130055
2024-04-24,AM,NA,NA,NA,3.9425318983406994
2024-04-24,AM,0.3247891238227391,0,-11.735477029285985,3.9425318983406994
2024-04-25,AM,NA,NA,NA,3.798575397000473
2024-04-25,AM,0.3266030378104524,0,-11.489865917727498,3.798575397000473
2024-04-26,AM,NA,NA,NA,3.654388259977378
2024-04-26,AM,0.32771908002579564,0,-11.254865617382846,3.654388259977378
2024-04-27,AM,NA,NA,NA,3.5055428018154253
2024-04-27,AM,0.32582675291724494,0,-10.8964497723836,3.5055428018154253
2024-04-28,AM,NA,NA,NA,3.3420754194717457
2024-04-28,AM,0.3280591992977968,0,-10.524744185694408,3.3420754194717457
2024-04-29,AM,NA,NA,NA,3.170301497936451
2024-04-29,AM,0.3275874208573753,0.21101829835900296,-10.300011745211968,3.170301497936451
2024-04-30,AM,NA,NA,NA,3.0039794586113633
2024-04-30,AM,0.327260943551878,0.1165376518307802,-9.796077489119266,3.0039794586113633
2024-05-01,AM,NA,NA,NA,2.8476548265313792
2024-05-01,AM,0.3274926950536183,0.27138066950169826,-9.564230536625196,2.8476548265313792
2024-05-02,AM,NA,NA,NA,2.6989973432346965
2024-05-02,AM,0.32887318211337274,0.31379406095120527,-9.291077083815718,2.6989973432346965
2024-05-03,AM,NA,NA,NA,2.5577619348871856
2024-05-03,AM,0.3283833414935673,0.4878384307111017,-9.122831036292158,2.5577619348871856
2024-05-04,AM,NA,NA,NA,2.4356887268723306
2024-05-04,AM,0.3290830740601245,0.34778669242812943,-8.347312307902293,2.4356887268723306
2024-05-05,AM,NA,NA,NA,2.3294737475493354
2024-05-05,AM,0.32784048941411553,0.12752251440261367,-8.51431428313067,2.3294737475493354
2024-05-06,AM,NA,NA,NA,2.22961950188549
2024-05-06,AM,0.32986594041854056,0.30666504914901144,-8.18558085399271,2.22961950188549
2024-05-07,AM,NA,NA,NA,2.141040454926787
2024-05-07,AM,0.32982379533065953,0.8196413463719938,-7.313100120406833,2.141040454926787
2024-05-08,AM,NA,NA,NA,2.072988801707668
2024-05-08,AM,0.3290549609358987,0.44931023996500546,-7.701305644377266,2.072988801707668
2024-05-09,AM,NA,NA,NA,2.0219776511725187
2024-05-09,AM,0.3291930024266467,0.2996964326792881,-7.354483418936538,2.0219776511725187
2024-05-10,AM,NA,NA,NA,1.9782030651478633
2024-05-10,AM,0.32808905962982604,2.3645809549025776,-8.82959135811172,1.9782030651478633
2024-05-11,AM,NA,NA,NA,1.9426228444937694
2024-05-11,AM,0.32927979283256287,1.2981538791019955,-7.29044037531002,1.9426228444937694
2024-05-12,AM,NA,NA,NA,1.912618945767993
2024-05-12,AM,0.32935186050967435,1.4673230377160558,-8.359235145561666,1.912618945767993
2024-05-13,AM,NA,NA,NA,1.8923765460344957
2024-05-13,AM,0.3298412012611488,1.455470924420143,-8.276687606358394,1.8923765460344957
2024-05-14,AM,NA,NA,NA,1.9040847963729743
2024-05-14,AM,0.3288819772522153,1.5895376422861052,-8.94480984316338,1.9040847963729743
2024-05-15,AM,NA,NA,NA,1.9664433405054171
2024-05-15,AM,0.3293318616388437,0.7588065315436446,-8.022932792814846,1.9664433405054171
2024-05-16,AM,NA,NA,NA,2.070045881164368
2024-05-16,AM,0.32925119049678253,0.5503812488943365,-8.179756550807491,2.070045881164368
2024-05-17,AM,NA,NA,NA,2.187117353313962
2024-05-17,AM,0.3291324673268494,0.5550392027662316,-8.486417853435707,2.187117353313962
2024-05-18,AM,NA,NA,NA,2.3087990320225122
2024-05-18,AM,0.32919057027967097,0.6026669435002359,-8.89939324372648,2.3087990320225122
2024-05-19,AM,NA,NA,NA,2.437031364022391
2024-05-19,AM,0.3279568133269208,0.5547089676866499,-8.97024224876243,2.437031364022391
2024-05-20,AM,NA,NA,NA,2.568759304948539
2024-05-20,AM,0.3277587979962978,0.47681537804499974,-9.321056493121864,2.568759304948539
2024-05-21,AM,NA,NA,NA,2.6912112977738216
2024-05-21,AM,0.3280827151776739,0.4453137169573976,-9.53471407153295,2.6912112977738216
2024-05-22,AM,NA,NA,NA,2.812508199096624
2024-05-22,AM,0.32843065329297316,0.3427911935819597,-9.74998641246158,2.812508199096624
2024-05-23,AM,NA,NA,NA,2.9505848246473536
2024-05-23,AM,0.3280680422026018,0.2402211752059479,-10.045653420559198,2.9505848246473536
2024-05-24,AM,NA,NA,NA,3.0907726858552773
2024-05-24,AM,0.32675564593883727,0.18062924457815585,-10.369058596355451,3.0907726858552773
2024-05-25,AM,NA,NA,NA,3.2074188427924093
2024-05-25,AM,0.32798402876890925,0.1458242210969333,-10.593102999543827,3.2074188427924093
2024-05-26,AM,NA,NA,NA,3.2834020812560607
2024-05-26,AM,0.32771977965011684,0.1205375238638252,-10.785484162561184,3.2834020812560607
2024-05-27,AM,NA,NA,NA,3.3083787499109225
2024-05-27,AM,0.32773159029963594,0.1494002753316589,-10.752024747641268,3.3083787499109225
2024-05-28,AM,NA,NA,NA,3.283707011210347
2024-05-28,AM,0.32778704286359556,0.11438839044081228,-10.756410923168264,3.283707011210347
2024-05-29,AM,NA,NA,NA,3.2199238681123887
2024-05-29,AM,0.3277612620415586,0.13712673930489153,-10.48027463072862,3.2199238681123887
2024-05-30,AM,NA,NA,NA,3.128293801828652
2024-05-30,AM,0.3280696398180721,0.11141679637299176,-10.294773382730162,3.128293801828652
2024-05-31,AM,NA,NA,NA,3.0265895243195415
2024-05-31,AM,0.327673298486603,0.24911792505470745,-10.190357375150317,3.0265895243195415
2024-06-01,AM,NA,NA,NA,2.9369083334745105
2024-06-01,AM,0.3289387020358325,0.2690622124802498,-10.070494996998256,2.9369083334745105
2024-06-02,AM,NA,NA,NA,2.8681594150071543
2024-06-02,AM,0.32714163255397155,0.36555124931513694,-9.873354325701396,2.8681594150071543
2024-06-03,AM,NA,NA,NA,2.8073601528033167
2024-06-03,AM,0.3290336422672713,0.2587291459461644,-9.50570323352809,2.8073601528033167
2024-06-04,AM,NA,NA,NA,2.737168046639045
2024-06-04,AM,0.3283935137806291,0.3322787133215611,-9.485625623621392,2.737168046639045
2024-06-05,AM,NA,NA,NA,2.6514257276959894
2024-06-05,AM,0.3293092281888801,0.44696940472071767,-9.371078142090504,2.6514257276959894
2024-06-06,AM,NA,NA,NA,2.5529582411316953
2024-06-06,AM,0.3293939323214691,0.5020615385866113,-9.191357092980702,2.5529582411316953
2024-06-07,AM,NA,NA,NA,2.450772541178746
2024-06-07,AM,0.3284710400649198,0.454470363133573,-8.873773812299607,2.450772541178746
2024-06-08,AM,NA,NA,NA,2.351419895530167
2024-06-08,AM,0.32885510734737655,0.733963484979535,-8.742940295110694,2.351419895530167
2024-06-09,AM,NA,NA,NA,2.248586120186752
2024-06-09,AM,0.3275981744805909,1.1084436353504454,-8.979328973272084,2.248586120186752
2024-06-10,AM,NA,NA,NA,2.134735469009162
2024-06-10,AM,0.32996108769524385,0.5490216386058824,-6.347897554237715,2.134735469009162
2024-06-11,AM,NA,NA,NA,2.014906721050489
2024-06-11,AM,0.3291911445464011,0,-6.54108868971426,2.014906721050489
2024-06-12,AM,NA,NA,NA,1.8897009021278077
2024-06-12,AM,0.33006064549455466,0.7467932070449933,-7.978956648243576,1.8897009021278077
2024-06-13,AM,NA,NA,NA,1.7653734400193344
2024-06-13,AM,0.32903907489223955,1.4196800771987093,-7.008194054451191,1.7653734400193344
2024-06-14,AM,NA,NA,NA,1.644096857499637
2024-06-14,AM,0.33017174712487873,0.8474594627722183,-6.465732433753766,1.644096857499637
2024-06-15,AM,NA,NA,NA,1.525895219660977
2024-06-15,AM,0.3303626501010644,0.6860024231689213,-5.894363610741147,1.525895219660977
2024-06-16,AM,NA,NA,NA,1.4182305909685677
2024-06-16,AM,0.3297362441273953,1.4188257448194463,-7.274406647359012,1.4182305909685677
2024-06-17,AM,NA,NA,NA,1.3286645891414428
2024-06-17,AM,0.32975233611671634,4.894849374415361,-5.514005090287936,1.3286645891414428
2024-06-18,AM,NA,NA,NA,1.2481083045140418
2024-06-18,AM,0.3289074369199638,1.7933854605971349,-5.768700206105623,1.2481083045140418
2024-06-19,AM,NA,NA,NA,1.1769439828497534
2024-06-19,AM,NA,NA,NA,1.1769439828497534
2024-06-20,AM,NA,NA,NA,1.1083196980995158
2024-06-20,AM,NA,NA,NA,1.1083196980995158
2024-06-21,AM,1.3897530390727553,0.4793567592098989,-11.853626575284364,1.0450910672407832
2024-06-21,AM,NA,NA,NA,1.0450910672407832
2024-06-22,AM,1.7726524907561314,0.7079987537265461,-14.158794512858426,0.9917822085472444
2024-06-22,AM,NA,NA,NA,0.9917822085472444
2024-06-23,AM,2.0856120060400287,0.7562196608422519,-15.59058546249493,0.9442708128905205
2024-06-23,AM,NA,NA,NA,0.9442708128905205
2024-06-24,AM,2.4394374442192377,0.7497834781826348,-16.880248811656717,0.9015210905641581
2024-06-24,AM,NA,NA,NA,0.9015210905641581
2024-06-25,AM,2.6739553631960016,2.7889592475376657,-21.593162860635307,0.8575648419105238
2024-06-25,AM,NA,NA,NA,0.8575648419105238
2024-07-06,AM,2.8410608867102582,2.5536660580236323,-21.485829830074827,0.9211581995444335
2024-07-06,AM,NA,NA,NA,0.9211581995444335
2024-07-07,AM,2.2239801881386003,3.2258583990027354,-18.9148113884361,0.9726776270855143
2024-07-07,AM,NA,NA,NA,0.9726776270855143
2024-07-08,AM,2.016118303932968,2.409713807535425,-16.487092532273966,0.9749428788678279
2024-07-08,AM,NA,NA,NA,0.9749428788678279
2024-07-09,AM,2.172990353747451,2.4209893880650037,-17.63476993739017,0.9624668073241652
2024-07-09,AM,NA,NA,NA,0.9624668073241652
2024-07-10,AM,2.202976291945435,2.1768099507847016,-17.38872579460567,0.9625372949473535
2024-07-10,AM,NA,NA,NA,0.9625372949473535
2024-07-11,AM,2.183879035434163,3.1170636099713347,-17.622079030794165,0.9704853742427595
2024-07-11,AM,NA,NA,NA,0.9704853742427595
2024-07-12,AM,2.091679894732485,3.525846041002051,-18.11369347055322,0.9907786730503454
2024-07-12,AM,NA,NA,NA,0.9907786730503454
2024-07-13,AM,1.8773148772307555,4.065654224974816,-17.782395559285323,1.028824369902421
2024-07-13,AM,NA,NA,NA,1.028824369902421
2024-07-14,AM,1.5315335274879804,3.9714599775717625,-15.835188552207276,1.0749698543756723
2024-07-14,AM,NA,NA,NA,1.0749698543756723
2024-07-15,AM,1.231631222817329,3.308041603829233,-13.18894820744876,1.1074673527829044
2024-07-15,AM,NA,NA,NA,1.1074673527829044
2024-07-16,AM,1.1323370858312942,2.637267692376566,-11.999243736338467,1.111112874155735
2024-07-16,AM,NA,NA,NA,1.111112874155735
2024-07-17,AM,1.2018171553683472,3.089868484965476,-12.309522151531,1.0795768121738873
2024-07-17,AM,NA,NA,NA,1.0795768121738873
2024-07-18,AM,1.5234974173896274,2.6879214060519896,-13.636898865871672,1.018766896700635
2024-07-18,AM,NA,NA,NA,1.018766896700635
2024-07-19,AM,2.064435934051672,2.4263698992231153,-16.09491844331556,0.9546696745503647
2024-07-19,AM,NA,NA,NA,0.9546696745503647
2024-07-23,AM,2.8100775238547975,2.413779561237938,-19.80394102235007,0.9136925852514907
2024-07-23,AM,NA,NA,NA,0.9136925852514907
2024-07-24,AM,2.7408863251077986,2.4213718778721853,-19.743364042210217,0.8786518454305243
2024-07-24,AM,NA,NA,NA,0.8786518454305243
2024-07-25,AM,NA,NA,NA,0.8444550935569973
2024-07-25,AM,NA,NA,NA,0.8444550935569973
2022-04-01,GB,NA,NA,NA,0.935527151629182
2022-04-02,GB,NA,NA,NA,0.8827880943657298
2022-04-03,GB,NA,NA,NA,0.8474753354409054
2022-04-04,GB,NA,NA,NA,0.8345280522398022
2022-04-05,GB,NA,NA,NA,0.8319222203771243
2022-04-06,GB,NA,NA,NA,0.8237310097005307
2022-04-07,GB,NA,NA,NA,0.8054582730530249
2022-08-31,GB,NA,NA,NA,0.8146217398522362
2022-08-31,GB,5.868294842699752,3.2938435590713393,-23.32397844493717,0.8146217398522362
2022-09-01,GB,NA,NA,NA,0.8652842145044368
2022-09-01,GB,6.1924900986954245,2.766320847777599,-25.24846641886661,0.8652842145044368
2022-09-02,GB,NA,NA,NA,0.881427260285853
2022-09-02,GB,5.947152507323038,2.172116311627314,-24.370803732312652,0.881427260285853
2022-09-03,GB,NA,NA,NA,0.8744458807243807
2022-09-03,GB,5.820563236209589,1.997716915340208,-23.71815937386876,0.8744458807243807
2022-09-04,GB,NA,NA,NA,0.8600078261014146
2022-09-04,GB,NA,NA,NA,0.8600078261014146
2022-09-05,GB,NA,NA,NA,0.8510495342890463
2022-09-05,GB,5.876420568079146,1.8361674590657255,-23.2018090562555,0.8510495342890463
2022-09-06,GB,NA,NA,NA,0.8506258372881459
2022-09-06,GB,5.795872931671906,1.8515110333724272,-22.885834169481008,0.8506258372881459
2022-09-07,GB,NA,NA,NA,0.8552642962891612
2022-09-07,GB,5.869757046002334,2.184182936328015,-23.669604453607697,0.8552642962891612
2022-09-08,GB,NA,NA,NA,0.8542133001561825
2022-09-08,GB,4.726181120262383,1.2197869642319572,-18.92420243466506,0.8542133001561825
2022-09-09,GB,NA,NA,NA,0.8408789725657541
2022-09-09,GB,5.47624285148744,1.253751887862823,-21.16752494122787,0.8408789725657541
2022-09-10,GB,NA,NA,NA,0.8293823197001999
2022-09-10,GB,5.61448405466074,1.1428992401300269,-21.134410698343256,0.8293823197001999
2022-09-11,GB,NA,NA,NA,0.8440450029487256
2022-09-11,GB,5.7046937275706036,2.118223456908848,-22.799714306183656,0.8440450029487256
2022-09-12,GB,NA,NA,NA,0.9062411890519209
2022-09-12,GB,4.974703196217739,1.8470525822038264,-22.04606363319369,0.9062411890519209
2022-09-13,GB,NA,NA,NA,0.9993235193777928
2022-09-13,GB,4.24256529113163,1.8614683714325448,-21.441936203419132,0.9993235193777928
2022-09-14,GB,NA,NA,NA,1.0566948856282568
2022-09-14,GB,4.506717979213528,1.997067413686791,-23.99048604879181,1.0566948856282568
2022-09-15,GB,NA,NA,NA,1.0435086912066773
2022-09-15,GB,4.498051010518415,1.626604060249528,-23.204058727244295,1.0435086912066773
2022-09-16,GB,NA,NA,NA,0.991433932853467
2022-09-16,GB,4.707173039013663,1.326282768799337,-22.575748372522376,0.991433932853467
2022-09-17,GB,NA,NA,NA,0.940320019389517
2022-09-17,GB,5.167905872596874,1.629222007809736,-22.983002732558365,0.940320019389517
2022-09-18,GB,NA,NA,NA,0.9041088870845475
2022-09-18,GB,5.307809641337353,1.8592236732365297,-23.113727160909825,0.9041088870845475
2022-09-19,GB,NA,NA,NA,0.8817953864565392
2022-09-19,GB,5.514473731598891,2.0026306986388955,-23.786993355889464,0.8817953864565392
2022-09-20,GB,NA,NA,NA,0.8663404183081928
2022-09-20,GB,5.7294196354583535,2.105971544547495,-24.14741938179532,0.8663404183081928
2022-09-21,GB,NA,NA,NA,0.8518845032430404
2022-09-21,GB,5.918381531303786,2.097471205690829,-23.97090439029127,0.8518845032430404
2022-09-22,GB,NA,NA,NA,0.8342643583109376
2022-09-22,GB,6.093495046392717,2.157324651734996,-24.170645184048336,0.8342643583109376
2022-09-23,GB,NA,NA,NA,0.8105541304067431
2022-09-23,GB,6.1096607072278175,2.2982836615272406,-23.088573961150956,0.8105541304067431
2023-08-05,GB,NA,NA,NA,0.8510521310797735
2023-08-05,GB,4.647852054981383,2.3851802319891084,-22.531078734020287,0.8510521310797735
2023-08-06,GB,NA,NA,NA,0.9124123175859373
2023-08-06,GB,5.147913373060946,2.6390716823999147,-26.06031069593871,0.9124123175859373
2023-08-07,GB,NA,NA,NA,0.9066194521366872
2023-08-07,GB,4.989998278448097,2.233903524169189,-24.054089441861073,0.9066194521366872
2023-08-08,GB,NA,NA,NA,0.8796205510644854
2023-08-08,GB,5.093902252981906,1.8657041944892776,-23.49831983854443,0.8796205510644854
2023-08-09,GB,NA,NA,NA,0.8531136956346239
2023-08-09,GB,5.358918232751609,1.9286903259827113,-23.25513827908644,0.8531136956346239
2023-08-10,GB,NA,NA,NA,0.8286499478371221
2023-08-10,GB,5.504951631226266,1.838683614128571,-22.69983311267278,0.8286499478371221
2023-08-11,GB,NA,NA,NA,0.8045517311541173
2023-08-11,GB,6.023354473416136,2.3146971594191807,-23.95897339084846,0.8045517311541173
2023-12-20,GB,NA,NA,NA,0.9837957243977576
2023-12-20,GB,2.3277017418925743,1.6771266378621708,-14.144799941766005,0.9837957243977576
2023-12-21,GB,NA,NA,NA,1.116482493680762
2023-12-21,GB,0.9934117258900708,2.945301676614098,-4.070103899429347,1.116482493680762
2023-12-22,GB,NA,NA,NA,1.2010473070643868
2023-12-22,GB,5.078947143121547,0.1494258789697364,-17.396744672879944,1.2010473070643868
2023-12-23,GB,NA,NA,NA,1.234816024734804
2023-12-23,GB,5.324100043625722,0.4562102100845335,-18.774777185366773,1.234816024734804
2023-12-24,GB,NA,NA,NA,1.211858522472238
2023-12-24,GB,4.48503759800901,0.710564059572761,-18.32510859308198,1.211858522472238
2023-12-25,GB,NA,NA,NA,1.1536680611310095
2023-12-25,GB,NA,NA,NA,1.1536680611310095
2023-12-26,GB,NA,NA,NA,1.0889762821853017
2023-12-26,GB,NA,NA,NA,1.0889762821853017
2023-12-27,GB,NA,NA,NA,1.0331586545828044
2023-12-27,GB,4.868980100874788,2.3572159667032935,-26.4692461593821,1.0331586545828044
2023-12-28,GB,NA,NA,NA,0.9888123819724581
2023-12-28,GB,4.537288464565577,1.5541016101841114,-22.881304975046746,0.9888123819724581
2023-12-29,GB,NA,NA,NA,0.9515149086960729
2023-12-29,GB,5.639460048360536,1.8878426818324288,-25.310224187431825,0.9515149086960729
2023-12-30,GB,NA,NA,NA,0.9188499860192096
2023-12-30,GB,5.94010610623992,2.01629619811162,-25.525036762213123,0.9188499860192096
2023-12-31,GB,NA,NA,NA,0.8908248848903962
2023-12-31,GB,6.290414062862774,2.268727842800837,-26.256876930150227,0.8908248848903962
2024-01-01,GB,NA,NA,NA,0.8660390437614625
2024-01-01,GB,6.26647627787095,2.608791814428891,-26.346977396349207,0.8660390437614625
2024-01-02,GB,NA,NA,NA,0.8435512035283637
2024-01-02,GB,7.153703173845317,2.9051972393028884,-27.22122189313028,0.8435512035283637
2024-01-03,GB,NA,NA,NA,0.8245131534936447
2024-01-03,GB,7.183237314396118,3.654681157666517,-28.475420807536757,0.8245131534936447
2024-01-04,GB,NA,NA,NA,0.8039306014840909
2024-01-04,GB,7.487676020796996,3.524972977792967,-26.883014684341468,0.8039306014840909
2024-01-13,GB,NA,NA,NA,0.7963394985754656
2024-01-13,GB,8.321939326258553,5.9651273368865905,-29.93204295018554,0.7963394985754656
2024-01-14,GB,NA,NA,NA,0.813906613986802
2024-01-14,GB,8.574580859123317,5.306218842149623,-30.92086351540823,0.813906613986802
2024-01-15,GB,NA,NA,NA,0.8307978490695267
2024-01-15,GB,7.346909830399348,5.374596223898945,-30.171698532943964,0.8307978490695267
2024-01-16,GB,NA,NA,NA,0.8400011182138962
2024-01-16,GB,4.328615953431159,1.516349123087727,-16.923669719068304,0.8400011182138962
2024-01-17,GB,NA,NA,NA,0.8345424785273319
2024-01-17,GB,9.331889678203176,6.2923124190390904,-32.13892792460744,0.8345424785273319
2024-01-18,GB,NA,NA,NA,0.8287647143903991
2024-01-18,GB,6.0692843647860695,2.5133248284978373,-21.707850824716846,0.8287647143903991
2024-01-19,GB,NA,NA,NA,0.8243847407537463
2024-01-19,GB,6.861988123159908,6.029376818613233,-26.289108159618625,0.8243847407537463
2024-01-20,GB,NA,NA,NA,0.811111458881278
2024-01-20,GB,8.657418022383418,5.559975131472442,-28.575432313694165,0.811111458881278
2023-12-27,ID,NA,NA,NA,3.102116389974268
2024-01-16,ID,0.10657417933028852,0.2624478202330814,-4.219246861106982,3.103761916598107
2024-01-17,ID,0.10304467554369576,5.691521530183417,-0.4193071072586389,3.133466299166944
2024-01-18,ID,0.10477080082933314,1.921940579426369,-5.768086566386705,3.152221754234125
2024-01-19,ID,0.1032145690535425,2.860101366773768,-1.649657259149172,3.1725127789969205
2024-01-20,ID,0.1028494101324614,3.188669089029479,-3.276168812348961,3.191674794928928
2024-01-21,ID,NA,NA,NA,3.18801237463594
2024-01-22,ID,NA,NA,NA,3.1779946381489355
2024-01-23,ID,0.10666367032263936,0.3725068753403251,-6.666837292694188,3.1627984333039576
2024-01-24,ID,0.1017794602867109,4.5385420110105015,-2.5979287908545525,3.1393622758545727
2024-01-25,ID,0.10052025194670632,6.038005801047372,-7.4726033236479505,3.112794215415163
2024-04-04,ID,0.10422725432803906,7.520713510407085,-3.85357601747667,3.1654236313072595
2024-04-05,ID,0.10348552967628329,5.196871633075455,-6.329891398806665,3.210053621413485
2024-04-06,ID,0.10408162986392236,3.4438153326239607,-4.374284241034578,3.260396896600201
2024-04-07,ID,0.10398948420555056,4.002608190655708,-5.204449049983519,3.299806171221118
2024-04-08,ID,0.10468433140097916,3.146946624737949,-4.858835614196455,3.324810485241593
2024-04-09,ID,0.10373971695622287,3.2089730851811193,-4.727242066151899,3.328973365092221
2024-04-10,ID,0.10589023603791872,2.8851568100725533,-5.2340361447803625,3.3224363201687286
2024-04-11,ID,0.10331237906175862,3.1784650327984227,-5.414894335226925,3.3330856727705216
2024-04-12,ID,0.10453712770965336,4.379182396078636,-4.127217320059932,3.3475134020797372
2024-04-13,ID,0.10438765426628348,4.983783112386566,-6.73820577010286,3.396658304860856
2024-04-14,ID,0.10206925365523796,10.447381789052075,-12.390873478117664,3.502655821940119
2024-04-15,ID,0.10046637371948113,8.314318289403477,-9.41546183249199,3.6397973028509645
2024-04-16,ID,0.10136804432703642,7.394611908554705,-8.077335542079602,3.776266709503879
2024-04-17,ID,0.10179434211562684,10.25212642482857,-11.53561241354712,3.8951012340392692
2024-04-18,ID,0.10136619663320076,8.651912587944436,-11.919904663538311,4.0011764446956395
2024-04-19,ID,0.10149416663249444,9.644953700946408,-12.249259431945074,4.09473819699626
2024-04-20,ID,0.1027581593450646,6.0631677297101945,-9.337346723656369,4.178712445380689
2024-04-21,ID,NA,NA,NA,4.251738668229501
2024-04-22,ID,NA,NA,NA,4.315853542524715
2024-04-23,ID,0.10605616881213796,6.179936562818403,-4.246692748839545,4.348254936044156
2024-04-24,ID,0.10383608534504168,4.848361022237603,-5.991154786425134,4.363659139281389
2024-04-25,ID,0.1039526796683031,4.664496152268107,-6.842998360980915,4.350625075491587
2024-04-26,ID,0.10385653326547988,7.12118672143629,-10.37590870320973,4.3099544874751885
2024-04-27,ID,0.10435528181713088,2.9385905525730176,-5.217815082002897,4.252313313273837
2024-04-28,ID,0.10551461556187389,2.5955213899989085,-3.5402406077061523,4.183055998285412
2024-04-29,ID,0.10450941549018436,3.5108210694638604,-4.365706807391124,4.10457233550534
2024-04-30,ID,0.10391731693831983,5.494541274591073,-7.842861698461128,4.013127856217894
2024-05-01,ID,0.1033763602538949,8.509438201412335,-10.288567809927711,3.9158269379208575
2024-05-02,ID,0.10426586626755664,7.198696488613572,-9.30274360431954,3.81062680180902
2024-05-03,ID,0.10481613182519176,6.261164919567096,-6.091283035105811,3.704156100671333
2024-05-04,ID,0.10461964064062358,2.532183156921098,-4.674720119322564,3.595827033545936
2024-05-05,ID,0.105940358227299,0.5804928970760344,-1.8585935704041687,3.4946805290639458
2024-05-06,ID,0.10483950102304904,0.6235865810879923,-0.1898619846605311,3.3901117206718556
2024-05-07,ID,0.10451350139567432,0.6445288857229186,-1.8956651676901892,3.289086832215001
2024-05-08,ID,0.10384039274946272,3.395277595970744,-4.160048403673276,3.195755320570878
2024-05-09,ID,0.10253180451832496,4.734744286909489,-5.463721735217899,3.1117999114014694
2024-05-20,ID,0.10439676585320856,1.3922092819157263,-2.078582217627049,3.1480764203802485
2024-05-21,ID,0.1044354295260654,1.0312042716079537,-3.530157952850831,3.2296590057609014
2024-05-22,ID,0.1054128445471343,0.20632043682263165,-3.154596885196329,3.3111140792293314
2024-05-23,ID,0.10510912726504328,2.197668572463519,-4.42081528250805,3.3899951383882945
2024-05-24,ID,0.10442602672348478,6.802160230015411,-8.763395192671238,3.481117722607753
2024-05-25,ID,0.1039373554679994,8.788970105123171,-9.37372794730448,3.5740537078813372
2024-05-26,ID,0.10309645696152746,8.613810470199105,-8.85838613542851,3.6583975489278027
2024-05-27,ID,0.10251083314989112,7.922953408246511,-8.701642031302125,3.726845642855486
2024-05-28,ID,0.10282028965833256,6.6751867456128116,-8.598497076368334,3.775949416344807
2024-05-29,ID,0.10167840232486744,7.223813360460639,-8.044367279909817,3.797097358749188
2024-05-30,ID,0.10188129064757843,8.624353259495665,-9.039708989432205,3.790987909361121
2024-05-31,ID,0.10116845420750178,10.18615375003711,-11.158477321691574,3.7638070244627047
2024-06-01,ID,0.10369832745428872,10.450617955916854,-10.979973918718365,3.7212541021302252
2024-06-02,ID,0.10261459835752187,7.932375366887223,-11.62740903999451,3.6796021043490224
2024-06-03,ID,0.10543709357155272,9.245351356691442,-9.676291854208031,3.6355209093315226
2024-06-04,ID,0.10524271012153952,6.8287146691858345,-7.9942196007732,3.5921195058949515
2024-06-05,ID,0.10533967372068297,5.1081964454201465,-6.948019707685814,3.5404268096414033
2024-06-06,ID,0.105440965634206,3.995478525637521,-4.941577065148973,3.484714756632226
2024-06-07,ID,0.10583396007506105,1.4373499171515458,-2.6974348859854023,3.415260900591245
2024-06-08,ID,0.10566473732780812,0,-1.0796531362705386,3.337806008962445
2024-06-09,ID,0.10428441711923428,0.5380526562026275,-1.6146758398922672,3.256671201136154
2024-06-10,ID,0.10378910581860298,1.2704166535239796,-2.0010739858764435,3.1705556641042403
2022-04-01,LF,NA,NA,NA,1.5838794913019407
2022-04-02,LF,NA,NA,NA,1.5891606113087673
2022-04-03,LF,NA,NA,NA,1.5810187858072176
2022-04-04,LF,NA,NA,NA,1.5608401079996062
2022-04-05,LF,NA,NA,NA,1.543481262211129
2022-04-06,LF,NA,NA,NA,1.537000018590311
2022-04-07,LF,NA,NA,NA,1.533877596063341
2022-04-08,LF,NA,NA,NA,1.5243268910168857
2022-04-09,LF,NA,NA,NA,1.505552723261398
2022-04-10,LF,NA,NA,NA,1.4866564909939137
2022-04-11,LF,NA,NA,NA,1.4811273388700799
2022-04-12,LF,1.4428813892525054,4.88209945536073,-18.115364201818792,1.4918966073632434
2022-04-13,LF,NA,NA,NA,1.510613532129485
2022-04-14,LF,1.39658588254921,6.32129896417159,-20.249140773394593,1.5294892603032368
2022-04-15,LF,1.4324884892735716,5.670698404588934,-19.70471870916778,1.5404086794096534
2022-04-16,LF,NA,NA,NA,1.5433519064786425
2022-04-17,LF,NA,NA,NA,1.543607353368627
2022-04-18,LF,NA,NA,NA,1.538334749935925
2022-04-19,LF,1.5413092955314958,5.304088207193344,-17.29158903216391,1.5135221575700828
2022-04-20,LF,1.4616534247148478,4.92941719208709,-17.655316620758896,1.4663897470026845
2022-04-21,LF,1.5075879785043935,5.281572838613614,-17.875882642154973,1.4158414963787715
2022-04-22,LF,NA,NA,NA,1.3707914750373722
2022-04-23,LF,2.0080515212097994,5.077238036004491,-20.91398735777861,1.324952534648479
2022-04-24,LF,1.895369494955708,4.410466846907753,-19.59879859001611,1.288031047578078
2022-04-25,LF,NA,NA,NA,1.2585296345998074
2022-04-26,LF,NA,NA,NA,1.2280711781714868
2022-04-26,LF,NA,NA,NA,1.2280711781714868
2022-04-27,LF,3.347332876082742,4.923889001644364,-28.825736161032054,1.1886155491346189
2022-04-27,LF,NA,NA,NA,1.1886155491346189
2022-04-28,LF,3.682040157778055,5.258835689971512,-29.32095361551325,1.1398282582204635
2022-04-28,LF,NA,NA,NA,1.1398282582204635
2023-12-24,LF,3.0089666538715405,2.326390005319152,-24.58793553037047,1.1448499021491467
2023-12-24,LF,NA,NA,NA,1.1448499021491467
2023-12-25,LF,NA,NA,NA,1.2199900096799439
2023-12-25,LF,NA,NA,NA,1.2199900096799439
2023-12-26,LF,NA,NA,NA,1.2785266606353056
2023-12-26,LF,1.8158402325665943,0.6309234751010707,-16.14413287058591,1.2785266606353056
2023-12-27,LF,NA,NA,NA,1.2955436656475088
2023-12-27,LF,1.8635911329084631,1.5877067839631935,-15.537854557697372,1.2955436656475088
2023-12-28,LF,NA,NA,NA,1.2962195040827245
2023-12-28,LF,1.914402212394723,1.0387673446946186,-15.61854521517668,1.2962195040827245
2023-12-29,LF,NA,NA,NA,1.296389408513766
2023-12-29,LF,1.9160013499149895,1.449726009860736,-14.198287108380848,1.296389408513766
2023-12-30,LF,NA,NA,NA,1.2838196845148682
2023-12-30,LF,1.945724243429636,1.4541707701172744,-14.4229735877119,1.2838196845148682
2023-12-31,LF,NA,NA,NA,1.2667754610460717
2023-12-31,LF,1.9906529554203511,1.1648766795430443,-14.635525464093169,1.2667754610460717
2024-01-01,LF,NA,NA,NA,1.2556461333910387
2024-01-01,LF,1.8029447079018717,1.3933209712940584,-14.509313129693,1.2556461333910387
2024-01-02,LF,NA,NA,NA,1.2413992343322962
2024-01-02,LF,1.8500984342173392,1.9341171729980409,-13.619662397054428,1.2413992343322962
2024-01-03,LF,NA,NA,NA,1.2317151371086374
2024-01-03,LF,1.9496491294152507,2.68224515011064,-15.889435915626958,1.2317151371086374
2024-01-04,LF,NA,NA,NA,1.2231925811330369
2024-01-04,LF,NA,NA,NA,1.2231925811330369
2024-01-05,LF,NA,NA,NA,1.2007683913444265
2024-01-05,LF,NA,NA,NA,1.2007683913444265
2024-01-06,LF,NA,NA,NA,1.2117055512369614
2024-01-06,LF,NA,NA,NA,1.2117055512369614
2024-01-07,LF,NA,NA,NA,1.2183505020712966
2024-01-07,LF,NA,NA,NA,1.2183505020712966
2024-01-08,LF,NA,NA,NA,1.186570260637846
2024-01-08,LF,NA,NA,NA,1.186570260637846
2024-01-09,LF,NA,NA,NA,1.2161196432285317
2024-01-09,LF,NA,NA,NA,1.2161196432285317
2024-01-10,LF,NA,NA,NA,1.2721055282150489
2024-01-10,LF,1.9063393565607092,2.7265752652185693,-14.124038777538232,1.2721055282150489
2024-01-11,LF,NA,NA,NA,1.2568249701508913
2024-01-11,LF,1.8113866030929848,2.3837474961992875,-14.58941193533232,1.2568249701508913
2024-01-12,LF,NA,NA,NA,1.2433117726332783
2024-01-12,LF,1.8622940253225049,1.3597807006496965,-17.0381664375099,1.2433117726332783
2024-01-13,LF,NA,NA,NA,1.2598835275415554
2024-01-13,LF,1.8757275735733587,4.414313923046785,-15.335007032516982,1.2598835275415554
2024-01-14,LF,NA,NA,NA,1.2597367246473454
2024-01-14,LF,1.8334399959486785,3.459530435596516,-14.27262425273675,1.2597367246473454
2024-01-15,LF,NA,NA,NA,1.2614953277048202
2024-01-15,LF,1.8017120465810144,2.269907832981964,-15.979682300748063,1.2614953277048202
2024-01-16,LF,NA,NA,NA,1.2892060761410504
2024-01-16,LF,1.9003831904642992,0,-12.06849328896488,1.2892060761410504
2024-01-17,LF,NA,NA,NA,1.3003651591506384
2024-01-17,LF,1.848614932361528,3.62212962812662,-13.306987664020593,1.3003651591506384
2024-01-18,LF,NA,NA,NA,1.296666904842026
2024-01-18,LF,1.899724249370228,1.5762034962315852,-13.970646236423269,1.296666904842026
2024-01-19,LF,NA,NA,NA,1.311459417120005
2024-01-19,LF,1.7810066117698484,1.718669791140745,-13.971066172632524,1.311459417120005
2024-01-20,LF,NA,NA,NA,1.3234284992804364
2024-01-20,LF,1.6475815385920027,2.585585755464739,-11.801512144235126,1.3234284992804364
2024-01-21,LF,NA,NA,NA,1.313589743280718
2024-01-21,LF,1.633022054184411,3.3175219679181938,-12.374287942931083,1.313589743280718
2024-01-22,LF,NA,NA,NA,1.3120955864227979
2024-01-22,LF,1.7406566551516436,3.306006014367864,-16.027348511938627,1.3120955864227979
2024-01-23,LF,NA,NA,NA,1.327271898886249
2024-01-23,LF,1.5815075114942927,2.6571358749896272,-15.57211573191521,1.327271898886249
2024-01-24,LF,NA,NA,NA,1.3363959678453512
2024-01-24,LF,1.5230099593927524,3.605468878652547,-17.042169729424263,1.3363959678453512
2024-01-25,LF,NA,NA,NA,1.3400478218596659
2024-01-25,LF,1.4086874295755472,3.9987339159824375,-15.96926122036067,1.3400478218596659
2024-01-26,LF,NA,NA,NA,1.3402943377958902
2024-01-26,LF,1.3764165745989854,5.024207637160512,-16.654910441413172,1.3402943377958902
2024-01-27,LF,NA,NA,NA,1.329099257397676
2024-01-27,LF,1.4913433249630343,4.4314597844654875,-17.209445973956594,1.329099257397676
2024-01-28,LF,NA,NA,NA,1.3137906542760431
2024-01-28,LF,1.630830046313967,5.104162619072861,-16.13961642280707,1.3137906542760431
2024-01-29,LF,NA,NA,NA,1.2812929297926727
2024-01-29,LF,NA,NA,NA,1.2812929297926727
2024-01-30,LF,NA,NA,NA,1.2465566967585942
2024-01-30,LF,1.879149438020936,4.178144252937363,-16.430221307875442,1.2465566967585942
2024-01-31,LF,NA,NA,NA,1.227618033744573
2024-01-31,LF,1.940690423420901,4.313009894686653,-17.266633477112073,1.227618033744573
2024-02-01,LF,NA,NA,NA,1.20874588641647
2024-02-01,LF,NA,NA,NA,1.20874588641647
2024-02-02,LF,3.0389340000907277,4.38803494614592,-24.22098365412301,1.1925902854558912
2024-02-02,LF,NA,NA,NA,1.1925902854558912
2024-02-03,LF,3.2106687039265855,5.181608911158135,-26.130634324766064,1.1746551861237136
2024-02-03,LF,NA,NA,NA,1.1746551861237136
2024-02-04,LF,2.2532724925698693,3.567337822908002,-19.34374952765362,1.1721164572348712
2024-02-04,LF,NA,NA,NA,1.1721164572348712
2024-02-05,LF,2.944644950098664,3.3431495573747756,-21.943564819739517,1.175589782343019
2024-02-05,LF,NA,NA,NA,1.175589782343019
2024-02-06,LF,3.476012993426518,4.689303006994691,-24.298227519916544,1.1269286371950142
2024-02-06,LF,NA,NA,NA,1.1269286371950142
2024-02-12,LF,3.715197455055523,3.675767612940984,-29.31533806853641,1.1162394779310718
2024-02-12,LF,NA,NA,NA,1.1162394779310718
2024-03-18,LF,NA,NA,NA,1.1114711168811322
2024-03-18,LF,NA,NA,NA,1.1114711168811322
2024-03-19,LF,3.947064948425671,3.556730716789536,-25.313633158474328,1.1153177184454668
2024-03-19,LF,NA,NA,NA,1.1153177184454668
2024-03-20,LF,3.937867678998995,3.4633253459574833,-26.29297651785475,1.1129241616705001
2024-03-20,LF,NA,NA,NA,1.1129241616705001
2024-03-21,LF,3.415345233785203,4.734512398836469,-26.783087258277437,1.1259789791191708
2024-03-21,LF,NA,NA,NA,1.1259789791191708
2024-03-22,LF,NA,NA,NA,1.1566065564099839
2024-03-22,LF,NA,NA,NA,1.1566065564099839
2024-03-23,LF,2.6743198721243475,2.7420332995622037,-22.65639354310549,1.191208142519781
2024-03-23,LF,NA,NA,NA,1.191208142519781
2024-03-24,LF,NA,NA,NA,1.1711874532682331
2024-03-24,LF,NA,NA,NA,1.1711874532682331
2024-03-25,LF,3.09733629536535,2.7480287669310823,-23.997684022707773,1.1357876049416011
2024-03-25,LF,NA,NA,NA,1.1357876049416011
2024-03-26,LF,NA,NA,NA,1.1520311803604206
2024-03-26,LF,NA,NA,NA,1.1520311803604206
2024-03-27,LF,NA,NA,NA,1.1965891324535995
2024-03-27,LF,NA,NA,NA,1.1965891324535995
2024-03-28,LF,NA,NA,NA,1.2162627759132918
2024-03-28,LF,NA,NA,NA,1.2162627759132918
2024-03-29,LF,NA,NA,NA,1.195053881256702
2024-03-29,LF,NA,NA,NA,1.195053881256702
2024-03-30,LF,2.588794961132471,1.607639520479631,-19.7331737170738,1.1853258799362025
2024-03-30,LF,NA,NA,NA,1.1853258799362025
2024-03-31,LF,NA,NA,NA,1.2067271105681001
2024-03-31,LF,NA,NA,NA,1.2067271105681001
2024-04-01,LF,NA,NA,NA,1.2307192702655951
2024-04-01,LF,NA,NA,NA,1.2307192702655951
2024-04-02,LF,NA,NA,NA,1.2597767740372565
2024-04-02,LF,NA,NA,NA,1.2597767740372565
2024-04-03,LF,NA,NA,NA,1.323754653281601
2024-04-03,LF,NA,NA,NA,1.323754653281601
2024-04-04,LF,NA,NA,NA,1.373274565552877
2024-04-04,LF,1.4095174583970556,2.8552613750622418,-12.97853316237953,1.373274565552877
2024-04-05,LF,NA,NA,NA,1.3762062859358855
2024-04-05,LF,1.3521457749773744,2.24690586265639,-13.327351882232044,1.3762062859358855
2024-04-06,LF,NA,NA,NA,1.383504210044644
2024-04-06,LF,NA,NA,NA,1.383504210044644
2024-04-07,LF,NA,NA,NA,1.4026095004135914
2024-04-07,LF,1.349092869187878,1.8823938633919115,-12.995771275742207,1.4026095004135914
2024-04-08,LF,NA,NA,NA,1.4282754924372978
2024-04-08,LF,1.3178951528152405,2.4317939682914607,-14.565098728292496,1.4282754924372978
2024-04-09,LF,NA,NA,NA,1.4516091076243476
2024-04-09,LF,1.331565653274057,2.6830993765340097,-15.47100571895768,1.4516091076243476
2024-04-10,LF,NA,NA,NA,1.4729343432066857
2024-04-10,LF,NA,NA,NA,1.4729343432066857
2024-04-11,LF,NA,NA,NA,1.5113386452154027
2024-04-11,LF,NA,NA,NA,1.5113386452154027
2024-04-12,LF,NA,NA,NA,1.5249339930740347
2024-04-12,LF,1.3956203956407212,4.137776340747357,-16.58430127340745,1.5249339930740347
2024-04-13,LF,NA,NA,NA,1.4936579157558216
2024-04-13,LF,1.3765623018394348,2.114389392150844,-13.696658227320516,1.4936579157558216
2024-04-14,LF,NA,NA,NA,1.4873368704141083
2024-04-14,LF,1.270901799862384,0.9139257076535116,-13.380118708800843,1.4873368704141083
2024-04-15,LF,NA,NA,NA,1.5248366765961912
2024-04-15,LF,1.2838797383177856,0.9361414485252878,-13.675309099082632,1.5248366765961912
2024-04-16,LF,NA,NA,NA,1.5846271520328734
2024-04-16,LF,1.2573889741947342,1.8160175829319536,-15.009909407270412,1.5846271520328734
2024-04-17,LF,NA,NA,NA,1.6563734620798545
2024-04-17,LF,1.251799911641888,1.9633105113899127,-15.397150832674686,1.6563734620798545
2024-04-18,LF,NA,NA,NA,1.7311172497095095
2024-04-18,LF,1.2427149262817836,0.7749361300647232,-14.950057576659216,1.7311172497095095
2024-04-19,LF,NA,NA,NA,1.8001069355584773
2024-04-19,LF,1.2297713301305178,7.296713464606925,-20.2518555804037,1.8001069355584773
2024-04-20,LF,NA,NA,NA,1.864011495112019
2024-04-20,LF,1.5069963509327535,1.8514340940438303,-13.318240792521337,1.864011495112019
2024-04-21,LF,NA,NA,NA,1.9290795157026634
2024-04-21,LF,1.3160372915007508,0.4004709916509523,-12.214768474731908,1.9290795157026634
2024-04-22,LF,NA,NA,NA,1.9852965923583565
2024-04-22,LF,1.2988513076087935,0.23553923446887412,-13.488967808316072,1.9852965923583565
2024-04-23,LF,NA,NA,NA,2.0246786598081234
2024-04-23,LF,1.2888247157871588,0.4562906777293384,-13.885322842558717,2.0246786598081234
2024-04-24,LF,NA,NA,NA,2.059789849824705
2024-04-24,LF,1.2822958969113063,0.29596093173496224,-14.389125181950918,2.059789849824705
2024-04-25,LF,NA,NA,NA,2.085993062434039
2024-04-25,LF,1.2669549332795342,0.3488722622562694,-14.635239708916435,2.085993062434039
2024-04-26,LF,NA,NA,NA,2.093034998690501
2024-04-26,LF,1.2729769180631845,0.2581609130456359,-14.580374134586853,2.093034998690501
2024-04-27,LF,NA,NA,NA,2.0833169583549997
2024-04-27,LF,1.2343282809861864,1.6077913216945396,-16.574752422183426,2.0833169583549997
2024-04-28,LF,NA,NA,NA,2.0617857967209017
2024-04-28,LF,1.2612664724624452,1.260282611067036,-16.612945082648686,2.0617857967209017
2024-04-29,LF,NA,NA,NA,2.0306476917055813
2024-04-29,LF,1.206363763958639,1.8518155577805688,-17.4177660928615,2.0306476917055813
2024-04-30,LF,NA,NA,NA,1.9912379130669708
2024-04-30,LF,1.2560447458294397,1.523028394092662,-17.26849074715887,1.9912379130669708
2024-05-01,LF,NA,NA,NA,1.9427863254519802
2024-05-01,LF,1.2436620618671914,3.741212843360522,-20.333589417660072,1.9427863254519802
2024-05-02,LF,NA,NA,NA,1.8862898801757815
2024-05-02,LF,NA,NA,NA,1.8862898801757815
2024-05-03,LF,NA,NA,NA,1.8254912476570753
2024-05-03,LF,NA,NA,NA,1.8254912476570753
2024-05-04,LF,NA,NA,NA,1.7638329552783023
2024-05-04,LF,NA,NA,NA,1.7638329552783023
2024-05-05,LF,NA,NA,NA,1.7012133495910693
2024-05-05,LF,NA,NA,NA,1.7012133495910693
2024-05-06,LF,NA,NA,NA,1.6358283709041808
2024-05-06,LF,NA,NA,NA,1.6358283709041808
2024-05-07,LF,NA,NA,NA,1.574162101203366
2024-05-07,LF,NA,NA,NA,1.574162101203366
2024-05-08,LF,NA,NA,NA,1.5174528453350207
2024-05-08,LF,NA,NA,NA,1.5174528453350207
2024-05-09,LF,NA,NA,NA,1.4680580227713491
2024-05-09,LF,NA,NA,NA,1.4680580227713491
2024-05-10,LF,NA,NA,NA,1.4287516463602592
2024-05-10,LF,NA,NA,NA,1.4287516463602592
2024-05-11,LF,NA,NA,NA,1.383999449506482
2024-05-11,LF,NA,NA,NA,1.383999449506482
2024-05-12,LF,NA,NA,NA,1.3263045114495828
2024-05-12,LF,NA,NA,NA,1.3263045114495828
2024-05-13,LF,NA,NA,NA,1.2860005947293307
2024-05-13,LF,NA,NA,NA,1.2860005947293307
2024-05-14,LF,NA,NA,NA,1.2824004480639604
2024-05-14,LF,NA,NA,NA,1.2824004480639604
2024-05-15,LF,NA,NA,NA,1.2763435725125611
2024-05-15,LF,NA,NA,NA,1.2763435725125611
2024-05-16,LF,NA,NA,NA,1.2514050219706
2024-05-16,LF,NA,NA,NA,1.2514050219706
2024-05-17,LF,NA,NA,NA,1.238278291627533
2024-05-17,LF,NA,NA,NA,1.238278291627533
2024-05-18,LF,NA,NA,NA,1.255257520377338
2024-05-18,LF,NA,NA,NA,1.255257520377338
2024-05-19,LF,NA,NA,NA,1.2895860072329082
2024-05-19,LF,NA,NA,NA,1.2895860072329082
2024-05-20,LF,NA,NA,NA,1.3215209915649417
2024-05-20,LF,NA,NA,NA,1.3215209915649417
2024-05-21,LF,NA,NA,NA,1.3538106264572731
2024-05-21,LF,NA,NA,NA,1.3538106264572731
2024-05-22,LF,NA,NA,NA,1.3960043025655107
2024-05-22,LF,NA,NA,NA,1.3960043025655107
2024-05-23,LF,NA,NA,NA,1.4421731023025286
2024-05-23,LF,NA,NA,NA,1.4421731023025286
2024-05-24,LF,NA,NA,NA,1.4934860312371758
2024-05-24,LF,NA,NA,NA,1.4934860312371758
2024-05-25,LF,NA,NA,NA,1.5429228496771998
2024-05-25,LF,NA,NA,NA,1.5429228496771998
2024-05-26,LF,NA,NA,NA,1.5913411174867602
2024-05-26,LF,1.331287282265664,0.7118901308547838,-10.78920046412668,1.5913411174867602
2024-05-27,LF,NA,NA,NA,1.6402890181063525
2024-05-27,LF,1.341342008711658,1.7015354841064994,-11.927226888534449,1.6402890181063525
2024-05-28,LF,NA,NA,NA,1.6840031036504517
2024-05-28,LF,1.3153142836812843,1.3646447456030582,-12.265828868996929,1.6840031036504517
2024-05-29,LF,NA,NA,NA,1.7151306443793808
2024-05-29,LF,NA,NA,NA,1.7151306443793808
2024-05-30,LF,NA,NA,NA,1.7279592592447828
2024-05-30,LF,1.323526130783346,1.75267895544252,-13.685004479678812,1.7279592592447828
2024-05-31,LF,NA,NA,NA,1.7274151339036852
2024-05-31,LF,NA,NA,NA,1.7274151339036852
2024-06-01,LF,NA,NA,NA,1.721037877017706
2024-06-01,LF,NA,NA,NA,1.721037877017706
2024-06-02,LF,NA,NA,NA,1.7105994067300305
2024-06-02,LF,1.3032631572314473,0,-12.011990258753029,1.7105994067300305
2024-06-03,LF,NA,NA,NA,1.7029376978667552
2024-06-03,LF,1.2965082767750198,1.7082613387254877,-14.28515811695704,1.7029376978667552
2024-06-04,LF,NA,NA,NA,1.688294299239731
2024-06-04,LF,1.27805473620154,1.057005494632627,-14.156157162377848,1.688294299239731
2024-06-05,LF,NA,NA,NA,1.6644476320312933
2024-06-05,LF,1.3110545183482516,0,-12.14898154787356,1.6644476320312933
2024-06-06,LF,NA,NA,NA,1.6382326294141443
2024-06-06,LF,1.3094548712497511,0,-11.811698355560402,1.6382326294141443
2024-06-07,LF,NA,NA,NA,1.6076776391894811
2024-06-07,LF,1.1388788528054976,3.724128576700114,-15.364433924753932,1.6076776391894811
2024-06-08,LF,NA,NA,NA,1.5713900673951975
2024-06-08,LF,NA,NA,NA,1.5713900673951975
2024-06-09,LF,NA,NA,NA,1.526311636729897
2024-06-09,LF,NA,NA,NA,1.526311636729897
2024-06-10,LF,NA,NA,NA,1.4750495189222372
2024-06-10,LF,NA,NA,NA,1.4750495189222372
2024-06-11,LF,NA,NA,NA,1.4260712968107767
2024-06-11,LF,NA,NA,NA,1.4260712968107767
2024-06-12,LF,NA,NA,NA,1.3754127827251539
2024-06-12,LF,NA,NA,NA,1.3754127827251539
2024-06-13,LF,NA,NA,NA,1.308129842647118
2024-06-13,LF,NA,NA,NA,1.308129842647118
2024-06-14,LF,NA,NA,NA,1.2309037825709468
2024-06-14,LF,NA,NA,NA,1.2309037825709468
2024-06-15,LF,NA,NA,NA,1.1645521628402808
2024-06-15,LF,NA,NA,NA,1.1645521628402808
2021-04-03,IU,NA,NA,NA,NA
2021-04-04,IU,NA,NA,NA,NA
2021-04-05,IU,NA,NA,NA,NA
2021-04-06,IU,NA,NA,NA,NA
2021-04-07,IU,NA,NA,NA,NA
2021-04-08,IU,NA,NA,NA,NA
2021-04-09,IU,NA,NA,NA,NA
2021-04-10,IU,NA,NA,NA,NA
2021-04-11,IU,NA,NA,NA,NA
2021-04-12,IU,NA,NA,NA,NA
2021-04-13,IU,NA,NA,NA,NA
2021-04-14,IU,NA,NA,NA,NA
2021-04-15,IU,NA,NA,NA,NA
2021-04-16,IU,NA,NA,NA,NA
2021-04-17,IU,NA,NA,NA,NA
2021-04-18,IU,NA,NA,NA,NA
2021-04-19,IU,NA,NA,NA,NA
2021-04-20,IU,NA,NA,NA,NA
2021-04-21,IU,NA,NA,NA,NA
2021-04-22,IU,NA,NA,NA,NA
2021-04-23,IU,NA,NA,NA,NA
2021-04-24,IU,NA,NA,NA,NA
2021-04-25,IU,NA,NA,NA,NA
2021-04-26,IU,NA,NA,NA,NA
2021-04-27,IU,NA,NA,NA,NA
2021-04-28,IU,NA,NA,NA,NA
2021-04-29,IU,NA,NA,NA,NA
2021-04-30,IU,NA,NA,NA,NA
2021-05-01,IU,NA,NA,NA,NA
2021-05-02,IU,NA,NA,NA,NA
2021-05-03,IU,NA,NA,NA,NA
2021-05-04,IU,NA,NA,NA,NA
2021-05-05,IU,NA,NA,NA,NA
2021-05-06,IU,NA,NA,NA,NA
2021-05-07,IU,NA,NA,NA,NA
2021-05-08,IU,NA,NA,NA,NA
2021-05-09,IU,NA,NA,NA,NA
2021-05-10,IU,NA,NA,NA,NA
2021-05-11,IU,NA,NA,NA,NA
2021-05-12,IU,NA,NA,NA,NA
2021-05-13,IU,NA,NA,NA,NA
2021-05-14,IU,NA,NA,NA,NA
2021-05-15,IU,NA,NA,NA,NA
2021-05-16,IU,NA,NA,NA,NA
2021-05-17,IU,NA,NA,NA,NA
2021-05-18,IU,NA,NA,NA,NA
2021-05-19,IU,NA,NA,NA,NA
2021-05-20,IU,NA,NA,NA,NA
2021-05-21,IU,NA,NA,NA,NA
2021-05-22,IU,NA,NA,NA,NA
2021-05-23,IU,NA,NA,NA,NA
2021-05-24,IU,NA,NA,NA,NA
2021-05-25,IU,NA,NA,NA,NA
2021-05-26,IU,NA,NA,NA,NA
2021-05-27,IU,NA,NA,NA,NA
2021-05-28,IU,NA,NA,NA,NA
2021-05-29,IU,NA,NA,NA,NA
2021-05-30,IU,NA,NA,NA,NA
2021-05-31,IU,NA,NA,NA,NA
2021-06-01,IU,NA,NA,NA,NA
2021-06-02,IU,NA,NA,NA,NA
2021-06-03,IU,NA,NA,NA,NA
2021-06-04,IU,NA,NA,NA,NA
2021-06-05,IU,NA,NA,NA,NA
2021-06-06,IU,NA,NA,NA,NA
2021-06-07,IU,NA,NA,NA,NA
2021-06-08,IU,NA,NA,NA,NA
2021-06-09,IU,NA,NA,NA,NA
2021-06-10,IU,NA,NA,NA,NA
2021-06-11,IU,NA,NA,NA,NA
2021-06-12,IU,NA,NA,NA,NA
2021-06-13,IU,NA,NA,NA,NA
2021-06-14,IU,NA,NA,NA,NA
2021-06-15,IU,NA,NA,NA,NA
2021-06-16,IU,NA,NA,NA,NA
2021-06-17,IU,NA,NA,NA,NA
2021-06-18,IU,NA,NA,NA,NA
2021-06-19,IU,NA,NA,NA,NA
2021-06-20,IU,NA,NA,NA,NA
2021-06-21,IU,NA,NA,NA,NA
2021-06-22,IU,NA,NA,NA,NA
2021-06-23,IU,NA,NA,NA,NA
2021-06-24,IU,NA,NA,NA,NA
2021-06-25,IU,NA,NA,NA,NA
2021-06-26,IU,NA,NA,NA,NA
2021-06-27,IU,NA,NA,NA,NA
2021-06-28,IU,NA,NA,NA,NA
2021-06-29,IU,NA,NA,NA,NA
2021-06-30,IU,NA,NA,NA,NA
2021-07-01,IU,NA,NA,NA,NA
2021-07-02,IU,NA,NA,NA,NA
2021-07-03,IU,NA,NA,NA,NA
2021-07-04,IU,NA,NA,NA,NA
2021-07-05,IU,NA,NA,NA,NA
2021-07-06,IU,NA,NA,NA,NA
2021-07-07,IU,NA,NA,NA,NA
2021-07-08,IU,NA,NA,NA,NA
2021-07-09,IU,NA,NA,NA,NA
2021-07-10,IU,NA,NA,NA,NA
2021-07-11,IU,NA,NA,NA,NA
2021-07-12,IU,NA,NA,NA,NA
2021-07-13,IU,NA,NA,NA,NA
2021-07-14,IU,NA,NA,NA,NA
2021-07-15,IU,NA,NA,NA,NA
2021-07-16,IU,NA,NA,NA,NA
2021-07-17,IU,NA,NA,NA,NA
2021-07-18,IU,NA,NA,NA,NA
2021-07-19,IU,NA,NA,NA,NA
2021-07-20,IU,NA,NA,NA,NA
2021-07-21,IU,NA,NA,NA,NA
2021-07-22,IU,NA,NA,NA,NA
2021-07-23,IU,NA,NA,NA,NA
2021-07-24,IU,NA,NA,NA,NA
2021-07-25,IU,NA,NA,NA,NA
2021-07-26,IU,NA,NA,NA,NA
2021-07-27,IU,NA,NA,NA,NA
2021-07-28,IU,NA,NA,NA,NA
2021-07-29,IU,NA,NA,NA,NA
2021-07-30,IU,NA,NA,NA,NA
2021-07-31,IU,NA,NA,NA,NA
2021-08-01,IU,NA,NA,NA,NA
2021-08-02,IU,NA,NA,NA,NA
2021-08-03,IU,NA,NA,NA,NA
2021-08-04,IU,NA,NA,NA,NA
2021-08-05,IU,NA,NA,NA,NA
2021-08-06,IU,NA,NA,NA,NA
2021-08-07,IU,NA,NA,NA,NA
2021-08-08,IU,NA,NA,NA,NA
2021-08-09,IU,NA,NA,NA,NA
2021-08-10,IU,NA,NA,NA,NA
2021-08-11,IU,NA,NA,NA,NA
2021-08-12,IU,NA,NA,NA,NA
2021-08-13,IU,NA,NA,NA,NA
2021-08-14,IU,NA,NA,NA,NA
2021-08-15,IU,NA,NA,NA,NA
2021-08-16,IU,NA,NA,NA,NA
2021-08-17,IU,NA,NA,NA,NA
2021-08-18,IU,NA,NA,NA,NA
2021-08-19,IU,NA,NA,NA,NA
2021-08-20,IU,NA,NA,NA,NA
2021-08-21,IU,NA,NA,NA,NA
2021-08-22,IU,NA,NA,NA,NA
2021-08-23,IU,NA,NA,NA,NA
2021-08-24,IU,NA,NA,NA,NA
2021-08-25,IU,NA,NA,NA,NA
2021-08-26,IU,NA,NA,NA,NA
2021-08-27,IU,NA,NA,NA,NA
2021-08-28,IU,NA,NA,NA,NA
2021-08-29,IU,NA,NA,NA,NA
2021-08-30,IU,NA,NA,NA,NA
2021-08-31,IU,NA,NA,NA,NA
2021-09-01,IU,NA,NA,NA,NA
2021-09-02,IU,NA,NA,NA,NA
2021-09-03,IU,NA,NA,NA,NA
2021-09-04,IU,NA,NA,NA,NA
2021-09-05,IU,NA,NA,NA,NA
2021-09-06,IU,NA,NA,NA,NA
2021-09-07,IU,NA,NA,NA,NA
2021-09-08,IU,NA,NA,NA,NA
2021-09-09,IU,NA,NA,NA,NA
2021-09-10,IU,NA,NA,NA,NA
2021-09-11,IU,NA,NA,NA,NA
2021-09-12,IU,NA,NA,NA,NA
2021-09-13,IU,NA,NA,NA,NA
2021-09-14,IU,NA,NA,NA,NA
2021-09-15,IU,NA,NA,NA,NA
2021-09-16,IU,NA,NA,NA,NA
2021-09-17,IU,NA,NA,NA,NA
2021-09-18,IU,NA,NA,NA,NA
2021-09-19,IU,NA,NA,NA,NA
2021-09-20,IU,NA,NA,NA,NA
2021-09-21,IU,NA,NA,NA,NA
2021-09-22,IU,NA,NA,NA,NA
2021-09-23,IU,NA,NA,NA,NA
2021-09-24,IU,NA,NA,NA,NA
2021-09-25,IU,NA,NA,NA,NA
2021-09-26,IU,NA,NA,NA,NA
2021-09-27,IU,NA,NA,NA,NA
2021-09-28,IU,NA,NA,NA,NA
2021-09-29,IU,NA,NA,NA,NA
2021-09-30,IU,NA,NA,NA,NA
2021-10-01,IU,NA,NA,NA,NA
2021-10-02,IU,NA,NA,NA,NA
2021-10-03,IU,NA,NA,NA,NA
2021-10-04,IU,NA,NA,NA,NA
2021-10-05,IU,NA,NA,NA,NA
2021-10-06,IU,NA,NA,NA,NA
2021-10-07,IU,NA,NA,NA,NA
2021-10-08,IU,NA,NA,NA,NA
2021-10-09,IU,NA,NA,NA,NA
2021-10-10,IU,NA,NA,NA,NA
2021-10-11,IU,NA,NA,NA,NA
2021-10-12,IU,NA,NA,NA,NA
2021-10-13,IU,NA,NA,NA,NA
2021-10-14,IU,NA,NA,NA,NA
2021-10-15,IU,NA,NA,NA,NA
2021-10-16,IU,NA,NA,NA,NA
2021-10-17,IU,NA,NA,NA,NA
2021-10-18,IU,NA,NA,NA,NA
2021-10-19,IU,NA,NA,NA,NA
2021-10-20,IU,NA,NA,NA,NA
2021-10-21,IU,NA,NA,NA,NA
2021-10-22,IU,NA,NA,NA,NA
2021-10-23,IU,NA,NA,NA,NA
2021-10-24,IU,NA,NA,NA,NA
2021-10-25,IU,NA,NA,NA,NA
2021-10-26,IU,NA,NA,NA,NA
2021-10-27,IU,NA,NA,NA,NA
2021-10-28,IU,NA,NA,NA,NA
2021-10-29,IU,NA,NA,NA,NA
2021-10-30,IU,NA,NA,NA,NA
2021-10-31,IU,NA,NA,NA,NA
2021-11-01,IU,NA,NA,NA,NA
2021-11-02,IU,NA,NA,NA,NA
2021-11-03,IU,NA,NA,NA,NA
2021-11-04,IU,NA,NA,NA,NA
2021-11-05,IU,NA,NA,NA,NA
2021-11-06,IU,NA,NA,NA,NA
2021-11-07,IU,NA,NA,NA,NA
2021-11-08,IU,NA,NA,NA,NA
2021-11-09,IU,NA,NA,NA,NA
2021-11-10,IU,NA,NA,NA,NA
2021-11-11,IU,NA,NA,NA,NA
2021-11-12,IU,NA,NA,NA,NA
2021-11-13,IU,NA,NA,NA,NA
2021-11-14,IU,NA,NA,NA,NA
2021-11-15,IU,NA,NA,NA,NA
2021-11-16,IU,NA,NA,NA,NA
2021-11-17,IU,NA,NA,NA,NA
2021-11-18,IU,NA,NA,NA,NA
2021-11-19,IU,NA,NA,NA,NA
2021-11-20,IU,NA,NA,NA,NA
2021-11-21,IU,NA,NA,NA,NA
2021-11-22,IU,NA,NA,NA,NA
2021-11-23,IU,NA,NA,NA,NA
2021-11-24,IU,NA,NA,NA,NA
2021-11-25,IU,NA,NA,NA,NA
2021-11-26,IU,NA,NA,NA,NA
2021-11-27,IU,NA,NA,NA,NA
2021-11-28,IU,NA,NA,NA,NA
2021-11-29,IU,NA,NA,NA,NA
2021-11-30,IU,NA,NA,NA,NA
2021-12-01,IU,NA,NA,NA,NA
2021-12-02,IU,NA,NA,NA,NA
2021-12-03,IU,NA,NA,NA,NA
2021-12-04,IU,NA,NA,NA,NA
2021-12-05,IU,NA,NA,NA,NA
2021-12-06,IU,NA,NA,NA,NA
2021-12-07,IU,NA,NA,NA,NA
2021-12-08,IU,NA,NA,NA,NA
2021-12-09,IU,NA,NA,NA,NA
2021-12-10,IU,NA,NA,NA,NA
2021-12-11,IU,NA,NA,NA,NA
2021-12-12,IU,NA,NA,NA,NA
2021-12-13,IU,NA,NA,NA,NA
2021-12-14,IU,NA,NA,NA,NA
2021-12-15,IU,NA,NA,NA,NA
2021-12-16,IU,NA,NA,NA,NA
2021-12-17,IU,NA,NA,NA,NA
2021-12-18,IU,NA,NA,NA,NA
2021-12-19,IU,NA,NA,NA,NA
2021-12-20,IU,NA,NA,NA,NA
2021-12-21,IU,NA,NA,NA,NA
2021-12-22,IU,NA,NA,NA,NA
2021-12-23,IU,NA,NA,NA,NA
2021-12-24,IU,NA,NA,NA,NA
2021-12-25,IU,NA,NA,NA,NA
2021-12-26,IU,NA,NA,NA,NA
2021-12-27,IU,NA,NA,NA,NA
2021-12-28,IU,NA,NA,NA,NA
2021-12-29,IU,NA,NA,NA,NA
2021-12-30,IU,NA,NA,NA,NA
2021-12-31,IU,NA,NA,NA,NA
2022-01-01,IU,NA,NA,NA,NA
2022-01-02,IU,NA,NA,NA,NA
2022-01-03,IU,NA,NA,NA,NA
2022-01-04,IU,NA,NA,NA,NA
2022-01-05,IU,NA,NA,NA,NA
2022-01-06,IU,NA,NA,NA,NA
2022-01-07,IU,NA,NA,NA,NA
2022-01-08,IU,NA,NA,NA,NA
2022-01-09,IU,NA,NA,NA,NA
2022-01-10,IU,NA,NA,NA,NA
2022-01-11,IU,NA,NA,NA,NA
2022-01-12,IU,NA,NA,NA,NA
2022-01-13,IU,NA,NA,NA,NA
2022-01-14,IU,NA,NA,NA,NA
2022-01-15,IU,NA,NA,NA,NA
2022-01-16,IU,NA,NA,NA,NA
2022-01-17,IU,NA,NA,NA,NA
2022-01-18,IU,NA,NA,NA,NA
2022-01-19,IU,NA,NA,NA,NA
2022-01-20,IU,NA,NA,NA,NA
2022-01-21,IU,1.088093817110818,2.518905264280451,-10.083330416846096,NA
2022-01-22,IU,1.1155216247402058,2.69066367933043,-9.342974702479184,NA
2022-01-23,IU,NA,NA,NA,NA
2022-01-24,IU,NA,NA,NA,NA
2022-01-25,IU,NA,NA,NA,NA
2022-01-26,IU,NA,NA,NA,NA
2022-01-27,IU,NA,NA,NA,NA
2022-01-28,IU,NA,NA,NA,NA
2022-01-29,IU,NA,NA,NA,NA
2022-01-30,IU,NA,NA,NA,NA
2022-01-31,IU,NA,NA,NA,NA
2022-02-01,IU,0.9390197055400022,3.2888173921524997,-10.124862469432308,NA
2022-02-02,IU,0.9334080586997946,3.167843180871167,-9.807909282612355,NA
2022-02-03,IU,NA,NA,NA,NA
2022-02-04,IU,0.9422403020753598,3.2767338415242024,-9.753104114087462,NA
2022-02-05,IU,1.034543051693073,3.5993068874443224,-9.282018313257442,NA
2022-02-06,IU,1.1162696516081232,2.728466887315393,-9.927292312387667,NA
2022-02-07,IU,1.125916570105303,2.8260812421879264,-9.762500032932646,NA
2022-02-08,IU,1.1078534531951834,2.6964235165582844,-9.138892260513432,NA
2022-02-09,IU,1.0998657912613548,3.220396780459679,-9.015082342918872,NA
2022-02-10,IU,1.1040549499451446,3.238902849440491,-9.149634635733324,NA
2022-02-11,IU,1.1055644343721212,3.196974610707866,-9.199480930172374,NA
2022-02-12,IU,1.0551692844361793,3.357690858160511,-9.68951738393727,NA
2022-02-13,IU,1.083217874447321,2.551720542903808,-8.426281142197501,NA
2022-02-14,IU,1.091785230536095,3.389287884199831,-8.946677694803013,NA
2022-02-15,IU,1.098993414112528,3.537789351945338,-8.875603756778665,NA
2022-02-16,IU,1.0512622061322778,3.510167441873609,-9.331005231552933,NA
2022-02-17,IU,1.0268010131955378,3.3596014448358855,-9.133685155638313,NA
2022-02-18,IU,1.05673282933819,3.176010067520715,-9.692914783349506,NA
2022-02-19,IU,1.1033784664781323,3.6508369764745834,-8.443749825904055,NA
2022-02-20,IU,1.072720220535596,3.453622483255824,-8.888439936853912,NA
2022-02-21,IU,1.092905316620507,3.527248563462836,-8.98661704831226,NA
2022-02-22,IU,1.067044400940077,3.6013042289448163,-8.818834900362088,NA
2022-02-23,IU,1.0608110175907914,3.783812814676214,-9.04687210745784,NA
2022-02-24,IU,1.0539252449164451,3.774236380815888,-8.97667021239594,NA
2022-02-25,IU,1.0434735904536103,3.712928266328621,-8.575890658112336,NA
2022-02-26,IU,1.0526771106362691,3.856445661954168,-9.111688095593076,NA
2022-02-27,IU,1.0475691566706886,3.7494422097001623,-8.675801282967992,NA
2022-02-28,IU,1.1494262101171413,3.0236576087282394,-9.52849439617149,NA
2022-03-01,IU,1.1111554429147368,3.7507454645856497,-8.828217684965775,NA
2022-03-02,IU,1.106569946986153,3.629722520771853,-8.697302184787754,NA
2022-03-03,IU,1.0636408427063155,3.772070979115169,-8.57173499067497,NA
2022-03-04,IU,1.0666351088121542,3.7873035162023103,-8.72343966979799,NA
2022-03-05,IU,1.0353123429522342,3.8047589455241977,-8.711136729140435,NA
2022-03-06,IU,1.0372959668688606,3.8505810036046433,-8.97731935027379,NA
2022-03-07,IU,1.075521529984538,3.702446455110159,-8.920548143174763,NA
2022-03-08,IU,1.053866517423275,3.445793502753845,-8.754935088005354,NA
2022-03-09,IU,1.0656307663699025,3.867223568149944,-10.140435016033784,NA
2022-03-10,IU,1.2092406967006852,2.684222561686433,-9.212002600800188,NA
2022-03-11,IU,1.1670507152367608,2.859383195054409,-9.835937199547663,NA
2022-03-12,IU,1.1277722488243294,3.549177998991892,-8.772736976418619,NA
2022-03-13,IU,1.1322829331046746,3.628143873855288,-9.231563440420592,NA
2022-03-14,IU,NA,NA,NA,NA
2022-03-15,IU,0.975085074598078,3.472234769101059,-10.752409369748982,NA
2022-03-16,IU,0.8545794615764831,3.769511092601985,-10.773967802695608,NA
2022-03-17,IU,0.7911253184620239,4.094411001299099,-11.0489069026072,NA
2022-03-18,IU,0.7762831047041387,4.354703706249626,-11.251825612975846,NA
2022-03-19,IU,0.7517065239242625,4.586212731479501,-11.648645492021029,NA
2022-03-20,IU,0.7217808483648692,5.063951375408837,-11.055698863136708,NA
2022-03-21,IU,0.7518737913449198,4.357365064960436,-11.693350568685204,NA
2022-03-22,IU,0.6914939845303256,5.011448265705824,-11.994036912375291,NA
2022-03-23,IU,0.6954280605460883,3.131334764133237,-12.90625924839395,NA
2022-03-24,IU,0.724484259293672,3.1364491879554675,-11.8788424994909,NA
2022-03-25,IU,0.6842508089202766,4.3288609067546115,-11.270937245170405,NA
2022-03-26,IU,0.6723479686665681,4.046051920053309,-11.502428391616698,NA
2022-03-27,IU,0.6342070182183198,4.234079730916206,-11.664832763359891,NA
2022-03-28,IU,0.5983985538272052,3.1780323505301182,-11.37210208204745,NA
2022-03-29,IU,0.5778943310514089,2.8108740611841947,-11.281777064546116,NA
2022-03-30,IU,0.5497783591767476,2.472896189469599,-11.331175176730156,NA
2022-03-31,IU,0.45751534409390554,2.6353078974476687,-18.185987306503943,NA
2022-04-01,IU,0.5810224876719134,2.172887573718421,-8.129671987205697,NA
2022-04-02,IU,0.47594461899383494,2.8428129436138856,-17.967093142865476,NA
2022-04-03,IU,0.6086850545923714,2.9550253622026803,-10.13413477700226,NA
2022-04-04,IU,0.5279790715084937,3.875273492104737,-12.83052136830225,NA
2022-04-05,IU,0.5239308305748233,3.5247518612477937,-12.092538867382991,NA
2022-04-06,IU,0.5099270691014804,2.927550498287632,-12.002379948296252,NA
2022-04-07,IU,0.5190405900991717,2.1470170977300373,-10.200699017877902,NA
2022-04-08,IU,0.5201144834296054,5.1150547474810875,-10.317463586624791,NA
2022-04-09,IU,0.5440678095979556,4.897364694935909,-10.938590335969096,NA
2022-04-10,IU,0.5553473955697221,4.570334929778011,-12.4908254136047,NA
2022-04-11,IU,0.5581120910180722,4.3954178265825625,-11.179328025743525,NA
2022-04-12,IU,0.5091429698610501,4.417737282672268,-11.323802579715506,NA
2022-04-13,IU,0.4932610822742377,4.799799116540777,-10.733223416320335,NA
2022-04-14,IU,0.4806498994457762,3.91460131432521,-10.58550911249433,NA
2022-04-15,IU,0.4512355472871839,4.7221738348037094,-10.997515317195337,NA
2022-04-16,IU,0.4669767661385522,4.80771423014731,-10.389336120432858,NA
2022-04-17,IU,0.38940828769764,8.097285207787701,-17.09289202094161,NA
2022-04-18,IU,0.5104232589266688,4.903673413895336,-9.068754824923094,NA
2022-04-19,IU,0.4357034307448307,9.53719948001227,-12.433865475367575,NA
2022-04-20,IU,0.4914163658424056,7.904543721035283,-12.38501116830404,NA
2022-04-21,IU,0.4769802552032679,8.394000020333877,-12.103510365375763,NA
2022-04-22,IU,0.4626280908886184,9.180085771859096,-13.227522773735537,NA
2022-04-23,IU,0.5030926597203056,9.105290313361577,-13.195178637166547,NA
2022-04-24,IU,0.5283476190916083,8.896519849756597,-13.177129205484189,NA
2022-04-25,IU,0.5416192654741246,8.742508147568884,-12.980181339137978,NA
2022-04-26,IU,0.5778724109571881,8.64455112716435,-12.994095909205535,NA
2022-04-27,IU,0.5849341809400295,9.004292920427767,-13.042328962487764,NA
2022-04-28,IU,0.6080281265562606,8.821651859864973,-12.11207737421938,NA
2022-04-29,IU,0.6580147095985255,8.030308090263846,-12.209095919757928,NA
2022-04-30,IU,0.711571984053693,7.390360860101156,-12.158370787413782,NA
2022-05-01,IU,0.7270327867655013,7.090658146481148,-11.655817482277175,NA
2022-05-02,IU,0.7513235641682441,6.956812311683127,-11.946928652926143,NA
2022-05-03,IU,0.7437835017322147,7.606151661398497,-11.902920121896097,NA
2022-05-04,IU,0.803565759666975,6.480797645780849,-11.08772089828982,NA
2022-05-05,IU,0.8162439015916785,6.4915132778277025,-11.111289719373168,NA
2022-05-06,IU,0.7783410258631535,6.94718590163031,-11.41136254756715,NA
2022-05-07,IU,0.8107495317102628,6.658121759612241,-11.22006256625113,NA
2022-05-08,IU,0.8567999318482623,6.0313885867675054,-10.602702002784826,NA
2022-05-09,IU,0.879900116818049,5.7760789910735495,-10.26242553861893,NA
2022-05-10,IU,0.8979763105554432,5.776995839842539,-10.452640489667672,NA
2022-05-11,IU,0.9166521402083418,5.778105515600777,-10.466072074941344,NA
2022-05-12,IU,0.9171671179184508,5.704022336992114,-10.73006393074168,NA
2022-05-13,IU,0.941166136019576,5.565981101860821,-10.754009022194875,NA
2022-05-14,IU,0.9270507150485726,5.659090787150824,-10.666746304586594,NA
2022-05-15,IU,0.893613424892744,5.837120288878281,-11.036237950341768,NA
2022-05-16,IU,0.953414676676391,5.413937032421234,-10.28420249678904,NA
2022-05-17,IU,0.9491170078248818,5.725065615285129,-10.835835774633887,NA
2022-05-18,IU,0.9007962072037408,6.012332639268684,-10.341185820442211,NA
2022-05-19,IU,0.9166476992328052,5.862940909553249,-10.140082339768696,NA
2022-05-20,IU,0.9496840253720544,5.392543997408138,-9.894879010193383,NA
2022-05-21,IU,0.9020379953654054,6.030042465606878,-10.578141322605015,NA
2022-05-22,IU,0.9414344524350756,5.8777705741148845,-10.087153664964424,NA
2022-05-23,IU,0.9121471306762244,6.0114347487809185,-9.987354363495433,NA
2022-05-24,IU,0.9192992169508796,5.645322233975981,-10.2270756866538,NA
2022-05-25,IU,0.9242171707774322,5.810099815041454,-9.98483346098394,NA
2022-05-26,IU,0.9066938866570364,6.061712701145681,-10.303926042567053,NA
2022-05-27,IU,0.9556488343653622,4.983213486182098,-9.654473336276736,NA
2022-05-28,IU,0.9728030564895292,5.163106550972449,-9.979168421665522,NA
2022-05-29,IU,0.9463227471298996,5.27426609002712,-9.844290009214202,NA
2022-05-30,IU,0.954717794123154,5.363137655652288,-9.809590848076278,NA
2022-05-31,IU,0.8912183497526927,5.89096403294673,-10.267019448367993,NA
2022-06-01,IU,0.947439889123878,5.65965547444046,-10.1439645574782,NA
2022-06-02,IU,0.9151176503204068,5.923367873437189,-10.275603643149658,NA
2022-06-03,IU,0.9036971167287978,5.719906129998717,-10.13240195115358,NA
2022-06-04,IU,0.927181208551533,5.573418644674325,-10.174697691923845,NA
2022-06-05,IU,0.9116543117580824,5.758618801183889,-9.982582509979514,NA
2022-06-06,IU,0.9281729478658765,6.152125391940357,-10.327405596914184,NA
2022-06-07,IU,0.93662382739431,5.977335783666628,-10.180502481720575,NA
2022-06-08,IU,0.9441659501025486,5.888431328734152,-10.146291269501642,NA
2022-06-09,IU,0.8874077272686864,6.417287126114654,-10.868049291134923,NA
2022-06-10,IU,0.9081115661568584,6.548748706737544,-10.809920645287042,NA
2022-06-11,IU,0.9170065079849732,5.8279878838818275,-9.67119240257739,NA
2022-06-12,IU,1.0182542256509084,5.552745285368038,-10.960041650199353,NA
2022-06-13,IU,1.0100469566491992,5.10106129228278,-10.105320965536048,NA
2022-06-14,IU,0.914861402362192,6.01842368102846,-10.730903885370145,NA
2022-06-15,IU,0.9449731991546813,6.032095365997925,-9.87658058344314,NA
2022-06-16,IU,0.9159245842600392,6.020641571643858,-9.910510536468175,NA
2022-06-17,IU,0.9340080819712784,6.038297934068634,-10.011713663156248,NA
2022-06-18,IU,1.054710239573147,3.9816387998159,-9.241915245951756,NA
2022-06-19,IU,0.9490989516576098,5.855458689861544,-9.918407437002742,NA
2022-06-20,IU,0.9637992822803452,5.445260267803152,-9.771443643028483,NA
2022-06-21,IU,0.96208948528269,5.472229863674253,-9.4082221140789,NA
2022-06-22,IU,0.9164075034927044,6.30354494087366,-10.284138566018337,NA
2022-06-23,IU,0.9251114127122052,6.005706255580415,-9.717649561590372,NA
2022-06-24,IU,0.835211797030745,7.2730689597575475,-12.159975588509072,NA
2022-06-25,IU,0.9883271777881464,5.248689578520984,-9.318927294286672,NA
2022-06-26,IU,0.9498787897384614,5.44149027409724,-10.30113780871124,NA
2022-06-27,IU,NA,NA,NA,NA
2022-06-28,IU,NA,NA,NA,NA
2022-06-29,IU,NA,NA,NA,NA
2022-06-30,IU,NA,NA,NA,NA
2022-07-01,IU,NA,NA,NA,NA
2022-07-02,IU,NA,NA,NA,NA
2022-07-03,IU,NA,NA,NA,NA
2022-07-04,IU,NA,NA,NA,NA
2022-07-05,IU,NA,NA,NA,NA
2022-07-06,IU,NA,NA,NA,NA
2022-07-07,IU,NA,NA,NA,NA
2022-07-08,IU,0.9944503871932852,5.637193204978821,-10.688147037959318,NA
2022-07-09,IU,1.0585492549509483,4.673945034940085,-10.017921626785236,NA
2022-07-10,IU,1.0513951084663469,4.7210296198909285,-10.065719671156966,NA
2022-07-11,IU,1.0097692196820522,5.142341146738048,-10.440488785989482,NA
2022-07-12,IU,1.0397211540181086,4.696066504585371,-9.51133770349044,NA
2022-07-13,IU,1.0144780089323382,4.7571134628763305,-9.525229501679318,NA
2022-07-14,IU,0.953634567422622,5.680454343939965,-10.825735012107003,NA
2022-07-15,IU,0.9944991632000648,5.741453434773075,-10.158659541987332,NA
2022-07-16,IU,0.9715531950705936,5.535476473811056,-10.451150218275233,NA
2022-07-17,IU,1.0071769864635718,5.155480482516368,-10.00250697673102,NA
2022-07-18,IU,1.029643636281377,4.849103345022904,-9.961254987345876,NA
2022-07-19,IU,1.0230635713809897,4.782241295789532,-9.575819745736268,NA
2022-07-20,IU,0.9531077138504748,5.591511501548879,-9.670078589660276,NA
2022-07-21,IU,0.973406595470838,5.054307106213964,-9.9109837119443,NA
2022-07-22,IU,0.9549486850711107,5.194123762018451,-10.03614640197654,NA
2022-07-23,IU,0.9258861273329786,5.0725681640883735,-10.02346126329468,NA
2022-07-24,IU,0.9911342430114496,5.217536746463408,-9.739927048762135,NA
2022-07-25,IU,0.954340700631364,5.035733529392619,-9.99527337404591,NA
2022-07-26,IU,0.9499904557872356,5.265208069756198,-10.038760763678262,NA
2022-07-27,IU,1.0071772349765342,4.6665725561004505,-9.582069639354454,NA
2022-07-28,IU,0.982951528301676,4.970533086195514,-9.920632570133256,NA
2022-07-29,IU,0.9690215849592108,5.058891845235103,-9.81504006476657,NA
2022-07-30,IU,0.9830967996531652,4.966989551583383,-9.9760136873061,NA
2022-07-31,IU,0.9801169661198116,4.6350479450089885,-9.693083519049686,NA
2022-08-01,IU,1.030972599784901,4.662471350581877,-10.100806481128446,NA
2022-08-02,IU,1.0004191711274464,4.503151421360791,-9.70864868677702,NA
2022-08-03,IU,NA,NA,NA,NA
2022-08-04,IU,1.0163731912162497,4.700401404212871,-9.708554239879737,NA
2022-08-05,IU,0.9385158604868143,4.928628019706914,-10.30241919482532,NA
2022-08-06,IU,1.0190706680704136,4.455436983540371,-9.774419279362734,NA
2022-08-07,IU,1.0070256219448783,4.571482839867686,-9.553544828519293,NA
2022-08-08,IU,0.997507307239226,4.695752184856827,-10.051189230755156,NA
2022-08-09,IU,1.0436718782923138,4.518821766716915,-10.20512822323795,NA
2022-08-10,IU,1.011174471699193,5.085743533546682,-10.100204535846586,NA
2022-08-11,IU,1.0756168522211378,3.451700070697432,-9.346035967608062,NA
2022-08-12,IU,1.017776008739946,4.4035461178285145,-9.61560693489348,NA
2022-08-13,IU,1.036343997360324,4.467263137730172,-10.35245156362588,NA
2022-08-14,IU,0.9960756210684788,4.81181903439165,-9.887487502464824,NA
2022-08-15,IU,1.0039622411876563,4.544031443433586,-9.682884399059414,NA
2022-08-16,IU,1.0063087315527026,4.792015289544977,-9.915320574214867,NA
2022-08-17,IU,0.9514927664470658,5.374931735464984,-10.451106509348604,NA
2022-08-18,IU,1.0271086076875184,5.113273296681392,-10.858514949799742,NA
2022-08-19,IU,1.0464219840138969,4.418935926774787,-9.664587632274891,NA
2022-08-20,IU,1.0323687159051889,4.216374230528161,-9.78708985018766,NA
2022-08-21,IU,0.968154454913596,4.806089495955989,-9.980084148129077,NA
2022-08-22,IU,1.0068983709019017,4.737189294595394,-9.58567033955233,NA
2022-08-23,IU,1.0166842240856782,4.565577197116935,-9.560865877183163,NA
2022-08-24,IU,1.1100834726982267,3.9331231497934938,-8.265038875936245,NA
2022-08-25,IU,0.8995988610015699,5.435497368598177,-11.165373558689035,NA
2022-08-26,IU,1.041056179667175,4.47129284086668,-9.811691608167031,NA
2022-08-27,IU,0.9702325205241684,5.078545671184084,-9.986128889554584,NA
2022-08-28,IU,1.0145168058284175,4.593196338826401,-9.626531883614968,NA
2022-08-29,IU,1.044131140044832,4.046824366782597,-9.59099049626516,NA
2022-08-30,IU,1.0676484048414163,4.267813838812529,-9.831294111631168,NA
2022-08-31,IU,1.0371868245375442,4.627856990623455,-10.882571429101382,NA
2022-09-01,IU,1.0107609093728855,4.674485634321494,-9.689476027266789,NA
2022-09-02,IU,0.983687456006458,4.536234818983876,-10.239285508767866,NA
2022-09-03,IU,0.9325877166316237,4.782715608398956,-10.4357080659252,NA
2022-09-04,IU,0.8939059538118032,4.8094868542034535,-11.37819051282486,NA
2022-09-05,IU,0.9030006163138448,5.128195758561939,-10.56770495738161,NA
2022-09-06,IU,0.8958965902924335,4.365934673706688,-10.237729599896625,NA
2022-09-07,IU,0.8721301796628054,4.697368290211956,-10.522096287727267,NA
2022-09-08,IU,0.911295492349186,2.9991671269991564,-9.960661244956428,NA
2022-09-09,IU,0.8452822767828978,5.163134828540661,-11.552842306536377,NA
2022-09-10,IU,0.8789102661151275,4.450014734658014,-10.956654289903485,NA
2022-09-11,IU,0.8150810015531237,4.776808883604065,-10.952510629262065,NA
2022-09-12,IU,0.8201759158449353,4.854777926912548,-11.83007475399276,NA
2022-09-13,IU,0.8692350085266912,3.964521568496715,-10.985341091544234,NA
2022-09-14,IU,0.8163418498557679,4.439467229777342,-10.955298182058888,NA
2022-09-15,IU,0.7635288285535804,5.230781849726136,-11.494392714096971,NA
2022-09-16,IU,0.7253615122000135,5.157198922630732,-11.9721756937104,NA
2022-09-17,IU,0.795933541917785,4.335696389559004,-11.246407309485534,NA
2022-09-18,IU,0.77622718347816,4.371834827656038,-11.10603930049016,NA
2022-09-19,IU,0.7809103363780165,4.177074529717611,-11.486680220106042,NA
2022-09-20,IU,0.7737772248077933,4.497938209287693,-11.17215845510963,NA
2022-09-21,IU,0.7860694495521687,4.469421195466881,-10.894460736183133,NA
2022-09-22,IU,0.8052647478226863,4.483587159770615,-10.889517686441918,NA
2022-09-23,IU,0.8181265092901995,4.507933830546589,-10.48407094804388,NA
2022-09-24,IU,0.843464625717833,4.3252479528771115,-10.517751855093648,NA
2022-09-25,IU,0.8969515383359478,3.988353369011348,-10.434970989321457,NA
2022-09-26,IU,0.9030750192531646,4.01489956131432,-10.217055102847212,NA
2022-09-27,IU,0.8878374896700482,4.643597121301022,-9.882007699213627,NA
2022-09-28,IU,1.0214660795398174,3.286215525555925,-10.360403812021769,NA
2022-09-29,IU,1.0375049026196852,3.522674012073922,-10.259752274292191,NA
2022-09-30,IU,0.9709350744241751,4.0773212152687694,-9.978109790537625,NA
2022-10-01,IU,0.993101594937068,3.5654028126273234,-9.625762091757212,NA
2022-10-02,IU,1.0152147750120646,3.694634599743515,-9.70535488590653,NA
2022-10-03,IU,1.0139878474238817,3.576731451130822,-9.219756650593808,NA
2022-10-04,IU,1.0327185716438416,3.4729981773332,-9.261105022350046,NA
2022-10-05,IU,1.035127703244585,3.784098634185811,-9.550254394706512,NA
2022-10-06,IU,1.0608808611479157,3.6466452548030337,-9.45940166714222,NA
2022-10-07,IU,1.0248461229917314,3.6310586353975225,-9.250898230009575,NA
2022-10-08,IU,1.076282656040224,3.539181892573877,-9.477037146823829,NA
2022-10-09,IU,1.01710127889753,3.689282491157695,-9.213942089581508,NA
2022-10-10,IU,1.035967422769124,3.64501111479462,-9.224453676298417,NA
2022-10-11,IU,1.0555355035216951,3.0914618119054533,-9.348182474450136,NA
2022-10-12,IU,1.0143538503047882,3.454734070355835,-9.43318357538266,NA
2022-10-13,IU,1.0621853489928823,3.354643210715965,-9.673007338526018,NA
2022-10-14,IU,1.053481048778989,3.578702634233216,-9.27697076893473,NA
2022-10-15,IU,1.0604058560721086,3.38834165943109,-9.452701478742156,NA
2022-10-16,IU,1.0596494485736858,3.32676692682775,-9.464046540594936,NA
2022-10-17,IU,1.089264149325116,3.3802205936811607,-9.665396527865672,NA
2022-10-18,IU,1.0446068359061893,3.5074365727547065,-8.963219378844519,NA
2022-10-19,IU,1.106119745823124,3.3410766051324425,-9.16857436066114,NA
2022-10-20,IU,1.1452551263731994,3.2597799298435977,-9.332485302628534,NA
2022-10-21,IU,1.1327855465526533,3.2432428297972797,-9.172892770303871,NA
2022-10-22,IU,1.124718940934125,3.219207777242619,-9.26001334860436,NA
2022-10-23,IU,1.1276057393834762,3.1271067056705,-9.352882741065406,NA
2022-10-24,IU,1.096340007626591,3.300015718947091,-9.427574380116592,NA
2022-10-25,IU,1.0697783565085364,3.412791569097437,-9.42132736182196,NA
2022-10-26,IU,1.099790968682819,3.1470730405227916,-9.435618914251885,NA
2022-10-27,IU,1.1124439011208676,3.367563491082006,-9.575275169835503,NA
2022-10-28,IU,1.1047367358543536,3.1983622492663693,-9.50300868321603,NA
2022-10-29,IU,1.1085866863821017,2.9889044528427595,-9.432947144641666,NA
2022-10-30,IU,1.0761386876709165,2.908182995793222,-9.017948227585954,NA
2022-10-31,IU,1.0912423131149938,3.160968368177994,-9.458765318511324,NA
2022-11-01,IU,1.1098447525920807,3.1747694501070365,-9.301282450254602,NA
2022-11-02,IU,1.0911944178522812,3.3389894670197218,-9.330676426997412,NA
2022-11-03,IU,1.1049841084617156,3.277837227059553,-9.272966644879242,NA
2022-11-04,IU,1.0999968526225954,3.0290964199768493,-9.175440937856866,NA
2022-11-05,IU,1.0876537890621791,2.9436975403919727,-9.360224890684169,NA
2022-11-06,IU,1.096944100280757,3.20914977330059,-9.265384828314083,NA
2022-11-07,IU,1.1287080437822503,3.0054441587108154,-9.233189392950274,NA
2022-11-08,IU,1.1341933322862838,2.989108532232119,-9.164934578426417,NA
2022-11-09,IU,1.099366816317055,3.44913324675732,-9.194312340631136,NA
2022-11-10,IU,1.0861315075310292,2.6213139954448605,-10.525564326458598,NA
2022-11-11,IU,1.1297410992463568,2.652400691910122,-9.336974429368434,NA
2022-11-12,IU,1.077466540992862,3.114515782869878,-9.252365545677652,NA
2022-11-13,IU,1.0935979536633809,2.8386743273043846,-8.719336287390478,NA
2022-11-14,IU,1.1045971206993426,3.104886155171883,-9.385355085834188,NA
2022-11-15,IU,1.112916766019124,2.704579175674963,-9.415603549486583,NA
2022-11-16,IU,1.0851350584470787,3.0749614073524083,-8.793474343258938,NA
2022-11-17,IU,1.1661150887767415,3.006101475598986,-8.818032983791134,NA
2022-11-18,IU,1.171961811646615,2.98194837582301,-8.888244208892774,NA
2022-11-19,IU,1.148054930351322,2.7413810459357935,-9.23525448559334,NA
2022-11-20,IU,1.1818634414900593,2.724843082463198,-9.608111953740798,NA
2022-11-21,IU,1.1606910137230744,3.0581680829236095,-9.341479287423368,NA
2022-11-22,IU,1.1390244533548155,2.803729888064744,-9.198836273586114,NA
2022-11-23,IU,1.1299683126773354,3.0875344077127904,-9.185332813151234,NA
2022-11-24,IU,1.109429709615284,2.780128775702082,-9.029380609408008,NA
2022-11-25,IU,1.1117289197199272,3.0170548245496875,-9.296651893592236,NA
2022-11-26,IU,1.155839086809071,2.6760852260384276,-9.304048908781992,NA
2022-11-27,IU,1.157232198566604,2.588323302853808,-8.927969564254948,NA
2022-11-28,IU,1.163651000479162,2.8301021920885936,-9.20459219349632,NA
2022-11-29,IU,1.1614469996852539,3.2173901834916836,-9.373637706063844,NA
2022-11-30,IU,1.1400899800871138,3.1679876777523117,-9.775628138926336,NA
2022-12-01,IU,1.1604528308159532,3.0795165206052437,-8.709207724784171,NA
2022-12-02,IU,1.173358963656194,2.880590255134892,-9.220902464257968,NA
2022-12-03,IU,1.1813601807411702,2.9010663169770816,-9.226342326878248,NA
2022-12-04,IU,1.1222106491092738,2.972741100759462,-9.160906134750087,NA
2022-12-05,IU,1.1455361920100724,2.698642374977392,-9.082382435510988,NA
2022-12-06,IU,1.139668353678907,2.9347103757037987,-9.096198833100972,NA
2022-12-07,IU,1.1586329559190185,2.8532259454894335,-9.068806530281313,NA
2022-12-08,IU,1.1558725631971245,2.8552198107439755,-8.914474694732498,NA
2022-12-09,IU,NA,NA,NA,NA
2022-12-10,IU,1.166140254366939,3.0481991937478945,-9.070956326193256,NA
2022-12-11,IU,1.1811501463746097,2.58019617826104,-8.880000996734193,NA
2022-12-12,IU,1.1677050962898552,3.0318244237969885,-8.920900392559709,NA
2022-12-13,IU,1.208903135214861,2.887869523591261,-8.983140928079612,NA
2022-12-14,IU,1.1418251105348356,2.8579504608378947,-8.970563843758393,NA
2022-12-15,IU,1.1997154826095855,2.2229661027109437,-8.854539099898629,NA
2022-12-16,IU,1.2362508116725253,2.9113549078601464,-8.752437202331434,NA
2022-12-17,IU,1.17978096159012,3.022537372902575,-9.091815680972068,NA
2022-12-18,IU,1.2048350521002784,2.9312395930929656,-8.2923157516433,NA
2022-12-19,IU,1.222181462245401,2.931077194660389,-9.093766494343726,NA
2022-12-20,IU,1.2099117420799723,2.6934735247324553,-8.945945787000994,NA
2022-12-21,IU,1.1896174539810795,2.8255383385724495,-9.104879725137623,NA
2022-12-22,IU,1.2052411332398594,2.7235776437233263,-8.907723796324762,NA
2022-12-23,IU,1.1996879075501805,2.9492648407059843,-8.017379527436086,NA
2022-12-24,IU,1.2902690483875376,2.846512405010168,-8.253349119048085,NA
2022-12-25,IU,1.2676736956144603,2.882479529060466,-8.711247218987952,NA
2022-12-26,IU,1.3273055296779994,2.8534366301124185,-8.700523827820431,NA
2022-12-27,IU,1.268321646339272,2.775391543193464,-8.461170182594941,NA
2022-12-28,IU,1.2714642803495166,2.861055204938552,-8.91313710603278,NA
2022-12-29,IU,1.2134603920559754,2.9525262954813334,-9.081781010782857,NA
2022-12-30,IU,1.2046687933150422,2.9261090481801375,-8.801393945875173,NA
2022-12-31,IU,1.2271669950204471,2.360178364887038,-9.23597336264752,NA
2023-01-01,IU,1.1662696336661282,2.96235080747419,-8.807451508114205,NA
2023-01-02,IU,1.191528828987953,3.033316527470685,-9.148758238943364,NA
2023-01-03,IU,1.186944839442298,2.986347384519949,-8.847444256875976,NA
2023-01-04,IU,NA,NA,NA,NA
2023-01-05,IU,1.1810073461039172,3.017003905155436,-8.3662528579828,NA
2023-01-06,IU,1.2419203510211136,3.0086041785111086,-8.612171710424057,NA
2023-01-07,IU,1.221205659806171,2.8967486679248338,-8.530818701737001,NA
2023-01-08,IU,1.197647525291091,2.918781912838245,-8.569705067397217,NA
2023-01-09,IU,1.2049564415906309,2.929415695522024,-8.50495017490134,NA
2023-01-10,IU,1.2240137445837835,3.128650391536838,-8.813502820152218,NA
2023-01-11,IU,1.225131128099576,3.1074068825993653,-8.83557668529296,NA
2023-01-12,IU,1.1721772197858562,3.1100695437179886,-8.558803057154432,NA
2023-01-13,IU,1.1896238572862083,3.0030244816469955,-8.453957281299784,NA
2023-01-14,IU,1.249016436874698,3.116898229186288,-8.430728899482775,NA
2023-01-15,IU,1.2324146766644253,3.1288074378726187,-8.650858040180719,NA
2023-01-16,IU,1.220516474144594,3.026483503736838,-8.432536995957049,NA
2023-01-17,IU,1.2036537499291604,3.1199821428695955,-8.862324193381967,NA
2023-01-18,IU,NA,NA,NA,NA
2023-01-19,IU,1.1955024770860634,3.253060846119585,-9.37792798262329,NA
2023-01-20,IU,1.1943742045234331,3.1535855035909797,-8.062071924022142,NA
2023-01-21,IU,1.2480425554894543,2.750339195383186,-9.363481006816787,NA
2023-01-22,IU,1.164443955001626,2.969945365814055,-8.703229235249584,NA
2023-01-23,IU,1.1983453477845067,3.3948790294631346,-8.448633477011468,NA
2023-01-24,IU,1.1801246505476324,3.3341811543509468,-8.56737028361748,NA
2023-01-25,IU,NA,NA,NA,NA
2023-01-26,IU,1.1810250703637208,3.5634982850485515,-8.06870814276131,NA
2023-01-27,IU,1.2200580967797543,3.3011955292631354,-8.282909006852417,NA
2023-01-28,IU,NA,NA,NA,NA
2023-01-29,IU,NA,NA,NA,NA
2023-01-30,IU,NA,NA,NA,NA
2023-01-31,IU,NA,NA,NA,NA
2023-02-01,IU,NA,NA,NA,NA
2023-02-02,IU,NA,NA,NA,NA
2023-02-03,IU,NA,NA,NA,NA
2023-02-04,IU,1.164640162721491,3.5318708340155736,-8.26766450006448,NA
2023-02-05,IU,NA,NA,NA,NA
2023-02-06,IU,1.1607563343903513,3.478189086589455,-8.403853760232046,NA
2023-02-07,IU,NA,NA,NA,NA
2023-02-08,IU,1.119104644688517,3.653761885936462,-8.51614938970564,NA
2023-02-09,IU,NA,NA,NA,NA
2023-02-10,IU,NA,NA,NA,NA
2023-02-11,IU,NA,NA,NA,NA
2023-02-12,IU,NA,NA,NA,NA
2023-02-13,IU,NA,NA,NA,NA
2023-02-14,IU,NA,NA,NA,NA
2023-02-15,IU,NA,NA,NA,NA
2023-02-16,IU,NA,NA,NA,NA
2023-02-17,IU,0.995548569116007,4.194271726252394,-9.802023234413586,NA
2023-02-18,IU,1.0206907535976155,4.504391592029042,-9.173675104467035,NA
2023-02-19,IU,0.881109161090503,4.701675419523926,-10.241439013201928,NA
2023-02-20,IU,0.8257411939139199,4.696282802344209,-9.801859792471369,NA
2023-02-21,IU,0.7728218607070754,4.854295516393647,-10.474227221125146,NA
2023-02-22,IU,0.7253002523653949,4.516012635123853,-10.465098017111313,NA
2023-02-23,IU,0.7388607385658991,4.86703677306414,-10.507940449988766,NA
2023-02-24,IU,0.6811333206820596,5.506757227848238,-10.74470901789994,NA
2023-02-25,IU,0.7610929154063647,4.440240071159693,-9.90604865332946,NA
2023-02-26,IU,0.7312547096045305,5.46920513981317,-10.795257195608604,NA
2023-02-27,IU,0.7525391952744749,5.340059453376896,-10.492879215555158,NA
2023-02-28,IU,0.7930484437656412,4.003411782020938,-9.56927112410864,NA
2023-03-01,IU,0.8187612958933267,4.965479197692321,-9.65336501623436,NA
2023-03-02,IU,0.8239013698654784,5.006837561392966,-9.39323458898784,NA
2023-03-03,IU,0.8621955547144626,4.804574450574141,-9.88856104657772,NA
2023-03-04,IU,0.962591142028938,3.4662021311729467,-9.57743005742479,NA
2023-03-05,IU,0.9388447721732394,4.518883183041079,-9.409831656564776,NA
2023-03-06,IU,0.943655053498393,4.661235660603849,-9.186052394430035,NA
2023-03-07,IU,0.9961296909339354,4.206872156115209,-9.206957718940254,NA
2023-03-08,IU,1.0201787742190334,4.295591741769892,-8.763607711640718,NA
2023-03-09,IU,1.0325292608112902,4.462964827647394,-8.989714684783854,NA
2023-03-10,IU,1.0637662587403096,4.405912779953129,-9.24392170551516,NA
2023-03-11,IU,1.0717516578224675,4.108596923385209,-8.799814839589503,NA
2023-03-12,IU,1.0854447171227777,3.892297815953949,-9.249321967433946,NA
2023-03-13,IU,1.2088196099657318,2.256382188292503,-8.31294272557293,NA
2023-03-14,IU,1.131899788544861,3.973712989239433,-8.691341845025443,NA
2023-03-15,IU,1.1388345900920471,4.029165948279555,-8.811720233347263,NA
2023-03-16,IU,1.139035429240037,3.769187885739692,-8.798240034563875,NA
2023-03-17,IU,1.133338965457749,3.838405257833603,-8.914866083965272,NA
2023-03-18,IU,1.1881526996182046,2.943428296083034,-9.323304557151376,NA
2023-03-19,IU,1.1552024797239644,3.868485218883096,-8.509889220094983,NA
2023-03-20,IU,1.184525206021377,3.967253979850863,-8.938341644533828,NA
2023-03-21,IU,1.1559757367759973,3.905159446893662,-8.898137059691486,NA
2023-03-22,IU,1.090668493631164,4.031359303552519,-9.060945466315536,NA
2023-03-23,IU,1.1168880275960296,3.7103140447511618,-8.755784285089241,NA
2023-03-24,IU,1.1118822809699456,3.66635006523424,-8.812984192906965,NA
2023-03-25,IU,1.1021869284557952,3.726681679066002,-9.0073257882852,NA
2023-03-26,IU,1.0887446125128493,3.6885454535165354,-8.75819688560754,NA
2023-03-27,IU,1.093643675609695,4.031639355710741,-8.83017646394652,NA
2023-03-28,IU,1.0897969990737206,3.708641668892874,-9.3498617287458,NA
2023-03-29,IU,1.1349523102722383,4.220054191581347,-8.722844722658436,NA
2023-03-30,IU,1.1333052265995511,3.921385663437503,-8.804753440202154,NA
2023-03-31,IU,1.1164612072066833,3.963992338561922,-8.745619602707638,NA
2023-04-01,IU,1.127430961355102,3.9871427607223535,-8.744540573951085,NA
2023-04-02,IU,1.0814205499252485,4.202914666286111,-8.831091355159712,NA
2023-04-03,IU,1.079050540644634,4.461774250651396,-8.95377258788831,NA
2023-04-04,IU,1.114803097086855,4.14076911924071,-9.23939353713354,NA
2023-04-05,IU,1.1301631705357535,3.9182418592415384,-8.850691392421774,NA
2023-04-06,IU,1.1041240081302293,4.259393685777162,-9.133922200391584,NA
2023-04-07,IU,1.074553353379895,4.727995763462981,-9.352351291151962,NA
2023-04-08,IU,1.1104914831458934,4.396591282246414,-9.603837003232709,NA
2023-04-09,IU,1.1912583132681849,3.937349207647696,-9.05466436178928,NA
2023-04-10,IU,1.1077591819990833,4.530634654417672,-9.345814882703968,NA
2023-04-11,IU,NA,NA,NA,NA
2023-04-12,IU,1.0695758312996544,4.474304830353728,-9.09811585215658,NA
2023-04-13,IU,1.1245984171413943,4.141687291677733,-9.002574721143786,NA
2023-04-14,IU,1.100987427695655,4.200991084563386,-8.829939160150026,NA
2023-04-15,IU,1.0910749071023231,4.136566896707876,-8.78598194187257,NA
2023-04-16,IU,1.069924105689951,4.594467210187743,-9.1212342803653,NA
2023-04-17,IU,1.0781881478054214,4.845369290781126,-9.037591544538602,NA
2023-04-18,IU,1.1322040542529153,4.176106941808387,-8.717020265666564,NA
2023-04-19,IU,1.1079959665525667,4.379664060495008,-8.47705406113408,NA
2023-04-20,IU,1.0919808511109337,4.361172716375965,-8.926028511608726,NA
2023-04-21,IU,1.1066446527989968,4.24524958333981,-8.911911669091978,NA
2023-04-22,IU,1.097859429375768,4.421507473920421,-9.324039163106317,NA
2023-04-23,IU,1.119240757366308,4.6002610971299465,-8.949194353608542,NA
2023-04-24,IU,1.1589873676852245,4.006504576323916,-9.30369119148507,NA
2023-04-25,IU,1.1869727476337917,4.316188263114799,-9.230997739577749,NA
2023-04-26,IU,1.0696856463908655,4.647157300569969,-9.205659728617524,NA
2023-04-27,IU,1.098952182286692,4.817045430608788,-9.644766167524663,NA
2023-04-28,IU,1.0975852706035731,4.552546793062008,-9.174335859136724,NA
2023-04-29,IU,1.0901157811908486,4.843674736236233,-10.026865964616665,NA
2023-04-30,IU,1.1257750933165502,4.411731582346986,-9.033502885580692,NA
2023-05-01,IU,1.0861232976506627,4.590757331927493,-9.040705579622689,NA
2023-05-02,IU,1.0602571677206047,4.682811665021683,-8.846982470738492,NA
2023-05-03,IU,1.090676995713423,4.540985261307294,-8.787914314167551,NA
2023-05-04,IU,1.0879928627931128,4.408079275940984,-8.618687474526242,NA
2023-05-05,IU,1.1248198900475743,4.724852675272343,-9.03913278016082,NA
2023-05-06,IU,1.077787313304668,4.68572945979223,-8.774514373464783,NA
2023-05-07,IU,1.0900036734757337,4.6101371816758405,-8.894509467577178,NA
2023-05-08,IU,1.0996052996905352,4.7638849237487335,-9.232093599786156,NA
2023-05-09,IU,1.0587755278691526,4.872639217787565,-8.722568836048401,NA
2023-05-10,IU,1.0360905226324146,5.041566428560973,-9.404373451295704,NA
2023-05-11,IU,1.042110504710158,5.019634218428246,-8.767048974790942,NA
2023-05-12,IU,1.0420650152257205,5.174672531057845,-8.937394565778854,NA
2023-05-13,IU,1.0438030543753438,5.251256477605253,-9.38164750628678,NA
2023-05-14,IU,1.0577673735132591,5.248758002545062,-9.275527266345913,NA
2023-05-15,IU,1.0122712957058686,5.459181933605381,-9.647738940008036,NA
2023-05-16,IU,1.0659440433044902,5.0359905830858125,-8.899444954400703,NA
2023-05-17,IU,1.0763486650536107,4.627282190617881,-8.779587765402056,NA
2023-05-18,IU,1.1300056049211864,4.259520331644615,-9.124433521730085,NA
2023-05-19,IU,1.0492579774166098,4.8937330872006,-8.972039079043475,NA
2023-05-20,IU,1.048740412243364,4.953881897086842,-9.381876294364362,NA
2023-05-21,IU,1.0095215810699762,5.373123913329031,-9.814920073004664,NA
2023-05-22,IU,1.0979403152091365,4.706429942814869,-8.768914148789447,NA
2023-05-23,IU,1.0231367239203644,5.014333913627012,-10.159756971181078,NA
2023-05-24,IU,1.1316834568172018,4.657493203367881,-9.003887513237114,NA
2023-05-25,IU,1.0455395455936392,5.229947307695124,-9.229167505045066,NA
2023-05-26,IU,1.132854119908372,4.201159489457917,-9.34788021440214,NA
2023-05-27,IU,1.0936924340994851,4.912274405594715,-9.379008231937258,NA
2023-05-28,IU,1.0846705970587316,4.850006259654387,-9.151989750748603,NA
2023-05-29,IU,1.0672328085489358,4.988864302500891,-9.139106039248368,NA
2023-05-30,IU,1.0410533757156917,5.2793179397251455,-9.07433069521568,NA
2023-05-31,IU,1.043128412215614,5.1097579528039265,-9.35271884858649,NA
2023-06-01,IU,1.0475932652455588,5.003635847796985,-8.918139770780332,NA
2023-06-02,IU,1.05083854175917,5.193560197398179,-9.140976359954507,NA
2023-06-03,IU,1.050205667004174,5.2048748054425875,-9.51588784643522,NA
2023-06-04,IU,1.1024790624581402,5.147317130373513,-9.949604509821052,NA
2023-06-05,IU,1.051060065258167,5.386716035197937,-9.123464856218796,NA
2023-06-06,IU,1.0875352031258003,4.973294919156136,-8.845340547691055,NA
2023-06-07,IU,1.042406785660123,5.110880894492696,-9.16183833751431,NA
2023-06-08,IU,1.0355865591295776,5.181895886409434,-9.244931943242756,NA
2023-06-09,IU,1.0372643597009803,5.778106122889606,-10.704643885066782,NA
2023-06-10,IU,1.1293042741910762,5.082095079118238,-9.543812020073045,NA
2023-06-11,IU,0.9971940771159462,5.579466159072798,-9.96830434386613,NA
2023-06-12,IU,1.154099478019832,4.245609952208272,-9.0426307488911,NA
2023-06-13,IU,1.0891860343725366,4.8674243222156806,-9.218791073381588,NA
2023-06-14,IU,1.075554053193241,5.0407666255803285,-9.053767036470257,NA
2023-06-15,IU,1.111371288941027,4.853441735757263,-10.773501249255276,NA
2023-06-16,IU,1.125529896849648,4.699819287024386,-8.881500886727915,NA
2023-06-17,IU,1.1316533408528704,4.5756025436720185,-9.629300063100777,NA
2023-06-18,IU,1.072739371322077,5.1056549669392535,-9.52090947145966,NA
2023-06-19,IU,1.1513489995300814,4.493304087453453,-9.290545399249329,NA
2023-06-20,IU,1.127872641014004,4.209005105124338,-8.726987053047242,NA
2023-06-21,IU,1.2220446080291516,3.5944298255342955,-9.06630050076012,NA
2023-06-22,IU,1.2451395523111348,3.3753925820515556,-9.52985568850836,NA
2023-06-23,IU,1.135023562283048,4.288647932382613,-9.23565243315557,NA
2023-06-24,IU,1.1175725222667368,4.537211019939696,-9.361318631360993,NA
2023-06-25,IU,1.09545919389373,4.714249397742546,-9.719466411845591,NA
2023-06-26,IU,NA,NA,NA,NA
2023-06-27,IU,NA,NA,NA,NA
2023-06-28,IU,NA,NA,NA,NA
2023-06-29,IU,0.9043510078000468,5.605130535957391,-10.27137739241417,NA
2023-06-30,IU,0.8656946815790436,5.908393756835717,-10.509410885778276,NA
2023-07-01,IU,0.8767214901872187,5.813810453204597,-10.618178742224885,NA
2023-07-02,IU,0.8497934055701557,5.93610773449208,-10.737589604377447,NA
2023-07-03,IU,0.888136285608452,5.467517343164064,-10.477087421231174,NA
2023-07-04,IU,0.8887846588324965,5.349588538710364,-10.521698064603935,NA
2023-07-05,IU,0.8793268621760068,5.74351770000729,-10.262496431523914,NA
2023-07-06,IU,0.9257531426629968,5.470763494896235,-10.47890717822616,NA
2023-07-07,IU,0.8870698752462358,5.743708379361047,-11.190091161584771,NA
2023-07-08,IU,0.9906291556983596,5.1885732708534675,-10.152658989843694,NA
2023-07-09,IU,0.9973027999381774,4.647434524332229,-9.760378566180243,NA
2023-07-10,IU,1.11475797052217,3.763206847278724,-9.875850513820534,NA
2023-07-11,IU,NA,NA,NA,NA
2023-07-12,IU,1.0172999653737649,5.093564235899229,-9.91287902987356,NA
2023-07-13,IU,1.0045293951499643,5.224249098184022,-9.985239621967647,NA
2023-07-14,IU,1.1241688834470784,4.2544163713918834,-9.684698700714533,NA
2023-07-15,IU,1.0327983708866075,4.687516090767139,-10.009104569426892,NA
2023-07-16,IU,1.078913403553736,4.683463214280272,-10.596973770345713,NA
2023-07-17,IU,1.069110918900655,4.945263053849419,-9.59056137649054,NA
2023-07-18,IU,1.0336373195324389,5.034178471479327,-9.456387703414208,NA
2023-07-19,IU,1.0193095082445809,5.068202850682387,-9.599395343985766,NA
2023-07-20,IU,1.0493567775115484,4.6794968910684025,-9.467493656873982,NA
2023-07-21,IU,1.0075424783712204,4.943502893382278,-9.4931280700621,NA
2023-07-22,IU,NA,NA,NA,NA
2023-07-23,IU,1.1395392560797748,3.9004104313597785,-9.608570325647436,NA
2023-07-24,IU,1.0557068991128038,4.790428021432843,-9.604087138917976,NA
2023-07-25,IU,1.0661160743632618,4.6899349469505935,-9.268239819350804,NA
2023-07-26,IU,1.012253896312471,5.07053455156233,-9.88528669192315,NA
2023-07-27,IU,1.0380846118384708,4.8724964880645745,-8.862693411068879,NA
2023-07-28,IU,1.0589020907108384,4.944953912358108,-10.221546553377715,NA
2023-07-29,IU,1.0725833401511644,4.678326599724195,-9.966945601616825,NA
2023-07-30,IU,1.058234146453367,4.7309627783997,-9.960433104065707,NA
2023-07-31,IU,1.0752869336099928,4.8533245174737365,-9.554833785479708,NA
2023-08-01,IU,1.0547138912633591,4.799795937281971,-9.43202376709798,NA
2023-08-02,IU,1.0152129788327795,5.228450598950282,-9.924587026940705,NA
2023-08-03,IU,1.0466016097270607,4.70714358524026,-9.62951564494638,NA
2023-08-04,IU,1.0832402537591217,4.650987801422691,-10.152508768874338,NA
2023-08-05,IU,1.1268173918838855,4.132618462816206,-9.621268302417272,NA
2023-08-06,IU,1.04234172463035,4.5621682440605005,-9.820560938077609,NA
2023-08-07,IU,1.0587190933679993,4.455143939385348,-9.626602007960996,NA
2023-08-08,IU,1.0480385704982491,4.544645801248206,-9.716637524542248,NA
2023-08-09,IU,1.032936108967431,4.629478606163405,-9.700213694295394,NA
2023-08-10,IU,1.038107438186515,4.447807294109329,-9.356930160176653,NA
2023-08-11,IU,1.050684901871209,4.4196868908416524,-9.467889884128365,NA
2023-08-12,IU,1.006727457229306,4.424644944081136,-9.279685805100767,NA
2023-08-13,IU,1.018234857898572,4.40201941645129,-9.224175336524109,NA
2023-08-14,IU,1.0040230215060737,5.392030555607034,-11.240011574026784,NA
2023-08-15,IU,1.1107084058416858,4.798465852551184,-10.71788384365295,NA
2023-08-16,IU,1.1328338197165544,4.491630976898858,-9.883804389910695,NA
2023-08-17,IU,1.0404102153478936,4.79404878072511,-9.420825125243963,NA
2023-08-18,IU,1.0185031761259415,4.789379899957088,-9.820412852386244,NA
2023-08-19,IU,1.0570836322079535,4.203551347471212,-9.351023055654554,NA
2023-08-20,IU,1.0444978774563476,4.26475247188986,-9.1886208316024085,NA
2023-08-21,IU,1.0831507992932414,4.605676112344414,-9.602167994903365,NA
2023-08-22,IU,1.028806962607874,4.382030640228815,-9.26856174960065,NA
2023-08-23,IU,1.0253309272865745,4.6823639379028705,-9.525388575397404,NA
2023-08-24,IU,1.0522650014313115,4.345711633772345,-9.254819127175784,NA
2023-08-25,IU,1.044520372089246,4.239749412415874,-9.157712239207012,NA
2023-08-26,IU,1.0551534049605715,4.24840359902793,-9.240916908480328,NA
2023-08-27,IU,1.0603628933479208,4.228394893653278,-9.320162618714392,NA
2023-08-28,IU,1.0485658963499207,4.534068791311392,-9.549022950874528,NA
2023-08-29,IU,1.0124003792054943,4.595696472766312,-9.630048857706967,NA
2023-08-30,IU,1.1445885974021346,2.695783951656678,-9.615532888020264,NA
2023-08-31,IU,1.0653941996334064,3.794821609897185,-9.25904043984689,NA
2023-09-01,IU,1.0730073305321572,4.121200741881757,-10.234685081066091,NA
2023-09-02,IU,1.034713800268806,4.246840626881877,-9.895466069390428,NA
2023-09-03,IU,1.076247809527512,3.768952575989624,-9.619966470853452,NA
2023-09-04,IU,1.024077768790208,3.855117998902472,-9.565285658432632,NA
2023-09-05,IU,1.0281063314364824,4.291026353482283,-9.739158281913758,NA
2023-09-06,IU,NA,NA,NA,NA
2023-09-07,IU,0.9792159560859364,4.023672399420776,-9.65711856144872,NA
2023-09-08,IU,0.985124757433498,3.724377296383018,-9.384739787271752,NA
2023-09-09,IU,0.9855621292270424,3.8170475011980542,-9.549209907497666,NA
2023-09-10,IU,0.9655796375875596,3.883763790939192,-9.492997339643384,NA
2023-09-11,IU,0.9907482021895784,3.8107876204625586,-9.641537288378958,NA
2023-09-12,IU,0.9716622642175448,4.144638252527808,-10.524560978890866,NA
2023-09-13,IU,0.9904391075214424,3.774777936749468,-9.614176481982934,NA
2023-09-14,IU,0.991214728590846,3.8318007464113215,-9.426608855936978,NA
2023-09-15,IU,0.98386575665357,3.99766837616848,-9.571040344022729,NA
2023-09-16,IU,1.000840652164526,4.066418534392085,-9.717958066701568,NA
2023-09-17,IU,1.0159643043802695,3.6712608868008374,-9.437385520136434,NA
2023-09-18,IU,1.0255960354257487,3.694573495280261,-9.108021650787908,NA
2023-09-19,IU,1.0270590091017426,3.767046362623501,-9.267659375777132,NA
2023-09-20,IU,1.0470443771362996,3.766165217108908,-9.492537262486648,NA
2023-09-21,IU,1.0320980236136752,3.810271703000365,-9.354996859977591,NA
2023-09-22,IU,1.0430857543388037,3.565842791300597,-8.982952265061925,NA
2023-09-23,IU,1.0167679415258482,3.716518214701929,-9.07348674571088,NA
2023-09-24,IU,1.050237524898806,3.59401517610089,-8.947065531792186,NA
2023-09-25,IU,1.0443615374495163,3.5607189145777753,-9.269525494363377,NA
2023-09-26,IU,1.0549075944116504,3.740613714504863,-9.484924780899892,NA
2023-09-27,IU,1.091210350393973,3.2560837452689864,-9.415420346439973,NA
2023-09-28,IU,1.064610999299162,3.776820015376995,-9.340267789671158,NA
2023-09-29,IU,1.0410978903419557,4.039923274939083,-9.324997404740031,NA
2023-09-30,IU,1.0654423200384668,3.8112905681944818,-9.349524602335627,NA
2023-10-01,IU,1.0570088596353495,3.634498006915134,-8.912772416430604,NA
2023-10-02,IU,1.0647570968763092,3.7047272936809974,-9.12127735816689,NA
2023-10-03,IU,1.0821206620941075,3.792418321302144,-9.201196055247696,NA
2023-10-04,IU,1.051480635228967,3.646698352924488,-9.054928424703576,NA
2023-10-05,IU,1.0768306462159605,3.627628418457084,-9.18733564266553,NA
2023-10-06,IU,1.0451352073674751,3.7465705317040303,-9.124976924408248,NA
2023-10-07,IU,1.075695833508275,3.6695006388667206,-8.994212387265955,NA
2023-10-08,IU,1.106135393043727,3.7260150585077674,-8.782949174138935,NA
2023-10-09,IU,1.1373931898841003,3.3924199389430574,-8.88826307793612,NA
2023-10-10,IU,1.1085172468552715,3.5090660596233936,-9.092889902934854,NA
2023-10-11,IU,1.1290029794015533,3.099998460064556,-10.200740587523148,NA
2023-10-12,IU,1.1220690901872996,2.2924155138505364,-9.185691909745938,NA
2023-10-13,IU,1.0615125730269896,3.5564854908249717,-9.268917932385769,NA
2023-10-14,IU,1.0928941273478798,3.462890752321221,-9.243640546193868,NA
2023-10-15,IU,1.101036382079508,3.4063654773005054,-9.232295758357914,NA
2023-10-16,IU,1.1192579811388486,3.302618394860942,-8.926295028256035,NA
2023-10-17,IU,1.157738040839268,3.2598073142676056,-9.29164361570636,NA
2023-10-18,IU,1.143217215006871,3.116440443545113,-9.106341300836728,NA
2023-10-19,IU,1.1598042111603748,2.926449397382643,-8.874152974639346,NA
2023-10-20,IU,1.1405149517779385,3.1180889498683104,-9.160620058292524,NA
2023-10-21,IU,1.1526699333417705,3.282707764181215,-8.99817526390638,NA
2023-10-22,IU,1.1376604971811273,3.307758330287707,-8.86245202770119,NA
2023-10-23,IU,1.1442442643741788,3.071918412638117,-8.650101013013229,NA
2023-10-24,IU,1.1890460494227686,3.0352040510065783,-8.883478978884447,NA
2023-10-25,IU,1.1678764522196077,3.1518024159383677,-8.88570564132202,NA
2023-10-26,IU,1.2123802356126274,2.9698452834339912,-8.798878980527078,NA
2023-10-27,IU,1.1551068365617585,3.0877473431806446,-8.764130739578023,NA
2023-10-28,IU,1.1913045211238935,3.013516628906432,-8.900630793170722,NA
2023-10-29,IU,1.1475763227979507,3.228662174623711,-8.761926201007432,NA
2023-10-30,IU,1.18039938343464,3.115703668179438,-8.826901906690145,NA
2023-10-31,IU,1.1717442993420455,3.1131842874785973,-8.906163278794203,NA
2023-11-01,IU,1.2108152524956437,3.2360361497286982,-8.223510299148444,NA
2023-11-02,IU,1.2595096076335346,3.028476307849991,-8.736917216789486,NA
2023-11-03,IU,1.2021648030052372,2.982194474895365,-8.565289080910606,NA
2023-11-04,IU,1.1919952308834767,3.2050988815811174,-8.48867389499837,NA
2023-11-05,IU,1.2321612495452123,3.044432230981821,-8.644695146362835,NA
2023-11-06,IU,1.2214374555546494,2.994208260791419,-8.73539163954021,NA
2023-11-07,IU,1.22486827818819,2.9997345784234595,-8.641986339718926,NA
2023-11-08,IU,1.2270947597945707,3.0183158645027803,-8.756566643287135,NA
2023-11-09,IU,1.2237448455945832,3.1165395054026144,-8.809716950915627,NA
2023-11-10,IU,1.2343703120465843,2.8802999786592873,-8.729723457732948,NA
2023-11-11,IU,1.190556195766658,2.896217723030849,-8.546471177216615,NA
2023-11-12,IU,1.2449963712964665,2.8738604953850215,-8.896756131134136,NA
2023-11-13,IU,1.2624761580380213,2.7259451847082476,-8.55748011438363,NA
2023-11-14,IU,1.226958505224972,2.885483786058519,-9.678167341509123,NA
2023-11-15,IU,1.2192042540813914,2.5700064689966604,-9.084372605616508,NA
2023-11-16,IU,1.191756201636648,2.6309127891284523,-9.054893866391522,NA
2023-11-17,IU,1.2223253378741736,2.7019058812878973,-8.970535204895755,NA
2023-11-18,IU,1.2071087878284985,2.950515178974128,-8.69072349825067,NA
2023-11-19,IU,1.258385200741316,2.9056619810425635,-8.862260689396102,NA
2023-11-20,IU,1.215508314676381,3.0343163065857865,-8.756151780641543,NA
2023-11-21,IU,1.2266508716435118,2.9456516921328832,-8.74770711813186,NA
2023-11-22,IU,1.270794979496477,2.565027796145093,-8.655434991151656,NA
2023-11-23,IU,1.2399190084710516,2.9150229172295363,-8.35202183653948,NA
2023-11-24,IU,1.253122005300814,2.452143693935241,-8.276683165900065,NA
2023-11-25,IU,1.2480194947655394,2.787512248362332,-8.420549927524402,NA
2023-11-26,IU,1.2540492466182886,2.541213775085562,-9.524508610249264,NA
2023-11-27,IU,1.3034577150465043,2.897824462896655,-8.33265603908149,NA
2023-11-28,IU,1.2930099531773658,2.890698838831332,-8.450249675208632,NA
2023-11-29,IU,1.3154111749991666,2.8020013705126954,-8.47696246154225,NA
2023-11-30,IU,1.2639380753060483,2.920727148137931,-8.621816621533014,NA
2023-12-01,IU,1.248766821447646,2.840343358879735,-8.650689591908714,NA
2023-12-02,IU,1.2456087910271467,2.605417172902815,-8.99848785036684,NA
2023-12-03,IU,1.2131345719564288,2.727988429479006,-9.060858137026848,NA
2023-12-04,IU,1.2155877395173869,2.6756097208612117,-8.178347847859463,NA
2023-12-05,IU,1.2517299456705988,2.938445733609353,-8.215201114021136,NA
2023-12-06,IU,1.3159018862212146,2.745400372625061,-8.428617476096129,NA
2023-12-07,IU,1.316136960792581,2.76694368515003,-8.433660662615319,NA
2023-12-08,IU,1.2515187759392434,2.9443205922447793,-8.90481604010257,NA
2023-12-09,IU,1.29055347540642,2.717529574835144,-8.787849687652603,NA
2023-12-10,IU,1.2103083276748807,3.008377678869018,-9.30374614026674,NA
2023-12-11,IU,1.3042525093776831,2.878015904301217,-7.980824954245006,NA
2023-12-12,IU,1.3240017644520252,2.902165195439386,-8.641958544925801,NA
2023-12-13,IU,1.264236993475614,2.7395735106175416,-8.210277780309832,NA
2023-12-14,IU,1.2445630182785026,2.887453141336576,-8.24024745344993,NA
2023-12-15,IU,1.249868987829451,2.8856616695298754,-8.320898505695325,NA
2023-12-16,IU,1.2706884155117295,2.6263069642317287,-9.009845845253418,NA
2023-12-17,IU,1.2631409259870603,1.9087936350747987,-8.976297726191842,NA
2023-12-18,IU,1.2278426346529634,3.0132255798125893,-9.074943481151523,NA
2023-12-19,IU,1.20143100545671,2.985536958233591,-8.814269562064258,NA
2023-12-20,IU,1.0331923405190873,3.092155688273982,-9.830597355521196,NA
2023-12-21,IU,0.8900894211801339,3.1042916091627473,-10.74122953500765,NA
2023-12-22,IU,0.7970027958514226,2.497742292076743,-11.806171391899982,NA
2023-12-23,IU,0.7341572776541968,2.741728381761501,-12.353363528523428,NA
2023-12-24,IU,0.6642689019243768,2.72601974749362,-12.54194926359762,NA
2023-12-25,IU,0.6217923115959377,2.147348788989328,-13.283572400961829,NA
2023-12-26,IU,0.6135404274985898,2.5188301082812816,-12.21248472396768,NA
2023-12-27,IU,0.6323374290926953,3.038752465341019,-11.921050974591443,NA
2023-12-28,IU,0.6507167109956804,2.057250963558185,-12.263101845404185,NA
2023-12-29,IU,0.6882494733757665,3.56834176698186,-11.354822091035068,NA
2023-12-30,IU,0.704562741529154,3.226033047682864,-11.991870517921727,NA
2023-12-31,IU,0.6811769350494006,3.905450103634608,-12.72872839831562,NA
2024-01-01,IU,0.6959903306711114,3.2642249590161767,-12.730918060823742,NA
2024-01-02,IU,0.700090412801689,5.237550690417583,-11.832226126767054,NA
2024-01-03,IU,0.644643463737048,5.090948016324425,-13.28971816668406,NA
2024-01-04,IU,0.6765095209710739,4.783401619266354,-11.116691594886394,NA
2024-01-05,IU,0.6703202158873885,4.956358313950628,-12.667852333351757,NA
2024-01-06,IU,0.688020646533875,2.942888919693036,-10.81073084075315,NA
2024-01-07,IU,0.6756235202182774,5.340238800748611,-10.950125549753412,NA
2024-01-08,IU,0.7240144995129298,3.7651512523571102,-13.152395537805218,NA
2024-01-09,IU,0.6908353787574477,2.7202522499499344,-12.992608052074027,NA
2024-01-10,IU,0.7754986957584963,4.906800489087878,-10.905102597650613,NA
2024-01-11,IU,0.6599629916085998,5.889263272738988,-12.995682868059838,NA
2024-01-12,IU,0.6552604272578093,3.193604059104265,-13.774823650467402,NA
2024-01-13,IU,0.5999907829114002,7.661380289114639,-9.843941176400609,NA
2024-01-14,IU,0.6265222605034582,5.626222142365114,-11.61732712438948,NA
2024-01-15,IU,0.5559606450853102,7.13829526130875,-14.349908786532906,NA
2024-01-16,IU,0.6606258830995224,1.9725290589464195,-11.25890969242248,NA
2024-01-17,IU,0.626446038774103,8.497121034838223,-10.44232141651443,NA
2024-01-18,IU,0.5558355851383434,7.88773516704013,-15.569868453832049,NA
2024-01-19,IU,0.588429294655662,4.927384304830708,-9.92390434482714,NA
2024-01-20,IU,0.527692768258906,8.522524647765353,-11.037612663132837,NA
2024-01-21,IU,0.5435481044113655,8.833422388836556,-11.312288620315734,NA
2024-01-22,IU,0.4599414120879619,9.595759152947274,-14.635069451262211,NA
2024-01-23,IU,0.5563790798874041,3.5177322283158534,-13.171644839072952,NA
2024-01-24,IU,0.527784893391425,6.099035182792001,-11.865174972812335,NA
2024-01-25,IU,0.4766493588680683,7.012284008703223,-12.81246224593278,NA
2024-01-26,IU,0.5734282780011423,3.874010085453061,-10.490862223906465,NA
2024-01-27,IU,0.5017087266787464,7.022777744805647,-12.481770018856622,NA
2024-01-28,IU,0.4736929575293653,8.85857038361457,-11.102152190495548,NA
2024-01-29,IU,0.49867936135336816,10.183261461064111,-13.262801023123345,NA
2024-01-30,IU,0.5317822565111796,8.66128207856014,-12.940403522838244,NA
2024-01-31,IU,0.5563867312900078,8.201608483966988,-12.346277038348976,NA
2024-02-01,IU,0.5727619343225684,8.66971935570453,-12.630367756359242,NA
2024-02-02,IU,0.5401222028412973,9.032147011536672,-12.94619833953938,NA
2024-02-03,IU,0.5854504416999757,8.123574330557656,-12.574779671818806,NA
2024-02-04,IU,0.7029872552025622,3.2725866887242216,-10.880425946038196,NA
2024-02-05,IU,0.6830850791394408,6.061310156738225,-11.929834734261243,NA
2024-02-06,IU,0.7120482498964085,6.105032042966514,-11.230692628494094,NA
2024-02-07,IU,0.7382823623949921,5.763517509118529,-11.269966274806547,NA
2024-02-08,IU,0.7357663216292524,5.714345177252662,-11.62818966517828,NA
2024-02-09,IU,0.7211073088039701,6.185785908115534,-11.267336750107004,NA
2024-02-10,IU,0.7569812113871771,4.4080392985744385,-10.645979595549347,NA
2024-02-11,IU,0.6928089020623442,6.227884965932972,-11.461267969855044,NA
2024-02-12,IU,0.7189665794478708,5.519377129840312,-12.291518587113236,NA
2024-02-13,IU,0.7576538973007203,6.339965316246942,-9.63939502043722,NA
2024-02-14,IU,0.7885165874464727,5.543628952295834,-11.02228309967613,NA
2024-02-15,IU,0.8165112733908063,4.441020247605124,-10.607051477599724,NA
2024-02-16,IU,0.8056071535286997,4.620865131838733,-11.024559471362185,NA
2024-02-17,IU,0.854250959552485,3.5691508484684173,-11.543088800893624,NA
2024-02-18,IU,0.939060561786736,3.119497783302504,-11.010183139649786,NA
2024-02-19,IU,0.861667161812174,5.187415671433792,-10.802400391904415,NA
2024-02-20,IU,0.8618444091344322,4.870683420648631,-10.80779952349548,NA
2024-02-21,IU,0.8471693446920405,5.1985180588885695,-10.874406909510563,NA
2024-02-22,IU,NA,NA,NA,NA
2024-02-23,IU,0.7367489318476734,4.999226609251103,-11.53842197966999,NA
2024-02-24,IU,0.6842850416933045,7.2859091973305725,-11.458275913700811,NA
2024-02-25,IU,0.6752123381637224,7.539267637663964,-11.744714488549782,NA
2024-02-26,IU,0.6926872583680376,7.302988595912144,-11.591816511015978,NA
2024-02-27,IU,0.6583125724741216,7.800295514567693,-11.921641726340352,NA
2024-02-28,IU,0.6207457033095136,7.831130443468029,-12.000651297414231,NA
2024-02-29,IU,0.6329000686489966,8.87010601236656,-11.872344200118356,NA
2024-03-01,IU,0.7072370697622675,6.2698999887071345,-11.519405106291345,NA
2024-03-02,IU,0.765868551413885,5.818034339388217,-11.727762891840907,NA
2024-03-03,IU,0.7320005605897534,6.261949032036229,-11.371442593359085,NA
2024-03-04,IU,0.8024615383272173,5.334759298188996,-10.102294361282492,NA
2024-03-05,IU,0.8798530875194218,4.0911055972200066,-11.3597693964172,NA
2024-03-06,IU,0.879151612805571,3.791556195634607,-9.41892637138434,NA
2024-03-07,IU,0.8695265210529627,4.678060112784094,-10.119496494687242,NA
2024-03-08,IU,0.8665243633559919,4.716269322949692,-10.379775219589094,NA
2024-03-09,IU,0.8686950702475071,4.200317487233554,-10.300463110549286,NA
2024-03-10,IU,0.8360259644448392,5.554974184602312,-10.280738403879024,NA
2024-03-11,IU,0.8742068538542747,5.076040032031106,-10.031274141252345,NA
2024-03-12,IU,0.8371111121989069,4.891748519299474,-10.70766376418548,NA
2024-03-13,IU,0.7990068059723802,5.397375213481325,-10.715073571422083,NA
2024-03-14,IU,0.7287615863379396,6.240935016133384,-11.680654113721138,NA
2024-03-15,IU,0.6979837895188066,6.302513245004895,-11.70449156358611,NA
2024-03-16,IU,0.712248596338675,5.166148765578002,-11.174300298427069,NA
2024-03-17,IU,0.6416036943965666,6.5434383083072145,-11.912627808195255,NA
2024-03-18,IU,0.7278550100578924,3.807915229535206,-10.150060074664632,NA
2024-03-19,IU,0.7020081327019545,7.022019416844227,-11.64427368736684,NA
2024-03-20,IU,0.6915485430064862,6.136812908859389,-11.757822093938485,NA
2024-03-21,IU,0.6592623237832975,6.395224908386141,-11.757181582233413,NA
2024-03-22,IU,0.7049161226687851,2.608678741126343,-12.239599913947332,NA
2024-03-23,IU,0.6710633548759377,5.708361757794768,-11.670963619159377,NA
2024-03-24,IU,0.672323218305018,6.671060600582512,-11.482415501583311,NA
2024-03-25,IU,0.669885677689684,6.209025237943514,-12.150660586540516,NA
2024-03-26,IU,0.6126258227251317,7.241389750583138,-12.921313864660055,NA
2024-03-27,IU,0.7385704763897867,2.75858841049515,-11.938547318868034,NA
2024-03-28,IU,0.6460545136566511,6.208424653215371,-12.042643630056627,NA
2024-03-29,IU,0.6805468334519109,6.57198157990826,-12.311336514868897,NA
2024-03-30,IU,0.6623576818110732,6.347150783428409,-12.960579023045597,NA
2024-03-31,IU,0.6408273325945326,7.022417747233518,-12.66166925501192,NA
2024-04-01,IU,0.5717259512699284,7.148213570064491,-12.487656450852686,NA
2024-04-02,IU,0.569924020222569,6.604332640417463,-12.473896833645355,NA
2024-04-03,IU,0.5903423426659331,3.76305247478076,-13.675396309919396,NA
2024-04-04,IU,0.5731011884444454,6.91046296708961,-11.787020513392209,NA
2024-04-05,IU,0.5692002545769799,6.1990873900353405,-12.707790398744091,NA
2024-04-06,IU,0.564161895835942,6.25752509321377,-12.231842139132354,NA
2024-04-07,IU,0.5487065096407544,5.936822223861358,-12.517792445065313,NA
2024-04-08,IU,0.5037595705121763,6.603588837935999,-12.71385158240223,NA
2024-04-09,IU,0.5284694374184488,5.067429794746643,-11.45612315840322,NA
2024-04-10,IU,0.4532972572644649,7.051827374478939,-14.301202922982505,NA
2024-04-11,IU,0.5282190822764421,3.5572361712309655,-9.97488581141001,NA
2024-04-12,IU,0.488889570495562,6.178826419694375,-12.11618875691794,NA
2024-04-13,IU,0.5179248544697844,5.894452804874853,-11.855829028006443,NA
2024-04-14,IU,0.5380283914070461,3.4840781959965423,-11.568011052974326,NA
2024-04-15,IU,0.5105282800979546,2.1901361692577535,-11.760776818912708,NA
2024-04-16,IU,0.5029479402998054,1.3625551911566909,-15.63387473883236,NA
2024-04-17,IU,0.4683788736321272,0.9847092252713164,-16.144894492231295,NA
2024-04-18,IU,0.42825283087807,0.8922185798448654,-16.27330138242543,NA
2024-04-19,IU,0.3943096846725376,1.3144342315022963,-16.54632297725062,NA
2024-04-20,IU,0.3735725239316518,2.7723135078368664,-16.797172233575846,NA
2024-04-21,IU,0.32059940052617725,6.148578827136388,-19.0522446509095,NA
2024-04-22,IU,0.35863022116950344,8.666946528476588,-16.217582898268205,NA
2024-04-23,IU,0.34675300936666054,9.654680654366016,-18.407089147289923,NA
2024-04-24,IU,0.3303487241058993,9.179237333446762,-19.8592720787372,NA
2024-04-25,IU,0.3242058539780598,9.59010932599908,-20.048755981185973,NA
2024-04-26,IU,0.3568228180396944,6.699235447340542,-17.632105784055202,NA
2024-04-27,IU,0.3907606693610169,2.899529630465392,-15.893838206563046,NA
2024-04-28,IU,0.4757788125994504,1.9930899950579173,-13.516121240770705,NA
2024-04-29,IU,0.47281652174488686,0.8706038280026075,-13.522977637024637,NA
2024-04-30,IU,0.4591552658778759,0.655840197673082,-12.69683748616062,NA
2024-05-01,IU,0.44680571607912384,0.6931129344556777,-13.198332239710354,NA
2024-05-02,IU,0.4377306176350254,0.9552325043714288,-13.936104118013684,NA
2024-05-03,IU,0.43747518143263414,1.1685378588279378,-8.05298385100222,NA
2024-05-04,IU,0.429205718157338,2.473956341521596,-15.781453249728717,NA
2024-05-05,IU,0.45684232181627665,2.7585989124574533,-10.891018569909416,NA
2024-05-06,IU,0.4137552452648606,5.310498322851459,-9.100169773307144,NA
2024-05-07,IU,0.39764283374259646,7.192775678159787,-12.80896163706614,NA
2024-05-08,IU,0.38844199457534023,9.3052342619131,-13.315078988236188,NA
2024-05-09,IU,0.41922631526144544,9.166159851696497,-12.304874033472045,NA
2024-05-10,IU,0.5765270992261741,2.5078728577957907,-10.238449159056293,NA
2024-05-11,IU,0.4283076555905245,10.712439011104104,-14.151161454086,NA
2024-05-12,IU,0.5635748120507064,6.470993021337057,-11.01037063566943,NA
2024-05-13,IU,0.5248325767227964,9.243145836783883,-15.932048211594315,NA
2024-05-14,IU,0.5299853844074219,7.829393268712345,-11.945803804054083,NA
2024-05-15,IU,0.5378573436373569,7.811157723047894,-12.120151610561324,NA
2024-05-16,IU,0.5032080502959992,9.478424558283782,-13.376249295013318,NA
2024-05-17,IU,0.6202345281592992,3.9771684132056264,-10.108001400216962,NA
2024-05-18,IU,0.4833424602621442,9.01739787019437,-12.55311971164297,NA
2024-05-19,IU,0.4553780797490461,8.79868288252597,-12.422117858870488,NA
2024-05-20,IU,0.4754877510903844,7.865782565917369,-10.33614661779614,NA
2024-05-21,IU,0.46082598394062674,7.678467648954253,-11.735453777172031,NA
2024-05-22,IU,0.46748686150153174,5.921405678439662,-9.552554103565312,NA
2024-05-23,IU,0.46141047153619746,4.254258364089363,-9.071359751689762,NA
2024-05-24,IU,0.4741239949967793,2.525604338001469,-7.634619056240992,NA
2024-05-25,IU,0.4937746538101595,1.4313296137055036,-9.668209861523676,NA
2024-05-26,IU,0.4816216284290929,0.918367554481724,-9.568337598762028,NA
2024-05-27,IU,0.5148963358514159,0.6408587067688617,-14.070301182481376,NA
2024-05-28,IU,0.49677143350463376,0.5549862081351954,-14.288525775358758,NA
2024-05-29,IU,0.48257886990874593,0.5574727741893908,-11.675262243596412,NA
2024-05-30,IU,0.4928601120394742,0.5773118754897444,-12.139338960820282,NA
2024-05-31,IU,0.4729966836135417,0.6068638104467214,-10.5330561386145,NA
2024-06-01,IU,0.4646846047482367,0.7045838636135002,-8.813340583295618,NA
2024-06-02,IU,0.5046465290264412,0.6648375219787129,-16.50990182689158,NA
2024-06-03,IU,0.45755437065834426,1.01185222355962,-9.13666001966834,NA
2024-06-04,IU,0.4333601364838149,1.552835645084249,-8.7322205746963,NA
2024-06-05,IU,0.4475878008775061,1.7657063572460263,-10.864449518831396,NA
2024-06-06,IU,0.4411962312910719,2.0921672560230866,-8.210039794578641,NA
2024-06-07,IU,0.41721697267964064,3.444633522316249,-10.77007778591517,NA
2024-06-08,IU,0.3961541773095069,5.873685637191262,-12.149086188815838,NA
2024-06-09,IU,0.3904138233249354,7.573852641633357,-12.115927104636002,NA
2024-06-10,IU,0.38784239679980537,9.558674742032936,-12.45084795377369,NA
2024-06-11,IU,NA,NA,NA,NA
2024-06-12,IU,0.4019458231136692,12.135090386448228,-15.621423238640835,NA
2024-06-13,IU,0.464744043816973,11.217482542738122,-13.443459459040367,NA
2024-06-14,IU,0.51287304287591,10.610046732617697,-13.741500486177836,NA
2024-06-15,IU,0.6008081004979939,8.130281989956169,-12.078612050753692,NA
2024-06-16,IU,0.5741674706048865,9.342307747866244,-14.466238731085571,NA
2024-06-17,IU,0.7229019013363571,7.94046008815949,-10.93386984728824,NA
2024-06-18,IU,NA,NA,NA,NA
2024-06-19,IU,0.7930349994496957,6.717974854207607,-10.82244981626357,NA
2024-06-20,IU,0.7922219386798592,6.842734810372716,-11.26510506621596,NA
2024-06-21,IU,0.8430474863198959,6.214828615226368,-10.624061916020189,NA
2024-06-22,IU,0.8592948363672245,6.18683744360241,-10.86892110461308,NA
2024-06-23,IU,0.8751155502710031,5.9350342313863935,-10.4042127725688,NA
2024-06-24,IU,NA,NA,NA,NA
2024-06-25,IU,0.8906223815720977,6.376518834042698,-11.242502597714331,NA
2024-06-26,IU,0.8996522664330946,5.922467581680526,-11.14143716678047,NA
2024-06-27,IU,0.9998139951305912,4.940420748146688,-10.125160366915155,NA
2024-06-28,IU,1.0107550041286344,4.53033288262483,-10.50463439349256,NA
2024-06-29,IU,0.971013547605702,5.110294482861511,-10.162889339161394,NA
2024-06-30,IU,0.9755239877484188,4.922990661151832,-9.951023252010902,NA
2024-07-01,IU,0.9918745159926988,5.057246511023892,-10.422967018571534,NA
2024-07-02,IU,1.0223872461886705,4.9174069649892855,-10.307410474202989,NA
2024-07-03,IU,1.027069970427616,4.567846859980043,-10.27551348616215,NA
2024-07-04,IU,1.0431915911073255,4.627599495475803,-9.859816696451874,NA
2024-07-05,IU,1.0698976574282764,4.134662523478361,-9.773167504955264,NA
2024-07-06,IU,1.081870766627758,4.0676715713196865,-9.591229957069238,NA
2024-07-07,IU,1.0469788440730254,4.6138009151913835,-10.704267662743163,NA
2024-07-08,IU,1.0097684091392949,4.8870130535533765,-10.37311113159458,NA
2024-07-09,IU,1.08620459582671,4.510116307275379,-9.626721560098892,NA
2024-07-10,IU,1.0160950861650837,4.929365513580644,-10.29970608383352,NA
2024-07-11,IU,1.0809902582507656,4.431094324251086,-9.412770153239851,NA
2024-07-12,IU,1.0897130131518586,4.053509482897313,-9.306806503241146,NA
2024-07-13,IU,1.0781753197791195,4.351012844703902,-9.708866966769182,NA
2024-07-14,IU,1.0518936912692751,4.257903815833407,-9.857862751366676,NA
2024-07-15,IU,1.0669283359296002,4.2297403630229375,-9.877092940082465,NA
2024-07-16,IU,1.106494739833907,3.8012754908480537,-9.135845969567644,NA
2024-07-17,IU,1.1563279214883564,3.5113417357705496,-9.631311042541483,NA
2024-07-18,IU,1.125033497583883,3.86588537547133,-10.202897427969043,NA
2024-07-19,IU,1.1367847887624465,4.1290026160356925,-9.791266296057362,NA
2024-07-20,IU,1.1240834911818776,3.9029330917917617,-9.770982201654398,NA
2024-07-21,IU,1.1261291703343868,4.166776078796124,-9.615079419792304,NA
2024-07-22,IU,1.116413716692294,4.066199175289861,-9.982211452354646,NA
2024-07-23,IU,1.139063797494182,3.925411208937749,-9.502070004270912,NA
2024-07-24,IU,1.1048479394248676,4.177762545337368,-10.79970714718351,NA
2024-07-25,IU,1.127819051650796,3.8034087056683386,-9.452974217465972,NA
2024-07-26,IU,1.1265743151987944,4.1025480981483,-9.986787402206804,NA
2024-07-27,IU,1.0906124141292697,3.759411747475141,-10.276413177662132,NA
2024-07-28,IU,1.1354887124340467,4.033356972868143,-9.778083683599188,NA
2024-07-29,IU,1.1184206414599265,3.850672740688572,-9.691388221225754,NA
2024-07-30,IU,1.0779684256191582,4.173048748827831,-10.098148667027637,NA
2024-07-31,IU,1.129573157610566,3.866162275314729,-9.53251674661782,NA
2024-08-01,IU,1.1193169584632798,3.852993734367206,-9.803249397916428,NA
2024-08-02,IU,0.9897817803806598,4.363655246921805,-11.110081471482545,NA
2024-08-03,IU,1.089575605275613,3.585611291586136,-9.826617084310492,NA
2024-08-04,IU,1.0583442543913824,3.849209229493768,-9.871173338624256,NA
2024-08-05,IU,0.7548563353732821,4.702527719295022,-13.513117155341291,NA
2024-08-06,IU,0.7465092983219859,3.252730084443156,-11.874279233002358,NA
2022-05-12,OS,NA,NA,NA,1.2675578383143835
2022-05-13,OS,NA,NA,NA,1.1996734842138461
2022-05-14,OS,NA,NA,NA,1.1505438851495424
2022-05-15,OS,NA,NA,NA,1.1269022990799302
2022-05-16,OS,NA,NA,NA,1.1016789292930538
2022-05-17,OS,NA,NA,NA,1.0788347709684811
2022-05-18,OS,NA,NA,NA,1.0766210467538866
2022-05-19,OS,NA,NA,NA,1.0786123339648375
2022-05-20,OS,NA,NA,NA,1.0555480853168964
2022-05-21,OS,NA,NA,NA,1.0298808439593563
2022-05-22,OS,NA,NA,NA,1.0420029279443344
2022-05-23,OS,NA,NA,NA,1.065344270941922
2022-05-24,OS,NA,NA,NA,1.0644420147125462
2022-05-25,OS,NA,NA,NA,1.0423785487840405
2022-05-26,OS,NA,NA,NA,1.0137447105770383
2022-05-27,OS,NA,NA,NA,0.9982144738785431
2022-05-28,OS,NA,NA,NA,1.0081814588489824
2022-05-29,OS,NA,NA,NA,1.0225344130426892
2022-05-30,OS,NA,NA,NA,1.0236755877929802
2022-05-31,OS,NA,NA,NA,1.0303852440669032
2022-06-01,OS,NA,NA,NA,1.043196073917408
2022-06-02,OS,NA,NA,NA,1.0300134979510476
2022-06-03,OS,NA,NA,NA,0.9929892403321903
2022-06-04,OS,NA,NA,NA,0.9788954633104773
2022-06-05,OS,NA,NA,NA,0.9966190331383193
2022-06-06,OS,NA,NA,NA,1.013542908823198
2022-06-07,OS,NA,NA,NA,1.013400481126329
2022-06-08,OS,NA,NA,NA,1.000494312743794
2022-06-09,OS,NA,NA,NA,0.982232957892175
2022-06-10,OS,NA,NA,NA,0.9674261444632364
2022-06-11,OS,NA,NA,NA,0.9389614044886315
2022-06-12,OS,NA,NA,NA,0.90103342505435
2022-06-13,OS,NA,NA,NA,0.8995283731677145
2022-06-14,OS,NA,NA,NA,0.9211174034524995
2022-06-15,OS,NA,NA,NA,0.9214558890727114
2022-06-16,OS,NA,NA,NA,0.9110002891390002
2022-06-17,OS,NA,NA,NA,0.9047894803081407
2022-06-18,OS,NA,NA,NA,0.8932653585905888
2022-06-19,OS,NA,NA,NA,0.8877831942813037
2022-06-20,OS,NA,NA,NA,0.9053142495366074
2022-06-21,OS,NA,NA,NA,0.9243089403616733
2022-06-22,OS,NA,NA,NA,0.911565384057081
2022-06-23,OS,NA,NA,NA,0.8641986369212726
2022-06-24,OS,NA,NA,NA,0.8376148930140036
2022-06-25,OS,NA,NA,NA,0.856817385458714
2022-06-26,OS,NA,NA,NA,0.8763774992821
2022-06-27,OS,NA,NA,NA,0.8570128659553917
2022-06-28,OS,NA,NA,NA,0.8113366909862377
2022-06-29,OS,NA,NA,NA,0.7981842859362486
2022-06-30,OS,NA,NA,NA,0.8258042565573325
2022-07-01,OS,NA,NA,NA,0.8330981293968693
2022-07-02,OS,NA,NA,NA,0.8233899454801983
2022-07-03,OS,NA,NA,NA,0.8362533094697653
2022-07-04,OS,NA,NA,NA,0.8581523818964855
2022-07-05,OS,NA,NA,NA,0.8671368232301351
2022-07-06,OS,NA,NA,NA,0.8628778297519505
2022-07-07,OS,NA,NA,NA,0.8488591133596649
2022-07-08,OS,NA,NA,NA,0.8343014493335215
2022-07-09,OS,NA,NA,NA,0.8235151752817851
2022-07-10,OS,NA,NA,NA,0.8030805246090292
2022-07-11,OS,NA,NA,NA,0.7902716545223707
2022-07-12,OS,NA,NA,NA,0.7846965806527251
2022-07-13,OS,NA,NA,NA,0.7922497012279464
2022-07-14,OS,NA,NA,NA,0.8298235762953096
2022-07-15,OS,NA,NA,NA,0.8747801087090299
2022-07-16,OS,NA,NA,NA,0.9232875425037778
2022-07-17,OS,NA,NA,NA,0.9587044285724611
2022-07-18,OS,NA,NA,NA,0.9769390496838406
2022-07-19,OS,NA,NA,NA,1.0176292359518677
2022-07-20,OS,NA,NA,NA,1.0837580994093454
2022-07-21,OS,NA,NA,NA,1.1449051818322862
2022-07-22,OS,NA,NA,NA,1.1920405698303083
2022-07-23,OS,NA,NA,NA,1.2245292384499387
2022-07-24,OS,NA,NA,NA,1.2388707141429287
2022-07-25,OS,NA,NA,NA,1.2395166224143799
2022-07-26,OS,NA,NA,NA,1.2324611758374433
2022-07-27,OS,0.614958823114776,5.032174127564958,-6.633560428564511,1.2291662226699216
2022-07-28,OS,NA,NA,NA,1.2379953599348061
2022-07-29,OS,NA,NA,NA,1.2484393722528848
2022-07-30,OS,0.6149472696789742,7.801583240243508,-8.813397515627447,1.2436031360903654
2022-07-31,OS,0.6156308072435687,6.628569908859005,-8.549827815033554,1.221144291677279
2022-08-01,OS,0.6144139584875958,6.523837321443669,-7.9459168615174995,1.1966133747913192
2022-08-02,OS,0.6139910525963023,7.952437555254268,-9.37069656498749,1.1814883851079627
2022-08-03,OS,0.6154085952448921,7.341728853955035,-9.244791490211918,1.166633049258508
2022-08-04,OS,0.6143668139211061,7.886502100559766,-10.894185458824838,1.1498283881056008
2022-08-05,OS,0.6134183953813077,10.442214091300537,-13.379557312840282,1.1368128386111491
2022-08-06,OS,0.6146451863161925,8.756741989022412,-12.20935468622722,1.119971655270214
2022-08-07,OS,NA,NA,NA,1.093627699334424
2022-08-08,OS,0.6147987487181316,7.703691464403311,-10.576156296600091,1.0580261050706175
2022-08-09,OS,NA,NA,NA,1.0213357083409058
2022-08-10,OS,NA,NA,NA,0.9935955654774556
2022-08-11,OS,0.614692984179953,5.966025410104751,-7.88958563949899,0.975965652524174
2022-08-12,OS,0.6139062692625872,7.707974648314528,-9.25773573917949,0.971961957327667
2022-08-13,OS,0.6146981970839428,7.907848155999837,-10.380938066051394,0.988720120820648
2022-08-14,OS,NA,NA,NA,1.0129811982819683
2022-08-15,OS,NA,NA,NA,1.020786551765822
2022-08-16,OS,0.6145868337670234,9.316342671297198,-11.205879720997356,1.0157449061027624
2022-08-17,OS,NA,NA,NA,1.0171962094212228
2022-08-18,OS,0.6152156621554962,6.328170080048307,-10.119168938379593,1.0198139400144521
2022-08-19,OS,0.6134409773029679,8.296779534562575,-10.93722194200718,1.0160143890416269
2022-08-20,OS,0.6157809692027496,6.700172847601166,-9.880020916596726,1.018484549675896
2022-08-21,OS,0.615642185548442,8.547652735691697,-11.558267040258066,1.0184721279496884
2022-08-22,OS,0.6145782688800782,9.764409182873605,-11.81940806288492,1.0021559317600202
2022-08-23,OS,NA,NA,NA,0.9795719182793216
2022-08-24,OS,NA,NA,NA,0.9617660916061935
2022-08-25,OS,NA,NA,NA,0.958781898950287
2022-08-26,OS,NA,NA,NA,0.9637053442631359
2022-08-27,OS,NA,NA,NA,0.9646709981965259
2022-08-28,OS,NA,NA,NA,0.9730668742194514
2022-08-29,OS,NA,NA,NA,1.0083803848549564
2022-08-30,OS,NA,NA,NA,1.070465005594706
2022-08-31,OS,0.6141127822053303,3.1819390135617533,-5.511411446286004,1.1478997613416613
2022-09-01,OS,0.6149371013395989,2.7874873135082026,-7.467775950329664,1.2371486710102662
2022-09-02,OS,NA,NA,NA,1.326460966687026
2022-09-03,OS,0.6153281073489848,1.8371331646733648,-8.504413290261711,1.4074251525280035
2022-09-04,OS,0.6149318093200024,1.80063376519874,-8.792229827509832,1.4595487741865178
2022-09-05,OS,0.614848670711239,1.5614615781963177,-7.772290085233745,1.477327247361337
2022-09-06,OS,0.6146805005626846,1.4495058706145707,-7.7696819868406735,1.483803271048327
2022-09-07,OS,0.6150588952585364,1.7080454139801184,-9.326175546182943,1.4928125466323219
2022-09-08,OS,0.6136341455911832,1.9699930420367509,-10.611237319732478,1.492919166487993
2022-09-09,OS,0.6142828675128805,2.5593792504223436,-9.877983932926805,1.4758946082856634
2022-09-10,OS,0.6152498734054946,1.8018235650355523,-9.377689358140378,1.453436975624286
2022-09-11,OS,0.6148869274279873,2.124710119366746,-9.9381449284740615,1.449110555111002
2022-09-12,OS,0.6141268125622863,1.7018051950539406,-9.66954267077009,1.4621922643792697
2022-09-13,OS,0.6145957276202084,2.4022990845709766,-10.692204352477328,1.4846050827958281
2022-09-14,OS,0.6145301011575347,2.4145760493760084,-10.095501290250365,1.51813576074465
2022-09-15,OS,0.6135103469540056,2.7669166548058084,-9.851301981079756,1.5548779964090023
2022-09-16,OS,0.6152766615393006,1.9466884201774677,-10.729153745083902,1.5805068981526547
2022-09-17,OS,0.6142426908518346,1.97354610243245,-9.656043506328688,1.5883665810460794
2022-09-18,OS,0.6132129123473722,2.0315352376322418,-9.959612503751613,1.5860499322159274
2022-09-19,OS,0.6143761993996935,1.8296540087170896,-10.305284108890492,1.5807125639228494
2022-09-20,OS,0.6135721508029075,1.9334477791483704,-9.885659687003136,1.5668540292623199
2022-09-21,OS,0.6147750186051145,1.727770895600083,-8.097697668605464,1.5416240185822336
2022-09-22,OS,0.6143476504088354,3.1224567631007156,-9.394646337457312,1.512526472332352
2022-09-23,OS,0.6146321354948109,1.7491549556701018,-8.686477437303585,1.485186824378856
2022-09-24,OS,0.6152510588220245,1.9899804315217924,-7.838920782267519,1.4559052426476307
2022-09-25,OS,0.6142552952276886,1.3044600680231788,-6.861937271783304,1.41134285241609
2022-09-26,OS,0.6155257484869479,1.7287279642679827,-7.719179596919581,1.3507813586887776
2022-09-27,OS,0.6159313924207099,6.135458456216169,-9.13543905166493,1.3151829121350538
2022-09-28,OS,NA,NA,NA,1.372188476060139
2022-09-29,OS,NA,NA,NA,1.4458232198604224
2022-09-30,OS,NA,NA,NA,1.4030286985969798
2022-10-01,OS,NA,NA,NA,1.294251253041713
2022-10-02,OS,NA,NA,NA,1.237549796726367
2022-10-03,OS,NA,NA,NA,1.1835777702947383
2022-10-04,OS,0.6159647051135704,1.999284339912587,-4.869320538792625,1.0614476663880226
2022-10-05,OS,0.6161868543035317,1.8895411303040135,-5.64207475283243,1.024074383827967
2022-10-06,OS,0.6153091353681112,2.1249747389872917,-5.983716551955792,1.0370466982722841
2022-10-07,OS,0.6151900589928797,2.4459711529932178,-6.1017188801132525,1.0222299226657485
2022-10-08,OS,0.6154718680217779,2.7551880947745397,-6.109901233205202,0.9931949219091236
2022-10-09,OS,0.6139003670406212,3.761023917704215,-6.680400515516497,0.9627692121458429
2022-10-10,OS,0.6153253887049831,3.83995407299093,-6.235863953014471,0.9429737048914854
2022-10-11,OS,0.6145143383410557,4.249382837430537,-7.898583859615511,0.9227928356514618
2022-10-12,OS,0.6137603288889918,3.8230919676251305,-7.278696427036949,0.9095666724277202
2022-10-13,OS,0.61488864469146,1.387516017275261,-4.5545117788870755,0.9149481958930623
2022-10-14,OS,0.6166946502477365,3.867339467232074,-6.28797397165403,0.893297685647056
2022-10-15,OS,0.6167642772698285,4.645804601774806,-6.80443062577681,0.8406118421687938
2022-10-16,OS,0.615667561015575,5.171825529915832,-7.904957411435064,0.8109676843969422
2022-10-17,OS,0.6159638920578284,4.782311684173903,-7.981337428345074,0.8218764280416253
2022-10-18,OS,0.6153787155637036,5.565595768619123,-6.241265298997276,0.7966268357039556
2022-10-19,OS,0.6164027505979829,4.19968957950464,-5.656173079488962,0.7475734278401027
2022-10-20,OS,0.6169420087547272,4.461010276043827,-6.590747965066966,0.7390975806229924
2022-10-21,OS,0.6163958825071844,4.333463345722321,-6.16968671551689,0.7397147455274994
2022-10-22,OS,0.6150442829789984,3.99704860919836,-5.782456608833228,0.7391808943950773
2022-10-23,OS,0.6146334925370706,4.884488246483103,-7.62880220025382,0.7566218154022066
2022-10-24,OS,0.6161777899213794,5.026975961528779,-7.683767883771379,0.7859351256168321
2022-10-25,OS,0.6152908112206522,4.177771057327776,-6.89532470720728,0.8179792220944199
2022-10-26,OS,0.6140636537105117,2.711357863758418,-5.737409554115415,0.8283436458345609
2022-10-27,OS,0.6159209035726941,4.340470648194942,-6.74539409909765,0.802904159183292
2022-10-28,OS,0.6153193411261706,6.239677664916008,-8.167372274414385,0.7689634116051837
2022-10-29,OS,0.6154642136112649,5.01159155724383,-7.209111191024075,0.7458442463730102
2022-10-30,OS,0.6159399902624783,4.499326265301664,-6.876305781642298,0.7394232818210169
2022-10-31,OS,NA,NA,NA,0.7398896311527838
2022-11-01,OS,0.6159553778931108,4.946902083747971,-6.956981768505002,0.7370794931508685
2022-11-02,OS,0.6169240804298406,4.73530621923865,-7.504052421860706,0.7356228551468489
2022-11-03,OS,0.615236541794869,4.638239341757862,-6.345543811492928,0.7364268170948662
2022-11-04,OS,0.6156429226257181,3.9621905833113296,-6.317706364666151,0.736524189832057
2022-11-05,OS,NA,NA,NA,0.7370660242414253
2022-11-06,OS,NA,NA,NA,0.7396726885310745
2022-11-07,OS,NA,NA,NA,0.7390720990406512
2022-11-08,OS,NA,NA,NA,0.735024725262704
2022-11-09,OS,NA,NA,NA,0.7268959393972781
2022-11-10,OS,NA,NA,NA,0.7579321833493752
2022-11-11,OS,NA,NA,NA,0.8118712624780677
2022-11-12,OS,NA,NA,NA,0.7871478858722716
2022-11-13,OS,NA,NA,NA,0.7528965848333818
2022-11-14,OS,NA,NA,NA,0.740598620060708
2022-11-15,OS,NA,NA,NA,0.7380055124450473
2022-11-16,OS,NA,NA,NA,0.7384020148450028
2022-11-17,OS,NA,NA,NA,0.7393497833517678
2022-11-18,OS,NA,NA,NA,0.7399297905789736
2022-11-19,OS,NA,NA,NA,0.738105120522347
2022-11-20,OS,NA,NA,NA,0.7360739892876108
2022-11-21,OS,NA,NA,NA,0.7347519096490955
2022-11-22,OS,NA,NA,NA,0.7355271241605676
2022-11-23,OS,NA,NA,NA,0.7367146945626949
2022-11-24,OS,NA,NA,NA,0.740696464720226
2022-11-25,OS,NA,NA,NA,0.7473295836412952
2022-11-26,OS,NA,NA,NA,0.7540938379660129
2022-11-27,OS,NA,NA,NA,0.7573637812008305
2022-11-28,OS,NA,NA,NA,0.7477945698766368
2022-11-29,OS,NA,NA,NA,0.7414087599914814
2022-11-30,OS,NA,NA,NA,0.7403114854491979
2022-12-01,OS,NA,NA,NA,0.7381872203001156
2022-12-02,OS,NA,NA,NA,0.7380704257457484
2022-12-03,OS,NA,NA,NA,0.7396526129779569
2022-12-04,OS,NA,NA,NA,0.7420612806430265
2022-12-05,OS,NA,NA,NA,0.7415790284304502
2022-12-06,OS,NA,NA,NA,0.7405396153106499
2022-12-07,OS,NA,NA,NA,0.7413052155791787
2022-12-08,OS,NA,NA,NA,0.7419642914121392
2022-12-09,OS,NA,NA,NA,0.742006269618956
2022-12-10,OS,NA,NA,NA,0.7415253618842712
2022-12-11,OS,NA,NA,NA,0.7418309042600838
2022-12-12,OS,NA,NA,NA,0.7404675528365865
2022-12-13,OS,NA,NA,NA,0.7378085266249733
2022-12-14,OS,NA,NA,NA,0.751080397872593
2022-12-15,OS,NA,NA,NA,0.7788194053738736
2022-12-16,OS,NA,NA,NA,0.7605349153505077
2022-12-17,OS,NA,NA,NA,0.7403814461570903
2022-12-18,OS,NA,NA,NA,0.7411906064111271
2022-12-19,OS,NA,NA,NA,0.740999035274975
2022-12-20,OS,NA,NA,NA,0.737680032497421
2022-12-21,OS,NA,NA,NA,0.73847780133895
2022-12-22,OS,NA,NA,NA,0.7488439694646738
2022-12-23,OS,NA,NA,NA,0.754182887766933
2022-12-24,OS,NA,NA,NA,0.7479230765813865
2022-12-25,OS,NA,NA,NA,0.7463489850090019
2022-12-26,OS,NA,NA,NA,0.7455560075355009
2022-12-27,OS,NA,NA,NA,0.7450979502610819
2022-12-28,OS,NA,NA,NA,0.7439614678016002
2022-12-29,OS,NA,NA,NA,0.7422474157469257
2022-12-30,OS,NA,NA,NA,0.7429883658569516
2022-12-31,OS,NA,NA,NA,0.7442591118193651
2023-01-01,OS,NA,NA,NA,0.7419734399184611
2023-01-02,OS,NA,NA,NA,0.7410345183606772
2023-01-03,OS,NA,NA,NA,0.7431160806319941
2023-01-04,OS,NA,NA,NA,0.7431359586470906
2023-01-05,OS,NA,NA,NA,0.7412674951835212
2023-01-06,OS,NA,NA,NA,0.742097073201789
2023-01-07,OS,NA,NA,NA,0.7429046703934834
2023-01-08,OS,NA,NA,NA,0.7405216191242251
2023-01-09,OS,NA,NA,NA,0.7392735117429995
2023-01-10,OS,NA,NA,NA,0.7411447500906893
2023-01-11,OS,NA,NA,NA,0.7227402119928957
2023-01-12,OS,NA,NA,NA,0.6907819689686403
2023-01-13,OS,NA,NA,NA,0.7240565924865161
2023-01-14,OS,NA,NA,NA,0.830420908795569
2023-01-15,OS,NA,NA,NA,0.8584744977061972
2023-01-16,OS,NA,NA,NA,0.7864467187528293
2023-01-17,OS,NA,NA,NA,0.723380098804363
2023-01-18,OS,NA,NA,NA,0.694675902485834
2023-01-19,OS,NA,NA,NA,0.6772973158530915
2023-01-20,OS,NA,NA,NA,0.6818005717317277
2023-01-21,OS,NA,NA,NA,0.6950152310596458
2023-01-22,OS,NA,NA,NA,0.6782848305269689
2023-01-23,OS,NA,NA,NA,0.7021836288477249
2023-01-24,OS,NA,NA,NA,0.7441194701228605
2023-01-25,OS,NA,NA,NA,0.7410605872213492
2023-01-26,OS,NA,NA,NA,0.739191701646447
2023-01-27,OS,NA,NA,NA,0.7424560793244902
2023-01-28,OS,NA,NA,NA,0.7412804719140086
2023-01-29,OS,NA,NA,NA,0.7417372853657601
2023-01-30,OS,NA,NA,NA,0.7479199522537503
2023-01-31,OS,NA,NA,NA,0.7597500801072435
2023-02-01,OS,NA,NA,NA,0.784637266009127
2023-02-02,OS,NA,NA,NA,0.8316434946830673
2023-02-03,OS,0.6137004111045983,2.5949006047950074,-7.172959595257466,0.8478545940800755
2023-02-04,OS,NA,NA,NA,0.813854519182499
2023-02-05,OS,NA,NA,NA,0.8365003944730157
2023-02-06,OS,NA,NA,NA,0.900535174818875
2023-02-07,OS,NA,NA,NA,0.9345227885662668
2023-02-08,OS,NA,NA,NA,0.952999251897007
2023-02-09,OS,NA,NA,NA,0.9743276916514442
2023-02-10,OS,NA,NA,NA,0.9966256078547647
2023-02-11,OS,0.6144613174659695,1.3443357502537454,-4.0728530513945,1.0417955723431862
2023-02-12,OS,0.6157805736539155,2.593779671758169,-5.98755046640556,1.08337994570347
2023-02-13,OS,0.6133086616361005,1.5581460701209084,-3.2390102026079,1.047175083091124
2023-02-14,OS,0.614820100427748,2.0320766352409025,-5.455379934259528,1.0552857994506466
2023-02-15,OS,0.6165338118773793,1.0139874600319976,-0.23065557194219471,1.143711761179462
2023-02-16,OS,0.6133497930462828,5.659106179013012,-8.14309055137883,1.2433373144402644
2023-02-17,OS,0.6150211716828693,1.765889060763026,-4.5826173333984785,1.3373243034905455
2023-02-18,OS,NA,NA,NA,1.3985727735399613
2023-02-19,OS,NA,NA,NA,1.452839364969646
2023-02-20,OS,NA,NA,NA,1.530479976876431
2023-02-21,OS,NA,NA,NA,1.5989733267190993
2023-02-22,OS,0.6126626719092992,0.41459931109457776,-9.798233752404965,1.6423516485924328
2023-02-23,OS,0.6128183924570413,2.4850677726824406,-12.089449068954169,1.6684373570671238
2023-02-24,OS,0.6126039487591894,2.04654772910533,-13.06772448565112,1.6755673572784056
2023-02-25,OS,0.6127774312073135,1.8531730485680291,-11.599229052260808,1.666589414362162
2023-02-26,OS,0.6132655232796141,1.6238108778590363,-10.899319285286362,1.6493752826372445
2023-02-27,OS,0.6138369757279758,1.5111851553012663,-10.539245162846148,1.6322056753522685
2023-02-28,OS,0.6137677826083744,1.524346636846263,-10.689266331321392,1.6139243136917794
2023-03-01,OS,0.6142490600930068,1.6335398678038648,-10.57642312598229,1.580276722364451
2023-03-02,OS,0.6150518656337207,1.497999455171647,-10.107525903797976,1.5387087442972687
2023-03-03,OS,0.6130620445228878,1.5920622300957945,-10.089703851011963,1.5162850924269917
2023-03-04,OS,0.6151040956434801,1.5147266339584318,-10.077525529558011,1.500285665682772
2023-03-05,OS,0.6143379205972035,1.6302026814716797,-9.670361918385044,1.4505467642890577
2023-03-06,OS,0.6156064518736113,1.359841125384161,-9.235341814055236,1.387341612849289
2023-03-07,OS,0.6141659820493233,1.0358314049485071,-12.004636102597791,1.3399257656053511
2023-03-08,OS,NA,NA,NA,1.289334096384079
2023-03-09,OS,NA,NA,NA,1.245044216331785
2023-03-10,OS,NA,NA,NA,1.236211442362932
2023-03-11,OS,NA,NA,NA,1.2247189081011034
2023-03-12,OS,NA,NA,NA,1.2173805295818496
2023-03-13,OS,NA,NA,NA,1.2280886840781788
2023-03-14,OS,NA,NA,NA,1.1711256577568516
2023-03-15,OS,NA,NA,NA,1.1018857751963629
2023-03-16,OS,NA,NA,NA,1.106044678993111
2023-03-17,OS,NA,NA,NA,1.1729301820048204
2023-03-18,OS,NA,NA,NA,1.215913650629433
2023-03-19,OS,NA,NA,NA,1.1546599571561083
2023-03-20,OS,NA,NA,NA,1.0897974571282245
2023-03-21,OS,NA,NA,NA,1.09054128979379
2023-03-22,OS,NA,NA,NA,1.1294885490829945
2023-03-23,OS,NA,NA,NA,1.197799288969602
2023-03-24,OS,NA,NA,NA,1.2322806349429847
2023-03-25,OS,0.6149228580302827,2.8019763746196658,-5.293137329850799,1.2227889442862114
2023-03-26,OS,0.6148921801587411,4.901389479159806,-7.985719766678019,1.2230768558279668
2023-03-27,OS,0.6137240800189673,6.379127951666356,-8.28202603536967,1.2412980809218717
2023-03-28,OS,0.6131529652721288,5.367253733355825,-10.246483788089376,1.2629827983634243
2023-03-29,OS,NA,NA,NA,1.160069359312804
2023-03-30,OS,NA,NA,NA,1.0163660572808193
2023-03-31,OS,0.6152812630168057,4.628836985037943,-7.764534543801272,1.0165904208305658
2023-04-01,OS,0.6151090526935281,3.385700154159861,-6.0367542049779725,1.0630704539677236
2023-04-02,OS,0.61690241068765606,3.554418033642069,-5.796688319050761,1.0778708709022375
2023-04-03,OS,0.6157508243314754,2.6823293651200357,-6.125646233574691,1.0714186003935522
2023-04-04,OS,0.61500008799956285,3.006181121246685,-6.394087103880456,1.0675878743325335
2023-04-05,OS,0.6161341819383541,2.730100293350521,-5.340535392402507,1.0560406996914358
2023-04-06,OS,0.6159269413829807,3.599862922697505,-6.850378245035186,1.042674573062902
2023-04-07,OS,0.61525628042509,3.706050248288668,-6.992764989726384,1.0313621817566345
2023-04-08,OS,0.6143422558184901,3.5626408454378726,-8.173367633864784,1.019887409699455
2023-04-09,OS,0.614453310415602,5.31456763568778,-7.71373064484854,0.9712375136553772
2023-04-10,OS,0.6138145571678659,6.310385646452014,-8.919730756091143,0.9034417799192017
2023-04-11,OS,0.6142420699025308,7.142535071599816,-8.4761497526153,0.8847879797889359
2023-04-12,OS,0.6143563231313975,6.355990356094266,-8.025596780326467,0.9091557847063146
2023-04-13,OS,0.613720369105794,4.664481933727301,-8.079384160996293,0.9556030302950118
2023-04-14,OS,0.6143828750606842,2.2982925935559506,-4.609003966664487,0.9642438069981699
2023-04-15,OS,0.6141883082039312,3.4625698613145395,-5.2094949288187875,0.9459654460911748
2023-04-16,OS,0.6135462172629405,2.912319891728234,-5.944825272451213,0.935812253277021
2023-04-17,OS,NA,NA,NA,0.8849840664018344
2023-04-18,OS,NA,NA,NA,0.8272238911878742
2023-04-19,OS,0.614146316807577,5.780213433576844,-9.659086672880196,0.8349584035062936
2023-04-20,OS,0.6136069334909918,4.259423876361939,-5.476462213176446,0.8494724054654748
2023-04-21,OS,0.6149220952263749,6.378468722005699,-7.442392861623999,0.8540490961505633
2023-04-22,OS,0.6158264038967276,5.833033006104115,-7.026568408550293,0.8532205827259461
2023-04-23,OS,NA,NA,NA,0.8067776342138041
2023-04-24,OS,NA,NA,NA,0.7610031479543644
2023-04-25,OS,NA,NA,NA,0.7553079934693513
2023-04-26,OS,NA,NA,NA,0.7484071349178681
2023-04-27,OS,NA,NA,NA,0.748864469709558
2023-04-28,OS,NA,NA,NA,0.750019232435075
2023-04-29,OS,NA,NA,NA,0.7883451281581754
2023-04-30,OS,0.61492107967061,3.589263436912627,-8.408600033377262,0.8484861760268622
2023-05-01,OS,NA,NA,NA,0.7924330864531393
2023-05-02,OS,NA,NA,NA,0.7384413665494091
2023-05-03,OS,NA,NA,NA,0.7328380105536941
2023-05-04,OS,NA,NA,NA,0.733498216358338
2023-05-05,OS,NA,NA,NA,0.7335837662611406
2023-05-06,OS,NA,NA,NA,0.7334323024926169
2023-05-07,OS,NA,NA,NA,0.7361133835949699
2023-05-08,OS,NA,NA,NA,0.7437460540114806
2023-05-09,OS,NA,NA,NA,0.7428800513338548
2023-05-10,OS,NA,NA,NA,0.7341901814871771
2023-05-11,OS,NA,NA,NA,0.7295638505497396
2023-05-12,OS,NA,NA,NA,0.7288609654393716
2023-05-13,OS,NA,NA,NA,0.7304903608267935
2023-05-14,OS,NA,NA,NA,0.7309767368525103
2023-05-15,OS,NA,NA,NA,0.7299903737476259
2023-05-16,OS,NA,NA,NA,0.7298566786966688
2023-05-17,OS,NA,NA,NA,0.7307649607909121
2023-05-18,OS,NA,NA,NA,0.7304066581308021
2023-05-19,OS,NA,NA,NA,0.7278446491558896
2023-05-20,OS,NA,NA,NA,0.7265498903097561
2023-05-21,OS,NA,NA,NA,0.7281495323406192
2023-05-22,OS,NA,NA,NA,0.7283234425989683
2023-05-23,OS,NA,NA,NA,0.7272703955348153
2023-05-24,OS,NA,NA,NA,0.72581118185744
2023-05-25,OS,NA,NA,NA,0.7261708891906715
2023-05-26,OS,0.6149784328489153,3.4585166770484133,-5.077278298540021,0.726345209811862
2023-05-27,OS,NA,NA,NA,0.7266986425262082
2023-05-28,OS,NA,NA,NA,0.7293257618850353
2023-05-29,OS,NA,NA,NA,0.7312725418905109
2023-05-30,OS,NA,NA,NA,0.7305162603413953
2023-05-31,OS,NA,NA,NA,0.7275341210097311
2023-06-01,OS,NA,NA,NA,0.7253564205495121
2023-06-02,OS,NA,NA,NA,0.7251522598148838
2023-06-03,OS,NA,NA,NA,0.7277643912400233
2023-06-04,OS,NA,NA,NA,0.7275109510042165
2023-06-05,OS,NA,NA,NA,0.7262197456642066
2023-06-06,OS,NA,NA,NA,0.732600353912391
2023-06-07,OS,NA,NA,NA,0.739611126516318
2023-06-08,OS,NA,NA,NA,0.7395819629303033
2023-06-09,OS,NA,NA,NA,0.7329863669165204
2023-06-10,OS,NA,NA,NA,0.7285396000157928
2023-06-11,OS,NA,NA,NA,0.7290638044165584
2023-06-12,OS,NA,NA,NA,0.7308772655912721
2023-06-13,OS,NA,NA,NA,0.7308102787287656
2023-06-14,OS,NA,NA,NA,0.7311886000336272
2023-06-15,OS,NA,NA,NA,0.7405745752336793
2023-06-16,OS,NA,NA,NA,0.7455067780686899
2023-06-17,OS,NA,NA,NA,0.740641289504517
2023-06-18,OS,NA,NA,NA,0.7418528905522841
2023-06-19,OS,NA,NA,NA,0.793167299117393
2023-06-20,OS,NA,NA,NA,0.9214191598234162
2023-06-21,OS,NA,NA,NA,1.0014589419686448
2023-06-22,OS,NA,NA,NA,1.0427022710387295
2023-06-23,OS,NA,NA,NA,1.084655477321556
2023-06-24,OS,NA,NA,NA,1.094358096826147
2023-06-25,OS,NA,NA,NA,1.118329423330718
2023-06-26,OS,NA,NA,NA,1.1902816501170568
2023-06-27,OS,0.6151619868496544,2.4707232537236243,-6.906779485053188,1.279549595371924
2023-06-28,OS,0.6159842745529023,1.8380225490577748,-7.06112020773656,1.3537915883414378
2023-06-29,OS,0.6135100511717559,1.6272555252223897,-7.459179234648204,1.4045739229241305
2023-06-30,OS,0.6142310338466348,1.9246682583414116,-8.30487395114016,1.4358918816654318
2023-07-01,OS,0.6148719587631841,2.043713144702647,-8.330988714829981,1.4570077820377318
2023-07-02,OS,0.6149991587040562,2.1649494207042985,-9.266843849473984,1.4688651184847137
2023-07-03,OS,0.6154829021464727,1.742966270919757,-9.58993419544196,1.472732734650966
2023-07-04,OS,0.6147599399268068,1.721432448924215,-9.032427525516487,1.467766330009595
2023-07-05,OS,0.6147278616255657,1.9195802932740584,-9.46582014223668,1.448120457215216
2023-07-06,OS,0.6148849343615342,2.473753812319926,-8.254767396890415,1.4201710889196433
2023-07-07,OS,0.614688111488488,2.64902022246852,-8.841025411087381,1.3892852452793891
2023-07-08,OS,0.6154505237222548,2.1295356000051617,-7.0345682215977865,1.3547633723092656
2023-07-09,OS,0.6153587739271253,1.9085251614511032,-6.230435091597773,1.3143420526286975
2023-07-10,OS,0.615985892923489,0.8560803004457151,-7.07690856285507,1.277253490714134
2023-07-11,OS,0.61446972365662,2.36010363596881,-6.277269320164642,1.2357785397793504
2023-07-12,OS,0.6143995825829469,1.6939610692920053,-5.724658456337296,1.1721870378678658
2023-07-13,OS,0.6144782444925486,1.4308042387907192,-6.97604363082337,1.1160788079156196
2023-07-14,OS,0.6143876607525256,1.518020278874186,-8.096660230248334,1.0925086572283802
2023-07-15,OS,0.6162931656147028,1.888079884409168,-5.087271522836671,1.0854153749716147
2023-07-16,OS,0.6147691211372309,1.6470541752991708,-10.227381450198028,1.0757644081715656
2023-07-17,OS,0.6152487468598798,1.5824277684452863,-5.894076241551774,1.0584981504083464
2023-07-18,OS,0.6155778189338634,1.3091741663535903,-5.127515253089795,1.0379859892398706
2023-07-19,OS,0.6156476340457346,1.7481664268235877,-5.175354329137093,1.0190261638820786
2023-07-20,OS,0.615357342934961,2.6379696648588187,-6.332973218250947,0.9945785123786492
2023-07-21,OS,0.6157200480963049,5.231027083619182,-10.646334104264811,0.9693724364391805
2023-07-22,OS,0.6157989056442086,2.1674714698453084,-8.648809584017865,0.9557316086294932
2023-07-23,OS,0.614156805209334,1.7678550837746565,-7.644669515996631,0.9532275098687256
2023-07-24,OS,NA,NA,NA,0.93235699813992845
2023-07-25,OS,0.6149355903587918,7.027579101814415,-9.88835288271288,0.8990668079001012
2023-07-26,OS,0.6156955120045328,7.42627132672681,-10.389113273438872,0.8768726093965502
2023-07-27,OS,0.6141847118273168,5.764547726253707,-8.346734429149093,0.8770510517658334
2023-07-28,OS,0.614300772935058,5.429569066628725,-8.46363186669122,0.8907407492252893
2023-07-29,OS,0.6148928097733996,6.310890777004096,-9.074877711413034,0.9033628808935334
2023-07-30,OS,0.6160530219249961,1.2052244684248508,-7.260635662315301,0.9070183892292162
2023-07-31,OS,NA,NA,NA,0.9140616578336622
2023-08-01,OS,NA,NA,NA,0.9296079532553273
2023-08-02,OS,NA,NA,NA,0.935164676984213
2023-08-03,OS,NA,NA,NA,0.9451800777307422
2023-08-04,OS,NA,NA,NA,0.9728799602401025
2023-08-05,OS,0.6145664510155955,3.3612344647354995,-7.151764127976523,1.0066023458447793
2023-08-06,OS,0.6149027030767527,3.66316880570239,-6.123595199987186,1.0243704704891416
2023-08-07,OS,0.6142519894563557,2.83383659362918,-6.768250870965861,1.033607832206733
2023-08-08,OS,0.6151923580217488,2.0314168122442235,-6.169102085438247,1.045201592937565
2023-08-09,OS,0.6156934476062732,2.1079303581376787,-6.304017439204446,1.0521728853305694
2023-08-10,OS,0.6147229029424025,1.6841855375282029,-6.1182173312925165,1.056868039060805
2023-08-11,OS,0.6139565178966847,1.4068633326816788,-5.886013460226641,1.052071979146891
2023-08-12,OS,0.615033760378686,1.735786479166021,-6.04891383107397,1.026416810384108
2023-08-13,OS,0.6159652125627391,2.141324906833062,-6.215510674055935,0.9986839616110808
2023-08-14,OS,0.6139853464310645,4.485253288028821,-8.413759167960505,0.9881640438773514
2023-08-15,OS,0.6154712267936951,2.466633056814296,-5.737453892940998,0.9825227570978756
2023-08-16,OS,0.6152486744709402,5.63687389361988,-8.455014792374852,0.9798068638300628
2023-08-17,OS,0.6144382406206491,4.229878682385677,-8.415228988902205,0.9808176889514151
2023-08-18,OS,0.6144310205367466,5.636767718881932,-8.366634786341203,0.9718670532253116
2023-08-19,OS,0.6149226354786953,6.2972502394691094,-9.813898781672838,0.9549756071298942
2023-08-20,OS,0.6147428073314962,7.043869135989918,-10.487179289142484,0.9441460141755859
2023-08-21,OS,0.6136262167034132,8.795347883583068,-10.9634426935765,0.9361441649535233
2023-08-22,OS,0.6143301579525792,7.194121350151597,-10.360232350786315,0.9217714512693427
2023-08-23,OS,0.6150818869602884,8.095394256951128,-10.71406507839452,0.9000735569873934
2023-08-24,OS,0.6136552396145263,6.892519064327779,-9.628723383544086,0.8769532390040138
2023-08-25,OS,0.6145925594188059,6.797847131968955,-9.614144744139534,0.8623535516669029
2023-08-26,OS,0.613810644361056,6.068511781415082,-8.807162596251553,0.8570279976601447
2023-08-27,OS,0.6152656027592375,4.487464992519091,-7.523725068736549,0.8631595824073051
2023-08-28,OS,NA,NA,NA,0.8816659702550634
2023-08-29,OS,0.6146434160824144,1.9342402426208365,-8.60107824223559,0.8922600875895352
2023-08-30,OS,NA,NA,NA,0.7457347173760291
2023-08-31,OS,0.6157992801886032,1.965159519398187,-6.43588397143694,0.685072065920365
2023-09-01,OS,0.6138706827572993,3.3643306141811604,-8.839462987710425,0.8652623767882717
2023-09-02,OS,0.6147063983179464,4.827483788186803,-9.907863838897324,0.9363317331623202
2023-09-03,OS,0.6143808309515197,1.7145364553122169,-7.582120834349373,0.9716531795057162
2023-09-04,OS,0.6136489237769661,1.7882202175152562,-8.446461780808674,1.0529708319137538
2023-09-05,OS,0.6155257666940058,1.797090765583517,-8.32776409834709,1.1302784337542287
2023-09-06,OS,0.6141831380878928,1.6635070385928348,-8.567528495703344,1.1817212664611474
2023-09-07,OS,0.6140548438779567,1.8213467282926088,-8.929552177093134,1.2083440221514659
2023-09-08,OS,0.6153666692811025,1.6582420430632565,-8.884489338621513,1.224071529692722
2023-09-09,OS,0.6149357611998086,1.6696071639142525,-8.831733084225123,1.2339011760831669
2023-09-10,OS,0.6140146315247759,1.7907607882181795,-9.075993941264686,1.236546073186126
2023-09-11,OS,0.6138098585906786,1.6433162708737297,-8.875079287101837,1.2319397075594953
2023-09-12,OS,0.6140888654507582,1.6037818987340264,-8.679659600119152,1.226968573949103
2023-09-13,OS,0.615531423429921,1.7675695771701925,-8.815458329600778,1.2169572859713824
2023-09-14,OS,0.614604100224913,1.6610247015513129,-8.526959605599437,1.2071315755237875
2023-09-15,OS,NA,NA,NA,1.2331077358998495
2023-09-16,OS,NA,NA,NA,1.2487873042672717
2023-09-17,OS,NA,NA,NA,1.2243023195065794
2023-09-18,OS,NA,NA,NA,1.2098971819660356
2023-09-19,OS,NA,NA,NA,1.203989252047881
2023-09-20,OS,NA,NA,NA,1.1841820376069498
2023-09-21,OS,NA,NA,NA,1.1662052200153106
2023-09-22,OS,NA,NA,NA,1.170378100491774
2023-09-23,OS,NA,NA,NA,1.1608555899630235
2023-09-24,OS,NA,NA,NA,1.1193571160376337
2023-09-25,OS,NA,NA,NA,1.0644412247972694
2023-09-26,OS,NA,NA,NA,1.0131928665880077
2023-09-27,OS,NA,NA,NA,0.9646078392790972
2023-09-28,OS,0.6151859885656681,4.989703589131051,-7.9395111097374285,0.9177187225076016
2023-09-29,OS,0.6152360820571078,5.516687087915177,-8.023853149787548,0.9046730208088286
2023-09-30,OS,0.6168619422658873,4.109005632713613,-6.524835683516879,0.9106145925680366
2023-10-01,OS,0.6150753883056801,3.5490231632364293,-5.53400468035137,0.8952993323323254
2023-10-02,OS,0.6157005060141664,4.2343863949250595,-6.6226486419366974,0.8674045651382843
2023-10-03,OS,0.6147557004903121,6.168950315294501,-9.419359401620367,0.8516314722991876
2023-10-04,OS,0.6142797753189815,5.921804879772007,-9.95230437121749,0.8529762386577096
2023-10-05,OS,0.6143300190155527,6.530931862849536,-9.588227002448178,0.8627183284158694
2023-10-06,OS,0.6150593393036369,1.8475949777928171,-8.514583341349582,0.8707247894404126
2023-10-07,OS,0.6146885136035614,1.758984199906276,-6.940257575821426,0.8522878422679597
2023-10-08,OS,0.6151707163928046,1.6087772322847511,-6.3386181232642365,0.8032844637787502
2023-10-09,OS,0.6149808442323659,1.6167932613545024,-6.65131517164072,0.7837502285029918
2023-10-10,OS,NA,NA,NA,0.8044897410317723
2023-10-11,OS,NA,NA,NA,0.91068276262327
2023-10-12,OS,0.6154099116832464,1.8964451948259944,-8.563652321773173,0.9582493048137889
2023-10-13,OS,0.6155085948580912,2.6469428165453004,-7.899107608038685,0.9679394067160527
2023-10-14,OS,0.6155435161004207,5.5274425024240506,-9.876882910796237,0.9106394764196302
2023-10-15,OS,0.6159838604757705,1.081888022287571,-3.796693713178348,0.8882220545120934
2023-10-16,OS,0.6165718322426291,4.846706484451298,-7.382580698751166,0.8563218390588803
2023-10-17,OS,0.6156515290509099,5.460433156463747,-8.569728350216582,0.8376238603914025
2023-10-18,OS,0.61584802018906,1.7346824542690715,-4.678715539386133,0.8656448223614716
2023-10-19,OS,0.6144418080821306,2.1117260327949996,-9.15979490289029,0.8952865792450577
2023-10-20,OS,0.615410043856445,1.6900961919787516,-7.239866108901237,0.9321262010131869
2023-10-21,OS,0.6138178447655332,1.6394904025797383,-7.363633801994887,0.9482297248389684
2023-10-22,OS,0.6147399585878647,1.646115096392179,-7.035408672103323,0.9297017065814419
2023-10-23,OS,0.615834334993959,1.618063109206315,-6.8818004399385595,0.8989185416378692
2023-10-24,OS,0.6150358175153898,1.711837326666459,-7.0459050636552405,0.8730357403823233
2023-10-25,OS,0.6157260068590437,6.882598757510815,-7.791938752903587,0.8687834091078576
2023-10-26,OS,0.615985440863781,3.721882510435061,-5.96463911004759,0.8837919635016195
2023-10-27,OS,0.6147750256658324,4.958124991929078,-9.363163670969636,0.8994730672414103
2023-10-28,OS,0.6149640656743608,5.187072697951625,-11.300414343979169,0.8975913973096834
2023-10-29,OS,0.616004196390841,6.6286158887263245,-12.566485482655242,0.8920103045937476
2023-10-30,OS,0.617024656579159,3.0701600567672824,-5.348373331226618,0.8974957680618919
2023-10-31,OS,0.61532494778804,3.2656468927698388,-6.154955824478516,0.8814621845443351
2023-11-01,OS,0.6157667028917787,3.4851483644026486,-5.833848145547199,0.7952149713883429
2023-11-02,OS,0.6166499521956076,4.239925244628004,-10.103575153857504,0.7248369649764637
2023-11-03,OS,0.6154825932584471,1.6114885123588147,-6.126239732698048,0.7212580209001239
2023-11-04,OS,0.614773709158043,1.5487807961045237,-6.083947762366623,0.7267056371427943
2023-11-05,OS,0.6149016488634883,3.3217779932567204,-5.893102626974915,0.7309980520711988
2023-11-06,OS,0.6146832689697819,3.410179356792615,-8.565041890063204,0.7368671920941261
2023-11-07,OS,0.6147220799174868,6.202371567037808,-9.642674241076756,0.7413536044046127
2023-11-08,OS,0.6160189985368345,1.552963221319134,-6.1181786762118255,0.7515005423286992
2023-11-09,OS,0.6155030966290248,5.393816320857422,-6.34887369364103,0.7711725106508555
2023-11-10,OS,0.6150607804415973,3.794098098833427,-9.823200816287654,0.7821864133144998
2023-11-11,OS,0.6148192455004456,3.1904849015631336,-5.504691670213777,0.7610875513484303
2023-11-12,OS,0.6160383643395477,3.997247993646856,-5.781988695941931,0.7304936468248828
2023-11-13,OS,0.6167142293693235,2.2532532470356053,-3.623605131512464,0.7210580281341304
2023-11-14,OS,0.6144829980980967,2.3610045216302584,-5.630319244630156,0.7203098389679751
2023-11-15,OS,0.616415930042228,1.456501058803693,-4.708473238599681,0.7232742848745576
2023-11-16,OS,0.6158809952912301,3.049818133658063,-5.821763494825001,0.7262948171904489
2023-11-17,OS,0.6153915636816903,1.3458420523036734,-4.594333587396683,0.7246277640376056
2023-11-18,OS,0.6166558668675588,4.506508423009863,-6.9786126770721495,0.7268493595128597
2023-11-19,OS,0.6132883995545455,3.3699783378862245,-7.551206412819565,0.7263853132286545
2023-11-20,OS,0.6162624235019071,3.066951051599359,-9.23034324002094,0.725719972493443
2023-11-21,OS,0.6155660727429131,1.19826511473404,-5.242964336849816,0.7328790034830612
2023-11-22,OS,0.6157814627075556,1.6963387709047708,-5.043722736570732,0.7346015108982878
2023-11-23,OS,0.6147671481873117,1.074334645180708,-6.975060323722424,0.7278353852444277
2023-11-24,OS,0.6171132285290416,2.1387711484771197,-3.697753610257673,0.7272762238227884
2023-11-25,OS,0.6147033757061543,1.8018125568554797,-6.7460949994134545,0.726613858858903
2023-11-26,OS,0.6151077421298438,1.51737239112031,-5.935248401959302,0.7278421779836882
2023-11-27,OS,0.6144968524062864,5.0605897547382,-8.672541965114403,0.7295760788956346
2023-11-28,OS,0.6169487326997853,3.338895486970409,-4.479553741559265,0.7279866641393339
2023-11-29,OS,0.6158764723273227,2.0660534350554,-8.374157356413804,0.7287717098806432
2023-11-30,OS,0.6160478737562627,1.402343775982509,-5.414897269684939,0.7313913387789398
2023-12-01,OS,0.6165190405105605,3.907703985641882,-7.180717209926188,0.7363386188486517
2023-12-02,OS,0.6148482950559467,1.5245524115501885,-6.163056985281582,0.7402314798884405
2023-12-03,OS,0.6174462676868272,1.545780902049603,-6.339313520092147,0.744907812452665
2023-12-04,OS,0.6168811788926626,1.541305641815645,-6.004864876338084,0.7358254520265465
2023-12-05,OS,0.6146215139202841,1.49188141142862,-6.180606224664642,0.7296808756669062
2023-12-06,OS,0.6156430581636677,1.6022888843407277,-6.1023112889729845,0.7451010347821613
2023-12-07,OS,0.6167340644143228,8.017904100482793,-4.088359942139132,0.9680135569122753
2023-12-08,OS,0.6147758611146675,4.043810054420796,-6.315079979765676,1.154651614690824
2023-12-09,OS,0.616560691670102,0.47877776921888904,-12.502959484201511,1.1017900071772575
2023-12-10,OS,0.6162784183949264,1.4350703695077245,-7.374278124961222,1.0605378091456252
2023-12-11,OS,0.6143697129532765,1.565040573508917,-7.806635821679037,1.0985227788055794
2023-12-12,OS,0.6159234215201131,1.5564111623242294,-8.427861367122478,1.19113844260091
2023-12-13,OS,0.6153982474266799,1.627933738238316,-8.828932290749673,1.2731326821032702
2023-12-14,OS,0.6135679638302111,1.6421938177816964,-9.461256473706715,1.321495883672075
2023-12-15,OS,0.613311812457379,1.4943574821232966,-8.709384392392657,1.3124506258611965
2023-12-16,OS,0.6162331925930712,1.5325867455946245,-8.328829067564854,1.233826275791566
2023-12-17,OS,0.6141463235099835,1.5376657480444291,-7.791625834252504,1.156634608534795
2023-12-18,OS,0.6139514458148334,8.842770805665962,-6.035432392484263,1.1505973870234414
2023-12-19,OS,0.614827590993405,2.2679262180821467,-6.8856347397406354,1.1818538364046909
2023-12-20,OS,0.6143391079962364,1.2200575427672986,-0.93657974396694,1.2769741742422795
2023-12-21,OS,0.6153283977274822,1.393954757317078,-4.490713763950713,1.4262151618911736
2023-12-22,OS,0.6141288715777872,1.6613134352101953,-4.337510277879639,1.5659905763568338
2023-12-23,OS,0.6145019841594894,1.651292470744516,-4.123047158295612,1.6781465337267998
2023-12-24,OS,0.6169184404116783,1.3684469773069554,-4.232375827874894,1.7623839852688188
2023-12-25,OS,0.6151555691375609,1.7801547308894017,-7.9177299531392595,1.8333412652328294
2023-12-26,OS,0.6149358790653546,1.070628098468983,-7.25785472641729,1.8833535436386963
2023-12-27,OS,0.613843065643016,1.253644913058736,-8.27835392998344,1.9049303854093147
2023-12-28,OS,0.6158698712792213,1.2176346891128864,-8.560462363934237,1.9124504115954684
2023-12-29,OS,0.6167855544413186,0.6332775167627869,-4.8039817061640955,1.9148889687950479
2023-12-30,OS,0.6137881444745886,1.1679328871471717,-13.30755949250744,1.9083150000433027
2023-12-31,OS,0.6135736270522374,0.9507977569955256,-9.4003829144724,1.8947265998242324
2024-01-01,OS,0.6117973416085216,5.733509168935339,-13.72153435736874,1.8816226251745793
2024-01-02,OS,0.614673371640224,1.239654400891481,-9.792311260047404,1.8647012329926398
2024-01-03,OS,0.6143842268851079,6.0099484090253945,-12.344996952178048,1.8467563610945066
2024-01-04,OS,0.6145793876631671,1.2241012816140393,-9.426170932678591,1.829899873370854
2024-01-05,OS,0.6145413287098462,5.5877743165692815,-11.01808079270983,1.8150543462580797
2024-01-06,OS,0.6134026140838054,1.4778003415672996,-12.470018777377604,1.8156553280451357
2024-01-07,OS,0.6131162748233141,1.2993485673460217,-11.740268377189734,1.8103321818265918
2024-01-08,OS,0.6149428411478254,4.190164752998409,-5.6530098718293145,1.7888932552883887
2024-01-09,OS,0.6130631528883378,1.5816598675068985,-11.728490032398181,1.8052547377705748
2024-01-10,OS,0.6145018915850977,3.81186508462447,-9.3268711639212,1.8441233100584284
2024-01-11,OS,0.6144058241469572,1.542385330447355,-9.293728517072816,1.8453752854321022
2024-01-12,OS,0.6152401068566551,1.6421194833285249,-8.197288736999306,1.8432153179463788
2024-01-13,OS,0.6133936830848634,1.1741000601957303,-11.252770908025155,1.8600069802840344
2024-01-14,OS,0.6157976506870616,1.366164685097453,-4.501127071952042,1.8742345526222963
2024-01-15,OS,0.6123587700702096,1.1103675234660968,-11.02208922764313,1.8878909322057573
2024-01-16,OS,0.6142863260703584,1.2966011729669435,-9.905150483025846,1.9105074674499243
2024-01-17,OS,0.615340839425602,0.5991778310494894,-6.706656758319199,1.9277949571080422
2024-01-18,OS,0.6121406873809256,1.4521662574682128,-10.39153241747955,1.938491130993071
2024-01-19,OS,0.6143152632691623,1.8433416585132545,-11.715850268092057,1.9519625535472378
2024-01-20,OS,0.6157165809077835,1.7288118898651863,-6.633833641271828,1.9614786293729702
2024-01-21,OS,0.6143971591679797,1.267490645077187,-9.668242942770505,1.9623976568117116
2024-01-22,OS,0.6147428007195613,1.3947670934908605,-9.495644673986602,1.962495554215935
2024-01-23,OS,0.6138560408031347,1.628077346731549,-9.571439745162303,1.96738910175222
2024-01-24,OS,0.6143858561128801,1.5307985241146396,-10.309061019717667,1.9719805857574222
2024-01-25,OS,0.61257654564610875,1.8087641805936896,-11.917332586632028,1.9728117163897265
2024-01-26,OS,0.6137725221323261,1.330342613075712,-10.529252114433367,1.9694426825705982
2024-01-27,OS,0.6128410287503455,1.7414760391679882,-9.733974822166266,1.9539777566753898
2024-01-28,OS,0.614477669292505,0.6285925419450694,-6.05628970460557,1.9321033687671325
2024-01-29,OS,0.6165261915547772,0.7200931276350866,-4.688224182464542,1.9042750413228435
2024-01-30,OS,0.6147534805659818,0.45819528677429,-11.881469499241826,1.8753475800808774
2024-01-31,OS,0.6139738943994417,1.659004909098586,-12.40882683753737,1.8504564237899805
2024-02-01,OS,0.6156466079748878,1.4509297327667343,-7.812517044215459,1.8264262136326421
2024-02-02,OS,0.6128377096286949,4.05193337817555,-10.32199906836927,1.803616480931469
2024-02-03,OS,0.6138647650455262,3.7564516041225295,-9.830048087421329,1.7803174997642115
2024-02-04,OS,0.6130216808378799,1.7136907644056942,-13.1321500867655,1.7653439423014965
2024-02-05,OS,0.6139257092794179,0.9902960377500354,-4.130243048392747,1.7459797110810427
2024-02-06,OS,0.6147289606328629,1.0631096756262333,-7.666149207190247,1.7015943313557556
2024-02-07,OS,0.6146215715396282,1.0787670386939303,-6.488738827947516,1.6537596196513236
2024-02-08,OS,0.6152623735842953,1.3602986300358535,-7.810733805550635,1.6299372817059692
2024-02-09,OS,0.6141762390305532,1.6981934879277245,-7.838886278528336,1.629932710338907
2024-02-10,OS,0.6141841754186863,1.9959251923918364,-7.5771432076308916,1.636781645955884
2024-02-11,OS,0.6155718357110382,2.96785276392929,-6.358848305538822,1.644127974263044
2024-02-12,OS,0.6141425892097532,1.2722667365105802,-8.61384927787092,1.6529125914714877
2024-02-13,OS,0.6162957397621414,2.307875527160294,-2.1918198137408975,1.6447126801341814
2024-02-14,OS,0.616594952603394,1.7233133554027733,-4.624493913721629,1.608478892873504
2024-02-15,OS,0.6146847140476084,1.858165034272823,-6.9414279154170115,1.5758474029389835
2024-02-16,OS,0.616475598440515,1.5468170182524514,-6.263720496982598,1.5630651142597387
2024-02-17,OS,0.618795011753107,1.4461237650011152,-3.3719072339976055,1.5620367776753357
2024-02-18,OS,0.6168901058154342,1.596072443780022,-5.5536711390994,1.558273840515809
2024-02-19,OS,0.6143364506687217,1.7193803009861068,-5.247813855219298,1.54211967794679
2024-02-20,OS,0.6152865786643592,2.2743895485887373,-5.127686074236716,1.5343544948601295
2024-02-21,OS,0.6161560377078751,1.949597434588461,-4.4908939739591895,1.5422563677217447
2024-02-22,OS,0.6147030413131996,1.966896972474991,-4.001014314657874,1.5681225814366473
2024-02-23,OS,0.6149098532274325,4.734826041761144,-7.785150430181756,1.614168509361743
2024-02-24,OS,0.6140727400832924,3.2165050838742775,-9.639921217667702,1.6473179675034784
2024-02-25,OS,0.6154950938739796,1.655564860704987,-1.8722909384338169,1.6519164621210052
2024-02-26,OS,NA,NA,NA,1.6502033110260734
2024-02-27,OS,NA,NA,NA,1.6542867119702955
2024-02-28,OS,0.6155350867516836,3.49683458205744,-6.344673605424231,1.6555033340676022
2024-02-29,OS,NA,NA,NA,1.6379275108132654
2024-03-01,OS,NA,NA,NA,1.6071168594862262
2024-03-02,OS,0.6155761807897435,1.440103728270101,-6.865729652501348,1.5767874343632526
2024-03-03,OS,0.6159241763229262,2.8632023183805893,-6.363149289135411,1.5408337260562646
2024-03-04,OS,0.614688819564405,3.0789499140928216,-8.399435859505862,1.4965085436522243
2024-03-05,OS,0.6164322522352903,1.2840608042939332,-6.593446887164458,1.4642245529577265
2024-03-06,OS,0.6157570212790949,2.4268304019909435,-4.982458223185872,1.4564979593711127
2024-03-07,OS,0.6149866149578268,3.072924685749436,-9.861625096505062,1.446660087591182
2024-03-08,OS,0.6156534358952955,2.812854542129596,-9.442225046984822,1.4428695763987918
2024-03-09,OS,0.6130212055933107,1.3030449116148357,-6.56004407496963,1.4642161532332174
2024-03-10,OS,0.6168152071865494,0.6689081465427414,-4.2612183837128015,1.4755623364844295
2024-03-11,OS,0.6160095522818614,1.4231105328301723,-5.754871632351793,1.4558432743416212
2024-03-12,OS,0.6149272712190952,1.5238462561791624,-7.295215680299328,1.464541236473378
2024-03-13,OS,0.6145534578088837,1.998976405791017,-7.1536669814121625,1.5123034951906476
2024-03-14,OS,0.6162056107118946,2.0665088324462686,-6.722895324432949,1.5590179528719326
2024-03-15,OS,0.615676518385827,1.2436561142838756,-12.012856615556704,1.6001429945501198
2024-03-16,OS,0.613919200122183,1.8641359473532,-11.150780261076315,1.6380577552586928
2024-03-17,OS,0.6137457235439033,1.4837847058450029,-10.556740066980293,1.67047001038165
2024-03-18,OS,0.6138581025210093,1.279696278207371,-9.502174402213022,1.6980735027957499
2024-03-19,OS,0.6152694727474648,0.40946789243942067,-6.737250978460722,1.711528711622034
2024-03-20,OS,0.6142268120112009,1.2042089234719684,-8.439865895174512,1.716671271867196
2024-03-21,OS,0.6134308059444303,2.770485692078016,-9.495084075442094,1.7273649830284392
2024-03-22,OS,0.613246070737002,1.5170102278522086,-13.215615134319368,1.748309342518174
2024-03-23,OS,0.6123742822369924,1.7740054605084736,-11.98575802279598,1.7685128059000836
2024-03-24,OS,0.6130621166218183,1.4839939315274582,-11.04011865005276,1.7603058256225448
2024-03-25,OS,0.6142392601568024,5.4417351208251565,-10.207790974653744,1.7393127018132817
2024-03-26,OS,0.6139140876919846,1.5404733597811957,-12.7955851428771,1.7461600024531387
2024-03-27,OS,0.6142594177815144,2.8059873100124304,-12.024788691902891,1.7771488325541167
2024-03-28,OS,0.613215133380223,1.6156679624336374,-11.810963317576483,1.7979630861296028
2024-03-29,OS,0.6142723647020244,6.6668475671218825,-10.8339263744188,1.7919886261396083
2024-03-30,OS,0.6148392590094741,4.967608615948663,-12.182477986714217,1.789641494969665
2024-03-31,OS,0.6136530013166591,1.419812188650193,-11.12863548605951,1.8099810691348288
2024-04-01,OS,0.6125052762284073,1.6283790483222014,-12.869238963164191,1.8376041845683657
2024-04-02,OS,0.61304812811693,1.870496479086268,-12.438071356547493,1.871783780423336
2024-04-03,OS,0.6137076674087315,1.5130088291650603,-11.350068805377338,1.9328992965763307
2024-04-04,OS,0.6140516087899703,1.0694377442935123,-7.379605626305009,1.985388295090275
2024-04-05,OS,0.6121971452115483,1.84864431829526,-12.816159062491328,2.002059358419614
2024-04-06,OS,0.6138290752656931,1.6199863049356018,-10.933891903802088,2.019124754267373
2024-04-07,OS,0.6147656572262948,1.0252766403626938,-8.888029953887683,2.045381506155967
2024-04-08,OS,0.6137906432362324,2.0029196390963473,-9.65315458553778,2.070863372416358
2024-04-09,OS,0.6106164942039323,3.113702170152806,-15.692501883653286,2.0906188844300377
2024-04-10,OS,0.6121174086208058,1.8661751123087669,-13.204133111576134,2.1080444208339837
2024-04-11,OS,0.6110571442232763,2.0665366992812206,-13.613064958763706,2.132399073861744
2024-04-12,OS,0.6193515003434549,1.2848231053132146,-4.181023057681005,2.142981897109565
2024-04-13,OS,0.6141385644090372,1.3273951461092823,-8.044435176874586,2.135705178539358
2024-04-14,OS,0.6144058188549584,1.6754694038592006,-10.242681037523452,2.1519286137827773
2024-04-15,OS,0.6163123387509618,1.304146662230426,-8.255768803065632,2.203020836036932
2024-04-16,OS,0.6141617240954348,1.1150035243796084,-9.70465878417972,2.274542825561566
2024-04-17,OS,0.6129867041892083,1.277979209544977,-10.155005325451391,2.3536581320151413
2024-04-18,OS,0.6141250261301433,0.7416181648066842,-10.46595375336284,2.4309376799546225
2024-04-19,OS,0.6138220913925035,0.9786466607045028,-10.625280947894105,2.5040492258108453
2024-04-20,OS,0.6138815131714481,0.8836925068366819,-11.30192584426119,2.571898726427922
2024-04-21,OS,0.6117727965348928,1.3263501962761213,-11.78731708295842,2.6371625768368694
2024-04-22,OS,0.6139947557682646,1.2932857064417158,-11.945437511617389,2.6978878357519447
2024-04-23,OS,0.610225950986912,1.3966096969378894,-12.423378585031903,2.7463055793161946
2024-04-24,OS,0.6119412126409414,1.5960636338166128,-13.195165627041254,2.783366645267336
2024-04-25,OS,0.6129808190279582,1.5950641510750396,-13.407131972653954,2.8073109902349467
2024-04-26,OS,0.6123267491265425,1.3013745426369605,-12.641512597999698,2.812555846706596
2024-04-27,OS,0.6121651462352109,1.2411784343758123,-11.664216387106064,2.7983622286554186
2024-04-28,OS,0.612469329074412,1.4287066075175054,-11.942973540461573,2.7694767227953085
2024-04-29,OS,0.6128125585383438,1.6067879496018125,-11.703648107367492,2.72897090782332
2024-04-30,OS,0.6136931782928451,1.8026477292812175,-11.697017428357093,2.6796947507792055
2024-05-01,OS,0.6121783469839354,1.5966010476235444,-11.840792494280008,2.623592841510568
2024-05-02,OS,0.6129950632217698,1.3842561110105724,-11.752679330019516,2.561951279645895
2024-05-03,OS,0.6130615446440719,1.4473737832407754,-11.748372868976386,2.4950334823433917
2024-05-04,OS,0.612827011788964,1.124363784731652,-11.148538224838854,2.427256305335284
2024-05-05,OS,0.6131029969189479,1.1218467220764867,-11.26809839957545,2.360246960349908
2024-05-06,OS,0.613642369105228,1.2375163789827257,-11.549583197447753,2.291173225083308
2024-05-07,OS,0.61444902969766,1.2514921071824143,-11.73300824510964,2.2212001006232227
2024-05-08,OS,0.6123241822943116,1.4590187297137898,-12.442024797133795,2.154263875064719
2024-05-09,OS,0.6100370788029432,1.7929571047983115,-14.874491004219871,2.0946880589752004
2024-05-10,OS,0.6128386402206976,1.6558518567652598,-13.138936404861402,2.045509621180461
2024-05-11,OS,0.6131887982345136,1.7593361703965518,-13.040238208981346,1.9957780267430063
2024-05-12,OS,0.6129068452590044,1.7434155494963193,-12.694910127882848,1.941042186447994
2024-05-13,OS,0.6120164478057054,1.7145459134893362,-12.346710903210411,1.9048376489066845
2024-05-14,OS,0.612085274028362,1.733760310200359,-12.458225148156544,1.899076500866764
2024-05-15,OS,0.6125551324782141,1.81088697079972,-12.48470946499302,1.8906341011676706
2024-05-16,OS,0.6136070975050815,1.6955193231708154,-12.21632641140403,1.871720203257479
2024-05-17,OS,0.6127858191329907,1.6813144182733384,-12.16318233076929,1.8681624089919282
2024-05-18,OS,0.6136749628515874,1.6953139815198683,-12.298246816297,1.889957800577278
2024-05-19,OS,0.6129524327815195,1.6177883772430517,-12.661744396703932,1.9267231582866264
2024-05-20,OS,0.6127918181539016,1.6585000927593347,-12.734386792532993,1.966858923199524
2024-05-21,OS,0.6122534638359391,1.6421738556597654,-13.154612381311544,2.0092847394496176
2024-05-22,OS,0.6134472145689562,1.7022153858582612,-13.248638474145986,2.056462828460847
2024-05-23,OS,0.6114689396580549,1.640474310079383,-13.682840591224595,2.108213320371441
2024-05-24,OS,0.61141156974419,1.764678170180322,-14.006511205328758,2.1645756260875193
2024-05-25,OS,0.6119351250866015,1.6215930390654096,-14.053752886059806,2.22069111964959
2024-05-26,OS,0.6125376701172295,1.8938043781329013,-8.447100189192776,2.2782181138186886
2024-05-27,OS,0.6130300580475151,1.147270917452315,-11.101134585819,2.331278537110953
2024-05-28,OS,0.6142658712939751,1.0094839261535844,-10.875199239207175,2.3756834599401873
2024-05-29,OS,0.6138743971411088,1.0299853194120117,-11.20247114614238,2.4067027830164527
2024-05-30,OS,0.6128874072670318,1.3271040935692764,-12.050252381932369,2.4212869526891025
2024-05-31,OS,0.6119283517014308,1.3288478803077135,-11.905257248351054,2.4219249197258943
2024-06-01,OS,0.6139314251998386,1.5190113924695197,-11.575615367800872,2.4119391668296504
2024-06-02,OS,0.6144033559271175,1.4038317664858648,-11.348146615826076,2.396081250228927
2024-06-03,OS,0.6123259748389065,1.6781045333823068,-10.655363180031866,2.38296196482655
2024-06-04,OS,0.613077754588804,1.270468058638754,-11.39970366996647,2.364255455352243
2024-06-05,OS,0.6134212891172768,0.975053641547869,-10.803461471877664,2.3349149706439496
2024-06-06,OS,0.6100131390242035,4.028529503898392,-15.558353126087228,2.303517145042348
2024-06-07,OS,0.6105846028003769,2.61400290836089,-15.772141068981457,2.2680511030739177
2024-06-08,OS,0.6114990065927699,2.049278239611123,-14.980589721737504,2.223413719729448
2024-06-09,OS,0.6128440550378297,1.5965132574471297,-13.709853775101577,2.171604990926852
2024-06-10,OS,0.6123348333203704,1.6283421486299507,-13.585643435401858,2.1160678379821967
2024-06-11,OS,0.6113022510773174,1.7343049780138748,-13.269141164219104,2.0574860483996877
2024-06-12,OS,0.6132871480836246,1.6242817371397609,-13.061342764542411,1.9912532621972332
2024-06-13,OS,0.6132517534744047,1.677356689717372,-12.728979511734703,1.9140873767688307
2024-06-14,OS,0.6127596813001304,1.7047348840052374,-11.92156615209342,1.831350426339263
2024-06-15,OS,0.6131746018710976,1.679085766292952,-11.670666292072848,1.7532368568979755
2024-06-16,OS,0.612910767743171,1.700652295017062,-11.49752338860889,1.6799780668345505
2024-06-17,OS,0.6131449033911313,1.7088027660769984,-10.89096487458355,1.6015880955399238
2024-06-18,OS,0.6145029835740784,1.7643118030313936,-10.297192682075572,1.5227204567192687
2024-06-19,OS,0.6138948567401096,1.7876081865799711,-10.12490026306009,1.4545758277021754
2024-06-20,OS,0.6156564820419897,2.9623296767439675,-10.370411199662104,1.3918073103266617
2024-06-21,OS,0.6154867074375594,3.6755602203437774,-10.052308054286526,1.3384644781351103
2024-06-22,OS,0.6132271308252174,2.487842796929443,-9.711654807769538,1.3069056527690772
2024-06-23,OS,0.6145734798939977,3.0959164984802583,-9.319915330698343,1.2835017238617288
2024-06-24,OS,0.6148381152324995,3.3781149829732122,-9.721102063208074,1.2538878210422764
2024-06-25,OS,NA,NA,NA,1.2341475658774275
2024-06-26,OS,NA,NA,NA,1.226809607170542
2024-06-27,OS,NA,NA,NA,1.2177144584478554
2024-06-28,OS,NA,NA,NA,1.2129128129762943
2024-06-29,OS,NA,NA,NA,1.213202643199984
2024-06-30,OS,NA,NA,NA,1.1997316858175728
2024-07-01,OS,NA,NA,NA,1.1657296011264966
2024-07-02,OS,NA,NA,NA,1.1403843386144612
2024-07-03,OS,NA,NA,NA,1.13967271160295
2024-07-04,OS,NA,NA,NA,1.1433339498487016
2024-07-05,OS,NA,NA,NA,1.1504466644308537
2024-07-06,OS,NA,NA,NA,1.173015801180207
2024-07-07,OS,NA,NA,NA,1.2135550606394203
2024-07-08,OS,NA,NA,NA,1.2361057249573404
2024-07-09,OS,NA,NA,NA,1.2398742437920491
2024-07-10,OS,NA,NA,NA,1.2453159202659436
2024-07-11,OS,NA,NA,NA,1.2549311147849276
2024-07-12,OS,NA,NA,NA,1.2706424634877116
2024-07-13,OS,NA,NA,NA,1.296996251775861
2024-07-14,OS,NA,NA,NA,1.3214636063565968
2024-07-15,OS,NA,NA,NA,1.3342055584840142
2024-07-16,OS,NA,NA,NA,1.3354310332348136
2024-07-17,OS,NA,NA,NA,1.3236801517985266
2024-07-18,OS,NA,NA,NA,1.303202420425076
2024-07-19,OS,NA,NA,NA,1.271593927271449
2024-07-20,OS,NA,NA,NA,1.2321367756077224
2024-07-21,OS,NA,NA,NA,1.2071932864024508
2024-07-22,OS,NA,NA,NA,1.1977009769842701
2024-07-23,OS,NA,NA,NA,NA
2024-07-24,OS,NA,NA,NA,1.1880815314796311
2024-07-25,OS,NA,NA,NA,1.18886513587021
