ID,date,depth,source,GPP,ER
AM,2022-05-12,0.4108314364648162,one-station,1.4168853063340727,-10.8220148668239
AM,2022-05-13,0.40047548625370327,one-station,0.7893137533199607,-10.120004869826396
AM,2022-05-14,0.3881293093984667,one-station,1.259879907874269,-10.548502301265582
AM,2022-05-15,0.3698460587795037,one-station,1.1570470908724049,-9.878761624045854
AM,2022-05-16,0.35726225169699033,one-station,1.017146663304722,-9.945409859189937
AM,2022-05-17,0.3455656119005128,two-station,6.612990258595608,-0.5276467542531478
AM,2022-05-18,0.32840130202429907,two-station,6.646083517550958,-2.521150949391145
AM,2022-05-19,0.3121156641186556,two-station,5.793853685761015,-3.984456936753402
AM,2022-05-20,0.30157456259177035,two-station,4.760519070310872,-4.251489684105629
AM,2022-05-21,0.29754368300233186,two-station,4.346292648190376,-4.868073121088631
AM,2022-05-22,0.29657373759658484,two-station,5.901571247925997,-4.837508871155962
AM,2022-05-23,0.29789054379608493,two-station,2.275118763054247,-4.608733463733753
AM,2022-06-30,0.194616755039335,two-station,1.2834719056702468,-33.99710200365437
AM,2022-07-01,0.2546547789741982,two-station,5.243318475157523,-15.555639026806322
AM,2022-07-02,0.28893722343100603,two-station,11.635016304283065,-3.8415748105620007
AM,2022-07-03,0.27453660802777574,two-station,9.815932981379056,-6.989315203367549
AM,2022-07-04,0.252808820583445,two-station,6.928506968374178,-10.010068826396456
AM,2022-07-05,0.23460004938166484,two-station,3.608434463734054,-13.155503463140136
AM,2022-07-06,0.21934442834866866,two-station,4.494609433613178,-15.598169072046389
AM,2022-07-07,0.20682236343281665,two-station,0.6653489569466137,-19.708477819214067
AM,2022-07-08,0.20297413535313147,two-station,2.092642321713484,-18.164678522653823
AM,2022-07-09,0.21672940652656406,two-station,5.509326184239363,-17.90076145705369
AM,2022-07-10,0.24370973728976192,two-station,2.2123788567054667,-12.778196265975287
AM,2022-07-11,0.26988439053446067,two-station,12.562523914957458,-7.094531013532223
AM,2022-07-12,0.30238374129743795,two-station,8.701575447083888,-4.997963081369244
AM,2022-07-13,0.3503241812154658,one-station,2.732325541687819,-10.06420826527782
AM,2022-07-14,0.4032478538513346,one-station,2.738853630807615,-10.307662223042568
AM,2022-07-15,0.46782838148439965,one-station,3.5186165491144488,-11.81354040600664
AM,2022-07-16,0.5624217782693994,one-station,4.243681166001819,-13.447563269235168
AM,2022-07-17,0.6789263380674444,one-station,4.542580792633057,-15.077996650879752
AM,2022-07-21,1.0861627904171798,two-station,7.3061619121251615,-1.5390478497699718
AM,2022-07-22,1.11701588138309,two-station,11.164320165899584,-1.986906351384691
AM,2022-07-23,1.111335509451395,two-station,12.05843754682103,-3.5844317482980284
AM,2022-07-24,1.097832695711241,two-station,13.461206015174486,-2.2519490495689367
AM,2022-07-25,1.0926645875155183,two-station,10.622382953346907,-2.2419034268872755
AM,2022-07-26,1.0971510288450697,two-station,12.409808372940564,-2.907797014965741
AM,2022-07-27,1.0838578306859923,two-station,13.252240667997212,-3.5581404449689256
AM,2022-07-28,1.038265811016975,two-station,15.883192151375525,-1.2730172796049706
AM,2022-07-29,0.9827496170485401,one-station,7.489145283337166,-20.500546966422416
AM,2022-07-30,0.9295936796350817,one-station,7.815028407240724,-21.05663834443651
AM,2022-07-31,0.8758953922426108,one-station,7.257785321753786,-20.274595724355628
AM,2022-08-01,0.8189147656930802,one-station,5.174689703055741,-17.261041816645122
AM,2022-08-02,0.7557794592564204,one-station,5.799358271838875,-17.566585584380565
AM,2022-08-03,0.6902303033673655,one-station,5.700636057256151,-16.728818845443072
AM,2022-08-04,0.6271854260523261,one-station,4.3419085666717185,-14.663695282992988
AM,2022-08-05,0.571099243913663,one-station,4.297950031038123,-14.155335626597024
AM,2022-08-06,0.535396116184737,one-station,2.7185646260298824,-11.971648031624651
AM,2022-08-07,0.5244214192864934,one-station,4.285878824416084,-13.57887001586446
AM,2022-08-08,0.5269988557291998,one-station,4.078164948586887,-13.491255308628247
AM,2022-08-09,0.5346482176501837,one-station,3.3438517854960583,-12.69939636532712
AM,2022-08-10,0.5456221254643789,one-station,3.366804307328069,-12.880453414476069
AM,2022-08-11,0.5795784959823336,one-station,5.422010495032134,-15.20964974732726
AM,2022-08-12,0.6251430766369412,one-station,5.128002003592756,-15.68269743389829
AM,2022-08-13,0.6361587155935502,one-station,4.098465705463306,-14.7719630107449
AM,2022-08-14,0.624835866624824,one-station,4.9286993778188934,-15.05574719783334
AM,2022-08-15,0.6203077146829331,one-station,5.4195584747627,-15.43919687948462
AM,2022-08-16,0.6102133856458476,one-station,4.278007546598876,-13.915793614905162
AM,2022-08-17,0.5802434864294204,one-station,4.265140768497215,-13.522180817078407
AM,2022-08-18,0.5444388615534208,one-station,3.703087051321788,-12.797499830033528
AM,2022-08-19,0.516315251084141,one-station,3.592395006985281,-12.675259410069357
AM,2022-08-20,0.494492918978953,one-station,3.7748462092732566,-12.468759935990374
AM,2022-08-21,0.47903058485449235,one-station,4.313187266546947,-12.729835897679608
AM,2022-08-22,0.4762311515681887,one-station,4.440408975492849,-13.055266761576911
AM,2022-08-23,0.4990297271875012,one-station,4.472258764264526,-13.273113380957128
AM,2022-08-24,0.5353187317515066,one-station,5.148832840476669,-14.51731223750688
AM,2022-08-25,0.5365023638659995,one-station,4.321123908588105,-13.524944615438956
AM,2022-08-26,0.516713129505201,one-station,3.982476077123064,-13.014748290724334
AM,2022-08-27,0.5655089962088141,one-station,4.7414689631119495,-14.143589679664172
AM,2022-08-28,0.7376860151607657,one-station,5.997893574399927,-17.35527512609382
AM,2022-08-29,0.9641796586384,two-station,23.401274421187072,-6.611422144110799
AM,2022-08-30,1.1508254937959579,two-station,10.562216882662261,-18.333368151779815
AM,2022-08-31,1.2953289720931882,one-station,4.612533174841363,-5.647579538912337
AM,2022-09-02,1.4975445641611562,one-station,11.20208753331597,-16.74569884367232
AM,2022-09-03,1.4812043914460638,one-station,10.374376373768152,-12.344071813279283
AM,2022-09-04,1.41952910700606,one-station,4.033722705983425,-7.146671734242135
AM,2022-09-05,1.3834824262632726,one-station,3.4107198761870374,-9.112774867736828
AM,2022-09-06,1.3757054261981216,one-station,1.2254786540770526,-6.806324178331437
AM,2022-09-09,1.3119747199861531,one-station,1.3141499988402978,-6.393719580726965
AM,2022-09-11,1.262393429595429,one-station,3.5924509495002037,-8.127315154278564
AM,2022-09-18,1.1879721131847965,one-station,1.2520935107217,-5.862476970435579
AM,2022-09-19,1.139384674849124,one-station,0.9498962503202342,-6.874193794298582
AM,2022-09-20,1.0872584785928505,one-station,1.7461087814088811,-6.966394860601611
AM,2022-09-21,1.0336989407526038,two-station,2.598748255852918,-15.419278551949889
AM,2022-09-22,0.9817319937503305,one-station,3.4450564004035544,-16.789215835039553
AM,2022-09-24,0.8863524953109495,two-station,5.94572143893647,-29.568574877363307
AM,2022-09-25,0.8461688320135574,two-station,2.528735595406875,-27.843820566832264
AM,2022-09-26,0.8099549848749578,two-station,24.18207667473655,-25.665603492683022
AM,2022-09-27,0.7705010244978494,one-station,11.065632184891165,-23.33912142978387
AM,2022-09-28,0.7208358825550096,one-station,5.426223560595402,-17.798676118713587
AM,2022-09-29,0.6771766246362496,one-station,7.272494175451675,-19.380259954317765
AM,2022-09-30,0.6528064133285756,one-station,7.865267373330326,-19.893224171571624
AM,2022-10-01,0.6267473470864182,one-station,6.2184698340630895,-17.821811368643786
AM,2022-10-02,0.5902615096855724,one-station,5.131510399702988,-16.45978662643345
AM,2022-10-03,0.5540135906613712,two-station,25.820769998929837,-1.668817182906981
AM,2022-10-04,0.5253052931664698,one-station,4.9905183484222,-14.85877782555895
AM,2022-10-05,0.5019280642768864,one-station,4.490960137151007,-14.531464025578751
AM,2022-10-06,0.47733622908429796,two-station,22.104832241370648,-8.806466405053047
AM,2022-10-07,0.4531725854594314,two-station,23.08336128482462,-2.631618671503892
AM,2022-10-08,0.43193137595551967,one-station,4.137025617821362,-13.029403536869822
AM,2022-10-09,0.41373116015041445,one-station,4.153589963624616,-12.342477749918476
AM,2022-10-10,0.39988426165893926,one-station,3.659120709640187,-11.235340243707943
AM,2022-10-11,0.3848351510092394,one-station,3.624494924192233,-11.331566914468208
AM,2022-10-12,0.36918226001532883,one-station,4.072437152264972,-11.529387441183117
AM,2022-10-13,0.3602484907496323,one-station,3.681686620720632,-10.99994555809252
AM,2022-10-14,0.352264252339932,one-station,3.2226231408843566,-10.013703513253152
AM,2022-10-15,0.32686931135736164,one-station,3.0052276596482534,-9.525223826572711
AM,2022-10-16,0.295388211965527,two-station,16.488601406674906,-3.3419744144518613
AM,2022-10-17,0.2839259890043392,two-station,17.973196394959448,-4.707685006689946
AM,2022-10-18,0.27847826214579957,two-station,17.299516571448045,-4.800259693601959
AM,2022-10-19,0.27280614272349596,two-station,14.981285997494156,-3.218480273490628
AM,2022-10-20,0.2681106488887458,two-station,13.675815118989808,-3.6753544551018926
AM,2022-10-21,0.264667616982031,two-station,14.658285934036538,-4.409064951601103
AM,2022-10-22,0.2603993552546768,two-station,14.894874842376504,-5.484143565368328
AM,2022-10-23,0.2574510099500082,two-station,14.752065825308565,-5.66751006060287
AM,2022-10-24,0.2587724247230423,two-station,14.73541183571712,-6.250283345636651
AM,2022-10-25,0.26137168928440174,two-station,15.164209806747522,-6.551852157411052
AM,2022-10-26,0.26281007740304146,two-station,16.850428223527715,-7.036961520639569
AM,2022-10-27,0.2646022583493359,two-station,14.774618484308393,-5.496181546601042
AM,2022-10-28,0.26576841357910413,two-station,15.34052110996239,-6.291124595495026
AM,2022-10-29,0.2652714938794861,two-station,11.95572268463128,-6.020333865382961
AM,2022-10-30,0.2649812451228959,two-station,13.709159606179044,-6.033958113549099
AM,2022-10-31,0.2655343184259738,two-station,14.890870372693277,-6.423181257266377
AM,2022-11-01,0.2659487321270254,two-station,13.088348312629243,-6.050269796995727
AM,2022-11-02,0.2655511602642849,two-station,14.53196592590847,-5.425917298341022
AM,2022-11-03,0.2648113176624056,two-station,14.056082524882587,-5.866712163362262
AM,2022-11-04,0.26445930066946727,two-station,12.984970930716546,-5.188668696898629
AM,2022-11-05,0.2645108320130346,two-station,13.52686610289814,-6.480717289382739
AM,2022-11-06,0.2655182143444853,two-station,14.92362455609223,-6.69625795399154
AM,2022-11-08,0.2672335029244839,two-station,13.86928866331058,-6.1256855727558
AM,2022-11-09,0.27147504556742963,two-station,17.46273944450026,-4.914756833981996
AM,2022-11-10,0.2732454507378359,two-station,4.14082428175163,-7.309071322019616
AM,2022-11-11,0.2693152480823466,two-station,10.0218022036666,-8.961111064387234
AM,2022-11-12,0.26840175118909365,two-station,12.606774119174148,-7.509384850563183
AM,2022-11-13,0.26926817445268353,two-station,15.47854920819722,-5.974696159547214
AM,2022-11-14,0.2692020064390179,two-station,15.15502558606119,-4.610105288796531
AM,2022-11-15,0.2678380745623848,two-station,10.365300869159192,-7.121747184070722
AM,2022-11-16,0.26671238892068794,two-station,16.28842124353908,-6.602572098447455
AM,2022-11-17,0.2668227116910678,two-station,20.65145764058589,-4.0142301106895255
AM,2022-11-18,0.26756306884565195,two-station,16.433522674577667,-2.4188906093736455
AM,2022-11-19,0.2664253896034871,two-station,17.25859781391157,-3.0049997845412184
AM,2022-11-20,0.2658214654662744,two-station,6.641695115047423,-3.4796441681250596
AM,2022-11-21,0.26478996398007587,two-station,16.233590019838214,-3.2083624869498726
AM,2022-11-22,0.2630558873113406,two-station,14.267411991984648,-5.47550454540112
AM,2022-11-23,0.2625556255127337,two-station,15.445477287659816,-5.6436495195527225
AM,2022-11-24,0.2614367808732674,two-station,15.316244278322504,-6.568934602118607
AM,2022-11-25,0.2607389625551978,two-station,14.775350921969334,-7.47177302480486
AM,2022-11-26,0.2617266957659847,two-station,15.015494235341384,-8.029508637478612
AM,2022-11-27,0.2620761594723758,two-station,11.14017778403691,-7.1752836259680395
AM,2022-11-28,0.2623957654537931,two-station,2.572483234065267,-7.527411808291129
AM,2022-11-29,0.26366915234621285,two-station,17.675794745808258,-3.7838380538455127
AM,2022-11-30,0.2634982893097455,two-station,10.399703794483402,-4.006827582364852
AM,2022-12-01,0.2634807128657738,two-station,13.645958455253531,-2.451208622732763
AM,2022-12-02,0.26251351452648003,two-station,15.76964554132636,-3.243087066991202
AM,2022-12-03,0.26157631753734556,two-station,17.39939430565606,-3.0192156564004025
AM,2022-12-04,0.261626824660679,two-station,17.621397477735346,-4.073651683522351
AM,2022-12-05,0.25831809484753504,two-station,14.580112916946684,-5.8890287380391655
AM,2022-12-06,0.2549838360725545,two-station,17.705646290761788,-5.402271915505887
AM,2022-12-07,0.25496522610657757,two-station,15.879980597415043,-5.091616261385235
AM,2022-12-08,0.2550393062381569,two-station,16.406144519960915,-4.936571634915898
AM,2022-12-09,0.2551986693279113,two-station,17.577961763976383,-4.511453754722664
AM,2022-12-10,0.25471514093134806,two-station,22.144569342552145,-4.559808869630558
AM,2022-12-11,0.2543656259429218,two-station,17.034280001717406,-4.458361200875993
AM,2022-12-12,0.25400378186332606,two-station,21.852329169640388,-4.003215911274327
AM,2022-12-13,0.2540459763173836,two-station,17.964214811337623,-4.113982629069584
AM,2022-12-14,0.2536805140569544,two-station,19.32435483082894,-4.942427125649282
AM,2022-12-15,0.25247603976416505,two-station,15.627096083213733,-5.868949911454382
AM,2022-12-16,0.2533704682737062,two-station,16.809078967342998,-2.4160821631940452
AM,2022-12-17,0.2537581795859322,two-station,19.423294213551184,-2.1258528645396506
AM,2022-12-18,0.2539100136450943,two-station,16.381544241782297,-2.1452504756270274
AM,2022-12-19,0.2570841358211701,two-station,16.910577244924937,-2.2990985285384453
AM,2022-12-20,0.25316089349988097,two-station,9.650642405144964,-5.525090672594681
AM,2022-12-21,0.24968651429177394,two-station,11.948514372115175,-5.1428526160142125
AM,2022-12-22,0.25682695242015185,two-station,19.494645877837776,-4.8866748513321845
AM,2022-12-23,0.2627751446935177,two-station,13.0893744463675,-4.948164166707526
AM,2022-12-29,0.27167589260732644,two-station,13.625279391518538,-1.4368948801111003
AM,2022-12-30,0.26447199374671593,two-station,23.95252059578139,-2.254258835679463
AM,2022-12-31,0.25885033650558126,two-station,12.773718680490706,-4.5307164779735825
AM,2023-01-01,0.258846966533142,two-station,17.264623631474763,-4.257991209301921
AM,2023-01-02,0.2590932010641299,two-station,19.897030475897317,-4.619021218845156
AM,2023-01-03,0.2559442644010232,two-station,22.026232814754607,-5.647750086313757
AM,2023-01-04,0.254531395300674,two-station,8.004736842295253,-7.423959342213601
AM,2023-01-05,0.2629732074015917,two-station,21.047525509659245,-7.746285215549133
AM,2023-01-06,0.2888034938174928,two-station,21.172202778763396,-2.100131379709092
AM,2023-01-21,0.3577964560383087,one-station,3.239560800850729,-9.85532559856988
AM,2023-02-10,0.9785505590996206,two-station,25.37060592818518,-2.690503039777972
AM,2023-02-11,1.0127626859735765,one-station,6.602435834204251,-18.17861294169794
AM,2023-02-15,1.6113720417073063,one-station,3.131225282467457,-5.0288476091417484
AM,2023-02-16,1.779742665294045,two-station,1.682456588657267,-6.6731842463523465
AM,2023-02-17,1.9112971885111945,one-station,0.6786058772471221,-3.4931369549214346
AM,2023-02-18,2.019729908142836,one-station,1.1187746174341404,-4.490872463857681
AM,2023-02-19,2.1050475447177353,one-station,1.1458469090893637,-4.744953104965334
AM,2023-02-20,2.165629188013588,one-station,0.36210480522446703,-2.9533981126062554
AM,2023-02-21,2.197188468359487,one-station,2.2516584504642494,-6.116858621608469
AM,2023-02-22,2.1973411758863834,one-station,2.2154562914036715,-8.573509819027125
AM,2023-02-23,2.1624864796050782,one-station,0.255132538102794,-4.67054429700807
AM,2023-02-24,2.091587765352118,one-station,1.399061135578831,-7.71663212350977
AM,2023-02-26,1.9234759599829918,one-station,1.786135809752362,-10.10803046353436
AM,2023-03-01,1.6504740679456886,one-station,2.39913833661227,-8.054019758276104
AM,2023-03-02,1.5617053193867638,one-station,3.673762372179087,-7.845327786962697
AM,2023-03-03,1.4805687193966999,one-station,5.86493034302335,-10.296598801473532
AM,2023-03-04,1.40513593929354,two-station,2.6451401283660614,-33.614504696070775
AM,2023-03-05,1.331406588830006,two-station,30.107016929994856,-27.20733279224889
AM,2023-03-06,1.2615785687083856,one-station,13.922453796334034,-20.150384752533224
AM,2023-03-07,1.1999350090823881,one-station,14.32104594400489,-20.88624465500591
AM,2023-03-10,1.0297756436683896,two-station,31.22830434396773,-9.169831270198218
AM,2023-03-16,1.0050474225159907,one-station,11.2646658086381,-24.167522404436664
AM,2023-03-18,0.9807890893371168,two-station,19.37451615438037,-0.5594200728729668
AM,2023-03-20,1.0213202310141376,two-station,32.1952138958974,-6.443916174795863
AM,2023-03-21,1.0364516732694313,two-station,31.473062401958533,-8.953000825601755
AM,2023-03-22,1.0343974480421225,one-station,10.736403390097692,-19.925001580313015
AM,2023-03-23,1.0148381815158962,two-station,21.24437396891293,-8.806307775674961
AM,2023-03-24,0.9951526656075119,two-station,21.971562792833023,-10.865014391794109
AM,2023-03-25,0.9783820349307984,two-station,24.963836194580907,-13.674823201436247
AM,2023-03-26,0.9439885357265955,two-station,25.34012656051035,-14.49571970341497
AM,2023-03-27,0.898618423687508,two-station,27.318228452427885,-15.630373938795216
AM,2023-03-28,0.8743119979516145,two-station,25.797145999133793,-16.48215251041521
AM,2023-04-01,0.97790505470464,one-station,12.257646392101869,-25.109535999099737
AM,2023-04-06,0.8514076147596666,one-station,11.2343085209182,-23.93828302126511
AM,2023-04-08,0.7908770168791306,one-station,5.328017092447208,-17.517564737321056
AM,2023-04-09,0.772740920695807,two-station,28.157246174734553,-0.5357874473180111
AM,2023-04-11,0.7518377394248574,one-station,10.67985032960154,-21.998166820381883
AM,2023-04-12,0.7364594146068362,two-station,31.12296289628357,-0.4332407295187118
AM,2023-04-14,0.6841885200986634,one-station,1.0162604604757768,-14.87341965017971
AM,2023-04-18,0.5835871770853726,one-station,0.03505264503677022,-14.735092109512822
AM,2023-04-19,0.5700378339994967,two-station,13.991260562651924,-8.679937887301943
AM,2023-04-20,0.5467750702584334,two-station,31.905655484147545,-2.4965844454033324
AM,2023-04-21,0.5140620075345098,one-station,0.9232567644700798,-14.114560199125002
AM,2023-04-23,0.44102146411495785,two-station,24.861863685298935,-5.1302076643239225
AM,2023-04-24,0.4039335270438483,two-station,7.430465396070931,-10.728153679831491
AM,2023-04-25,0.37566080811102204,one-station,3.2419029588132418,-10.340796825214747
AM,2023-04-27,0.3456811072209637,two-station,10.17753570014579,-4.732225415327334
AM,2023-04-28,0.3378086595923528,one-station,3.853699464759506,-10.517774532766472
AM,2023-04-29,0.33410989880446573,two-station,11.69649249479482,-6.283692291284033
AM,2023-04-30,0.3379096128039752,two-station,3.719564249238529,-19.071257248872623
AM,2023-05-01,0.3428124867075213,two-station,6.8666162424670585,-10.656478364526066
AM,2023-05-02,0.34945225603730823,one-station,1.2647889410793265,-13.603565423094537
AM,2023-05-04,0.318763200544379,two-station,23.92074959446508,-1.0683721404851692
AM,2023-05-05,0.28693271468384807,two-station,23.06884873564129,-3.58279510006729
AM,2023-05-06,0.2747946062355895,two-station,18.213885418407617,-5.544594946132551
AM,2023-05-07,0.271831182832901,two-station,17.085189570404058,-5.001427051267682
AM,2023-05-08,0.27071917713666427,two-station,21.43192990944836,-6.809669721104934
AM,2023-05-09,0.25565094565971186,two-station,21.19912384258981,-11.092819361843864
AM,2023-05-10,0.24432054036710768,two-station,15.581494632932218,-11.123690784648796
AM,2023-05-11,0.23948440279335317,two-station,16.829471400010412,-9.382622534411212
AM,2023-05-12,0.23605260479185255,two-station,13.206823643497533,-6.675355373948424
AM,2023-05-13,0.23593395577441864,two-station,12.032122873197496,-7.337864280551267
AM,2023-05-14,0.23620156531436834,two-station,10.707342468495284,-8.294615700623604
AM,2023-05-15,0.2352767885638155,two-station,18.730802045466223,-14.280981106084084
AM,2023-05-16,0.23289221199289561,two-station,15.349468907815352,-14.84359728121023
AM,2023-05-17,0.23242721259891141,two-station,4.383891280668234,-14.83816378685444
AM,2023-05-18,0.2406913402666881,two-station,17.20828713306791,-13.51715599960926
AM,2023-05-19,0.2489975833074371,two-station,20.92329642219884,-13.191649880939584
AM,2023-05-20,0.2634244234682296,two-station,28.69481345956367,-10.722486655847492
AM,2023-05-26,0.4021996347337713,one-station,5.386499938796328,-11.770121801844237
AM,2023-06-01,0.3391073502760342,two-station,20.186216169097328,-0.1194950092802216
AM,2023-06-02,0.3156559948076131,two-station,29.28470142162131,-2.319290395363971
AM,2023-06-03,0.3012611921060016,two-station,26.13085109082188,-3.805876127295134
AM,2023-06-04,0.2918807971299326,two-station,22.549407754856247,-4.629504464287457
AM,2023-06-05,0.2799712924345233,two-station,28.03548038579404,-6.609939908180897
AM,2023-06-06,0.2631526333453947,two-station,27.11131389195213,-9.19602531725669
AM,2023-06-07,0.2488132133148418,two-station,21.57500642456403,-11.357554209754
AM,2023-06-08,0.24346273328108356,two-station,21.693609418301698,-12.218045022891864
AM,2023-06-09,0.24569546162559777,two-station,23.091329927723283,-11.190971042235525
AM,2023-06-10,0.25205097934059456,two-station,19.174515237013193,-11.215679171270594
AM,2023-06-11,0.254886690599099,two-station,20.58790804974175,-9.99394840531917
AM,2023-06-12,0.2550367864393744,two-station,16.18217293247106,-8.646088490291168
AM,2023-06-13,0.2539973370609634,two-station,18.123382496124872,-9.920744705054178
AM,2023-06-14,0.2544111627598615,two-station,18.751169830666043,-8.92571689091948
AM,2023-06-15,0.2529457635304401,two-station,5.995108355500872,-10.645164931897453
AM,2023-06-16,0.2773747290102859,two-station,13.628140808761888,-10.242283066356284
AM,2023-06-17,0.4394518843921384,two-station,18.375462214604067,-16.402459259164146
AM,2023-06-18,0.6810858584200327,one-station,7.934510881254784,-18.68152147510796
AM,2023-06-19,0.8365961047035694,one-station,4.594134429486361,-15.9875438035361
AM,2023-06-20,0.90834405101015,one-station,9.231426713626584,-19.279157038669727
AM,2023-06-21,0.9474080615025358,one-station,3.3902253665475928,-14.589247807556502
AM,2023-06-23,1.1268199516196538,two-station,15.693576982316474,-3.249046552517219
AM,2023-06-24,1.3021054484197707,two-station,3.455141554187051,-22.145800622870205
AM,2023-06-27,1.7143585147711013,one-station,0.5544749030122041,-8.577437096741605
AM,2023-06-29,1.7276899286404999,one-station,0.30358599785238344,-6.354636014483066
AM,2023-07-01,1.6574145155342759,one-station,1.1638308100271475,-6.270296229547507
AM,2023-07-02,1.6242113822499176,one-station,1.7503722014482492,-6.938378633439281
AM,2023-07-03,1.5871537722912856,one-station,3.0025478628395805,-7.464410415631971
AM,2023-07-04,1.5347272834922818,one-station,3.068163359520349,-7.602258559342962
AM,2023-07-05,1.4672949132282929,one-station,5.037718672515638,-8.772559959829948
AM,2023-07-06,1.3924681876681249,two-station,0.8070190947469698,-25.917031053515064
AM,2023-07-07,1.3138090778805978,two-station,5.743608349890547,-22.061360456005556
AM,2023-07-08,1.2270454307154612,two-station,22.32007937301181,-18.717097083912577
AM,2023-07-09,1.1268590778592176,two-station,24.72644011273141,-12.756835302306689
AM,2023-07-10,1.0307418456225548,two-station,20.7153919759238,-4.345829094255332
AM,2023-07-11,0.9487228761205471,one-station,5.847721290397978,-18.156221861950907
AM,2023-07-12,0.8865748102221488,one-station,6.551984033829219,-18.25042015228752
AM,2023-07-13,0.8362742526679197,one-station,6.162135924426133,-17.852553426254833
AM,2023-07-14,0.7916181503874296,one-station,6.155768410223599,-16.880405578265087
AM,2023-07-15,0.7525960706850175,one-station,4.641508083002762,-15.647523241680087
AM,2023-07-16,0.7262248621600007,one-station,2.0134057757363943,-12.291575201651188
AM,2023-07-17,0.7145161030038498,one-station,4.897202906629466,-15.387156619965346
AM,2023-07-18,0.6982484764261119,one-station,6.670388479209367,-16.438633611118455
AM,2023-07-19,0.6650949773447985,one-station,6.75974341667578,-16.67176393922662
AM,2023-07-22,0.5802927305684648,one-station,4.699341328790892,-13.334772672129086
AM,2023-07-23,0.5803145796949027,one-station,3.788855508047712,-13.04375609962594
AM,2023-07-24,0.5914285547454409,one-station,6.738878739399836,-16.116133744504477
AM,2023-07-26,0.6252370296424762,one-station,7.242016865258574,-16.68078506733979
AM,2023-07-27,0.6162998280832164,one-station,7.437504364838678,-16.753593638068864
AM,2023-07-29,0.5659991077263122,one-station,5.73110112802063,-14.780102427079818
AM,2023-08-05,0.6993968132640335,one-station,6.306526260687812,-16.766097654577965
AM,2023-08-09,0.7969985791948802,one-station,9.400524178114331,-21.353536460998335
AM,2023-08-10,0.78493481378135,one-station,7.392752715156125,-19.11358824856926
AM,2023-08-11,0.7555999068065238,one-station,7.299043960829519,-18.559210977366128
AM,2023-08-13,0.6615658268253054,one-station,7.04191520573577,-17.354664729107864
AM,2023-08-14,0.6164645696837406,one-station,3.3305865058794666,-12.841159716847663
AM,2023-08-15,0.5780540158860424,one-station,2.350636798389647,-11.466647230591
AM,2023-08-17,0.5770838132411087,one-station,5.2813139741859825,-14.924192727157102
AM,2023-08-18,0.6080603028414964,two-station,33.721997071066916,-2.817104660621034
AM,2023-08-19,0.6241902918255084,one-station,5.790802696548069,-15.646571751014736
AM,2023-08-20,0.621674401656545,one-station,6.31739640733873,-16.105655663002644
AM,2023-08-21,0.604538726357397,one-station,6.014921020384307,-15.403564833202488
AM,2023-08-22,0.5810001196471948,one-station,5.738982136350075,-15.04368520131404
AM,2023-08-23,0.551052401523818,one-station,5.956805779006934,-14.730356217393926
AM,2023-08-24,0.510825963589339,one-station,5.002444661926966,-13.50716875360971
AM,2023-08-25,0.4711411576719726,one-station,4.9158729231173695,-12.96969775130646
AM,2023-08-26,0.44285474378186407,one-station,4.235872158412887,-12.109967231753108
AM,2023-08-27,0.4278848206645617,one-station,4.4466650809800745,-12.233179699377777
AM,2023-08-28,0.4190545248062446,one-station,4.3902612757035335,-12.339569251107848
AM,2023-08-29,0.41278233209590603,one-station,4.926862381026084,-12.899264887114027
AM,2023-08-30,0.417496951397525,two-station,9.225162257182904,-6.889630547917235
AM,2023-08-31,0.5064312348529912,two-station,25.794920313567275,-3.5114456430322707
AM,2023-09-01,0.7230339385205995,two-station,15.883779816254192,-10.16837405831049
AM,2023-09-02,0.9894762512875958,one-station,10.719120405036753,-23.37906680974736
AM,2023-09-03,1.1897686421455096,two-station,14.574852465761785,-22.074661597769367
AM,2023-09-04,1.3219947399133114,two-station,2.43037855407046,-28.243984640142692
AM,2023-09-06,1.405732415254852,one-station,2.835580339969954,-7.233640366273857
AM,2023-09-08,1.3496570700144852,two-station,4.253381518893414,-29.98156832282283
AM,2023-09-09,1.3295087887047654,two-station,6.146168757002422,-32.867706407913126
AM,2023-09-10,1.3196411654841214,two-station,3.735674137231321,-31.73896071643292
AM,2023-09-11,1.2892433568240809,two-station,10.388003563891791,-30.84381674577023
AM,2023-09-12,1.243003595856536,two-station,18.112095217787243,-29.47066338738068
AM,2023-09-13,1.1870446063509632,two-station,27.23071604749826,-27.186001358954996
AM,2023-09-14,1.1190587418016193,two-station,28.645622419839096,-24.066571028471387
AM,2023-09-15,1.05044669498629,two-station,32.97635018215049,-19.5196520615778
AM,2023-09-16,0.9916018543555355,one-station,11.918789018523738,-25.7867966180512
AM,2023-09-17,0.9445536824286256,one-station,12.0573264342496,-26.447697831474887
AM,2023-09-18,0.9029849574179075,one-station,12.38554271875824,-26.52969294777983
AM,2023-09-19,0.865792714365574,one-station,12.297115400830396,-26.806286029969208
AM,2023-09-20,0.8375899958970887,two-station,22.479791578805436,-1.6817712982917603
AM,2023-10-04,0.603251430014816,one-station,8.852880894037026,-20.4395969768848
AM,2023-10-05,0.5876492516596286,one-station,7.690533345008833,-19.0740494165953
AM,2023-10-06,0.5721858516903633,one-station,6.629099247754587,-17.804203266131307
AM,2023-10-07,0.5569816919697316,one-station,8.195463786887089,-19.351833035289115
AM,2023-10-08,0.5408204066106387,one-station,7.272124993022333,-17.79778765422145
AM,2023-10-09,0.5243439133171276,one-station,6.333897806135041,-16.63752681585317
AM,2023-10-10,0.5061414411567634,two-station,25.792939782659904,-3.0619016080768624
AM,2023-10-11,0.49672419518871946,two-station,14.10472560154594,-3.1058018573182737
AM,2023-10-12,0.5044107646520096,one-station,5.975465847271094,-16.76396784619932
AM,2023-10-13,0.5371640338236834,one-station,5.086962772073866,-16.008597366020638
AM,2023-10-14,0.6152397058768596,one-station,5.080996027804693,-16.737636745522902
AM,2023-10-15,0.6920784189420305,one-station,6.352500207487711,-18.56211539213113
AM,2023-10-16,0.7330717606438037,one-station,6.816710869763768,-19.029278866867692
AM,2023-10-17,0.7459206666652881,one-station,6.506457490961656,-18.613272760854056
AM,2023-10-18,0.7393553913167553,one-station,6.487193610313618,-18.56652880529936
AM,2023-10-19,0.727480686558734,one-station,6.880334443985145,-18.973591097032056
AM,2023-10-20,0.7205032781641647,one-station,6.718869950224989,-19.198133627224102
AM,2023-10-21,0.7134463702207404,one-station,6.556038957744037,-18.57978759863991
AM,2023-10-22,0.7027575569386473,one-station,7.301083372204907,-19.48344999192826
AM,2023-10-23,0.6896131530567915,one-station,6.709370253964135,-18.757213450083885
AM,2023-10-24,0.6724784904831181,one-station,6.234436856694875,-18.170173647757284
AM,2023-10-25,0.6528470521894407,two-station,27.95403728580799,-6.4277247198862995
AM,2023-10-26,0.632890990446723,one-station,5.115678230892139,-16.216913907788932
AM,2023-10-27,0.6111481105474311,one-station,5.061044487177139,-15.862511953686836
AM,2023-10-28,0.5879531843664937,one-station,4.689572684220898,-15.32150154481741
AM,2023-10-29,0.5652308003048823,one-station,4.307967874571996,-14.630017417682536
AM,2023-10-30,0.544540301209801,one-station,4.089848046162443,-14.243345195055646
AM,2023-10-31,0.526499336780157,one-station,4.047832120137125,-13.888513605919057
AM,2023-11-01,0.5054497837944316,one-station,3.634071943484393,-12.68292903388348
AM,2023-11-02,0.4855012851353906,one-station,3.7282756074769168,-12.99029841397597
AM,2023-11-03,0.4799019143464283,one-station,3.78732197699043,-13.626604616822704
AM,2023-11-04,0.4773874122028498,one-station,3.989520942732157,-13.74450267547198
AM,2023-11-05,0.4660118646210353,one-station,3.7124611577541904,-13.457831120142432
AM,2023-11-06,0.45428807003605015,one-station,3.7760851466998338,-13.528452368727136
AM,2023-11-07,0.4400294524619959,one-station,3.62995134088568,-13.008163792571333
AM,2023-11-08,0.42514210412239556,one-station,3.485675511722956,-12.68134808932254
AM,2023-11-09,0.4085482794301266,one-station,3.5679225202461766,-12.69629135636149
AM,2023-11-10,0.38846447043537813,two-station,13.451922576679436,-0.3769781028733199
AM,2023-11-11,0.36783661057338574,two-station,15.535059416291872,-2.262928580577399
AM,2023-11-12,0.354763856780986,two-station,15.66325056473369,-2.6577326762521483
AM,2023-11-13,0.3475485518869732,two-station,16.30789060273197,-2.856109380265286
AM,2023-11-14,0.3364787907065356,two-station,14.338593557589292,-5.4792597784284975
AM,2023-11-15,0.32564544926868805,two-station,10.25570173505429,-6.065957936470088
AM,2023-11-16,0.33015325082916336,two-station,11.918701292575696,-6.235790367784931
AM,2023-12-01,0.358489780241562,two-station,13.741020734885996,-0.11888742303754778
AM,2023-12-02,0.371730032823806,two-station,7.413279211199396,-2.0794311950497124
AM,2023-12-03,0.4267369198221132,one-station,3.125288401248576,-11.98526549890288
AM,2023-12-04,0.5785485548127518,one-station,5.360854650321686,-15.685600528867385
AM,2023-12-05,0.7609497273320468,one-station,6.395948003065294,-18.36827337022376
AM,2023-12-06,0.8732411229806643,one-station,6.69769517037915,-19.146879024670916
AM,2023-12-07,0.9135515046686079,one-station,6.815809419324725,-19.563357995806548
AM,2023-12-08,0.9118466537160376,one-station,7.185598168512123,-20.36237851509904
AM,2023-12-09,0.8939722774085781,one-station,7.097301591440311,-20.25622043131102
AM,2023-12-10,0.8784107106606623,one-station,2.4128507351811797,-14.98942686498772
AM,2023-12-11,0.8831325672227528,one-station,6.892216841761618,-19.35164479345576
AM,2023-12-12,0.9313305955053905,one-station,8.543210084712786,-21.80624764000951
AM,2023-12-13,0.9965939346727939,one-station,8.163771056443448,-20.92100950235676
AM,2023-12-15,1.0621072566192562,one-station,9.47491023681211,-21.780499244253747
AM,2023-12-16,1.0798849830040318,one-station,2.5629537100254045,-13.337002005552744
AM,2023-12-17,1.1348417165313014,two-station,31.18673926597452,-5.200653921050668
AM,2023-12-19,1.659967642514035,two-station,19.74988526585813,-7.763846381429325
AM,2023-12-21,2.081503052723187,one-station,0.29805201063340403,-3.0556789953792665
AM,2023-12-25,2.2451369825562306,one-station,3.298189044570848,-14.254090531451324
AM,2023-12-27,2.2345056246656485,one-station,0.01187090670384662,-7.951911488411088
AM,2023-12-28,2.2216380864870655,one-station,0.9083719264741182,-8.187121692999366
AM,2023-12-29,2.1993638682427035,one-station,0.7283157742068377,-7.837033740371805
AM,2023-12-30,2.16892384455563,one-station,5.830084144056623,-6.771638613871049
AM,2023-12-31,2.1336246957279297,one-station,7.614121747222252,-3.0402052486683573
AM,2024-01-01,2.0987590858486134,one-station,0.961982248194956,-4.114980151607347
AM,2024-01-03,2.027376343955321,one-station,3.8330775813980846,-14.208396750304358
AM,2024-01-04,1.9897901975494388,one-station,4.044381428258398,-13.396860758194284
AM,2024-01-05,1.9539276794122298,one-station,7.904831010854782,-11.235228227533584
AM,2024-01-07,1.9333724039384816,one-station,0.9477140476319564,-6.183917497426124
AM,2024-01-10,2.009086592110378,one-station,2.9889098497842532,-8.494065086419711
AM,2024-01-11,2.067192443043324,one-station,2.7068101665363917,-10.185880431804913
AM,2024-01-13,2.1914091839587497,one-station,1.5677396324280783,-5.363621031037759
AM,2024-01-16,2.2903318794229692,one-station,1.23540477526204,-2.138829437116302
AM,2024-01-18,2.338853736119962,one-station,0.9598867276532358,-7.273072425527218
AM,2024-01-20,2.3476749158659342,one-station,0.7920229841907078,-7.291014817391284
AM,2024-01-21,2.3200164890351713,one-station,2.9400250605535554,-5.656326851885367
AM,2024-01-22,2.2797965492485606,one-station,6.425260324715492,-9.812578675178438
AM,2024-01-23,2.233848020040686,one-station,5.618636773118754,-12.128184293877387
AM,2024-01-24,2.185169899609163,one-station,4.389965106850207,-6.965279933571693
AM,2024-01-26,2.103672315211008,one-station,1.3995903174746305,-6.41265860977039
AM,2024-01-27,2.0696849499722436,one-station,2.546863625678317,-7.404943150403843
AM,2024-01-29,1.9991748508189093,one-station,6.709771953807383,-9.65294375734451
AM,2024-01-30,1.955033839175716,one-station,7.379426078819035,-12.353073513123205
AM,2024-01-31,1.906327244052734,one-station,1.8208223835912645,-6.332248855301005
AM,2024-02-01,1.855720534918194,one-station,7.3331773567733665,-10.24954370222723
AM,2024-02-02,1.8048549556358606,one-station,8.146045872176604,-10.431434407221523
AM,2024-02-03,1.7555664620954612,one-station,9.66614055006805,-12.81070368892377
AM,2024-02-04,1.7090180902025165,one-station,6.459014942288224,-10.350475253693766
AM,2024-02-05,1.6669337791384127,one-station,7.522417758655886,-10.633650689029988
AM,2024-02-06,1.6390711696781306,two-station,7.515857697687365,-23.918761147133413
AM,2024-02-07,1.6221974260197904,two-station,8.46062453776327,-22.734888785019866
AM,2024-02-08,1.6094657856648347,two-station,8.453635326328365,-20.398229736685987
AM,2024-02-09,1.602268504295604,two-station,5.481626007706088,-22.6515838208638
AM,2024-02-10,1.6011234042162847,two-station,4.869177620602126,-22.022494724794587
AM,2024-02-11,1.6023404223260944,one-station,8.868559653412259,-12.217707807921547
AM,2024-02-12,1.6039993690581107,one-station,4.140396192563455,-8.444343067933296
AM,2024-02-13,1.5998313624906841,two-station,15.159864282228517,-25.90815431230125
AM,2024-02-14,1.5929081293405636,two-station,8.658430909544874,-22.686886705899536
AM,2024-02-15,1.5842078148944345,two-station,6.193667419639878,-26.723087910335316
AM,2024-02-16,1.5717561662189443,two-station,1.82415256556979,-21.35449629789857
AM,2024-02-17,1.5675029464690449,one-station,5.2156463507658675,-8.492425109286996
AM,2024-02-18,1.5761676240396432,two-station,3.035390093232435,-26.67113494831616
AM,2024-02-19,1.5992698977542663,two-station,10.780948382024754,-21.72116859060882
AM,2024-02-20,1.6382576451393056,two-station,3.680002981301079,-19.162706439283408
AM,2024-02-21,1.6842990980994608,one-station,7.688146226740184,-9.366403195098504
AM,2024-02-22,1.7321261873135472,one-station,5.207775226866586,-4.76006916970771
AM,2024-02-23,1.7758720199419737,one-station,6.401499665790304,-5.73564763340729
AM,2024-02-24,1.7969952446372408,one-station,6.1759825258147965,-13.134027277744034
AM,2024-02-25,1.78789822630618,one-station,6.103111513335852,-9.25678688858842
AM,2024-02-26,1.765464375236725,one-station,8.265728304396223,-10.778738596983828
AM,2024-02-27,1.7412280266919042,one-station,8.950751828048297,-11.681576754227269
AM,2024-02-28,1.7043623730273754,one-station,9.42465025638187,-12.496978152762484
AM,2024-02-29,1.6419829494791691,two-station,3.087037724125423,-25.856878821571257
AM,2024-03-01,1.5620813023446456,two-station,4.098709285688872,-20.36747630113027
AM,2024-03-02,1.4819897511369995,two-station,8.235841078700304,-19.547416217688244
AM,2024-03-03,1.4126181749488562,two-station,23.30187022626188,-18.174164055389863
AM,2024-03-04,1.366948606688731,two-station,27.05779816798366,-16.028629094474535
AM,2024-03-05,1.3474150097695732,two-station,2.7843395587141337,-14.6984771029775
AM,2024-03-06,1.343704539656364,two-station,26.43469543626396,-14.787412097186868
AM,2024-03-07,1.359761537359621,two-station,23.98069735967869,-12.745705933819584
AM,2024-03-08,1.383679406327029,two-station,12.852319803869676,-14.28352234788635
AM,2024-03-09,1.3991808955555822,two-station,6.179044034480353,-19.41658233499237
AM,2024-03-10,1.4415370121354543,two-station,16.402490515134023,-20.812786226287077
AM,2024-03-11,1.5383618579249447,two-station,6.775757719473723,-17.726128537730933
AM,2024-03-12,1.6451016600220543,one-station,5.134210936888678,-7.819853399921876
AM,2024-03-13,1.7394740277442018,one-station,3.1631782771703243,-7.536499565768307
AM,2024-03-14,1.8223009242931,one-station,0.5199610836499534,-3.071487771387028
AM,2024-03-15,1.886388985243827,one-station,0.44392718745307025,-5.74011638186162
AM,2024-03-16,1.9332379879629276,one-station,3.268055784156871,-6.3128288389632
AM,2024-03-17,1.9649407308579263,one-station,2.3734821737134877,-6.1939450072300755
AM,2024-03-19,1.987563304129509,one-station,1.979282554472605,-3.898963783005941
AM,2024-03-20,1.9843603803402978,one-station,0.3912945993128065,-4.6486703663969555
AM,2024-03-23,1.9398397112571988,one-station,0.02139701557855143,-1.6223799671226662
AM,2024-03-24,1.9498984113842548,one-station,0.39165263694587016,-5.268972740500536
AM,2024-03-25,1.9697678704017096,one-station,0.30587097131568713,-6.723852281732857
AM,2024-03-28,2.033386577317573,one-station,0.3211402588434185,-4.440497694554887
AM,2024-03-29,2.0844888835574236,one-station,1.6479255695998718,-9.854772772131856
AM,2024-03-30,2.1581326718489215,one-station,0.27234114998643877,-4.646791182532118
AM,2024-04-01,2.301885526792617,one-station,2.413386625683742,-6.6466003390302815
AM,2024-04-02,2.3687579725346914,one-station,3.447340680019882,-8.096862128677259
AM,2024-04-03,2.4403591210566002,one-station,0.8200314578752022,-5.3724230179854
AM,2024-04-05,2.5691634933663052,one-station,2.6461077579090224,-10.7558258026423
AM,2024-04-06,2.6039903270725993,one-station,4.321969012315169,-9.20956477384292
AM,2024-04-07,2.6050012907512388,one-station,5.964240839216365,-12.37580842427644
AM,2024-04-08,2.570502801227172,one-station,4.621227132954022,-11.702695140783227
AM,2024-04-09,2.51743422570099,one-station,2.959212943121233,-11.223589626470652
AM,2024-04-10,2.4747710061494095,one-station,2.2096388609267317,-10.432640978716764
AM,2024-04-12,2.657891103787489,one-station,2.919157018594466,-2.270946622461306
AM,2024-04-17,3.7542435193124652,one-station,0.09487754803886736,-11.4022775889809
AM,2024-04-25,3.798575397000473,one-station,0.34192265820957246,-11.475171974344429
AM,2024-04-26,3.654388259977378,one-station,0.3502716421397467,-11.37489158389364
AM,2024-04-28,3.3420754194717457,one-station,0.46852421222899776,-10.84923189199023
AM,2024-04-30,3.0039794586113633,one-station,0.7799740062833873,-10.45054850848338
AM,2024-05-01,2.8476548265313792,one-station,0.4599485292515919,-9.274531628695344
AM,2024-05-02,2.6989973432346965,one-station,0.17632667076653852,-8.673501666066894
AM,2024-05-03,2.5577619348871856,one-station,0.19815965670834448,-9.309678707593788
AM,2024-05-04,2.4356887268723306,one-station,0.41191557814580665,-8.413809373912228
AM,2024-05-05,2.3294737475493354,one-station,0.5088409070743528,-7.686062831083651
AM,2024-05-06,2.22961950188549,one-station,0.4159806946913953,-8.082267747049581
AM,2024-05-07,2.141040454926787,one-station,1.0113529302912725,-7.035823346058136
AM,2024-05-08,2.072988801707668,one-station,0.28407813582742075,-7.365518452998929
AM,2024-05-10,1.9782030651478633,one-station,2.227388164946719,-8.302684856032624
AM,2024-05-11,1.9426228444937694,one-station,1.408098546428345,-6.61346178021314
AM,2024-05-12,1.912618945767993,one-station,1.1640534014918062,-7.9452908963945985
AM,2024-05-13,1.8923765460344957,one-station,1.254991812178614,-7.69954741757756
AM,2024-05-14,1.9040847963729743,one-station,1.4798242559968116,-8.89881182749823
AM,2024-05-15,1.9664433405054171,one-station,0.8470981028548071,-7.845483444618641
AM,2024-05-16,2.070045881164368,one-station,0.5175898989792006,-7.881085124715103
AM,2024-05-17,2.187117353313962,one-station,0.8324176816861628,-8.90672016864051
AM,2024-05-18,2.3087990320225122,one-station,0.6067900956781243,-8.919989328890052
AM,2024-05-19,2.437031364022391,one-station,0.8317167359600879,-9.238193197173617
AM,2024-05-20,2.568759304948539,one-station,0.8469906063148233,-9.19315008952504
AM,2024-05-21,2.6912112977738216,one-station,0.587243470804039,-10.147223170500205
AM,2024-05-22,2.812508199096624,one-station,0.00360294455911984,-9.547569185692875
AM,2024-05-23,2.9505848246473536,one-station,0.22801885660213791,-9.636410085589237
AM,2024-05-24,3.0907726858552773,one-station,0.25819965790314897,-9.756577855185526
AM,2024-05-25,3.2074188427924093,one-station,0.8520923034039007,-10.83033939279418
AM,2024-05-26,3.2834020812560607,one-station,0.2657266173376183,-10.452078081894095
AM,2024-05-27,3.3083787499109225,one-station,0.00971333704075742,-10.896391172149745
AM,2024-05-28,3.283707011210347,one-station,0.08204666689679302,-10.360655328963787
AM,2024-05-29,3.2199238681123887,one-station,0.21142310075356585,-10.562007172310338
AM,2024-05-30,3.128293801828652,one-station,0.6810143189149543,-10.181950220759736
AM,2024-05-31,3.0265895243195415,one-station,0.5930792343509156,-9.818927342178194
AM,2024-06-02,2.8681594150071543,one-station,0.06990251549856565,-8.985404067805884
AM,2024-06-03,2.8073601528033167,one-station,0.4306923880193727,-9.545639409108858
AM,2024-06-04,2.737168046639045,one-station,0.04601310460332053,-9.219800613483224
AM,2024-06-05,2.6514257276959894,one-station,0.34429316186158093,-8.445934816761149
AM,2024-06-06,2.5529582411316953,one-station,0.1794000571817232,-7.8029992522935485
AM,2024-06-07,2.450772541178746,one-station,0.20557789406289,-7.994040226425224
AM,2024-06-08,2.351419895530167,one-station,0.7790911831279721,-8.703319755503376
AM,2024-06-09,2.248586120186752,one-station,1.0294838242567803,-9.21056250010943
AM,2024-06-10,2.134735469009162,one-station,0.1920860378844652,-6.233685613924402
AM,2024-06-12,1.8897009021278077,one-station,0.5386174784640765,-7.729532019547814
AM,2024-06-13,1.7653734400193344,one-station,0.9620053160890252,-6.495525247729427
AM,2024-06-14,1.644096857499637,one-station,0.6697815684813729,-6.398670661237102
AM,2024-06-15,1.525895219660977,one-station,0.8622290978946462,-6.019543469008498
AM,2024-06-17,1.3286645891414428,one-station,4.140423228885101,-14.859526317512668
AM,2024-06-18,1.2481083045140418,two-station,0.13766507246443638,-4.256769189451561
AM,2024-06-19,1.1769439828497534,two-station,3.144800333019486,-2.733214499460521
AM,2024-06-20,1.1083196980995158,one-station,0.2556674846880726,-14.44268525272485
AM,2024-06-21,1.0450910672407832,one-station,0.2559134859149391,-14.257732844928144
AM,2024-06-22,0.9917822085472444,one-station,0.6266892066521722,-14.076511040026851
AM,2024-06-23,0.9442708128905205,one-station,0.6790276210608784,-14.12610468170544
AM,2024-06-24,0.9015210905641581,one-station,0.7392429799578228,-13.66357968020674
AM,2024-06-25,0.8575648419105238,one-station,2.8299285402651555,-14.92386459074739
AM,2024-06-26,0.8130032047628076,two-station,26.75308198000769,-6.4999676496755345
AM,2024-06-27,0.7784652859337619,one-station,1.0098668356484894,-12.977319232579326
AM,2024-06-28,0.7531361580609978,one-station,0.2670905911438515,-12.50105710217534
AM,2024-06-29,0.7251948146610022,one-station,0.9259511600230028,-12.766975313661376
AM,2024-06-30,0.7039984707656877,one-station,0.8009620386970882,-12.686697186156264
AM,2024-07-04,0.7458365955814936,one-station,2.0538817852662685,-13.313913467081289
AM,2024-07-05,0.8315135812428294,one-station,1.8146859134127384,-14.069594588450368
AM,2024-07-06,0.9211581995444335,one-station,2.354890725437201,-14.94077136156054
AM,2024-07-07,0.9726776270855143,one-station,3.012737546323268,-15.851368870127018
AM,2024-07-08,0.9749428788678279,one-station,2.2310670032377855,-15.122843651150848
AM,2024-07-09,0.9624668073241652,one-station,2.390307796424777,-15.100010615909389
AM,2024-07-10,0.9625372949473535,one-station,2.0482055375015005,-15.018888248458875
AM,2024-07-11,0.9704853742427595,one-station,2.958042512283978,-15.548212536469803
AM,2024-07-12,0.9907786730503454,one-station,3.4065495976360616,-16.090198358395714
AM,2024-07-13,1.028824369902421,one-station,3.900843796293953,-16.487988050436535
AM,2024-07-14,1.0749698543756723,one-station,3.896354292412504,-16.577797631837598
AM,2024-07-15,1.1074673527829044,one-station,3.135971471457519,-16.301572695115013
AM,2024-07-16,1.111112874155735,one-station,2.37344021018561,-15.41007577087554
AM,2024-07-17,1.0795768121738873,one-station,3.0014618762257275,-15.97415050068178
AM,2024-07-18,1.018766896700635,one-station,2.52695835950434,-15.189599806653694
AM,2024-07-19,0.9546696745503647,one-station,2.2456381456568715,-14.830134001622422
AM,2024-07-20,NA,one-station,3.7553035485602617,-15.845780856884728
AM,2024-07-21,NA,one-station,3.165520523347652,-15.323186650874572
AM,2024-07-22,NA,one-station,2.451903472426034,-15.014428174107673
AM,2024-07-23,0.9136925852514907,one-station,2.2563584921021715,-14.60656431554612
AM,2024-07-24,0.8786518454305243,one-station,2.2354306695426436,-14.6655210723467
GB,2022-05-23,0.5350429664657232,two-station,15.519849632541945,-11.454464765831036
GB,2022-05-24,0.5378940929103845,two-station,15.896206704086763,-10.162083295925022
GB,2022-05-25,0.5337509860561239,two-station,15.016389176489811,-10.346484464815491
GB,2022-05-26,0.5287518365287117,two-station,12.606770259443753,-10.948860786533444
GB,2022-05-27,0.5257792900678927,two-station,10.609761241703204,-10.362374142815204
GB,2022-05-28,0.5220281787413363,two-station,13.729110901281407,-8.316235700446416
GB,2022-05-29,0.517388629828796,two-station,15.01907686753636,-7.956841928515626
GB,2022-05-30,0.512841544074592,two-station,11.892729940886914,-8.508661756638645
GB,2022-06-30,0.47059766934818426,two-station,13.999636665525204,-8.228667277450308
GB,2022-07-01,0.4725656646164016,two-station,14.558852534150082,-8.949105577724058
GB,2022-07-02,0.4732880284762568,two-station,10.275360785693206,-8.82308349405002
GB,2022-07-03,0.47405923491320967,two-station,7.109089064741259,-7.999613754814408
GB,2022-07-04,0.4759824440786277,two-station,15.251799088216888,-7.816353503008729
GB,2022-07-05,0.47908988620707177,two-station,15.051042496940866,-8.386912753905694
GB,2022-07-06,0.48567879654237806,two-station,13.5437767026281,-7.296016999336827
GB,2022-07-07,0.4943573232985006,two-station,18.827774372123407,-7.3602851164622924
GB,2022-07-08,0.4980399434464034,two-station,15.032062170945531,-7.6127435778873265
GB,2022-07-09,0.49581796334706996,two-station,13.9995675506113,-7.8059101730552465
GB,2022-07-10,0.49281224100375776,two-station,7.830505928096658,-8.276850950350473
GB,2022-07-11,0.4934157730607556,two-station,8.600765509951286,-8.426292660995784
GB,2022-07-12,0.49901911782301006,two-station,11.108835694168326,-8.661789060375842
GB,2022-07-13,0.505965809458636,two-station,10.634385264254076,-8.129172282952528
GB,2022-07-14,0.5100196774173992,two-station,12.891226228555473,-8.719141892625426
GB,2022-07-15,0.5116048124742577,two-station,14.312880979030435,-7.20065488827553
GB,2022-07-16,0.5118797548414126,two-station,11.671956055424417,-9.215833709779725
GB,2022-07-17,0.5112270514790044,two-station,12.155772567985816,-8.451375861457056
GB,2022-07-18,0.5098721480933421,two-station,5.939648717039567,-8.36828197151941
GB,2022-07-19,0.5081490974306229,two-station,6.344765064287048,-8.844222275695381
GB,2022-07-20,0.5078098141759191,two-station,10.982040406817276,-8.110881314680958
GB,2022-07-21,0.5094129982855048,two-station,11.70309525907938,-7.625299358908884
GB,2022-07-22,0.5107326594015164,two-station,10.303238973430275,-8.79200833677959
GB,2022-07-23,0.5121222607040449,two-station,12.445756937028763,-8.385693452968068
GB,2022-07-24,0.5173661585334396,two-station,11.771978857530652,-8.233369159535243
GB,2022-07-25,0.5277030102306247,two-station,13.992812050775145,-8.452802864519741
GB,2022-07-26,0.5426222772206193,two-station,10.274217274444728,-9.881083986908566
GB,2022-07-27,0.5696640410918796,two-station,11.92448782914028,-10.334927419863757
GB,2022-07-28,0.6048300951310628,two-station,7.925956265256458,-12.312260351228538
GB,2022-07-29,0.6201186399400316,two-station,8.797220776451145,-13.00894023228298
GB,2022-07-30,0.6092071023187327,two-station,9.4533167591513,-11.969538660600708
GB,2022-07-31,0.5926403334180579,two-station,10.217766785875629,-11.9550693396463
GB,2022-08-01,0.5802953069478357,two-station,8.50744504708149,-10.257919654654316
GB,2022-08-02,0.5694561160824296,two-station,10.895633558643423,-11.321055218971596
GB,2022-08-03,0.5579716775254872,two-station,12.571582483551644,-10.406661368034454
GB,2022-08-04,0.5483513615378363,two-station,12.859304923631669,-10.509235417143836
GB,2022-08-05,0.5424648022314081,two-station,12.384588258636454,-10.455477163328691
GB,2022-08-06,0.5399334391060967,two-station,14.314066038529374,-9.06457250033026
GB,2022-08-07,0.5394410807824378,two-station,14.12823196493026,-10.08505743483114
GB,2022-08-08,0.5373574462938046,two-station,14.972095197587349,-10.642818477528124
GB,2022-08-09,0.5344514895847384,two-station,7.782628332242048,-10.23317474681344
GB,2022-08-10,0.5336855729795484,two-station,10.493541704962476,-10.072774108760854
GB,2022-08-11,0.533001354788061,two-station,8.042550332174137,-9.10869628982925
GB,2022-08-12,0.5298022276865852,two-station,13.602628597368398,-9.43870130099888
GB,2022-08-13,0.5239128349203489,two-station,6.242969156882954,-10.081886186044157
GB,2022-08-14,0.5214459952008036,two-station,12.885235920392748,-9.523387673677354
GB,2022-08-15,0.522669761936244,two-station,16.071351640370022,-8.387237804277865
GB,2022-08-16,0.5204273977065764,two-station,13.063908200778108,-8.171922919001268
GB,2022-08-17,0.5161650880730058,two-station,12.137356756083433,-9.831423535499338
GB,2022-08-18,0.514541807132141,two-station,9.698698446633584,-8.770940935600361
GB,2022-08-19,0.5147658153946612,two-station,11.15335388941873,-7.73667183361713
GB,2022-08-20,0.5158762135940388,two-station,9.828780592909212,-7.8187253250673425
GB,2022-08-21,0.5189916060050628,two-station,9.490912253118736,-8.54700003718152
GB,2022-08-22,0.5215014791967263,two-station,9.858481002674388,-9.81556793663438
GB,2022-08-23,0.5198089676016863,two-station,10.315885641627103,-8.989005290806709
GB,2022-08-24,0.5163612035143208,two-station,8.182829280465729,-8.244329782310887
GB,2022-08-25,0.5180864854779963,two-station,10.109789767147312,-9.486194744696013
GB,2022-08-26,0.5423424585641005,two-station,6.584216055077392,-10.975277477517627
GB,2022-08-27,0.5891795642939975,two-station,5.031195670567499,-12.086539784093912
GB,2022-08-28,0.63415618403614,two-station,4.335611621807968,-12.381363076826482
GB,2022-08-29,0.6802319378660924,two-station,1.0040304945205203,-14.63214610925711
GB,2022-08-30,0.7428481739518094,one-station,2.928245950608632,-22.911242103905035
GB,2022-08-31,0.8146217398522362,one-station,3.302225116328949,-23.271472063350977
GB,2022-09-01,0.8652842145044368,one-station,2.70994771704447,-24.57818001955085
GB,2022-09-02,0.881427260285853,one-station,2.120110694229367,-23.74183910635121
GB,2022-09-03,0.8744458807243807,one-station,1.949660760431442,-23.04886031917208
GB,2022-09-05,0.8510495342890463,one-station,1.8118195787253275,-22.660082607974253
GB,2022-09-06,0.8506258372881459,one-station,1.8262167699307168,-22.587264655768507
GB,2022-09-07,0.8552642962891612,one-station,2.1809703486314738,-23.33235428940653
GB,2022-09-08,0.8542133001561825,one-station,1.2107751777307607,-18.329749498932024
GB,2022-09-09,0.8408789725657541,one-station,1.2573028412501337,-20.79220281683343
GB,2022-09-10,0.8293823197001999,one-station,1.1294492710636486,-20.69943421611687
GB,2022-09-11,0.8440450029487256,one-station,2.07937242732233,-22.21340248581934
GB,2022-09-12,0.9062411890519209,one-station,1.8116542630616244,-21.36568348064645
GB,2022-09-13,0.9993235193777928,one-station,1.8412681316609096,-21.03758898281231
GB,2022-09-14,1.0566948856282568,one-station,1.963162934837502,-23.451431601634585
GB,2022-09-15,1.0435086912066773,one-station,1.599831191966948,-22.913522237573275
GB,2022-09-16,0.991433932853467,one-station,1.3316732105768785,-22.003609651570976
GB,2022-09-17,0.940320019389517,one-station,1.5790678564797869,-22.468290616485152
GB,2022-09-18,0.9041088870845475,one-station,1.8076562083638037,-22.457184873908293
GB,2022-09-19,0.8817953864565392,one-station,2.000480571243068,-23.75708492108048
GB,2022-09-20,0.8663404183081928,one-station,2.0703081467118123,-23.57794342146117
GB,2022-09-21,0.8518845032430404,one-station,2.0834643569577245,-23.773745484749966
GB,2022-09-22,0.8342643583109376,one-station,2.1283688626929194,-23.675952650162035
GB,2022-09-23,0.8105541304067431,one-station,2.271334935306215,-22.594269300456236
GB,2022-09-24,0.7864966160662032,one-station,1.8733975323439631,-22.372127964850357
GB,2022-09-25,0.7661933647980484,one-station,1.7673120205716006,-21.82061475963535
GB,2022-09-26,0.7458678900122979,one-station,2.080302575127781,-22.16498233081741
GB,2022-09-27,0.7253906222917299,two-station,1.5008440181421694,-14.251408301066482
GB,2022-09-28,0.7080847226418238,one-station,0.34862725578096915,-18.598417109117023
GB,2022-09-29,0.69333495045281,two-station,0.9439617172193716,-11.683528451107478
GB,2022-09-30,0.6785645406396431,two-station,1.441100469708897,-12.531017549491716
GB,2022-10-01,0.6640989725795324,two-station,0.5893414223978226,-12.325186406867882
GB,2022-10-02,0.651208189854951,two-station,2.26485979651008,-11.526223712538938
GB,2022-10-03,0.640815422539452,two-station,3.0481498266684133,-10.389962585137402
GB,2022-10-04,0.6328893951161444,two-station,3.91065219770941,-9.148983582076024
GB,2022-10-05,0.6252803909234818,two-station,4.733507151236773,-8.184666131789035
GB,2022-10-06,0.6169757055390959,two-station,4.655460315311963,-8.94546532816423
GB,2022-10-07,0.6078012295247451,two-station,4.573850368601157,-9.445909437412451
GB,2022-10-08,0.5960566168863513,two-station,4.726441862515309,-9.49624103901031
GB,2022-10-09,0.5873936136268971,two-station,6.131667998577406,-9.2054994658243
GB,2022-10-10,0.6269789136760671,two-station,5.050390986568679,-10.409308322713304
GB,2022-10-11,0.6378152356238954,two-station,6.278939994246649,-11.176265035881482
GB,2022-10-12,0.6307113126486614,two-station,6.455278860697824,-13.752783759589477
GB,2022-10-13,0.6293940102793718,two-station,4.421815444206449,-13.06031305639319
GB,2022-10-14,0.6234312381895991,two-station,6.961073522032593,-10.83294034522222
GB,2022-10-15,0.6141369444542768,two-station,6.004340111923844,-8.714517983719032
GB,2022-10-16,0.606883412260617,two-station,6.446540926449884,-8.37921622070175
GB,2022-10-17,0.6030113292675928,two-station,5.686081632556505,-10.393311234859343
GB,2022-10-18,0.6032271138237149,two-station,8.78833887756668,-8.882276315145061
GB,2022-10-19,0.5952525985560682,two-station,11.022317229395329,-1.9114273254019976
GB,2022-10-20,0.5899541124798297,two-station,7.165436345628811,-2.9892264968666487
GB,2022-10-21,0.5865320511865244,two-station,8.62130503155452,-2.1094331157113175
GB,2022-10-22,0.5807301778170266,two-station,7.877520831554147,-3.318466608166708
GB,2022-10-23,0.5747414891842447,two-station,9.419742293955016,-3.7465126732578287
GB,2022-10-24,0.5698808836552096,two-station,9.66044919540797,-4.9010802016529365
GB,2022-10-25,0.5691419314373277,two-station,11.24320726089532,-5.473092980562022
GB,2022-10-26,0.5661061986902671,two-station,10.63093688058043,-7.394726043649562
GB,2022-10-27,0.5627961791235385,two-station,11.846703715654492,-6.842814031275253
GB,2022-10-28,0.5572301938790121,two-station,15.916879309844674,-7.835490258374207
GB,2022-11-07,0.5357158476757462,two-station,16.61124866350331,-3.0565752798258075
GB,2022-11-08,0.5318792991345153,two-station,10.742357942450452,-0.9985845950180006
GB,2022-11-09,0.5348002668787804,two-station,12.569715563692986,-0.7476432327089448
GB,2022-11-10,0.5416703621063005,two-station,4.561112583065234,-4.477422106611539
GB,2022-11-11,0.5394870192888335,two-station,13.96381989412408,-5.792396536901265
GB,2022-11-12,0.5397900870644619,two-station,13.052106820678263,-3.8819256673886895
GB,2022-11-13,0.5474618899918411,two-station,11.929911354036786,-3.5206370151165554
GB,2022-11-14,0.5521234649313784,two-station,12.744158070562436,-3.4057725319846717
GB,2022-11-15,0.5553291873725162,two-station,11.067842026315512,-4.809191530399254
GB,2022-11-16,0.5577300485947599,two-station,14.158298314747327,-4.812205410364309
GB,2022-11-17,0.5588607120896838,one-station,2.2014000128223485,-16.243915988106725
GB,2022-11-18,0.558383253690376,one-station,1.913905966997682,-15.69907207042512
GB,2022-11-19,0.5565597355520715,two-station,9.754040968801466,-0.15759958604055177
GB,2022-11-20,0.5542164772723751,two-station,6.669155454495797,-0.964053402479978
GB,2022-11-21,0.5500489941711646,two-station,12.006406530279374,-1.9496991974554616
GB,2022-11-22,0.5476320633661624,two-station,14.835847387099736,-1.9939667946390829
GB,2022-11-23,0.5468559531685663,two-station,17.218602733402943,-2.45404468511947
GB,2022-11-24,0.5447494892286031,two-station,14.799336802621076,-4.060511514456718
GB,2022-11-25,0.5411074855482388,two-station,13.472921897996889,-5.657025762369987
GB,2022-11-26,0.5382063969509899,two-station,11.74971596332018,-5.2501066836023496
GB,2022-11-27,0.5387426075786144,two-station,10.992608968688405,-3.758808767863802
GB,2022-11-28,0.5360116300875469,two-station,8.716402873246192,-2.1052886577739875
GB,2022-11-29,0.532552399569301,two-station,9.302894812598216,-3.7049842628704384
GB,2022-11-30,0.5332211623809239,two-station,12.765873326513637,-2.061246082898068
GB,2022-12-01,0.5317100761148934,two-station,10.682644970627484,-1.7881963682165818
GB,2022-12-02,0.529370549368219,two-station,10.788640182194827,-0.6184568843699592
GB,2022-12-03,0.5296627224508657,two-station,8.0191620984133,-1.8666744734388303
GB,2022-12-04,0.530902182105987,two-station,10.83299888993172,-2.5673923663406435
GB,2022-12-05,0.5291932974071122,two-station,16.101162946675533,-2.6792279429195545
GB,2022-12-06,0.5263438668994421,two-station,15.13831050311251,-1.5621371370839596
GB,2022-12-07,0.5251140117668981,two-station,10.002583285414728,-0.8212220504726998
GB,2022-12-08,0.5247798580765763,two-station,9.32820049123942,-1.8964801945798777
GB,2022-12-09,0.5236191885252922,two-station,9.0463906261785,-1.1828672318678035
GB,2022-12-10,0.5214836607022887,two-station,11.889211852645314,-1.2549710815689588
GB,2022-12-11,0.5211196746487997,two-station,8.550411291910667,-0.9335214680085848
GB,2022-12-12,0.5199957307101493,two-station,11.507127411248776,-1.233395777423418
GB,2022-12-13,0.5180204714314492,one-station,2.0324970789396786,-16.191615759499175
GB,2022-12-14,0.5173002876052893,two-station,12.118375411445037,-1.298780711396582
GB,2022-12-15,0.5175358845682846,two-station,8.128906671409368,-2.979487073883961
GB,2022-12-16,0.515873596690079,one-station,1.830952870879882,-15.214571068619652
GB,2022-12-17,0.513825242481808,one-station,1.8488534695569656,-15.75485915536087
GB,2022-12-18,0.5134370951924204,one-station,1.7931290732881573,-14.572131847641897
GB,2022-12-19,0.5129961333266857,one-station,1.7082044650770918,-15.38665876716576
GB,2022-12-21,0.5119899217570132,one-station,1.8408285961055864,-16.011265092511408
GB,2022-12-22,0.5120570231442538,one-station,2.2009765413569253,-16.684940258143836
GB,2022-12-23,0.5114528476165298,one-station,1.778070000982184,-14.041189843637085
GB,2022-12-24,0.5100089225580685,one-station,1.7279027931856512,-12.897618469086296
GB,2022-12-25,0.5094215042670532,one-station,1.6952952704770698,-13.43142278552454
GB,2022-12-26,0.5086651054950685,one-station,1.654402640389419,-13.635398668190373
GB,2022-12-27,0.5065496276371136,one-station,1.369213849236205,-14.08073034564526
GB,2022-12-28,0.5036565009292394,one-station,1.4304660789290158,-14.788229710654155
GB,2022-12-29,0.502360314202143,one-station,1.802459552591225,-16.11072830513078
GB,2022-12-30,0.5019011256715994,one-station,2.0965984468513623,-16.881373752053946
GB,2022-12-31,0.5009483303783091,two-station,7.0058437924639065,-0.8269179289417625
GB,2023-01-01,0.49986562233621684,two-station,11.136996980150048,-0.36040319739622095
GB,2023-01-02,0.4983337273544363,two-station,11.083485677188744,-1.4923971443105917
GB,2023-01-03,0.497972546135443,one-station,1.896303005456602,-17.358707284308487
GB,2023-01-04,0.5009419758344278,two-station,0.1233098647637778,-22.33103113793494
GB,2023-01-05,0.5029795210582536,two-station,6.1934246500859675,-18.35024611284136
GB,2023-01-06,0.5027028616108751,two-station,7.8107905587936015,-9.44010707874007
GB,2023-01-07,0.5032427603008082,two-station,7.605517048825869,-8.773181049859616
GB,2023-01-08,0.5049070441513855,two-station,6.509982703695127,-12.741014541341006
GB,2023-01-09,0.5060500437702597,two-station,5.330205323996669,-15.871792074548102
GB,2023-01-10,0.5048411269483243,two-station,9.828949962928151,-12.54408581862824
GB,2023-01-11,0.5022306716297602,two-station,7.462097012839222,-12.206795341909825
GB,2023-01-12,0.5031057054245777,two-station,6.944746994464639,-15.428171052658136
GB,2023-01-13,0.5063942932118778,two-station,5.6769334391919966,-17.499804233698928
GB,2023-01-14,0.5038998441255255,two-station,12.417670041057091,-2.2705195640849936
GB,2023-01-15,0.5025972658112176,two-station,15.373828674331136,-4.052052960126531
GB,2023-01-16,0.503396461698851,two-station,8.100325647136755,-9.04616024492086
GB,2023-01-17,0.5017057361895692,two-station,9.361342967918542,-9.182971310837974
GB,2023-01-18,0.49763202358875286,two-station,11.831558245282062,-2.6481933414903747
GB,2023-01-19,0.4955313084518086,two-station,12.583135016793786,-5.863686648419596
GB,2023-01-20,0.49587128590705437,two-station,14.749942786577227,-1.519243733465709
GB,2023-01-21,0.4958031692273677,one-station,1.6342509349091303,-16.954171328632704
GB,2023-01-22,0.49702350272571294,two-station,12.36125421388464,-4.7815627593676275
GB,2023-01-23,0.49498101321581145,two-station,19.62478734434592,-1.033112218342611
GB,2023-01-24,0.49392570543757497,one-station,2.548400479172539,-16.344828234747332
GB,2023-01-25,0.4974581202168589,two-station,11.507790271067774,-2.972551026214577
GB,2023-01-26,0.4972686626824985,two-station,20.77996267268906,-1.9626572055587364
GB,2023-01-27,0.4945081264603506,one-station,1.844554251317973,-13.369310841287628
GB,2023-01-28,0.49440390369894394,one-station,2.6131512787664035,-15.975901088821162
GB,2023-01-29,0.49472320436633926,two-station,14.084874321493963,-5.035394446595455
GB,2023-01-30,0.49541545939129533,two-station,18.25695533145909,-2.815422934869245
GB,2023-01-31,0.49453355141261,two-station,21.79157966768195,-3.049520410289144
GB,2023-02-01,0.4924430234037507,two-station,12.29367873453636,-1.96221908229143
GB,2023-02-02,0.49202461965631206,two-station,13.76747615001561,-4.79647777876482
GB,2023-02-03,0.49282245602377667,two-station,21.5611860337789,-5.454514220131007
GB,2023-02-04,0.4919316613745865,one-station,2.653476508923311,-15.275424968801728
GB,2023-02-05,0.4942997234759536,two-station,16.723879570655726,-0.5179140227845025
GB,2023-02-06,0.49494062296530694,one-station,2.624515353046172,-15.741807943898834
GB,2023-02-07,0.49021984048003786,one-station,2.8102795619716403,-16.448981246423678
GB,2023-02-08,0.4683963282027264,two-station,14.780809476375042,-3.135811633774541
GB,2023-02-09,0.4546288086783383,two-station,13.916973569542114,-4.955639905275101
GB,2023-02-10,0.45718061325689924,two-station,21.60063458039473,-7.1770484856950185
GB,2023-02-11,0.4537159447640483,two-station,6.950068885859668,-6.984918839629744
GB,2023-02-12,0.4600858705979011,two-station,20.634086667914787,-3.412669121064327
GB,2023-02-13,0.46755379353924437,two-station,17.1504569227156,-1.3041803013641031
GB,2023-02-14,0.4707764258373441,two-station,15.228786032740798,-2.74360425355588
GB,2023-02-15,0.47305888180167743,two-station,13.45762350315076,-6.162304290549969
GB,2023-02-16,0.47459552818051576,two-station,19.090891177578243,-5.570589934709291
GB,2023-02-17,0.4834462999168165,two-station,16.39447693872028,-5.258686677567372
GB,2023-02-18,0.4888163151759652,one-station,3.20787367918649,-16.142150617917107
GB,2023-02-19,0.48898604782624094,two-station,18.097217547636617,-4.526940035528336
GB,2023-02-20,0.49067522305187367,two-station,16.21828433912733,-5.042421123460411
GB,2023-02-21,0.4885645309454592,two-station,23.05153294473448,-5.8637773448774775
GB,2023-02-22,0.48450840930116884,two-station,21.58732429648995,-8.336938297277824
GB,2023-02-23,0.48240708897012935,two-station,20.85536833776397,-5.658649805475313
GB,2023-02-24,0.4816657572309825,two-station,22.6616746023402,-7.847632511101706
GB,2023-02-25,0.4818356179042678,two-station,25.109262676831428,-5.15090984603391
GB,2023-02-26,NA,one-station,3.281288545775472,-19.42215038587988
GB,2023-02-27,NA,one-station,3.545452264347555,-20.176946156931415
GB,2023-02-28,NA,one-station,3.524819654746121,-20.091455363322925
GB,2023-03-01,NA,one-station,3.566239662342644,-19.40405078651787
GB,2023-03-02,0.47691834251979853,one-station,3.890663534646455,-19.688249120817343
GB,2023-03-03,0.4749662629616408,two-station,8.837917899890117,-19.90491104102999
GB,2023-03-04,0.4728700813512504,two-station,4.078317745518798,-20.7970346466743
GB,2023-03-05,0.47152004671912895,two-station,9.49119994124054,-18.23957925075228
GB,2023-03-06,0.47161919922388856,two-station,10.92537762303582,-16.77501833017935
GB,2023-03-07,0.47139216392816746,two-station,8.237933696560257,-18.223765580000475
GB,2023-03-08,0.46847964488599997,two-station,15.214072452592209,-13.381566807763496
GB,2023-03-09,0.4684952480509687,two-station,10.854505843043514,-10.03050416755014
GB,2023-03-10,0.47067802099407574,two-station,8.598586217476516,-13.17118173316694
GB,2023-03-11,0.4694173856191025,two-station,9.718056379332896,-11.8912648249675
GB,2023-03-12,0.4691386147301942,two-station,6.74839054256231,-17.81455750605709
GB,2023-03-13,0.47325028904791105,two-station,7.634269643986535,-16.08498455360002
GB,2023-03-14,0.4779897093821632,two-station,15.107975567923102,-5.592541391609755
GB,2023-03-15,0.48930401412888913,two-station,17.196488865853812,-1.383644876940462
GB,2023-03-16,0.5040498904451391,two-station,13.186561147631217,-1.9626959381245728
GB,2023-03-17,0.5172541055314529,two-station,10.331865705464793,-6.11064309615079
GB,2023-03-18,0.5256486227906817,two-station,5.9196986609083595,-7.6442210262696895
GB,2023-03-19,0.5265501747587858,two-station,14.22089497584983,-1.2870715128538743
GB,2023-03-20,0.526087022613912,two-station,11.781219502332226,-0.6506495489090209
GB,2023-03-21,0.5250732312554315,two-station,13.997787415462025,-4.613112458186259
GB,2023-03-22,0.5229724774708382,two-station,15.920408340544968,-5.491211551313583
GB,2023-03-23,0.5110024858622843,two-station,13.923245287275106,-5.278719468011353
GB,2023-03-24,0.4978840242094999,two-station,13.033639785264889,-5.306720412585741
GB,2023-03-25,0.4904250893860393,two-station,13.860571644694796,-8.454703921549276
GB,2023-03-26,0.481771644168075,two-station,14.824914251602298,-9.70401656578902
GB,2023-03-27,0.47582734014833583,two-station,17.21648940465483,-8.012882411011509
GB,2023-03-28,0.4735481216518959,two-station,20.689113640507024,-7.606777194747665
GB,2023-03-29,0.46786626373638934,two-station,21.593577147314853,-3.959732615086953
GB,2023-03-30,0.46006105491324123,two-station,13.210612357424734,-2.9388037756349137
GB,2023-03-31,0.4574054470161167,two-station,12.277201318215072,-4.937905212458125
GB,2023-04-01,0.4574887855327787,two-station,13.817637881319722,-5.938420570228958
GB,2023-04-02,0.45701101823895895,two-station,16.764358642995532,-5.832041047152014
GB,2023-04-03,0.453462851620772,two-station,15.581940644446275,-1.957687396645748
GB,2023-04-04,0.4486980760851231,two-station,13.619615399567282,-5.0743861615980785
GB,2023-04-05,0.444788669479172,two-station,14.423690116887231,-6.020713325500332
GB,2023-04-06,0.442090711381724,two-station,17.377785577484243,-7.002762494597577
GB,2023-04-07,0.44048896851741803,two-station,18.91365330574051,-5.766158599324095
GB,2023-04-08,0.4416698448941964,two-station,14.356104912378765,-3.928026388733634
GB,2023-04-09,0.44299033839443336,two-station,28.367442441796328,-3.798922474694634
GB,2023-04-10,0.4401939200739785,one-station,2.804823493677917,-13.665148951213975
GB,2023-04-11,0.43796353346217276,one-station,3.258151722589294,-13.912106700054483
GB,2023-04-12,0.4377366388816502,two-station,22.42755320646295,-3.612032633337323
GB,2023-04-13,0.4376326175528797,two-station,22.766695298639227,-4.299283518836735
GB,2023-04-14,0.43692553415090385,two-station,21.44537181809873,-3.4336652257879043
GB,2023-04-15,0.43506405449224683,two-station,14.411916555386028,-4.913333747534636
GB,2023-04-16,0.4342579934238065,two-station,20.78489958903685,-5.802951563541583
GB,2023-04-17,0.43378547953635077,two-station,19.42495303862605,-4.217715802203571
GB,2023-04-18,0.42898790069932513,two-station,14.24449792119097,-1.1098710255060826
GB,2023-04-19,0.424874036608977,two-station,19.538388749043506,-1.888800983300944
GB,2023-04-20,0.42308557654950374,two-station,18.17483616179215,-3.3829139888885145
GB,2023-04-21,0.42377113779255665,two-station,15.822943814151584,-3.363194028661634
GB,2023-04-22,0.4247733199950285,two-station,20.118918575534742,-4.12534146740757
GB,2023-04-23,0.4212097817698136,two-station,19.453183805401824,-3.364042484324179
GB,2023-04-24,0.41749586978599296,two-station,22.615175749343237,-1.9846869633983433
GB,2023-04-25,0.4158675173948813,two-station,22.391630561967695,-3.20172458915541
GB,2023-04-26,0.414033357321945,two-station,24.856986418630573,-4.611729544450394
GB,2023-04-27,0.414104003176471,two-station,27.536139223110343,-5.931949220920721
GB,2023-04-28,0.4136100005907013,two-station,25.661512568399782,-5.839265253845512
GB,2023-04-29,0.41340345388731853,two-station,24.596354155903896,-5.551405671797704
GB,2023-04-30,0.4163524850364388,two-station,23.973963074663335,-6.177420843039298
GB,2023-05-01,0.4135457546223939,two-station,23.474584970844216,-2.5229038723089623
GB,2023-05-02,0.4103399347553924,two-station,25.050065847510904,-2.815648056562866
GB,2023-05-03,0.41025071777731237,two-station,18.51136499536178,-1.9031417362521763
GB,2023-05-04,0.4085635830491446,two-station,16.881578733624163,-1.3629750018386524
GB,2023-05-05,0.40432913309948226,two-station,23.1512133579297,-3.3100639048154865
GB,2023-05-06,0.40163547606992206,two-station,31.01476299944305,-3.257691865017585
GB,2023-05-07,0.4004689186082694,two-station,24.61296835822527,-3.107742550530234
GB,2023-05-08,0.39990631665072623,two-station,24.53020466436549,-3.293870406887711
GB,2023-05-09,0.3996805480817245,one-station,4.731223493034232,-13.295124437345898
GB,2023-05-10,0.3990948769951153,two-station,32.498663338483446,-5.352626744321988
GB,2023-05-11,0.3995063510158997,one-station,5.097732969783398,-14.29138177948113
GB,2023-05-12,0.40020011331304894,two-station,31.727657063938885,-8.456293908725852
GB,2023-05-13,0.40047428508210975,two-station,28.13262120192484,-9.924052461775943
GB,2023-05-14,0.39893201114848514,two-station,30.971672649470033,-7.62756109228994
GB,2023-05-15,0.3976586295657576,two-station,33.27691907044534,-8.047535010183193
GB,2023-05-16,0.39869220314032866,two-station,30.296417103523027,-7.711830769734314
GB,2023-05-17,0.39914347091301605,two-station,26.805626201897404,-8.26242384378004
GB,2023-05-18,0.39628366651039904,two-station,24.267151040215293,-7.820524705580901
GB,2023-05-19,0.4100675834094282,two-station,29.56663690728689,-7.319582996526956
GB,2023-05-20,0.4302076828081526,two-station,22.55432951672153,-7.56356321578645
GB,2023-05-21,0.41360315778606144,two-station,31.93545831109186,-9.93630153374955
GB,2023-05-22,0.39176546201865475,one-station,4.550599577180567,-12.901557532178394
GB,2023-05-23,0.3894155522066445,one-station,4.31293777629695,-13.554834894892156
GB,2023-05-24,0.3921032532318469,one-station,4.475924469593238,-12.48335330670166
GB,2023-05-25,0.3955335148911741,one-station,4.581294576976156,-12.945741943360996
GB,2023-05-26,0.40092483536676177,two-station,29.02650140266155,-5.187392419977855
GB,2023-05-27,0.4072252254470494,two-station,20.007635104290873,-4.019796986093518
GB,2023-05-28,0.4112515868425021,two-station,20.52967862597933,-5.5517952675876145
GB,2023-05-29,0.4134755374766296,two-station,32.32466353369746,-4.832589578773651
GB,2023-05-30,0.41545913459735473,two-station,32.449023883668325,-7.155213710966269
GB,2023-05-31,0.41638994421803155,one-station,5.82653084543573,-15.931459773143231
GB,2023-06-01,0.41525021309986027,two-station,28.21415334156655,-8.767873402738442
GB,2023-06-02,0.41318670961698595,two-station,33.006046694599405,-8.45871182093812
GB,2023-06-03,0.4119144666762714,two-station,27.98450605469122,-9.766102644997996
GB,2023-06-04,0.41139784091936904,two-station,25.19012127345517,-10.652513640617318
GB,2023-06-05,0.4081187261660778,two-station,31.77649585902048,-9.74475877531051
GB,2023-06-06,0.40322273871903913,two-station,26.76730434722572,-9.126162742342885
GB,2023-06-07,0.4011861736338331,two-station,30.903729313722668,-11.082575064913357
GB,2023-06-08,0.39894626348049783,two-station,25.916898309439897,-10.222930475360409
GB,2023-06-09,0.3941266403738885,two-station,25.18060238314329,-11.215896698777412
GB,2023-06-10,0.3901929582041741,two-station,27.416444698526245,-10.256112140872656
GB,2023-06-11,0.3886586031855049,two-station,25.544166756224765,-10.7799124849135
GB,2023-06-12,0.3873046632279687,two-station,26.148724830063333,-8.928838823954987
GB,2023-06-13,0.38524636544857793,two-station,21.540044186699458,-11.68321750723355
GB,2023-06-14,0.38517006179944974,two-station,28.234200462560647,-11.181737400540548
GB,2023-06-15,0.3885992755594179,two-station,19.766679922488297,-11.535703690028605
GB,2023-06-16,0.390754592148631,two-station,31.1181623392638,-7.030363019278186
GB,2023-06-17,0.39136618050942396,two-station,21.627109752072712,-10.842317842537003
GB,2023-06-18,0.39118591548230786,two-station,22.61209734500988,-11.21362364866125
GB,2023-06-19,0.3925612298755329,two-station,24.39632976812401,-9.749851160817332
GB,2023-06-20,0.39893177210124425,two-station,27.070946822916454,-8.746582774188889
GB,2023-06-21,0.40887158326760203,two-station,19.412808997077104,-8.737423522876623
GB,2023-06-22,0.4196435543617395,two-station,13.777176469101532,-7.44489764159185
GB,2023-06-23,0.42867376631349585,two-station,23.839345390700423,-7.2307146549354995
GB,2023-06-24,0.4445674365810176,two-station,21.71500925490866,-9.43520938535
GB,2023-06-25,0.470290790963708,two-station,18.33351981070156,-9.23041234813299
GB,2023-06-26,0.5027775943453218,two-station,20.93703826312679,-9.531240370700772
GB,2023-06-27,0.5435708760922047,two-station,14.338106456551335,-12.317125331598758
GB,2023-06-28,0.5832945252146112,two-station,7.409348129244254,-14.69498243618778
GB,2023-06-29,0.6001335619179708,two-station,11.27573804434178,-14.25644183094724
GB,2023-06-30,0.6027433495825952,two-station,9.78529019093332,-13.946843824131458
GB,2023-07-01,0.6012315102781043,two-station,10.528789053830751,-14.402409206346292
GB,2023-07-02,0.5946057450170081,two-station,10.853473073363949,-14.925989784720471
GB,2023-07-03,0.5857281467801744,two-station,9.509042451043303,-14.477174296107677
GB,2023-07-04,0.5737514329922336,two-station,14.452417640844166,-14.044510133640957
GB,2023-07-05,0.5591257204560629,two-station,11.828776265915538,-13.062479830633247
GB,2023-07-06,0.5477537021238776,two-station,9.802841894557767,-13.226478353625325
GB,2023-07-07,0.5401071075652525,two-station,11.570145327965012,-13.323897230129512
GB,2023-07-08,0.5310127069863884,two-station,14.3453184187289,-11.206337736240146
GB,2023-07-09,0.5234776424185962,two-station,10.648799476763983,-11.31631694384827
GB,2023-07-10,0.5294697311647463,two-station,7.29859198758464,-10.034839085928702
GB,2023-07-11,0.5391026017989565,two-station,11.766804899793536,-11.70468551071686
GB,2023-07-12,0.5437725015401026,two-station,10.688700714636065,-11.922405859384444
GB,2023-07-13,0.5565723713369349,two-station,11.072805285462335,-12.409925064649116
GB,2023-07-14,0.5683347071535376,two-station,7.389427318476992,-12.80100243904516
GB,2023-07-15,0.5719062302658734,two-station,6.447467856583663,-10.660778140470104
GB,2023-07-16,0.5778560750913211,two-station,4.121139278028387,-13.183050713960302
GB,2023-07-17,0.5822428788528309,two-station,10.449073289051883,-12.32467599180509
GB,2023-07-18,0.581790468241018,two-station,7.587200794788691,-13.832023246044484
GB,2023-07-19,0.5795175634167782,two-station,7.912979478456982,-14.506371458777108
GB,2023-07-20,0.5792042526810989,two-station,8.855687452144544,-14.232147101454265
GB,2023-07-21,0.5821211686834511,two-station,8.29817079163324,-15.804606522369845
GB,2023-07-22,0.5844234333428091,two-station,4.514150019147811,-16.46618581235127
GB,2023-07-23,0.5809878382348141,one-station,1.4870059352469571,-21.955398176196994
GB,2023-07-24,0.5711885753340485,two-station,3.125441009073151,-16.425129975532403
GB,2023-07-25,0.5605802767888827,two-station,4.864179548175614,-15.83686400700858
GB,2023-07-26,0.5529330054968543,two-station,4.165872577367843,-16.700804156672397
GB,2023-07-27,0.5487707540194398,two-station,5.233260215203994,-16.928744908180338
GB,2023-07-28,0.5533964119039169,two-station,5.4564179495768,-18.49670356315954
GB,2023-07-29,0.5626720953788154,two-station,4.752068277376602,-16.52465694325528
GB,2023-07-30,0.5687928206966799,two-station,5.4529097038683,-16.23638222675306
GB,2023-07-31,0.5694310531877975,two-station,4.998768737315756,-15.590023631907249
GB,2023-08-01,0.5698945205392495,two-station,8.717189369021735,-12.636609598923831
GB,2023-08-02,0.5728225980731247,two-station,6.948942444328285,-14.323654989457957
GB,2023-08-03,0.5996779404047639,two-station,5.214783850814563,-15.615332626553856
GB,2023-08-04,0.7080881959877354,one-station,1.6641115396226285,-12.548055588584957
GB,2023-08-05,0.8510521310797735,one-station,2.328912870440227,-21.870237269867815
GB,2023-08-06,0.9124123175859373,one-station,2.603921354926934,-25.534259401356582
GB,2023-08-07,0.9066194521366872,one-station,2.20912093079411,-23.8212706812944
GB,2023-08-08,0.8796205510644854,one-station,1.8754757165091664,-23.390546338287788
GB,2023-08-09,0.8531136956346239,one-station,1.934482762350948,-23.170352473984412
GB,2023-08-10,0.8286499478371221,one-station,1.8741003794305673,-22.773605899010853
GB,2023-08-11,0.8045517311541173,one-station,2.296439163715298,-23.63678418479483
GB,2023-08-12,0.7799753588574102,one-station,2.3574549665466593,-22.77618505634895
GB,2023-08-13,0.7548703914340991,one-station,2.2235134718056764,-22.446670090886613
GB,2023-08-14,0.7323441377546093,one-station,0.7905866529528349,-15.90535195578054
GB,2023-08-15,0.7153766115997514,one-station,1.8310502136821163,-21.52063087590748
GB,2023-08-16,0.7086243139333354,one-station,1.495696726130135,-17.847156087233415
GB,2023-08-17,0.7051885283546094,one-station,2.4845120399698155,-22.16070518849272
GB,2023-08-18,0.6990602815510107,one-station,2.633912396307786,-22.81131344004734
GB,2023-08-19,0.6941047998647272,one-station,2.147131704621198,-21.286140422542697
GB,2023-08-20,0.6909332411813756,one-station,2.303413664782442,-22.1272655309258
GB,2023-08-21,0.689356319010737,one-station,2.372228083771731,-21.893740627043258
GB,2023-08-22,0.6885501833055028,one-station,2.3001405518662357,-21.45176937183089
GB,2023-08-23,0.6847767197121889,two-station,0.31692214660433926,-16.21989819872992
GB,2023-08-24,0.6751232271051083,two-station,1.6435959355607554,-15.936733117505964
GB,2023-08-25,0.6630992908763882,two-station,1.103850610127055,-16.325012971270333
GB,2023-08-26,0.6515575025599192,two-station,2.957456754520094,-15.965607180806474
GB,2023-08-27,0.6399198956636735,two-station,3.268969523874439,-15.314064749245851
GB,2023-08-28,0.6271581867167334,two-station,2.344140884637385,-14.799252920318096
GB,2023-08-29,0.6168245697156578,two-station,5.0826891299561145,-15.410368873588432
GB,2023-08-31,0.6078631373056979,two-station,3.11292506908502,-15.37965684374795
GB,2023-09-01,0.5984547156598656,two-station,5.262030094687964,-14.48886818989532
GB,2023-09-02,0.5959174710931668,two-station,8.163409174321915,-15.149939291455684
GB,2023-09-03,0.6001588347139462,two-station,5.014929169410642,-14.132673693524522
GB,2023-09-04,0.6078091789186086,two-station,5.978218625040007,-14.579331676167676
GB,2023-09-05,0.6113004484982946,two-station,6.291385120619333,-14.289289360392486
GB,2023-09-06,0.613609465252632,two-station,4.877244517258782,-14.857619814153924
GB,2023-09-07,0.6140999980960651,two-station,5.393915922248126,-14.957552521364152
GB,2023-09-08,0.6096102419659892,two-station,3.9532228345617817,-15.993035863444646
GB,2023-09-09,0.6023835192599363,two-station,2.6159483895828615,-13.610655303807182
GB,2023-09-10,0.5939500005955572,two-station,2.5335671208130366,-15.90124884478417
GB,2023-09-11,0.58589247067882,two-station,5.656565353140978,-15.03304611380952
GB,2023-09-12,0.5818351888783926,two-station,6.0697973367689375,-14.43427820030344
GB,2023-09-13,0.5824958726366328,two-station,6.525960951342255,-15.38322016628155
GB,2023-09-14,0.5821607931206852,two-station,7.469275308850181,-14.662219634076964
GB,2023-09-15,0.5768617587040477,two-station,6.928394215013569,-14.17402076948064
GB,2023-09-16,0.5682719215718433,two-station,7.25572262502926,-14.749990060379536
GB,2023-09-17,0.5614920089439653,two-station,5.961250952085344,-14.40760389820433
GB,2023-09-18,0.5561940358664976,two-station,7.571763755458608,-12.916272997233008
GB,2023-09-19,0.5506334640807817,two-station,9.323438399887062,-11.296697609039803
GB,2023-10-04,0.49936640438162216,two-station,14.949803854383712,-10.80585184768209
GB,2023-10-05,0.49415493544429806,two-station,15.0245077686358,-9.451523760318358
GB,2023-10-06,0.4917589276218765,two-station,16.010196642562647,-10.47674595698919
GB,2023-10-07,0.4896165068363901,two-station,10.864522044227042,-10.194003717997544
GB,2023-10-08,0.48703784127208155,two-station,14.084322977764224,-7.074660724581203
GB,2023-10-09,0.4829119593770264,two-station,18.255641863368773,-3.71249588010564
GB,2023-10-10,0.4784656064086178,two-station,12.640759579299685,-6.8179606105835155
GB,2023-10-11,0.48102914091302656,two-station,6.653261267462238,-7.05696942595155
GB,2023-10-12,0.4874974616828194,two-station,8.33203261574236,-9.586125639108694
GB,2023-10-13,0.4860779519733703,two-station,13.998457180098994,-11.0600898336419
GB,2023-10-14,0.4861922884486592,two-station,13.478844946643868,-9.724679746650375
GB,2023-10-15,0.4933763954379819,two-station,12.0893321225648,-8.41459691399888
GB,2023-10-16,0.5017983358469751,two-station,13.690009172269177,-5.730952785389051
GB,2023-10-17,0.5073060945555437,two-station,14.314443741494788,-5.429917957179437
GB,2023-10-18,0.5116805930177021,two-station,11.946802986751562,-5.34665344371126
GB,2023-10-19,0.5164248605324808,two-station,14.50324432091148,-6.024454197259747
GB,2023-10-20,0.5206432330890404,two-station,12.55767651930912,-8.796362540439727
GB,2023-10-21,0.5192441719201546,two-station,11.380142593418944,-9.602181775884068
GB,2023-10-22,0.5125786769749988,two-station,14.93594504730978,-7.499586231140975
GB,2023-10-23,0.5056362484158246,two-station,15.602341433213436,-8.1517323415413
GB,2023-10-24,0.4986746626294583,two-station,12.56405718963355,-8.427303796226635
GB,2023-10-25,0.4935337621102562,two-station,14.606870108005,-9.11979292262891
GB,2023-10-26,0.48931257409522233,two-station,15.895315417907089,-9.18288743536988
GB,2023-10-27,0.4850579438145134,two-station,14.037297645191796,-10.335326742217566
GB,2023-10-28,0.4807623998449485,two-station,12.196971112431523,-10.638016448402157
GB,2023-10-29,0.47755788195248255,two-station,16.058970141732047,-6.833621571118703
GB,2023-10-30,0.47540740003017345,two-station,14.456953479152302,-7.783507226559014
GB,2023-10-31,0.4739722370330188,two-station,16.346667218993712,-5.9541309888382585
GB,2023-11-03,0.46328279144655243,two-station,22.57698225007003,-5.959446468129574
GB,2023-11-04,0.46163287015773313,two-station,24.822733818229693,-5.602265502452514
GB,2023-11-05,0.46066628965154344,two-station,20.18582236087602,-6.831388649932213
GB,2023-11-06,0.4584657666080201,two-station,20.364011996912694,-1.640500884371182
GB,2023-11-07,0.45601577192435905,two-station,20.420771393616864,-4.1433276818929805
GB,2023-11-08,0.4539481864176455,two-station,20.172579975460433,-2.818927338731328
GB,2023-11-10,0.4494929463700854,two-station,15.816043879582644,-4.739205966723402
GB,2023-11-11,0.4482878866881549,two-station,16.905474510184636,-8.179757566818072
GB,2023-12-14,0.47112598895587754,two-station,28.64061036470052,-0.7497968242605968
GB,2023-12-15,0.4718838522846499,two-station,21.457917953734416,-1.8788201707171863
GB,2023-12-16,0.49180012535625905,two-station,11.188025241218646,-3.0967065572243992
GB,2023-12-17,0.53250204224804,two-station,11.067814657966675,-9.366540693880252
GB,2023-12-18,0.59609664993678535,two-station,11.901368770089617,-9.31849927407812
GB,2023-12-19,0.7768800094091125,one-station,2.1458794016053035,-14.218229039551735
GB,2023-12-20,0.9837957243977576,one-station,1.6482147715474835,-13.76679770672129
GB,2023-12-21,1.116482493680762,one-station,2.9473205712448185,-3.9827644866810097
GB,2023-12-22,1.2010473070643868,one-station,0.14392174107891695,-17.23488879777723
GB,2023-12-23,1.234816024734804,one-station,0.4578517535161248,-18.3808915133902
GB,2023-12-24,1.211858522472238,one-station,0.7057688667667039,-17.390165759397217
GB,2023-12-27,1.0331586545828044,one-station,2.3336378807075615,-25.83023625991265
GB,2023-12-28,0.9888123819724581,one-station,1.5516390965225162,-22.60779966815108
GB,2023-12-29,0.9515149086960729,one-station,1.835086201689457,-24.592941506974206
GB,2023-12-30,0.9188499860192096,one-station,2.0094339415084037,-25.314933940421003
GB,2023-12-31,0.8908248848903962,one-station,2.237256461061615,-25.819113423281262
GB,2024-01-01,0.8660390437614625,one-station,2.6045372572344085,-26.192064268441396
GB,2024-01-02,0.8435512035283637,one-station,2.868955645537733,-26.888483771840036
GB,2024-01-03,0.8245131534936447,one-station,3.6010917393584676,-27.991037598069976
GB,2024-01-04,0.8039306014840909,one-station,3.5147186264150645,-26.74129439588958
GB,2024-01-05,0.7842361454142536,one-station,3.805949614606966,-26.70594518218967
GB,2024-01-12,0.7747434826972711,one-station,2.57903317353282,-22.2538115230537
GB,2024-01-13,0.7963394985754656,two-station,2.800809142024,-19.486634308731904
GB,2024-01-14,0.813906613986802,one-station,5.296943489486749,-30.797636790593867
GB,2024-01-15,0.8307978490695267,one-station,5.317089880290749,-29.765253638033684
GB,2024-01-16,0.8400011182138962,one-station,1.529506712754117,-16.57415608545559
GB,2024-01-17,0.8345424785273319,one-station,6.214330609375923,-31.712337869569296
GB,2024-01-18,0.8287647143903991,one-station,2.4912975052206896,-21.5301460578925
GB,2024-01-19,0.8243847407537463,one-station,6.011515433200392,-26.142182147609237
GB,2024-01-20,0.811111458881278,two-station,3.378123134250285,-15.296987603019394
GB,2024-01-21,0.7960593229430122,two-station,8.337727721747044,-12.89129514502624
GB,2024-01-22,0.7849926035380361,two-station,9.676064433054457,-14.086446682084208
GB,2024-01-23,0.7751786274768391,one-station,5.208172264087663,-27.95236376115808
GB,2024-01-24,0.7627700756702055,two-station,10.438505950656152,-20.56375517571256
GB,2024-01-25,0.7527384288984822,two-station,8.729107103983367,-21.531056415269127
GB,2024-01-26,0.7470463399274484,two-station,11.407814810058708,-22.364533092863933
GB,2024-01-27,0.745500156495742,two-station,10.510069619299909,-20.384037255542847
GB,2024-01-28,0.7518778465469377,two-station,12.464533558825904,-19.809471568778648
GB,2024-01-29,0.7571862667807608,two-station,12.102116987484038,-15.043794598319876
GB,2024-01-30,0.7594788572673828,two-station,13.089636057335758,-13.391332357001223
GB,2024-01-31,0.7612177837973485,two-station,12.490954123932251,-13.94722954867582
GB,2024-02-01,0.7590711226583929,two-station,15.099414540512864,-13.702936287471806
GB,2024-02-02,0.7541203954067219,two-station,14.133883216139552,-15.4233225326294
GB,2024-02-03,0.7431309443024161,two-station,15.826308357627822,-14.977591335630969
GB,2024-02-04,0.731159544828377,two-station,8.08589512126968,-17.617952484204203
GB,2024-02-05,0.7197991797227495,two-station,13.8303600969653,-14.59810474466379
GB,2024-02-06,0.704423047729711,two-station,18.70324101862817,-12.61306825354304
GB,2024-02-07,0.6898164218434054,two-station,18.146244036002223,-10.68033753197213
GB,2024-02-08,0.6827502054771785,two-station,20.57651906330375,-11.041971268363604
GB,2024-02-09,0.6790146419075144,two-station,20.331585378295912,-12.821950283181076
GB,2024-02-10,0.6731117391846945,two-station,21.908056858377027,-13.1972769701509
GB,2024-02-11,0.6647378796480782,two-station,23.604583265109127,-15.32365206424364
GB,2024-02-12,0.6558988344942148,two-station,19.247386766648905,-17.216383229422412
GB,2024-02-13,0.6452198965652384,two-station,29.179458564546326,-11.736981244542402
GB,2024-02-14,0.6333372042586365,two-station,28.075253503823717,-6.846266295333898
GB,2024-02-15,0.626583442811952,two-station,27.653291332536593,-8.938154826523292
GB,2024-02-16,0.6229797468612611,two-station,25.44902295159612,-9.882638288208527
GB,2024-02-17,0.62047835641639415,two-station,16.636980594785918,-11.969142444048002
GB,2024-02-18,0.6189773672852218,two-station,10.646966072711624,-8.957547927518732
GB,2024-02-19,0.6184159576362938,two-station,27.488815436782176,-5.631316719808706
GB,2024-02-20,0.624222942854797,two-station,27.874580618163115,-5.37366738112954
GB,2024-02-21,0.6353962999995444,two-station,26.455010158576652,-6.52987703374448
GB,2024-02-22,0.6500024977428,two-station,26.558196229503498,-7.6802286822360175
GB,2024-02-23,0.6638641540556407,two-station,18.799748673923393,-12.567519844441064
GB,2024-02-24,0.6680661269169442,two-station,23.173616435880177,-12.85231342687234
GB,2024-02-25,0.66554707490928,two-station,23.779490784611117,-10.592364162751966
GB,2024-02-26,0.6640635473258141,two-station,23.839795096117793,-10.306606123594614
GB,2024-02-27,0.6607661083090242,two-station,24.33984510035751,-12.103013737956232
GB,2024-02-28,0.6534769073194121,two-station,25.741806902640324,-14.77691021550525
GB,2024-02-29,0.6425914639378749,two-station,28.72154590961243,-16.24019418858489
GB,2024-03-01,0.6335762265645307,two-station,21.50647923287315,-15.387726240654167
GB,2024-03-02,0.6273852328219158,two-station,19.481077891977066,-18.948497712440133
GB,2024-03-03,0.6204349155519403,two-station,25.45588517441405,-19.20074077275431
GB,2024-03-04,0.6121064455144828,two-station,29.10522403476025,-16.438773469786405
GB,2024-03-05,0.6123888747407116,two-station,12.7827631773208,-17.21371659755625
GB,2024-03-06,0.6211153445789408,two-station,25.05071781190541,-17.95841543515481
GB,2024-03-07,0.628003507933881,two-station,23.79825015293465,-16.220318090131663
GB,2024-03-08,0.6327842749206636,two-station,27.211338759842477,-16.190143929627084
GB,2024-03-09,0.638374836787599,two-station,18.288262057690833,-20.505523944838465
GB,2024-03-10,0.6427906796285733,two-station,21.30530566283749,-16.48961646419998
GB,2024-03-11,0.6423034816929674,two-station,21.47321126975814,-11.514456864211605
GB,2024-03-12,0.6501110687576994,two-station,21.95072028440129,-12.0738524176497
GB,2024-03-13,0.67006199002056,two-station,19.14657297382501,-14.154066087190214
GB,2024-03-14,0.6878138643699467,two-station,18.89353734711911,-15.439069140106907
GB,2024-03-15,0.698068026228063,two-station,17.153414130847008,-17.02220015779395
GB,2024-03-16,0.7011002086126777,two-station,11.037937071724656,-18.832287346596132
GB,2024-03-17,0.6978984530740548,two-station,11.9113211443714,-20.105824455337633
GB,2024-03-18,0.6903563526170893,two-station,7.490326093939206,-18.5453613281052
GB,2024-03-19,0.6759106908702518,two-station,13.26904225649828,-12.09919475032708
GB,2024-03-20,0.6612577017331671,two-station,15.4362720589772,-9.89832266858576
GB,2024-03-21,0.6489710808770753,two-station,16.910101867852042,-10.924323918480429
GB,2024-03-22,0.6401306414975243,one-station,2.229122317656686,-19.097952501572124
GB,2024-03-23,0.635301448637581,two-station,14.599924553203367,-15.201998844828983
GB,2024-03-24,0.6257190062547524,two-station,16.57716487928998,-11.602349472148834
GB,2024-03-25,0.6179108011196941,two-station,21.31246621859649,-11.192273815835597
GB,2024-03-26,0.6199248929191408,two-station,18.722726004331193,-14.544366328028705
GB,2024-03-28,0.6309342261059494,two-station,17.7233874395311,-15.427439588038986
GB,2024-03-29,0.6284537471392341,two-station,14.681251035985008,-10.458997107852529
GB,2024-03-30,0.6287918191651759,two-station,17.067279993806693,-11.519780638917377
GB,2024-03-31,0.6322426430699019,two-station,15.83653751286504,-12.198393771001978
GB,2024-04-01,0.6316497313944168,two-station,13.299432790412103,-14.79868860511463
GB,2024-04-02,0.6292288767297045,two-station,11.82110215574238,-16.023927700575676
GB,2024-04-03,0.6345876402305308,one-station,1.2526104329398948,-18.979564939288977
GB,2024-04-04,0.6405421619052365,two-station,13.345106186322685,-12.347198285488256
GB,2024-04-05,0.6531511590883157,two-station,11.934909458109924,-12.284167525220935
GB,2024-04-06,0.676681991158156,two-station,8.033171428549,-13.916300351585775
GB,2024-04-07,0.6956271262416068,one-station,3.1212190479849995,-21.80354238901094
GB,2024-04-08,0.7039040732162397,one-station,3.909976482001973,-23.493131038308864
GB,2024-04-09,0.7057572946384243,two-station,8.475784844190414,-16.496128280505427
GB,2024-04-10,0.7040919869620231,two-station,8.4141915971433,-17.417093129748114
GB,2024-04-11,0.7002155901710353,one-station,3.577795510356458,-20.535563124693603
GB,2024-04-12,0.6884847657824749,two-station,8.100432016973674,-15.922197252650568
GB,2024-04-13,0.678809225666153,two-station,9.263245698552923,-13.858203760217352
GB,2024-04-14,0.6808388074811915,one-station,2.8262273575871744,-20.12141915312925
GB,2024-04-15,0.686085736503209,two-station,7.545316897737977,-15.572643261844688
GB,2024-04-16,0.6867614849958374,two-station,8.634797836810844,-15.330118024521685
GB,2024-04-17,0.6843139859541945,two-station,9.49100000881388,-16.181145007928116
GB,2024-04-18,0.6826480152991743,two-station,9.762245194113952,-16.680660402648005
GB,2024-04-19,0.6823749763967096,two-station,6.732037796298497,-16.647288192813267
GB,2024-04-20,0.6845652454180975,two-station,7.203193499942779,-16.685942781503545
GB,2024-04-21,0.6919464572322086,two-station,5.672436410211861,-16.653519852130362
GB,2024-04-22,0.6984590938412358,two-station,5.798997872217614,-15.043132735631447
GB,2024-04-23,0.6995494877364472,two-station,7.282778605520829,-13.863724483619816
GB,2024-04-24,0.6988073456791394,two-station,6.422571568564207,-13.73950565865015
GB,2024-04-25,0.6922324793228544,two-station,8.431005059312048,-14.666949429982214
GB,2024-04-26,0.6770258934804683,two-station,5.712991074607096,-14.866001624446714
GB,2024-04-27,0.6563717677022557,two-station,3.249113380056687,-13.947561011434322
GB,2024-04-28,0.6348154787462721,two-station,6.660336688443993,-14.28015320803882
GB,2024-04-29,0.6143451484287094,two-station,11.020957196925533,-12.612360430341178
GB,2024-04-30,0.5948409749695178,two-station,12.3585505135561,-11.625778038577671
GB,2024-05-01,0.5764802232348547,two-station,13.623242883686263,-12.256233813591372
GB,2024-05-02,0.5606982314785482,two-station,13.78756877630772,-12.292099995990275
GB,2024-05-03,0.5458597892165771,two-station,11.694795437322576,-13.324233322330286
GB,2024-05-04,0.5335917912266587,two-station,13.834288601039727,-11.413663910248808
GB,2024-05-05,0.5256500382534278,two-station,9.61864992444832,-10.486777330033654
GB,2024-05-06,0.5190744411276306,two-station,15.026395217615493,-11.900681348804367
GB,2024-05-07,0.5146503496326401,two-station,14.385604495641344,-13.103373924094289
GB,2024-05-08,0.5098531837714942,two-station,11.433308060166889,-15.168261004680176
GB,2024-05-09,0.5046414998071207,two-station,12.794135041311328,-13.927597678730368
GB,2024-05-10,0.503033982948468,two-station,6.789548826986592,-12.46619025488696
GB,2024-05-11,0.5008040375668467,two-station,12.180824923370562,-10.977087104910472
GB,2024-05-12,0.4951340022279654,two-station,11.687052927766024,-7.549755780505068
GB,2024-05-13,0.4958920223445348,two-station,7.577527125373717,-9.148291375311466
GB,2024-05-14,0.4988153795591896,two-station,8.659589783495301,-11.035076383441478
GB,2024-05-15,0.4975173838549177,two-station,5.596247485262858,-9.42719543310184
GB,2024-05-16,0.4965798535083658,two-station,12.308310365458189,-9.129514227157742
GB,2024-05-17,0.4952444478549542,two-station,10.912134081958698,-8.744975299787308
GB,2024-05-18,0.4937469845534716,two-station,7.617323442613698,-9.77896387378294
GB,2024-05-19,0.49333824339385923,two-station,11.126818483745716,-9.928834844199514
GB,2024-05-20,0.4922878084404141,two-station,10.329844123152151,-8.92128209207459
GB,2024-05-21,0.49004193954917746,two-station,11.737764881268626,-7.766525669126747
GB,2024-05-22,0.4874789300358476,two-station,10.42425506840589,-9.339879320708189
GB,2024-05-23,0.4850773235279566,two-station,14.588022196676352,-8.608741120977102
GB,2024-05-24,0.48533032365036916,two-station,16.374342611142996,-8.395210720193127
GB,2024-05-25,0.4858367159484387,two-station,11.115549147414194,-10.720186568015308
GB,2024-05-26,0.48551575352258985,two-station,10.203118891652972,-9.646542242326436
GB,2024-05-27,0.4862685629457286,two-station,11.07158080460466,-8.349665066575518
GB,2024-05-28,0.48731090247006253,two-station,9.614773661144746,-10.00670814455191
GB,2024-05-29,0.48709430985594043,two-station,14.822040604810262,-8.79666080722542
GB,2024-05-30,0.48357238050837614,two-station,16.863157502386166,-7.37382049385764
GB,2024-05-31,0.47865514121799846,two-station,14.74274487628067,-7.409313106954016
GB,2024-06-01,0.47416573426545616,two-station,15.282973620842004,-8.120115427026661
GB,2024-06-02,0.4708341106251469,two-station,5.530028049294987,-8.496137225060814
GB,2024-06-03,0.4676632758355899,two-station,14.691722917084752,-7.367890496462562
GB,2024-06-04,0.4642203074125547,two-station,14.370506498381056,-8.027271288140573
GB,2024-06-05,0.46082386791586305,two-station,11.08169222888918,-8.669333855582751
GB,2024-06-06,0.45839808800137444,two-station,17.125014951038153,-8.342136547035942
GB,2024-06-07,0.45539533638081076,two-station,15.099158528514597,-10.461261284965964
GB,2024-06-08,0.4515849277194344,two-station,13.25598471926139,-10.014519798548104
GB,2024-06-09,0.44879114347148813,two-station,13.527837047254616,-9.270012294264896
GB,2024-06-10,0.4464864731377836,two-station,11.507313479884292,-8.7156265248471
GB,2024-06-11,0.4439282709245131,two-station,11.406625362536875,-9.666197744682512
GB,2024-06-12,0.44279621951071657,two-station,12.15556018466283,-9.430419312794797
GB,2024-06-13,0.44128174329970105,two-station,11.816407752181696,-10.509009057293508
GB,2024-06-14,0.43874482879454435,two-station,14.929973998650537,-8.762631902005149
GB,2024-06-15,0.4390855991206549,two-station,12.629012191351348,-8.939961055823616
GB,2024-06-16,0.45123314076118126,two-station,12.80698813875234,-9.39917251390662
GB,2024-06-17,0.46282046400293925,two-station,14.381804262796448,-7.472437518322071
GB,2024-06-18,0.4626640261616212,two-station,13.6978854335097,-7.316596902298288
GB,2024-06-19,0.4603107546454814,two-station,13.01060890051516,-7.333655525330098
GB,2024-06-20,0.4595613080228255,two-station,13.451051748182843,-7.292532252332092
GB,2024-06-21,0.4601217676464994,two-station,15.754322586602331,-5.921648457087578
GB,2024-06-22,0.45889891845145475,two-station,13.738966126056074,-7.261380966076126
GB,2024-06-23,0.4571189198125161,two-station,14.551602989976269,-7.686587902739508
GB,2024-06-24,0.45728745608423416,two-station,13.926832989808451,-8.47844809490392
GB,2024-06-25,0.4569804961444316,two-station,14.15447877674825,-8.000133505678496
GB,2024-06-26,0.4549087103376819,two-station,14.88253013915075,-7.416909561192777
GB,2024-06-27,0.4520349185133961,two-station,9.567831307119608,-7.453407504672452
GB,2024-06-28,0.45040193021121117,two-station,11.910300699692094,-6.995867509104918
GB,2024-06-29,0.4514344055335572,two-station,11.473643325618342,-6.957655885599815
GB,2024-06-30,0.4562125430439841,two-station,13.989200590835845,-7.414411941538532
GB,2024-07-01,0.46078491329920557,two-station,12.702817271319011,-8.76806761823175
GB,2024-07-02,0.45997585386605166,two-station,14.18077909120288,-9.143865109678504
GB,2024-07-03,0.4590888690389632,two-station,15.513950339442252,-8.661586868517862
GB,2024-07-04,0.46094792148064495,two-station,14.643542296216015,-9.138516761478332
GB,2024-07-05,0.4613659234101646,two-station,12.117506190633437,-8.920021071892439
GB,2024-07-06,0.45953701525393365,two-station,16.280164799231336,-7.576508722878344
GB,2024-07-07,0.45663554492331504,two-station,11.34964880311767,-7.790343369106124
GB,2024-07-08,0.4546544211966407,two-station,14.47478120811934,-8.591674572276304
GB,2024-07-09,0.4563449296857381,two-station,17.58322937452727,-8.978801889891166
GB,2024-07-10,0.46066333273418186,two-station,18.005824290847485,-8.213961129309448
GB,2024-07-11,0.4673152296999442,two-station,16.437628538243914,-9.180813583540557
GB,2024-07-12,0.47444899912150795,two-station,13.598774548710804,-7.720565527841749
GB,2024-07-13,0.47843841411164995,two-station,15.598709757153449,-6.944281149146188
GB,2024-07-14,0.4781260099165402,two-station,15.940144904210417,-7.1025537308318265
GB,2024-07-15,0.4731303063673438,two-station,13.789902095700969,-7.520194125006787
GB,2024-07-16,0.46646855624149364,two-station,14.736852322421749,-7.112363379037292
GB,2024-07-17,0.4614553001785814,two-station,14.29485083842918,-7.323314738771699
GB,2024-07-18,0.4586728949555999,two-station,15.068691373389456,-7.164226594729538
GB,2024-07-19,0.456725005073302,two-station,14.514097727811292,-8.199626922937881
GB,2024-07-20,0.45432094968330383,two-station,10.026207142666603,-9.205898841748535
GB,2024-07-21,0.45196244957046705,two-station,12.571349311662384,-8.968342476415078
GB,2024-07-22,0.4490914931668423,two-station,13.94051633370828,-8.19304404686783
GB,2024-07-23,0.44596612464464724,two-station,16.358263870079305,-8.81568320806185
GB,2024-07-24,0.44430248528883676,two-station,18.750209755677304,-8.674765462998637
GB,2024-07-25,0.4452832772605801,two-station,13.803279679706982,-9.939862189803405
ID,2022-11-07,0.9974177680822452,two-station,17.640527592425666,-14.080193936585909
ID,2022-11-08,0.9826430230630084,two-station,14.778423303032424,-9.470423817711268
ID,2022-11-09,0.9679142976395282,two-station,14.664163645871136,-10.452195044514635
ID,2022-11-10,0.9930183223883826,two-station,1.6015805479803054,-9.38498970978263
ID,2022-11-11,1.0278476186593462,two-station,8.89031610142579,-10.362806938454364
ID,2022-11-12,1.0238752392700654,two-station,11.792263138785646,-11.182155763461845
ID,2022-11-13,1.0183309645594958,two-station,15.348846745331254,-10.179681874016518
ID,2022-11-14,1.0071375775763334,two-station,12.660123801718308,-9.60905140341029
ID,2022-11-15,1.0069983692617142,two-station,9.313103981148474,-9.79758078882895
ID,2022-11-16,1.0158580485552509,two-station,16.720821782206514,-10.551630643150803
ID,2022-11-17,1.0023648454964638,two-station,13.049956678476258,-9.29625686468228
ID,2022-11-18,0.9902618100426948,two-station,12.47707084801336,-8.60164331464866
ID,2022-11-19,0.9844400294208399,two-station,12.061731233267476,-8.206335203394385
ID,2022-11-20,0.9839563470598093,two-station,6.456807247434528,-6.648553463448379
ID,2022-11-21,0.9776028515417988,two-station,12.484622127665414,-7.750915004337356
ID,2022-11-22,0.9794442480695384,two-station,13.529647071233663,-8.541638265839739
ID,2022-11-23,0.9792644854800954,two-station,13.599866028638749,-9.606462854631216
ID,2022-11-24,0.9776202533410305,two-station,14.53536468633832,-9.209510292536798
ID,2022-11-25,0.9751199659591927,two-station,13.466435382441995,-9.654602874405574
ID,2022-11-26,0.9703076383882954,two-station,10.036527328233705,-8.902244449537962
ID,2022-11-27,0.9702255710548525,two-station,12.54890320541017,-8.847828784225584
ID,2022-11-28,0.9639482467298968,two-station,12.004364611486055,-8.385403224677086
ID,2022-11-29,0.9511524763672661,two-station,13.50012080521508,-9.0808161002009
ID,2022-11-30,0.9577260018743081,two-station,10.035033648294055,-8.788116754344454
ID,2022-12-01,0.9540285877459048,two-station,13.678407544377006,-7.2082669761629505
ID,2022-12-02,0.9366933943213488,two-station,13.098201014450932,-8.147139728265623
ID,2022-12-03,0.935933308523747,two-station,12.849159490010916,-8.610711181282634
ID,2022-12-04,0.9403550953998407,two-station,13.018427142564052,-9.43580388877147
ID,2022-12-05,0.937555778297072,two-station,11.998341589289597,-8.452334066840054
ID,2022-12-06,0.936891901260637,two-station,14.351480731703177,-9.3697466463428
ID,2022-12-07,0.9350703983567916,two-station,12.90697982106128,-8.608705950587296
ID,2022-12-08,0.9296463017489656,two-station,13.56969148238832,-8.812183321587337
ID,2022-12-09,0.9266573946495044,two-station,13.571411970211978,-9.246803314249211
ID,2022-12-10,0.9218597837766093,two-station,14.743143728899142,-10.038082220383084
ID,2022-12-11,0.9201128709591089,two-station,13.073525094212188,-8.428532067904491
ID,2022-12-12,0.9161688229977207,two-station,15.856657322150054,-9.193839093525249
ID,2022-12-13,0.9106882084915325,two-station,13.367451167952076,-8.20367115547621
ID,2022-12-14,0.907644557623682,two-station,14.701469386434995,-9.566333726144563
ID,2022-12-15,0.925130800216077,two-station,9.174850759296405,-8.30584935189149
ID,2022-12-16,0.92670739307136,two-station,12.539634341339374,-7.949051698843093
ID,2022-12-17,0.9055127121100264,two-station,11.623415602703291,-9.230233229345345
ID,2022-12-18,0.9037103838688781,two-station,13.0984169739832,-7.962213982897526
ID,2022-12-19,0.8984118330332418,two-station,12.06594757663084,-8.300560876644838
ID,2022-12-20,0.899188409405518,two-station,9.70710548376398,-8.388954011472881
ID,2022-12-21,0.9081986106624571,two-station,8.821325702518896,-9.181859182017655
ID,2022-12-22,0.9037223686663172,two-station,11.505313793448352,-10.091412218905948
ID,2022-12-23,0.9139189572781117,two-station,16.394962444935135,-10.937708149800288
ID,2022-12-24,0.9069097811852601,two-station,10.8814730142963,-9.479462031614128
ID,2022-12-25,0.8989688585550827,two-station,11.839930154280466,-10.323178016399112
ID,2022-12-26,0.8963879412555924,two-station,11.779170436313922,-10.891833538283414
ID,2022-12-27,0.8947380525454371,two-station,11.301223613763888,-12.374399059034229
ID,2022-12-28,0.8880008707502047,two-station,8.794546569212581,-15.046898320092495
ID,2022-12-29,0.8830618463599604,two-station,6.160541845743227,-17.424586156853504
ID,2022-12-30,0.8798751042297706,two-station,13.664366489050874,-18.12021917753179
ID,2022-12-31,0.8791394664057398,two-station,1.4277128980769724,-15.804948956778055
ID,2023-01-01,0.8825558261096116,two-station,15.890305403923508,-10.654468587430832
ID,2023-01-02,0.8826547194654046,two-station,14.141982458824002,-11.787209370507728
ID,2023-01-03,0.8833536862156334,two-station,22.36347303865928,-9.102430686618977
ID,2023-01-04,0.8934627426796552,two-station,7.064225279178686,-10.51891363331608
ID,2023-01-05,0.8979516881811285,two-station,11.622877813917064,-9.860044192961354
ID,2023-01-06,0.8905084448888847,two-station,10.349920087526163,-9.307188632778743
ID,2023-01-07,0.888963297862372,two-station,10.286013692856148,-9.225920126651133
ID,2023-01-08,0.8900457110672236,two-station,11.113397599538423,-9.17400198355156
ID,2023-01-09,0.8934046909805228,two-station,11.70465250665008,-10.260840257336408
ID,2023-01-10,0.8949542959717314,two-station,11.903735598683246,-9.576102496500052
ID,2023-01-11,0.8909028692913118,two-station,11.438498575391034,-9.943310349095842
ID,2023-01-12,0.888780084157869,two-station,12.097846851125446,-10.296921064394713
ID,2023-01-13,0.9093673106093518,two-station,11.283495638023709,-11.42836622018808
ID,2023-01-14,0.8982686463991258,two-station,13.187510732017094,-8.43257997462454
ID,2023-01-15,0.8910880010700079,two-station,11.905128393372989,-9.233039035333666
ID,2023-01-16,0.8923554023626366,two-station,11.643594986372038,-9.145682799295727
ID,2023-01-17,0.895289518387772,two-station,11.886880560121908,-9.984388783287573
ID,2023-01-18,0.9001317582399694,two-station,12.61293248393333,-10.857741113075845
ID,2023-01-19,0.9040150226016616,two-station,11.606532427136017,-12.05346953034982
ID,2023-01-20,0.9132711870495323,two-station,14.706609880212804,-10.282927885917957
ID,2023-01-21,0.9084314875944403,two-station,4.9083860572582845,-8.377328031782781
ID,2023-01-22,0.9130455493151529,two-station,11.912660704176636,-11.168628646725978
ID,2023-01-23,0.9215249931932277,two-station,15.101431238232,-11.21499492907438
ID,2023-01-24,0.906685581119973,two-station,13.842302007332057,-10.293805903147993
ID,2023-01-25,0.9168599282274306,two-station,8.181923128439509,-11.514057683069227
ID,2023-01-26,0.9563633022851661,two-station,14.268231039985388,-10.502645092357351
ID,2023-01-27,0.9674237115285695,two-station,15.023118855747985,-9.592351219263303
ID,2023-01-28,1.0061046823882354,two-station,15.191669420472389,-10.27126545601345
ID,2023-01-29,1.0621848428311205,two-station,14.198171624906443,-12.920203430932313
ID,2023-01-30,1.1332693172944808,two-station,18.28050624018023,-12.45794828420985
ID,2023-01-31,1.189598077457083,two-station,17.560615983284077,-14.147597584623536
ID,2023-02-01,1.2421777483376386,two-station,14.457564414400675,-12.42207535810966
ID,2023-02-02,1.2934877654169006,two-station,17.035398838102843,-14.406387757545254
ID,2023-02-03,1.3512153692913116,two-station,14.166146550307596,-12.12405626644353
ID,2023-02-04,1.3721548817240763,two-station,15.36264153705456,-13.057782927681322
ID,2023-02-05,1.3982522995153701,two-station,17.75631999292021,-14.475201433218004
ID,2023-02-06,1.434236538072323,two-station,15.940685578153278,-15.327590879342536
ID,2023-02-07,1.4627738421460708,two-station,15.431117430366166,-15.658402504647462
ID,2023-02-08,1.4794434677724455,two-station,1.912886727152106,-14.224890709902136
ID,2023-02-09,1.4939579548484865,two-station,20.271175209362763,-26.048925798313228
ID,2023-02-10,1.5185836123496463,two-station,13.039543661363696,-13.56259548822874
ID,2023-02-11,1.560378548208447,one-station,4.696858604113417,-17.78253258945791
ID,2023-02-12,1.6132435687503388,two-station,16.273889468223057,-10.65879449150324
ID,2023-02-13,1.6471594376291672,two-station,14.919761119409412,-12.291811612276057
ID,2023-02-14,1.7315641885596893,two-station,13.315562883749944,-14.099097949563674
ID,2023-02-15,1.8828513629413008,two-station,12.085805908119344,-14.15905452653102
ID,2023-02-16,2.04509596419381,two-station,9.032909865849485,-15.666668934563846
ID,2023-02-17,2.21725948191525,two-station,1.8269276967992916,-15.2206329963818
ID,2023-02-18,2.313979595920384,two-station,2.23743596976055,-17.062615189541905
ID,2023-02-20,2.509527514515977,one-station,12.283499935351578,-11.230231550251489
ID,2023-02-21,2.5813200156031773,one-station,12.422986289153751,-11.68940701508178
ID,2023-02-22,2.6306988502317554,one-station,12.975171889000125,-12.55532111841452
ID,2023-02-23,2.656988493535323,one-station,13.063531451340648,-12.420591252423808
ID,2023-02-24,2.659930182939235,one-station,15.039326110126078,-14.174667822201
ID,2023-02-25,2.635184775437623,one-station,16.028026372319406,-15.402566618457028
ID,2023-02-26,2.5919705655448597,two-station,2.3888879334079496,-20.025420911423364
ID,2023-02-27,2.5458162478614934,two-station,1.917307342138475,-20.656815188196845
ID,2023-02-28,2.494028540946571,two-station,3.815228045606198,-20.97442314172553
ID,2023-03-01,2.425573571794845,two-station,5.592952442846273,-22.5399302171176
ID,2023-03-02,2.3587924522155244,two-station,13.225133169638896,-22.7682608085325
ID,2023-03-03,2.2930706203715405,two-station,10.11014852486784,-23.089554467003985
ID,2023-03-04,2.23379345906516,two-station,5.710311745204274,-24.91657805098081
ID,2023-03-05,2.1643229682519847,two-station,15.667263770144896,-23.963285353329542
ID,2023-03-06,2.0926222184678585,two-station,18.435956218431077,-23.87319912338884
ID,2023-03-07,2.027371269601193,two-station,14.04579193406012,-25.652574320136864
ID,2023-03-08,1.959949885566273,two-station,18.414004580273264,-24.210227306903544
ID,2023-03-09,1.9016423900630621,two-station,18.825930786640104,-22.142513811042253
ID,2023-03-10,1.8504875451752598,two-station,16.89185364776641,-21.82134967278294
ID,2023-03-11,1.808735263675109,two-station,16.786051949303012,-23.19042648044825
ID,2023-03-12,1.7611452865020072,two-station,15.304438353437703,-21.118999371363895
ID,2023-03-13,1.781728197919811,two-station,8.986175848817497,-20.15871967027263
ID,2023-03-14,1.7432584835441978,two-station,16.055253513788198,-19.156172267151415
ID,2023-03-15,1.723456605956764,two-station,15.262543365357674,-19.44286987321025
ID,2023-03-16,1.7312983954085486,two-station,15.202386287154564,-17.975981137791262
ID,2023-03-17,1.745481984482549,two-station,15.048928605417542,-19.71928590635792
ID,2023-03-18,1.7648275035273062,one-station,5.72311081420094,-17.24005184828
ID,2023-03-19,1.7579458874125173,two-station,13.045067840053012,-17.94710054340138
ID,2023-03-20,1.748118843066526,two-station,12.432834579668512,-18.6741295956415
ID,2023-03-21,1.7509624059654716,two-station,10.978760913654906,-17.432933540633123
ID,2023-03-22,1.7591118058732023,two-station,11.46610000911032,-21.524862189739423
ID,2023-03-23,1.7491983797437827,two-station,9.688483314908312,-21.303953500845687
ID,2023-03-24,1.734539450487672,two-station,9.71048761474706,-20.249934352580578
ID,2023-03-25,1.731943673052563,two-station,6.705085844087981,-19.468176560575863
ID,2023-03-26,1.7181091123746517,two-station,10.098892956081649,-19.925944986393215
ID,2023-03-27,1.6895022995153701,two-station,10.695046364608764,-19.514939317461895
ID,2023-03-28,1.6557174015583356,two-station,7.7716053347681875,-20.203766694510467
ID,2023-03-29,1.6247680609584174,two-station,11.584807548875652,-17.089596694534233
ID,2023-03-30,1.5976307503771288,two-station,9.716573147375644,-16.85465509291232
ID,2023-03-31,1.6030830820278665,two-station,10.21698706953378,-17.030834032972304
ID,2023-04-01,1.6305051372114425,two-station,8.647050916194244,-17.5157536944127
ID,2023-04-02,1.6437569782283095,two-station,10.226908208867757,-19.06543610964194
ID,2023-04-03,1.635234630168561,two-station,5.166337298353491,-21.56159008180666
ID,2023-04-04,1.6122218501125043,two-station,9.300441874896114,-20.56402676608816
ID,2023-04-05,1.5818553250520093,two-station,9.881854535806056,-19.136371478924367
ID,2023-04-06,1.5537540535577827,two-station,9.69484869983431,-20.126847911723647
ID,2023-04-07,1.5249336345608975,two-station,11.3045010469693,-19.926954137550126
ID,2023-04-08,1.499214822505917,two-station,5.487257604212575,-17.066280431015095
ID,2023-04-09,1.4798719399899456,two-station,5.853752175258274,-15.49763350430896
ID,2023-04-10,1.4379493863401167,two-station,10.766778338662114,-15.38691828167085
ID,2023-04-11,1.415897020203559,two-station,11.802364438399335,-15.969061407999536
ID,2023-04-12,1.402514647992068,two-station,14.79870197958919,-16.22905115746232
ID,2023-04-13,1.3948947107251284,two-station,11.600656121776774,-15.060565085054629
ID,2023-04-14,1.3843539835146,two-station,11.159479037901477,-15.695048619169231
ID,2023-04-15,1.3571283735052013,two-station,12.116304265338863,-15.235597018696753
ID,2023-04-16,1.3261070801076271,two-station,13.918173499051212,-15.404470506831103
ID,2023-04-17,1.2955377348472719,two-station,13.220879418738988,-15.952578126088447
ID,2023-04-18,1.2526352571675683,two-station,12.810447148326691,-13.781408359923065
ID,2023-04-19,1.2260708393466768,two-station,12.429209657217156,-15.017371849761256
ID,2023-04-20,1.207482242366299,two-station,13.92097152535075,-14.4630432346478
ID,2023-04-21,1.1900829581712062,two-station,13.436893818190942,-13.89929596936018
ID,2023-04-22,1.1685881455208296,two-station,13.818103155990638,-14.043024559230991
ID,2023-04-23,1.1300785960848905,two-station,14.104933207051896,-13.719154454157229
ID,2023-04-24,1.0865958915820102,two-station,8.14156143992831,-12.799919953854356
ID,2023-04-25,1.0513303697082608,two-station,9.7154943598383,-12.635431689622637
ID,2023-04-26,1.0028244639040444,two-station,11.449450173535844,-13.661804151597556
ID,2023-04-27,0.9520354243556365,two-station,10.82440633694416,-13.865217338239738
ID,2023-04-28,0.9506695134740335,two-station,11.571480529781676,-12.694178155621548
ID,2023-04-29,0.930662610737311,two-station,8.619109834258374,-14.999359187105023
ID,2023-04-30,0.9651073593454421,two-station,10.729448947527958,-12.442141603322666
ID,2023-05-01,0.9441770492107014,two-station,11.930217758305435,-13.142706385909683
ID,2023-05-02,0.923568107952716,two-station,12.642227923297812,-13.159184218311635
ID,2023-05-03,0.9119560891760586,two-station,12.250043999820685,-14.24164117590492
ID,2023-05-04,0.9028074463782348,two-station,11.078789199994166,-15.77898061061342
ID,2023-05-05,0.890858239805407,two-station,12.123444276660774,-14.459805386955988
ID,2023-05-06,0.8825133054414539,two-station,10.94931774703024,-13.914030050571094
ID,2023-05-07,0.8704168853425699,two-station,12.320435232984703,-11.7012691597267
ID,2023-05-08,0.8576586980382028,two-station,12.454747872000947,-11.364255650802146
ID,2023-05-09,0.8433475499993447,two-station,12.929211408355943,-14.702378978636135
ID,2023-05-10,0.8343706172735905,two-station,11.636000973758636,-14.062135676263145
ID,2023-05-11,0.836325048331547,two-station,14.022714141809804,-14.839735688919497
ID,2023-05-12,0.8359258305167471,two-station,13.771855217505736,-16.121402981673036
ID,2023-05-13,0.8347449074696203,two-station,12.115287209242643,-14.373380127665872
ID,2023-05-14,0.8356521114215011,two-station,13.234563544137645,-13.301601835454358
ID,2023-05-15,0.8347340737193375,two-station,14.565914481596042,-16.61371165884624
ID,2023-05-16,0.8356479413452456,two-station,13.795211534234518,-14.83590159694283
ID,2023-05-17,0.8355233541035496,two-station,11.056168124315509,-17.015740990686737
ID,2023-05-18,0.8368904155257071,two-station,7.868237627482013,-13.321293043535071
ID,2023-05-19,0.8906087296210361,two-station,15.275380634653237,-17.009176359479362
ID,2023-05-20,1.012729359390698,two-station,18.420532508848613,-16.572507410454236
ID,2023-05-21,0.9126727929198942,two-station,13.871296606811793,-15.237362552516313
ID,2023-05-22,0.8366068692765127,two-station,11.685326384763032,-12.192518737609044
ID,2023-05-23,0.8357274207223441,two-station,11.614936579352529,-15.466765443371209
ID,2023-05-24,0.8355208612656829,two-station,9.991400208073184,-14.67454859386227
ID,2023-05-25,0.8365970426291665,two-station,13.754515096399142,-11.352329873587296
ID,2023-05-26,0.8393407530581309,two-station,7.6439436515898445,-8.962367695200298
ID,2023-05-27,0.8557932858761543,two-station,11.86518800664976,-14.462808451327184
ID,2023-05-28,0.8655602649999518,two-station,11.04223130962097,-15.134872486282005
ID,2023-05-29,0.8738567830619615,two-station,13.033348991040056,-14.549729627650777
ID,2023-05-30,0.8796058436058227,two-station,14.41632558620983,-14.957254002245854
ID,2023-05-31,0.870362238212464,two-station,13.571061440398449,-12.16571202485994
ID,2023-06-01,0.8569427625879092,two-station,11.793774765093534,-14.594440689405486
ID,2023-06-02,0.8378196707449721,two-station,13.702543853027068,-13.565127566666773
ID,2023-06-03,0.8349199740448764,two-station,11.883272697806472,-13.787620960967388
ID,2023-06-04,0.8379252277747922,two-station,10.479112471275355,-13.281855001997814
ID,2023-06-05,0.837489098303687,two-station,14.240176927908095,-14.129981923035132
ID,2023-06-06,0.8349286498983675,two-station,14.579143310582454,-14.545792838980976
ID,2023-06-07,0.8353048103560509,two-station,13.577627801349268,-15.389676007634042
ID,2023-06-08,0.8379477375774671,two-station,14.02732574126108,-15.123745516141431
ID,2023-06-09,0.8343943467925673,two-station,13.427318634748172,-16.499592115701496
ID,2023-06-10,0.833712781081667,two-station,12.2540578217473,-11.90010832705973
ID,2023-06-11,0.8311735207850156,two-station,13.5884670908618,-15.335420981697318
ID,2023-06-12,0.831603465973992,two-station,9.584526399507917,-12.64559420126946
ID,2023-06-13,0.8306076747055611,two-station,12.808262879873508,-14.337812086768672
ID,2023-06-14,0.8303201976961079,two-station,12.828341664861648,-13.849308315064398
ID,2023-06-15,0.829529671906167,two-station,7.912343671241019,-13.20122288732032
ID,2023-06-16,0.8310949523791729,two-station,9.076054833291291,-11.86411426880368
ID,2023-06-17,0.8379250355114313,two-station,11.282144550737708,-13.392939835781496
ID,2023-06-18,0.9290809836338513,two-station,12.01870471570258,-15.058083025930069
ID,2023-06-19,1.0648170530372403,two-station,9.917162258655011,-13.851846584224178
ID,2023-06-20,1.2193776166485961,two-station,6.903936389178052,-12.525141288268864
ID,2023-06-21,1.289122736515069,two-station,1.5775572631215298,-11.380057326095796
ID,2023-06-22,1.4096116916803707,two-station,2.0131950575828004,-11.25316644234361
ID,2023-06-23,1.5042136415239944,two-station,11.176213070449636,-14.664933584581572
ID,2023-06-24,1.60715123935886,two-station,10.554587532632452,-16.187212318959897
ID,2023-06-25,1.7514645447879085,two-station,10.00757221648361,-16.966186484885334
ID,2023-06-26,1.9104511609766917,two-station,7.615652193677764,-17.868019487884908
ID,2023-06-27,2.065960393786008,two-station,11.00322169235016,-19.577520089051177
ID,2023-06-28,2.186302422807091,two-station,6.128707627508598,-18.388170470496902
ID,2023-06-29,2.2518851902806745,two-station,0.7008188621725804,-16.06182418217165
ID,2023-06-30,2.2757335564320305,two-station,0.18466132309416497,-15.730679132207314
ID,2023-07-01,2.281954123289328,one-station,15.74153869057524,-18.105091293436637
ID,2023-07-02,2.2719599716171763,two-station,1.1943164860720632,-16.533541481912444
ID,2023-07-03,2.2575501214726814,two-station,0.9887621198714678,-16.619698031730646
ID,2023-07-04,2.2332634209007916,two-station,1.2472019140942976,-17.712892855983718
ID,2023-07-05,2.1923694954712203,two-station,3.675210509629569,-18.68030553816396
ID,2023-07-06,2.1393119471145647,two-station,3.677808788970946,-18.193220633272187
ID,2023-07-07,2.089151594387496,two-station,4.133760365664437,-18.814151034996712
ID,2023-07-08,2.036017774083183,two-station,6.758265760706172,-20.23325240937965
ID,2023-07-09,1.968359438665103,two-station,7.210030910224448,-18.331674028690895
ID,2023-07-10,1.898840915823405,one-station,8.019420221603486,-17.075388316033905
ID,2023-07-11,1.843802374487949,two-station,12.47009615190438,-18.36725424758661
ID,2023-07-12,1.7815330942830436,two-station,12.253116848888157,-18.319298854391107
ID,2023-07-13,1.7404913404276665,two-station,14.66170927368641,-18.545557274965734
ID,2023-07-14,1.7100582233224002,two-station,7.244769293947274,-16.16371847827928
ID,2023-07-15,1.6736703570517928,two-station,11.529231403545191,-16.549726876786607
ID,2023-07-16,1.6415071130153038,two-station,8.398680379302743,-18.16329357411427
ID,2023-07-17,1.6224680541392393,two-station,14.315627098205567,-16.4456286330503
ID,2023-07-18,1.5974354089441718,two-station,16.133479712454175,-17.275407369870862
ID,2023-07-19,1.5720569476586808,two-station,16.494860514645367,-17.798410434876576
ID,2023-07-20,1.5395949137238596,two-station,15.635102457183372,-17.317533137631223
ID,2023-07-21,1.5107767479955436,two-station,16.882902371831985,-17.666975047540273
ID,2023-07-22,1.4944207598929673,two-station,16.03980525411499,-17.12999430017233
ID,2023-07-23,1.4802828071545073,two-station,5.83553372236236,-12.960662548328052
ID,2023-07-24,1.4655172656998008,two-station,18.247928005459155,-14.351498999882638
ID,2023-07-25,1.4499688206596733,two-station,16.870275347291116,-14.874861535917772
ID,2023-07-26,1.4445372457915464,two-station,15.994122700861988,-16.86941740337376
ID,2023-07-27,1.4387047753636286,two-station,17.80188340698831,-15.699248898267534
ID,2023-07-28,1.4344863369050371,two-station,13.802781779933538,-15.937852955801516
ID,2023-07-29,1.429813793172337,two-station,17.636550737817938,-14.066475114172649
ID,2023-07-30,1.4166201958646625,two-station,17.62085837310984,-14.531186704210455
ID,2023-07-31,1.4076024209756455,two-station,17.523047122601444,-13.978970833113875
ID,2023-08-01,1.417863053305341,two-station,17.399134120286416,-14.149540466083048
ID,2023-08-02,1.449988858481088,two-station,18.084968744061698,-16.696196421587654
ID,2023-08-03,1.469366686766633,two-station,17.922055047415512,-17.083088122332597
ID,2023-08-04,1.532822259207918,two-station,11.186475626748033,-14.065053916169076
ID,2023-08-05,1.6713693906889155,two-station,6.796769887963723,-15.993389798559608
ID,2023-08-06,1.7608460645177153,two-station,14.101942845820298,-17.838371786468972
ID,2023-08-07,1.7948502732492841,two-station,12.108770294255208,-19.186867735718312
ID,2023-08-08,1.8132231545144077,two-station,12.445049262086595,-18.82395847096199
ID,2023-08-09,1.8173800901588066,two-station,12.486033197418486,-19.284942352205015
ID,2023-08-10,1.8069711893875793,two-station,12.511220621430692,-19.2253758980497
ID,2023-08-11,1.7858273214343756,two-station,12.05599634452454,-18.75140132377288
ID,2023-08-12,1.7466689956801242,two-station,14.619638100733878,-19.701561765778862
ID,2023-08-13,1.692041320749326,two-station,14.761528958392114,-19.322585316094553
ID,2023-08-14,1.6497505648006139,two-station,14.487274645947975,-20.205137852690797
ID,2023-08-15,1.6131645758641393,two-station,7.832132937392462,-14.980225022289703
ID,2023-08-16,1.5756270894441589,two-station,13.227670726747377,-14.679362268567004
ID,2023-08-17,1.559788962445151,two-station,16.846418754177837,-14.394313269622891
ID,2023-08-18,1.5616807882142019,two-station,17.80415386684181,-16.831976291705384
ID,2023-08-19,1.554964794527637,two-station,15.390049430825464,-17.295189026141376
ID,2023-08-20,1.5474711698066224,two-station,16.35568814150117,-17.16234327707598
ID,2023-08-21,1.5380815489869992,two-station,17.989209711916125,-17.194617925571926
ID,2023-08-22,1.5228207251538455,two-station,17.444279046683796,-17.523862849422102
ID,2023-08-23,1.5038455182389228,two-station,21.355108503997897,-16.529868051178394
ID,2023-08-24,1.4721213273308615,two-station,18.277858881789157,-16.255207028254
ID,2023-08-25,1.4289090344990854,two-station,20.402626399309785,-15.995676667015845
ID,2023-08-26,1.3889672301424372,two-station,18.049552546282072,-16.756777271142752
ID,2023-08-27,1.353308147278279,two-station,18.78048921982306,-15.622878042174811
ID,2023-08-28,1.3262700662603648,two-station,18.40488658906117,-14.781507361609796
ID,2023-08-29,1.3123772145673236,two-station,19.949133765550947,-15.50776189938913
ID,2023-08-30,1.3370210929442592,two-station,5.429746657743954,-12.274349075452632
ID,2023-08-31,1.350623638329098,two-station,16.691244547445326,-14.141510869208906
ID,2023-09-01,1.3543889773500144,two-station,12.66469504762452,-15.866761085967738
ID,2023-09-02,1.4595334587222064,two-station,18.75097476214307,-14.966443836471122
ID,2023-09-03,1.5975754323516682,two-station,12.810165823395083,-17.18127684991284
ID,2023-09-04,1.7384366650269334,two-station,12.726022970172068,-18.47559492580155
ID,2023-09-05,1.8490198640798754,two-station,11.6859296813372,-19.875989215619537
ID,2023-09-06,1.9292194251747363,two-station,9.526340816644318,-20.073469092529315
ID,2023-09-07,1.9721595332186395,two-station,8.76884616697548,-20.720766387321103
ID,2023-09-08,1.9837949450533918,two-station,8.110135323452047,-20.097100420647795
ID,2023-09-09,1.9786121619150423,two-station,5.395084246936249,-19.988075142860005
ID,2023-09-10,1.9736089979285185,two-station,8.37055245882346,-21.03163037617811
ID,2023-09-11,1.9665157415628576,two-station,6.016071823927479,-20.36270801105721
ID,2023-09-12,1.9484990788123824,two-station,10.745907300127246,-20.72580064293694
ID,2023-09-13,1.924947920946047,two-station,9.998635135274313,-20.299818729002872
ID,2023-09-14,1.8885480706379036,two-station,10.697829381784292,-20.221996538517693
ID,2023-09-15,1.840407107520968,two-station,12.514330515498704,-19.89116934577912
ID,2023-09-16,1.7821971633295384,two-station,12.409040806914373,-19.96067609135696
ID,2023-09-17,1.7337275939113497,two-station,14.103664345449213,-18.6498327193447
ID,2023-09-18,1.6892309781395152,two-station,14.06191521044473,-19.43232020493584
ID,2023-09-19,1.6400025685827557,two-station,17.81248556057312,-19.77390943268179
ID,2023-09-20,1.6116368124445213,two-station,2.4531754807431625,-17.03419592234726
ID,2023-10-02,1.3442465298720134,two-station,19.277740364668976,-18.404096026457346
ID,2023-10-03,1.3311233308597015,two-station,18.47561034964627,-14.043973998866992
ID,2023-10-04,1.3120139007992913,two-station,20.259772149815383,-13.776335022463837
ID,2023-10-05,1.2948288936371588,two-station,18.79620187921881,-13.2752547698732
ID,2023-10-06,1.2817666431235863,two-station,18.74747705013774,-13.312907979684864
ID,2023-10-07,1.2677411504049696,two-station,17.731917111119774,-13.079676493156926
ID,2023-10-08,1.2435791334597577,two-station,18.698566852829615,-11.10944996443392
ID,2023-10-09,1.2160987875143534,two-station,16.403735759836955,-11.541612003338557
ID,2023-10-10,1.1968314536152214,two-station,15.703934579785392,-11.55766882059092
ID,2023-10-11,1.1832780427336183,two-station,9.123915820894764,-10.226374921960106
ID,2023-10-12,1.2459003782265514,two-station,10.526964358907652,-9.411945190804357
ID,2023-10-13,1.2372227623502652,two-station,17.210420000187433,-12.480925661180624
ID,2023-10-14,1.2335765933159528,two-station,14.932385873372224,-11.538477571393342
ID,2023-10-15,1.2803760930182544,two-station,15.581295476394004,-11.656450995487427
ID,2023-10-16,1.328610484423352,two-station,14.86354830262908,-11.11854832995235
ID,2023-10-17,1.3532518206300752,two-station,16.311717355909973,-10.204705911830157
ID,2023-10-18,1.371678198991353,two-station,15.144909752043272,-10.455624198791728
ID,2023-10-19,1.383321328909006,two-station,13.352961156235851,-11.57100329144884
ID,2023-10-20,1.3901606646848377,two-station,12.52472953954726,-12.193957252245838
ID,2023-10-21,1.3938721714152218,two-station,14.55033135264036,-12.769710847555332
ID,2023-10-22,1.3788649805367592,two-station,15.53486471392448,-12.913268076887608
ID,2023-10-23,1.3637373244270157,two-station,15.578625229094929,-12.080610004979189
ID,2023-10-24,1.3383062762567226,two-station,14.41258816890831,-11.986116386254595
ID,2023-10-25,1.3198832531321258,two-station,15.262710291936685,-12.088724839172263
ID,2023-10-26,1.3009145176278678,two-station,15.98981657554304,-11.63484769946372
ID,2023-10-27,1.284304128783662,two-station,14.5920925324465,-12.213021921454338
ID,2023-10-28,1.2655208607590802,two-station,15.676548299522729,-11.046219559455238
ID,2023-10-29,1.2449876120621541,two-station,15.07347016208709,-12.134916751403638
ID,2023-10-30,1.225600820034679,two-station,14.41089251830445,-11.382339667619076
ID,2023-10-31,1.2080062409526615,two-station,14.72044150880637,-11.813234565077028
ID,2023-11-01,1.183778502037956,two-station,14.951041203099518,-10.979737162874745
ID,2023-11-02,1.1389132516279763,two-station,13.067506521195185,-9.924091096201916
ID,2023-11-03,1.1107954422531392,two-station,13.824686261394396,-11.448087121929142
ID,2023-11-04,1.0966652559167207,two-station,15.29200530472594,-12.013015443248973
ID,2023-11-05,1.082274772698285,two-station,12.10040857383786,-11.172304459028926
ID,2023-11-06,1.0660172466254447,two-station,13.864399656398964,-10.20446784000874
ID,2023-11-07,1.0504324176400512,two-station,13.35167158469635,-10.48251864890566
ID,2023-11-08,1.0356659657206904,two-station,13.307868273135734,-10.485170495409966
ID,2023-11-09,1.0217055711288483,two-station,14.484667986123096,-11.122421413118506
ID,2023-11-10,1.0103848164309845,two-station,12.873049829877992,-11.217755981981377
ID,2023-11-11,0.9960953834519289,two-station,12.359299330387168,-12.013689449961197
ID,2023-11-12,0.9774961922905658,two-station,9.12675639190724,-10.651130923583205
ID,2023-11-13,0.9589039521850676,two-station,11.643695088712182,-9.983462701153584
ID,2023-11-14,0.9481662050366867,two-station,6.966438563781728,-10.386924618755629
ID,2023-11-15,0.9501486796340981,two-station,5.923673481462782,-9.440827735952771
ID,2023-11-16,0.9554940646517649,two-station,5.140586620346282,-9.72785652756458
ID,2023-11-17,0.9440172283109916,two-station,8.009383882858014,-10.380009698395574
ID,2023-11-18,0.932523661572946,two-station,10.947565885781144,-10.735485015840608
ID,2023-11-19,0.9193803493090622,two-station,9.774479273407689,-10.074939758320689
ID,2023-11-20,0.9082435755960389,two-station,9.54626512854716,-10.756731017091248
ID,2023-11-21,0.9033576172291932,two-station,10.986120149326023,-10.80841835899404
ID,2023-11-22,0.9124884754741718,two-station,7.574361713143026,-9.813205344542531
ID,2023-11-23,0.9040945495379987,two-station,11.171406571534266,-9.479158660708944
ID,2023-11-24,0.8957399319643162,two-station,11.120460046714356,-10.133108888227762
ID,2023-11-25,0.8892075362556763,two-station,10.561848087271052,-9.983958251532876
ID,2023-11-26,0.9162217453301996,one-station,1.3647159689527444,-13.616355975014343
ID,2023-11-27,0.9221924172231019,two-station,11.815001573491152,-9.023730089676905
ID,2023-11-28,0.9084179689962293,two-station,11.898937320272513,-9.47998720918554
ID,2023-11-29,0.9108317305733271,two-station,9.850788556125629,-8.511510394380396
ID,2023-11-30,0.9222817710600854,two-station,10.19352849815046,-9.44882845958573
ID,2023-12-01,0.9383446260887217,two-station,12.053418406644766,-10.526235979524408
ID,2023-12-02,0.952053880057139,two-station,4.857874843441395,-8.871085604213068
ID,2023-12-03,0.9912983483559128,two-station,4.572294297940948,-10.36959349395726
ID,2023-12-04,1.0165932074939863,two-station,11.78215445184802,-10.683598781218784
ID,2023-12-05,1.1151492549043753,two-station,12.73414431483464,-10.312520415597586
ID,2023-12-06,1.2269726746159078,two-station,11.130681831730008,-9.861137548407982
ID,2023-12-07,1.3090830919449958,two-station,10.390949630290022,-9.649272568334428
ID,2023-12-08,1.3622280338880304,two-station,9.830094289736818,-12.437144096464332
ID,2023-12-09,1.3930990456514043,two-station,11.292541027759473,-11.990070067617356
ID,2023-12-10,1.4187403449759215,two-station,6.42158723584473,-14.022021637978655
ID,2023-12-11,1.4426504051916278,two-station,9.812002205592984,-11.819088411731618
ID,2023-12-12,1.4295277052595314,two-station,10.588670258519464,-11.510252543340624
ID,2023-12-13,1.4568888321392883,two-station,13.152692515993463,-12.121637109182467
ID,2023-12-14,1.493540542538655,two-station,16.416708083163975,-10.847955758339978
ID,2024-01-12,2.933229243171458,one-station,3.4821477838204564,-7.083710868985188
ID,2024-01-13,2.9880105071605985,one-station,8.356163959594296,-3.377548587548062
ID,2024-01-14,3.025742041035364,one-station,6.361832073455957,-6.136024688163754
ID,2024-01-15,3.0622087157877163,one-station,5.124248265354877,-6.384447108212312
ID,2024-01-16,3.103761916598107,one-station,0.2906347645488661,-4.92924910208098
ID,2024-01-17,3.133466299166944,one-station,7.25429039540559,-0.4717473649908033
ID,2024-01-18,3.152221754234125,one-station,2.460540279241056,-7.03596806893411
ID,2024-01-19,3.1725127789969205,one-station,3.661540215433829,-2.224440508901833
ID,2024-01-20,3.191674794928928,one-station,3.938993552178814,-4.155420013733265
ID,2024-01-23,3.1627984333039576,one-station,0.5598770455654596,-8.277037422392329
ID,2024-01-24,3.1393622758545727,one-station,5.762601768725379,-2.977343915315672
ID,2024-01-25,3.112794215415163,one-station,7.712534144503575,-9.051022806739422
ID,2024-01-26,3.0973389117879617,one-station,3.801632108741425,-4.165704920775931
ID,2024-01-27,3.066674891567211,one-station,8.511144971986369,-7.597251441049328
ID,2024-01-28,3.0509737681866964,one-station,10.554866552906862,-7.991763932520819
ID,2024-02-02,2.878253402749987,two-station,3.150159850120418,-19.68346368511154
ID,2024-02-03,2.8324361286652704,two-station,3.05899487709191,-20.210839091188493
ID,2024-02-04,2.7847757810677263,one-station,11.259396617877526,-11.805902160294858
ID,2024-02-05,2.746921432308129,one-station,14.042616557129785,-13.181097839732995
ID,2024-02-06,2.701563678979505,two-station,3.821434618501935,-21.39038476077364
ID,2024-02-07,2.656359802597663,two-station,6.243092174654726,-19.40653322066838
ID,2024-02-08,2.62105708143247,two-station,6.962822652184767,-20.111137522552745
ID,2024-02-09,2.599828221728598,two-station,6.378544783022088,-20.820588950079888
ID,2024-02-10,2.5845961120769525,two-station,3.5522321420257073,-21.27172305591249
ID,2024-02-11,2.5731582003318536,two-station,6.025793542622415,-21.73766851207997
ID,2024-02-12,2.5681549412268527,one-station,14.031453989601918,-14.505479506028742
ID,2024-02-13,2.5694482754680807,two-station,5.459427491714105,-25.02526476431534
ID,2024-02-14,2.54577674723564,two-station,5.90473101871317,-20.397505773400216
ID,2024-02-15,2.5246329751608156,two-station,3.3469864373991483,-21.80803027125709
ID,2024-02-16,2.510185159711046,one-station,14.657418061692626,-14.8060305765607
ID,2024-02-17,2.5008903104901012,one-station,10.36175805880137,-10.572487133309217
ID,2024-02-18,2.514890061003674,one-station,7.1933979576258,-6.922792972409165
ID,2024-02-19,2.5022814836782485,two-station,6.82280434513379,-19.543681787153265
ID,2024-02-20,2.504687383228226,two-station,6.184753434896363,-19.488689088182348
ID,2024-02-21,2.527762960329948,two-station,8.078958783552116,-18.655528396112786
ID,2024-02-22,2.564062240043909,two-station,6.737671973318367,-20.553746600995787
ID,2024-02-23,2.606886341834432,one-station,14.245119929151883,-14.07719257774242
ID,2024-02-24,2.65049516737978,two-station,4.774967044786129,-21.27953346637307
ID,2024-02-25,2.6658180209782616,two-station,4.876916457167487,-21.08915397074625
ID,2024-02-26,2.663792978660058,two-station,5.971637244027317,-19.666144453163465
ID,2024-02-27,2.6558178772873435,two-station,6.559264747204306,-19.092164851447045
ID,2024-02-28,2.6428310311930896,two-station,6.265815299103068,-20.301998895529337
ID,2024-02-29,2.613461543313357,two-station,5.302144184830917,-20.147196865378824
ID,2024-03-01,2.5608662930826838,two-station,4.371112040816739,-20.718353631989796
ID,2024-03-02,2.4995081000306802,two-station,1.030584836402688,-20.310618782095833
ID,2024-03-03,2.4365506392665917,two-station,9.662715829301176,-23.87020016982652
ID,2024-03-04,2.376593926201881,two-station,14.154726865201168,-23.03510870446109
ID,2024-03-05,2.327707738182866,one-station,13.076807036365835,-25.137914777914087
ID,2024-03-06,2.3208642811565205,two-station,11.13475327175014,-25.34033082063945
ID,2024-03-07,2.301749337962638,two-station,11.636725405505969,-24.507608561576166
ID,2024-03-08,2.2985729016183907,two-station,11.614943939921472,-23.493208873504756
ID,2024-03-09,2.314648987356796,two-station,5.2826001187935425,-23.374327313908225
ID,2024-03-10,2.3450170915222848,two-station,10.661664372271767,-25.803716014290305
ID,2024-03-11,2.3597446679003222,two-station,14.028436462355742,-20.381326888752763
ID,2024-03-12,2.410144556863779,two-station,9.960190731547929,-20.636556500106547
ID,2024-03-13,2.487135420439445,two-station,5.135458379900084,-21.834077418110965
ID,2024-03-14,2.563478897046749,two-station,4.936791118096377,-20.89134204267024
ID,2024-03-15,2.6343643378729857,two-station,1.6734704580706172,-21.266157608704365
ID,2024-03-16,2.693195687005135,one-station,16.198549588647587,-14.829761069086102
ID,2024-03-17,2.7381774233136924,one-station,17.54136823027133,-16.256426413552365
ID,2024-03-18,2.7760211781456063,one-station,11.83966058100008,-10.865355780188665
ID,2024-03-19,2.79277072673199,one-station,16.279129349006688,-14.299394351791952
ID,2024-03-20,2.7990623359222897,one-station,15.80295087045366,-15.13051309761732
ID,2024-03-21,2.8008334568907607,one-station,16.401465238675073,-15.771148718522484
ID,2024-03-22,2.8026845849473703,one-station,4.558956817958941,-7.848401070156766
ID,2024-03-23,2.805285444696497,one-station,13.628881034920507,-12.05489488284856
ID,2024-03-24,2.799112670045124,one-station,15.205165504158972,-13.21392426638237
ID,2024-03-25,2.7877217834789105,one-station,14.739297662062317,-14.57196150740696
ID,2024-03-26,2.7975724128159656,one-station,14.13860311294105,-14.398790572204549
ID,2024-03-27,2.81954645036928,one-station,2.85575037625717,-5.449985108222096
ID,2024-03-28,2.854036402720389,one-station,12.99606974468748,-10.662867798338212
ID,2024-03-29,2.8622950017698563,one-station,14.519588003236828,-13.553758974454992
ID,2024-03-30,2.88711734799816,one-station,13.523401101791874,-12.048498438668217
ID,2024-03-31,2.9283923231761677,one-station,12.875744334783985,-11.130449246213448
ID,2024-04-01,2.975254763868355,one-station,10.677282951501278,-10.404960047849578
ID,2024-04-02,3.0240127698396946,one-station,8.654586055490741,-9.313342724110006
ID,2024-04-03,3.101585490930892,one-station,0.5722713355763243,-7.42980001357245
ID,2024-04-04,3.1654236313072595,one-station,9.197262634861726,-3.9127380012221993
ID,2024-04-05,3.210053621413485,one-station,6.4887982462924905,-7.5692581306831155
ID,2024-04-06,3.260396896600201,one-station,4.205657616980584,-4.9442266590904005
ID,2024-04-07,3.299806171221118,one-station,4.717363998651035,-5.947829004349431
ID,2024-04-08,3.324810485241593,one-station,3.8525148598962655,-5.783046959688074
ID,2024-04-09,3.328973365092221,one-station,4.151364816303526,-5.602591303867392
ID,2024-04-10,3.3224363201687286,one-station,3.679215955053035,-6.458695515125218
ID,2024-04-11,3.3330856727705216,one-station,3.991180157251052,-6.545351678571726
ID,2024-04-12,3.3475134020797372,one-station,5.3578651783298294,-5.016270266134894
ID,2024-04-13,3.396658304860856,one-station,5.7991201622030655,-7.759057050003872
ID,2024-04-14,3.502655821940119,one-station,12.05486399725447,-13.873809863262906
ID,2024-04-15,3.6397973028509645,one-station,9.692979871431495,-10.818450320312335
ID,2024-04-16,3.776266709503879,one-station,8.598000564541865,-9.167197682694018
ID,2024-04-17,3.8951012340392692,one-station,11.67684198685899,-12.51987127439607
ID,2024-04-18,4.0011764446956395,one-station,9.656755310335688,-12.916075835348463
ID,2024-04-19,4.09473819699626,one-station,10.617773485949934,-12.926357394575266
ID,2024-04-20,4.178712445380689,one-station,6.631790076661026,-10.163701022522352
ID,2024-04-23,4.348254936044156,one-station,7.251246078991033,-4.592645785760537
ID,2024-04-24,4.363659139281389,one-station,5.896955817884481,-6.69498451067371
ID,2024-04-25,4.350625075491587,one-station,5.290664000811855,-7.375555210073923
ID,2024-04-26,4.3099544874751885,one-station,7.995441251170948,-11.188763605262302
ID,2024-04-27,4.252313313273837,one-station,3.609716720539172,-5.7303934300341135
ID,2024-04-28,4.183055998285412,one-station,2.968991278677709,-3.712902491814813
ID,2024-04-29,4.10457233550534,one-station,4.245049160601476,-4.833516087434545
ID,2024-04-30,4.013127856217894,one-station,6.479962383724254,-8.961056914053456
ID,2024-05-01,3.9158269379208575,one-station,9.439620653227268,-10.893139137189973
ID,2024-05-02,3.81062680180902,one-station,8.277066666520929,-10.223050638085295
ID,2024-05-03,3.704156100671333,one-station,7.262502743803961,-6.57008164616035
ID,2024-05-04,3.595827033545936,one-station,2.9807966562164907,-5.3117466971779645
ID,2024-05-05,3.4946805290639458,one-station,0.9274679946175596,-2.435347765677575
ID,2024-05-06,3.3901117206718556,one-station,1.1499284074945744,-0.5850638172033699
ID,2024-05-07,3.289086832215001,one-station,1.0573821175613058,-2.5160848406766503
ID,2024-05-08,3.195755320570878,one-station,4.204745303513298,-4.75214819814415
ID,2024-05-09,3.1117999114014694,one-station,6.031003150451805,-6.7788252785069805
ID,2024-05-10,3.048442657805604,one-station,0.3010597409741594,-3.6962833213297825
ID,2024-05-11,2.991109573705397,one-station,11.396433362974983,-10.115567990574664
ID,2024-05-12,2.929437777418777,one-station,9.939355139164412,-9.9251658205473845
ID,2024-05-13,2.886801253445482,one-station,7.758458985288618,-10.838216236723005
ID,2024-05-14,2.890048252984135,one-station,11.23083038224969,-8.77200882944535
ID,2024-05-15,2.86826097739527,one-station,11.147935526456504,-11.240694407269777
ID,2024-05-16,2.8821982184983144,one-station,11.86169255512642,-11.098363258959765
ID,2024-05-17,2.9279998654203756,one-station,6.896082391090461,-6.742552183999613
ID,2024-05-18,2.988493710129732,one-station,5.426932287118345,-5.465017436991559
ID,2024-05-19,3.065831923596592,one-station,5.774940957907687,-5.994403160534509
ID,2024-05-20,3.1480764203802485,one-station,1.757555775801865,-2.4767391811991324
ID,2024-05-21,3.2296590057609014,one-station,1.3615465618198803,-4.493240842909631
ID,2024-05-22,3.3111140792293314,one-station,0.5444389660484816,-4.197059938455104
ID,2024-05-23,3.3899951383882945,one-station,2.726465929272784,-5.330171784969951
ID,2024-05-24,3.481117722607753,one-station,7.90835283043908,-9.753422997001774
ID,2024-05-25,3.5740537078813372,one-station,10.143119520469233,-10.18143517614877
ID,2024-05-26,3.6583975489278027,one-station,10.05896763954816,-10.093439753606706
ID,2024-05-27,3.726845642855486,one-station,9.170583688474904,-9.641315165572864
ID,2024-05-28,3.775949416344807,one-station,7.859502092812105,-9.559107138327022
ID,2024-05-29,3.797097358749188,one-station,8.49697716656849,-9.243841530124762
ID,2024-05-30,3.790987909361121,one-station,9.849251430969206,-9.850084771098834
ID,2024-05-31,3.7638070244627047,one-station,11.584995931185356,-12.237591923040462
ID,2024-06-01,3.7212541021302252,one-station,11.89860216090091,-11.95790923436834
ID,2024-06-02,3.6796021043490224,one-station,8.74048406499201,-12.431139603230683
ID,2024-06-03,3.6355209093315226,one-station,10.721226866436778,-10.445748390980384
ID,2024-06-04,3.5921195058949515,one-station,7.907919832003981,-8.743382217299844
ID,2024-06-05,3.5404268096414033,one-station,5.633071044901405,-7.364298271936372
ID,2024-06-06,3.484714756632226,one-station,4.924102881269763,-5.93204211447708
ID,2024-06-07,3.415260900591245,one-station,2.078151807862642,-3.4087681475208926
ID,2024-06-09,3.256671201136154,one-station,0.8941565424602927,-2.185941910429003
ID,2024-06-10,3.1705556641042403,one-station,1.8249226710392257,-2.668978184878639
ID,2024-06-11,3.0719696558401086,one-station,4.4484203329671255,-5.505613484758915
ID,2024-06-12,2.965398239404115,one-station,7.338793577970581,-8.915970494320915
ID,2024-06-13,2.851031340747232,one-station,13.301092000380905,-13.15252972346534
ID,2024-06-14,2.729111903271389,one-station,15.486648919728395,-15.578237098481802
ID,2024-06-15,2.6104034163300076,one-station,16.28766373097738,-16.469916508048126
LF,2022-04-12,1.4918966073632434,one-station,4.64041562555544,-17.41227712333986
LF,2022-04-14,1.5294892603032368,one-station,6.368777550090934,-20.121403246874255
LF,2022-04-15,1.5404086794096534,one-station,5.676339783241931,-19.076139435675092
LF,2022-04-19,1.5135221575700828,one-station,5.242428960798697,-16.30055366878319
LF,2022-04-20,1.4663897470026845,one-station,4.824119003412488,-16.96216178087767
LF,2022-04-21,1.4158414963787715,one-station,5.2439741557792265,-17.006081402672095
LF,2022-04-23,1.324952534648479,one-station,4.6144437218374685,-15.92628528691985
LF,2022-04-24,1.288031047578078,one-station,3.8259774425759465,-15.230735638850344
LF,2022-04-25,1.2585296345998074,one-station,3.526324822986648,-14.251306843908674
LF,2022-04-26,1.2280711781714868,one-station,3.775629444396248,-15.191560419882002
LF,2022-04-27,1.1886155491346189,one-station,4.1421789477915425,-20.69354095752967
LF,2022-05-03,0.9394349408573763,two-station,3.281167296937158,-15.934286665734962
LF,2022-05-04,0.8983215099301675,two-station,7.402630968226093,-15.679617787637882
LF,2022-05-05,0.8547973664676876,two-station,8.070180237134439,-12.649774317740366
LF,2022-05-06,0.8338125650872523,two-station,8.396932091388651,-12.381383992082856
LF,2022-05-07,0.8295635593276645,two-station,8.144580230844733,-13.013112983575644
LF,2022-05-08,0.789790770661573,two-station,10.740692970127752,-9.079959489950951
LF,2022-05-09,0.7219766155423253,two-station,12.173195032828604,-6.227264287897699
LF,2022-05-10,0.6720311113062266,two-station,13.545216023913776,-2.1757078561411296
LF,2022-05-11,0.6499923637679378,two-station,10.8106931602132,-1.13889085693512
LF,2022-05-12,0.656058876303798,two-station,13.1910672035201,-2.7235741786868153
LF,2022-05-13,0.6858829358147369,two-station,10.304300275458171,-6.59827809868955
LF,2022-05-14,0.7060548787664934,two-station,10.06174346878064,-6.095562400533148
LF,2022-05-15,0.7047678895532474,two-station,10.336983775938537,-6.460846396381538
LF,2022-05-16,0.704431871905855,two-station,10.817246900738253,-5.788336800138975
LF,2022-05-17,0.7008269189806008,two-station,10.410631809277996,-7.429298478720361
LF,2022-05-18,0.6730157163238959,two-station,14.570285710986171,-6.343136062979047
LF,2022-05-19,0.6376159529297057,two-station,16.142794160703826,-4.8313719080555115
LF,2022-05-20,0.6286337513507789,two-station,13.590955295707172,-4.724549651444848
LF,2022-05-21,0.6286620171366492,two-station,9.744863291760463,-5.980161777523284
LF,2022-05-22,0.5957177871929887,two-station,13.632301290321472,-3.7585631791290144
LF,2022-05-23,0.5503331477615708,two-station,13.00980785817888,-2.0861524437411103
LF,2022-05-24,0.5319588601635442,two-station,11.481464360873913,-1.6292205092735388
LF,2022-05-25,0.5398893593863897,two-station,13.361435569011984,-1.6755076155489843
LF,2022-05-26,0.5616038392893805,two-station,14.971436095915404,-2.13996740110217
LF,2022-05-27,0.5765386339151088,two-station,8.124437709840306,-1.5893726402367323
LF,2022-05-28,0.5600378094315615,two-station,7.913385545019328,-0.8319472961070971
LF,2022-05-29,0.5292879822758513,two-station,8.361257770286311,-1.1446331689558904
LF,2022-05-30,0.519750703745159,two-station,10.563048138573746,-3.6541883667151698
LF,2022-05-31,0.5115677034168029,two-station,10.177890328424352,-1.575824392461662
LF,2022-06-01,0.4867513613615616,two-station,11.4618803954145,-0.7366492349939626
LF,2022-06-02,0.48084663915938824,two-station,10.495212476965376,-3.127984033795225
LF,2022-06-03,0.5019038022982396,two-station,10.148653969643128,-2.8713415560838507
LF,2022-06-04,0.5024670624811104,two-station,10.317486291096325,-1.513935206040302
LF,2022-06-05,0.4740684240261353,two-station,12.64989130429364,-2.4197375336528957
LF,2022-06-06,0.4504389807698132,two-station,9.890636037369328,-2.1556417073474603
LF,2022-06-07,0.43917353246687296,one-station,1.4798943089463028,-11.229353591276505
LF,2022-06-08,0.44013152269744493,one-station,1.5553824408832024,-11.581793998481343
LF,2022-06-09,0.4570217507672784,one-station,1.7682850324656274,-13.0981392276439
LF,2022-06-10,0.47217406163359676,one-station,1.2082641034578163,-13.154568448722898
LF,2022-06-11,0.4904481554556448,two-station,9.309688410038634,-0.2259382430708667
LF,2022-06-12,0.5140742495774241,two-station,8.032503738452252,-1.9573510353229304
LF,2022-06-13,0.5042042267509469,two-station,7.965947301719515,-0.5691126437780115
LF,2022-06-14,0.4699864356013125,two-station,11.595826532595645,-1.0696678823139762
LF,2022-06-15,0.4564345361980265,two-station,12.522457624022024,-1.810691937503648
LF,2022-06-16,0.4511570752904,two-station,14.105674158059529,-1.2907011924058311
LF,2022-06-17,0.4367187002844154,two-station,15.92364820573248,-1.1590105446458434
LF,2022-06-18,0.4274312522033252,two-station,14.798258478682824,-0.6085110486381136
LF,2022-06-19,0.41527577045499386,two-station,10.27238925301847,-0.7539301257674653
LF,2022-06-27,0.323489718993953,two-station,18.233576679989756,-0.9156077573871072
LF,2022-06-28,0.35771975931734223,two-station,15.797925587725569,-1.237811101047951
LF,2022-06-30,0.351413268019158,two-station,17.538237421892585,-0.28373935490055047
LF,2022-07-12,0.40161534512382685,two-station,16.517329404057513,-1.816830525085474
LF,2022-07-15,0.39382352370296675,two-station,18.232487681198,-1.0086708352139857
LF,2022-07-17,0.40997005850005946,two-station,19.592209988294975,-1.3923599821710957
LF,2022-07-18,0.463799334304297,two-station,12.973631174456935,-1.9850044610293125
LF,2022-07-19,0.48482584999533024,one-station,2.09968940282515,-13.673210347065403
LF,2022-07-20,0.48271732029943687,one-station,1.2984294050229692,-12.721939164214294
LF,2022-07-21,0.4941262405476977,one-station,1.3667519198759637,-13.851948873248862
LF,2022-07-22,0.5133210549767968,one-station,1.4459173031779895,-14.187262051440191
LF,2022-07-23,0.5404548321296773,one-station,1.422884382496505,-14.153522028265344
LF,2022-07-24,0.5725132754420922,two-station,6.291802799854817,-0.3653597837370981
LF,2022-07-25,0.6011975390944172,two-station,11.547380217083282,-3.818204875310209
LF,2022-07-26,0.6322459771110301,two-station,21.019672812306087,-2.2499119619172725
LF,2022-07-27,0.6559537832393392,two-station,15.89007854130556,-4.496766633262156
LF,2022-07-28,0.6621332481263493,two-station,22.77053634745951,-5.403928439654966
LF,2022-07-29,0.6592910874288701,two-station,24.978341358822405,-4.528305307426633
LF,2022-07-30,0.6610553784130793,two-station,25.82815656284666,-4.810294516766181
LF,2022-07-31,0.6658359206499136,two-station,23.04003774540125,-5.153671461540401
LF,2022-08-01,0.6620458772139115,two-station,20.02844972286087,-4.799719810171104
LF,2022-08-02,0.6405511914117233,two-station,22.701916901340528,-3.6088159206143127
LF,2022-08-03,0.6127787568088158,two-station,17.073179599303497,-2.9144731052622816
LF,2022-08-04,0.5808709931492196,two-station,15.257668755719411,-1.9093279202165376
LF,2022-08-05,0.5383891810856596,two-station,14.033729613058805,-0.933696029333519
LF,2022-08-06,0.5000205866323324,one-station,2.030008343604136,-13.932848990135648
LF,2022-08-25,0.464022318463759,one-station,3.268355313124963,-13.554706251286904
LF,2022-08-26,0.4776278365028417,one-station,4.028714341489663,-14.66700529453228
LF,2022-08-27,0.4846414312693553,two-station,21.63743567538262,-1.515499635410162
LF,2022-08-28,0.5014444533979836,two-station,21.49367016915615,-1.6348225941666978
LF,2022-08-29,0.5314618223676535,two-station,20.60182478067452,-2.848724726277237
LF,2022-08-30,0.5731832130263981,two-station,15.369431072149748,-3.195005371433145
LF,2022-08-31,0.627639289538252,two-station,21.18496563649996,-2.5780578536038563
LF,2022-09-01,0.6743354030084621,two-station,24.53571772454608,-6.840688537496159
LF,2022-09-02,0.7121982986494165,two-station,22.06269858273516,-7.362830981659308
LF,2022-09-03,0.745299474770319,two-station,18.02563738403841,-7.612318263699393
LF,2022-09-04,0.7791615182155329,two-station,14.313178780639516,-9.544262395251229
LF,2022-09-05,0.8162429978213371,two-station,11.792263199122218,-13.0290918426793
LF,2022-09-06,0.8397632987409535,two-station,15.159774884101935,-13.39635296531558
LF,2022-09-20,0.9747040352034524,two-station,7.20336234772022,-19.27979058384389
LF,2022-09-21,0.9645451376654255,two-station,7.071348106401356,-17.66298557067708
LF,2022-09-22,0.9516489743910594,two-station,8.929855837645897,-17.364959999567432
LF,2022-09-23,0.9319674439882791,two-station,8.877380137420218,-18.609065832636595
LF,2022-09-24,0.9050140207276081,two-station,13.633800168329152,-14.593045203184984
LF,2022-09-25,0.8907801109733731,two-station,13.315250833130664,-13.670556859543131
LF,2022-09-26,0.8903965253555272,two-station,13.8146786426984,-14.249088920995549
LF,2022-09-27,0.8698459718295319,two-station,14.34463057110176,-15.66455565062196
LF,2022-09-28,0.7410961904103964,two-station,1.896258933252984,-5.38439324907285
LF,2022-09-29,0.5979745570089777,one-station,2.9603842403157907,-17.807787225840265
LF,2022-09-30,0.5995669927999298,two-station,12.383533043758511,-1.5463992051363564
LF,2022-10-01,0.6516056576683229,two-station,11.56211096907972,-2.391903262367625
LF,2022-10-02,0.647156262987445,two-station,11.10104590245966,-2.0040866659446435
LF,2022-10-03,0.5853831381554415,one-station,2.04016143591142,-15.74868327914978
LF,2022-10-04,0.5518021686389993,one-station,2.521479901344436,-15.88906988170876
LF,2022-10-06,0.6047979764287204,two-station,15.315529219289134,-0.6693891784433283
LF,2022-10-07,0.5913939552579989,two-station,14.605062168905825,-1.060304556856643
LF,2022-10-08,0.5666759143550362,two-station,14.056582267128158,-0.8354453166131233
LF,2022-10-09,0.5415505300407913,two-station,15.863841880573643,-1.215545901021275
LF,2022-10-10,0.5257980359336809,two-station,15.831099991254924,-0.7016098631390211
LF,2022-10-11,0.5063809393229267,two-station,11.973848152681793,-0.2340587506501821
LF,2022-10-12,0.49731536959515427,two-station,18.57269638481154,-1.4011984635718857
LF,2022-10-13,0.5115501584165736,two-station,16.30544266488315,-2.246825613455394
LF,2022-10-14,0.4871536516701378,two-station,14.81151256386338,-1.067831146622105
LF,2022-10-18,0.3797215016252796,two-station,20.523824038014272,-0.8348585003325412
LF,2022-10-19,0.27373404843518945,one-station,0.7636172442207905,-1.946004396643493
LF,2022-10-20,0.24401125165105192,one-station,0.6731466508391768,-2.486379802142963
LF,2022-10-21,0.27096929468640807,one-station,0.8430456600942834,-3.3332075602110236
LF,2022-10-25,0.4425078355003437,two-station,16.862115948611624,-0.5361609922640298
LF,2022-10-26,0.4537000128435416,two-station,14.11676816577996,-3.273580580282488
LF,2022-10-28,0.3811799503831757,two-station,17.106711838761324,-1.6097421855303988
LF,2022-10-29,0.325135052647371,two-station,13.932706232960715,-0.601957033412047
LF,2022-10-30,0.30454788674071737,two-station,14.131108208226552,-0.5573752204922151
LF,2022-11-09,0.1810064716439814,one-station,0.8664488258047054,-1.635783899561959
LF,2022-11-10,0.279222977650426,two-station,12.439289061708664,-12.768642874903156
LF,2022-11-11,0.4437547606267206,two-station,12.727415377400355,-9.926556085962398
LF,2022-11-12,0.4363288963968826,two-station,15.165692157785216,-3.5358514146135738
LF,2022-11-13,0.3576572830373256,two-station,17.4878498870725,-5.262129985985306
LF,2022-11-14,0.28691667504039603,two-station,22.09071307716051,-11.545764028068168
LF,2022-11-15,0.29652698225504354,two-station,12.363660480159808,-15.155642856337137
LF,2022-11-16,0.2939514070376821,two-station,15.427610307751646,-0.5574632126461037
LF,2022-11-20,0.1948920205002171,one-station,0.7622633248316859,-1.4564784988498003
LF,2022-11-24,0.3350250688464948,two-station,20.118737784866635,-0.6341626890559642
LF,2022-11-25,0.36637076814122993,two-station,20.30127615527163,-5.674850959523512
LF,2022-11-26,0.3761764310366674,two-station,17.793441073745253,-5.748528688615658
LF,2022-11-27,0.3741777351174486,two-station,18.477212718999652,-6.408631779279224
LF,2022-12-01,0.23454255068633487,two-station,20.80941516501457,-17.316996917504998
LF,2022-12-02,0.2053771297190184,two-station,6.689878951108747,-20.670826885584994
LF,2022-12-03,0.24641140840277365,two-station,19.358674332359787,-15.552794281359551
LF,2022-12-04,0.2657714484638069,two-station,18.53620385499897,-4.9392535074176696
LF,2022-12-06,0.32445664497784743,two-station,23.38033905476558,-1.2102035516289045
LF,2022-12-14,0.3394592619421311,two-station,25.358318582620463,-2.563632903900941
LF,2022-12-15,0.4407437193469199,two-station,8.698284324556703,-2.9348698614168445
LF,2022-12-23,0.32929959938609876,two-station,32.56163470704708,-8.046522105697623
LF,2023-01-04,0.32066201355385304,two-station,22.99016942014106,-1.4695116562052182
LF,2023-01-05,0.2965446932764403,two-station,26.580567849078232,-2.29938501566369
LF,2023-01-12,0.2597355246079763,one-station,1.408354601666137,-2.9727266410008446
LF,2023-01-13,0.25175305484440524,two-station,26.371236801037817,-1.358795512921474
LF,2023-01-20,0.30704446227294613,two-station,32.37953885355857,-3.5753195996878526
LF,2023-01-22,0.3294798363287979,two-station,26.629081667046613,-1.7322476942594127
LF,2023-01-23,0.29150930079841253,two-station,27.056323656551484,-1.98495720795259
LF,2023-01-25,0.32348243333861926,two-station,22.328265204690652,-4.0265837847864425
LF,2023-01-26,0.30532018363509045,two-station,32.31953108745652,-2.949787368218626
LF,2023-02-03,0.3915222439219052,two-station,32.58883058924113,-8.87532883045096
LF,2023-02-06,0.4470526380445251,two-station,32.22751511447307,-0.9078258358907352
LF,2023-02-07,0.476402119678475,one-station,5.669465551622329,-15.004383353967508
LF,2023-02-08,0.4908390192742113,two-station,25.928074088406166,-1.429635328550681
LF,2023-02-09,0.513300389508621,two-station,27.20728041963185,-7.372017036547009
LF,2023-02-10,0.5324479231188093,two-station,33.78259089278,-6.07834357222298
LF,2023-02-11,0.5820265002404168,two-station,18.25434179595568,-7.024187073195309
LF,2023-02-12,0.6219401336002923,two-station,26.44355487665259,-9.496822376051902
LF,2023-02-13,0.5505668468579134,one-station,5.112196595033567,-15.267677220552706
LF,2023-02-15,0.6244076101461385,two-station,32.99406777162131,-6.05111394688338
LF,2023-02-16,0.710382755055964,one-station,8.279125185822457,-27.369725591407516
LF,2023-02-17,0.7906336963289559,two-station,22.97653122150795,-14.595083150271684
LF,2023-02-18,0.827625765768926,two-station,24.2251347885045,-5.002007279710791
LF,2023-02-19,0.8670523919349011,two-station,12.58593176473818,-9.128498159656075
LF,2023-02-20,0.9439008946078449,two-station,12.671697478829431,-16.531454086665487
LF,2023-02-21,1.0082297350073306,two-station,8.643216982267585,-18.758418203483433
LF,2023-02-22,1.0480341305131946,two-station,6.944625292445489,-22.25098672163072
LF,2023-02-23,1.06991257902392,two-station,7.8223198402651954,-21.12175317064401
LF,2023-02-24,1.0734521232267265,two-station,6.104783009333889,-24.745331228390096
LF,2023-02-25,1.0616200776351974,two-station,9.759819627243244,-22.87521811086444
LF,2023-02-26,1.041626416071791,two-station,11.50643017554398,-23.826623537253635
LF,2023-02-27,1.0302482280915042,two-station,13.158620379506356,-22.133754151018692
LF,2023-02-28,1.0252097120773744,two-station,7.708459885229655,-25.44292431215355
LF,2023-03-01,0.9964337626158434,two-station,12.298149927753576,-24.92901676582666
LF,2023-03-02,0.9619105078436564,two-station,21.358115376663424,-21.874292365836
LF,2023-03-03,0.9605839189804279,two-station,17.747456839505524,-22.937890062711983
LF,2023-03-04,0.9646094146806994,two-station,0.3160266194933019,-28.12159995398578
LF,2023-03-05,0.9138244330764327,two-station,18.675074834633865,-20.99681709859289
LF,2023-03-06,0.8499008118639226,two-station,23.42250188453047,-17.575200152333323
LF,2023-03-07,0.8113030316536137,two-station,23.017414643280222,-18.43752373048243
LF,2023-03-08,0.767964840553033,two-station,26.467245405747445,-16.267322074810064
LF,2023-03-09,0.7314612576450876,two-station,31.102070747789337,-7.792100340363671
LF,2023-03-10,0.7444850341850737,two-station,26.5678023549501,-12.078294164871611
LF,2023-03-11,0.7433050006098766,two-station,28.28681673364726,-12.726816718406187
LF,2023-03-12,0.7454967611180425,two-station,21.825288940798533,-9.119842905905475
LF,2023-03-13,0.7626235623883443,two-station,17.466308630086726,-12.478637555291138
LF,2023-03-14,0.6827228890572695,two-station,27.952239244140735,-3.2253099783239305
LF,2023-03-15,0.5941960494999333,two-station,29.072621092586,-3.2767840543450726
LF,2023-03-16,0.6078930548560938,two-station,32.02364287823745,-6.1777402248557705
LF,2023-03-18,0.7580703025249732,two-station,4.422015060128327,-20.692433339047454
LF,2023-03-19,0.6634962919981314,one-station,4.8832570588218625,-18.2059006397821
LF,2023-03-20,0.58038059297647,one-station,4.610653141647779,-16.744134671343787
LF,2023-03-21,0.5927007982452719,two-station,31.879303112495514,-2.2766417681533784
LF,2023-03-22,0.6430389363308818,two-station,27.96168755005789,-8.378400821437024
LF,2023-03-23,0.6815542639930616,two-station,29.84321919866081,-7.047998225285369
LF,2023-03-24,0.6938553528477281,two-station,31.35804452141692,-8.144190761299958
LF,2023-03-25,0.7007360346569477,two-station,30.509534080706107,-12.794468412082162
LF,2023-03-26,0.6877203596534103,two-station,33.22257701986981,-13.768013092450763
LF,2023-03-27,0.6465524970889828,two-station,32.92953193615039,-12.0495933812784
LF,2023-03-28,0.600654010031984,two-station,29.40056838288895,-10.492084544560974
LF,2023-03-29,0.5515808893684607,one-station,6.827468028813589,-20.53603133952625
LF,2023-03-30,0.5175619786065908,two-station,29.29302740328024,-4.42268257514629
LF,2023-03-31,0.5404080948652152,two-station,30.750458716246968,-4.524524035873187
LF,2023-04-03,0.5992874196018729,one-station,7.963627595045942,-22.801029535072235
LF,2023-04-04,0.6012978398984002,one-station,7.177811110318971,-22.05545857628115
LF,2023-04-05,0.5956175075317468,one-station,7.529937166019495,-20.48287794653577
LF,2023-04-06,0.5883943242340688,two-station,28.561260428457828,-3.757497013358859
LF,2023-04-08,0.5747031700867435,two-station,23.96916983640825,-6.048979524676177
LF,2023-04-09,0.5149745648816537,two-station,26.977340646694326,-7.058059955220276
LF,2023-04-10,0.4259819310741665,two-station,25.901528085785372,-3.40094796699432
LF,2023-04-11,0.41119678080008015,two-station,29.362013201817433,-3.738454650476336
LF,2023-04-13,0.5161608714824749,two-station,24.03332688932795,-4.704765823995388
LF,2023-04-14,0.5330361264806867,two-station,31.39395378107288,-4.680980353457014
LF,2023-04-15,0.5173091062706572,one-station,5.701000168536029,-18.079850421268223
LF,2023-04-16,0.5149923173669556,one-station,6.91775122270294,-19.079909956436435
LF,2023-04-17,0.44753358129811893,one-station,4.096519398250602,-10.589740930632551
LF,2023-04-20,0.44189236907489055,one-station,5.378676089110668,-13.701593736130055
LF,2023-04-21,0.4515587697571024,two-station,32.17895016922656,-1.1910254698617546
LF,2023-04-22,0.4561830292577854,two-station,28.39756725618949,-5.854172552593615
LF,2023-04-25,0.3494921142060503,two-station,30.682969813313285,-3.0082259933067292
LF,2023-04-26,0.3270086524537911,two-station,28.49199059960148,-0.5418476164116335
LF,2023-04-27,0.33026233724683196,two-station,30.744808017268973,-6.268792088679357
LF,2023-04-28,0.35186452002635593,two-station,27.67554140268409,-6.513808659258293
LF,2023-04-29,0.3997551459055775,two-station,25.571160374331217,-3.4986073794379235
LF,2023-04-30,0.48062260831808745,two-station,30.742872304993327,-6.681121078178281
LF,2023-05-10,0.2935960103633028,two-station,31.502616713144153,-6.33831186017352
LF,2023-05-11,0.2641488627593589,two-station,30.520442046223824,-2.435655678343401
LF,2023-05-12,0.2557688332951993,two-station,30.113542250754435,-0.8937824193264676
LF,2023-05-13,0.25979753185222626,two-station,30.097518937695167,-1.2196729198164773
LF,2023-05-14,0.2703616471392717,two-station,31.229334962727528,-0.7791401008433153
LF,2023-05-15,0.2631135754816441,two-station,26.905616584044864,-0.7859931518703025
LF,2023-05-17,0.30637420833395884,two-station,28.913834178943496,-0.9615224191284532
LF,2023-05-19,0.2830145797559861,two-station,26.078482859526385,-0.161943692279527
LF,2023-05-22,0.2827809586792538,two-station,28.94918127972839,-1.2369598323128912
LF,2023-05-23,0.28991213087003603,two-station,28.855619736322428,-3.183691237111117
LF,2023-05-24,0.2649402345170614,two-station,27.601658785497293,-2.431326160550083
LF,2023-05-25,0.2533842463272639,two-station,30.574296717647417,-0.5200970923437094
LF,2023-05-26,0.22882678696281974,one-station,0.9871713650715443,-1.4839171071011477
LF,2023-06-07,0.3497335239812173,two-station,31.466676958358203,-7.146532172832062
LF,2023-06-08,0.36228781085006617,two-station,33.85054237100607,-4.52568657827659
LF,2023-06-09,0.3329049979452973,two-station,29.059637190856225,-5.43813394491583
LF,2023-06-10,0.2917391092238238,two-station,30.035482479243235,-3.989325092100975
LF,2023-06-11,0.28129527818004546,two-station,32.275197860714826,-1.6843368310217484
LF,2023-06-19,0.4035322158114859,two-station,33.06977632134438,-3.3626517711524397
LF,2023-06-21,0.5967594926392512,two-station,21.379844775744367,-9.924344623679511
LF,2023-06-22,0.611624751192186,two-station,15.973277101634354,-3.1131245436667823
LF,2023-06-23,0.6391125464823779,two-station,18.80744537684889,-7.708956749475793
LF,2023-06-24,0.624890797835153,two-station,22.08288838668596,-5.01325934927694
LF,2023-06-25,0.6150925479330754,two-station,16.377319262846527,-2.164598708543535
LF,2023-06-26,0.6610901884090764,two-station,18.023614150027655,-2.7832940822848453
LF,2023-06-27,0.7310192134727325,two-station,14.229204947505258,-7.250639869946478
LF,2023-06-28,0.7939601619061732,two-station,12.65331328888242,-10.882757574098983
LF,2023-06-29,0.8367480933599786,two-station,14.149516301795808,-11.167319066569371
LF,2023-06-30,0.8665304855176883,two-station,13.412437242153432,-12.313462952102626
LF,2023-07-01,0.8918383638850584,two-station,13.528338112556252,-13.427202874960036
LF,2023-07-02,0.9094840335520695,two-station,12.010919557525929,-15.358889026944397
LF,2023-07-03,0.9189607012290975,two-station,10.17500985257067,-15.740905291319478
LF,2023-07-04,0.9168857330142236,two-station,11.08499736198702,-15.217589118244266
LF,2023-07-05,0.8996416521153278,two-station,14.363027823763904,-14.70674046106136
LF,2023-07-06,0.8757008509840322,two-station,14.615970351536166,-13.925816423145529
LF,2023-07-07,0.8514364301349002,two-station,7.723403262526526,-12.486045175242374
LF,2023-07-08,0.8222850061906701,two-station,18.096209394719995,-10.885192113550112
LF,2023-07-09,0.7869739265543445,two-station,16.897947501549826,-9.069584196176734
LF,2023-07-10,0.7677334897158861,two-station,8.436668462741931,-6.420751057782353
LF,2023-07-11,0.7421737334168363,two-station,21.90187354464749,-4.318877380224201
LF,2023-07-12,0.6778527041005322,two-station,19.742175107845274,-2.5745853482148786
LF,2023-07-13,0.6256577602071873,one-station,5.448404378413828,-20.415538152728583
LF,2023-07-14,0.614017512193958,one-station,2.406638415937601,-17.547691906770872
LF,2023-07-15,0.6211548593512561,two-station,19.42744770925944,-2.2851959941864344
LF,2023-07-16,0.6193833091475169,two-station,16.609968942746317,-1.844105200881464
LF,2023-07-17,0.6078420388344055,two-station,21.30642729571712,-0.5482095761929147
LF,2023-07-18,0.5896151346396503,two-station,19.16596264969703,-0.938624461427036
LF,2023-07-19,0.573068794018055,two-station,21.868482873344252,-0.7465899115368941
LF,2023-07-20,0.5514365692206721,two-station,22.03973369437203,-0.7870702994320293
LF,2023-07-21,0.5280568268532069,two-station,21.630587116074217,-0.5192296147486841
LF,2023-07-22,0.5167571237570999,two-station,23.287816711698103,-0.706677185948901
LF,2023-07-23,0.5198103352701187,one-station,1.4140691706552462,-14.131244603626172
LF,2023-07-24,0.4956432203156506,one-station,4.838269803117709,-16.11476799913265
LF,2023-07-25,0.4546971876699761,one-station,4.366394069088465,-13.774835683970434
LF,2023-07-26,0.4256350058812771,two-station,20.462248224437523,-3.116709090457915
LF,2023-07-27,0.4290060384767032,one-station,4.2843810582700055,-12.919679921191277
LF,2023-07-28,0.4539382592466897,two-station,19.418740397496823,-1.4538025801078405
LF,2023-08-01,0.5187989540054199,two-station,26.719579524555627,-1.414427989602397
LF,2023-08-02,0.5208833068872893,one-station,7.414874533820358,-20.328756369792146
LF,2023-08-03,0.5285578011409717,two-station,29.892270779534325,-4.426541709530005
LF,2023-08-04,0.5529678679967506,two-station,26.86729819673362,-2.4267686889530484
LF,2023-08-05,0.5748507576666266,two-station,25.600509316607575,-3.237477766652812
LF,2023-08-06,0.5774711209016355,two-station,29.109155933679823,-3.413555749019873
LF,2023-08-07,0.5761267086938009,two-station,28.698681825098117,-2.369562088040002
LF,2023-08-08,0.5789222618050791,two-station,24.292653041708583,-1.890626339789132
LF,2023-08-09,0.5803515297063636,two-station,24.75669066890983,-1.5243084168687442
LF,2023-08-10,0.5844702164163519,two-station,18.63063774543573,-0.0563921927746911
LF,2023-08-11,0.5791425870274762,two-station,25.342038482683837,-1.169807214542115
LF,2023-08-12,0.5544513592478025,two-station,26.7801855669862,-1.8821355886812607
LF,2023-08-13,0.5342330972526073,two-station,25.35129970510903,-0.08685902503294773
LF,2023-08-14,0.538226135288323,two-station,17.444090914200032,-1.361316481291439
LF,2023-08-15,0.5416345599643823,one-station,5.807489575797403,-18.772059773965164
LF,2023-08-16,0.5435213943988073,two-station,30.91857021560371,-3.741344456834186
LF,2023-08-17,0.5497378777517071,two-station,23.65284510569573,-0.993380602339346
LF,2023-08-18,0.5386259154382377,two-station,26.629473547818883,-1.377316929058782
LF,2023-08-19,0.5211081622621669,two-station,28.92778019194544,-1.144808724703259
LF,2023-08-20,0.5227416543604478,two-station,28.52071794928352,-0.7552774274609919
LF,2023-08-21,0.5228001513897403,two-station,28.45605948791107,-0.7645116483235466
LF,2023-08-22,0.5071470853379756,one-station,6.4029806815375006,-16.19039318707949
LF,2023-08-23,0.48466261859671156,two-station,27.04485382961924,-0.778285676461369
LF,2023-08-24,0.4641791360974637,two-station,27.7575930714235,-1.8026619203470176
LF,2023-08-25,0.45504099893793837,two-station,31.614681089203227,-0.95062825977032
LF,2023-08-27,0.4749047233171931,two-station,25.942026505684034,-0.7463193025842196
LF,2023-08-28,0.4911057960431914,two-station,29.565962313919577,-0.6475691340729117
LF,2023-08-29,0.566985638492582,one-station,7.539669474841928,-21.013106402677963
LF,2023-08-30,0.7498961712903188,two-station,17.49359745155502,-9.697820752276876
LF,2023-08-31,0.8108869235316633,two-station,29.478221812887252,-16.0923147406244
LF,2023-09-01,0.6506850093689882,two-station,28.52356694647791,-4.053237892501243
LF,2023-09-02,0.5245131476406276,two-station,24.012570977871505,-1.1347474686682353
LF,2023-09-03,0.5320774512275542,two-station,25.454530866569435,-3.680213458553915
LF,2023-09-04,0.5859535838871072,two-station,28.22941512131267,-3.0610809804288626
LF,2023-09-05,0.6451006556896736,two-station,25.432253489674775,-3.851884547504075
LF,2023-09-06,0.6816209566813468,two-station,26.31659580167281,-4.798148094060787
LF,2023-09-07,0.696289567333067,two-station,23.59486064118177,-6.175934083409619
LF,2023-09-08,0.7080622523747898,two-station,28.48797319300567,-6.898388898744431
LF,2023-09-09,0.7215680716208812,two-station,21.37346699627467,-6.6354360551776725
LF,2023-09-10,0.7288690574208199,two-station,26.977437905823713,-7.0960279351840025
LF,2023-09-11,0.7238528807500799,two-station,26.20232673012617,-7.63621545092186
LF,2023-09-12,0.7226527721296987,two-station,28.66736087766057,-7.311912380093223
LF,2023-09-13,0.7207466604070076,two-station,28.11391215182958,-9.269571141972197
LF,2023-09-14,0.7177602088181662,two-station,26.549284871119113,-8.506220908497056
LF,2023-09-15,0.7204044616578359,two-station,10.17556589375426,-7.324106813794903
LF,2023-09-28,0.5115682173753128,one-station,3.318205787328836,-15.195477689594869
LF,2023-09-29,0.49324222053806244,one-station,4.216543609963473,-16.620665356678884
LF,2023-09-30,0.4994936984126574,one-station,3.9487549828501978,-15.91562105320716
LF,2023-10-01,0.47488537405831915,one-station,2.8924337840697105,-13.359655447350844
LF,2023-10-02,0.4377392898150878,one-station,3.0533930771009703,-12.10164156853744
LF,2023-10-04,0.43202996880801575,one-station,3.028731610913208,-12.419421311719686
LF,2023-10-05,0.4526595862450648,one-station,2.5045800766120525,-13.32315673298858
LF,2023-10-06,0.46696768819139867,one-station,2.6767619421104936,-13.64594378994742
LF,2023-10-07,0.4442155023818759,one-station,1.7745726270388442,-11.470599232182863
LF,2023-10-10,0.39350064777032734,one-station,2.477525711810044,-10.174792129612944
LF,2023-10-12,0.6024978200273443,two-station,12.241502399858128,-9.233946332012213
LF,2023-10-13,0.6132778120328358,two-station,19.194649250113457,-7.942033205965337
LF,2023-10-14,0.5305421057597132,two-station,16.316200634568304,-1.3717665811074933
LF,2023-10-15,0.4954240930313842,one-station,3.0550404720550377,-13.895868496605823
LF,2023-10-16,0.4318970855075514,one-station,2.4825922479806493,-9.409443038571329
LF,2023-10-18,0.4325402561882613,one-station,2.7799260395566123,-11.855095294117827
LF,2023-10-19,0.47120697881323836,one-station,2.9854478466951444,-13.072770138828249
LF,2023-10-20,0.5165746474467293,one-station,2.995924637687387,-15.608707660430902
LF,2023-10-21,0.5365367836284609,one-station,2.170816882967018,-13.772586035275058
LF,2023-10-22,0.5119030784293936,one-station,2.623033956215952,-14.293143671215054
LF,2023-10-23,0.4743754970188742,one-station,2.3379600055742973,-12.612294238852456
LF,2023-10-24,0.44808175955819496,one-station,2.115421377320951,-12.056714894001315
LF,2023-10-25,0.4506587203178842,one-station,2.4219263893517224,-12.619821212717294
LF,2023-10-26,0.4751484676900878,one-station,3.574055607053849,-15.293631423288122
LF,2023-10-27,0.5006406276468744,one-station,3.681943218154432,-16.10447397030096
LF,2023-10-28,0.5031369447693383,one-station,3.541050080213198,-15.680000484414686
LF,2023-10-29,0.5019609601779863,one-station,3.4543929890169123,-15.591824341710586
LF,2023-10-30,0.5158558823943695,one-station,3.4130005339691567,-16.13232647612981
LF,2023-10-31,0.5016600708515017,two-station,15.175559409649493,-1.047108043810895
LF,2023-11-01,0.37691866318103967,two-station,16.25572245987811,-0.6215994439238735
LF,2023-11-02,0.25830785595821526,one-station,1.1993316554679103,-3.043385784753993
LF,2023-11-03,0.26038001058510196,two-station,12.200023267970828,-6.798367481780106
LF,2023-11-09,0.412072949234123,one-station,2.416123336638786,-10.688656530255178
LF,2023-11-10,0.42785436022217316,one-station,2.6432552371303712,-11.870594937078
LF,2023-11-11,0.40094778728204983,two-station,16.559061168921374,-0.5883749073301834
LF,2023-11-14,0.24190710100188642,two-station,7.660217905488408,-10.83141569047181
LF,2023-11-15,0.2946125945652238,two-station,17.124808900029016,-4.674527486298447
LF,2023-11-16,0.3101912153529586,two-station,13.345393495421636,-2.3964631251962683
LF,2023-11-17,0.29848684726142954,two-station,17.018900688146353,-1.31146138798747
LF,2023-11-18,0.3002895599352046,two-station,18.31886587148096,-1.5952972697634715
LF,2023-11-22,0.37247543672607536,two-station,17.174166299217724,-1.0314095641299097
LF,2023-12-03,0.3784491821714548,two-station,11.580203454627751,-2.4491497867054774
LF,2023-12-08,0.41960460181180037,one-station,2.6184101292931983,-11.105743847244618
LF,2023-12-09,0.5004187861767951,two-station,19.07269446032692,-4.988838621719557
LF,2023-12-10,0.5556286678951308,two-station,21.573884221380677,-7.875804449709868
LF,2023-12-11,0.5159201115787839,two-station,27.715376927495655,-10.287599424929304
LF,2023-12-12,0.4221270857049294,one-station,2.1312102573811007,-9.527364381902204
LF,2023-12-14,0.36871518513188967,one-station,2.3937011142771354,-9.277735075139235
LF,2023-12-15,0.4212022879820778,two-station,18.0846718071486,-0.2155522930899707
LF,2023-12-16,0.5603887225917039,two-station,14.361335246378625,-2.9395437589790703
LF,2023-12-17,0.7285187308118631,two-station,19.094714716689445,-6.270907995859021
LF,2023-12-18,0.7306460223760265,two-station,10.386122372736487,-3.7376278808260697
LF,2023-12-19,0.6626724800079495,one-station,1.7568584729861043,-17.024985275384356
LF,2023-12-20,0.7161080200214069,two-station,18.129294355597885,-0.9710573040114864
LF,2023-12-21,0.841022695046106,two-station,9.366584160583644,-4.462707864175991
LF,2023-12-22,0.9652942478677653,two-station,2.147348638222734,-9.317766497860736
LF,2023-12-24,1.1448499021491467,one-station,2.076627504504427,-17.628709412621426
LF,2023-12-25,1.2199900096799439,one-station,1.245517013459852,-13.268973979312282
LF,2023-12-26,1.2785266606353056,one-station,0.7295325460293437,-12.391955426116985
LF,2023-12-27,1.2955436656475088,one-station,1.5541247079000036,-11.633176217617724
LF,2023-12-28,1.2962195040827245,one-station,1.2207110364395488,-11.958928954027607
LF,2023-12-29,1.296389408513766,one-station,1.348757027673179,-10.405619478448596
LF,2023-12-30,1.2838196845148682,one-station,1.2785189775642412,-10.493791255588656
LF,2023-12-31,1.2667754610460717,one-station,1.0958307494747466,-10.648359581213764
LF,2024-01-01,1.2556461333910387,one-station,1.2572811459828497,-11.592034276106922
LF,2024-01-02,1.2413992343322962,one-station,1.880514722745773,-10.681510690608691
LF,2024-01-03,1.2317151371086374,one-station,2.367788664140857,-11.894520049473082
LF,2024-01-05,1.2007683913444265,one-station,2.178214861850875,-12.499244804889909
LF,2024-01-06,1.2117055512369614,one-station,1.3405779269354137,-11.13301315166124
LF,2024-01-07,1.2183505020712966,one-station,3.480799484103874,-11.816379721591405
LF,2024-01-08,1.186570260637846,one-station,1.745332128974486,-13.232901876916232
LF,2024-01-10,1.2721055282150489,one-station,2.7693056902332676,-11.03519532493581
LF,2024-01-11,1.2568249701508913,one-station,2.308760609169222,-11.92927833116006
LF,2024-01-12,1.2433117726332783,one-station,1.2425605510866835,-13.164805774422204
LF,2024-01-13,1.2598835275415554,one-station,4.260594481931156,-12.11011161544748
LF,2024-01-14,1.2597367246473454,one-station,3.380287289367448,-11.694780124176107
LF,2024-01-15,1.2614953277048202,one-station,2.1002764840174133,-12.895345052729978
LF,2024-01-17,1.3003651591506384,one-station,3.5174989091502553,-10.97518358473796
LF,2024-01-18,1.296666904842026,one-station,1.4382446773368716,-10.75164484978646
LF,2024-01-19,1.311459417120005,one-station,1.6642298937053552,-11.076616107357594
LF,2024-01-20,1.3234284992804364,one-station,2.5037007091455648,-10.130497270669627
LF,2024-01-21,1.313589743280718,one-station,3.248612572829392,-11.25445090603794
LF,2024-01-22,1.3120955864227979,one-station,3.1882926607815594,-13.58370933033506
LF,2024-01-23,1.327271898886249,one-station,2.5651993786722103,-13.820955466636589
LF,2024-01-24,1.3363959678453512,one-station,3.547754871185564,-15.713332560841096
LF,2024-01-25,1.3400478218596659,one-station,3.9661588162872214,-15.474632679626112
LF,2024-01-26,1.3402943377958902,one-station,4.854910766996252,-16.280744386153838
LF,2024-01-27,1.329099257397676,one-station,4.364328930432092,-16.25090405706846
LF,2024-01-28,1.3137906542760431,one-station,5.026127935984702,-14.381516778824482
LF,2024-01-31,1.227618033744573,one-station,4.187756785847949,-13.46119256176674
LF,2024-02-01,1.20874588641647,one-station,4.554767220260492,-13.701149462179556
LF,2024-02-02,1.1925902854558912,one-station,3.876364760780611,-13.404968874490535
LF,2024-02-03,1.1746551861237136,one-station,4.5271280740226345,-16.393703207889114
LF,2024-02-04,1.1721164572348712,one-station,3.4540295480184495,-16.088777604848723
LF,2024-02-05,1.175589782343019,one-station,3.052389138180633,-13.26238886946926
LF,2024-02-06,1.1269286371950142,two-station,6.572289589105955,-13.344671709461934
LF,2024-02-07,1.0685491597649932,two-station,9.943142095326143,-10.174828832743527
LF,2024-02-08,1.051937552048914,two-station,9.642403721740289,-9.565749874876728
LF,2024-02-09,1.0680894413685673,two-station,5.6636290032356635,-13.033460098660996
LF,2024-02-10,1.0872311515193305,two-station,3.4327973415080977,-15.046544082279484
LF,2024-02-11,1.1001568793724745,two-station,1.3267618392327627,-15.884612545583597
LF,2024-02-12,1.1162394779310718,one-station,3.289523807820971,-23.639252140509793
LF,2024-02-13,1.1069620600711294,two-station,10.294348276561402,-15.401264320565712
LF,2024-02-14,1.0502843211744617,two-station,12.483056667707531,-9.60885631339753
LF,2024-02-15,1.0071059852943254,two-station,10.7861098061006,-9.041035779203854
LF,2024-02-16,0.9997021626444744,two-station,8.434283246271573,-11.5326015767431
LF,2024-02-17,1.0023785300194177,one-station,2.892043546131989,-26.178824033687786
LF,2024-02-18,0.9943209490172794,two-station,4.9419945906634695,-9.371277406180091
LF,2024-02-19,0.9690791059891091,two-station,13.196992270805348,-2.15637543394875
LF,2024-02-20,0.9582092470709485,two-station,14.17941359157259,-3.878774243280717
LF,2024-02-21,0.9654018736406594,two-station,13.901572012586085,-5.142642829853912
LF,2024-02-22,0.9949612635010296,two-station,11.573128153339637,-7.361511398267749
LF,2024-02-24,1.0913971432405225,two-station,5.824211871217217,-15.550034706958224
LF,2024-02-25,1.0806869966896222,two-station,8.094458752521668,-14.40220960372969
LF,2024-02-26,1.0736655450753196,two-station,5.842236982470006,-12.880570294513207
LF,2024-02-27,1.0814122853988961,two-station,5.31312702857546,-14.553155180307884
LF,2024-02-28,1.08960219610494,two-station,2.770569883939448,-17.378029574089517
LF,2024-02-29,1.0697798080254495,two-station,7.022545422531311,-18.81137969807805
LF,2024-03-01,1.0355537872257965,one-station,3.6701486386720217,-26.85900755089535
LF,2024-03-02,1.0132456276871367,one-station,3.763835803648424,-28.213597967917075
LF,2024-03-03,0.9809951803539,two-station,6.319380675186997,-18.379623362818567
LF,2024-03-04,0.9376437880294975,two-station,8.923064387878451,-15.915839117350282
LF,2024-03-05,0.9136590092047291,two-station,0.7457570676311853,-14.024419415067223
LF,2024-03-06,0.916899840263297,two-station,9.653248727367018,-16.40423841855584
LF,2024-03-07,0.9132022480616773,two-station,11.688167051494007,-13.799883525294266
LF,2024-03-08,0.9098033297018815,two-station,8.384277542309913,-14.05104272999545
LF,2024-03-10,0.9521071493291732,two-station,9.261738216596918,-14.499707808701263
LF,2024-03-11,0.9070326810757836,two-station,16.811768685297327,-5.362166500078362
LF,2024-03-12,0.9102958294525036,two-station,9.307493006643972,-6.0685044893158455
LF,2024-03-13,0.9590042546811473,two-station,6.617788081710863,-10.998331413317343
LF,2024-03-14,0.9954359335521149,two-station,4.411275954726536,-13.762361725844992
LF,2024-03-15,1.0258452726618985,two-station,0.6650806297172398,-15.209514573798607
LF,2024-03-19,1.1153177184454668,two-station,3.3237753161900834,-14.395537806964947
LF,2024-03-20,1.1129241616705001,two-station,1.465682768871814,-10.892326964955478
LF,2024-03-21,1.1259789791191708,two-station,1.074691387907607,-13.205503247268831
LF,2024-03-23,1.191208142519781,one-station,2.5234987198087655,-12.850585508611868
LF,2024-03-24,1.1711874532682331,one-station,2.0953476981531387,-14.532733637413775
LF,2024-03-25,1.1357876049416011,one-station,2.6446426732917,-20.84330630747141
LF,2024-03-29,1.195053881256702,one-station,1.6049910896503738,-11.203734586206975
LF,2024-03-30,1.1853258799362025,one-station,1.1048996631771113,-11.762722086381627
LF,2024-03-31,1.2067271105681001,one-station,0.8969655965529625,-11.450490508981597
LF,2024-04-01,1.2307192702655951,one-station,2.1823470920228103,-13.567195858625125
LF,2024-04-04,1.373274565552877,one-station,2.6733092983225437,-12.564462764575854
LF,2024-04-05,1.3762062859358855,one-station,2.1472548632397945,-13.297434829030314
LF,2024-04-07,1.4026095004135914,one-station,1.61400298606654,-12.850371351161046
LF,2024-04-08,1.4282754924372978,one-station,2.3978421753143677,-14.9109055970513
LF,2024-04-09,1.4516091076243476,one-station,2.557609782750832,-15.658729825907791
LF,2024-04-12,1.5249339930740347,one-station,4.084408679023142,-16.330915748929982
LF,2024-04-13,1.4936579157558216,one-station,1.9527278910036856,-13.453905094027307
LF,2024-04-14,1.4873368704141083,one-station,0.6183907243575956,-13.805563868557533
LF,2024-04-15,1.5248366765961912,one-station,0.920177239307027,-14.33231754019424
LF,2024-04-16,1.5846271520328734,one-station,1.6965138510958462,-15.72835677331026
LF,2024-04-17,1.6563734620798545,one-station,1.9261188653603865,-16.37866439433357
LF,2024-04-18,1.7311172497095095,one-station,0.7234585146286335,-16.130667431547696
LF,2024-04-20,1.864011495112019,one-station,1.6469068009647363,-12.501529638431208
LF,2024-04-21,1.9290795157026634,one-station,0.37299027346139185,-12.667087941742215
LF,2024-04-22,1.9852965923583565,one-station,0.17321111500829636,-13.930356303737264
LF,2024-04-23,2.0246786598081234,one-station,0.40919026096260847,-14.345262314109092
LF,2024-04-24,2.059789849824705,one-station,0.45314252009794903,-15.344302127298276
LF,2024-04-25,2.085993062434039,one-station,0.2921685358024376,-15.516774785243458
LF,2024-04-26,2.093034998690501,one-station,0.17180535150419457,-15.540726476550835
LF,2024-04-27,2.0833169583549997,one-station,1.762610816305325,-18.173684796134623
LF,2024-04-28,2.0617857967209017,one-station,1.0195801904356006,-17.284157795369772
LF,2024-04-29,2.0306476917055813,one-station,1.805974742553433,-18.858461222079516
LF,2024-04-30,1.9912379130669708,one-station,1.3674050309973051,-18.162378498343344
LF,2024-05-01,1.9427863254519802,one-station,3.730798792363342,-21.373552653564673
LF,2024-05-26,1.5913411174867602,one-station,0.6860371479227222,-11.048493647352668
LF,2024-05-27,1.6402890181063525,one-station,1.8896163406267303,-12.310085443372776
LF,2024-05-28,1.6840031036504517,one-station,1.350623694547402,-12.615214319977532
LF,2024-05-30,1.7279592592447828,one-station,1.7102006156765863,-13.894919104081785
LF,2024-06-03,1.7029376978667552,one-station,1.8492307107938184,-14.958388018860914
LF,2024-06-04,1.688294299239731,one-station,0.9218330341975456,-14.749758028136634
LF,2024-06-07,1.6076776391894811,one-station,3.490572505541905,-16.83923365508536
