ID,Date,K600_1.d_daily
AM,2022-04-01T00:00:00Z,0.9368095498774929
AM,2022-04-02T00:00:00Z,1.0215537499113654
AM,2022-04-03T00:00:00Z,1.0367668498543168
AM,2022-04-04T00:00:00Z,1.0328648751476872
AM,2022-04-05T00:00:00Z,1.0022142385813546
AM,2022-04-06T00:00:00Z,0.974323795371589
AM,2022-04-07T00:00:00Z,0.9393050722714101
AM,2022-04-08T00:00:00Z,0.8634913142410242
AM,2022-04-09T00:00:00Z,0.7747097567941459
AM,2022-04-10T00:00:00Z,0.7156079390900175
AM,2022-04-11T00:00:00Z,0.6792568583130202
AM,2022-04-12T00:00:00Z,0.6858515656722852
AM,2022-04-13T00:00:00Z,0.732649175972475
AM,2022-04-14T00:00:00Z,0.7923260475091831
AM,2022-04-15T00:00:00Z,0.8835465740520427
AM,2022-04-16T00:00:00Z,1.081080276482356
AM,2022-04-17T00:00:00Z,1.39973851182942
AM,2022-04-18T00:00:00Z,1.6712339242252032
AM,2022-04-19T00:00:00Z,1.747877979194335
AM,2022-04-20T00:00:00Z,1.760196941699257
AM,2022-04-21T00:00:00Z,1.8300700741403333
AM,2022-04-22T00:00:00Z,1.965722960464536
AM,2022-04-23T00:00:00Z,2.1533618797228047
AM,2022-04-24T00:00:00Z,2.3857307421414453
AM,2022-04-25T00:00:00Z,2.6405651601521622
AM,2022-04-26T00:00:00Z,2.8647260202945306
AM,2022-04-27T00:00:00Z,3.082856513544886
AM,2022-04-28T00:00:00Z,3.39496503075053
AM,2022-04-29T00:00:00Z,3.8184942012763057
AM,2022-04-30T00:00:00Z,4.1455178136731
AM,2022-05-01T00:00:00Z,4.31981962142103
AM,2022-05-02T00:00:00Z,4.542346430724735
AM,2022-05-03T00:00:00Z,4.848372129597765
AM,2022-05-04T00:00:00Z,5.190790712367193
AM,2022-05-05T00:00:00Z,5.64016652929615
AM,2022-05-06T00:00:00Z,6.05464426066321
AM,2022-05-07T00:00:00Z,6.278626218347908
AM,2022-05-08T00:00:00Z,6.681106132494737
AM,2022-05-09T00:00:00Z,7.558968859398511
AM,2022-05-10T00:00:00Z,8.613979055279655
AM,2022-05-11T00:00:00Z,9.627214309259406
AM,2022-05-12T00:00:00Z,10.339154066127346
AM,2022-05-13T00:00:00Z,10.830057144742234
AM,2022-05-14T00:00:00Z,11.872055144716695
AM,2022-05-15T00:00:00Z,13.084292157291426
AM,2022-05-16T00:00:00Z,13.900424875107024
AM,2022-05-17T00:00:00Z,15.196149393835535
AM,2022-05-18T00:00:00Z,17.077953668525062
AM,2022-05-19T00:00:00Z,18.775676983278903
AM,2022-05-20T00:00:00Z,19.760221428263815
AM,2022-05-21T00:00:00Z,19.97076141330264
AM,2022-05-22T00:00:00Z,20.09569857021807
AM,2022-05-23T00:00:00Z,20.08091589530843
AM,2022-05-24T00:00:00Z,19.365340066402247
AM,2022-05-25T00:00:00Z,17.794403395933735
AM,2022-05-26T00:00:00Z,17.752742217300767
AM,2022-05-27T00:00:00Z,17.800627434030325
AM,2022-05-28T00:00:00Z,17.39343028192931
AM,2022-05-29T00:00:00Z,16.18700761695351
AM,2022-05-30T00:00:00Z,16.19829065793554
AM,2022-05-31T00:00:00Z,16.427830567744447
AM,2022-06-01T00:00:00Z,16.739492764456344
AM,2022-06-02T00:00:00Z,18.403018042017987
AM,2022-06-03T00:00:00Z,20.214266167455328
AM,2022-06-04T00:00:00Z,20.435504275452356
AM,2022-06-05T00:00:00Z,19.771808949682026
AM,2022-06-06T00:00:00Z,19.16455703220476
AM,2022-06-07T00:00:00Z,18.96462088993501
AM,2022-06-08T00:00:00Z,17.02173978064316
AM,2022-06-09T00:00:00Z,17.723117964945867
AM,2022-06-10T00:00:00Z,20.943664061643
AM,2022-06-11T00:00:00Z,23.43363578872218
AM,2022-06-12T00:00:00Z,23.996081578329886
AM,2022-06-13T00:00:00Z,23.89925911770198
AM,2022-06-14T00:00:00Z,23.977837901943815
AM,2022-06-15T00:00:00Z,27.802570822048544
AM,2022-06-16T00:00:00Z,31.56066043075545
AM,2022-06-17T00:00:00Z,31.56066043075545
AM,2022-06-18T00:00:00Z,31.56066043075545
AM,2022-06-19T00:00:00Z,31.56066043075545
AM,2022-06-20T00:00:00Z,31.56066043075545
AM,2022-06-21T00:00:00Z,31.56066043075545
AM,2022-06-22T00:00:00Z,31.56066043075545
AM,2022-06-23T00:00:00Z,31.56066043075545
AM,2022-06-24T00:00:00Z,31.56066043075545
AM,2022-06-25T00:00:00Z,31.56066043075545
AM,2022-06-26T00:00:00Z,31.56066043075545
AM,2022-06-27T00:00:00Z,31.56066043075545
AM,2022-06-28T00:00:00Z,31.56066043075545
AM,2022-06-29T00:00:00Z,31.56066043075545
AM,2022-06-30T00:00:00Z,31.56066043075545
AM,2022-07-01T00:00:00Z,31.56066043075545
AM,2022-07-02T00:00:00Z,22.02813113313613
AM,2022-07-03T00:00:00Z,25.79032975027611
AM,2022-07-04T00:00:00Z,30.466185555303746
AM,2022-07-05T00:00:00Z,31.56066043075545
AM,2022-07-06T00:00:00Z,31.56066043075545
AM,2022-07-07T00:00:00Z,31.56066043075545
AM,2022-07-08T00:00:00Z,31.56066043075545
AM,2022-07-09T00:00:00Z,31.56066043075545
AM,2022-07-10T00:00:00Z,31.56066043075545
AM,2022-07-11T00:00:00Z,26.960751973566186
AM,2022-07-12T00:00:00Z,21.966477231594027
AM,2022-07-13T00:00:00Z,16.45548211152499
AM,2022-07-14T00:00:00Z,11.997792151765003
AM,2022-07-15T00:00:00Z,8.987841185007202
AM,2022-07-16T00:00:00Z,6.2839540445093975
AM,2022-07-17T00:00:00Z,4.156694205149797
AM,2022-07-18T00:00:00Z,2.8666697479230403
AM,2022-07-19T00:00:00Z,1.8375324787556737
AM,2022-07-20T00:00:00Z,1.662098079730622
AM,2022-07-21T00:00:00Z,1.3527962201164012
AM,2022-07-22T00:00:00Z,1.208056386111341
AM,2022-07-23T00:00:00Z,1.224332663735012
AM,2022-07-24T00:00:00Z,1.251848079286133
AM,2022-07-25T00:00:00Z,1.2541047369938636
AM,2022-07-26T00:00:00Z,1.2473558553860318
AM,2022-07-27T00:00:00Z,1.3183308568071106
AM,2022-07-28T00:00:00Z,1.476098732973218
AM,2022-07-29T00:00:00Z,1.6595496976184625
AM,2022-07-30T00:00:00Z,1.872953848199959
AM,2022-07-31T00:00:00Z,2.1387166298314497
AM,2022-08-01T00:00:00Z,2.498174092040327
AM,2022-08-02T00:00:00Z,3.003190425333486
AM,2022-08-03T00:00:00Z,3.6634743292395275
AM,2022-08-04T00:00:00Z,4.50785406701242
AM,2022-08-05T00:00:00Z,5.396415891583784
AM,2022-08-06T00:00:00Z,5.9068035440095965
AM,2022-08-07T00:00:00Z,5.988489293251228
AM,2022-08-08T00:00:00Z,5.967730658360904
AM,2022-08-09T00:00:00Z,5.809757944879633
AM,2022-08-10T00:00:00Z,5.631815539062335
AM,2022-08-11T00:00:00Z,5.245929086116707
AM,2022-08-12T00:00:00Z,4.399999279433712
AM,2022-08-13T00:00:00Z,4.012700296970929
AM,2022-08-14T00:00:00Z,4.154518876163364
AM,2022-08-15T00:00:00Z,4.201869374948835
AM,2022-08-16T00:00:00Z,4.50562682373026
AM,2022-08-17T00:00:00Z,5.150553241890557
AM,2022-08-18T00:00:00Z,5.846445101224782
AM,2022-08-19T00:00:00Z,6.46231890953942
AM,2022-08-20T00:00:00Z,7.019892136904384
AM,2022-08-21T00:00:00Z,7.370624132211681
AM,2022-08-22T00:00:00Z,7.399532330768176
AM,2022-08-23T00:00:00Z,7.109588177414334
AM,2022-08-24T00:00:00Z,6.05930440390112
AM,2022-08-25T00:00:00Z,5.993828235107857
AM,2022-08-26T00:00:00Z,6.255974650167015
AM,2022-08-27T00:00:00Z,6.048942613660248
AM,2022-08-28T00:00:00Z,3.988941454268986
AM,2022-08-29T00:00:00Z,2.1114132882435594
AM,2022-08-30T00:00:00Z,1.3059566630484496
AM,2022-08-31T00:00:00Z,0.9730245456765166
AM,2022-09-01T00:00:00Z,0.7806138625285203
AM,2022-09-02T00:00:00Z,0.6612016095459378
AM,2022-09-03T00:00:00Z,0.685377134503973
AM,2022-09-04T00:00:00Z,0.7455615437996097
AM,2022-09-05T00:00:00Z,0.7648526301028611
AM,2022-09-06T00:00:00Z,0.7709214630425237
AM,2022-09-07T00:00:00Z,0.7903369009209823
AM,2022-09-08T00:00:00Z,0.8255745460293993
AM,2022-09-09T00:00:00Z,0.8712165485315293
AM,2022-09-10T00:00:00Z,0.9152434616182102
AM,2022-09-11T00:00:00Z,0.9229845350645708
AM,2022-09-12T00:00:00Z,0.9175631986590785
AM,2022-09-13T00:00:00Z,0.8651568236915892
AM,2022-09-14T00:00:00Z,0.8135107166990484
AM,2022-09-15T00:00:00Z,0.8469933048485145
AM,2022-09-16T00:00:00Z,0.9202551790416023
AM,2022-09-17T00:00:00Z,1.0029663942617981
AM,2022-09-18T00:00:00Z,1.0917903257699457
AM,2022-09-19T00:00:00Z,1.1994938084142988
AM,2022-09-20T00:00:00Z,1.331376263877939
AM,2022-09-21T00:00:00Z,1.485266574908905
AM,2022-09-22T00:00:00Z,1.6575459570281452
AM,2022-09-23T00:00:00Z,1.849947531346967
AM,2022-09-24T00:00:00Z,2.05212895139622
AM,2022-09-25T00:00:00Z,2.2546438071474215
AM,2022-09-26T00:00:00Z,2.4780124680045565
AM,2022-09-27T00:00:00Z,2.8040288991722115
AM,2022-09-28T00:00:00Z,3.2616862205140253
AM,2022-09-29T00:00:00Z,3.624049392814147
AM,2022-09-30T00:00:00Z,3.875459773746598
AM,2022-10-01T00:00:00Z,4.321708230412578
AM,2022-10-02T00:00:00Z,4.958717534610159
AM,2022-10-03T00:00:00Z,5.630753202062085
AM,2022-10-04T00:00:00Z,6.226393635177036
AM,2022-10-05T00:00:00Z,6.877641136773792
AM,2022-10-06T00:00:00Z,7.6961133672906
AM,2022-10-07T00:00:00Z,8.563442986051566
AM,2022-10-08T00:00:00Z,9.440983783380304
AM,2022-10-09T00:00:00Z,10.252707340456075
AM,2022-10-10T00:00:00Z,11.007534080085335
AM,2022-10-11T00:00:00Z,12.070264041605085
AM,2022-10-12T00:00:00Z,12.965674372437785
AM,2022-10-13T00:00:00Z,13.442722044709486
AM,2022-10-14T00:00:00Z,14.575236264397892
AM,2022-10-15T00:00:00Z,18.257413838711432
AM,2022-10-16T00:00:00Z,21.694225703108096
AM,2022-10-17T00:00:00Z,22.411273584932207
AM,2022-10-18T00:00:00Z,23.389407193760984
AM,2022-10-19T00:00:00Z,24.440919353497772
AM,2022-10-20T00:00:00Z,25.189305721536716
AM,2022-10-21T00:00:00Z,25.922277188319786
AM,2022-10-22T00:00:00Z,26.920414426438576
AM,2022-10-23T00:00:00Z,27.154361669862922
AM,2022-10-24T00:00:00Z,27.103498655700484
AM,2022-10-25T00:00:00Z,26.49297544724152
AM,2022-10-26T00:00:00Z,26.036509186087024
AM,2022-10-27T00:00:00Z,25.756891617930943
AM,2022-10-28T00:00:00Z,25.39035737695705
AM,2022-10-29T00:00:00Z,25.49079392876524
AM,2022-10-30T00:00:00Z,25.494355586192864
AM,2022-10-31T00:00:00Z,25.459395932179294
AM,2022-11-01T00:00:00Z,25.30416984167033
AM,2022-11-02T00:00:00Z,25.446027243767322
AM,2022-11-03T00:00:00Z,25.54939126261222
AM,2022-11-04T00:00:00Z,25.61204115670416
AM,2022-11-05T00:00:00Z,25.610992647090423
AM,2022-11-06T00:00:00Z,25.512032822829383
AM,2022-11-07T00:00:00Z,25.21099882973197
AM,2022-11-08T00:00:00Z,25.143977112193202
AM,2022-11-09T00:00:00Z,24.774336184488835
AM,2022-11-10T00:00:00Z,24.129653227996094
AM,2022-11-11T00:00:00Z,24.850413128884483
AM,2022-11-12T00:00:00Z,24.853920210381514
AM,2022-11-13T00:00:00Z,24.68883045572693
AM,2022-11-14T00:00:00Z,24.763484604930262
AM,2022-11-15T00:00:00Z,25.049831048147652
AM,2022-11-16T00:00:00Z,25.175995128972065
AM,2022-11-17T00:00:00Z,25.1736332444686
AM,2022-11-18T00:00:00Z,25.013853297295785
AM,2022-11-19T00:00:00Z,25.304236581428007
AM,2022-11-20T00:00:00Z,25.36553433519602
AM,2022-11-21T00:00:00Z,25.744026621160724
AM,2022-11-22T00:00:00Z,25.94290312319623
AM,2022-11-23T00:00:00Z,26.07123288124412
AM,2022-11-24T00:00:00Z,26.353190110383757
AM,2022-11-25T00:00:00Z,26.40456880324194
AM,2022-11-26T00:00:00Z,26.3096670773649
AM,2022-11-27T00:00:00Z,26.115785849171317
AM,2022-11-28T00:00:00Z,26.10244419147066
AM,2022-11-29T00:00:00Z,25.84351463178696
AM,2022-11-30T00:00:00Z,25.808961809178204
AM,2022-12-01T00:00:00Z,25.824539128624455
AM,2022-12-02T00:00:00Z,26.17148755516175
AM,2022-12-03T00:00:00Z,26.204669829868724
AM,2022-12-04T00:00:00Z,26.38895087443549
AM,2022-12-05T00:00:00Z,27.3466310325007
AM,2022-12-06T00:00:00Z,27.759334749381484
AM,2022-12-07T00:00:00Z,27.70791439193632
AM,2022-12-08T00:00:00Z,27.6667679986625
AM,2022-12-09T00:00:00Z,27.64873786206935
AM,2022-12-10T00:00:00Z,27.785148784753606
AM,2022-12-11T00:00:00Z,27.827240196796378
AM,2022-12-12T00:00:00Z,27.91331054951502
AM,2022-12-13T00:00:00Z,27.902174243145453
AM,2022-12-14T00:00:00Z,28.096928590216397
AM,2022-12-15T00:00:00Z,28.29563512349037
AM,2022-12-16T00:00:00Z,28.21065158464434
AM,2022-12-17T00:00:00Z,28.078499707511586
AM,2022-12-18T00:00:00Z,28.07818153191963
AM,2022-12-19T00:00:00Z,27.488201915362662
AM,2022-12-20T00:00:00Z,28.79442860168428
AM,2022-12-21T00:00:00Z,29.145822947782726
AM,2022-12-22T00:00:00Z,28.239178355179313
AM,2022-12-23T00:00:00Z,26.43695998156734
AM,2022-12-24T00:00:00Z,25.39482757834902
AM,2022-12-25T00:00:00Z,23.328583649662313
AM,2022-12-26T00:00:00Z,22.633301741594735
AM,2022-12-27T00:00:00Z,23.13786083132017
AM,2022-12-28T00:00:00Z,23.669051395319073
AM,2022-12-29T00:00:00Z,24.76392328723093
AM,2022-12-30T00:00:00Z,26.33834784181983
AM,2022-12-31T00:00:00Z,26.95266930776335
AM,2023-01-01T00:00:00Z,26.92204393199413
AM,2023-01-02T00:00:00Z,27.02187972684388
AM,2023-01-03T00:00:00Z,27.80634832915289
AM,2023-01-04T00:00:00Z,27.86989471318366
AM,2023-01-05T00:00:00Z,27.30209820940512
AM,2023-01-06T00:00:00Z,23.827560151962444
AM,2023-01-07T00:00:00Z,18.77672639296343
AM,2023-01-08T00:00:00Z,16.689997492016158
AM,2023-01-09T00:00:00Z,17.430606759085858
AM,2023-01-10T00:00:00Z,17.507304502426607
AM,2023-01-11T00:00:00Z,17.25476639045623
AM,2023-01-12T00:00:00Z,17.084624019123847
AM,2023-01-13T00:00:00Z,17.091482718949177
AM,2023-01-14T00:00:00Z,16.808444884960462
AM,2023-01-15T00:00:00Z,15.35040112526053
AM,2023-01-16T00:00:00Z,13.653178783448038
AM,2023-01-17T00:00:00Z,12.851431279641888
AM,2023-01-18T00:00:00Z,13.00490587947928
AM,2023-01-19T00:00:00Z,13.016581749092206
AM,2023-01-20T00:00:00Z,13.287334332417473
AM,2023-01-21T00:00:00Z,13.516958072521657
AM,2023-01-22T00:00:00Z,13.513000001949102
AM,2023-01-23T00:00:00Z,13.36502674347075
AM,2023-01-24T00:00:00Z,12.673440833383662
AM,2023-01-25T00:00:00Z,9.667375925082899
AM,2023-01-26T00:00:00Z,6.2147981707662066
AM,2023-01-27T00:00:00Z,4.058776465394066
AM,2023-01-28T00:00:00Z,2.8655069623554272
AM,2023-01-29T00:00:00Z,2.2173518151802107
AM,2023-01-30T00:00:00Z,1.8197498844234907
AM,2023-01-31T00:00:00Z,1.5119817603798935
AM,2023-02-01T00:00:00Z,2.0907759988507744
AM,2023-02-02T00:00:00Z,2.453140530407133
AM,2023-02-03T00:00:00Z,2.3981610745499267
AM,2023-02-04T00:00:00Z,2.1015582462129405
AM,2023-02-05T00:00:00Z,1.9705739125967343
AM,2023-02-06T00:00:00Z,1.8502331694512566
AM,2023-02-07T00:00:00Z,1.7584866615257737
AM,2023-02-08T00:00:00Z,1.700440584466211
AM,2023-02-09T00:00:00Z,1.661621276827471
AM,2023-02-10T00:00:00Z,1.6192074998002113
AM,2023-02-11T00:00:00Z,1.5371611258310716
AM,2023-02-12T00:00:00Z,1.3886251301097512
AM,2023-02-13T00:00:00Z,1.1262190265795777
AM,2023-02-14T00:00:00Z,0.8366426112231167
AM,2023-02-15T00:00:00Z,0.6219540979963128
AM,2023-02-16T00:00:00Z,0.485506520090192
AM,2023-02-17T00:00:00Z,0.4071786810253641
AM,2023-02-18T00:00:00Z,0.3568820696746507
AM,2023-02-19T00:00:00Z,0.32228487615923673
AM,2023-02-20T00:00:00Z,0.2993966753249665
AM,2023-02-21T00:00:00Z,0.286075123327991
AM,2023-02-22T00:00:00Z,0.2861227041203669
AM,2023-02-23T00:00:00Z,0.3015968663250992
AM,2023-02-24T00:00:00Z,0.328096056764959
AM,2023-02-25T00:00:00Z,0.3592435263798189
AM,2023-02-26T00:00:00Z,0.392751013258431
AM,2023-02-27T00:00:00Z,0.43537200291076433
AM,2023-02-28T00:00:00Z,0.48956947206393103
AM,2023-03-01T00:00:00Z,0.5515074911215586
AM,2023-03-02T00:00:00Z,0.6190960686570247
AM,2023-03-03T00:00:00Z,0.6922217080715707
AM,2023-03-04T00:00:00Z,0.7743907314667983
AM,2023-03-05T00:00:00Z,0.869665383537341
AM,2023-03-06T00:00:00Z,0.972170171251307
AM,2023-03-07T00:00:00Z,1.0781571388920619
AM,2023-03-08T00:00:00Z,1.2029166982221609
AM,2023-03-09T00:00:00Z,1.3487877107271529
AM,2023-03-10T00:00:00Z,1.4863358131995277
AM,2023-03-11T00:00:00Z,1.6055303588977838
AM,2023-03-12T00:00:00Z,1.6470190792534243
AM,2023-03-13T00:00:00Z,1.6501417131741423
AM,2023-03-14T00:00:00Z,1.648022265007963
AM,2023-03-15T00:00:00Z,1.5727279953264723
AM,2023-03-16T00:00:00Z,1.5126737990552022
AM,2023-03-17T00:00:00Z,1.5712736833123042
AM,2023-03-18T00:00:00Z,1.5784644646721506
AM,2023-03-19T00:00:00Z,1.5652186687472378
AM,2023-03-20T00:00:00Z,1.485014968402826
AM,2023-03-21T00:00:00Z,1.412879687301059
AM,2023-03-22T00:00:00Z,1.430049750505966
AM,2023-03-23T00:00:00Z,1.4992685045116771
AM,2023-03-24T00:00:00Z,1.5470851263350354
AM,2023-03-25T00:00:00Z,1.6293246566931823
AM,2023-03-26T00:00:00Z,1.7946415175971355
AM,2023-03-27T00:00:00Z,1.9814249108030801
AM,2023-03-28T00:00:00Z,2.0204414511411652
AM,2023-03-29T00:00:00Z,1.998385157643916
AM,2023-03-30T00:00:00Z,1.85354976738608
AM,2023-03-31T00:00:00Z,1.6979797531397516
AM,2023-04-01T00:00:00Z,1.6020475876201024
AM,2023-04-02T00:00:00Z,1.6308878539289935
AM,2023-04-03T00:00:00Z,1.7545536997303897
AM,2023-04-04T00:00:00Z,1.904169783295262
AM,2023-04-05T00:00:00Z,2.04716133775025
AM,2023-04-06T00:00:00Z,2.212465266291397
AM,2023-04-07T00:00:00Z,2.4047855411637094
AM,2023-04-08T00:00:00Z,2.5600263328392274
AM,2023-04-09T00:00:00Z,2.6589796381050137
AM,2023-04-10T00:00:00Z,2.726530342436298
AM,2023-04-11T00:00:00Z,2.823171276606284
AM,2023-04-12T00:00:00Z,2.9779921267287186
AM,2023-04-13T00:00:00Z,3.2146852392641287
AM,2023-04-14T00:00:00Z,3.5695386369650266
AM,2023-04-15T00:00:00Z,3.962099775596451
AM,2023-04-16T00:00:00Z,4.319205023585847
AM,2023-04-17T00:00:00Z,4.630687114249293
AM,2023-04-18T00:00:00Z,4.852968078642612
AM,2023-04-19T00:00:00Z,5.160755314817081
AM,2023-04-20T00:00:00Z,5.7885486868426534
AM,2023-04-21T00:00:00Z,6.6757649322609485
AM,2023-04-22T00:00:00Z,7.834171113232488
AM,2023-04-23T00:00:00Z,9.458277585234876
AM,2023-04-24T00:00:00Z,11.284100850991592
AM,2023-04-25T00:00:00Z,12.869146527985711
AM,2023-04-26T00:00:00Z,14.056794022110362
AM,2023-04-27T00:00:00Z,14.811449287113962
AM,2023-04-28T00:00:00Z,15.50249177554799
AM,2023-04-29T00:00:00Z,15.627621312043352
AM,2023-04-30T00:00:00Z,15.452280931173885
AM,2023-05-01T00:00:00Z,14.957509277665176
AM,2023-05-02T00:00:00Z,14.44530624600337
AM,2023-05-03T00:00:00Z,15.209329617204798
AM,2023-05-04T00:00:00Z,19.734759313441927
AM,2023-05-05T00:00:00Z,22.688827212103337
AM,2023-05-06T00:00:00Z,24.298795165460515
AM,2023-05-07T00:00:00Z,24.32857901111068
AM,2023-05-08T00:00:00Z,25.366391560380347
AM,2023-05-09T00:00:00Z,29.207844697143404
AM,2023-05-10T00:00:00Z,31.02448266286271
AM,2023-05-11T00:00:00Z,31.56066043075545
AM,2023-05-12T00:00:00Z,31.56066043075545
AM,2023-05-13T00:00:00Z,31.56066043075545
AM,2023-05-14T00:00:00Z,31.56066043075545
AM,2023-05-15T00:00:00Z,31.56066043075545
AM,2023-05-16T00:00:00Z,31.56066043075545
AM,2023-05-17T00:00:00Z,31.56066043075545
AM,2023-05-18T00:00:00Z,31.56066043075545
AM,2023-05-19T00:00:00Z,30.15675777044094
AM,2023-05-20T00:00:00Z,27.865850953017034
AM,2023-05-21T00:00:00Z,23.24834235534309
AM,2023-05-22T00:00:00Z,20.064774732586436
AM,2023-05-23T00:00:00Z,19.918749256320737
AM,2023-05-24T00:00:00Z,18.426708912632062
AM,2023-05-25T00:00:00Z,13.731295193711002
AM,2023-05-26T00:00:00Z,10.923649432680552
AM,2023-05-27T00:00:00Z,10.208265427877585
AM,2023-05-28T00:00:00Z,9.91756648121636
AM,2023-05-29T00:00:00Z,10.59869595324134
AM,2023-05-30T00:00:00Z,11.938849087701497
AM,2023-05-31T00:00:00Z,13.837990261031988
AM,2023-06-01T00:00:00Z,16.30240396924806
AM,2023-06-02T00:00:00Z,18.60909357641232
AM,2023-06-03T00:00:00Z,20.043094721697713
AM,2023-06-04T00:00:00Z,21.51435697960496
AM,2023-06-05T00:00:00Z,24.018456955738973
AM,2023-06-06T00:00:00Z,27.705935966665663
AM,2023-06-07T00:00:00Z,30.143464965165172
AM,2023-06-08T00:00:00Z,30.616818812711543
AM,2023-06-09T00:00:00Z,30.51834213703564
AM,2023-06-10T00:00:00Z,29.16277262660377
AM,2023-06-11T00:00:00Z,27.80080724562185
AM,2023-06-12T00:00:00Z,27.713215615215653
AM,2023-06-13T00:00:00Z,28.069718519717195
AM,2023-06-14T00:00:00Z,28.080671727366827
AM,2023-06-15T00:00:00Z,29.25417587539626
AM,2023-06-16T00:00:00Z,28.325935009425187
AM,2023-06-17T00:00:00Z,16.048380741483626
AM,2023-06-18T00:00:00Z,4.9985147548186095
AM,2023-06-19T00:00:00Z,2.567943993634569
AM,2023-06-20T00:00:00Z,1.9638587507254737
AM,2023-06-21T00:00:00Z,1.7703817267967623
AM,2023-06-22T00:00:00Z,1.604462831104365
AM,2023-06-23T00:00:00Z,1.3405204662226884
AM,2023-06-24T00:00:00Z,1.0053539666554754
AM,2023-06-25T00:00:00Z,0.7380719937204028
AM,2023-06-26T00:00:00Z,0.5810288515831648
AM,2023-06-27T00:00:00Z,0.49970835762124577
AM,2023-06-28T00:00:00Z,0.4666081391252715
AM,2023-06-29T00:00:00Z,0.48184152231580324
AM,2023-06-30T00:00:00Z,0.5044333239565855
AM,2023-07-01T00:00:00Z,0.5270827399647104
AM,2023-07-02T00:00:00Z,0.5504533661760508
AM,2023-07-03T00:00:00Z,0.582960661264815
AM,2023-07-04T00:00:00Z,0.6343529557015886
AM,2023-07-05T00:00:00Z,0.7040726879284253
AM,2023-07-06T00:00:00Z,0.7917891745934856
AM,2023-07-07T00:00:00Z,0.901268588703875
AM,2023-07-08T00:00:00Z,1.0642334899304942
AM,2023-07-09T00:00:00Z,1.2867590628663594
AM,2023-07-10T00:00:00Z,1.548081183640682
AM,2023-07-11T00:00:00Z,1.825373314819071
AM,2023-07-12T00:00:00Z,2.0758194737557236
AM,2023-07-13T00:00:00Z,2.3420427186291772
AM,2023-07-14T00:00:00Z,2.625366373353521
AM,2023-07-15T00:00:00Z,2.8926275302490505
AM,2023-07-16T00:00:00Z,3.044073129004963
AM,2023-07-17T00:00:00Z,3.1371282195435946
AM,2023-07-18T00:00:00Z,3.3775258849271625
AM,2023-07-19T00:00:00Z,3.839946777926373
AM,2023-07-20T00:00:00Z,4.391184592313406
AM,2023-07-21T00:00:00Z,4.740897706788583
AM,2023-07-22T00:00:00Z,4.846820288812518
AM,2023-07-23T00:00:00Z,4.847002299872344
AM,2023-07-24T00:00:00Z,4.735673753099533
AM,2023-07-25T00:00:00Z,4.475718234729002
AM,2023-07-26T00:00:00Z,4.15676445467106
AM,2023-07-27T00:00:00Z,4.3947666768937514
AM,2023-07-28T00:00:00Z,4.848733536079399
AM,2023-07-29T00:00:00Z,5.230327761505535
AM,2023-07-30T00:00:00Z,5.285345221912817
AM,2023-07-31T00:00:00Z,5.165453672038387
AM,2023-08-01T00:00:00Z,4.57534734299739
AM,2023-08-02T00:00:00Z,3.9411212249381196
AM,2023-08-03T00:00:00Z,3.581226843228878
AM,2023-08-04T00:00:00Z,3.3692831249755018
AM,2023-08-05T00:00:00Z,3.2504875938878706
AM,2023-08-06T00:00:00Z,3.233449340697806
AM,2023-08-07T00:00:00Z,2.9957960540880673
AM,2023-08-08T00:00:00Z,2.5888487222814933
AM,2023-08-09T00:00:00Z,2.4737383834152276
AM,2023-08-10T00:00:00Z,2.6051185387744904
AM,2023-08-11T00:00:00Z,2.905427851649853
AM,2023-08-12T00:00:00Z,3.3651782175377405
AM,2023-08-13T00:00:00Z,3.916690790721851
AM,2023-08-14T00:00:00Z,4.53689023383501
AM,2023-08-15T00:00:00Z,5.111212433076105
AM,2023-08-16T00:00:00Z,5.218450999039086
AM,2023-08-17T00:00:00Z,5.1136342715258065
AM,2023-08-18T00:00:00Z,4.572966366849077
AM,2023-08-19T00:00:00Z,4.179527828222411
AM,2023-08-20T00:00:00Z,4.244711530366281
AM,2023-08-21T00:00:00Z,4.580791643181609
AM,2023-08-22T00:00:00Z,5.027711373017822
AM,2023-08-23T00:00:00Z,5.765923033840181
AM,2023-08-24T00:00:00Z,6.883188163168567
AM,2023-08-25T00:00:00Z,8.057235839661015
AM,2023-08-26T00:00:00Z,8.953313386752107
AM,2023-08-27T00:00:00Z,9.394602956937183
AM,2023-08-28T00:00:00Z,9.842445819633854
AM,2023-08-29T00:00:00Z,10.060622936456673
AM,2023-08-30T00:00:00Z,10.141479259288332
AM,2023-08-31T00:00:00Z,8.599035789122896
AM,2023-09-01T00:00:00Z,4.370302585647034
AM,2023-09-02T00:00:00Z,2.021569057659269
AM,2023-09-03T00:00:00Z,1.2216580838384037
AM,2023-09-04T00:00:00Z,0.9094001377620831
AM,2023-09-05T00:00:00Z,0.7765551677632546
AM,2023-09-06T00:00:00Z,0.7394731544847072
AM,2023-09-07T00:00:00Z,0.7762775299877361
AM,2023-09-08T00:00:00Z,0.816374983618761
AM,2023-09-09T00:00:00Z,0.8285862549817987
AM,2023-09-10T00:00:00Z,0.8526490983773367
AM,2023-09-11T00:00:00Z,0.9126763600949976
AM,2023-09-12T00:00:00Z,0.992296157787809
AM,2023-09-13T00:00:00Z,1.1108137379882785
AM,2023-09-14T00:00:00Z,1.2693765347086168
AM,2023-09-15T00:00:00Z,1.449105975222014
AM,2023-09-16T00:00:00Z,1.6216967622513359
AM,2023-09-17T00:00:00Z,1.7883450869378301
AM,2023-09-18T00:00:00Z,1.9648682905601822
AM,2023-09-19T00:00:00Z,2.1318738649196507
AM,2023-09-20T00:00:00Z,2.2696810582022304
AM,2023-09-21T00:00:00Z,2.4390462874192713
AM,2023-09-22T00:00:00Z,2.641546026379871
AM,2023-09-23T00:00:00Z,2.8287618578055245
AM,2023-09-24T00:00:00Z,3.027513082143479
AM,2023-09-25T00:00:00Z,3.2844035472320168
AM,2023-09-26T00:00:00Z,3.3828332755903254
AM,2023-09-27T00:00:00Z,3.347511617496972
AM,2023-09-28T00:00:00Z,2.9663246177393505
AM,2023-09-29T00:00:00Z,2.593318897314879
AM,2023-09-30T00:00:00Z,2.466424140243315
AM,2023-10-01T00:00:00Z,2.7403766580566438
AM,2023-10-02T00:00:00Z,3.6280091392459193
AM,2023-10-03T00:00:00Z,4.3453315176950555
AM,2023-10-04T00:00:00Z,4.543722720552298
AM,2023-10-05T00:00:00Z,4.8150210484522065
AM,2023-10-06T00:00:00Z,5.091307317281836
AM,2023-10-07T00:00:00Z,5.404664835105368
AM,2023-10-08T00:00:00Z,5.764954884856863
AM,2023-10-09T00:00:00Z,6.1791668845286285
AM,2023-10-10T00:00:00Z,6.659264186984606
AM,2023-10-11T00:00:00Z,6.71494292202915
AM,2023-10-12T00:00:00Z,6.648101653301425
AM,2023-10-13T00:00:00Z,6.2295376129729965
AM,2023-10-14T00:00:00Z,4.9530108497510605
AM,2023-10-15T00:00:00Z,3.63290238661861
AM,2023-10-16T00:00:00Z,3.0496273145018042
AM,2023-10-17T00:00:00Z,2.8361679438937504
AM,2023-10-18T00:00:00Z,2.923070278404956
AM,2023-10-19T00:00:00Z,3.0082804067187596
AM,2023-10-20T00:00:00Z,3.060478850846813
AM,2023-10-21T00:00:00Z,3.1441954662156584
AM,2023-10-22T00:00:00Z,3.2588960164429808
AM,2023-10-23T00:00:00Z,3.409078153223822
AM,2023-10-24T00:00:00Z,3.621403308241943
AM,2023-10-25T00:00:00Z,3.8623981112265207
AM,2023-10-26T00:00:00Z,4.138669621517483
AM,2023-10-27T00:00:00Z,4.479689823558973
AM,2023-10-28T00:00:00Z,4.8703913700217765
AM,2023-10-29T00:00:00Z,5.293768719152997
AM,2023-10-30T00:00:00Z,5.70629922465024
AM,2023-10-31T00:00:00Z,6.157262661270196
AM,2023-11-01T00:00:00Z,6.751474726281386
AM,2023-11-02T00:00:00Z,7.198924927749746
AM,2023-11-03T00:00:00Z,7.219309965914971
AM,2023-11-04T00:00:00Z,7.447633287679577
AM,2023-11-05T00:00:00Z,7.861864957078688
AM,2023-11-06T00:00:00Z,8.354582549088802
AM,2023-11-07T00:00:00Z,8.970884670452962
AM,2023-11-08T00:00:00Z,9.67722348171255
AM,2023-11-09T00:00:00Z,10.63921233128205
AM,2023-11-10T00:00:00Z,11.956761359980712
AM,2023-11-11T00:00:00Z,13.29264797258134
AM,2023-11-12T00:00:00Z,13.997229530479386
AM,2023-11-13T00:00:00Z,14.723713838983336
AM,2023-11-14T00:00:00Z,16.02706129797439
AM,2023-11-15T00:00:00Z,16.60773537412823
AM,2023-11-16T00:00:00Z,16.46418700648894
AM,2023-11-17T00:00:00Z,15.34927945349801
AM,2023-11-18T00:00:00Z,15.488699087067406
AM,2023-11-19T00:00:00Z,15.679727478744121
AM,2023-11-20T00:00:00Z,15.845741953087074
AM,2023-11-21T00:00:00Z,15.980411622799949
AM,2023-11-22T00:00:00Z,16.044082329091935
AM,2023-11-23T00:00:00Z,16.05866561708195
AM,2023-11-24T00:00:00Z,16.245569401456777
AM,2023-11-25T00:00:00Z,16.249687791483794
AM,2023-11-26T00:00:00Z,15.953273357813663
AM,2023-11-27T00:00:00Z,15.96928500647753
AM,2023-11-28T00:00:00Z,15.841607762687298
AM,2023-11-29T00:00:00Z,14.866332281119966
AM,2023-11-30T00:00:00Z,13.725828870914498
AM,2023-12-01T00:00:00Z,13.547825972701618
AM,2023-12-02T00:00:00Z,13.060967103185853
AM,2023-12-03T00:00:00Z,11.388189700247796
AM,2023-12-04T00:00:00Z,6.96986954295363
AM,2023-12-05T00:00:00Z,3.4543517570473545
AM,2023-12-06T00:00:00Z,2.2239012777935447
AM,2023-12-07T00:00:00Z,1.8764193382295078
AM,2023-12-08T00:00:00Z,1.871770218739358
AM,2023-12-09T00:00:00Z,1.9598922106461967
AM,2023-12-10T00:00:00Z,2.0130263963148844
AM,2023-12-11T00:00:00Z,2.013107381308392
AM,2023-12-12T00:00:00Z,1.8927722441685346
AM,2023-12-13T00:00:00Z,1.6251396297832292
AM,2023-12-14T00:00:00Z,1.4371524562534999
AM,2023-12-15T00:00:00Z,1.350487821895423
AM,2023-12-16T00:00:00Z,1.3078552136899526
AM,2023-12-17T00:00:00Z,1.2547420101861022
AM,2023-12-18T00:00:00Z,1.0070592943435692
AM,2023-12-19T00:00:00Z,0.6307000144508229
AM,2023-12-20T00:00:00Z,0.42464589832961025
AM,2023-12-21T00:00:00Z,0.3400932763426938
AM,2023-12-22T00:00:00Z,0.2992461903517105
AM,2023-12-23T00:00:00Z,0.2803476716546726
AM,2023-12-24T00:00:00Z,0.2731463913887978
AM,2023-12-25T00:00:00Z,0.27093173427181494
AM,2023-12-26T00:00:00Z,0.2722090096930588
AM,2023-12-27T00:00:00Z,0.2746722161433805
AM,2023-12-28T00:00:00Z,0.27917972470629343
AM,2023-12-29T00:00:00Z,0.2864785197755819
AM,2023-12-30T00:00:00Z,0.29603578719439905
AM,2023-12-31T00:00:00Z,0.3067934140721829
AM,2024-01-01T00:00:00Z,0.3177215455266643
AM,2024-01-02T00:00:00Z,0.32973236124050836
AM,2024-01-03T00:00:00Z,0.3423593096154931
AM,2024-01-04T00:00:00Z,0.3573025678656705
AM,2024-01-05T00:00:00Z,0.36874206162663686
AM,2024-01-06T00:00:00Z,0.3728502903591932
AM,2024-01-07T00:00:00Z,0.3728775304438477
AM,2024-01-08T00:00:00Z,0.36970887468536057
AM,2024-01-09T00:00:00Z,0.36019826020559603
AM,2024-01-10T00:00:00Z,0.3498393680517373
AM,2024-01-11T00:00:00Z,0.3336235940095376
AM,2024-01-12T00:00:00Z,0.3100997158144408
AM,2024-01-13T00:00:00Z,0.2910321880951894
AM,2024-01-14T00:00:00Z,0.2793140240268232
AM,2024-01-15T00:00:00Z,0.2707196645883647
AM,2024-01-16T00:00:00Z,0.2626618291376532
AM,2024-01-17T00:00:00Z,0.25629365601467446
AM,2024-01-18T00:00:00Z,0.25066986408592434
AM,2024-01-19T00:00:00Z,0.24562207011487952
AM,2024-01-20T00:00:00Z,0.24847871214461864
AM,2024-01-21T00:00:00Z,0.2565937531447187
AM,2024-01-22T00:00:00Z,0.2672742241049426
AM,2024-01-23T00:00:00Z,0.27967836388112544
AM,2024-01-24T00:00:00Z,0.2930771544734439
AM,2024-01-25T00:00:00Z,0.3051554208814755
AM,2024-01-26T00:00:00Z,0.31606759685867236
AM,2024-01-27T00:00:00Z,0.3270723473581845
AM,2024-01-28T00:00:00Z,0.3388672927041638
AM,2024-01-29T00:00:00Z,0.35391115834295167
AM,2024-01-30T00:00:00Z,0.3724569888980485
AM,2024-01-31T00:00:00Z,0.3937596524444056
AM,2024-02-01T00:00:00Z,0.4174606269579001
AM,2024-02-02T00:00:00Z,0.44307731884589213
AM,2024-02-03T00:00:00Z,0.4693808267817648
AM,2024-02-04T00:00:00Z,0.49706536591018197
AM,2024-02-05T00:00:00Z,0.5205287152366854
AM,2024-02-06T00:00:00Z,0.5346103697874359
AM,2024-02-07T00:00:00Z,0.5450351719627619
AM,2024-02-08T00:00:00Z,0.552729630330792
AM,2024-02-09T00:00:00Z,0.5556148940807522
AM,2024-02-10T00:00:00Z,0.555620324880665
AM,2024-02-11T00:00:00Z,0.5552755805311852
AM,2024-02-12T00:00:00Z,0.5540465336583293
AM,2024-02-13T00:00:00Z,0.5592342103093084
AM,2024-02-14T00:00:00Z,0.5639653949661823
AM,2024-02-15T00:00:00Z,0.5726331180427701
AM,2024-02-16T00:00:00Z,0.5810936167821851
AM,2024-02-17T00:00:00Z,0.5817221229537206
AM,2024-02-18T00:00:00Z,0.5792947342257964
AM,2024-02-19T00:00:00Z,0.5672411665376498
AM,2024-02-20T00:00:00Z,0.5435854372841082
AM,2024-02-21T00:00:00Z,0.5132454493102416
AM,2024-02-22T00:00:00Z,0.4834744443250717
AM,2024-02-23T00:00:00Z,0.4553782338707508
AM,2024-02-24T00:00:00Z,0.43663113588483454
AM,2024-02-25T00:00:00Z,0.44449084990011034
AM,2024-02-26T00:00:00Z,0.4572966135562874
AM,2024-02-27T00:00:00Z,0.4728595730927094
AM,2024-02-28T00:00:00Z,0.5024872524821463
AM,2024-02-29T00:00:00Z,0.5528642110681148
AM,2024-03-01T00:00:00Z,0.6181273741182668
AM,2024-03-02T00:00:00Z,0.68983343087311
AM,2024-03-03T00:00:00Z,0.7553548786092998
AM,2024-03-04T00:00:00Z,0.7933489557267351
AM,2024-03-05T00:00:00Z,0.8074374578564512
AM,2024-03-06T00:00:00Z,0.8086147002334468
AM,2024-03-07T00:00:00Z,0.7993712524831582
AM,2024-03-08T00:00:00Z,0.7698674595345548
AM,2024-03-09T00:00:00Z,0.7485562967876048
AM,2024-03-10T00:00:00Z,0.7270524795077505
AM,2024-03-11T00:00:00Z,0.6515250198656172
AM,2024-03-12T00:00:00Z,0.5587955018505957
AM,2024-03-13T00:00:00Z,0.49183661796112604
AM,2024-03-14T00:00:00Z,0.44075424848354794
AM,2024-03-15T00:00:00Z,0.4044313353776939
AM,2024-03-16T00:00:00Z,0.38020827615552605
AM,2024-03-17T00:00:00Z,0.3645106144019967
AM,2024-03-18T00:00:00Z,0.3547506704790047
AM,2024-03-19T00:00:00Z,0.3509562425048783
AM,2024-03-20T00:00:00Z,0.35384410866288574
AM,2024-03-21T00:00:00Z,0.362394620662853
AM,2024-03-22T00:00:00Z,0.3691520663910683
AM,2024-03-23T00:00:00Z,0.3696923133089477
AM,2024-03-24T00:00:00Z,0.3681430040249558
AM,2024-03-25T00:00:00Z,0.3614388064355132
AM,2024-03-26T00:00:00Z,0.3534528617207428
AM,2024-03-27T00:00:00Z,0.3471642692724133
AM,2024-03-28T00:00:00Z,0.33946804532660224
AM,2024-03-29T00:00:00Z,0.3267539753041539
AM,2024-03-30T00:00:00Z,0.30532832900546825
AM,2024-03-31T00:00:00Z,0.28337034278092366
AM,2024-04-01T00:00:00Z,0.26468595338174977
AM,2024-04-02T00:00:00Z,0.24868660728754877
AM,2024-04-03T00:00:00Z,0.23375743777031735
AM,2024-04-04T00:00:00Z,0.2192769540654219
AM,2024-04-05T00:00:00Z,0.20756269389736376
AM,2024-04-06T00:00:00Z,0.19931094163318042
AM,2024-04-07T00:00:00Z,0.19911357559818224
AM,2024-04-08T00:00:00Z,0.20717513525135495
AM,2024-04-09T00:00:00Z,0.2166031092633631
AM,2024-04-10T00:00:00Z,0.2218110234382013
AM,2024-04-11T00:00:00Z,0.22166875079570272
AM,2024-04-12T00:00:00Z,0.20562684628586372
AM,2024-04-13T00:00:00Z,0.17089001776465487
AM,2024-04-14T00:00:00Z,0.13867764757543913
AM,2024-04-15T00:00:00Z,0.11631961806423198
AM,2024-04-16T00:00:00Z,0.10244230313569705
AM,2024-04-17T00:00:00Z,0.09390972945881444
AM,2024-04-18T00:00:00Z,0.08740225371584247
AM,2024-04-19T00:00:00Z,0.08203820205466367
AM,2024-04-20T00:00:00Z,0.07807702733027452
AM,2024-04-21T00:00:00Z,0.0755814116251918
AM,2024-04-22T00:00:00Z,0.07521581511366539
AM,2024-04-23T00:00:00Z,0.07879124785051315
AM,2024-04-24T00:00:00Z,0.0847599261627919
AM,2024-04-25T00:00:00Z,0.09196180020369663
AM,2024-04-26T00:00:00Z,0.10001362424040001
AM,2024-04-27T00:00:00Z,0.10990043742660591
AM,2024-04-28T00:00:00Z,0.12243792641113453
AM,2024-04-29T00:00:00Z,0.13730540289830254
AM,2024-04-30T00:00:00Z,0.15390777060043961
AM,2024-05-01T00:00:00Z,0.17241527595389428
AM,2024-05-02T00:00:00Z,0.19344162232773598
AM,2024-05-03T00:00:00Z,0.21605926524131255
AM,2024-05-04T00:00:00Z,0.23836918575458263
AM,2024-05-05T00:00:00Z,0.2617948067472473
AM,2024-05-06T00:00:00Z,0.28693134743643023
AM,2024-05-07T00:00:00Z,0.31060726195017674
AM,2024-05-08T00:00:00Z,0.329552100916568
AM,2024-05-09T00:00:00Z,0.34608954496407884
AM,2024-05-10T00:00:00Z,0.36140534273298824
AM,2024-05-11T00:00:00Z,0.374251713850715
AM,2024-05-12T00:00:00Z,0.3861780171706318
AM,2024-05-13T00:00:00Z,0.39054081243507865
AM,2024-05-14T00:00:00Z,0.39015260099595694
AM,2024-05-15T00:00:00Z,0.37444942647297746
AM,2024-05-16T00:00:00Z,0.3402715633368486
AM,2024-05-17T00:00:00Z,0.30266978013369705
AM,2024-05-18T00:00:00Z,0.26949316232968706
AM,2024-05-19T00:00:00Z,0.2402874501228292
AM,2024-05-20T00:00:00Z,0.21415432084604613
AM,2024-05-21T00:00:00Z,0.19262908281770325
AM,2024-05-22T00:00:00Z,0.17553254336134685
AM,2024-05-23T00:00:00Z,0.15915730547680182
AM,2024-05-24T00:00:00Z,0.1435165572622684
AM,2024-05-25T00:00:00Z,0.13109285844816393
AM,2024-05-26T00:00:00Z,0.12283121089092702
AM,2024-05-27T00:00:00Z,0.11897554299723483
AM,2024-05-28T00:00:00Z,0.12254699293545407
AM,2024-05-29T00:00:00Z,0.12911742268290563
AM,2024-05-30T00:00:00Z,0.13823994334823456
AM,2024-05-31T00:00:00Z,0.1482184759298736
AM,2024-06-01T00:00:00Z,0.156947689744246
AM,2024-06-02T00:00:00Z,0.16427657314574431
AM,2024-06-03T00:00:00Z,0.17232824804824895
AM,2024-06-04T00:00:00Z,0.1830173467774188
AM,2024-06-05T00:00:00Z,0.1971319406127542
AM,2024-06-06T00:00:00Z,0.21469152362992425
AM,2024-06-07T00:00:00Z,0.23428692041624816
AM,2024-06-08T00:00:00Z,0.2562382828440298
AM,2024-06-09T00:00:00Z,0.28372911638807524
AM,2024-06-10T00:00:00Z,0.31918185100587193
AM,2024-06-11T00:00:00Z,0.36327797127782585
AM,2024-06-12T00:00:00Z,0.4187837190634244
AM,2024-06-13T00:00:00Z,0.48550019015585727
AM,2024-06-14T00:00:00Z,0.5662335865919408
AM,2024-06-15T00:00:00Z,0.6654840863450382
AM,2024-06-16T00:00:00Z,0.7696677834749482
AM,2024-06-17T00:00:00Z,0.8812506849617469
AM,2024-06-18T00:00:00Z,1.0032213022181398
AM,2024-06-19T00:00:00Z,1.1357044062519044
AM,2024-06-20T00:00:00Z,1.2922439433024382
AM,2024-06-21T00:00:00Z,1.45487023769249
AM,2024-06-22T00:00:00Z,1.6190635452155409
AM,2024-06-23T00:00:00Z,1.7927812859845864
AM,2024-06-24T00:00:00Z,1.9798929219856092
AM,2024-06-25T00:00:00Z,2.2159290811981367
AM,2024-06-26T00:00:00Z,2.4705882210120387
AM,2024-06-27T00:00:00Z,2.665724658736882
AM,2024-06-28T00:00:00Z,2.867009652751445
AM,2024-06-29T00:00:00Z,3.1028330223572067
AM,2024-06-30T00:00:00Z,3.250479806681541
AM,2024-07-01T00:00:00Z,3.3947229294527665
AM,2024-07-02T00:00:00Z,3.4439209797675074
AM,2024-07-03T00:00:00Z,3.412304905030477
AM,2024-07-04T00:00:00Z,3.0844787909886047
AM,2024-07-05T00:00:00Z,2.5264849101574307
AM,2024-07-06T00:00:00Z,1.9819540569644694
AM,2024-07-07T00:00:00Z,1.6620673723679362
AM,2024-07-08T00:00:00Z,1.6205844933216893
AM,2024-07-09T00:00:00Z,1.646275422429983
AM,2024-07-10T00:00:00Z,1.6455512176010363
AM,2024-07-11T00:00:00Z,1.6301555912281245
AM,2024-07-12T00:00:00Z,1.584486737224074
AM,2024-07-13T00:00:00Z,1.4884717168269586
AM,2024-07-14T00:00:00Z,1.3550786312636933
AM,2024-07-15T00:00:00Z,1.2438072066040375
AM,2024-07-16T00:00:00Z,1.2295991052130837
AM,2024-07-17T00:00:00Z,1.352663624778182
AM,2024-07-18T00:00:00Z,1.564573197336925
AM,2024-07-19T00:00:00Z,1.7509256048237072
AM,2024-07-20T00:00:00Z,NA
AM,2024-07-21T00:00:00Z,NA
AM,2024-07-22T00:00:00Z,NA
AM,2024-07-23T00:00:00Z,1.856467547900105
AM,2024-07-24T00:00:00Z,2.0987467529306048
AM,2024-07-25T00:00:00Z,2.196492313920475
AM,2024-07-26T00:00:00Z,2.1916039813744637
AM,2024-07-27T00:00:00Z,2.0399583178139835
AM,2024-07-28T00:00:00Z,1.8223795399998355
AM,2024-07-29T00:00:00Z,1.287930969231276
AM,2024-07-30T00:00:00Z,0.9415304241995067
AM,2024-07-31T00:00:00Z,0.9087376710821513
AM,2024-08-01T00:00:00Z,0.9256983105336798
AM,2024-08-02T00:00:00Z,0.9224273254746415
AM,2024-08-03T00:00:00Z,0.8690454945087664
AM,2024-08-04T00:00:00Z,0.895978483836366
AM,2024-08-05T00:00:00Z,0.8663074254990192
AM,2024-08-06T00:00:00Z,0.5881418803590034
AM,2024-08-07T00:00:00Z,0.31973435666942457
AM,2024-08-08T00:00:00Z,0.24298596382185464
AM,2024-08-09T00:00:00Z,0.23760242762250577
AM,2024-08-10T00:00:00Z,0.25081909764788207
AM,2024-08-11T00:00:00Z,0.2695917442197218
AM,2024-08-12T00:00:00Z,0.29210814111029276
AM,2024-08-13T00:00:00Z,0.32656949175339084
AM,2024-08-14T00:00:00Z,0.3838127906944449
AM,2024-08-15T00:00:00Z,0.46438764939115845
AM,2024-08-16T00:00:00Z,0.5612044090989822
AM,2024-08-17T00:00:00Z,0.6699386992911114
AM,2024-08-18T00:00:00Z,0.7718765697067294
AM,2024-08-19T00:00:00Z,0.8582808052975004
AM,2024-08-20T00:00:00Z,0.9454218144019827
AM,2024-08-21T00:00:00Z,1.030453148636048
AM,2024-08-22T00:00:00Z,1.1060287282562729
AM,2024-08-23T00:00:00Z,1.178806015001224
AM,2024-08-24T00:00:00Z,1.2545990825106434
AM,2024-08-25T00:00:00Z,1.3637378598467889
AM,2024-08-26T00:00:00Z,1.515440777334305
AM,2024-08-27T00:00:00Z,1.6285228115404302
AM,2024-08-28T00:00:00Z,1.7009782923165575
AM,2024-08-29T00:00:00Z,1.8064695933938884
AM,2024-08-30T00:00:00Z,1.9558390297308275
AM,2024-08-31T00:00:00Z,2.1258404136313227
AM,2024-09-01T00:00:00Z,2.30090171854515
AM,2024-09-02T00:00:00Z,2.4958470254527496
AM,2024-09-03T00:00:00Z,2.7020554354621287
AM,2024-09-04T00:00:00Z,2.9273748059834914
AM,2024-09-05T00:00:00Z,3.195152290340439
AM,2024-09-06T00:00:00Z,3.499794929189054
AM,2024-09-07T00:00:00Z,3.8119441575145014
AM,2024-09-08T00:00:00Z,4.131202661416286
AM,2024-09-09T00:00:00Z,4.423475990882591
AM,2024-09-10T00:00:00Z,4.669724058432375
AM,2024-09-11T00:00:00Z,4.754320275477078
AM,2024-09-12T00:00:00Z,4.743274446252342
AM,2024-09-13T00:00:00Z,4.50209017405078
AM,2024-09-14T00:00:00Z,4.205332486729751
AM,2024-09-15T00:00:00Z,3.8539439127889175
AM,2024-09-16T00:00:00Z,3.3737352241024556
AM,2024-09-17T00:00:00Z,2.9664828800173284
AM,2024-09-18T00:00:00Z,2.7028623781678025
AM,2024-09-19T00:00:00Z,2.4475456761031356
AM,2024-09-20T00:00:00Z,2.1480147946300208
AM,2024-09-21T00:00:00Z,1.9814007665969027
AM,2024-09-22T00:00:00Z,2.155205605914461
AM,2024-09-23T00:00:00Z,2.366450441447188
AM,2024-09-24T00:00:00Z,2.539005468916245
AM,2024-09-25T00:00:00Z,2.69671021451226
AM,2024-09-26T00:00:00Z,2.924627159982214
AM,2024-09-27T00:00:00Z,2.932411544995981
AM,2024-09-28T00:00:00Z,2.6093162008379207
AM,2024-09-29T00:00:00Z,1.8100152793721813
AM,2024-09-30T00:00:00Z,1.3850103818459538
AM,2024-10-01T00:00:00Z,1.1860055361945423
AM,2024-10-02T00:00:00Z,0.9017042135848529
AM,2024-10-03T00:00:00Z,0.606220476007453
AM,2024-10-04T00:00:00Z,0.42567592965596046
AM,2024-10-05T00:00:00Z,0.3186180252598333
GB,2022-04-01T00:00:00Z,1.6636657460830617
GB,2022-04-02T00:00:00Z,1.8809167701222291
GB,2022-04-03T00:00:00Z,2.0063028145335866
GB,2022-04-04T00:00:00Z,2.0334298221870815
GB,2022-04-05T00:00:00Z,2.0521030190897642
GB,2022-04-06T00:00:00Z,2.1293431727658514
GB,2022-04-07T00:00:00Z,2.2634081631737626
GB,2022-04-08T00:00:00Z,2.4102193490365305
GB,2022-04-09T00:00:00Z,2.546233558137311
GB,2022-04-10T00:00:00Z,2.694817281956025
GB,2022-04-11T00:00:00Z,2.8756651309868246
GB,2022-04-12T00:00:00Z,3.0677439790241157
GB,2022-04-13T00:00:00Z,3.2474656986762613
GB,2022-04-14T00:00:00Z,3.4276484167669374
GB,2022-04-15T00:00:00Z,3.5867217778935063
GB,2022-04-16T00:00:00Z,3.7217339541508916
GB,2022-04-17T00:00:00Z,3.890878331065834
GB,2022-04-18T00:00:00Z,4.036493649306523
GB,2022-04-19T00:00:00Z,4.082765204884027
GB,2022-04-20T00:00:00Z,4.083883557883832
GB,2022-04-21T00:00:00Z,4.086427546887861
GB,2022-04-22T00:00:00Z,4.095820541452298
GB,2022-04-23T00:00:00Z,4.129777176180702
GB,2022-04-24T00:00:00Z,4.230109041115343
GB,2022-04-25T00:00:00Z,4.372214927440754
GB,2022-04-26T00:00:00Z,4.481348915654841
GB,2022-04-27T00:00:00Z,4.569424610742236
GB,2022-04-28T00:00:00Z,4.641255587642753
GB,2022-04-29T00:00:00Z,4.698290306709753
GB,2022-04-30T00:00:00Z,4.7798285630931145
GB,2022-05-01T00:00:00Z,4.874851666278727
GB,2022-05-02T00:00:00Z,4.921984403686953
GB,2022-05-03T00:00:00Z,4.920023792156497
GB,2022-05-04T00:00:00Z,4.77047656003983
GB,2022-05-05T00:00:00Z,4.539568373821434
GB,2022-05-06T00:00:00Z,4.360094640681256
GB,2022-05-07T00:00:00Z,4.201496593800912
GB,2022-05-08T00:00:00Z,4.170177362057237
GB,2022-05-09T00:00:00Z,4.223357651236289
GB,2022-05-10T00:00:00Z,4.307701088203607
GB,2022-05-11T00:00:00Z,4.472756211524257
GB,2022-05-12T00:00:00Z,4.684053519366106
GB,2022-05-13T00:00:00Z,4.884377868327779
GB,2022-05-14T00:00:00Z,5.074994257242305
GB,2022-05-15T00:00:00Z,5.260845750997438
GB,2022-05-16T00:00:00Z,5.352804862789738
GB,2022-05-17T00:00:00Z,5.408218557206597
GB,2022-05-18T00:00:00Z,5.480131987699036
GB,2022-05-19T00:00:00Z,5.553094924142274
GB,2022-05-20T00:00:00Z,5.665725387806683
GB,2022-05-21T00:00:00Z,5.750074567571239
GB,2022-05-22T00:00:00Z,5.749716131061728
GB,2022-05-23T00:00:00Z,5.66205662576853
GB,2022-05-24T00:00:00Z,5.540706646002262
GB,2022-05-25T00:00:00Z,5.676911325681009
GB,2022-05-26T00:00:00Z,5.7679409563201816
GB,2022-05-27T00:00:00Z,5.844382262826323
GB,2022-05-28T00:00:00Z,5.960421984315363
GB,2022-05-29T00:00:00Z,6.082013335860754
GB,2022-05-30T00:00:00Z,6.2051258810914325
GB,2022-05-31T00:00:00Z,6.23603239989141
GB,2022-06-29T00:00:00Z,7.535979763779888
GB,2022-06-30T00:00:00Z,7.523454753051716
GB,2022-07-01T00:00:00Z,7.43200294707183
GB,2022-07-02T00:00:00Z,7.386604084287252
GB,2022-07-03T00:00:00Z,7.374887265534808
GB,2022-07-04T00:00:00Z,7.323118898749149
GB,2022-07-05T00:00:00Z,7.239369780962843
GB,2022-07-06T00:00:00Z,7.086105563531442
GB,2022-07-07T00:00:00Z,6.805437836146526
GB,2022-07-08T00:00:00Z,6.587234258803461
GB,2022-07-09T00:00:00Z,6.694588228066114
GB,2022-07-10T00:00:00Z,6.749604898368131
GB,2022-07-11T00:00:00Z,6.748115391925928
GB,2022-07-12T00:00:00Z,6.645325448447976
GB,2022-07-13T00:00:00Z,6.427360965800524
GB,2022-07-14T00:00:00Z,6.262479132869477
GB,2022-07-15T00:00:00Z,6.1935325961347765
GB,2022-07-16T00:00:00Z,6.177581954581263
GB,2022-07-17T00:00:00Z,6.2047187429890025
GB,2022-07-18T00:00:00Z,6.252697343762067
GB,2022-07-19T00:00:00Z,6.292353609951578
GB,2022-07-20T00:00:00Z,6.293092884451168
GB,2022-07-21T00:00:00Z,6.2678114324313166
GB,2022-07-22T00:00:00Z,6.216364752888878
GB,2022-07-23T00:00:00Z,6.192449990655331
GB,2022-07-24T00:00:00Z,6.11459990144991
GB,2022-07-25T00:00:00Z,5.899777665588324
GB,2022-07-26T00:00:00Z,5.600492972630483
GB,2022-07-27T00:00:00Z,5.160797747949826
GB,2022-07-28T00:00:00Z,4.485873634710009
GB,2022-07-29T00:00:00Z,4.015515289894026
GB,2022-07-30T00:00:00Z,4.2785312213779445
GB,2022-07-31T00:00:00Z,4.532223801505037
GB,2022-08-01T00:00:00Z,4.730642096816807
GB,2022-08-02T00:00:00Z,4.949670436770472
GB,2022-08-03T00:00:00Z,5.180807946007194
GB,2022-08-04T00:00:00Z,5.3517982120228424
GB,2022-08-05T00:00:00Z,5.446994253937565
GB,2022-08-06T00:00:00Z,5.474957848670566
GB,2022-08-07T00:00:00Z,5.490155980702096
GB,2022-08-08T00:00:00Z,5.563759164474147
GB,2022-08-09T00:00:00Z,5.608033265981601
GB,2022-08-10T00:00:00Z,5.614472501844246
GB,2022-08-11T00:00:00Z,5.650750408301952
GB,2022-08-12T00:00:00Z,5.774346965492172
GB,2022-08-13T00:00:00Z,5.915131175555335
GB,2022-08-14T00:00:00Z,5.921262948620701
GB,2022-08-15T00:00:00Z,5.9053014646789395
GB,2022-08-16T00:00:00Z,6.001670691767667
GB,2022-08-17T00:00:00Z,6.0881528615071385
GB,2022-08-18T00:00:00Z,6.103092101015735
GB,2022-08-19T00:00:00Z,6.099875045682775
GB,2022-08-20T00:00:00Z,6.084871514582781
GB,2022-08-21T00:00:00Z,6.033244036689788
GB,2022-08-22T00:00:00Z,5.933167012198892
GB,2022-08-23T00:00:00Z,6.004128675284915
GB,2022-08-24T00:00:00Z,6.08410085979681
GB,2022-08-25T00:00:00Z,6.081504588912324
GB,2022-08-26T00:00:00Z,5.805692239787471
GB,2022-08-27T00:00:00Z,4.915363881194761
GB,2022-08-28T00:00:00Z,4.073841517594276
GB,2022-08-29T00:00:00Z,3.503166244775447
GB,2022-08-30T00:00:00Z,2.9311228118996833
GB,2022-08-31T00:00:00Z,2.358367896913972
GB,2022-09-01T00:00:00Z,1.957327567150234
GB,2022-09-02T00:00:00Z,1.7999648889791275
GB,2022-09-03T00:00:00Z,1.855023866005543
GB,2022-09-04T00:00:00Z,1.9199008259067651
GB,2022-09-05T00:00:00Z,1.9441812633239715
GB,2022-09-06T00:00:00Z,1.944323609060595
GB,2022-09-07T00:00:00Z,1.9274866379206816
GB,2022-09-08T00:00:00Z,1.9442952261140325
GB,2022-09-09T00:00:00Z,2.032499004034379
GB,2022-09-10T00:00:00Z,2.0602750361149917
GB,2022-09-11T00:00:00Z,2.0493014239322274
GB,2022-09-12T00:00:00Z,1.8500961673139733
GB,2022-09-13T00:00:00Z,1.488556250461481
GB,2022-09-14T00:00:00Z,1.2205481688568827
GB,2022-09-15T00:00:00Z,1.2763951484719667
GB,2022-09-16T00:00:00Z,1.4543163273419897
GB,2022-09-17T00:00:00Z,1.6190929461297339
GB,2022-09-18T00:00:00Z,1.7405691806670318
GB,2022-09-19T00:00:00Z,1.8221643021627367
GB,2022-09-20T00:00:00Z,1.8926203823051886
GB,2022-09-21T00:00:00Z,1.970483286993208
GB,2022-09-22T00:00:00Z,2.085006006580504
GB,2022-09-23T00:00:00Z,2.2391850321607256
GB,2022-09-24T00:00:00Z,2.387430189553568
GB,2022-09-25T00:00:00Z,2.53161471692437
GB,2022-09-26T00:00:00Z,2.6981154489652126
GB,2022-09-27T00:00:00Z,2.866915210735158
GB,2022-09-28T00:00:00Z,3.0139708826745495
GB,2022-09-29T00:00:00Z,3.1618905418635506
GB,2022-09-30T00:00:00Z,3.3239287128116026
GB,2022-10-01T00:00:00Z,3.4858997949168034
GB,2022-10-02T00:00:00Z,3.6333240744981397
GB,2022-10-03T00:00:00Z,3.752037394709083
GB,2022-10-04T00:00:00Z,3.8530864898706407
GB,2022-10-05T00:00:00Z,3.966432797112467
GB,2022-10-06T00:00:00Z,4.09425876427509
GB,2022-10-07T00:00:00Z,4.249188820682552
GB,2022-10-08T00:00:00Z,4.493448337160639
GB,2022-10-09T00:00:00Z,4.544490544241214
GB,2022-10-10T00:00:00Z,4.352786528860692
GB,2022-10-11T00:00:00Z,3.8112636804617037
GB,2022-10-12T00:00:00Z,3.839236726210922
GB,2022-10-13T00:00:00Z,3.8674222989348555
GB,2022-10-14T00:00:00Z,4.0009378004523155
GB,2022-10-15T00:00:00Z,4.139858185281854
GB,2022-10-16T00:00:00Z,4.214031537457474
GB,2022-10-17T00:00:00Z,4.263326250340608
GB,2022-10-18T00:00:00Z,4.281332965318011
GB,2022-10-19T00:00:00Z,4.439082704855094
GB,2022-10-20T00:00:00Z,4.477025299183108
GB,2022-10-21T00:00:00Z,4.578563870994668
GB,2022-10-22T00:00:00Z,4.6672130800786915
GB,2022-10-23T00:00:00Z,4.797306607519222
GB,2022-10-24T00:00:00Z,4.849492917494095
GB,2022-10-25T00:00:00Z,4.872630339540252
GB,2022-10-26T00:00:00Z,4.922641554041361
GB,2022-10-27T00:00:00Z,5.04231460824541
GB,2022-10-28T00:00:00Z,5.122762685282591
GB,2022-10-29T00:00:00Z,5.151340503905726
GB,2022-10-30T00:00:00Z,5.171691049629381
GB,2022-10-31T00:00:00Z,5.2050088664219905
GB,2022-11-01T00:00:00Z,5.272637204247344
GB,2022-11-02T00:00:00Z,5.375480672398247
GB,2022-11-03T00:00:00Z,5.391246148670179
GB,2022-11-04T00:00:00Z,5.442110119140127
GB,2022-11-05T00:00:00Z,5.498325568271987
GB,2022-11-06T00:00:00Z,5.551051345842365
GB,2022-11-07T00:00:00Z,5.601577226774224
GB,2022-11-08T00:00:00Z,5.6763403935582115
GB,2022-11-09T00:00:00Z,5.66048255984524
GB,2022-11-10T00:00:00Z,5.472033790157592
GB,2022-11-11T00:00:00Z,5.5220432121237755
GB,2022-11-12T00:00:00Z,5.525775284032904
GB,2022-11-13T00:00:00Z,5.370435246651841
GB,2022-11-14T00:00:00Z,5.227160889112645
GB,2022-11-15T00:00:00Z,5.159892487085546
GB,2022-11-16T00:00:00Z,5.094118324701409
GB,2022-11-17T00:00:00Z,5.0592056731930555
GB,2022-11-18T00:00:00Z,5.077190582190882
GB,2022-11-19T00:00:00Z,5.1172413849624565
GB,2022-11-20T00:00:00Z,5.190023809765905
GB,2022-11-21T00:00:00Z,5.279841117223319
GB,2022-11-22T00:00:00Z,5.298472358744121
GB,2022-11-23T00:00:00Z,5.325140010441007
GB,2022-11-24T00:00:00Z,5.389628896620421
GB,2022-11-25T00:00:00Z,5.484944750928558
GB,2022-11-26T00:00:00Z,5.5134378242463455
GB,2022-11-27T00:00:00Z,5.499786989764219
GB,2022-11-28T00:00:00Z,5.624682380409788
GB,2022-11-29T00:00:00Z,5.643480725160575
GB,2022-11-30T00:00:00Z,5.6365937654910265
GB,2022-12-01T00:00:00Z,5.695546957720162
GB,2022-12-02T00:00:00Z,5.724917201478241
GB,2022-12-03T00:00:00Z,5.722984420210498
GB,2022-12-04T00:00:00Z,5.688647937158931
GB,2022-12-05T00:00:00Z,5.761800892178485
GB,2022-12-06T00:00:00Z,5.8115160344320484
GB,2022-12-07T00:00:00Z,5.830454942203713
GB,2022-12-08T00:00:00Z,5.835339507985102
GB,2022-12-09T00:00:00Z,5.888065711472062
GB,2022-12-10T00:00:00Z,5.9298059144699335
GB,2022-12-11T00:00:00Z,5.929598747562216
GB,2022-12-12T00:00:00Z,5.981203613965563
GB,2022-12-13T00:00:00Z,6.02459106523793
GB,2022-12-14T00:00:00Z,6.030157085948253
GB,2022-12-15T00:00:00Z,6.0274209574027156
GB,2022-12-16T00:00:00Z,6.100779710170576
GB,2022-12-17T00:00:00Z,6.128597594425893
GB,2022-12-18T00:00:00Z,6.130519704387721
GB,2022-12-19T00:00:00Z,6.153786843413427
GB,2022-12-20T00:00:00Z,6.167915882538032
GB,2022-12-21T00:00:00Z,6.170004170939938
GB,2022-12-22T00:00:00Z,6.168010732034555
GB,2022-12-23T00:00:00Z,6.2055831638353585
GB,2022-12-24T00:00:00Z,6.237132414924155
GB,2022-12-25T00:00:00Z,6.2448855742491025
GB,2022-12-26T00:00:00Z,6.283066177421384
GB,2022-12-27T00:00:00Z,6.36140192539919
GB,2022-12-28T00:00:00Z,6.431847501507973
GB,2022-12-29T00:00:00Z,6.4460459315009855
GB,2022-12-30T00:00:00Z,6.468059782050486
GB,2022-12-31T00:00:00Z,6.497178434231866
GB,2023-01-01T00:00:00Z,6.534628015611609
GB,2023-01-02T00:00:00Z,6.57918124903396
GB,2023-01-03T00:00:00Z,6.58082064568781
GB,2023-01-04T00:00:00Z,6.5410063573533606
GB,2023-01-05T00:00:00Z,6.440167353578952
GB,2023-01-06T00:00:00Z,6.43589638489965
GB,2023-01-07T00:00:00Z,6.430129477785372
GB,2023-01-08T00:00:00Z,6.396742646419649
GB,2023-01-09T00:00:00Z,6.343813555730927
GB,2023-01-10T00:00:00Z,6.400384501792025
GB,2023-01-11T00:00:00Z,6.466671499195196
GB,2023-01-12T00:00:00Z,6.46077198098162
GB,2023-01-13T00:00:00Z,6.349488027827285
GB,2023-01-14T00:00:00Z,6.442929954172545
GB,2023-01-15T00:00:00Z,6.444460250800475
GB,2023-01-16T00:00:00Z,6.422226354225716
GB,2023-01-17T00:00:00Z,6.50899140508848
GB,2023-01-18T00:00:00Z,6.63825647319823
GB,2023-01-19T00:00:00Z,6.649699022364922
GB,2023-01-20T00:00:00Z,6.641241464031568
GB,2023-01-21T00:00:00Z,6.646707205525356
GB,2023-01-22T00:00:00Z,6.618467363040201
GB,2023-01-23T00:00:00Z,6.708110548627854
GB,2023-01-24T00:00:00Z,6.724582525136785
GB,2023-01-25T00:00:00Z,6.6367791837788195
GB,2023-01-26T00:00:00Z,6.640941605667014
GB,2023-01-27T00:00:00Z,6.688313227181757
GB,2023-01-28T00:00:00Z,6.687987289669921
GB,2023-01-29T00:00:00Z,6.67883286358993
GB,2023-01-30T00:00:00Z,6.656857122933952
GB,2023-01-31T00:00:00Z,6.7054178407108775
GB,2023-02-01T00:00:00Z,6.7760930800036
GB,2023-02-02T00:00:00Z,6.778570863685923
GB,2023-02-03T00:00:00Z,6.744835639534517
GB,2023-02-04T00:00:00Z,6.76692017637195
GB,2023-02-05T00:00:00Z,6.73684942358645
GB,2023-02-06T00:00:00Z,6.676300968514648
GB,2023-02-07T00:00:00Z,7.115388846168356
GB,2023-02-08T00:00:00Z,7.985815656164576
GB,2023-02-09T00:00:00Z,8.162919342144273
GB,2023-02-10T00:00:00Z,8.099076902847838
GB,2023-02-11T00:00:00Z,8.143390576736653
GB,2023-02-12T00:00:00Z,8.086169164682248
GB,2023-02-13T00:00:00Z,7.678149454679956
GB,2023-02-14T00:00:00Z,7.5319989730644075
GB,2023-02-15T00:00:00Z,7.413524564894047
GB,2023-02-16T00:00:00Z,7.403897919855531
GB,2023-02-17T00:00:00Z,7.18617967367762
GB,2023-02-18T00:00:00Z,6.88464370305938
GB,2023-02-19T00:00:00Z,6.870338011360013
GB,2023-02-20T00:00:00Z,6.808424766683052
GB,2023-02-21T00:00:00Z,6.923678936050559
GB,2023-02-22T00:00:00Z,7.042731114388968
GB,2023-02-23T00:00:00Z,7.082395394396648
GB,2023-02-24T00:00:00Z,7.095108465185607
GB,2023-02-25T00:00:00Z,7.093902815096591
GB,2023-02-26T00:00:00Z,NA
GB,2023-02-27T00:00:00Z,NA
GB,2023-02-28T00:00:00Z,NA
GB,2023-03-01T00:00:00Z,NA
GB,2023-03-02T00:00:00Z,7.267691925077414
GB,2023-03-03T00:00:00Z,7.364071420993628
GB,2023-03-04T00:00:00Z,7.418337461674555
GB,2023-03-05T00:00:00Z,7.455119845822906
GB,2023-03-06T00:00:00Z,7.4513849628986915
GB,2023-03-07T00:00:00Z,7.502772863158934
GB,2023-03-08T00:00:00Z,7.584858428664289
GB,2023-03-09T00:00:00Z,7.585935762626865
GB,2023-03-10T00:00:00Z,7.504623116720619
GB,2023-03-11T00:00:00Z,7.560833792232294
GB,2023-03-12T00:00:00Z,7.567789877147525
GB,2023-03-13T00:00:00Z,7.461924302296763
GB,2023-03-14T00:00:00Z,7.31701992342515
GB,2023-03-15T00:00:00Z,7.05438431907375
GB,2023-03-16T00:00:00Z,6.596066597323076
GB,2023-03-17T00:00:00Z,6.190917509345022
GB,2023-03-18T00:00:00Z,5.8709566778113595
GB,2023-03-19T00:00:00Z,5.797346090947959
GB,2023-03-20T00:00:00Z,5.807204275709663
GB,2023-03-21T00:00:00Z,5.832634849201305
GB,2023-03-22T00:00:00Z,5.981807684182078
GB,2023-03-23T00:00:00Z,6.411288709461342
GB,2023-03-24T00:00:00Z,6.675940316964373
GB,2023-03-25T00:00:00Z,6.939221390996571
GB,2023-03-26T00:00:00Z,7.208935382662715
GB,2023-03-27T00:00:00Z,7.344397365491918
GB,2023-03-28T00:00:00Z,7.436937566045159
GB,2023-03-29T00:00:00Z,7.73756017617948
GB,2023-03-30T00:00:00Z,7.94856533227812
GB,2023-03-31T00:00:00Z,7.99237069502044
GB,2023-04-01T00:00:00Z,7.9871130423986925
GB,2023-04-02T00:00:00Z,8.043253455379395
GB,2023-04-03T00:00:00Z,8.23403834866086
GB,2023-04-04T00:00:00Z,8.423573824724366
GB,2023-04-05T00:00:00Z,8.567512655105686
GB,2023-04-06T00:00:00Z,8.667873102925823
GB,2023-04-07T00:00:00Z,8.702107592826799
GB,2023-04-08T00:00:00Z,8.693822033177442
GB,2023-04-09T00:00:00Z,8.623275823922363
GB,2023-04-10T00:00:00Z,8.786251164549908
GB,2023-04-11T00:00:00Z,8.81678986194533
GB,2023-04-12T00:00:00Z,8.819870167914214
GB,2023-04-13T00:00:00Z,8.834307011242839
GB,2023-04-14T00:00:00Z,8.895824998479702
GB,2023-04-15T00:00:00Z,8.977175876281096
GB,2023-04-16T00:00:00Z,8.994451130021774
GB,2023-04-17T00:00:00Z,9.102952771776481
GB,2023-04-18T00:00:00Z,9.362816444826484
GB,2023-04-19T00:00:00Z,9.490536627703358
GB,2023-04-20T00:00:00Z,9.551221906824798
GB,2023-04-21T00:00:00Z,9.545896136459907
GB,2023-04-22T00:00:00Z,9.507165518617875
GB,2023-04-23T00:00:00Z,9.741444778191951
GB,2023-04-24T00:00:00Z,9.868391823399472
GB,2023-04-25T00:00:00Z,9.96774999510744
GB,2023-04-26T00:00:00Z,10.042412857768484
GB,2023-04-27T00:00:00Z,10.043016826706959
GB,2023-04-28T00:00:00Z,10.083239497967233
GB,2023-04-29T00:00:00Z,10.10136276537521
GB,2023-04-30T00:00:00Z,9.954306733464346
GB,2023-05-01T00:00:00Z,10.162273477620454
GB,2023-05-02T00:00:00Z,10.237280676667153
GB,2023-05-03T00:00:00Z,10.233256478594653
GB,2023-05-04T00:00:00Z,10.439948970764409
GB,2023-05-05T00:00:00Z,10.67905204662443
GB,2023-05-06T00:00:00Z,10.770949323251582
GB,2023-05-07T00:00:00Z,10.822799558216888
GB,2023-05-08T00:00:00Z,10.847942152661073
GB,2023-05-09T00:00:00Z,10.877057963812739
GB,2023-05-10T00:00:00Z,10.898495985849271
GB,2023-05-11T00:00:00Z,10.8703496474259
GB,2023-05-12T00:00:00Z,10.846983022250647
GB,2023-05-13T00:00:00Z,10.81306090167189
GB,2023-05-14T00:00:00Z,10.967210546826623
GB,2023-05-15T00:00:00Z,10.983222430890352
GB,2023-05-16T00:00:00Z,10.964573052571492
GB,2023-05-17T00:00:00Z,11.007017123694807
GB,2023-05-18T00:00:00Z,11.102425869143529
GB,2023-05-19T00:00:00Z,10.892724183843077
GB,2023-05-20T00:00:00Z,9.40593491912481
GB,2023-05-21T00:00:00Z,10.874512546738115
GB,2023-05-22T00:00:00Z,11.102425869143552
GB,2023-05-23T00:00:00Z,11.102425869143552
GB,2023-05-24T00:00:00Z,11.102425869143552
GB,2023-05-25T00:00:00Z,11.102425869143552
GB,2023-05-26T00:00:00Z,10.964356400759971
GB,2023-05-27T00:00:00Z,10.557509931821897
GB,2023-05-28T00:00:00Z,10.25516109867725
GB,2023-05-29T00:00:00Z,10.100583944079798
GB,2023-05-30T00:00:00Z,9.979034640941675
GB,2023-05-31T00:00:00Z,9.89879531816285
GB,2023-06-01T00:00:00Z,9.999379819426103
GB,2023-06-02T00:00:00Z,10.110956677374151
GB,2023-06-03T00:00:00Z,10.143453443677318
GB,2023-06-04T00:00:00Z,10.21236185668392
GB,2023-06-05T00:00:00Z,10.507595451696355
GB,2023-06-06T00:00:00Z,10.722812060593467
GB,2023-06-07T00:00:00Z,10.788860498216051
GB,2023-06-08T00:00:00Z,11.023762335362244
GB,2023-06-09T00:00:00Z,11.102425869143552
GB,2023-06-10T00:00:00Z,11.102425869143552
GB,2023-06-11T00:00:00Z,11.102425869143552
GB,2023-06-12T00:00:00Z,11.102425869143552
GB,2023-06-13T00:00:00Z,11.102425869143552
GB,2023-06-14T00:00:00Z,11.102425869143552
GB,2023-06-15T00:00:00Z,11.102425869143552
GB,2023-06-16T00:00:00Z,11.102425869143552
GB,2023-06-17T00:00:00Z,11.102425869143552
GB,2023-06-18T00:00:00Z,11.102425869143552
GB,2023-06-19T00:00:00Z,11.102425869143552
GB,2023-06-20T00:00:00Z,11.102425869143552
GB,2023-06-21T00:00:00Z,10.611210094702553
GB,2023-06-22T00:00:00Z,9.955100457863042
GB,2023-06-23T00:00:00Z,9.475692457684538
GB,2023-06-24T00:00:00Z,8.956359653618076
GB,2023-06-25T00:00:00Z,8.006242913712514
GB,2023-06-26T00:00:00Z,6.941421554770983
GB,2023-06-27T00:00:00Z,5.899558557892724
GB,2023-06-28T00:00:00Z,4.888498156446638
GB,2023-06-29T00:00:00Z,4.36889784093001
GB,2023-06-30T00:00:00Z,4.270408530720189
GB,2023-07-01T00:00:00Z,4.320168714898131
GB,2023-07-02T00:00:00Z,4.453658873668604
GB,2023-07-03T00:00:00Z,4.6290547953826895
GB,2023-07-04T00:00:00Z,4.893337448040597
GB,2023-07-05T00:00:00Z,5.176185426985584
GB,2023-07-06T00:00:00Z,5.372941014953101
GB,2023-07-07T00:00:00Z,5.547747717079319
GB,2023-07-08T00:00:00Z,5.811607171333271
GB,2023-07-09T00:00:00Z,5.892501728446133
GB,2023-07-10T00:00:00Z,5.839026840281406
GB,2023-07-11T00:00:00Z,5.571418064674173
GB,2023-07-12T00:00:00Z,5.4309737344153906
GB,2023-07-13T00:00:00Z,5.256588128325984
GB,2023-07-14T00:00:00Z,4.950941559365886
GB,2023-07-15T00:00:00Z,4.821607470292969
GB,2023-07-16T00:00:00Z,4.7365215980048845
GB,2023-07-17T00:00:00Z,4.625323006491731
GB,2023-07-18T00:00:00Z,4.631885914459618
GB,2023-07-19T00:00:00Z,4.662444829909399
GB,2023-07-20T00:00:00Z,4.662718724770993
GB,2023-07-21T00:00:00Z,4.6370875781532055
GB,2023-07-22T00:00:00Z,4.5707594896376795
GB,2023-07-23T00:00:00Z,4.695721451127859
GB,2023-07-24T00:00:00Z,4.9176996343128785
GB,2023-07-25T00:00:00Z,5.0973368198711135
GB,2023-07-26T00:00:00Z,5.240053631444276
GB,2023-07-27T00:00:00Z,5.277421956605651
GB,2023-07-28T00:00:00Z,5.254547291436643
GB,2023-07-29T00:00:00Z,5.060652919348026
GB,2023-07-30T00:00:00Z,4.895587891104492
GB,2023-07-31T00:00:00Z,4.847393597763352
GB,2023-08-01T00:00:00Z,4.847758508526625
GB,2023-08-02T00:00:00Z,4.804977636787363
GB,2023-08-03T00:00:00Z,4.709254385486002
GB,2023-08-04T00:00:00Z,3.7438186876192883
GB,2023-08-05T00:00:00Z,2.309554371161861
GB,2023-08-06T00:00:00Z,1.706038143751609
GB,2023-08-07T00:00:00Z,1.7259594012299548
GB,2023-08-08T00:00:00Z,1.8586070336216045
GB,2023-08-09T00:00:00Z,1.9877657621785996
GB,2023-08-10T00:00:00Z,2.1239475805192596
GB,2023-08-11T00:00:00Z,2.275121909653818
GB,2023-08-12T00:00:00Z,2.4476369404928824
GB,2023-08-13T00:00:00Z,2.6349807047988567
GB,2023-08-14T00:00:00Z,2.8087114676543665
GB,2023-08-15T00:00:00Z,2.9217386925616924
GB,2023-08-16T00:00:00Z,2.9516459050241832
GB,2023-08-17T00:00:00Z,3.0015927252018377
GB,2023-08-18T00:00:00Z,3.0579133260266023
GB,2023-08-19T00:00:00Z,3.100693889967114
GB,2023-08-20T00:00:00Z,3.1241580485186997
GB,2023-08-21T00:00:00Z,3.1345194162705745
GB,2023-08-22T00:00:00Z,3.1479931501017244
GB,2023-08-23T00:00:00Z,3.2193461716646157
GB,2023-08-24T00:00:00Z,3.3470360297322115
GB,2023-08-25T00:00:00Z,3.48723747576599
GB,2023-08-26T00:00:00Z,3.629545678915802
GB,2023-08-27T00:00:00Z,3.7858830273708186
GB,2023-08-28T00:00:00Z,3.9723104223256445
GB,2023-08-29T00:00:00Z,4.066968035058002
GB,2023-08-30T00:00:00Z,4.099576705520065
GB,2023-08-31T00:00:00Z,4.249630058538191
GB,2023-09-01T00:00:00Z,4.358832948087027
GB,2023-09-02T00:00:00Z,4.36805220508906
GB,2023-09-03T00:00:00Z,4.348539679413095
GB,2023-09-04T00:00:00Z,4.22073237373044
GB,2023-09-05T00:00:00Z,4.132078134396389
GB,2023-09-06T00:00:00Z,4.102743219830103
GB,2023-09-07T00:00:00Z,4.095439733390067
GB,2023-09-08T00:00:00Z,4.193359158111937
GB,2023-09-09T00:00:00Z,4.320703385463027
GB,2023-09-10T00:00:00Z,4.468501185392097
GB,2023-09-11T00:00:00Z,4.588768957843655
GB,2023-09-12T00:00:00Z,4.613034235279302
GB,2023-09-13T00:00:00Z,4.6120798053674985
GB,2023-09-14T00:00:00Z,4.632347806933069
GB,2023-09-15T00:00:00Z,4.772221141611318
GB,2023-09-16T00:00:00Z,4.9388900961940845
GB,2023-09-17T00:00:00Z,5.047104857231127
GB,2023-09-18T00:00:00Z,5.172155977007688
GB,2023-09-19T00:00:00Z,5.256981238840643
GB,2023-09-20T00:00:00Z,5.2695283697847835
GB,2023-09-21T00:00:00Z,5.299229060155405
GB,2023-09-22T00:00:00Z,5.352327557109011
GB,2023-09-23T00:00:00Z,5.455476050728724
GB,2023-09-24T00:00:00Z,5.609229021702801
GB,2023-09-25T00:00:00Z,5.765660644598483
GB,2023-09-26T00:00:00Z,5.883041026408857
GB,2023-09-27T00:00:00Z,5.975601707778954
GB,2023-09-28T00:00:00Z,6.03497995091677
GB,2023-09-29T00:00:00Z,6.050143927535865
GB,2023-09-30T00:00:00Z,6.068825357470012
GB,2023-10-01T00:00:00Z,6.1381925863726625
GB,2023-10-02T00:00:00Z,6.238003894450832
GB,2023-10-03T00:00:00Z,6.4141960113383085
GB,2023-10-04T00:00:00Z,6.627772125258226
GB,2023-10-05T00:00:00Z,6.725239257284424
GB,2023-10-06T00:00:00Z,6.799633893557735
GB,2023-10-07T00:00:00Z,6.860968823457751
GB,2023-10-08T00:00:00Z,6.973398242404302
GB,2023-10-09T00:00:00Z,7.121964558974095
GB,2023-10-10T00:00:00Z,7.239613012204753
GB,2023-10-11T00:00:00Z,7.212767388506753
GB,2023-10-12T00:00:00Z,6.96937472342686
GB,2023-10-13T00:00:00Z,6.992569971959195
GB,2023-10-14T00:00:00Z,6.995388514268275
GB,2023-10-15T00:00:00Z,6.843110932562072
GB,2023-10-16T00:00:00Z,6.5663357292243
GB,2023-10-17T00:00:00Z,6.359376485617112
GB,2023-10-18T00:00:00Z,6.237757508530494
GB,2023-10-19T00:00:00Z,6.110264375334546
GB,2023-10-20T00:00:00Z,5.977105457228976
GB,2023-10-21T00:00:00Z,6.053933209189128
GB,2023-10-22T00:00:00Z,6.241502333478276
GB,2023-10-23T00:00:00Z,6.449201031384729
GB,2023-10-24T00:00:00Z,6.638461527602284
GB,2023-10-25T00:00:00Z,6.7697741747990525
GB,2023-10-26T00:00:00Z,6.907066580563663
GB,2023-10-27T00:00:00Z,7.049261208973073
GB,2023-10-28T00:00:00Z,7.18025608768881
GB,2023-10-29T00:00:00Z,7.2701900158454515
GB,2023-10-30T00:00:00Z,7.336425152594452
GB,2023-10-31T00:00:00Z,7.380374503139831
GB,2023-11-01T00:00:00Z,7.523649844853924
GB,2023-11-02T00:00:00Z,7.698894177381075
GB,2023-11-03T00:00:00Z,7.787268864280031
GB,2023-11-04T00:00:00Z,7.8275646509325805
GB,2023-11-05T00:00:00Z,7.885018033971031
GB,2023-11-06T00:00:00Z,7.986724310553276
GB,2023-11-07T00:00:00Z,8.069643187807118
GB,2023-11-08T00:00:00Z,8.166182553043846
GB,2023-11-09T00:00:00Z,8.26103108460484
GB,2023-11-10T00:00:00Z,8.334023897232761
GB,2023-11-11T00:00:00Z,8.36088519358471
GB,2023-11-12T00:00:00Z,8.357630157576105
GB,2023-11-13T00:00:00Z,8.369562030437645
GB,2023-11-14T00:00:00Z,8.35858594701935
GB,2023-11-15T00:00:00Z,8.342970031818277
GB,2023-11-16T00:00:00Z,8.34297494995274
GB,2023-11-17T00:00:00Z,8.299969749121697
GB,2023-11-18T00:00:00Z,8.396531766567767
GB,2023-11-19T00:00:00Z,8.51537540261539
GB,2023-11-20T00:00:00Z,8.58338437600733
GB,2023-11-21T00:00:00Z,8.5832994474946
GB,2023-11-22T00:00:00Z,8.49146155701895
GB,2023-11-23T00:00:00Z,8.476824529039584
GB,2023-11-24T00:00:00Z,8.544885011721858
GB,2023-11-25T00:00:00Z,8.544546809871662
GB,2023-11-26T00:00:00Z,8.397908959747543
GB,2023-11-27T00:00:00Z,8.285302060984217
GB,2023-11-28T00:00:00Z,8.316399539878429
GB,2023-11-29T00:00:00Z,8.295434547320694
GB,2023-11-30T00:00:00Z,8.42223019727363
GB,2023-12-01T00:00:00Z,8.46899497912579
GB,2023-12-02T00:00:00Z,8.478280525605049
GB,2023-12-03T00:00:00Z,8.544167532934615
GB,2023-12-04T00:00:00Z,8.60784231132763
GB,2023-12-05T00:00:00Z,8.607759869205992
GB,2023-12-06T00:00:00Z,8.549512109733271
GB,2023-12-07T00:00:00Z,8.397107530142652
GB,2023-12-08T00:00:00Z,8.188500123468168
GB,2023-12-09T00:00:00Z,7.979041912353282
GB,2023-12-10T00:00:00Z,7.8419793966551445
GB,2023-12-11T00:00:00Z,7.966823262540463
GB,2023-12-12T00:00:00Z,7.964533010475139
GB,2023-12-13T00:00:00Z,7.763707787847473
GB,2023-12-14T00:00:00Z,7.503496180028187
GB,2023-12-15T00:00:00Z,7.508574470622842
GB,2023-12-16T00:00:00Z,7.245770146717333
GB,2023-12-17T00:00:00Z,6.1391261448563865
GB,2023-12-18T00:00:00Z,5.212846577525399
GB,2023-12-19T00:00:00Z,3.3328883802522133
GB,2023-12-20T00:00:00Z,1.7165508311152906
GB,2023-12-21T00:00:00Z,1.1593660340344167
GB,2023-12-22T00:00:00Z,0.9423466048141712
GB,2023-12-23T00:00:00Z,0.8383816485459217
GB,2023-12-24T00:00:00Z,0.9064445937937756
GB,2023-12-25T00:00:00Z,1.0309988982794398
GB,2023-12-26T00:00:00Z,1.1730069345958107
GB,2023-12-27T00:00:00Z,1.3095130236629249
GB,2023-12-28T00:00:00Z,1.4359103413429521
GB,2023-12-29T00:00:00Z,1.5618293080195191
GB,2023-12-30T00:00:00Z,1.6840801296773762
GB,2023-12-31T00:00:00Z,1.800404405826234
GB,2024-01-01T00:00:00Z,1.9167899228097547
GB,2024-01-02T00:00:00Z,2.0271449525773204
GB,2024-01-03T00:00:00Z,2.1326780825695093
GB,2024-01-04T00:00:00Z,2.2749738751939588
GB,2024-01-05T00:00:00Z,2.3761268477382296
GB,2024-01-06T00:00:00Z,2.4645137513332163
GB,2024-01-07T00:00:00Z,2.6005518852530227
GB,2024-01-08T00:00:00Z,2.6460550963804392
GB,2024-01-09T00:00:00Z,2.6325358032030692
GB,2024-01-10T00:00:00Z,2.6025604626104175
GB,2024-01-11T00:00:00Z,2.5970094704681395
GB,2024-01-12T00:00:00Z,2.4813933114404603
GB,2024-01-13T00:00:00Z,2.311996985509932
GB,2024-01-14T00:00:00Z,2.193514566205775
GB,2024-01-15T00:00:00Z,2.0907748847824568
GB,2024-01-16T00:00:00Z,2.004247940818279
GB,2024-01-17T00:00:00Z,2.0460761747310565
GB,2024-01-18T00:00:00Z,2.061246159815491
GB,2024-01-19T00:00:00Z,2.112101293587297
GB,2024-01-20T00:00:00Z,2.208909555879627
GB,2024-01-21T00:00:00Z,2.2944370582184392
GB,2024-01-22T00:00:00Z,2.3578760778214525
GB,2024-01-23T00:00:00Z,2.4358674672868723
GB,2024-01-24T00:00:00Z,2.528564102884823
GB,2024-01-25T00:00:00Z,2.585916685792788
GB,2024-01-26T00:00:00Z,2.622964705875779
GB,2024-01-27T00:00:00Z,2.6275329034801786
GB,2024-01-28T00:00:00Z,2.597233171051405
GB,2024-01-29T00:00:00Z,2.536051180517076
GB,2024-01-30T00:00:00Z,2.5196761639708236
GB,2024-01-31T00:00:00Z,2.4999728490244792
GB,2024-02-01T00:00:00Z,2.5261977212569695
GB,2024-02-02T00:00:00Z,2.5834509593220396
GB,2024-02-03T00:00:00Z,2.687907487746324
GB,2024-02-04T00:00:00Z,2.7784112679518924
GB,2024-02-05T00:00:00Z,2.897660772914466
GB,2024-02-06T00:00:00Z,3.059267818514599
GB,2024-02-07T00:00:00Z,3.176285326528621
GB,2024-02-08T00:00:00Z,3.219112286344504
GB,2024-02-09T00:00:00Z,3.2652030755501324
GB,2024-02-10T00:00:00Z,3.348441581211166
GB,2024-02-11T00:00:00Z,3.4493066159265835
GB,2024-02-12T00:00:00Z,3.562946517647003
GB,2024-02-13T00:00:00Z,3.7221214264929214
GB,2024-02-14T00:00:00Z,3.859234841554987
GB,2024-02-15T00:00:00Z,3.9172321226252524
GB,2024-02-16T00:00:00Z,3.9651883713352527
GB,2024-02-17T00:00:00Z,3.9911917873990586
GB,2024-02-18T00:00:00Z,4.015242992434139
GB,2024-02-19T00:00:00Z,4.020844676081076
GB,2024-02-20T00:00:00Z,3.9817476704158117
GB,2024-02-21T00:00:00Z,3.8526327064783725
GB,2024-02-22T00:00:00Z,3.675754286205549
GB,2024-02-23T00:00:00Z,3.477196287195893
GB,2024-02-24T00:00:00Z,3.371943892467066
GB,2024-02-25T00:00:00Z,3.4022849300736615
GB,2024-02-26T00:00:00Z,3.42124966657128
GB,2024-02-27T00:00:00Z,3.4804099944081672
GB,2024-02-28T00:00:00Z,3.599923350897686
GB,2024-02-29T00:00:00Z,3.7422819397897356
GB,2024-03-01T00:00:00Z,3.836476581443848
GB,2024-03-02T00:00:00Z,3.922131806096805
GB,2024-03-03T00:00:00Z,4.039707485060391
GB,2024-03-04T00:00:00Z,4.133319574517941
GB,2024-03-05T00:00:00Z,4.132664941009846
GB,2024-03-06T00:00:00Z,4.036724410445912
GB,2024-03-07T00:00:00Z,3.9119618225598733
GB,2024-03-08T00:00:00Z,3.8354845823720387
GB,2024-03-09T00:00:00Z,3.772365729907675
GB,2024-03-10T00:00:00Z,3.6827425867704746
GB,2024-03-11T00:00:00Z,3.6879559637745873
GB,2024-03-12T00:00:00Z,3.6595427754257925
GB,2024-03-13T00:00:00Z,3.460227516132274
GB,2024-03-14T00:00:00Z,3.22488796013439
GB,2024-03-15T00:00:00Z,3.0791270851882007
GB,2024-03-16T00:00:00Z,3.022585517929933
GB,2024-03-17T00:00:00Z,3.066474264205938
GB,2024-03-18T00:00:00Z,3.181011206325928
GB,2024-03-19T00:00:00Z,3.3608916445132584
GB,2024-03-20T00:00:00Z,3.5151659872394676
GB,2024-03-21T00:00:00Z,3.6596759825288006
GB,2024-03-22T00:00:00Z,3.7348859137026467
GB,2024-03-23T00:00:00Z,3.822944917473766
GB,2024-03-24T00:00:00Z,3.9843754460098713
GB,2024-03-25T00:00:00Z,4.025900964571897
GB,2024-03-26T00:00:00Z,4.020387180419112
GB,2024-03-27T00:00:00Z,3.942000510188512
GB,2024-03-28T00:00:00Z,3.8411790074612413
GB,2024-03-29T00:00:00Z,3.88010291156816
GB,2024-03-30T00:00:00Z,3.8780432920115815
GB,2024-03-31T00:00:00Z,3.8326039956963376
GB,2024-04-01T00:00:00Z,3.8590695965426733
GB,2024-04-02T00:00:00Z,3.8672521371470725
GB,2024-04-03T00:00:00Z,3.827455294007449
GB,2024-04-04T00:00:00Z,3.729086784365414
GB,2024-04-05T00:00:00Z,3.649944430248951
GB,2024-04-06T00:00:00Z,3.4011121121814325
GB,2024-04-07T00:00:00Z,3.139502500840174
GB,2024-04-08T00:00:00Z,3.0099895095412426
GB,2024-04-09T00:00:00Z,2.974264833166622
GB,2024-04-10T00:00:00Z,2.989409665633524
GB,2024-04-11T00:00:00Z,3.0605123645813594
GB,2024-04-12T00:00:00Z,3.2083786913642878
GB,2024-04-13T00:00:00Z,3.256123534506937
GB,2024-04-14T00:00:00Z,3.2468974076847825
GB,2024-04-15T00:00:00Z,3.188131252683113
GB,2024-04-16T00:00:00Z,3.168580011003976
GB,2024-04-17T00:00:00Z,3.1949344482658306
GB,2024-04-18T00:00:00Z,3.2039406636750405
GB,2024-04-19T00:00:00Z,3.2053778467976866
GB,2024-04-20T00:00:00Z,3.199465578503129
GB,2024-04-21T00:00:00Z,3.1494953111445123
GB,2024-04-22T00:00:00Z,3.0606438766211714
GB,2024-04-23T00:00:00Z,3.028508757027588
GB,2024-04-24T00:00:00Z,3.051374407442534
GB,2024-04-25T00:00:00Z,3.163350491453067
GB,2024-04-26T00:00:00Z,3.3684092578869613
GB,2024-04-27T00:00:00Z,3.632008549467308
GB,2024-04-28T00:00:00Z,3.9165773492019587
GB,2024-04-29T00:00:00Z,4.218542701244599
GB,2024-04-30T00:00:00Z,4.538341664774552
GB,2024-05-01T00:00:00Z,4.858718977819887
GB,2024-05-02T00:00:00Z,5.165135987261231
GB,2024-05-03T00:00:00Z,5.483803749266724
GB,2024-05-04T00:00:00Z,5.7129550986604185
GB,2024-05-05T00:00:00Z,5.898067191616114
GB,2024-05-06T00:00:00Z,6.045758862288363
GB,2024-05-07T00:00:00Z,6.150151296166354
GB,2024-05-08T00:00:00Z,6.309656836848096
GB,2024-05-09T00:00:00Z,6.411917994474086
GB,2024-05-10T00:00:00Z,6.432803011963133
GB,2024-05-11T00:00:00Z,6.578982811371399
GB,2024-05-12T00:00:00Z,6.6964835860311664
GB,2024-05-13T00:00:00Z,6.689289431501847
GB,2024-05-14T00:00:00Z,6.561657661549369
GB,2024-05-15T00:00:00Z,6.610547868668147
GB,2024-05-16T00:00:00Z,6.6288161496859095
GB,2024-05-17T00:00:00Z,6.679246709174969
GB,2024-05-18T00:00:00Z,6.710714636698734
GB,2024-05-19T00:00:00Z,6.720773858432794
GB,2024-05-20T00:00:00Z,6.779793613310573
GB,2024-05-21T00:00:00Z,6.853854551854406
GB,2024-05-22T00:00:00Z,6.941105796117571
GB,2024-05-23T00:00:00Z,6.992428599337991
GB,2024-05-24T00:00:00Z,6.989904096379876
GB,2024-05-25T00:00:00Z,6.960414361101892
GB,2024-05-26T00:00:00Z,6.968283632554446
GB,2024-05-27T00:00:00Z,6.9532098854049815
GB,2024-05-28T00:00:00Z,6.921118533543003
GB,2024-05-29T00:00:00Z,6.950679074127453
GB,2024-05-30T00:00:00Z,7.102748655898884
GB,2024-05-31T00:00:00Z,7.274332435725732
GB,2024-06-01T00:00:00Z,7.4114392492365395
GB,2024-06-02T00:00:00Z,7.519140066983191
GB,2024-06-03T00:00:00Z,7.645096733662
GB,2024-06-04T00:00:00Z,7.7815767057631815
GB,2024-06-05T00:00:00Z,7.891610605586103
GB,2024-06-06T00:00:00Z,7.98315118251939
GB,2024-06-07T00:00:00Z,8.133669075123043
GB,2024-06-08T00:00:00Z,8.281971001777425
GB,2024-06-09T00:00:00Z,8.370575835504534
GB,2024-06-10T00:00:00Z,8.489698874059236
GB,2024-06-11T00:00:00Z,8.56949802996502
GB,2024-06-12T00:00:00Z,8.612436691900223
GB,2024-06-13T00:00:00Z,8.706759608344104
GB,2024-06-14T00:00:00Z,8.829157586895024
GB,2024-06-15T00:00:00Z,8.826365020766586
GB,2024-06-16T00:00:00Z,8.56769664876707
GB,2024-06-17T00:00:00Z,7.910178456670829
GB,2024-06-18T00:00:00Z,7.81945551233052
GB,2024-06-19T00:00:00Z,7.890847116558601
GB,2024-06-20T00:00:00Z,7.899881966320842
GB,2024-06-21T00:00:00Z,7.877875468204289
GB,2024-06-22T00:00:00Z,7.968046760652379
GB,2024-06-23T00:00:00Z,7.998391810635351
GB,2024-06-24T00:00:00Z,7.997563167289096
GB,2024-06-25T00:00:00Z,8.024100142683148
GB,2024-06-26T00:00:00Z,8.134325997697736
GB,2024-06-27T00:00:00Z,8.24224218389256
GB,2024-06-28T00:00:00Z,8.270266933745269
GB,2024-06-29T00:00:00Z,8.265317615469048
GB,2024-06-30T00:00:00Z,8.140625972729838
GB,2024-07-01T00:00:00Z,7.897725250919475
GB,2024-07-02T00:00:00Z,7.917089248289495
GB,2024-07-03T00:00:00Z,7.9191408213425225
GB,2024-07-04T00:00:00Z,7.883850003756209
GB,2024-07-05T00:00:00Z,7.847339173825102
GB,2024-07-06T00:00:00Z,7.942467687158817
GB,2024-07-07T00:00:00Z,8.069066407240424
GB,2024-07-08T00:00:00Z,8.096524630020806
GB,2024-07-09T00:00:00Z,8.075758130740105
GB,2024-07-10T00:00:00Z,7.942681883919819
GB,2024-07-11T00:00:00Z,7.734320080574027
GB,2024-07-12T00:00:00Z,7.449843239987512
GB,2024-07-13T00:00:00Z,7.2442759755135615
GB,2024-07-14T00:00:00Z,7.273535982288195
GB,2024-07-15T00:00:00Z,7.504321299111526
GB,2024-07-16T00:00:00Z,7.735327237338041
GB,2024-07-17T00:00:00Z,7.8843546217538885
GB,2024-07-18T00:00:00Z,7.963658569588929
GB,2024-07-19T00:00:00Z,8.049016178544283
GB,2024-07-20T00:00:00Z,8.148497680907372
GB,2024-07-21T00:00:00Z,8.250862194213429
GB,2024-07-22T00:00:00Z,8.38559019760177
GB,2024-07-23T00:00:00Z,8.504010622727517
GB,2024-07-24T00:00:00Z,8.531200220746992
GB,2024-07-25T00:00:00Z,8.524475993320529
GB,2024-07-26T00:00:00Z,8.414810274285026
GB,2024-07-27T00:00:00Z,8.20209538777765
GB,2024-07-28T00:00:00Z,7.781581175012333
GB,2024-07-29T00:00:00Z,6.804381046119144
GB,2024-07-30T00:00:00Z,5.497158298785156
GB,2024-07-31T00:00:00Z,4.391295014378617
GB,2024-08-01T00:00:00Z,3.674664827136148
GB,2024-08-02T00:00:00Z,3.309167214387302
GB,2024-08-03T00:00:00Z,3.3104835305305333
GB,2024-08-04T00:00:00Z,3.5517692440069943
GB,2024-08-05T00:00:00Z,3.43972303148145
GB,2024-08-06T00:00:00Z,2.1717600302192817
GB,2024-08-07T00:00:00Z,0.7184497295175558
GB,2024-08-08T00:00:00Z,0.3526451784958296
GB,2024-08-09T00:00:00Z,0.536103735311699
GB,2024-08-10T00:00:00Z,0.8321238128828474
GB,2024-08-11T00:00:00Z,1.1159074896041348
GB,2024-08-12T00:00:00Z,1.3737565341725508
GB,2024-08-13T00:00:00Z,1.6864092190205568
GB,2024-08-14T00:00:00Z,2.129008817837216
GB,2024-08-15T00:00:00Z,2.713466504958121
GB,2024-08-16T00:00:00Z,3.358112833632337
GB,2024-08-17T00:00:00Z,3.93618361767514
GB,2024-08-18T00:00:00Z,4.436751386839373
GB,2024-08-19T00:00:00Z,4.891692241084628
GB,2024-08-20T00:00:00Z,5.278534527492631
GB,2024-08-21T00:00:00Z,5.588350020651861
GB,2024-08-22T00:00:00Z,5.7964936679481855
GB,2024-08-23T00:00:00Z,5.848381250850572
GB,2024-08-24T00:00:00Z,5.8398702111447465
GB,2024-08-25T00:00:00Z,5.69901899876522
GB,2024-08-26T00:00:00Z,5.472286121233838
GB,2024-08-27T00:00:00Z,5.186218705518347
GB,2024-08-28T00:00:00Z,4.862240478933708
GB,2024-08-29T00:00:00Z,4.542043811415939
GB,2024-08-30T00:00:00Z,4.216459560658751
GB,2024-08-31T00:00:00Z,3.865926663876447
GB,2024-09-01T00:00:00Z,3.6182062438122276
GB,2024-09-02T00:00:00Z,3.6460984481296457
GB,2024-09-03T00:00:00Z,3.7367417074498137
GB,2024-09-04T00:00:00Z,3.779821847807839
GB,2024-09-05T00:00:00Z,3.786146530535186
GB,2024-09-06T00:00:00Z,3.82290913266247
GB,2024-09-07T00:00:00Z,3.9190489949301623
GB,2024-09-08T00:00:00Z,3.981984502196468
GB,2024-09-09T00:00:00Z,3.9813675022386623
GB,2024-09-10T00:00:00Z,3.9047034937546155
GB,2024-09-11T00:00:00Z,3.759965601387139
GB,2024-09-12T00:00:00Z,3.632715703298007
GB,2024-09-13T00:00:00Z,3.621405922858216
GB,2024-09-14T00:00:00Z,3.6288178482078535
GB,2024-09-15T00:00:00Z,3.612388444979439
GB,2024-09-16T00:00:00Z,3.523791908384004
GB,2024-09-17T00:00:00Z,3.3965652833712925
GB,2024-09-18T00:00:00Z,3.275081684316155
GB,2024-09-19T00:00:00Z,3.1771511046134195
GB,2024-09-20T00:00:00Z,3.103701517131389
GB,2024-09-21T00:00:00Z,3.082054547080661
GB,2024-09-22T00:00:00Z,3.0989633645950256
GB,2024-09-23T00:00:00Z,3.1536414567984714
GB,2024-09-24T00:00:00Z,3.25659516023786
GB,2024-09-25T00:00:00Z,3.3490303357154407
GB,2024-09-26T00:00:00Z,3.490044776476058
GB,2024-09-27T00:00:00Z,3.6800251166113687
GB,2024-09-28T00:00:00Z,3.7233589446364665
GB,2024-09-29T00:00:00Z,3.709111653619812
GB,2024-09-30T00:00:00Z,3.6268937449406873
GB,2024-10-01T00:00:00Z,3.575501816054935
GB,2024-10-02T00:00:00Z,3.5530834506854427
GB,2024-10-03T00:00:00Z,3.6338373518240017
GB,2024-10-04T00:00:00Z,3.783711373958295
GB,2024-10-05T00:00:00Z,3.815678642166399
ID,2022-08-11T00:00:00Z,2.5817928295599923
ID,2022-08-12T00:00:00Z,2.546836107038447
ID,2022-08-13T00:00:00Z,2.5064282360239583
ID,2022-08-14T00:00:00Z,2.5086391460558515
ID,2022-08-15T00:00:00Z,2.5108539956125195
ID,2022-08-16T00:00:00Z,2.528715891442979
ID,2022-08-17T00:00:00Z,2.544556761284251
ID,2022-08-18T00:00:00Z,2.5605991908602803
ID,2022-08-19T00:00:00Z,2.602804132523173
ID,2022-08-20T00:00:00Z,2.651376390830814
ID,2022-08-21T00:00:00Z,2.7018134552077115
ID,2022-08-22T00:00:00Z,2.7277652811608877
ID,2022-08-23T00:00:00Z,2.7382874354406166
ID,2022-08-24T00:00:00Z,2.7488918287918236
ID,2022-08-25T00:00:00Z,2.686480158554322
ID,2022-08-26T00:00:00Z,2.6464369892492488
ID,2022-08-27T00:00:00Z,2.607580403696852
ID,2022-08-28T00:00:00Z,2.5332215094913924
ID,2022-08-29T00:00:00Z,2.3667503379678987
ID,2022-08-30T00:00:00Z,2.2573119017240986
ID,2022-08-31T00:00:00Z,2.1404561122186827
ID,2022-09-01T00:00:00Z,1.9473837246038406
ID,2022-09-02T00:00:00Z,1.8089537602470303
ID,2022-09-03T00:00:00Z,1.7061003625222841
ID,2022-09-04T00:00:00Z,1.6315584541320758
ID,2022-09-05T00:00:00Z,1.5849591728664334
ID,2022-09-06T00:00:00Z,1.5674125399176027
ID,2022-09-07T00:00:00Z,1.5438009736489757
ID,2022-09-08T00:00:00Z,1.523486236442564
ID,2022-09-09T00:00:00Z,1.5006148412509743
ID,2022-09-10T00:00:00Z,1.4875544135216832
ID,2022-09-11T00:00:00Z,1.4868216849813842
ID,2022-09-12T00:00:00Z,1.4784397737201203
ID,2022-09-13T00:00:00Z,1.4622433594385271
ID,2022-09-14T00:00:00Z,1.4306710210479885
ID,2022-09-15T00:00:00Z,1.395874723706683
ID,2022-09-16T00:00:00Z,1.3774132768765739
ID,2022-09-17T00:00:00Z,1.3734026071072847
ID,2022-09-18T00:00:00Z,1.3783290981157894
ID,2022-09-19T00:00:00Z,1.3926565472474939
ID,2022-09-20T00:00:00Z,1.4126386203526966
ID,2022-09-21T00:00:00Z,1.4344421257284456
ID,2022-09-22T00:00:00Z,1.457962710525637
ID,2022-09-23T00:00:00Z,1.4942897095082361
ID,2022-09-24T00:00:00Z,1.5360238503818506
ID,2022-09-25T00:00:00Z,1.5803433376915879
ID,2022-09-26T00:00:00Z,1.6325779326508247
ID,2022-09-27T00:00:00Z,1.6763709280549155
ID,2022-09-28T00:00:00Z,1.740185213547649
ID,2022-09-29T00:00:00Z,1.806637832081776
ID,2022-09-30T00:00:00Z,1.866235702259818
ID,2022-10-01T00:00:00Z,1.9228386005998102
ID,2022-10-02T00:00:00Z,1.978068917277532
ID,2022-10-03T00:00:00Z,2.0448652145998034
ID,2022-10-04T00:00:00Z,2.1151619476780357
ID,2022-10-05T00:00:00Z,2.1660611804302685
ID,2022-10-06T00:00:00Z,2.2257482416031604
ID,2022-10-07T00:00:00Z,2.2832914901939034
ID,2022-10-08T00:00:00Z,2.335427005925712
ID,2022-10-09T00:00:00Z,2.4050513696252986
ID,2022-10-10T00:00:00Z,2.4685679602126394
ID,2022-10-11T00:00:00Z,2.529062768555826
ID,2022-10-12T00:00:00Z,2.587618429837826
ID,2022-10-13T00:00:00Z,2.6166593424900224
ID,2022-10-14T00:00:00Z,2.658873752660451
ID,2022-10-15T00:00:00Z,2.731201520336637
ID,2022-10-16T00:00:00Z,2.7845573765595284
ID,2022-10-17T00:00:00Z,2.8287771449807955
ID,2022-10-18T00:00:00Z,2.8388318097089895
ID,2022-10-19T00:00:00Z,2.932436487514009
ID,2022-10-20T00:00:00Z,2.9838322588207435
ID,2022-10-21T00:00:00Z,3.02327063298352
ID,2022-10-22T00:00:00Z,3.0669296192541347
ID,2022-10-23T00:00:00Z,3.100615061693897
ID,2022-10-24T00:00:00Z,3.1273981847320402
ID,2022-10-25T00:00:00Z,3.147905702834417
ID,2022-10-26T00:00:00Z,3.1515803542597807
ID,2022-10-27T00:00:00Z,3.2050406108877665
ID,2022-10-28T00:00:00Z,3.2611050987304555
ID,2022-10-29T00:00:00Z,3.3157668981355934
ID,2022-10-30T00:00:00Z,3.355196363394238
ID,2022-10-31T00:00:00Z,3.3753794147704785
ID,2022-11-01T00:00:00Z,3.4113674930147204
ID,2022-11-02T00:00:00Z,3.4813513230268947
ID,2022-11-03T00:00:00Z,3.500184636772364
ID,2022-11-04T00:00:00Z,3.521532481471603
ID,2022-11-05T00:00:00Z,3.5325052274921838
ID,2022-11-06T00:00:00Z,3.5594126545621205
ID,2022-11-07T00:00:00Z,3.5887385307885324
ID,2022-11-08T00:00:00Z,3.651317941000454
ID,2022-11-09T00:00:00Z,3.670878375008745
ID,2022-11-10T00:00:00Z,3.683956770894348
ID,2022-11-11T00:00:00Z,3.4998509344505035
ID,2022-11-12T00:00:00Z,3.4802758726789707
ID,2022-11-13T00:00:00Z,3.480924168750952
ID,2022-11-14T00:00:00Z,3.5342099413537924
ID,2022-11-15T00:00:00Z,3.538884396953963
ID,2022-11-16T00:00:00Z,3.5036942916761493
ID,2022-11-17T00:00:00Z,3.5687502226115986
ID,2022-11-18T00:00:00Z,3.5916272370443147
ID,2022-11-19T00:00:00Z,3.6030626235898877
ID,2022-11-20T00:00:00Z,3.5997564201736005
ID,2022-11-21T00:00:00Z,3.633303988777593
ID,2022-11-22T00:00:00Z,3.6238965860855616
ID,2022-11-23T00:00:00Z,3.631019393726462
ID,2022-11-24T00:00:00Z,3.6236312903662107
ID,2022-11-25T00:00:00Z,3.631010937238384
ID,2022-11-26T00:00:00Z,3.6553760216485154
ID,2022-11-27T00:00:00Z,3.679586869196049
ID,2022-11-28T00:00:00Z,3.6796216149120293
ID,2022-11-29T00:00:00Z,3.727908892972786
ID,2022-11-30T00:00:00Z,3.7309835853585844
ID,2022-12-01T00:00:00Z,3.741262145383531
ID,2022-12-02T00:00:00Z,3.7831288458598635
ID,2022-12-03T00:00:00Z,3.793154841110359
ID,2022-12-04T00:00:00Z,3.767344674072425
ID,2022-12-05T00:00:00Z,3.7913593963431476
ID,2022-12-06T00:00:00Z,3.778005325715711
ID,2022-12-07T00:00:00Z,3.7941063337742524
ID,2022-12-08T00:00:00Z,3.822698613072147
ID,2022-12-09T00:00:00Z,3.818449001447592
ID,2022-12-10T00:00:00Z,3.844180783968491
ID,2022-12-11T00:00:00Z,3.8477230704021994
ID,2022-12-12T00:00:00Z,3.87023608911011
ID,2022-12-13T00:00:00Z,3.902382679676052
ID,2022-12-14T00:00:00Z,3.9140216566848656
ID,2022-12-15T00:00:00Z,3.886302915760926
ID,2022-12-16T00:00:00Z,3.8745836096171735
ID,2022-12-17T00:00:00Z,3.924518719747674
ID,2022-12-18T00:00:00Z,3.9250826679548885
ID,2022-12-19T00:00:00Z,3.9549413964769786
ID,2022-12-20T00:00:00Z,3.9549413964769786
ID,2022-12-21T00:00:00Z,3.9041977344661656
ID,2022-12-22T00:00:00Z,3.9242170242276337
ID,2022-12-23T00:00:00Z,3.9121875446121583
ID,2022-12-24T00:00:00Z,3.925384497809427
ID,2022-12-25T00:00:00Z,3.9549413964769786
ID,2022-12-26T00:00:00Z,3.9459692615615247
ID,2022-12-27T00:00:00Z,3.9549413964769786
ID,2022-12-28T00:00:00Z,3.9549413964769786
ID,2022-12-29T00:00:00Z,3.9549413964769786
ID,2022-12-30T00:00:00Z,3.9549413964769786
ID,2022-12-31T00:00:00Z,3.9549413964769786
ID,2023-01-01T00:00:00Z,3.9549413964769786
ID,2023-01-02T00:00:00Z,3.9549413964769786
ID,2023-01-03T00:00:00Z,3.9549413964769786
ID,2023-01-04T00:00:00Z,3.9549413964769786
ID,2023-01-05T00:00:00Z,3.9549413964769786
ID,2023-01-06T00:00:00Z,3.9549413964769786
ID,2023-01-07T00:00:00Z,3.9549413964769786
ID,2023-01-08T00:00:00Z,3.9549413964769786
ID,2023-01-09T00:00:00Z,3.9549413964769786
ID,2023-01-10T00:00:00Z,3.9509314316360555
ID,2023-01-11T00:00:00Z,3.9549413964769786
ID,2023-01-12T00:00:00Z,3.9549413964769786
ID,2023-01-13T00:00:00Z,3.9549413964769786
ID,2023-01-14T00:00:00Z,3.9549413964769786
ID,2023-01-15T00:00:00Z,3.9549413964769786
ID,2023-01-16T00:00:00Z,3.9549413964769786
ID,2023-01-17T00:00:00Z,3.954634962465633
ID,2023-01-18T00:00:00Z,3.942956041688557
ID,2023-01-19T00:00:00Z,3.919292694212428
ID,2023-01-20T00:00:00Z,3.8884378628695995
ID,2023-01-21T00:00:00Z,3.9133182974608895
ID,2023-01-22T00:00:00Z,3.901546661396263
ID,2023-01-23T00:00:00Z,3.8611397054923655
ID,2023-01-24T00:00:00Z,3.9245483985309146
ID,2023-01-25T00:00:00Z,3.9490321994845776
ID,2023-01-26T00:00:00Z,3.7068060894239268
ID,2023-01-27T00:00:00Z,3.688441899272075
ID,2023-01-28T00:00:00Z,3.5800717224825243
ID,2023-01-29T00:00:00Z,3.4231095185478644
ID,2023-01-30T00:00:00Z,3.1996890090854713
ID,2023-01-31T00:00:00Z,3.038840268061295
ID,2023-02-01T00:00:00Z,2.9026144889936365
ID,2023-02-02T00:00:00Z,2.7953887431144673
ID,2023-02-03T00:00:00Z,2.6911792864629556
ID,2023-02-04T00:00:00Z,2.5974383510322956
ID,2023-02-05T00:00:00Z,2.569810594627302
ID,2023-02-06T00:00:00Z,2.50764766917077
ID,2023-02-07T00:00:00Z,2.4427319479852185
ID,2023-02-08T00:00:00Z,2.4082979303405865
ID,2023-02-09T00:00:00Z,2.3814888260877436
ID,2023-02-10T00:00:00Z,2.3576268509589755
ID,2023-02-11T00:00:00Z,2.2862828212898267
ID,2023-02-12T00:00:00Z,2.221398411792085
ID,2023-02-13T00:00:00Z,2.1752792199328175
ID,2023-02-14T00:00:00Z,2.083215197338892
ID,2023-02-15T00:00:00Z,1.929974781924002
ID,2023-02-16T00:00:00Z,1.7690202376141353
ID,2023-02-17T00:00:00Z,1.650463476359292
ID,2023-02-18T00:00:00Z,1.574530508314027
ID,2023-02-19T00:00:00Z,1.5037759496301457
ID,2023-02-20T00:00:00Z,1.4475380846076331
ID,2023-02-21T00:00:00Z,1.4027822704247013
ID,2023-02-22T00:00:00Z,1.3723699449251217
ID,2023-02-23T00:00:00Z,1.3608360749683763
ID,2023-02-24T00:00:00Z,1.3557573495673887
ID,2023-02-25T00:00:00Z,1.3701407351462647
ID,2023-02-26T00:00:00Z,1.3940257941092298
ID,2023-02-27T00:00:00Z,1.4206535452912172
ID,2023-02-28T00:00:00Z,1.450935342455676
ID,2023-03-01T00:00:00Z,1.4993622121963481
ID,2023-03-02T00:00:00Z,1.5379166516170242
ID,2023-03-03T00:00:00Z,1.573677476145784
ID,2023-03-04T00:00:00Z,1.6175021458109837
ID,2023-03-05T00:00:00Z,1.6759613820524422
ID,2023-03-06T00:00:00Z,1.729502721066099
ID,2023-03-07T00:00:00Z,1.781596227693685
ID,2023-03-08T00:00:00Z,1.8472232965493591
ID,2023-03-09T00:00:00Z,1.9007562040737267
ID,2023-03-10T00:00:00Z,1.9419162049678498
ID,2023-03-11T00:00:00Z,1.996394030995686
ID,2023-03-12T00:00:00Z,2.0371556048491235
ID,2023-03-13T00:00:00Z,2.0244500952750597
ID,2023-03-14T00:00:00Z,2.064977128358874
ID,2023-03-15T00:00:00Z,2.0837457509496566
ID,2023-03-16T00:00:00Z,2.0717587619120352
ID,2023-03-17T00:00:00Z,2.055409720678983
ID,2023-03-18T00:00:00Z,2.0294403955113
ID,2023-03-19T00:00:00Z,2.0401798274716043
ID,2023-03-20T00:00:00Z,2.0556390317072935
ID,2023-03-21T00:00:00Z,2.0547890997586298
ID,2023-03-22T00:00:00Z,2.0392780768485674
ID,2023-03-23T00:00:00Z,2.075960986873417
ID,2023-03-24T00:00:00Z,2.0851319858496127
ID,2023-03-25T00:00:00Z,2.096749754225076
ID,2023-03-26T00:00:00Z,2.1235002689244715
ID,2023-03-27T00:00:00Z,2.1604210086709954
ID,2023-03-28T00:00:00Z,2.189570983770917
ID,2023-03-29T00:00:00Z,2.2385382517538686
ID,2023-03-30T00:00:00Z,2.275883840500555
ID,2023-03-31T00:00:00Z,2.270581539209293
ID,2023-04-01T00:00:00Z,2.2506768232458465
ID,2023-04-02T00:00:00Z,2.21646286261992
ID,2023-04-03T00:00:00Z,2.2256002424078103
ID,2023-04-04T00:00:00Z,2.251172926757874
ID,2023-04-05T00:00:00Z,2.300493458280867
ID,2023-04-06T00:00:00Z,2.3389581089314504
ID,2023-04-07T00:00:00Z,2.392655741400305
ID,2023-04-08T00:00:00Z,2.408990419075715
ID,2023-04-09T00:00:00Z,2.4486050231574943
ID,2023-04-10T00:00:00Z,2.5365819738488513
ID,2023-04-11T00:00:00Z,2.5885919265613544
ID,2023-04-12T00:00:00Z,2.609793473202873
ID,2023-04-13T00:00:00Z,2.593539102721711
ID,2023-04-14T00:00:00Z,2.6310151445527628
ID,2023-04-15T00:00:00Z,2.6697072295148874
ID,2023-04-16T00:00:00Z,2.7626035836300304
ID,2023-04-17T00:00:00Z,2.8536987267901917
ID,2023-04-18T00:00:00Z,2.9703744696266394
ID,2023-04-19T00:00:00Z,2.9465137584672374
ID,2023-04-20T00:00:00Z,3.0050100761898992
ID,2023-04-21T00:00:00Z,3.0263880618307355
ID,2023-04-22T00:00:00Z,3.0874679612845086
ID,2023-04-23T00:00:00Z,3.2571479454538435
ID,2023-04-24T00:00:00Z,3.4229030782144263
ID,2023-04-25T00:00:00Z,3.5198718518631145
ID,2023-04-26T00:00:00Z,3.7512322324885634
ID,2023-04-27T00:00:00Z,3.896699044039397
ID,2023-04-28T00:00:00Z,3.9261318450736233
ID,2023-04-29T00:00:00Z,3.9549413964769786
ID,2023-04-30T00:00:00Z,3.9323295511144702
ID,2023-05-01T00:00:00Z,3.9208718631155297
ID,2023-05-02T00:00:00Z,3.94803071273186
ID,2023-05-03T00:00:00Z,3.9549413964769786
ID,2023-05-04T00:00:00Z,3.9549413964769786
ID,2023-05-05T00:00:00Z,3.9549413964769786
ID,2023-05-06T00:00:00Z,3.9549413964769786
ID,2023-05-07T00:00:00Z,3.9549413964769786
ID,2023-05-08T00:00:00Z,3.9549413964769786
ID,2023-05-09T00:00:00Z,3.9549413964769786
ID,2023-05-10T00:00:00Z,3.9549413964769786
ID,2023-05-11T00:00:00Z,3.9549413964769786
ID,2023-05-12T00:00:00Z,3.9549413964769786
ID,2023-05-13T00:00:00Z,3.9549413964769786
ID,2023-05-14T00:00:00Z,3.9549413964769786
ID,2023-05-15T00:00:00Z,3.9549413964769786
ID,2023-05-16T00:00:00Z,3.9549413964769786
ID,2023-05-17T00:00:00Z,3.9549413964769786
ID,2023-05-18T00:00:00Z,3.9549413964769786
ID,2023-05-19T00:00:00Z,3.9549413964769786
ID,2023-05-20T00:00:00Z,3.5675216637739675
ID,2023-05-21T00:00:00Z,3.9549413964769786
ID,2023-05-22T00:00:00Z,3.9549413964769786
ID,2023-05-23T00:00:00Z,3.9549413964769786
ID,2023-05-24T00:00:00Z,3.9549413964769786
ID,2023-05-25T00:00:00Z,3.9549413964769786
ID,2023-05-26T00:00:00Z,3.9549413964769786
ID,2023-05-27T00:00:00Z,3.9549413964769786
ID,2023-05-28T00:00:00Z,3.9549413964769786
ID,2023-05-29T00:00:00Z,3.9549413964769786
ID,2023-05-30T00:00:00Z,3.9549413964769786
ID,2023-05-31T00:00:00Z,3.9549413964769786
ID,2023-06-01T00:00:00Z,3.9549413964769786
ID,2023-06-02T00:00:00Z,3.9549413964769786
ID,2023-06-03T00:00:00Z,3.9549413964769786
ID,2023-06-04T00:00:00Z,3.9549413964769786
ID,2023-06-05T00:00:00Z,3.9549413964769786
ID,2023-06-06T00:00:00Z,3.9549413964769786
ID,2023-06-07T00:00:00Z,3.9549413964769786
ID,2023-06-08T00:00:00Z,3.9549413964769786
ID,2023-06-09T00:00:00Z,3.9549413964769786
ID,2023-06-10T00:00:00Z,3.9549413964769786
ID,2023-06-11T00:00:00Z,3.9549413964769786
ID,2023-06-12T00:00:00Z,3.9549413964769786
ID,2023-06-13T00:00:00Z,3.9549413964769786
ID,2023-06-14T00:00:00Z,3.9549413964769786
ID,2023-06-15T00:00:00Z,3.9549413964769786
ID,2023-06-16T00:00:00Z,3.9549413964769786
ID,2023-06-17T00:00:00Z,3.9549413964769786
ID,2023-06-18T00:00:00Z,3.9549413964769786
ID,2023-06-19T00:00:00Z,3.593129230013713
ID,2023-06-20T00:00:00Z,3.1718050963838818
ID,2023-06-21T00:00:00Z,3.116606737827393
ID,2023-06-22T00:00:00Z,2.7027651845055978
ID,2023-06-23T00:00:00Z,2.4799455692493235
ID,2023-06-24T00:00:00Z,2.3290248977164483
ID,2023-06-25T00:00:00Z,2.1499336207540143
ID,2023-06-26T00:00:00Z,1.9752015156080636
ID,2023-06-27T00:00:00Z,1.8020732367841639
ID,2023-06-28T00:00:00Z,1.6911110416562347
ID,2023-06-29T00:00:00Z,1.6276967943712517
ID,2023-06-30T00:00:00Z,1.6006524914173614
ID,2023-07-01T00:00:00Z,1.5909668501959633
ID,2023-07-02T00:00:00Z,1.6057294626246816
ID,2023-07-03T00:00:00Z,1.6144086271834168
ID,2023-07-04T00:00:00Z,1.631348993690465
ID,2023-07-05T00:00:00Z,1.669028973559483
ID,2023-07-06T00:00:00Z,1.7108053004013601
ID,2023-07-07T00:00:00Z,1.7531554468770374
ID,2023-07-08T00:00:00Z,1.7996283964064783
ID,2023-07-09T00:00:00Z,1.8669686820966391
ID,2023-07-10T00:00:00Z,1.9161790243903938
ID,2023-07-11T00:00:00Z,1.975660677015231
ID,2023-07-12T00:00:00Z,2.0753728975915107
ID,2023-07-13T00:00:00Z,2.1024646004762557
ID,2023-07-14T00:00:00Z,2.1074350582718706
ID,2023-07-15T00:00:00Z,2.1499130650279836
ID,2023-07-16T00:00:00Z,2.184311447057762
ID,2023-07-17T00:00:00Z,2.210084601898122
ID,2023-07-18T00:00:00Z,2.246476848685639
ID,2023-07-19T00:00:00Z,2.28461686017328
ID,2023-07-20T00:00:00Z,2.331571109469334
ID,2023-07-21T00:00:00Z,2.3724111418046494
ID,2023-07-22T00:00:00Z,2.4011436489635503
ID,2023-07-23T00:00:00Z,2.41484921167398
ID,2023-07-24T00:00:00Z,2.4317990371847507
ID,2023-07-25T00:00:00Z,2.4599591208676763
ID,2023-07-26T00:00:00Z,2.465991710778048
ID,2023-07-27T00:00:00Z,2.483256178702491
ID,2023-07-28T00:00:00Z,2.493402125344951
ID,2023-07-29T00:00:00Z,2.5001370402002245
ID,2023-07-30T00:00:00Z,2.531224597438173
ID,2023-07-31T00:00:00Z,2.5367418771838186
ID,2023-08-01T00:00:00Z,2.52129879127373
ID,2023-08-02T00:00:00Z,2.4624048768777755
ID,2023-08-03T00:00:00Z,2.4404069767863263
ID,2023-08-04T00:00:00Z,2.384727571656556
ID,2023-08-05T00:00:00Z,2.2192487087244817
ID,2023-08-06T00:00:00Z,2.056892431880761
ID,2023-08-07T00:00:00Z,2.0031951440590707
ID,2023-08-08T00:00:00Z,1.9770270574686784
ID,2023-08-09T00:00:00Z,1.96903921774794
ID,2023-08-10T00:00:00Z,1.985534371985801
ID,2023-08-11T00:00:00Z,2.0116569740623924
ID,2023-08-12T00:00:00Z,2.0735410371808913
ID,2023-08-13T00:00:00Z,2.1444084403231103
ID,2023-08-14T00:00:00Z,2.186399439599872
ID,2023-08-15T00:00:00Z,2.2418819790115556
ID,2023-08-16T00:00:00Z,2.274877983683482
ID,2023-08-17T00:00:00Z,2.309048752411841
ID,2023-08-18T00:00:00Z,2.295024691006361
ID,2023-08-19T00:00:00Z,2.2929879776014754
ID,2023-08-20T00:00:00Z,2.3085265738543552
ID,2023-08-21T00:00:00Z,2.3267236333373225
ID,2023-08-22T00:00:00Z,2.3498517473900793
ID,2023-08-23T00:00:00Z,2.386071219037022
ID,2023-08-24T00:00:00Z,2.4442203734439603
ID,2023-08-25T00:00:00Z,2.526560929837637
ID,2023-08-26T00:00:00Z,2.584668310783571
ID,2023-08-27T00:00:00Z,2.648743668149557
ID,2023-08-28T00:00:00Z,2.702581120797288
ID,2023-08-29T00:00:00Z,2.723366221859714
ID,2023-08-30T00:00:00Z,2.795807794617045
ID,2023-08-31T00:00:00Z,2.675107233465774
ID,2023-09-01T00:00:00Z,2.6716132766794463
ID,2023-09-02T00:00:00Z,2.521529674612768
ID,2023-09-03T00:00:00Z,2.3320329310867978
ID,2023-09-04T00:00:00Z,2.126215982376436
ID,2023-09-05T00:00:00Z,1.9786709728179885
ID,2023-09-06T00:00:00Z,1.8803396599142828
ID,2023-09-07T00:00:00Z,1.8247986839646009
ID,2023-09-08T00:00:00Z,1.8060458424873234
ID,2023-09-09T00:00:00Z,1.8122548128323155
ID,2023-09-10T00:00:00Z,1.8151871324816928
ID,2023-09-11T00:00:00Z,1.827153409733351
ID,2023-09-12T00:00:00Z,1.8461797651737446
ID,2023-09-13T00:00:00Z,1.8699385412769567
ID,2023-09-14T00:00:00Z,1.9133272118407665
ID,2023-09-15T00:00:00Z,1.9636477671367734
ID,2023-09-16T00:00:00Z,2.028053452571601
ID,2023-09-17T00:00:00Z,2.0770080678028657
ID,2023-09-18T00:00:00Z,2.1342331812683484
ID,2023-09-19T00:00:00Z,2.192130179064441
ID,2023-09-20T00:00:00Z,2.2179315082031312
ID,2023-09-21T00:00:00Z,2.2673096759711058
ID,2023-09-22T00:00:00Z,2.3073022100488036
ID,2023-09-23T00:00:00Z,2.3589064638570427
ID,2023-09-24T00:00:00Z,2.412894343690379
ID,2023-09-25T00:00:00Z,2.442969006137008
ID,2023-09-26T00:00:00Z,2.500877402928938
ID,2023-09-27T00:00:00Z,2.5332215094913924
ID,2023-09-28T00:00:00Z,2.5437978939850603
ID,2023-09-29T00:00:00Z,2.5636780641359276
ID,2023-09-30T00:00:00Z,2.574513210920951
ID,2023-10-01T00:00:00Z,2.590328161012684
ID,2023-10-02T00:00:00Z,2.6526934476362745
ID,2023-10-03T00:00:00Z,2.6856906673631613
ID,2023-10-04T00:00:00Z,2.7237708742019975
ID,2023-10-05T00:00:00Z,2.7578119516877426
ID,2023-10-06T00:00:00Z,2.7828534680182155
ID,2023-10-07T00:00:00Z,2.8114403845444556
ID,2023-10-08T00:00:00Z,2.8851525550882
ID,2023-10-09T00:00:00Z,2.950143384351853
ID,2023-10-10T00:00:00Z,2.985323776869521
ID,2023-10-11T00:00:00Z,3.023212203676806
ID,2023-10-12T00:00:00Z,2.9607420838309713
ID,2023-10-13T00:00:00Z,2.8789297942401735
ID,2023-10-14T00:00:00Z,2.8992843782667577
ID,2023-10-15T00:00:00Z,2.8356938600113275
ID,2023-10-16T00:00:00Z,2.7053050038937734
ID,2023-10-17T00:00:00Z,2.6478223461054027
ID,2023-10-18T00:00:00Z,2.6054109193039414
ID,2023-10-19T00:00:00Z,2.5823390287921466
ID,2023-10-20T00:00:00Z,2.5704336788815123
ID,2023-10-21T00:00:00Z,2.5552240997065523
ID,2023-10-22T00:00:00Z,2.5927268168843036
ID,2023-10-23T00:00:00Z,2.625399689974842
ID,2023-10-24T00:00:00Z,2.680962497589174
ID,2023-10-25T00:00:00Z,2.7104436535527867
ID,2023-10-26T00:00:00Z,2.750908172288374
ID,2023-10-27T00:00:00Z,2.780537159812619
ID,2023-10-28T00:00:00Z,2.8203243437687644
ID,2023-10-29T00:00:00Z,2.878982732350361
ID,2023-10-30T00:00:00Z,2.9072907083176864
ID,2023-10-31T00:00:00Z,2.952634069458231
ID,2023-11-01T00:00:00Z,3.04215881645471
ID,2023-11-02T00:00:00Z,3.149164522726691
ID,2023-11-03T00:00:00Z,3.2184012140404104
ID,2023-11-04T00:00:00Z,3.2512066704663103
ID,2023-11-05T00:00:00Z,3.3046115758459114
ID,2023-11-06T00:00:00Z,3.3496792212477637
ID,2023-11-07T00:00:00Z,3.3880116537846408
ID,2023-11-08T00:00:00Z,3.4278382308047957
ID,2023-11-09T00:00:00Z,3.482159319904578
ID,2023-11-10T00:00:00Z,3.516273949855611
ID,2023-11-11T00:00:00Z,3.580466244496732
ID,2023-11-12T00:00:00Z,3.647964486862124
ID,2023-11-13T00:00:00Z,3.722299297747119
ID,2023-11-14T00:00:00Z,3.7510109962531493
ID,2023-11-15T00:00:00Z,3.736435982057015
ID,2023-11-16T00:00:00Z,3.7165648920859935
ID,2023-11-17T00:00:00Z,3.7749845711084205
ID,2023-11-18T00:00:00Z,3.8001081264144614
ID,2023-11-19T00:00:00Z,3.8577683378925887
ID,2023-11-20T00:00:00Z,3.903938336617699
ID,2023-11-21T00:00:00Z,3.930314374857575
ID,2023-11-22T00:00:00Z,3.9080438339527293
ID,2023-11-23T00:00:00Z,3.9384922442486716
ID,2023-11-24T00:00:00Z,3.9523006232671882
ID,2023-11-25T00:00:00Z,3.9549413964769786
ID,2023-11-26T00:00:00Z,3.9549413964769786
ID,2023-11-27T00:00:00Z,3.8743763637689077
ID,2023-11-28T00:00:00Z,3.897513455029048
ID,2023-11-29T00:00:00Z,3.9112736017725545
ID,2023-11-30T00:00:00Z,3.844479679309935
ID,2023-12-01T00:00:00Z,3.793099426353989
ID,2023-12-02T00:00:00Z,3.745479608981637
ID,2023-12-03T00:00:00Z,3.593104392114748
ID,2023-12-04T00:00:00Z,3.5574682905933717
ID,2023-12-05T00:00:00Z,3.339056642065655
ID,2023-12-06T00:00:00Z,3.0092467848791817
ID,2023-12-07T00:00:00Z,2.775195874317892
ID,2023-12-08T00:00:00Z,2.6430004456290277
ID,2023-12-09T00:00:00Z,2.5706863698811175
ID,2023-12-10T00:00:00Z,2.5377243117022164
ID,2023-12-11T00:00:00Z,2.4853632876897738
ID,2023-12-12T00:00:00Z,2.4952271757955677
ID,2023-12-13T00:00:00Z,2.4636837157543354
ID,2023-12-14T00:00:00Z,2.4022690684753316
ID,2023-12-15T00:00:00Z,2.3484120675155395
ID,2023-12-16T00:00:00Z,2.299505895632126
ID,2023-12-17T00:00:00Z,2.173173580998183
ID,2023-12-18T00:00:00Z,2.017715916648217
ID,2023-12-19T00:00:00Z,1.9020876658068313
ID,2023-12-20T00:00:00Z,1.6522608619312418
ID,2023-12-21T00:00:00Z,1.4538085931755784
ID,2023-12-22T00:00:00Z,1.3274289385568987
ID,2023-12-23T00:00:00Z,1.2444708065140253
ID,2023-12-24T00:00:00Z,1.1972510240033198
ID,2023-12-25T00:00:00Z,1.1763943375710115
ID,2023-12-26T00:00:00Z,1.1639877374517769
ID,2023-12-27T00:00:00Z,1.1629744716458157
ID,2023-12-28T00:00:00Z,1.1658176500660125
ID,2023-12-29T00:00:00Z,1.1713704090104626
ID,2023-12-30T00:00:00Z,1.176765761857379
ID,2023-12-31T00:00:00Z,1.1848932764665383
ID,2024-01-01T00:00:00Z,1.1955079703932883
ID,2024-01-02T00:00:00Z,1.2061745684084042
ID,2024-01-03T00:00:00Z,1.2182874524422052
ID,2024-01-04T00:00:00Z,1.2311891040822749
ID,2024-01-05T00:00:00Z,1.2467378465808552
ID,2024-01-06T00:00:00Z,1.2502656725735215
ID,2024-01-07T00:00:00Z,1.2598377003454337
ID,2024-01-08T00:00:00Z,1.2671274857835635
ID,2024-01-09T00:00:00Z,1.2674356852186688
ID,2024-01-10T00:00:00Z,1.2482414285743069
ID,2024-01-11T00:00:00Z,1.2443597664484474
ID,2024-01-12T00:00:00Z,1.2325743198532593
ID,2024-01-13T00:00:00Z,1.2137695404285584
ID,2024-01-14T00:00:00Z,1.1934888526528853
ID,2024-01-15T00:00:00Z,1.1835136674867994
ID,2024-01-16T00:00:00Z,1.1669501267771447
ID,2024-01-17T00:00:00Z,1.1683269470910933
ID,2024-01-18T00:00:00Z,1.1465582450779073
ID,2024-01-19T00:00:00Z,1.1386862593030005
ID,2024-01-20T00:00:00Z,1.1294673215344575
ID,2024-01-21T00:00:00Z,1.132923793187052
ID,2024-01-22T00:00:00Z,1.1358772459463262
ID,2024-01-23T00:00:00Z,1.1416574626500893
ID,2024-01-24T00:00:00Z,1.152783174397155
ID,2024-01-25T00:00:00Z,1.1601727322492135
ID,2024-01-26T00:00:00Z,1.1666169913643507
ID,2024-01-27T00:00:00Z,1.178493335883757
ID,2024-01-28T00:00:00Z,1.1843046400303703
ID,2024-01-29T00:00:00Z,1.1962454997933025
ID,2024-01-30T00:00:00Z,1.2096232667979845
ID,2024-01-31T00:00:00Z,1.2243805791030833
ID,2024-02-01T00:00:00Z,1.2398102742857104
ID,2024-02-02T00:00:00Z,1.2572398998892362
ID,2024-02-03T00:00:00Z,1.2784900706674691
ID,2024-02-04T00:00:00Z,1.2974036181863717
ID,2024-02-05T00:00:00Z,1.316037178677946
ID,2024-02-06T00:00:00Z,1.3400058015146712
ID,2024-02-07T00:00:00Z,1.3608634929558239
ID,2024-02-08T00:00:00Z,1.3760922586960844
ID,2024-02-09T00:00:00Z,1.384681373270702
ID,2024-02-10T00:00:00Z,1.3922752575626667
ID,2024-02-11T00:00:00Z,1.3967238818988854
ID,2024-02-12T00:00:00Z,1.4031644258717568
ID,2024-02-13T00:00:00Z,1.4038020274463106
ID,2024-02-14T00:00:00Z,1.4185113319592086
ID,2024-02-15T00:00:00Z,1.4263167062534594
ID,2024-02-16T00:00:00Z,1.4342410302017539
ID,2024-02-17T00:00:00Z,1.4358916971330018
ID,2024-02-18T00:00:00Z,1.4321827508046874
ID,2024-02-19T00:00:00Z,1.43627731819942
ID,2024-02-20T00:00:00Z,1.4338377132521318
ID,2024-02-21T00:00:00Z,1.4253027519652084
ID,2024-02-22T00:00:00Z,1.4060466553004436
ID,2024-02-23T00:00:00Z,1.391073496192703
ID,2024-02-24T00:00:00Z,1.3604488387977045
ID,2024-02-25T00:00:00Z,1.348574491507336
ID,2024-02-26T00:00:00Z,1.3503375826298138
ID,2024-02-27T00:00:00Z,1.3540296179744107
ID,2024-02-28T00:00:00Z,1.3630599787072875
ID,2024-02-29T00:00:00Z,1.3829911857518489
ID,2024-03-01T00:00:00Z,1.4175345115024862
ID,2024-03-02T00:00:00Z,1.4522438132717277
ID,2024-03-03T00:00:00Z,1.4867163717714842
ID,2024-03-04T00:00:00Z,1.5271207967599205
ID,2024-03-05T00:00:00Z,1.5475961391128765
ID,2024-03-06T00:00:00Z,1.548677550110419
ID,2024-03-07T00:00:00Z,1.5606145228626682
ID,2024-03-08T00:00:00Z,1.5605768370006892
ID,2024-03-09T00:00:00Z,1.5570310496164927
ID,2024-03-10T00:00:00Z,1.5307115033704768
ID,2024-03-11T00:00:00Z,1.5276311353547274
ID,2024-03-12T00:00:00Z,1.510343809032313
ID,2024-03-13T00:00:00Z,1.4621799675213853
ID,2024-03-14T00:00:00Z,1.415785843745913
ID,2024-03-15T00:00:00Z,1.3794793523383304
ID,2024-03-16T00:00:00Z,1.3519786623189571
ID,2024-03-17T00:00:00Z,1.3197543182629015
ID,2024-03-18T00:00:00Z,1.3088875364724863
ID,2024-03-19T00:00:00Z,1.2907487561394175
ID,2024-03-20T00:00:00Z,1.2867576437691206
ID,2024-03-21T00:00:00Z,1.2880015357078767
ID,2024-03-22T00:00:00Z,1.2868045386522062
ID,2024-03-23T00:00:00Z,1.2852556937098598
ID,2024-03-24T00:00:00Z,1.2895486966056875
ID,2024-03-25T00:00:00Z,1.2912449422780217
ID,2024-03-26T00:00:00Z,1.2906313219538788
ID,2024-03-27T00:00:00Z,1.2841048291793569
ID,2024-03-28T00:00:00Z,1.2686193658345384
ID,2024-03-29T00:00:00Z,1.2591480841718559
ID,2024-03-30T00:00:00Z,1.253831505563299
ID,2024-03-31T00:00:00Z,1.2364377904869803
ID,2024-04-01T00:00:00Z,1.2182893189366082
ID,2024-04-02T00:00:00Z,1.199276690269265
ID,2024-04-03T00:00:00Z,1.1826648672546283
ID,2024-04-04T00:00:00Z,1.1505804645434876
ID,2024-04-05T00:00:00Z,1.1315662215251154
ID,2024-04-06T00:00:00Z,1.113414889428117
ID,2024-04-07T00:00:00Z,1.0983043824510237
ID,2024-04-08T00:00:00Z,1.0866170027021502
ID,2024-04-09T00:00:00Z,1.0847348657115314
ID,2024-04-10T00:00:00Z,1.0881248639470125
ID,2024-04-11T00:00:00Z,1.0906492387998081
ID,2024-04-12T00:00:00Z,1.0799056156968272
ID,2024-04-13T00:00:00Z,1.0707762089676962
ID,2024-04-14T00:00:00Z,1.0469115363071229
ID,2024-04-15T00:00:00Z,1.0096020268327544
ID,2024-04-16T00:00:00Z,0.9723042436524865
ID,2024-04-17T00:00:00Z,0.9402016805451991
ID,2024-04-18T00:00:00Z,0.9161937655746262
ID,2024-04-19T00:00:00Z,0.8937753926052602
ID,2024-04-20T00:00:00Z,0.8737248502873504
ID,2024-04-21T00:00:00Z,0.8660661593289631
ID,2024-04-22T00:00:00Z,0.8447982568133882
ID,2024-04-23T00:00:00Z,0.8356876428618008
ID,2024-04-24T00:00:00Z,0.8315129031163195
ID,2024-04-25T00:00:00Z,0.8345549103026381
ID,2024-04-26T00:00:00Z,0.8443527504416172
ID,2024-04-27T00:00:00Z,0.8575373392174073
ID,2024-04-28T00:00:00Z,0.8719850880551954
ID,2024-04-29T00:00:00Z,0.8897171583412881
ID,2024-04-30T00:00:00Z,0.9111001742283952
ID,2024-05-01T00:00:00Z,0.9342845015123563
ID,2024-05-02T00:00:00Z,0.9606933014811001
ID,2024-05-03T00:00:00Z,0.9875681138160218
ID,2024-05-04T00:00:00Z,1.0166915369879959
ID,2024-05-05T00:00:00Z,1.0459801591840485
ID,2024-05-06T00:00:00Z,1.0763463957856645
ID,2024-05-07T00:00:00Z,1.1085468035156711
ID,2024-05-08T00:00:00Z,1.142536833103287
ID,2024-05-09T00:00:00Z,1.17102179794
ID,2024-05-10T00:00:00Z,1.1897415680936358
ID,2024-05-11T00:00:00Z,1.2144873324057068
ID,2024-05-12T00:00:00Z,1.2374529829341523
ID,2024-05-13T00:00:00Z,1.2511571802303167
ID,2024-05-14T00:00:00Z,1.2604905927799586
ID,2024-05-15T00:00:00Z,1.2573960397795625
ID,2024-05-16T00:00:00Z,1.2528768993636743
ID,2024-05-17T00:00:00Z,1.23962323210901
ID,2024-05-18T00:00:00Z,1.2207884640939215
ID,2024-05-19T00:00:00Z,1.1915149715375486
ID,2024-05-20T00:00:00Z,1.1579288321137062
ID,2024-05-21T00:00:00Z,1.1302680759669668
ID,2024-05-22T00:00:00Z,1.0993864639465014
ID,2024-05-23T00:00:00Z,1.0748477168385846
ID,2024-05-24T00:00:00Z,1.0502684368396025
ID,2024-05-25T00:00:00Z,1.0226288241372228
ID,2024-05-26T00:00:00Z,0.9967334225004222
ID,2024-05-27T00:00:00Z,0.976191008918245
ID,2024-05-28T00:00:00Z,0.9625194173380114
ID,2024-05-29T00:00:00Z,0.9536722323473101
ID,2024-05-30T00:00:00Z,0.9554569158866084
ID,2024-05-31T00:00:00Z,0.9641234981201868
ID,2024-06-01T00:00:00Z,0.9760991183449059
ID,2024-06-02T00:00:00Z,0.9879418031374203
ID,2024-06-03T00:00:00Z,0.9987502615595001
ID,2024-06-04T00:00:00Z,1.009513576085526
ID,2024-06-05T00:00:00Z,1.025030755232495
ID,2024-06-06T00:00:00Z,1.0455399426216785
ID,2024-06-07T00:00:00Z,1.065685774550753
ID,2024-06-08T00:00:00Z,1.093011136690933
ID,2024-06-09T00:00:00Z,1.1170108419973626
ID,2024-06-10T00:00:00Z,1.1508503514806943
ID,2024-06-11T00:00:00Z,1.1911831389579974
ID,2024-06-12T00:00:00Z,1.2353119811607418
ID,2024-06-13T00:00:00Z,1.2869713054824528
ID,2024-06-14T00:00:00Z,1.3438485300837784
ID,2024-06-15T00:00:00Z,1.4009717495095646
ID,2024-06-16T00:00:00Z,1.4627176294585802
ID,2024-06-17T00:00:00Z,1.5303254949769889
ID,2024-06-18T00:00:00Z,1.5978131235618953
ID,2024-06-19T00:00:00Z,1.660523307724231
ID,2024-06-20T00:00:00Z,1.726604183978672
ID,2024-06-21T00:00:00Z,1.7875828212644087
ID,2024-06-22T00:00:00Z,1.845209680208751
ID,2024-06-23T00:00:00Z,1.89662486668606
ID,2024-06-24T00:00:00Z,1.9602787430001785
ID,2024-06-25T00:00:00Z,2.014109601855905
ID,2024-06-26T00:00:00Z,2.069772858791193
ID,2024-06-27T00:00:00Z,2.11937845911573
ID,2024-06-28T00:00:00Z,2.148441499118796
ID,2024-06-29T00:00:00Z,2.20133219763542
ID,2024-06-30T00:00:00Z,2.256806587053214
ID,2024-07-01T00:00:00Z,2.2921940296505716
ID,2024-07-02T00:00:00Z,2.323806690415862
ID,2024-07-03T00:00:00Z,2.348562973274506
ID,2024-07-04T00:00:00Z,2.3470723040599917
ID,2024-07-05T00:00:00Z,2.333123353689212
ID,2024-07-06T00:00:00Z,2.250205082357362
ID,2024-07-07T00:00:00Z,2.1729590443735884
ID,2024-07-08T00:00:00Z,2.0881107421790395
ID,2024-07-09T00:00:00Z,2.079268742799231
ID,2024-07-10T00:00:00Z,2.086053031007527
ID,2024-07-11T00:00:00Z,2.0928877059887094
ID,2024-07-12T00:00:00Z,2.0918563602720517
ID,2024-07-13T00:00:00Z,2.0840917896267093
ID,2024-07-14T00:00:00Z,2.060684821074975
ID,2024-07-15T00:00:00Z,2.031461545206961
ID,2024-07-16T00:00:00Z,1.992859106948325
ID,2024-07-17T00:00:00Z,1.978346934604751
ID,2024-07-18T00:00:00Z,2.013435428493768
ID,2024-07-19T00:00:00Z,2.0754316906665182
ID,2024-07-20T00:00:00Z,2.1067710549669
ID,2024-07-21T00:00:00Z,2.1537416024477336
ID,2024-07-22T00:00:00Z,2.198629927208116
ID,2024-07-23T00:00:00Z,2.2183521529546764
ID,2024-07-24T00:00:00Z,2.191986656550656
ID,2024-07-25T00:00:00Z,3.9549413964769786
ID,2024-07-26T00:00:00Z,2.143546061297045
ID,2024-07-27T00:00:00Z,2.1377146829127396
ID,2024-07-28T00:00:00Z,2.092191397179604
ID,2024-07-29T00:00:00Z,2.012638530090036
ID,2024-07-30T00:00:00Z,1.9722791204867962
ID,2024-07-31T00:00:00Z,1.908083585802951
ID,2024-08-01T00:00:00Z,1.799404441401534
ID,2024-08-02T00:00:00Z,1.7459019803347473
ID,2024-08-03T00:00:00Z,1.7939534895836964
ID,2024-08-04T00:00:00Z,1.7826857336934718
ID,2024-08-05T00:00:00Z,1.5607665092898593
ID,2024-08-06T00:00:00Z,1.3944248027007433
LF,2022-04-01T00:00:00Z,0.8948565014430251
LF,2022-04-02T00:00:00Z,0.8877870302044486
LF,2022-04-03T00:00:00Z,0.8989114847794075
LF,2022-04-04T00:00:00Z,0.9153754053263503
LF,2022-04-05T00:00:00Z,0.9245676361166066
LF,2022-04-06T00:00:00Z,0.9269684805949748
LF,2022-04-07T00:00:00Z,0.9308535780234382
LF,2022-04-08T00:00:00Z,0.9423823789981125
LF,2022-04-09T00:00:00Z,0.9598096246118378
LF,2022-04-10T00:00:00Z,0.9718887664782017
LF,2022-04-11T00:00:00Z,0.9725196067934119
LF,2022-04-12T00:00:00Z,0.9688482029767367
LF,2022-04-13T00:00:00Z,0.954882527007253
LF,2022-04-14T00:00:00Z,0.9385313093595021
LF,2022-04-15T00:00:00Z,0.9262999374043164
LF,2022-04-16T00:00:00Z,0.9215414423603049
LF,2022-04-17T00:00:00Z,0.921284536987165
LF,2022-04-18T00:00:00Z,0.9307229699174736
LF,2022-04-19T00:00:00Z,0.9613028485282619
LF,2022-04-20T00:00:00Z,1.0066349195005393
LF,2022-04-21T00:00:00Z,1.0518896687271129
LF,2022-04-22T00:00:00Z,1.097634234797642
LF,2022-04-23T00:00:00Z,1.1438399211152435
LF,2022-04-24T00:00:00Z,1.1824750760514935
LF,2022-04-25T00:00:00Z,1.2170802297249903
LF,2022-04-26T00:00:00Z,1.2617525488408161
LF,2022-04-27T00:00:00Z,1.3244807703165131
LF,2022-04-28T00:00:00Z,1.4041831595268575
LF,2022-04-29T00:00:00Z,1.4820654065977081
LF,2022-04-30T00:00:00Z,1.546449139778377
LF,2022-05-01T00:00:00Z,1.619514140676509
LF,2022-05-02T00:00:00Z,1.706689744793544
LF,2022-05-03T00:00:00Z,1.7995777913811333
LF,2022-05-04T00:00:00Z,1.9214475655472076
LF,2022-05-05T00:00:00Z,2.033864205341445
LF,2022-05-06T00:00:00Z,2.051882600442347
LF,2022-05-07T00:00:00Z,2.094136415024799
LF,2022-05-08T00:00:00Z,2.317087066153182
LF,2022-05-09T00:00:00Z,2.6008595973747486
LF,2022-05-10T00:00:00Z,2.787315142521419
LF,2022-05-11T00:00:00Z,2.8429348942991632
LF,2022-05-12T00:00:00Z,2.84007307337487
LF,2022-05-13T00:00:00Z,2.7140931388602514
LF,2022-05-14T00:00:00Z,2.5617515382274036
LF,2022-05-15T00:00:00Z,2.555091207347544
LF,2022-05-16T00:00:00Z,2.5540873590917568
LF,2022-05-17T00:00:00Z,2.6092617669009246
LF,2022-05-18T00:00:00Z,2.8063901023261435
LF,2022-05-19T00:00:00Z,2.949596643344742
LF,2022-05-20T00:00:00Z,2.964684766862168
LF,2022-05-21T00:00:00Z,3.0138549134381845
LF,2022-05-22T00:00:00Z,3.343893414873207
LF,2022-05-23T00:00:00Z,3.6349861786612103
LF,2022-05-24T00:00:00Z,3.6761506463791394
LF,2022-05-25T00:00:00Z,3.6596145962012234
LF,2022-05-26T00:00:00Z,3.513151685203189
LF,2022-05-27T00:00:00Z,3.3316910239218482
LF,2022-05-28T00:00:00Z,3.566906122569357
LF,2022-05-29T00:00:00Z,3.764815503659174
LF,2022-05-30T00:00:00Z,3.788049805131834
LF,2022-05-31T00:00:00Z,3.961944435418127
LF,2022-06-01T00:00:00Z,4.224664735681627
LF,2022-06-02T00:00:00Z,4.225970251565975
LF,2022-06-03T00:00:00Z,4.086499391083871
LF,2022-06-04T00:00:00Z,4.073911198886716
LF,2022-06-05T00:00:00Z,4.423170059205825
LF,2022-06-06T00:00:00Z,4.640893069775227
LF,2022-06-07T00:00:00Z,4.741607975438352
LF,2022-06-08T00:00:00Z,4.742075342889166
LF,2022-06-09T00:00:00Z,4.583086570043094
LF,2022-06-10T00:00:00Z,4.34550966102172
LF,2022-06-11T00:00:00Z,4.197785323714177
LF,2022-06-12T00:00:00Z,3.9269283154036563
LF,2022-06-13T00:00:00Z,4.1125570754355385
LF,2022-06-14T00:00:00Z,4.432377276413512
LF,2022-06-15T00:00:00Z,4.485537461247769
LF,2022-06-16T00:00:00Z,4.633094677285768
LF,2022-06-17T00:00:00Z,4.832465658218935
LF,2022-06-18T00:00:00Z,4.921573336294916
LF,2022-06-19T00:00:00Z,5.2605136937606325
LF,2022-06-20T00:00:00Z,6.066348106980775
LF,2022-06-21T00:00:00Z,6.712672899724435
LF,2022-06-22T00:00:00Z,6.735674872343446
LF,2022-06-23T00:00:00Z,6.299352503990306
LF,2022-06-24T00:00:00Z,5.45762831547642
LF,2022-06-25T00:00:00Z,6.295162898169352
LF,2022-06-26T00:00:00Z,7.176181939124125
LF,2022-06-27T00:00:00Z,7.182655643218241
LF,2022-06-28T00:00:00Z,6.611344509707324
LF,2022-06-29T00:00:00Z,5.946897894418607
LF,2022-06-30T00:00:00Z,6.54856033439531
LF,2022-07-01T00:00:00Z,6.651898076407525
LF,2022-07-02T00:00:00Z,6.397233874997917
LF,2022-07-03T00:00:00Z,5.980661809847689
LF,2022-07-04T00:00:00Z,6.391625410871846
LF,2022-07-05T00:00:00Z,6.893362059272481
LF,2022-07-06T00:00:00Z,7.194513340610549
LF,2022-07-07T00:00:00Z,7.173784044386303
LF,2022-07-08T00:00:00Z,7.315687534371872
LF,2022-07-09T00:00:00Z,7.487629360034152
LF,2022-07-10T00:00:00Z,6.944026839308486
LF,2022-07-11T00:00:00Z,6.127098295757427
LF,2022-07-12T00:00:00Z,5.617868086073675
LF,2022-07-13T00:00:00Z,5.254357230998493
LF,2022-07-14T00:00:00Z,5.497054877420648
LF,2022-07-15T00:00:00Z,5.446669698506607
LF,2022-07-16T00:00:00Z,5.596134225490817
LF,2022-07-17T00:00:00Z,5.4684913621713065
LF,2022-07-18T00:00:00Z,4.691576766110024
LF,2022-07-19T00:00:00Z,4.176879598679774
LF,2022-07-20T00:00:00Z,4.175309770349918
LF,2022-07-21T00:00:00Z,4.126179927572016
LF,2022-07-22T00:00:00Z,3.938721531959604
LF,2022-07-23T00:00:00Z,3.7266490076183647
LF,2022-07-24T00:00:00Z,3.4554093567970083
LF,2022-07-25T00:00:00Z,3.2262977909125854
LF,2022-07-26T00:00:00Z,3.0235629922119496
LF,2022-07-27T00:00:00Z,2.8437896867011823
LF,2022-07-28T00:00:00Z,2.7688068546295805
LF,2022-07-29T00:00:00Z,2.77872573900207
LF,2022-07-30T00:00:00Z,2.778276717532969
LF,2022-07-31T00:00:00Z,2.7531764323527197
LF,2022-08-01T00:00:00Z,2.80245377155247
LF,2022-08-02T00:00:00Z,2.9599765585185573
LF,2022-08-03T00:00:00Z,3.145002730949674
LF,2022-08-04T00:00:00Z,3.4171988927443353
LF,2022-08-05T00:00:00Z,3.8028307789975204
LF,2022-08-06T00:00:00Z,4.118380374901184
LF,2022-08-07T00:00:00Z,4.191758789061972
LF,2022-08-08T00:00:00Z,4.183969908390791
LF,2022-08-09T00:00:00Z,3.9985900653519773
LF,2022-08-10T00:00:00Z,3.83211778093347
LF,2022-08-11T00:00:00Z,3.7293402473340174
LF,2022-08-12T00:00:00Z,3.646129044343376
LF,2022-08-13T00:00:00Z,3.689852216400722
LF,2022-08-14T00:00:00Z,3.7999930921381857
LF,2022-08-15T00:00:00Z,3.875931010439623
LF,2022-08-16T00:00:00Z,3.8980756614129644
LF,2022-08-17T00:00:00Z,4.026237090892579
LF,2022-08-18T00:00:00Z,4.140178861344196
LF,2022-08-19T00:00:00Z,4.409792897589217
LF,2022-08-20T00:00:00Z,4.869153098234446
LF,2022-08-21T00:00:00Z,5.028414042543811
LF,2022-08-22T00:00:00Z,5.016876224898012
LF,2022-08-23T00:00:00Z,4.872273883337184
LF,2022-08-24T00:00:00Z,4.688045262602216
LF,2022-08-25T00:00:00Z,4.4837281329303975
LF,2022-08-26T00:00:00Z,4.278834552816618
LF,2022-08-27T00:00:00Z,4.170100125496536
LF,2022-08-28T00:00:00Z,4.066770424014483
LF,2022-08-29T00:00:00Z,3.823171080711903
LF,2022-08-30T00:00:00Z,3.507109328430637
LF,2022-08-31T00:00:00Z,3.124031377227578
LF,2022-09-01T00:00:00Z,2.806372097286981
LF,2022-09-02T00:00:00Z,2.5928782712198455
LF,2022-09-03T00:00:00Z,2.4287053449713962
LF,2022-09-04T00:00:00Z,2.3029477154935933
LF,2022-09-05T00:00:00Z,2.1644812448480106
LF,2022-09-06T00:00:00Z,2.0561079128253974
LF,2022-09-07T00:00:00Z,2.0032885110722214
LF,2022-09-08T00:00:00Z,1.9272597778774327
LF,2022-09-09T00:00:00Z,1.8134405518523897
LF,2022-09-10T00:00:00Z,1.6953773015496882
LF,2022-09-11T00:00:00Z,1.6546422879027698
LF,2022-09-12T00:00:00Z,1.665947316738059
LF,2022-09-13T00:00:00Z,1.6648566871483184
LF,2022-09-14T00:00:00Z,1.6597842457927097
LF,2022-09-15T00:00:00Z,1.6536523176218403
LF,2022-09-16T00:00:00Z,1.6469445804864618
LF,2022-09-17T00:00:00Z,1.6382286444628102
LF,2022-09-18T00:00:00Z,1.6411438669897962
LF,2022-09-19T00:00:00Z,1.6637559868263991
LF,2022-09-20T00:00:00Z,1.6807830440781224
LF,2022-09-21T00:00:00Z,1.7088813957019082
LF,2022-09-22T00:00:00Z,1.7426925120177934
LF,2022-09-23T00:00:00Z,1.8048795564492794
LF,2022-09-24T00:00:00Z,1.8664405670143411
LF,2022-09-25T00:00:00Z,1.8840032076838826
LF,2022-09-26T00:00:00Z,1.8864585478461016
LF,2022-09-27T00:00:00Z,2.05199791644036
LF,2022-09-28T00:00:00Z,2.783606207968788
LF,2022-09-29T00:00:00Z,3.3298603264479305
LF,2022-09-30T00:00:00Z,3.3089748368845
LF,2022-10-01T00:00:00Z,2.937014814472111
LF,2022-10-02T00:00:00Z,3.0084571841095955
LF,2022-10-03T00:00:00Z,3.4781776285986066
LF,2022-10-04T00:00:00Z,3.5266435515478674
LF,2022-10-05T00:00:00Z,3.409926062030343
LF,2022-10-06T00:00:00Z,3.13146143202582
LF,2022-10-07T00:00:00Z,3.275526962363339
LF,2022-10-08T00:00:00Z,3.475546022225788
LF,2022-10-09T00:00:00Z,3.657836350356695
LF,2022-10-10T00:00:00Z,3.800233855282022
LF,2022-10-11T00:00:00Z,4.012272632667668
LF,2022-10-12T00:00:00Z,4.0438457233812235
LF,2022-10-13T00:00:00Z,3.910968355091832
LF,2022-10-14T00:00:00Z,4.444121723942214
LF,2022-10-15T00:00:00Z,5.335522544420172
LF,2022-10-16T00:00:00Z,5.464589049787901
LF,2022-10-17T00:00:00Z,5.345960799496664
LF,2022-10-18T00:00:00Z,6.865414276858251
LF,2022-10-19T00:00:00Z,8.958590164225042
LF,2022-10-20T00:00:00Z,8.958590164225042
LF,2022-10-21T00:00:00Z,8.958590164225042
LF,2022-10-22T00:00:00Z,8.494575541453328
LF,2022-10-23T00:00:00Z,7.241857637739383
LF,2022-10-24T00:00:00Z,5.731704495503012
LF,2022-10-25T00:00:00Z,4.900877414583416
LF,2022-10-26T00:00:00Z,4.6100923931849165
LF,2022-10-27T00:00:00Z,5.194114228759328
LF,2022-10-28T00:00:00Z,6.234979181120531
LF,2022-10-29T00:00:00Z,7.548061382111908
LF,2022-10-30T00:00:00Z,7.68438568103143
LF,2022-10-31T00:00:00Z,7.329680516355931
LF,2022-11-01T00:00:00Z,8.51688672207753
LF,2022-11-02T00:00:00Z,8.875230277007645
LF,2022-11-03T00:00:00Z,8.608059106892409
LF,2022-11-04T00:00:00Z,7.901016912688583
LF,2022-11-05T00:00:00Z,7.4699155032499815
LF,2022-11-06T00:00:00Z,6.431906024988625
LF,2022-11-07T00:00:00Z,8.070335396233705
LF,2022-11-08T00:00:00Z,8.958590164225042
LF,2022-11-09T00:00:00Z,8.958590164225042
LF,2022-11-10T00:00:00Z,8.958590164225042
LF,2022-11-11T00:00:00Z,5.660827304689675
LF,2022-11-12T00:00:00Z,5.302304019807938
LF,2022-11-13T00:00:00Z,7.307203079650953
LF,2022-11-14T00:00:00Z,8.422734100714571
LF,2022-11-15T00:00:00Z,8.20928000823776
LF,2022-11-16T00:00:00Z,8.958590164225042
LF,2022-11-17T00:00:00Z,8.958590164225042
LF,2022-11-18T00:00:00Z,8.958590164225042
LF,2022-11-19T00:00:00Z,8.958590164225042
LF,2022-11-20T00:00:00Z,8.958590164225042
LF,2022-11-21T00:00:00Z,8.958590164225042
LF,2022-11-22T00:00:00Z,8.958590164225042
LF,2022-11-23T00:00:00Z,8.702807836215655
LF,2022-11-24T00:00:00Z,7.197557283582644
LF,2022-11-25T00:00:00Z,6.241652402045842
LF,2022-11-26T00:00:00Z,5.779137991129562
LF,2022-11-27T00:00:00Z,6.050851450270507
LF,2022-11-28T00:00:00Z,7.320767029207237
LF,2022-11-29T00:00:00Z,7.670456835754042
LF,2022-11-30T00:00:00Z,8.522714084033657
LF,2022-12-01T00:00:00Z,8.958590164225042
LF,2022-12-02T00:00:00Z,8.958590164225042
LF,2022-12-03T00:00:00Z,8.958590164225042
LF,2022-12-04T00:00:00Z,8.958590164225042
LF,2022-12-05T00:00:00Z,8.503106069741355
LF,2022-12-06T00:00:00Z,7.185548737951889
LF,2022-12-07T00:00:00Z,7.673673640182115
LF,2022-12-08T00:00:00Z,7.972173640772603
LF,2022-12-09T00:00:00Z,7.954247741025113
LF,2022-12-10T00:00:00Z,8.743217565793174
LF,2022-12-11T00:00:00Z,8.923955230421292
LF,2022-12-12T00:00:00Z,8.958590164225042
LF,2022-12-13T00:00:00Z,8.958590164225042
LF,2022-12-14T00:00:00Z,8.282889521400925
LF,2022-12-15T00:00:00Z,5.012314928681159
LF,2022-12-16T00:00:00Z,8.958590164225042
LF,2022-12-17T00:00:00Z,8.958590164225042
LF,2022-12-18T00:00:00Z,8.958590164225042
LF,2022-12-19T00:00:00Z,8.958590164225042
LF,2022-12-20T00:00:00Z,8.958590164225042
LF,2022-12-21T00:00:00Z,8.958590164225042
LF,2022-12-22T00:00:00Z,7.732067383833015
LF,2022-12-23T00:00:00Z,8.599860759663986
LF,2022-12-24T00:00:00Z,8.958590164225042
LF,2022-12-25T00:00:00Z,8.958590164225042
LF,2022-12-26T00:00:00Z,8.958590164225042
LF,2022-12-27T00:00:00Z,8.958590164225042
LF,2022-12-28T00:00:00Z,8.958590164225042
LF,2022-12-29T00:00:00Z,8.958590164225042
LF,2022-12-30T00:00:00Z,8.958590164225042
LF,2022-12-31T00:00:00Z,8.958590164225042
LF,2023-01-01T00:00:00Z,8.958590164225042
LF,2023-01-02T00:00:00Z,8.958590164225042
LF,2023-01-03T00:00:00Z,8.958590164225042
LF,2023-01-04T00:00:00Z,7.607927450435035
LF,2023-01-05T00:00:00Z,8.958590164225042
LF,2023-01-06T00:00:00Z,8.958590164225042
LF,2023-01-07T00:00:00Z,8.958590164225042
LF,2023-01-08T00:00:00Z,8.958590164225042
LF,2023-01-09T00:00:00Z,8.958590164225042
LF,2023-01-10T00:00:00Z,8.958590164225042
LF,2023-01-11T00:00:00Z,8.958590164225042
LF,2023-01-12T00:00:00Z,8.958590164225042
LF,2023-01-13T00:00:00Z,8.958590164225042
LF,2023-01-14T00:00:00Z,8.958590164225042
LF,2023-01-15T00:00:00Z,8.958590164225042
LF,2023-01-16T00:00:00Z,8.958590164225042
LF,2023-01-17T00:00:00Z,8.958590164225042
LF,2023-01-18T00:00:00Z,8.958590164225042
LF,2023-01-19T00:00:00Z,7.840700647804604
LF,2023-01-20T00:00:00Z,8.329659047733815
LF,2023-01-21T00:00:00Z,8.466887040246345
LF,2023-01-22T00:00:00Z,7.811307092270348
LF,2023-01-23T00:00:00Z,8.958590164225042
LF,2023-01-24T00:00:00Z,8.958590164225042
LF,2023-01-25T00:00:00Z,8.851981763260948
LF,2023-01-26T00:00:00Z,8.958590164225042
LF,2023-01-27T00:00:00Z,8.958590164225042
LF,2023-01-28T00:00:00Z,8.958590164225042
LF,2023-01-29T00:00:00Z,8.958590164225042
LF,2023-01-30T00:00:00Z,8.24393661109782
LF,2023-01-31T00:00:00Z,7.015696974494489
LF,2023-02-01T00:00:00Z,6.750720217235234
LF,2023-02-02T00:00:00Z,5.901842517759298
LF,2023-02-03T00:00:00Z,5.997193190359274
LF,2023-02-04T00:00:00Z,6.863213957983221
LF,2023-02-05T00:00:00Z,6.682888476477396
LF,2023-02-06T00:00:00Z,5.003263781958329
LF,2023-02-07T00:00:00Z,4.3181396137398425
LF,2023-02-08T00:00:00Z,4.152977969497643
LF,2023-02-09T00:00:00Z,3.9662990931540953
LF,2023-02-10T00:00:00Z,3.7373664130531563
LF,2023-02-11T00:00:00Z,3.5421969039395105
LF,2023-02-12T00:00:00Z,3.1411749949537535
LF,2023-02-13T00:00:00Z,3.772055165797424
LF,2023-02-14T00:00:00Z,3.7964089935502265
LF,2023-02-15T00:00:00Z,3.24240324956314
LF,2023-02-16T00:00:00Z,2.7315804933097394
LF,2023-02-17T00:00:00Z,2.3276860899878247
LF,2023-02-18T00:00:00Z,2.0994194383370623
LF,2023-02-19T00:00:00Z,2.0227988565970065
LF,2023-02-20T00:00:00Z,1.8410159202778886
LF,2023-02-21T00:00:00Z,1.6557527706593964
LF,2023-02-22T00:00:00Z,1.5528160715052128
LF,2023-02-23T00:00:00Z,1.495381221564429
LF,2023-02-24T00:00:00Z,1.48201506647249
LF,2023-02-25T00:00:00Z,1.512339433807526
LF,2023-02-26T00:00:00Z,1.5495673453573535
LF,2023-02-27T00:00:00Z,1.5587217058740122
LF,2023-02-28T00:00:00Z,1.5828308017397943
LF,2023-03-01T00:00:00Z,1.6689329950527945
LF,2023-03-02T00:00:00Z,1.7184389684845414
LF,2023-03-03T00:00:00Z,1.7199959742246327
LF,2023-03-04T00:00:00Z,1.7279039775045477
LF,2023-03-05T00:00:00Z,1.9099934795698126
LF,2023-03-06T00:00:00Z,2.0651723759235066
LF,2023-03-07T00:00:00Z,2.1846128720437967
LF,2023-03-08T00:00:00Z,2.3753156893530964
LF,2023-03-09T00:00:00Z,2.4454773370938345
LF,2023-03-10T00:00:00Z,2.406631711657309
LF,2023-03-11T00:00:00Z,2.4276633160340206
LF,2023-03-12T00:00:00Z,2.43021179580466
LF,2023-03-13T00:00:00Z,2.369324930872133
LF,2023-03-14T00:00:00Z,2.9579395697443283
LF,2023-03-15T00:00:00Z,3.265641255073806
LF,2023-03-16T00:00:00Z,3.2489417218553993
LF,2023-03-17T00:00:00Z,2.8048128478279963
LF,2023-03-18T00:00:00Z,2.4431337336627923
LF,2023-03-19T00:00:00Z,3.1238880066026096
LF,2023-03-20T00:00:00Z,3.326540782928582
LF,2023-03-21T00:00:00Z,3.3027655693946563
LF,2023-03-22T00:00:00Z,3.0331457450803665
LF,2023-03-23T00:00:00Z,2.7292686721166985
LF,2023-03-24T00:00:00Z,2.6136362986856674
LF,2023-03-25T00:00:00Z,2.5754230854029676
LF,2023-03-26T00:00:00Z,2.7147705835993294
LF,2023-03-27T00:00:00Z,2.9766538473784805
LF,2023-03-28T00:00:00Z,3.2929453337887082
LF,2023-03-29T00:00:00Z,3.6856875468035155
LF,2023-03-30T00:00:00Z,3.848168671867465
LF,2023-03-31T00:00:00Z,3.790835733529746
LF,2023-04-01T00:00:00Z,3.355654926386724
LF,2023-04-02T00:00:00Z,3.117855164292724
LF,2023-04-03T00:00:00Z,3.1494837544113676
LF,2023-04-04T00:00:00Z,3.141759268375668
LF,2023-04-05T00:00:00Z,3.1933614992236588
LF,2023-04-06T00:00:00Z,3.242752097021604
LF,2023-04-07T00:00:00Z,3.2859287900215084
LF,2023-04-08T00:00:00Z,3.4483834130065683
LF,2023-04-09T00:00:00Z,4.319333494115114
LF,2023-04-10T00:00:00Z,5.186514987053838
LF,2023-04-11T00:00:00Z,5.205190562760426
LF,2023-04-12T00:00:00Z,4.9322499092254155
LF,2023-04-13T00:00:00Z,4.10525043552437
LF,2023-04-14T00:00:00Z,3.782843737838237
LF,2023-04-15T00:00:00Z,3.8149933322357032
LF,2023-04-16T00:00:00Z,3.9990243814916457
LF,2023-04-17T00:00:00Z,5.285694811460025
LF,2023-04-18T00:00:00Z,5.793004101898469
LF,2023-04-19T00:00:00Z,5.490867831579193
LF,2023-04-20T00:00:00Z,4.724451337443023
LF,2023-04-21T00:00:00Z,4.670514666483707
LF,2023-04-22T00:00:00Z,4.709975171813527
LF,2023-04-23T00:00:00Z,5.888413604159174
LF,2023-04-24T00:00:00Z,6.301089931535743
LF,2023-04-25T00:00:00Z,6.512382918315503
LF,2023-04-26T00:00:00Z,7.144377035975414
LF,2023-04-27T00:00:00Z,7.142074136894059
LF,2023-04-28T00:00:00Z,6.438433373467688
LF,2023-04-29T00:00:00Z,6.19956271682516
LF,2023-04-30T00:00:00Z,4.365517067070777
LF,2023-05-01T00:00:00Z,6.622513088030183
LF,2023-05-02T00:00:00Z,7.286190563619803
LF,2023-05-03T00:00:00Z,7.5254792647848
LF,2023-05-04T00:00:00Z,7.453732321307812
LF,2023-05-05T00:00:00Z,7.217047481892751
LF,2023-05-06T00:00:00Z,7.76060856202283
LF,2023-05-07T00:00:00Z,7.84022992863761
LF,2023-05-08T00:00:00Z,7.148150554065981
LF,2023-05-09T00:00:00Z,7.256642265132798
LF,2023-05-10T00:00:00Z,8.581376799341305
LF,2023-05-11T00:00:00Z,8.958590164225042
LF,2023-05-12T00:00:00Z,8.958590164225042
LF,2023-05-13T00:00:00Z,8.958590164225042
LF,2023-05-14T00:00:00Z,8.958590164225042
LF,2023-05-15T00:00:00Z,8.958590164225042
LF,2023-05-16T00:00:00Z,8.958590164225042
LF,2023-05-17T00:00:00Z,7.973627373246184
LF,2023-05-18T00:00:00Z,7.605992051763956
LF,2023-05-19T00:00:00Z,8.958590164225042
LF,2023-05-20T00:00:00Z,8.958590164225042
LF,2023-05-21T00:00:00Z,8.958590164225042
LF,2023-05-22T00:00:00Z,8.827872388399452
LF,2023-05-23T00:00:00Z,8.46179557824141
LF,2023-05-24T00:00:00Z,8.958590164225042
LF,2023-05-25T00:00:00Z,8.958590164225042
LF,2023-05-26T00:00:00Z,8.958590164225042
LF,2023-05-27T00:00:00Z,8.958590164225042
LF,2023-05-28T00:00:00Z,8.958590164225042
LF,2023-05-29T00:00:00Z,8.958590164225042
LF,2023-05-30T00:00:00Z,8.84875480716661
LF,2023-05-31T00:00:00Z,7.692589118283197
LF,2023-06-01T00:00:00Z,7.71324317259193
LF,2023-06-02T00:00:00Z,7.9109517763821735
LF,2023-06-03T00:00:00Z,7.701704022791423
LF,2023-06-04T00:00:00Z,7.8773715401865445
LF,2023-06-05T00:00:00Z,8.032789867903753
LF,2023-06-06T00:00:00Z,7.777281110554627
LF,2023-06-07T00:00:00Z,6.6709013145779
LF,2023-06-08T00:00:00Z,6.195471281726614
LF,2023-06-09T00:00:00Z,7.34801960741429
LF,2023-06-10T00:00:00Z,8.395218458799665
LF,2023-06-11T00:00:00Z,8.478772470727279
LF,2023-06-12T00:00:00Z,8.103678108157949
LF,2023-06-13T00:00:00Z,8.183865994280632
LF,2023-06-14T00:00:00Z,8.195520265256041
LF,2023-06-15T00:00:00Z,7.475393036768173
LF,2023-06-16T00:00:00Z,5.731296198739076
LF,2023-06-17T00:00:00Z,6.348295318530384
LF,2023-06-18T00:00:00Z,6.36018534361156
LF,2023-06-19T00:00:00Z,6.004176155160134
LF,2023-06-20T00:00:00Z,4.326494944875196
LF,2023-06-21T00:00:00Z,3.252596062548222
LF,2023-06-22T00:00:00Z,3.1600375672065293
LF,2023-06-23T00:00:00Z,2.943741237529515
LF,2023-06-24T00:00:00Z,3.0431894392070324
LF,2023-06-25T00:00:00Z,3.0650310628123165
LF,2023-06-26T00:00:00Z,2.9424966310976197
LF,2023-06-27T00:00:00Z,2.583965828617628
LF,2023-06-28T00:00:00Z,2.2815628358490776
LF,2023-06-29T00:00:00Z,2.0946485503370336
LF,2023-06-30T00:00:00Z,1.9880427280769617
LF,2023-07-01T00:00:00Z,1.9064354745193366
LF,2023-07-02T00:00:00Z,1.8479735244384075
LF,2023-07-03T00:00:00Z,1.812183293480373
LF,2023-07-04T00:00:00Z,1.8266767689815495
LF,2023-07-05T00:00:00Z,1.8838165059885255
LF,2023-07-06T00:00:00Z,1.9540742098553516
LF,2023-07-07T00:00:00Z,2.0307053990177204
LF,2023-07-08T00:00:00Z,2.141374562007026
LF,2023-07-09T00:00:00Z,2.2613814552564087
LF,2023-07-10T00:00:00Z,2.304030379013701
LF,2023-07-11T00:00:00Z,2.495243686036169
LF,2023-07-12T00:00:00Z,2.8540369566817283
LF,2023-07-13T00:00:00Z,3.0419011601368
LF,2023-07-14T00:00:00Z,3.0591061265186625
LF,2023-07-15T00:00:00Z,3.0186396876250656
LF,2023-07-16T00:00:00Z,3.0334777357931526
LF,2023-07-17T00:00:00Z,3.139678968228647
LF,2023-07-18T00:00:00Z,3.265159260636289
LF,2023-07-19T00:00:00Z,3.404558402875282
LF,2023-07-20T00:00:00Z,3.5946350635997253
LF,2023-07-21T00:00:00Z,3.795029700515851
LF,2023-07-22T00:00:00Z,3.8269879884438964
LF,2023-07-23T00:00:00Z,3.8406408254365014
LF,2023-07-24T00:00:00Z,4.2521042841550845
LF,2023-07-25T00:00:00Z,4.74096058434528
LF,2023-07-26T00:00:00Z,4.9793662021498655
LF,2023-07-27T00:00:00Z,4.968044352964738
LF,2023-07-28T00:00:00Z,4.68552186921114
LF,2023-07-29T00:00:00Z,4.344626376645852
LF,2023-07-30T00:00:00Z,4.155155491375443
LF,2023-07-31T00:00:00Z,4.085078366104506
LF,2023-08-01T00:00:00Z,3.8700914670321556
LF,2023-08-02T00:00:00Z,3.772582660079839
LF,2023-08-03T00:00:00Z,3.7600643725637557
LF,2023-08-04T00:00:00Z,3.611036396338227
LF,2023-08-05T00:00:00Z,3.372316557443998
LF,2023-08-06T00:00:00Z,3.30692262666647
LF,2023-08-07T00:00:00Z,3.310891348234077
LF,2023-08-08T00:00:00Z,3.295652687329219
LF,2023-08-09T00:00:00Z,3.283576384959599
LF,2023-08-10T00:00:00Z,3.264236458967165
LF,2023-08-11T00:00:00Z,3.3514960752259144
LF,2023-08-12T00:00:00Z,3.587442879407096
LF,2023-08-13T00:00:00Z,3.674094013720093
LF,2023-08-14T00:00:00Z,3.6632881526406664
LF,2023-08-15T00:00:00Z,3.585747866142064
LF,2023-08-16T00:00:00Z,3.5845983460368624
LF,2023-08-17T00:00:00Z,3.530904157119737
LF,2023-08-18T00:00:00Z,3.7098455884720143
LF,2023-08-19T00:00:00Z,3.790163238089135
LF,2023-08-20T00:00:00Z,3.782815180571183
LF,2023-08-21T00:00:00Z,3.802808609930399
LF,2023-08-22T00:00:00Z,4.007423774547781
LF,2023-08-23T00:00:00Z,4.2626066330306696
LF,2023-08-24T00:00:00Z,4.460501884249553
LF,2023-08-25T00:00:00Z,4.5011222857929285
LF,2023-08-26T00:00:00Z,4.489678707849708
LF,2023-08-27T00:00:00Z,4.342014897094888
LF,2023-08-28T00:00:00Z,4.160147667640645
LF,2023-08-29T00:00:00Z,3.9004100954944914
LF,2023-08-30T00:00:00Z,2.835534182397422
LF,2023-08-31T00:00:00Z,2.3346427917373704
LF,2023-09-01T00:00:00Z,3.3609194383009515
LF,2023-09-02T00:00:00Z,3.8604937810552866
LF,2023-09-03T00:00:00Z,3.844625211334572
LF,2023-09-04T00:00:00Z,3.4537995067233984
LF,2023-09-05T00:00:00Z,3.0112910559513613
LF,2023-09-06T00:00:00Z,2.717726745399915
LF,2023-09-07T00:00:00Z,2.619686989647737
LF,2023-09-08T00:00:00Z,2.556436012342323
LF,2023-09-09T00:00:00Z,2.500034547692067
LF,2023-09-10T00:00:00Z,2.4452996963501596
LF,2023-09-11T00:00:00Z,2.464036329497577
LF,2023-09-12T00:00:00Z,2.465543454630754
LF,2023-09-13T00:00:00Z,2.4883504896595343
LF,2023-09-14T00:00:00Z,2.492207518812212
LF,2023-09-15T00:00:00Z,2.4829534956896344
LF,2023-09-16T00:00:00Z,2.5805101205052123
LF,2023-09-17T00:00:00Z,2.7132414175500688
LF,2023-09-18T00:00:00Z,2.9189620268297856
LF,2023-09-19T00:00:00Z,3.115101262702651
LF,2023-09-20T00:00:00Z,3.2028716243617885
LF,2023-09-21T00:00:00Z,3.4272262020178292
LF,2023-09-22T00:00:00Z,3.7874668350904757
LF,2023-09-23T00:00:00Z,3.8745292404905927
LF,2023-09-24T00:00:00Z,3.8623622656679135
LF,2023-09-25T00:00:00Z,3.6734196281615823
LF,2023-09-26T00:00:00Z,3.4169825158098215
LF,2023-09-27T00:00:00Z,3.5927539699604445
LF,2023-09-28T00:00:00Z,4.036622868951574
LF,2023-09-29T00:00:00Z,4.087592915693826
LF,2023-09-30T00:00:00Z,4.0232884788376415
LF,2023-10-01T00:00:00Z,4.483666756460905
LF,2023-10-02T00:00:00Z,4.903330710540089
LF,2023-10-03T00:00:00Z,4.9493534147592415
LF,2023-10-04T00:00:00Z,4.912412431841763
LF,2023-10-05T00:00:00Z,4.663332559400894
LF,2023-10-06T00:00:00Z,4.3953565493053
LF,2023-10-07T00:00:00Z,5.144211203925796
LF,2023-10-08T00:00:00Z,6.132118369920901
LF,2023-10-09T00:00:00Z,6.184950068285197
LF,2023-10-10T00:00:00Z,5.5866334338269805
LF,2023-10-11T00:00:00Z,5.067960388879578
LF,2023-10-12T00:00:00Z,3.6039670902351957
LF,2023-10-13T00:00:00Z,3.395436976857176
LF,2023-10-14T00:00:00Z,3.8474563274477673
LF,2023-10-15T00:00:00Z,4.299163265316704
LF,2023-10-16T00:00:00Z,5.336010758087849
LF,2023-10-17T00:00:00Z,5.484012365690357
LF,2023-10-18T00:00:00Z,5.100364217681747
LF,2023-10-19T00:00:00Z,4.488744150632667
LF,2023-10-20T00:00:00Z,4.066523136227351
LF,2023-10-21T00:00:00Z,3.6895608762330374
LF,2023-10-22T00:00:00Z,4.0533334771102005
LF,2023-10-23T00:00:00Z,4.456881755959853
LF,2023-10-24T00:00:00Z,4.6244265847105135
LF,2023-10-25T00:00:00Z,4.620192136663943
LF,2023-10-26T00:00:00Z,4.429882420660258
LF,2023-10-27T00:00:00Z,4.056698683759674
LF,2023-10-28T00:00:00Z,3.964796509056834
LF,2023-10-29T00:00:00Z,3.9698075390807923
LF,2023-10-30T00:00:00Z,3.8913933940725465
LF,2023-10-31T00:00:00Z,4.5183564236366935
LF,2023-11-01T00:00:00Z,7.716159103812977
LF,2023-11-02T00:00:00Z,8.958590164225042
LF,2023-11-03T00:00:00Z,8.958590164225042
LF,2023-11-04T00:00:00Z,8.389204463050453
LF,2023-11-05T00:00:00Z,7.260123729113144
LF,2023-11-06T00:00:00Z,6.587275069400383
LF,2023-11-07T00:00:00Z,6.220571696612544
LF,2023-11-08T00:00:00Z,5.919283573568476
LF,2023-11-09T00:00:00Z,5.355275869947825
LF,2023-11-10T00:00:00Z,4.926846740781929
LF,2023-11-11T00:00:00Z,5.828199994960441
LF,2023-11-12T00:00:00Z,7.762070865680185
LF,2023-11-13T00:00:00Z,8.958590164225042
LF,2023-11-14T00:00:00Z,8.958590164225042
LF,2023-11-15T00:00:00Z,8.958590164225042
LF,2023-11-16T00:00:00Z,7.738206021104537
LF,2023-11-17T00:00:00Z,7.818273457508154
LF,2023-11-18T00:00:00Z,8.100409013098037
LF,2023-11-19T00:00:00Z,8.595671919379447
LF,2023-11-20T00:00:00Z,8.5520743726701
LF,2023-11-21T00:00:00Z,6.964505577804824
LF,2023-11-22T00:00:00Z,6.082483492058242
LF,2023-11-23T00:00:00Z,7.923703017346552
LF,2023-11-24T00:00:00Z,8.958590164225042
LF,2023-11-25T00:00:00Z,8.958590164225042
LF,2023-11-26T00:00:00Z,8.418639222428324
LF,2023-11-27T00:00:00Z,7.297663514364522
LF,2023-11-28T00:00:00Z,8.958590164225042
LF,2023-11-29T00:00:00Z,8.958590164225042
LF,2023-11-30T00:00:00Z,8.958590164225042
LF,2023-12-01T00:00:00Z,8.146836844542495
LF,2023-12-02T00:00:00Z,6.046333586189419
LF,2023-12-03T00:00:00Z,5.916967065257088
LF,2023-12-04T00:00:00Z,6.807972336828589
LF,2023-12-05T00:00:00Z,7.975283946342268
LF,2023-12-06T00:00:00Z,8.271099985769322
LF,2023-12-07T00:00:00Z,8.079113826386214
LF,2023-12-08T00:00:00Z,5.92925787059084
LF,2023-12-09T00:00:00Z,4.317677580580937
LF,2023-12-10T00:00:00Z,3.625041189516676
LF,2023-12-11T00:00:00Z,4.325644998638694
LF,2023-12-12T00:00:00Z,5.433252700118756
LF,2023-12-13T00:00:00Z,5.989204607936318
LF,2023-12-14T00:00:00Z,6.021208142307039
LF,2023-12-15T00:00:00Z,5.582582078876333
LF,2023-12-16T00:00:00Z,4.296811808941671
LF,2023-12-17T00:00:00Z,2.7800359518030624
LF,2023-12-18T00:00:00Z,2.6434805767067475
LF,2023-12-19T00:00:00Z,2.800871563555735
LF,2023-12-20T00:00:00Z,2.705751547038572
LF,2023-12-21T00:00:00Z,2.241185598151576
LF,2023-12-22T00:00:00Z,1.8327487865831926
LF,2023-12-23T00:00:00Z,1.5677623638456317
LF,2023-12-24T00:00:00Z,1.4133014757136504
LF,2023-12-25T00:00:00Z,1.3002937578752616
LF,2023-12-26T00:00:00Z,1.2029264886166475
LF,2023-12-27T00:00:00Z,1.1582394789249448
LF,2023-12-28T00:00:00Z,1.1558567337812926
LF,2023-12-29T00:00:00Z,1.1592076259099628
LF,2023-12-30T00:00:00Z,1.1807418448429496
LF,2023-12-31T00:00:00Z,1.1971054448323333
LF,2024-01-01T00:00:00Z,1.2103504567099372
LF,2024-01-02T00:00:00Z,1.2309755900179329
LF,2024-01-03T00:00:00Z,1.2377748640952293
LF,2024-01-04T00:00:00Z,1.2600095774915878
LF,2024-01-05T00:00:00Z,1.2799449329627102
LF,2024-01-06T00:00:00Z,1.2777665305509807
LF,2024-01-07T00:00:00Z,1.2761904679363945
LF,2024-01-08T00:00:00Z,1.3019268799713077
LF,2024-01-09T00:00:00Z,1.2982948585747178
LF,2024-01-10T00:00:00Z,1.2011084054095054
LF,2024-01-11T00:00:00Z,1.2206583041589583
LF,2024-01-12T00:00:00Z,1.2221108244880672
LF,2024-01-13T00:00:00Z,1.2083533238970612
LF,2024-01-14T00:00:00Z,1.2036949419616814
LF,2024-01-15T00:00:00Z,1.2038034776134816
LF,2024-01-16T00:00:00Z,1.1796192604101277
LF,2024-01-17T00:00:00Z,1.1550484991600474
LF,2024-01-18T00:00:00Z,1.1554031555194837
LF,2024-01-19T00:00:00Z,1.1505912071648778
LF,2024-01-20T00:00:00Z,1.1271252825271676
LF,2024-01-21T00:00:00Z,1.1406899148002996
LF,2024-01-22T00:00:00Z,1.1407623092958472
LF,2024-01-23T00:00:00Z,1.128764432600526
LF,2024-01-24T00:00:00Z,1.1128930991092012
LF,2024-01-25T00:00:00Z,1.1090253640152625
LF,2024-01-26T00:00:00Z,1.1099420316152253
LF,2024-01-27T00:00:00Z,1.1256058790298051
LF,2024-01-28T00:00:00Z,1.148988064980028
LF,2024-01-29T00:00:00Z,1.1953172318338867
LF,2024-01-30T00:00:00Z,1.2282473431113723
LF,2024-01-31T00:00:00Z,1.2518405152350514
LF,2024-02-01T00:00:00Z,1.2758399715745656
LF,2024-02-02T00:00:00Z,1.2970608553511136
LF,2024-02-03T00:00:00Z,1.3236247254910396
LF,2024-02-04T00:00:00Z,1.3236380411465
LF,2024-02-05T00:00:00Z,1.3313183646009688
LF,2024-02-06T00:00:00Z,1.4396124759008821
LF,2024-02-07T00:00:00Z,1.5119292316022939
LF,2024-02-08T00:00:00Z,1.5187965619622708
LF,2024-02-09T00:00:00Z,1.5026162967002987
LF,2024-02-10T00:00:00Z,1.464399308198717
LF,2024-02-11T00:00:00Z,1.4390913825578553
LF,2024-02-12T00:00:00Z,1.4177584735611723
LF,2024-02-13T00:00:00Z,1.4560443021682539
LF,2024-02-14T00:00:00Z,1.5695825662683007
LF,2024-02-15T00:00:00Z,1.6171401388779751
LF,2024-02-16T00:00:00Z,1.619450136460544
LF,2024-02-17T00:00:00Z,1.6151493959934233
LF,2024-02-18T00:00:00Z,1.6531178464840743
LF,2024-02-19T00:00:00Z,1.7071185004688445
LF,2024-02-20T00:00:00Z,1.7110824738752197
LF,2024-02-21T00:00:00Z,1.7053980091174987
LF,2024-02-22T00:00:00Z,1.6705632432584567
LF,2024-02-23T00:00:00Z,1.5653014283539841
LF,2024-02-24T00:00:00Z,1.4578202159695413
LF,2024-02-25T00:00:00Z,1.47441342773044
LF,2024-02-26T00:00:00Z,1.4767046318481236
LF,2024-02-27T00:00:00Z,1.4705433475277503
LF,2024-02-28T00:00:00Z,1.4519607927557372
LF,2024-02-29T00:00:00Z,1.5118758934452752
LF,2024-03-01T00:00:00Z,1.5692310044346665
LF,2024-03-02T00:00:00Z,1.614645196396824
LF,2024-03-03T00:00:00Z,1.7059547018628458
LF,2024-03-04T00:00:00Z,1.8019562414208532
LF,2024-03-05T00:00:00Z,1.8222728393166614
LF,2024-03-06T00:00:00Z,1.8183601143804988
LF,2024-03-07T00:00:00Z,1.8334168679273863
LF,2024-03-08T00:00:00Z,1.8346871949998194
LF,2024-03-09T00:00:00Z,1.8007252814194232
LF,2024-03-10T00:00:00Z,1.7720200382898919
LF,2024-03-11T00:00:00Z,1.8676198706897753
LF,2024-03-12T00:00:00Z,1.8658635584067438
LF,2024-03-13T00:00:00Z,1.7616370149296838
LF,2024-03-14T00:00:00Z,1.6598414550736837
LF,2024-03-15T00:00:00Z,1.5946370931478262
LF,2024-03-16T00:00:00Z,1.5335181634037596
LF,2024-03-17T00:00:00Z,1.480902214406995
LF,2024-03-18T00:00:00Z,1.4293996738719696
LF,2024-03-19T00:00:00Z,1.4088750461906714
LF,2024-03-20T00:00:00Z,1.411229954664968
LF,2024-03-21T00:00:00Z,1.3996023738705357
LF,2024-03-22T00:00:00Z,1.3698274415824225
LF,2024-03-23T00:00:00Z,1.3029968228603874
LF,2024-03-24T00:00:00Z,1.3507786462598979
LF,2024-03-25T00:00:00Z,1.3794793676046837
LF,2024-03-26T00:00:00Z,1.3718483269123782
LF,2024-03-27T00:00:00Z,1.3118905144872908
LF,2024-03-28T00:00:00Z,1.2652152272167791
LF,2024-03-29T00:00:00Z,1.2991017749116855
LF,2024-03-30T00:00:00Z,1.3028193746099028
LF,2024-03-31T00:00:00Z,1.2843366828031386
LF,2024-04-01T00:00:00Z,1.248926549369636
LF,2024-04-02T00:00:00Z,1.2198533818234594
LF,2024-04-03T00:00:00Z,1.1655955040692452
LF,2024-04-04T00:00:00Z,1.086382099935913
LF,2024-04-05T00:00:00Z,1.070188984856884
LF,2024-04-06T00:00:00Z,1.067158688661772
LF,2024-04-07T00:00:00Z,1.0530145648562368
LF,2024-04-08T00:00:00Z,1.0304272739991238
LF,2024-04-09T00:00:00Z,1.0060277899264167
LF,2024-04-10T00:00:00Z,0.9892647701405096
LF,2024-04-11T00:00:00Z,0.9640045818425093
LF,2024-04-12T00:00:00Z,0.94446059731135
LF,2024-04-13T00:00:00Z,0.9698694908184031
LF,2024-04-14T00:00:00Z,0.9709349882197269
LF,2024-04-15T00:00:00Z,0.954704170976008
LF,2024-04-16T00:00:00Z,0.9130666599700122
LF,2024-04-17T00:00:00Z,0.864588303852723
LF,2024-04-18T00:00:00Z,0.8151412085242026
LF,2024-04-19T00:00:00Z,0.7721337108939897
LF,2024-04-20T00:00:00Z,0.7364301491972631
LF,2024-04-21T00:00:00Z,0.704381720733505
LF,2024-04-22T00:00:00Z,0.6749693655464075
LF,2024-04-23T00:00:00Z,0.6549955244933625
LF,2024-04-24T00:00:00Z,0.6400375679971455
LF,2024-04-25T00:00:00Z,0.62682877786632
LF,2024-04-26T00:00:00Z,0.6213192993512279
LF,2024-04-27T00:00:00Z,0.6274964938731693
LF,2024-04-28T00:00:00Z,0.6380049485652618
LF,2024-04-29T00:00:00Z,0.6525438766185107
LF,2024-04-30T00:00:00Z,0.6712932494995255
LF,2024-05-01T00:00:00Z,0.6955365997706321
LF,2024-05-02T00:00:00Z,0.7242577819649489
LF,2024-05-03T00:00:00Z,0.7567798841787773
LF,2024-05-04T00:00:00Z,0.7918216321610113
LF,2024-05-05T00:00:00Z,0.8314773759349576
LF,2024-05-06T00:00:00Z,0.8752239426564143
LF,2024-05-07T00:00:00Z,0.9188369434166517
LF,2024-05-08T00:00:00Z,0.9624413558781092
LF,2024-05-09T00:00:00Z,1.0003450788257335
LF,2024-05-10T00:00:00Z,1.0354676868757617
LF,2024-05-11T00:00:00Z,1.0877480070810575
LF,2024-05-12T00:00:00Z,1.1504575187246264
LF,2024-05-13T00:00:00Z,1.1747982211652284
LF,2024-05-14T00:00:00Z,1.1747348452032553
LF,2024-05-15T00:00:00Z,1.1915623483907065
LF,2024-05-16T00:00:00Z,1.222859203911851
LF,2024-05-17T00:00:00Z,1.228043535904977
LF,2024-05-18T00:00:00Z,1.219989231548916
LF,2024-05-19T00:00:00Z,1.1826688556205085
LF,2024-05-20T00:00:00Z,1.1419227067127142
LF,2024-05-21T00:00:00Z,1.109975053090642
LF,2024-05-22T00:00:00Z,1.0706008392025852
LF,2024-05-23T00:00:00Z,1.026620620328803
LF,2024-05-24T00:00:00Z,0.9829013900828512
LF,2024-05-25T00:00:00Z,0.9400649099411745
LF,2024-05-26T00:00:00Z,0.9023969638494271
LF,2024-05-27T00:00:00Z,0.86688207605699
LF,2024-05-28T00:00:00Z,0.8350764672415801
LF,2024-05-29T00:00:00Z,0.8106535123849846
LF,2024-05-30T00:00:00Z,0.7970844580554859
LF,2024-05-31T00:00:00Z,0.7973276094653166
LF,2024-06-01T00:00:00Z,0.8023079506742656
LF,2024-06-02T00:00:00Z,0.8082642040649163
LF,2024-06-03T00:00:00Z,0.8139055471244839
LF,2024-06-04T00:00:00Z,0.8267243615225655
LF,2024-06-05T00:00:00Z,0.8430472141957367
LF,2024-06-06T00:00:00Z,0.8618915163242119
LF,2024-06-07T00:00:00Z,0.8851361102954061
LF,2024-06-08T00:00:00Z,0.914909727228616
LF,2024-06-09T00:00:00Z,0.9538678354119489
LF,2024-06-10T00:00:00Z,0.9981621651564426
LF,2024-06-11T00:00:00Z,1.0418248028778943
LF,2024-06-12T00:00:00Z,1.0996328724852777
LF,2024-06-13T00:00:00Z,1.1854408707129296
LF,2024-06-14T00:00:00Z,1.2817628517628377
LF,2024-06-15T00:00:00Z,1.3702327313578322
LF,2024-06-16T00:00:00Z,1.4743607079705383
LF,2024-06-17T00:00:00Z,1.613772371824389
LF,2024-06-18T00:00:00Z,1.7507362184569406
LF,2024-06-19T00:00:00Z,1.8917852132117836
LF,2024-06-20T00:00:00Z,2.0545046229662796
LF,2024-06-21T00:00:00Z,2.149940097751101
LF,2024-06-22T00:00:00Z,2.172957020923339
LF,2024-06-23T00:00:00Z,2.2327170490091013
LF,2024-06-24T00:00:00Z,2.3413850401164096
LF,2024-06-25T00:00:00Z,2.4850740376635825
LF,2024-06-26T00:00:00Z,2.6368778358283462
LF,2024-06-27T00:00:00Z,2.7742160607120874
LF,2024-06-28T00:00:00Z,2.926594452273269
LF,2024-06-29T00:00:00Z,3.1564755388933228
LF,2024-06-30T00:00:00Z,3.198274389446766
LF,2024-07-01T00:00:00Z,3.1593892290156003
LF,2024-07-02T00:00:00Z,3.2393918070948775
LF,2024-07-03T00:00:00Z,3.3288161477568843
LF,2024-07-04T00:00:00Z,3.33190784518149
LF,2024-07-05T00:00:00Z,3.266333318836173
LF,2024-07-06T00:00:00Z,3.1207008646059733
LF,2024-07-07T00:00:00Z,2.981753747531974
LF,2024-07-08T00:00:00Z,2.8287108726318038
LF,2024-07-09T00:00:00Z,2.7664568715764744
LF,2024-07-10T00:00:00Z,2.8542854139960916
LF,2024-07-11T00:00:00Z,2.9436885068600875
LF,2024-07-12T00:00:00Z,3.0768761715790998
LF,2024-07-13T00:00:00Z,3.178120638089061
LF,2024-07-14T00:00:00Z,3.177650116915596
LF,2024-07-15T00:00:00Z,3.0894025161371643
LF,2024-07-16T00:00:00Z,2.9121861472077883
LF,2024-07-17T00:00:00Z,2.758123039674072
LF,2024-07-18T00:00:00Z,2.736105800774275
LF,2024-07-19T00:00:00Z,2.754859611525489
LF,2024-07-20T00:00:00Z,2.77136229583746
LF,2024-07-21T00:00:00Z,2.899709329069553
LF,2024-07-22T00:00:00Z,2.9654404372170298
LF,2024-07-23T00:00:00Z,NA
LF,2024-07-24T00:00:00Z,2.8937607347407224
LF,2024-07-25T00:00:00Z,2.883069432402585
LF,2024-07-26T00:00:00Z,2.8128734865120366
LF,2024-07-27T00:00:00Z,2.7781935621005793
LF,2024-07-28T00:00:00Z,2.8424060232573902
LF,2024-07-29T00:00:00Z,2.8553161359715293
LF,2024-07-30T00:00:00Z,2.8230934937552767
LF,2024-07-31T00:00:00Z,2.663559014317433
LF,2024-08-01T00:00:00Z,2.4600023418745045
LF,2024-08-02T00:00:00Z,2.2872825315630028
LF,2024-08-03T00:00:00Z,2.171758574065843
LF,2024-08-04T00:00:00Z,2.0762895396845202
LF,2024-08-05T00:00:00Z,1.6191519942178436
LF,2024-08-06T00:00:00Z,1.196204199226985
LF,2024-08-07T00:00:00Z,1.1275354518832499
LF,2024-08-08T00:00:00Z,1.1277034957443774
LF,2024-08-09T00:00:00Z,1.051716884256418
LF,2024-08-10T00:00:00Z,0.9228238296383835
LF,2024-08-11T00:00:00Z,0.8043422508851699
LF,2024-08-12T00:00:00Z,0.7182213301050991
LF,2024-08-13T00:00:00Z,0.6608169960152733
LF,2024-08-14T00:00:00Z,0.6255556987224734
LF,2024-08-15T00:00:00Z,0.6063187337159052
LF,2024-08-16T00:00:00Z,0.5975865634738013
LF,2024-08-17T00:00:00Z,0.5983725534991404
LF,2024-08-18T00:00:00Z,0.6032402944812479
LF,2024-08-19T00:00:00Z,0.6099425727373905
LF,2024-08-20T00:00:00Z,0.6194884128329269
LF,2024-08-21T00:00:00Z,0.632086972434294
LF,2024-08-22T00:00:00Z,0.646617753075564
LF,2024-08-23T00:00:00Z,0.6629126934326188
LF,2024-08-24T00:00:00Z,0.6811495905335656
LF,2024-08-25T00:00:00Z,0.7004759048322804
LF,2024-08-26T00:00:00Z,0.7197944376439976
LF,2024-08-27T00:00:00Z,0.738647771622195
LF,2024-08-28T00:00:00Z,0.7582700333846303
LF,2024-08-29T00:00:00Z,0.7790730521646152
LF,2024-08-30T00:00:00Z,0.8014601896807303
LF,2024-08-31T00:00:00Z,0.8263757230662617
LF,2024-09-01T00:00:00Z,0.8517349239351327
LF,2024-09-02T00:00:00Z,0.8763265486368362
LF,2024-09-03T00:00:00Z,0.900071579874743
LF,2024-09-04T00:00:00Z,0.917246955914256
LF,2024-09-05T00:00:00Z,0.9346520385723613
LF,2024-09-06T00:00:00Z,0.9733316440998734
LF,2024-09-07T00:00:00Z,1.0282030708066057
LF,2024-09-08T00:00:00Z,1.084777002976249
LF,2024-09-09T00:00:00Z,1.146158949229248
LF,2024-09-10T00:00:00Z,1.218829968740906
LF,2024-09-11T00:00:00Z,1.2861019495236619
LF,2024-09-12T00:00:00Z,1.3256439198205285
LF,2024-09-13T00:00:00Z,1.3482177466809648
LF,2024-09-14T00:00:00Z,1.3811328638794849
LF,2024-09-15T00:00:00Z,1.4288135390177983
LF,2024-09-16T00:00:00Z,1.4625774625947652
LF,2024-09-17T00:00:00Z,1.4677540232158084
LF,2024-09-18T00:00:00Z,1.4621922716031164
LF,2024-09-19T00:00:00Z,1.4401222771128965
LF,2024-09-20T00:00:00Z,1.4360130994939444
LF,2024-09-21T00:00:00Z,1.4537950746600998
LF,2024-09-22T00:00:00Z,1.4744219878835556
LF,2024-09-23T00:00:00Z,1.4945492412678059
LF,2024-09-24T00:00:00Z,1.5219874450577933
LF,2024-09-25T00:00:00Z,1.5382596367334267
LF,2024-09-26T00:00:00Z,1.4927882913562138
LF,2024-09-27T00:00:00Z,1.2283837848042078
LF,2024-09-28T00:00:00Z,1.140740099921004
LF,2024-09-29T00:00:00Z,1.3629837804040903
LF,2024-09-30T00:00:00Z,1.4774768887799583
LF,2024-10-01T00:00:00Z,1.4927499223902785
LF,2024-10-02T00:00:00Z,1.4919795166848526
LF,2024-10-03T00:00:00Z,1.4717435529787464
LF,2024-10-04T00:00:00Z,1.4132998226191733
LF,2024-10-05T00:00:00Z,1.322094075030599
