ID,date,K600_one,K600_rc,depth,method,ratio
AM,2022-05-12,2.4189097451169825,11.056408580956482,0.4108314364648162,M6_breakpoint_stat,0.21877897577729752
AM,2022-05-13,2.44106708427861,11.525818968725206,0.40047548625370327,M6_breakpoint_stat,0.21179120467728466
AM,2022-05-14,2.4817030388516392,12.515032316518472,0.3881293093984667,M6_breakpoint_stat,0.19829777311689903
AM,2022-05-15,2.4869328499630727,13.654629418702267,0.3698460587795037,M6_breakpoint_stat,0.1821311127313941
AM,2022-05-16,2.504229937881308,14.41564787585433,0.35726225169699033,M6_breakpoint_stat,0.17371608681395442
AM,2022-05-17,2.538010041623469,15.614496142310134,0.3455656119005128,M6_breakpoint_stat,0.16254191095838813
AM,2022-05-18,2.5452120950187616,17.337048348175486,0.32840130202429907,M6_breakpoint_stat,0.1468076943608809
AM,2022-05-19,2.572900066233886,18.87421449029234,0.3121156641186556,M6_breakpoint_stat,0.1363182593668848
AM,2022-05-20,2.5741609332510715,19.758980799685236,0.30157456259177035,M6_breakpoint_stat,0.13027802189534382
AM,2022-05-21,2.5685458461544597,19.947583507117255,0.29754368300233186,M6_breakpoint_stat,0.12876476216971383
AM,2022-05-22,2.586455130107391,20.059405266577627,0.29657373759658484,M6_breakpoint_stat,0.12893977143065474
AM,2022-07-01,2.5856474170099735,34.308395604130624,0.2546547789741982,M6_breakpoint_stat,0.07536485957678153
AM,2022-07-02,2.690363438344094,21.78009444605151,0.28893722343100603,M6_breakpoint_stat,0.12352395647356006
AM,2022-07-03,2.6495216922365,25.086576436405014,0.27453660802777574,M6_breakpoint_stat,0.10561511647287114
AM,2022-07-04,2.655791162494109,29.12746126650094,0.252808820583445,M6_breakpoint_stat,0.09117825745934456
AM,2022-07-05,2.638338369352185,33.393787098925806,0.23460004938166484,M6_breakpoint_stat,0.07900686320890671
AM,2022-07-06,2.683906793128832,37.687959291901834,0.21934442834866866,M6_breakpoint_stat,0.07121390607385669
AM,2022-07-07,2.673380439114203,41.497812595305696,0.20682236343281665,M6_breakpoint_stat,0.06442220136240676
AM,2022-07-08,2.682100040529998,41.74270099795973,0.20297413535313147,M6_breakpoint_stat,0.06425315028515026
AM,2022-07-09,2.638643090963555,39.85038187412539,0.21672940652656406,M6_breakpoint_stat,0.06621374669126597
AM,2022-07-10,2.635929261505457,32.592696421687926,0.24370973728976192,M6_breakpoint_stat,0.08087484470144818
AM,2022-07-11,2.6125163135245,26.104700484389216,0.26988439053446067,M6_breakpoint_stat,0.10007838684403991
AM,2022-07-12,2.6145511598041775,21.725445063783106,0.30238374129743795,M6_breakpoint_stat,0.12034511385742351
AM,2022-07-13,2.5884550937659485,16.769544083230105,0.3503241812154658,M6_breakpoint_stat,0.15435452990963885
AM,2022-07-14,2.51158230523426,12.633776191036656,0.4032478538513346,M6_breakpoint_stat,0.19879901838186462
AM,2022-07-15,2.484435755682546,9.751899392127708,0.46782838148439965,M6_breakpoint_stat,0.2547642931681724
AM,2022-07-16,2.432199577180852,7.075803115819111,0.5624217782693994,M6_breakpoint_stat,0.3437347729112577
AM,2022-07-17,2.2916002189743327,4.885327918287238,0.6789263380674444,M6_breakpoint_stat,0.46907807567966736
AM,2022-07-21,0.3250612948314391,3.5157877797112547,1.0861627904171798,M6_breakpoint_stat,0.09245759846691765
AM,2022-07-22,0.3260691075614455,3.5157877797112547,1.11701588138309,M6_breakpoint_stat,0.09274425192644165
AM,2022-07-23,0.3261099297701715,3.5157877797112547,1.111335509451395,M6_breakpoint_stat,0.09275586303930845
AM,2022-07-24,0.32584466298826764,3.5157877797112547,1.097832695711241,M6_breakpoint_stat,0.0926804128703777
AM,2022-07-25,0.32484179940947494,3.5157877797112547,1.0926645875155183,M6_breakpoint_stat,0.09239516710424246
AM,2022-07-26,0.3265185632691986,3.5157877797112547,1.0971510288450697,M6_breakpoint_stat,0.09287209118634998
AM,2022-07-27,0.3259422188225215,3.5157877797112547,1.0838578306859923,M6_breakpoint_stat,0.09270816080067568
AM,2022-07-29,1.7783407768265207,3.5157877797112547,0.9827496170485401,M6_breakpoint_stat,0.5058157341261857
AM,2022-07-30,2.0086257181322913,3.5157877797112547,0.9295936796350817,M6_breakpoint_stat,0.5713159735418547
AM,2022-07-31,2.080317144884976,3.5157877797112547,0.8758953922426108,M6_breakpoint_stat,0.5917072574431181
AM,2022-08-01,2.0431652541510816,3.5157877797112547,0.8189147656930802,M6_breakpoint_stat,0.5811400978016037
AM,2022-08-02,2.230785525952783,3.6505620234018497,0.7557794592564204,M6_breakpoint_stat,0.6110800231998197
AM,2022-08-03,2.38657269927685,4.362388032934306,0.6902303033673655,M6_breakpoint_stat,0.5470794164249417
AM,2022-08-04,2.372002977791439,5.25369546149336,0.6271854260523261,M6_breakpoint_stat,0.4514922867488018
AM,2022-08-05,2.4751540911456864,6.1730815743380365,0.571099243913663,M6_breakpoint_stat,0.40095923913189285
AM,2022-08-06,2.358312674395936,6.693932391248869,0.535396116184737,M6_breakpoint_stat,0.35230601932565264
AM,2022-08-07,2.523854045802733,6.776849632375955,0.5244214192864934,M6_breakpoint_stat,0.37242290779851245
AM,2022-08-08,2.4990525801964023,6.755789213431136,0.5269988557291998,M6_breakpoint_stat,0.36991275204798485
AM,2022-08-09,2.421576867032905,6.595269000043195,0.5346482176501837,M6_breakpoint_stat,0.36716877916837737
AM,2022-08-10,2.4386374849355867,6.4139137489173565,0.5456221254643789,M6_breakpoint_stat,0.38021052050274595
AM,2022-08-11,2.4234379082032467,6.018553192164571,0.5795784959823336,M6_breakpoint_stat,0.4026612095674871
AM,2022-08-12,2.4286954092006803,5.140883030487756,0.6251430766369412,M6_breakpoint_stat,0.47242767337778757
AM,2022-08-13,2.3644593952641837,4.733357745448448,0.6361587155935502,M6_breakpoint_stat,0.4995310987296123
AM,2022-08-14,2.471408200803184,4.883036196436027,0.624835866624824,M6_breakpoint_stat,0.5061212125781468
AM,2022-08-15,2.4670869598769283,4.932892236361495,0.6203077146829331,M6_breakpoint_stat,0.5001299119594499
AM,2022-08-16,2.3848265481493667,5.25136869200469,0.6102133856458476,M6_breakpoint_stat,0.4541342815598362
AM,2022-08-17,2.4821089614198804,5.920378539561222,0.5802434864294204,M6_breakpoint_stat,0.41924835461683796
AM,2022-08-18,2.491768366736771,6.632587677404269,0.5444388615534208,M6_breakpoint_stat,0.3756857033681838
AM,2022-08-19,2.536878639568017,7.2555655202691165,0.516315251084141,M6_breakpoint_stat,0.34964588666190166
AM,2022-08-20,2.537907308471599,7.814263813673954,0.494492918978953,M6_breakpoint_stat,0.3247788107730108
AM,2022-08-21,2.604068556127663,8.163329214915219,0.47903058485449235,M6_breakpoint_stat,0.31899590076188145
AM,2022-08-22,2.6093453191162648,8.192022181706749,0.4762311515681887,M6_breakpoint_stat,0.31852273605204356
AM,2022-08-23,2.569214316678353,7.903702232057703,0.4990297271875012,M6_breakpoint_stat,0.32506466479183976
AM,2022-08-24,2.604528170475313,6.848637486325852,0.5353187317515066,M6_breakpoint_stat,0.38029873470096415
AM,2022-08-25,2.5397791919211974,6.782264966258662,0.5365023638659995,M6_breakpoint_stat,0.3744736020424501
AM,2022-08-26,2.4959874648936693,7.047556856200307,0.516713129505201,M6_breakpoint_stat,0.3541635088332415
AM,2022-08-27,2.4628373868226676,6.838138817212577,0.5655089962088141,M6_breakpoint_stat,0.36016194649680877
AM,2022-08-28,2.200028324561376,4.708228991656419,0.7376860151607657,M6_breakpoint_stat,0.4672730082712855
AM,2022-08-30,0.32356093116808693,3.5157877797112547,1.1508254937959579,M6_breakpoint_stat,0.09203084811753354
AM,2022-08-31,0.3276259680884664,3.5157877797112547,1.2953289720931882,M6_breakpoint_stat,0.09318707175077949
AM,2022-09-02,0.32136933036378473,3.5157877797112547,1.4975445641611562,M6_breakpoint_stat,0.09140748830698144
AM,2022-09-03,0.3238431403602792,3.5157877797112547,1.4812043914460638,M6_breakpoint_stat,0.09211111723782027
AM,2022-09-04,0.32335766646108755,3.5157877797112547,1.41952910700606,M6_breakpoint_stat,0.09197303327780619
AM,2022-09-05,0.324105310054806,3.5157877797112547,1.3834824262632726,M6_breakpoint_stat,0.09218568649824027
AM,2022-09-06,0.32490116800874147,3.5157877797112547,1.3757054261981216,M6_breakpoint_stat,0.09241205339061308
AM,2022-09-09,0.32560977152626486,3.5157877797112547,1.3119747199861531,M6_breakpoint_stat,0.09261360239240794
AM,2022-09-11,0.3243225541764374,3.5157877797112547,1.262393429595429,M6_breakpoint_stat,0.09224747752069194
AM,2022-09-18,0.32364504604319083,3.5157877797112547,1.1879721131847965,M6_breakpoint_stat,0.09205477301868636
AM,2022-09-19,0.32547593532021135,3.5157877797112547,1.139384674849124,M6_breakpoint_stat,0.09257553518970991
AM,2022-09-20,0.3242019713190584,3.5157877797112547,1.0872584785928505,M6_breakpoint_stat,0.09221317998485237
AM,2022-09-22,0.7246497485627396,3.5157877797112547,0.9817319937503305,M6_breakpoint_stat,0.20611305174462316
AM,2022-09-27,2.339178753568166,3.5157877797112547,0.7705010244978494,M6_breakpoint_stat,0.6653355947895918
AM,2022-09-28,2.2134474856098776,3.930993845863121,0.7208358825550096,M6_breakpoint_stat,0.5630757951807159
AM,2022-09-29,2.4213020734789565,4.320283895096408,0.6771766246362496,M6_breakpoint_stat,0.5604497603102364
AM,2022-09-30,2.411555494615892,4.587988202725646,0.6528064133285756,M6_breakpoint_stat,0.5256237348612247
AM,2022-10-01,2.471392131944442,5.058813926923574,0.6267473470864182,M6_breakpoint_stat,0.4885319301410586
AM,2022-10-02,2.4501352315583804,5.722338169251184,0.5902615096855724,M6_breakpoint_stat,0.42817029666721024
AM,2022-10-03,2.3653981930664982,6.412829270829596,0.5540135906613712,M6_breakpoint_stat,0.3688540725426951
AM,2022-10-04,2.6474083439996443,7.017679455847012,0.5253052931664698,M6_breakpoint_stat,0.3772483996535163
AM,2022-10-05,2.4624219982851394,7.672177660339263,0.5019280642768864,M6_breakpoint_stat,0.320954767642366
AM,2022-10-06,2.53802444638278,8.485732899326644,0.47733622908429796,M6_breakpoint_stat,0.2990931339099981
AM,2022-10-07,2.5805434234612856,9.338121566929576,0.4531725854594314,M6_breakpoint_stat,0.27634502345740847
AM,2022-10-08,2.620823618395706,10.191474008690388,0.43193137595551967,M6_breakpoint_stat,0.25715844598739096
AM,2022-10-09,2.697739222155204,10.973510233348582,0.41373116015041445,M6_breakpoint_stat,0.24584104491530465
AM,2022-10-10,2.727105016805231,11.694978209474613,0.39988426165893926,M6_breakpoint_stat,0.2331859852971666
AM,2022-10-11,2.671438585186239,12.702158741849884,0.3848351510092394,M6_breakpoint_stat,0.21031374583476373
AM,2022-10-12,2.7310161553131,13.543619010337803,0.36918226001532883,M6_breakpoint_stat,0.20164596724321052
AM,2022-10-13,2.709083998684093,13.9894426338475,0.3602484907496323,M6_breakpoint_stat,0.19365203243547788
AM,2022-10-14,2.6886455757590806,15.04138673816797,0.352264252339932,M6_breakpoint_stat,0.17874984684334735
AM,2022-10-15,2.700987291639512,18.40655437430074,0.32686931135736164,M6_breakpoint_stat,0.14674051627015183
AM,2022-10-16,2.711799278415046,21.483933315294752,0.295388211965527,M6_breakpoint_stat,0.12622452502607953
AM,2022-10-17,2.763155210292565,22.119354525520933,0.2839259890043392,M6_breakpoint_stat,0.12492024607248298
AM,2022-10-18,2.7330536852578247,22.982761756538935,0.27847826214579957,M6_breakpoint_stat,0.11891754847435733
AM,2022-10-19,2.730322600166772,23.906779313041874,0.27280614272349596,M6_breakpoint_stat,0.1142070441365265
AM,2022-10-20,2.7391507846110614,24.561908410928385,0.2681106488887458,M6_breakpoint_stat,0.1115202751669054
AM,2022-10-21,2.7113786838887397,25.20159026296789,0.264667616982031,M6_breakpoint_stat,0.10758760282968871
AM,2022-10-22,2.715429742143945,26.06968908868584,0.2603993552546768,M6_breakpoint_stat,0.10416041913297816
AM,2022-10-23,2.707032210641977,26.27267063985913,0.2574510099500082,M6_breakpoint_stat,0.10303605018878628
AM,2022-10-24,2.7322014270752693,26.228555421360596,0.2587724247230423,M6_breakpoint_stat,0.10416896329906748
AM,2022-10-25,2.7007568764151335,25.69835306765693,0.26137168928440174,M6_breakpoint_stat,0.10509455097393824
AM,2022-10-27,2.728374986333968,25.057419946282423,0.2646022583493359,M6_breakpoint_stat,0.1088849128195561
AM,2022-10-28,2.759032456212501,24.73756075419647,0.26576841357910413,M6_breakpoint_stat,0.11153211440802464
AM,2022-10-29,2.717518132848895,24.825254875293066,0.2652714938794861,M6_breakpoint_stat,0.10946587040093035
AM,2022-10-30,2.729023797486388,24.82836400534638,0.2649812451228959,M6_breakpoint_stat,0.10991557063118365
AM,2022-10-31,2.7445143889960013,24.797844211064056,0.2655343184259738,M6_breakpoint_stat,0.11067552347036204
AM,2022-11-01,2.734930161805571,24.662279205901736,0.2659487321270254,M6_breakpoint_stat,0.11089527204570356
AM,2022-11-02,2.742458856518857,24.786172192012184,0.2655511602642849,M6_breakpoint_stat,0.11064471090064751
AM,2022-11-03,2.706922949149382,24.876401390365576,0.2648113176624056,M6_breakpoint_stat,0.10881489274400238
AM,2022-11-04,2.7382185648941517,24.931071724953544,0.26445930066946727,M6_breakpoint_stat,0.10983156260199857
AM,2022-11-05,2.744347457112828,24.930156875507382,0.2645108320130346,M6_breakpoint_stat,0.11008143554078516
AM,2022-11-09,2.756284068112828,24.198901795789645,0.27147504556742963,M6_breakpoint_stat,0.11390120474774572
AM,2022-11-10,2.5713098535562335,23.633691188529497,0.2732454507378359,M6_breakpoint_stat,0.10879848742392839
AM,2022-11-11,2.675515091162569,24.265499182133244,0.2693152480823466,M6_breakpoint_stat,0.11026004744763537
AM,2022-11-12,2.6993701158971226,24.268568754191335,0.26840175118909365,M6_breakpoint_stat,0.11122906106405324
AM,2022-11-13,2.762371031528704,24.12402519027634,0.26926817445268353,M6_breakpoint_stat,0.11450705302041103
AM,2022-11-14,2.7321283326325907,24.18940064997872,0.2692020064390179,M6_breakpoint_stat,0.11294733475072663
AM,2022-11-15,2.6659521378159257,24.43996856173486,0.2678380745623848,M6_breakpoint_stat,0.10908165168387124
AM,2022-11-16,2.7698570916094756,24.55027425904234,0.26671238892068794,M6_breakpoint_stat,0.11282387570840614
AM,2022-11-17,2.8090336995027787,24.54820978225245,0.2668227116910678,M6_breakpoint_stat,0.11442926895360075
AM,2022-11-18,2.759852358012125,24.408502548088016,0.26756306884565195,M6_breakpoint_stat,0.11306930249304915
AM,2022-11-19,2.751178873538723,24.662337510823445,0.2664253896034871,M6_breakpoint_stat,0.11155385706368369
AM,2022-11-20,2.644030771524168,24.715881486750156,0.2658214654662744,M6_breakpoint_stat,0.10697699667080847
AM,2022-11-21,2.74077544977291,25.046201224960328,0.26478996398007587,M6_breakpoint_stat,0.1094287882284333
AM,2022-11-22,2.770470131886699,25.219563655916687,0.2630558873113406,M6_breakpoint_stat,0.1098540073764015
AM,2022-11-23,2.7690752495301787,25.33135669455173,0.2625556255127337,M6_breakpoint_stat,0.10931413121373604
AM,2022-11-24,2.8047106512821336,25.576780756735403,0.2614367808732674,M6_breakpoint_stat,0.10965847023353553
AM,2022-11-25,2.7694455906808795,25.621472924580104,0.2607389625551978,M6_breakpoint_stat,0.1080908033208347
AM,2022-11-26,2.740877098652201,25.53891483232149,0.2617266957659847,M6_breakpoint_stat,0.1073215959506395
AM,2022-11-27,2.642975233242381,25.37015516609185,0.2620761594723758,M6_breakpoint_stat,0.1041765498058449
AM,2022-11-28,2.5305694411359005,25.358537447499938,0.2623957654537931,M6_breakpoint_stat,0.0997916163885621
AM,2022-11-29,2.7966264011177646,25.132943100612565,0.26366915234621285,M6_breakpoint_stat,0.11127333515705937
AM,2022-11-30,2.6559745991511705,25.1028210217162,0.2634982893097455,M6_breakpoint_stat,0.10580382965139709
AM,2022-12-01,2.7616538968582662,25.116401362671773,0.2634807128657738,M6_breakpoint_stat,0.10995420311138449
AM,2022-12-02,2.747246158341204,25.418652748201037,0.26251351452648003,M6_breakpoint_stat,0.108079927978702
AM,2022-12-03,2.7807844055426965,25.447538341053512,0.26157631753734556,M6_breakpoint_stat,0.10927518285949751
AM,2022-12-04,2.7931375371919613,25.607888498309556,0.261626824660679,M6_breakpoint_stat,0.10907332470525025
AM,2022-12-05,2.7870562514590445,26.439355160053907,0.25831809484753504,M6_breakpoint_stat,0.10541317042670877
AM,2022-12-07,2.790383680310729,26.752235673909443,0.25496522610657757,M6_breakpoint_stat,0.10430469117884217
AM,2022-12-08,2.7853736811961385,26.716623294585112,0.2550393062381569,M6_breakpoint_stat,0.10425620223348638
AM,2022-12-09,2.812208725155517,26.701016404918104,0.2551986693279113,M6_breakpoint_stat,0.10532216011962495
AM,2022-12-15,2.7513262052861633,27.260316521009987,0.25247603976416505,M6_breakpoint_stat,0.100927889196212
AM,2022-12-20,2.7075092292970786,27.69066213015071,0.25316089349988097,M6_breakpoint_stat,0.09777697682241529
AM,2022-12-21,2.732968169941151,27.993371357651423,0.24968651429177394,M6_breakpoint_stat,0.09762911851609289
AM,2023-01-04,2.657855757894912,26.892377161852693,0.254531395300674,M6_breakpoint_stat,0.098833053764586
AM,2023-01-21,2.65339244851969,14.058670890862594,0.3577964560383087,M6_breakpoint_stat,0.18873707686295277
AM,2023-02-10,1.7911454786725964,3.5157877797112547,0.9785505590996206,M6_breakpoint_stat,0.5094577917953
AM,2023-02-11,1.31651182439544,3.5157877797112547,1.0127626859735765,M6_breakpoint_stat,0.374457136461053
AM,2023-02-15,0.3261667138581263,3.5157877797112547,1.6113720417073063,M6_breakpoint_stat,0.09277201420983203
AM,2023-02-16,0.32507623413304454,3.5157877797112547,1.779742665294045,M6_breakpoint_stat,0.09246184767151744
AM,2023-02-17,0.3254513620262897,3.5157877797112547,1.9112971885111945,M6_breakpoint_stat,0.09256854577639452
AM,2023-02-18,0.32534823571819066,3.5157877797112547,2.019729908142836,M6_breakpoint_stat,0.0925392134291197
AM,2023-02-19,0.3255560688641749,3.5157877797112547,2.1050475447177353,M6_breakpoint_stat,0.09259832767577121
AM,2023-02-20,0.32637533965451926,3.5157877797112547,2.165629188013588,M6_breakpoint_stat,0.09283135391104974
AM,2023-02-21,0.32651764184446763,3.5157877797112547,2.197188468359487,M6_breakpoint_stat,0.09287182910433915
AM,2023-02-22,0.3248030816487645,3.5157877797112547,2.1973411758863834,M6_breakpoint_stat,0.09238415456220739
AM,2023-02-23,0.32592619932585404,3.5157877797112547,2.1624864796050782,M6_breakpoint_stat,0.09270360435481739
AM,2023-02-24,0.3238350790589124,3.5157877797112547,2.091587765352118,M6_breakpoint_stat,0.09210882435159622
AM,2023-02-26,0.32364119939069064,3.5157877797112547,1.9234759599829918,M6_breakpoint_stat,0.09205367891041213
AM,2023-03-01,0.3244685595969759,3.5157877797112547,1.6504740679456886,M6_breakpoint_stat,0.09228900602857887
AM,2023-03-02,0.3238165581089915,3.5157877797112547,1.5617053193867638,M6_breakpoint_stat,0.09210355641420029
AM,2023-03-03,0.322568957949686,3.5157877797112547,1.4805687193966999,M6_breakpoint_stat,0.0917486999104872
AM,2023-03-05,0.5551319832787048,3.5157877797112547,1.331406588830006,M6_breakpoint_stat,0.15789689766891926
AM,2023-03-06,0.7233926010387717,3.5157877797112547,1.2615785687083856,M6_breakpoint_stat,0.20575547967180846
AM,2023-03-07,0.8609738547142448,3.5157877797112547,1.1999350090823881,M6_breakpoint_stat,0.24488789103901915
AM,2023-03-10,1.8736514908925632,3.5157877797112547,1.0297756436683896,M6_breakpoint_stat,0.5329250820271191
AM,2023-03-16,2.171205890279167,3.5157877797112547,1.0050474225159907,M6_breakpoint_stat,0.6175588591577288
AM,2023-03-18,1.697101319472808,3.5157877797112547,0.9807890893371168,M6_breakpoint_stat,0.48270869170953995
AM,2023-03-20,1.718784192801505,3.5157877797112547,1.0213202310141376,M6_breakpoint_stat,0.48887597901107266
AM,2023-03-21,1.1334433202815812,3.5157877797112547,1.0364516732694313,M6_breakpoint_stat,0.32238672846592265
AM,2023-03-22,1.3334284187635392,3.5157877797112547,1.0343974480421225,M6_breakpoint_stat,0.379268744961919
AM,2023-03-23,0.93414997842068,3.5157877797112547,1.0148381815158962,M6_breakpoint_stat,0.2657014691874832
AM,2023-03-24,1.15373815351539,3.5157877797112547,0.9951526656075119,M6_breakpoint_stat,0.328159213753836
AM,2023-03-25,1.0171542849827488,3.5157877797112547,0.9783820349307984,M6_breakpoint_stat,0.28931048991423647
AM,2023-03-26,0.9717428672676796,3.5157877797112547,0.9439885357265955,M6_breakpoint_stat,0.2763940624844788
AM,2023-03-27,1.4974243316343128,3.5157877797112547,0.898618423687508,M6_breakpoint_stat,0.42591431151663356
AM,2023-03-28,1.710612099254042,3.5157877797112547,0.8743119979516145,M6_breakpoint_stat,0.4865515800258374
AM,2023-04-01,2.0640791181947056,3.5157877797112547,0.97790505470464,M6_breakpoint_stat,0.587088654811874
AM,2023-04-06,2.682335935305088,3.5157877797112547,0.8514076147596666,M6_breakpoint_stat,0.7629402294371088
AM,2023-04-08,2.1565152701826245,3.5157877797112547,0.7908770168791306,M6_breakpoint_stat,0.6133803873565244
AM,2023-04-09,1.7475546087682687,3.5157877797112547,0.772740920695807,M6_breakpoint_stat,0.4970591851001292
AM,2023-04-11,2.7439004269598577,3.5157877797112547,0.7518377394248574,M6_breakpoint_stat,0.7804510962789709
AM,2023-04-14,1.4603973659211205,4.261990385975889,0.6841885200986634,M6_breakpoint_stat,0.34265618494273675
AM,2023-04-18,1.660740181644894,5.612830298076978,0.5835871770853726,M6_breakpoint_stat,0.29588284224696465
AM,2023-04-19,1.62278978290533,5.930888933706608,0.5700378339994967,M6_breakpoint_stat,0.27361661987676783
AM,2023-04-20,1.6887027425680772,6.573683518050969,0.5467750702584334,M6_breakpoint_stat,0.2568883545931278
AM,2023-04-21,1.676520496419997,7.4700102449090195,0.5140620075345098,M6_breakpoint_stat,0.22443349359026427
AM,2023-04-23,1.734350423599287,10.20820603586924,0.44102146411495785,M6_breakpoint_stat,0.16989767031593864
AM,2023-04-24,2.146984887737666,11.958022105691857,0.4039335270438483,M6_breakpoint_stat,0.17954347874267015
AM,2023-04-25,2.6362352469118626,13.453204164459471,0.37566080811102204,M6_breakpoint_stat,0.19595593842812853
AM,2023-04-27,2.5054466979484924,15.259706425423593,0.3456811072209637,M6_breakpoint_stat,0.1641870838205817
AM,2023-04-28,2.7268942541379975,15.89635417898822,0.3378086595923528,M6_breakpoint_stat,0.17154211735810482
AM,2023-04-29,2.2932672536739465,16.01131615703848,0.33410989880446573,M6_breakpoint_stat,0.14322790401373967
AM,2023-04-30,1.7637223023305946,15.850196277429257,0.3379096128039752,M6_breakpoint_stat,0.1112744770764853
AM,2023-05-01,1.7821192776737238,15.394521428809387,0.3428124867075213,M6_breakpoint_stat,0.11576321394042537
AM,2023-05-02,1.942289925921996,14.921142976176494,0.34945225603730823,M6_breakpoint_stat,0.13017031798590156
AM,2023-05-06,2.7540281991385505,23.78213220652363,0.2747946062355895,M6_breakpoint_stat,0.11580240893552422
AM,2023-05-07,2.6918623884867,23.808259762110556,0.271831182832901,M6_breakpoint_stat,0.11306422289505765
AM,2023-05-17,2.61282408282285,32.18244531790259,0.23242721259891141,M6_breakpoint_stat,0.08118786677062656
AM,2023-05-26,2.7671188137671083,11.615060439201224,0.4021996347337713,M6_breakpoint_stat,0.23823542100805503
AM,2023-06-15,2.5630737907172714,28.08663567231817,0.2529457635304401,M6_breakpoint_stat,0.09125599166166434
AM,2023-06-16,2.707177340905973,27.28648074651016,0.2773747290102859,M6_breakpoint_stat,0.09921313657321715
AM,2023-06-17,2.4674757618562446,16.397191549056956,0.4394518843921384,M6_breakpoint_stat,0.15048160866292712
AM,2023-06-18,2.330190959832508,5.763486884969505,0.6810858584200327,M6_breakpoint_stat,0.4043022924038175
AM,2023-06-19,2.068963896916693,3.5157877797112547,0.8365961047035694,M6_breakpoint_stat,0.5884780386507326
AM,2023-06-20,1.4192511719866736,3.5157877797112547,0.90834405101015,M6_breakpoint_stat,0.4036794200653471
AM,2023-06-21,1.8297569815180268,3.5157877797112547,0.9474080615025358,M6_breakpoint_stat,0.5204401107703667
AM,2023-06-27,0.32465770810381755,3.5157877797112547,1.7143585147711013,M6_breakpoint_stat,0.09234280577950046
AM,2023-06-29,0.3258059345356319,3.5157877797112547,1.7276899286404999,M6_breakpoint_stat,0.0926693972872247
AM,2023-07-01,0.3263611061909151,3.5157877797112547,1.6574145155342759,M6_breakpoint_stat,0.09282730546885243
AM,2023-07-02,0.32469678401774166,3.5157877797112547,1.6242113822499176,M6_breakpoint_stat,0.09235392019151066
AM,2023-07-03,0.3248700203277943,3.5157877797112547,1.5871537722912856,M6_breakpoint_stat,0.09240319401601517
AM,2023-07-04,0.3239936575829925,3.5157877797112547,1.5347272834922818,M6_breakpoint_stat,0.09215392904335128
AM,2023-07-05,0.32314141846649713,3.5157877797112547,1.4672949132282929,M6_breakpoint_stat,0.09191152558503862
AM,2023-07-07,0.92235964652142,3.5157877797112547,1.3138090778805978,M6_breakpoint_stat,0.26234793005542895
AM,2023-07-08,1.055734904008676,3.5157877797112547,1.2270454307154612,M6_breakpoint_stat,0.30028402456515213
AM,2023-07-09,1.3768777297402448,3.5157877797112547,1.1268590778592176,M6_breakpoint_stat,0.3916270878708513
AM,2023-07-10,1.6649835278952618,3.5157877797112547,1.0307418456225548,M6_breakpoint_stat,0.4735733873083784
AM,2023-07-11,1.922423293600981,3.5157877797112547,0.9487228761205471,M6_breakpoint_stat,0.546797308044249
AM,2023-07-12,2.0671603377367767,3.5157877797112547,0.8865748102221488,M6_breakpoint_stat,0.587965050014068
AM,2023-07-13,2.2742538003971924,3.5157877797112547,0.8362742526679197,M6_breakpoint_stat,0.6468689075948642
AM,2023-07-14,2.2175788031293844,3.5157877797112547,0.7916181503874296,M6_breakpoint_stat,0.6307487658744607
AM,2023-07-15,2.2879606852793213,3.5298626519240326,0.7525960706850175,M6_breakpoint_stat,0.6481727225370131
AM,2023-07-16,2.1154005265271754,3.695075451119904,0.7262248621600007,M6_breakpoint_stat,0.5724918352847272
AM,2023-07-17,2.3902542293158504,3.796165166852578,0.7145161030038498,M6_breakpoint_stat,0.6296496923229564
AM,2023-07-18,2.5027535009391504,4.055906725981855,0.6982484764261119,M6_breakpoint_stat,0.6170638700605924
AM,2023-07-19,2.6277765431967635,4.5502854732416615,0.6650949773447985,M6_breakpoint_stat,0.577497073238509
AM,2023-07-22,2.463746102007593,5.606456452356775,0.5802927305684648,M6_breakpoint_stat,0.43944800480380314
AM,2023-07-23,2.392320364765077,5.606645168044232,0.5803145796949027,M6_breakpoint_stat,0.42669373449926934
AM,2023-07-24,2.5716421285686835,5.49107733529638,0.5914285547454409,M6_breakpoint_stat,0.46833107085166914
AM,2023-07-26,2.6497431833111778,4.8854019244977875,0.6252370296424762,M6_breakpoint_stat,0.542379772281186
AM,2023-07-27,2.7236653778637394,5.135402669385009,0.6162998280832164,M6_breakpoint_stat,0.5303703629904278
AM,2023-07-29,2.6022405658876124,6.002506789095859,0.5659991077263122,M6_breakpoint_stat,0.43352563475893724
AM,2023-08-05,2.263959524815853,3.918893943986016,0.6993968132640335,M6_breakpoint_stat,0.5777036983330854
AM,2023-08-09,2.498194248185966,3.5157877797112547,0.7969985791948802,M6_breakpoint_stat,0.7105645746317311
AM,2023-08-10,2.2979528948171346,3.5157877797112547,0.78493481378135,M6_breakpoint_stat,0.6536096712315956
AM,2023-08-11,2.4464584445310043,3.543860660535313,0.7555999068065238,M6_breakpoint_stat,0.6903370868315849
AM,2023-08-13,2.6257628793682737,4.631716650396741,0.6615658268253054,M6_breakpoint_stat,0.566909221258895
AM,2023-08-14,2.359090540467362,5.284018255270952,0.6164645696837406,M6_breakpoint_stat,0.4464576817300177
AM,2023-08-15,2.1982634195863837,5.879828547610584,0.5780540158860424,M6_breakpoint_stat,0.37386522443408715
AM,2023-08-17,2.5040175630674115,5.882325755926437,0.5770838132411087,M6_breakpoint_stat,0.4256849530212802
AM,2023-08-18,2.5121533207478572,5.321664968895956,0.6080603028414964,M6_breakpoint_stat,0.47206153251489524
AM,2023-08-19,2.552550475469283,4.909375787691717,0.6241902918255084,M6_breakpoint_stat,0.5199338135550299
AM,2023-08-20,2.6144317702543947,4.977951205117141,0.621674401656545,M6_breakpoint_stat,0.5252023699161333
AM,2023-08-21,2.6138475553238925,5.3298268497091,0.604538726357397,M6_breakpoint_stat,0.4904188501858283
AM,2023-08-22,2.6014021026329948,5.7936534051740685,0.5810001196471948,M6_breakpoint_stat,0.44900892765000266
AM,2023-08-23,2.6713441845498975,6.550647476866974,0.551052401523818,M6_breakpoint_stat,0.40779849533706564
AM,2023-08-24,2.6682191955279673,7.677723927162708,0.510825963589339,M6_breakpoint_stat,0.3475273688974649
AM,2023-08-25,2.665107905276863,8.841784084845663,0.4711411576719726,M6_breakpoint_stat,0.3014219618690659
AM,2023-08-26,2.6455185049107843,9.71831257754398,0.44285474378186407,M6_breakpoint_stat,0.2722199439256318
AM,2023-08-27,2.647790742535347,10.14658412082166,0.4278848206645617,M6_breakpoint_stat,0.2609539043885571
AM,2023-08-28,2.677760922397149,10.57908879787326,0.4190545248062446,M6_breakpoint_stat,0.2531182953049289
AM,2023-08-29,2.7086337489133876,10.789049879766466,0.41278233209590603,M6_breakpoint_stat,0.2510539648160397
AM,2023-08-30,2.1216793396506866,10.866741014054522,0.417496951397525,M6_breakpoint_stat,0.19524522917281345
AM,2023-08-31,2.2892189353313097,9.372903957407344,0.5064312348529912,M6_breakpoint_stat,0.24423795930632097
AM,2023-09-01,1.70370018385104,5.10977123999016,0.7230339385205995,M6_breakpoint_stat,0.33342005029843974
AM,2023-09-02,1.4209979798751842,3.5157877797112547,0.9894762512875958,M6_breakpoint_stat,0.4041762668598524
AM,2023-09-03,0.6368110326351082,3.5157877797112547,1.1897686421455096,M6_breakpoint_stat,0.18112897379926848
AM,2023-09-04,0.6486246981519034,3.5157877797112547,1.3219947399133114,M6_breakpoint_stat,0.1844891497419033
AM,2023-09-06,0.32476818349562886,3.5157877797112547,1.405732415254852,M6_breakpoint_stat,0.09237422843602394
AM,2023-09-08,0.7801916143107748,3.5157877797112547,1.3496570700144852,M6_breakpoint_stat,0.22191089542237685
AM,2023-09-09,0.6050629227584929,3.5157877797112547,1.3295087887047654,M6_breakpoint_stat,0.17209881843556146
AM,2023-09-10,0.6427919462374715,3.5157877797112547,1.3196411654841214,M6_breakpoint_stat,0.182830132679471
AM,2023-09-11,0.6471115284026998,3.5157877797112547,1.2892433568240809,M6_breakpoint_stat,0.18405875694119567
AM,2023-09-12,0.7900237678842914,3.5157877797112547,1.243003595856536,M6_breakpoint_stat,0.22470746739701525
AM,2023-09-13,0.8926608991973908,3.5157877797112547,1.1870446063509632,M6_breakpoint_stat,0.2539006774950175
AM,2023-09-14,1.212504569831544,3.5157877797112547,1.1190587418016193,M6_breakpoint_stat,0.3448742204602363
AM,2023-09-15,1.636420465046977,3.5157877797112547,1.05044669498629,M6_breakpoint_stat,0.4654491589311381
AM,2023-09-16,1.877633074071969,3.5157877797112547,0.9916018543555355,M6_breakpoint_stat,0.5340575688064356
AM,2023-09-17,2.076952761968597,3.5157877797112547,0.9445536824286256,M6_breakpoint_stat,0.590750321721402
AM,2023-09-18,2.2835185749223235,3.5157877797112547,0.9029849574179075,M6_breakpoint_stat,0.6495040992234932
AM,2023-09-19,2.465227282756975,3.5157877797112547,0.865792714365574,M6_breakpoint_stat,0.7011877386295027
AM,2023-10-04,2.8457001125294084,5.291150569860493,0.603251430014816,M6_breakpoint_stat,0.537822553895766
AM,2023-10-05,2.7250701743648773,5.573474541819519,0.5876492516596286,M6_breakpoint_stat,0.488935609899682
AM,2023-10-06,2.639475771503246,5.859299313866614,0.5721858516903633,M6_breakpoint_stat,0.4504763505179987
AM,2023-10-07,2.859533387695514,6.181539036868567,0.5569816919697316,M6_breakpoint_stat,0.46259246615452765
AM,2023-10-08,2.8542973903413023,6.549661558642111,0.5408204066106387,M6_breakpoint_stat,0.43579311156545636
AM,2023-10-09,2.699624302462657,6.969948986162676,0.5243439133171276,M6_breakpoint_stat,0.387323394736773
AM,2023-10-10,2.6275382321660534,7.453457922653177,0.5061414411567634,M6_breakpoint_stat,0.3525260703733522
AM,2023-10-11,2.3271210564963045,7.509293731377068,0.49672419518871946,M6_breakpoint_stat,0.3098987920491895
AM,2023-10-12,2.4079077269827875,7.442258087669781,0.5044107646520096,M6_breakpoint_stat,0.3235453136155238
AM,2023-10-13,2.521273606048065,7.020855632108611,0.5371640338236834,M6_breakpoint_stat,0.3591120139997577
AM,2023-10-14,2.3586997827399983,5.716434887861178,0.6152397058768596,M6_breakpoint_stat,0.412617274404487
AM,2023-10-15,2.4410704674010604,4.3297426274895034,0.6920784189420305,M6_breakpoint_stat,0.5637911251127774
AM,2023-10-16,2.470384341569759,3.701118096447898,0.7330717606438037,M6_breakpoint_stat,0.6674697421680977
AM,2023-10-17,2.4381171908333026,3.5157877797112547,0.7459206666652881,M6_breakpoint_stat,0.693476780624552
AM,2023-10-18,2.430051855536292,3.5631433682399964,0.7393553913167553,M6_breakpoint_stat,0.6819966541892499
AM,2023-10-19,2.4250162634994847,3.6561074436766927,0.727480686558734,M6_breakpoint_stat,0.6632781724436453
AM,2023-10-20,2.4265924405598445,3.712920676365219,0.7205032781641647,M6_breakpoint_stat,0.6535535369787023
AM,2023-10-21,2.4992848103848786,3.803829810210959,0.7134463702207404,M6_breakpoint_stat,0.657044330341969
AM,2023-10-22,2.595855918192163,3.9279794870582143,0.7027575569386473,M6_breakpoint_stat,0.6608629008234155
AM,2023-10-23,2.5838335516139437,4.0898528200387325,0.6896131530567915,M6_breakpoint_stat,0.6317668789825727
AM,2023-10-24,2.498965004175139,4.317456295767141,0.6724784904831181,M6_breakpoint_stat,0.5788049335033544
AM,2023-10-25,2.366582865676064,4.574125337724307,0.6528470521894407,M6_breakpoint_stat,0.517384787460475
AM,2023-10-26,2.5108921553974186,4.8663351548495655,0.632890990446723,M6_breakpoint_stat,0.5159718916801649
AM,2023-10-27,2.5055670462350945,5.224263880773248,0.6111481105474311,M6_breakpoint_stat,0.4796019311842731
AM,2023-10-28,2.535047984724337,5.630889705937062,0.5879531843664937,M6_breakpoint_stat,0.45020380741101157
AM,2023-10-29,2.513298106438562,6.06772684304869,0.5652308003048823,M6_breakpoint_stat,0.41420752308879016
AM,2023-10-30,2.5596548546750486,6.489897208542399,0.544540301209801,M6_breakpoint_stat,0.39440607030044705
AM,2023-10-31,2.5303141884158395,6.947798312173791,0.526499336780157,M6_breakpoint_stat,0.36418935535049635
AM,2023-11-01,2.5826521868308774,7.545902507205435,0.5054497837944316,M6_breakpoint_stat,0.34225888611266225
AM,2023-11-02,2.607120019432483,7.992666213077625,0.4855012851353906,M6_breakpoint_stat,0.3261890275321025
AM,2023-11-03,2.4972901503290372,8.012950111427077,0.4799019143464283,M6_breakpoint_stat,0.3116567700537298
AM,2023-11-04,2.559386345843215,8.239739290090384,0.4773874122028498,M6_breakpoint_stat,0.3106149667770787
AM,2023-11-05,2.561145209603988,8.649367049874312,0.4660118646210353,M6_breakpoint_stat,0.29610781862254365
AM,2023-11-06,2.58077933697193,9.133712388326405,0.45428807003605015,M6_breakpoint_stat,0.28255535397308623
AM,2023-11-07,2.571182489962282,9.735406666594011,0.4400294524619959,M6_breakpoint_stat,0.26410632632173603
AM,2023-11-08,2.5720878248653203,10.41976761424216,0.42514210412239556,M6_breakpoint_stat,0.24684694708063226
AM,2023-11-09,2.613180886300768,11.34359732612651,0.4085482794301266,M6_breakpoint_stat,0.2303661538022074
AM,2023-11-10,2.5814128920105612,12.59504165698426,0.38846447043537813,M6_breakpoint_stat,0.20495469267297775
AM,2023-11-11,2.553916630259096,13.849370862752744,0.36783661057338574,M6_breakpoint_stat,0.1844066893412277
AM,2023-11-12,2.611026636502367,14.505602915950025,0.354763856780986,M6_breakpoint_stat,0.1800012485955577
AM,2023-11-13,2.6133339701246556,15.17865944423675,0.3475485518869732,M6_breakpoint_stat,0.17217159260509818
AM,2023-11-14,2.5723689189962804,16.377665087015334,0.3364787907065356,M6_breakpoint_stat,0.1570656687219551
AM,2023-11-15,2.562467452078316,16.908555094591943,0.32564544926868805,M6_breakpoint_stat,0.15154857631199364
AM,2023-12-01,2.7533919177607533,14.08744491226994,0.358489780241562,M6_breakpoint_stat,0.19545005747370078
AM,2023-12-02,2.4389583548467653,13.632808550540846,0.371730032823806,M6_breakpoint_stat,0.17890358731326905
AM,2023-12-03,2.48034129098421,12.056847641587511,0.4267369198221132,M6_breakpoint_stat,0.20572054692213282
AM,2023-12-04,2.529017118841822,7.764333517486596,0.5785485548127518,M6_breakpoint_stat,0.32572237052234376
AM,2023-12-05,2.480901131139637,4.138504492901174,0.7609497273320468,M6_breakpoint_stat,0.5994680289450347
AM,2023-12-06,2.3382772775613048,3.5157877797112547,0.8732411229806643,M6_breakpoint_stat,0.6650791868197867
AM,2023-12-07,2.2781312020297775,3.5157877797112547,0.9135515046686079,M6_breakpoint_stat,0.6479717618840112
AM,2023-12-08,2.2298997589495935,3.5157877797112547,0.9118466537160376,M6_breakpoint_stat,0.6342532310447735
AM,2023-12-09,2.310462074586983,3.5157877797112547,0.8939722774085781,M6_breakpoint_stat,0.6571676731798463
AM,2023-12-10,2.0398066570168507,3.5157877797112547,0.8784107106606623,M6_breakpoint_stat,0.5801848077372794
AM,2023-12-11,2.4262145566972477,3.5157877797112547,0.8831325672227528,M6_breakpoint_stat,0.6900912992241268
AM,2023-12-12,2.313116461124246,3.5157877797112547,0.9313305955053905,M6_breakpoint_stat,0.6579226637263692
AM,2023-12-13,2.046697305286614,3.5157877797112547,0.9965939346727939,M6_breakpoint_stat,0.582144723608632
AM,2023-12-15,1.8299137713628928,3.5157877797112547,1.0621072566192562,M6_breakpoint_stat,0.5204847067058127
AM,2023-12-16,1.83621341116078,3.5157877797112547,1.0798849830040318,M6_breakpoint_stat,0.5222765212841103
AM,2023-12-17,1.0865912281860786,3.5157877797112547,1.1348417165313014,M6_breakpoint_stat,0.30906052818561147
AM,2023-12-19,0.32546150618471154,3.5157877797112547,1.659967642514035,M6_breakpoint_stat,0.0925714310923059
AM,2023-12-21,0.3242098254250489,3.5157877797112547,2.081503052723187,M6_breakpoint_stat,0.0922154139382314
AM,2023-12-25,0.32091233630503724,3.5157877797112547,2.2451369825562306,M6_breakpoint_stat,0.0912775049042901
AM,2023-12-27,0.32537460644020855,3.5157877797112547,2.2345056246656485,M6_breakpoint_stat,0.09254671408719982
AM,2023-12-28,0.3251062778594117,3.5157877797112547,2.2216380864870655,M6_breakpoint_stat,0.09247039304690687
AM,2023-12-29,0.32225839751772317,3.5157877797112547,2.1993638682427035,M6_breakpoint_stat,0.09166036681093126
AM,2023-12-30,0.3255577727030738,3.5157877797112547,2.16892384455563,M6_breakpoint_stat,0.09259881230084123
AM,2023-12-31,0.326996453663327,3.5157877797112547,2.1336246957279297,M6_breakpoint_stat,0.09300801816035172
AM,2024-01-01,0.3272504289878616,3.5157877797112547,2.0987590858486134,M6_breakpoint_stat,0.09308025668566892
AM,2024-01-03,0.3202362227022886,3.5157877797112547,2.027376343955321,M6_breakpoint_stat,0.09108519705037174
AM,2024-01-04,0.32246862601370396,3.5157877797112547,1.9897901975494388,M6_breakpoint_stat,0.0917201623700358
AM,2024-01-05,0.32398935858902905,3.5157877797112547,1.9539276794122298,M6_breakpoint_stat,0.09215270627501804
AM,2024-01-07,0.3247464180296614,3.5157877797112547,1.9333724039384816,M6_breakpoint_stat,0.09236803765679288
AM,2024-01-10,0.3254820281598473,3.5157877797112547,2.009086592110378,M6_breakpoint_stat,0.09257726818385452
AM,2024-01-11,0.32362556890878036,3.5157877797112547,2.067192443043324,M6_breakpoint_stat,0.09204923311251714
AM,2024-01-13,0.32648527533945004,3.5157877797112547,2.1914091839587497,M6_breakpoint_stat,0.09286262305805719
AM,2024-01-16,0.3254718804465182,3.5157877797112547,2.2903318794229692,M6_breakpoint_stat,0.09257438185681635
AM,2024-01-18,0.3259991498929722,3.5157877797112547,2.338853736119962,M6_breakpoint_stat,0.09272435377761791
AM,2024-01-20,0.32593807796253454,3.5157877797112547,2.3476749158659342,M6_breakpoint_stat,0.09270698301059094
AM,2024-01-21,0.32564243946912175,3.5157877797112547,2.3200164890351713,M6_breakpoint_stat,0.0926228941770388
AM,2024-01-22,0.3242370547658048,3.5157877797112547,2.2797965492485606,M6_breakpoint_stat,0.09222315881433372
AM,2024-01-23,0.3226418426962628,3.5157877797112547,2.233848020040686,M6_breakpoint_stat,0.09176943061186724
AM,2024-01-24,0.32418478661220584,3.5157877797112547,2.185169899609163,M6_breakpoint_stat,0.09220829211677577
AM,2024-01-26,0.3255142045305181,3.5157877797112547,2.103672315211008,M6_breakpoint_stat,0.09258642014998186
AM,2024-01-27,0.3255434434792798,3.5157877797112547,2.0696849499722436,M6_breakpoint_stat,0.09259473662145105
AM,2024-01-29,0.32238379911899606,3.5157877797112547,1.9991748508189093,M6_breakpoint_stat,0.09169603494823936
AM,2024-01-30,0.32272332557279154,3.5157877797112547,1.955033839175716,M6_breakpoint_stat,0.09179260689031014
AM,2024-01-31,0.3243421795357715,3.5157877797112547,1.906327244052734,M6_breakpoint_stat,0.09225305958666513
AM,2024-02-01,0.3241716849482761,3.5157877797112547,1.855720534918194,M6_breakpoint_stat,0.09220456559380263
AM,2024-02-02,0.32324762807666446,3.5157877797112547,1.8048549556358606,M6_breakpoint_stat,0.09194173491985122
AM,2024-02-03,0.3224674272649517,3.5157877797112547,1.7555664620954612,M6_breakpoint_stat,0.09171982140840007
AM,2024-02-04,0.32335880909568193,3.5157877797112547,1.7090180902025165,M6_breakpoint_stat,0.09197335827882046
AM,2024-02-05,0.32370286910282225,3.5157877797112547,1.6669337791384127,M6_breakpoint_stat,0.09207121970524836
AM,2024-02-06,0.32395133048082075,3.5157877797112547,1.6390711696781306,M6_breakpoint_stat,0.0921418898917233
AM,2024-02-08,0.32269752683836206,3.5157877797112547,1.6094657856648347,M6_breakpoint_stat,0.09178526892338895
AM,2024-02-09,0.32485594529748096,3.5157877797112547,1.602268504295604,M6_breakpoint_stat,0.09239919063720074
AM,2024-02-10,0.32373360673966056,3.5157877797112547,1.6011234042162847,M6_breakpoint_stat,0.09207996245047766
AM,2024-02-11,0.3232607070557076,3.5157877797112547,1.6023404223260944,M6_breakpoint_stat,0.09194545499053314
AM,2024-02-12,0.3240548178566122,3.5157877797112547,1.6039993690581107,M6_breakpoint_stat,0.09217132493794215
AM,2024-02-13,0.3240149880385521,3.5157877797112547,1.5998313624906841,M6_breakpoint_stat,0.0921599960920175
AM,2024-02-15,0.3255201807453135,3.5157877797112547,1.5842078148944345,M6_breakpoint_stat,0.09258811997237441
AM,2024-02-16,0.3257073755931513,3.5157877797112547,1.5717561662189443,M6_breakpoint_stat,0.09264136404157508
AM,2024-02-17,0.3248683353819071,3.5157877797112547,1.5675029464690449,M6_breakpoint_stat,0.09240271476470857
AM,2024-02-18,0.32454172772686907,3.5157877797112547,1.5761676240396432,M6_breakpoint_stat,0.09230981733303684
AM,2024-02-19,0.3253760923387813,3.5157877797112547,1.5992698977542663,M6_breakpoint_stat,0.09254713672322504
AM,2024-02-20,0.32432255719870845,3.5157877797112547,1.6382576451393056,M6_breakpoint_stat,0.09224747838032035
AM,2024-02-21,0.32513190226108707,3.5157877797112547,1.6842990980994608,M6_breakpoint_stat,0.09247768142814057
AM,2024-02-22,0.3246289518807113,3.5157877797112547,1.7321261873135472,M6_breakpoint_stat,0.09233462661030481
AM,2024-02-23,0.32613292112467174,3.5157877797112547,1.7758720199419737,M6_breakpoint_stat,0.09276240249957762
AM,2024-02-24,0.32187367114905585,3.5157877797112547,1.7969952446372408,M6_breakpoint_stat,0.09155093859945403
AM,2024-02-25,0.32340281141185295,3.5157877797112547,1.78789822630618,M6_breakpoint_stat,0.09198587391370176
AM,2024-02-26,0.3225972922675598,3.5157877797112547,1.765464375236725,M6_breakpoint_stat,0.09175675907663976
AM,2024-02-27,0.32364264086900896,3.5157877797112547,1.7412280266919042,M6_breakpoint_stat,0.09205408891192778
AM,2024-02-28,0.3233197784435388,3.5157877797112547,1.7043623730273754,M6_breakpoint_stat,0.09196225674067633
AM,2024-02-29,0.32427725480886993,3.5157877797112547,1.6419829494791691,M6_breakpoint_stat,0.09223459296382851
AM,2024-03-01,0.3238824569425346,3.5157877797112547,1.5620813023446456,M6_breakpoint_stat,0.09212230010343073
AM,2024-03-02,0.32588982506484954,3.5157877797112547,1.4819897511369995,M6_breakpoint_stat,0.0926932583773911
AM,2024-03-04,1.397565953663586,3.5157877797112547,1.366948606688731,M6_breakpoint_stat,0.3975114657740706
AM,2024-03-05,1.19963043799875,3.5157877797112547,1.3474150097695732,M6_breakpoint_stat,0.34121241473149255
AM,2024-03-06,1.4597135810434254,3.5157877797112547,1.343704539656364,M6_breakpoint_stat,0.4151881946535775
AM,2024-03-07,1.4520038127942767,3.5157877797112547,1.359761537359621,M6_breakpoint_stat,0.41299529544229974
AM,2024-03-09,0.32590340003523055,3.5157877797112547,1.3991808955555822,M6_breakpoint_stat,0.09269711952352153
AM,2024-03-10,0.32605660408566994,3.5157877797112547,1.4415370121354543,M6_breakpoint_stat,0.09274069554688776
AM,2024-03-11,0.32359682224375425,3.5157877797112547,1.5383618579249447,M6_breakpoint_stat,0.09204105666193842
AM,2024-03-12,0.32477545099542393,3.5157877797112547,1.6451016600220543,M6_breakpoint_stat,0.09237629554025503
AM,2024-03-13,0.3245284060153751,3.5157877797112547,1.7394740277442018,M6_breakpoint_stat,0.0923060282216545
AM,2024-03-14,0.32581012225488554,3.5157877797112547,1.8223009242931,M6_breakpoint_stat,0.09267058840555038
AM,2024-03-15,0.32544018051369855,3.5157877797112547,1.886388985243827,M6_breakpoint_stat,0.09256536540451436
AM,2024-03-16,0.32628876338498997,3.5157877797112547,1.9332379879629276,M6_breakpoint_stat,0.09280672891234279
AM,2024-03-17,0.32527129639395874,3.5157877797112547,1.9649407308579263,M6_breakpoint_stat,0.09251732947904856
AM,2024-03-19,0.32535464956392607,3.5157877797112547,1.987563304129509,M6_breakpoint_stat,0.0925410377274384
AM,2024-03-20,0.3263977077786785,3.5157877797112547,1.9843603803402978,M6_breakpoint_stat,0.09283771610511854
AM,2024-03-23,0.326139539510412,3.5157877797112547,1.9398397112571988,M6_breakpoint_stat,0.09276428497547064
AM,2024-03-24,0.32525630586830073,3.5157877797112547,1.9498984113842548,M6_breakpoint_stat,0.0925130657047262
AM,2024-03-25,0.3261634128287837,3.5157877797112547,1.9697678704017096,M6_breakpoint_stat,0.09277107529384805
AM,2024-03-28,0.3270199074646041,3.5157877797112547,2.033386577317573,M6_breakpoint_stat,0.09301468915494712
AM,2024-03-29,0.32428921091105406,3.5157877797112547,2.0844888835574236,M6_breakpoint_stat,0.092237993653214
AM,2024-03-30,0.32690617269306294,3.5157877797112547,2.1581326718489215,M6_breakpoint_stat,0.09298233942889214
AM,2024-04-01,0.3243966120410856,3.5157877797112547,2.301885526792617,M6_breakpoint_stat,0.09226854189354049
AM,2024-04-02,0.32715119800869213,3.5157877797112547,2.3687579725346914,M6_breakpoint_stat,0.09305203229176719
AM,2024-04-03,0.3262327785163751,3.5157877797112547,2.4403591210566002,M6_breakpoint_stat,0.0927908050647949
AM,2024-04-05,0.32195912023375833,3.5157877797112547,2.5691634933663052,M6_breakpoint_stat,0.09157524299154378
AM,2024-04-06,0.32416006630881866,3.5157877797112547,2.6039903270725993,M6_breakpoint_stat,0.09220126088937067
AM,2024-04-07,0.32291896772821127,3.5157877797112547,2.6050012907512388,M6_breakpoint_stat,0.0918482536379747
AM,2024-04-08,0.32253362465465973,3.5157877797112547,2.570502801227172,M6_breakpoint_stat,0.0917386500163411
AM,2024-04-09,0.32165315821650486,3.5157877797112547,2.51743422570099,M6_breakpoint_stat,0.09148821782494553
AM,2024-04-10,0.32435074739469616,3.5157877797112547,2.4747710061494095,M6_breakpoint_stat,0.09225549655370112
AM,2024-04-12,0.3261717926217244,3.5157877797112547,2.657891103787489,M6_breakpoint_stat,0.09277345876903649
AM,2024-04-17,0.3207875495706356,3.5157877797112547,3.7542435193124652,M6_breakpoint_stat,0.09124201165435
AM,2024-04-25,0.3196216783875342,3.5157877797112547,3.798575397000473,M6_breakpoint_stat,0.0909104014275242
AM,2024-04-26,0.3212752118586215,3.5157877797112547,3.654388259977378,M6_breakpoint_stat,0.09138071806057853
AM,2024-04-28,0.32224730418203906,3.5157877797112547,3.3420754194717457,M6_breakpoint_stat,0.09165721151932119
AM,2024-04-30,0.32235663618807336,3.5157877797112547,3.0039794586113633,M6_breakpoint_stat,0.09168830896117056
AM,2024-05-01,0.32265271008063795,3.5157877797112547,2.8476548265313792,M6_breakpoint_stat,0.09177252163585847
AM,2024-05-02,0.32226830110240123,3.5157877797112547,2.6989973432346965,M6_breakpoint_stat,0.09166318370014602
AM,2024-05-03,0.3254618053116187,3.5157877797112547,2.5577619348871856,M6_breakpoint_stat,0.09257151617335342
AM,2024-05-04,0.3242281045134718,3.5157877797112547,2.4356887268723306,M6_breakpoint_stat,0.09222061308265314
AM,2024-05-05,0.322795580119986,3.5157877797112547,2.3294737475493354,M6_breakpoint_stat,0.09181315834327651
AM,2024-05-06,0.32378031531148876,3.5157877797112547,2.22961950188549,M6_breakpoint_stat,0.09209324782910538
AM,2024-05-07,0.32252737538800075,3.5157877797112547,2.141040454926787,M6_breakpoint_stat,0.09173687252945892
AM,2024-05-08,0.3246458797644518,3.5157877797112547,2.072988801707668,M6_breakpoint_stat,0.09233944142985627
AM,2024-05-10,0.32327116425065106,3.5157877797112547,1.9782030651478633,M6_breakpoint_stat,0.09194842934382141
AM,2024-05-11,0.323880917764734,3.5157877797112547,1.9426228444937694,M6_breakpoint_stat,0.0921218623131268
AM,2024-05-12,0.3236034678788994,3.5157877797112547,1.912618945767993,M6_breakpoint_stat,0.0920429468884144
AM,2024-05-13,0.3239401644667477,3.5157877797112547,1.8923765460344957,M6_breakpoint_stat,0.09213871392810642
AM,2024-05-14,0.3227474507580137,3.5157877797112547,1.9040847963729743,M6_breakpoint_stat,0.09179946884749693
AM,2024-05-15,0.32300081546973675,3.5157877797112547,1.9664433405054171,M6_breakpoint_stat,0.09187153369543376
AM,2024-05-16,0.32357552315714877,3.5157877797112547,2.070045881164368,M6_breakpoint_stat,0.0920349985355838
AM,2024-05-17,0.32436268253572237,3.5157877797112547,2.187117353313962,M6_breakpoint_stat,0.09225889128107775
AM,2024-05-18,0.3244434749646772,3.5157877797112547,2.3087990320225122,M6_breakpoint_stat,0.09228187117463704
AM,2024-05-19,0.324730693637187,3.5157877797112547,2.437031364022391,M6_breakpoint_stat,0.09236356514779642
AM,2024-05-20,0.32380630681111566,3.5157877797112547,2.568759304948539,M6_breakpoint_stat,0.09210064062447743
AM,2024-05-21,0.3238985873212754,3.5157877797112547,2.6912112977738216,M6_breakpoint_stat,0.09212688808761849
AM,2024-05-22,0.3238590833617656,3.5157877797112547,2.812508199096624,M6_breakpoint_stat,0.0921156519260567
AM,2024-05-23,0.3223847301155065,3.5157877797112547,2.9505848246473536,M6_breakpoint_stat,0.09169629975276362
AM,2024-05-24,0.3231548216145973,3.5157877797112547,3.0907726858552773,M6_breakpoint_stat,0.09191533785953868
AM,2024-05-25,0.32279814059221074,3.5157877797112547,3.2074188427924093,M6_breakpoint_stat,0.0918138866216554
AM,2024-05-26,0.32174010690555005,3.5157877797112547,3.2834020812560607,M6_breakpoint_stat,0.09151294875141013
AM,2024-05-27,0.32270849696677895,3.5157877797112547,3.3083787499109225,M6_breakpoint_stat,0.09178838917099895
AM,2024-05-28,0.3217165209794923,3.5157877797112547,3.283707011210347,M6_breakpoint_stat,0.09150624017639493
AM,2024-05-29,0.3222934392694996,3.5157877797112547,3.2199238681123887,M6_breakpoint_stat,0.09167033378105915
AM,2024-05-30,0.3224128908904703,3.5157877797112547,3.128293801828652,M6_breakpoint_stat,0.09170430955788507
AM,2024-05-31,0.32205739718671506,3.5157877797112547,3.0265895243195415,M6_breakpoint_stat,0.09160319603055365
AM,2024-06-02,0.32286048689280583,3.5157877797112547,2.8681594150071543,M6_breakpoint_stat,0.0918316198594108
AM,2024-06-03,0.32361585354930017,3.5157877797112547,2.8073601528033167,M6_breakpoint_stat,0.09204646976043536
AM,2024-06-04,0.3251863246517123,3.5157877797112547,2.737168046639045,M6_breakpoint_stat,0.09249316085808208
AM,2024-06-05,0.3228608513359596,3.5157877797112547,2.6514257276959894,M6_breakpoint_stat,0.0918317235184416
AM,2024-06-06,0.3236307760939864,3.5157877797112547,2.5529582411316953,M6_breakpoint_stat,0.09205071419884325
AM,2024-06-07,0.3235696187822474,3.5157877797112547,2.450772541178746,M6_breakpoint_stat,0.09203331914670389
AM,2024-06-08,0.3229634357226531,3.5157877797112547,2.351419895530167,M6_breakpoint_stat,0.09186090172632022
AM,2024-06-09,0.32316047337205916,3.5157877797112547,2.248586120186752,M6_breakpoint_stat,0.09191694539611824
AM,2024-06-10,0.3262809714638906,3.5157877797112547,2.134735469009162,M6_breakpoint_stat,0.09280451264629161
AM,2024-06-12,0.3234573529816277,3.5157877797112547,1.8897009021278077,M6_breakpoint_stat,0.0920013872419207
AM,2024-06-13,0.3261292351408182,3.5157877797112547,1.7653734400193344,M6_breakpoint_stat,0.09276135409049138
AM,2024-06-14,0.32572532210000454,3.5157877797112547,1.644096857499637,M6_breakpoint_stat,0.09264646858939699
AM,2024-06-15,0.3265096664067769,3.5157877797112547,1.525895219660977,M6_breakpoint_stat,0.09286956064042995
AM,2024-06-17,1.2555654027607246,3.5157877797112547,1.3286645891414428,M6_breakpoint_stat,0.35712206806289143
AM,2024-06-18,1.4854047261965322,3.5157877797112547,1.2481083045140418,M6_breakpoint_stat,0.42249555981974707
AM,2024-06-19,1.5594230523870227,3.5157877797112547,1.1769439828497534,M6_breakpoint_stat,0.44354868669436454
AM,2024-06-20,1.6786822650474191,3.5157877797112547,1.1083196980995158,M6_breakpoint_stat,0.47746973657928987
AM,2024-06-21,1.741816980937278,3.5157877797112547,1.0450910672407832,M6_breakpoint_stat,0.4954272243020113
AM,2024-06-22,1.7841746452536045,3.5157877797112547,0.9917822085472444,M6_breakpoint_stat,0.5074750687597348
AM,2024-06-23,1.8978196083796857,3.5157877797112547,0.9442708128905205,M6_breakpoint_stat,0.5397992504927446
AM,2024-06-24,1.9741974373494011,3.5157877797112547,0.9015210905641581,M6_breakpoint_stat,0.5615234937506776
AM,2024-06-25,1.613235069255004,3.5157877797112547,0.8575648419105238,M6_breakpoint_stat,0.458854507250007
AM,2024-06-26,2.0920088942160664,3.5157877797112547,0.8130032047628076,M6_breakpoint_stat,0.595032756609638
AM,2024-06-27,2.1224544306309183,3.5157877797112547,0.7784652859337619,M6_breakpoint_stat,0.6036924193431356
AM,2024-06-28,2.1439220055210124,3.5157877797112547,0.7531361580609978,M6_breakpoint_stat,0.6097984690353206
AM,2024-06-29,2.197557334325855,3.758945486827541,0.7251948146610022,M6_breakpoint_stat,0.584620698019364
AM,2024-06-30,2.1788756358360204,3.9188855285568738,0.7039984707656877,M6_breakpoint_stat,0.5559936925839193
AM,2024-07-04,2.0513835498924733,3.739008626712263,0.7458365955814936,M6_breakpoint_stat,0.5486437060446874
AM,2024-07-05,1.9938213060121712,3.5157877797112547,0.8315135812428294,M6_breakpoint_stat,0.5671051357303256
AM,2024-07-06,1.865917224555624,3.5157877797112547,0.9211581995444335,M6_breakpoint_stat,0.5307252147935017
AM,2024-07-07,1.823682881896212,3.5157877797112547,0.9726776270855143,M6_breakpoint_stat,0.5187124468718609
AM,2024-07-08,1.853254802679404,3.5157877797112547,0.9749428788678279,M6_breakpoint_stat,0.5271236259975876
AM,2024-07-09,1.823198921204911,3.5157877797112547,0.9624668073241652,M6_breakpoint_stat,0.5185747933154962
AM,2024-07-10,1.892687506251849,3.5157877797112547,0.9625372949473535,M6_breakpoint_stat,0.53833952014228
AM,2024-07-11,1.910441179754038,3.5157877797112547,0.9704853742427595,M6_breakpoint_stat,0.5433892201283375
AM,2024-07-12,1.8387288064611755,3.5157877797112547,0.9907786730503454,M6_breakpoint_stat,0.5229919783759494
AM,2024-07-13,1.734670737136841,3.5157877797112547,1.028824369902421,M6_breakpoint_stat,0.49339460906804405
AM,2024-07-14,1.657628078136124,3.5157877797112547,1.0749698543756723,M6_breakpoint_stat,0.4714812673568886
AM,2024-07-15,1.6717335238424034,3.5157877797112547,1.1074673527829044,M6_breakpoint_stat,0.4754932972603084
AM,2024-07-16,1.625049339849811,3.5157877797112547,1.111112874155735,M6_breakpoint_stat,0.462214855295752
AM,2024-07-17,1.7208100665697357,3.5157877797112547,1.0795768121738873,M6_breakpoint_stat,0.48945220086949126
AM,2024-07-18,1.7958370780957804,3.5157877797112547,1.018766896700635,M6_breakpoint_stat,0.510792229399941
AM,2024-07-19,1.9188910751654429,3.5157877797112547,0.9546696745503647,M6_breakpoint_stat,0.5457926346518668
AM,2024-07-23,1.9985887472530963,3.5157877797112547,0.9136925852514907,M6_breakpoint_stat,0.5684611451198676
AM,2024-07-24,1.9651024134084225,3.5157877797112547,0.8786518454305243,M6_breakpoint_stat,0.5589365844970918
GB,2022-05-24,7.928691403630925,6.843031234836566,0.5378940929103845,M6_breakpoint_stat,1.1586519382327922
GB,2022-05-25,7.947176614159375,6.843031234836566,0.5337509860561239,M6_breakpoint_stat,1.161353257267308
GB,2022-05-26,7.950413016140641,6.843031234836566,0.5287518365287117,M6_breakpoint_stat,1.161826205858393
GB,2022-05-27,7.91315857382586,6.843031234836566,0.5257792900678927,M6_breakpoint_stat,1.1563820626072083
GB,2022-05-28,7.9118559161554,6.843031234836566,0.5220281787413363,M6_breakpoint_stat,1.156191699941051
GB,2022-05-29,7.907063331633426,6.843031234836566,0.517388629828796,M6_breakpoint_stat,1.1554913400628768
GB,2022-05-30,7.895864580155727,6.843031234836566,0.512841544074592,M6_breakpoint_stat,1.1538548209394963
GB,2022-07-01,8.952355683371064,7.66706821641082,0.4725656646164016,M6_breakpoint_stat,1.1676374111566108
GB,2022-07-02,8.978129190389977,7.623343909007747,0.4732880284762568,M6_breakpoint_stat,1.17771535661423
GB,2022-07-03,8.952248304176077,7.612056368132479,0.47405923491320967,M6_breakpoint_stat,1.1760617461602425
GB,2022-07-04,8.823394291757387,7.562170352497435,0.4759824440786277,M6_breakpoint_stat,1.1667806833845562
GB,2022-07-05,8.772135689079898,7.481416613915479,0.47908988620707177,M6_breakpoint_stat,1.1725233524308316
GB,2022-07-06,8.4909259258675,7.333472311652586,0.48567879654237806,M6_breakpoint_stat,1.157831592597107
GB,2022-07-07,8.061649567316037,7.061990216772598,0.4943573232985006,M6_breakpoint_stat,1.141554904475681
GB,2022-07-08,7.98565428669878,6.850413568346397,0.4980399434464034,M6_breakpoint_stat,1.1657185667735408
GB,2022-07-09,8.12742982867003,6.954564547031052,0.49581796334706996,M6_breakpoint_stat,1.1686468324087496
GB,2022-07-10,8.31146078183325,7.007896541826766,0.49281224100375776,M6_breakpoint_stat,1.1860136250908009
GB,2022-07-11,8.17274929199569,7.006453028199463,0.4934157730607556,M6_breakpoint_stat,1.1664602986849602
GB,2022-07-12,7.891713830690301,6.906785480746444,0.49901911782301006,M6_breakpoint_stat,1.142603002900477
GB,2022-07-13,7.920466949341939,6.843031234836566,0.505965809458636,M6_breakpoint_stat,1.1574500652606046
GB,2022-07-14,7.922670942170717,6.843031234836566,0.5100196774173992,M6_breakpoint_stat,1.1577721437011586
GB,2022-07-15,7.881712518987682,6.843031234836566,0.5116048124742577,M6_breakpoint_stat,1.1517867226534622
GB,2022-07-16,7.912328986174559,6.843031234836566,0.5118797548414126,M6_breakpoint_stat,1.1562608315879668
GB,2022-07-17,7.910565527495593,6.843031234836566,0.5112270514790044,M6_breakpoint_stat,1.1560031301953457
GB,2022-07-18,7.916392583753397,6.843031234836566,0.5098721480933421,M6_breakpoint_stat,1.156854661637748
GB,2022-07-19,7.920877358406832,6.843031234836566,0.5081490974306229,M6_breakpoint_stat,1.1575100400072935
GB,2022-07-20,7.932300652004519,6.843031234836566,0.5078098141759191,M6_breakpoint_stat,1.1591793723843742
GB,2022-07-21,7.900353808581877,6.843031234836566,0.5094129982855048,M6_breakpoint_stat,1.1545108501569719
GB,2022-07-22,7.903043819757613,6.843031234836566,0.5107326594015164,M6_breakpoint_stat,1.154903952436272
GB,2022-07-23,7.897159346603926,6.843031234836566,0.5121222607040449,M6_breakpoint_stat,1.1540440304292336
GB,2022-07-24,7.898337229920949,6.843031234836566,0.5173661585334396,M6_breakpoint_stat,1.1542161593113913
GB,2022-07-25,7.887823913748035,6.843031234836566,0.5277030102306247,M6_breakpoint_stat,1.1526798056382717
GB,2022-07-26,7.9196336056369425,6.843031234836566,0.5426222772206193,M6_breakpoint_stat,1.1573282853539524
GB,2022-07-27,7.888249499796158,6.843031234836566,0.5696640410918796,M6_breakpoint_stat,1.1527419982592781
GB,2022-07-29,6.5603701750455,6.843031234836566,0.6201186399400316,M6_breakpoint_stat,0.9586935891287339
GB,2022-07-31,7.8927332209615715,6.843031234836566,0.5926403334180579,M6_breakpoint_stat,1.153397222678332
GB,2022-08-01,7.903622710334347,6.843031234836566,0.5802953069478357,M6_breakpoint_stat,1.154988548071871
GB,2022-08-02,7.884888725951637,6.843031234836566,0.5694561160824296,M6_breakpoint_stat,1.1522508747017217
GB,2022-08-03,7.910630480448781,6.843031234836566,0.5579716775254872,M6_breakpoint_stat,1.1560126220347016
GB,2022-08-04,7.875039134750439,6.843031234836566,0.5483513615378363,M6_breakpoint_stat,1.1508115138595478
GB,2022-08-05,7.905062967776488,6.843031234836566,0.5424648022314081,M6_breakpoint_stat,1.1551990187525847
GB,2022-08-06,7.86388851924059,6.843031234836566,0.5399334391060967,M6_breakpoint_stat,1.1491820290410242
GB,2022-08-07,7.890314272937309,6.843031234836566,0.5394410807824378,M6_breakpoint_stat,1.1530437319603666
GB,2022-08-08,7.918644121884069,6.843031234836566,0.5373574462938046,M6_breakpoint_stat,1.157183688066739
GB,2022-08-09,7.902828490284535,6.843031234836566,0.5344514895847384,M6_breakpoint_stat,1.1548724854641528
GB,2022-08-10,7.900318257571024,6.843031234836566,0.5336855729795484,M6_breakpoint_stat,1.1545056549430917
GB,2022-08-11,7.890510593522627,6.843031234836566,0.533001354788061,M6_breakpoint_stat,1.1530724210863665
GB,2022-08-12,7.930553525965252,6.843031234836566,0.5298022276865852,M6_breakpoint_stat,1.1589240577468531
GB,2022-08-13,7.91195896012551,6.843031234836566,0.5239128349203489,M6_breakpoint_stat,1.1562067581757098
GB,2022-08-14,7.890874044375976,6.843031234836566,0.5214459952008036,M6_breakpoint_stat,1.15312553363852
GB,2022-08-15,7.881102744309095,6.843031234836566,0.522669761936244,M6_breakpoint_stat,1.1516976137983859
GB,2022-08-16,7.909610261066207,6.843031234836566,0.5204273977065764,M6_breakpoint_stat,1.1558635332248508
GB,2022-08-17,7.922950377408075,6.843031234836566,0.5161650880730058,M6_breakpoint_stat,1.157812978709471
GB,2022-08-18,7.889944253568851,6.843031234836566,0.514541807132141,M6_breakpoint_stat,1.1529896595243714
GB,2022-08-19,7.919387581210091,6.843031234836566,0.5147658153946612,M6_breakpoint_stat,1.1572923328033344
GB,2022-08-20,7.923540402516865,6.843031234836566,0.5158762135940388,M6_breakpoint_stat,1.157899201479548
GB,2022-08-21,7.907557518810989,6.843031234836566,0.5189916060050628,M6_breakpoint_stat,1.1555635576460797
GB,2022-08-22,7.898722040767194,6.843031234836566,0.5215014791967263,M6_breakpoint_stat,1.1542723932862249
GB,2022-08-23,7.908407794247675,6.843031234836566,0.5198089676016863,M6_breakpoint_stat,1.1556878118555824
GB,2022-08-24,7.916007646987927,6.843031234836566,0.5163612035143208,M6_breakpoint_stat,1.1567984092618258
GB,2022-08-25,7.845669532014247,6.843031234836566,0.5180864854779963,M6_breakpoint_stat,1.1465196143009608
GB,2022-08-26,7.906634563072418,6.843031234836566,0.5423424585641005,M6_breakpoint_stat,1.1554286823683122
GB,2022-08-28,7.15537969923,6.843031234836566,0.63415618403614,M6_breakpoint_stat,1.0456447521097563
GB,2022-08-29,6.815781913973685,6.843031234836566,0.6802319378660924,M6_breakpoint_stat,0.996017945859408
GB,2022-08-30,6.383785945019059,6.843031234836566,0.7428481739518094,M6_breakpoint_stat,0.9328886170386631
GB,2022-08-31,5.844460199528797,6.843031234836566,0.8146217398522362,M6_breakpoint_stat,0.8540747512265858
GB,2022-09-01,6.022847146843616,6.843031234836566,0.8652842145044368,M6_breakpoint_stat,0.8801431617296221
GB,2022-09-02,5.793207330170377,6.843031234836566,0.881427260285853,M6_breakpoint_stat,0.8465849608691342
GB,2022-09-03,5.651016746415248,6.843031234836566,0.8744458807243807,M6_breakpoint_stat,0.8258060722632684
GB,2022-09-05,5.737282453100771,6.843031234836566,0.8510495342890463,M6_breakpoint_stat,0.8384124310135194
GB,2022-09-06,5.7211741776316956,6.843031234836566,0.8506258372881459,M6_breakpoint_stat,0.8360584631714509
GB,2022-09-07,5.779153089550942,6.843031234836566,0.8552642962891612,M6_breakpoint_stat,0.8445311574979194
GB,2022-09-08,4.576599819454496,6.843031234836566,0.8542133001561825,M6_breakpoint_stat,0.6687971547106054
GB,2022-09-09,5.373352106607505,6.843031234836566,0.8408789725657541,M6_breakpoint_stat,0.7852298085755907
GB,2022-09-10,5.492188928465662,6.843031234836566,0.8293823197001999,M6_breakpoint_stat,0.8025959169243561
GB,2022-09-11,5.5485841979859165,6.843031234836566,0.8440450029487256,M6_breakpoint_stat,0.8108371871429043
GB,2022-09-12,4.811188526285873,6.843031234836566,0.9062411890519209,M6_breakpoint_stat,0.7030785570279192
GB,2022-09-13,4.157649627214662,6.843031234836566,0.9993235193777928,M6_breakpoint_stat,0.6075742583270497
GB,2022-09-14,4.4069115113263635,6.843031234836566,1.0566948856282568,M6_breakpoint_stat,0.6439999117484103
GB,2022-09-15,4.439877760250677,6.843031234836566,1.0435086912066773,M6_breakpoint_stat,0.6488174038499351
GB,2022-09-16,4.583683158769368,6.843031234836566,0.991433932853467,M6_breakpoint_stat,0.6698322719082023
GB,2022-09-17,5.056345984964601,6.843031234836566,0.940320019389517,M6_breakpoint_stat,0.738904414059037
GB,2022-09-18,5.156314287524313,6.843031234836566,0.9041088870845475,M6_breakpoint_stat,0.7535131889029676
GB,2022-09-19,5.50236579677487,6.843031234836566,0.8817953864565392,M6_breakpoint_stat,0.8040831041020792
GB,2022-09-20,5.589341739794419,6.843031234836566,0.8663404183081928,M6_breakpoint_stat,0.8167932525779141
GB,2022-09-21,5.875241246773719,6.843031234836566,0.8518845032430404,M6_breakpoint_stat,0.8585729109146816
GB,2022-09-22,5.96331140476872,6.843031234836566,0.8342643583109376,M6_breakpoint_stat,0.8714429614774575
GB,2022-09-23,5.977440639194054,6.843031234836566,0.8105541304067431,M6_breakpoint_stat,0.8735077239986929
GB,2022-09-24,6.338265195518902,6.843031234836566,0.7864966160662032,M6_breakpoint_stat,0.9262364846812337
GB,2022-09-25,6.395879538460911,6.843031234836566,0.7661933647980484,M6_breakpoint_stat,0.9346559030595548
GB,2022-09-26,6.645214313802047,6.843031234836566,0.7458678900122979,M6_breakpoint_stat,0.9710922083728815
GB,2022-09-27,7.444245755499505,6.843031234836566,0.7253906222917299,M6_breakpoint_stat,1.0878579243657798
GB,2022-09-28,6.2584776139517295,6.843031234836566,0.7080847226418238,M6_breakpoint_stat,0.914576800715305
GB,2022-09-29,6.809016985603232,6.843031234836566,0.69333495045281,M6_breakpoint_stat,0.9950293593487964
GB,2022-09-30,7.187040295924137,6.843031234836566,0.6785645406396431,M6_breakpoint_stat,1.0502714439379273
GB,2022-10-01,6.722124128026521,6.843031234836566,0.6640989725795324,M6_breakpoint_stat,0.9823313524868146
GB,2022-10-02,6.662661916699416,6.843031234836566,0.651208189854951,M6_breakpoint_stat,0.9736418975820358
GB,2022-10-03,7.114556513715917,6.843031234836566,0.640815422539452,M6_breakpoint_stat,1.0396790938929328
GB,2022-10-04,7.036065360125163,6.843031234836566,0.6328893951161444,M6_breakpoint_stat,1.028208862222621
GB,2022-10-05,6.689068318985217,6.843031234836566,0.6252803909234818,M6_breakpoint_stat,0.9775007726009559
GB,2022-10-06,6.729894575974884,6.843031234836566,0.6169757055390959,M6_breakpoint_stat,0.983466879665005
GB,2022-10-08,7.902382501302202,6.843031234836566,0.5960566168863513,M6_breakpoint_stat,1.1548073112793467
GB,2022-10-09,7.919299057854883,6.843031234836566,0.5873936136268971,M6_breakpoint_stat,1.1572793965252186
GB,2022-10-11,7.285676375809507,6.843031234836566,0.6378152356238954,M6_breakpoint_stat,1.0646855356613776
GB,2022-10-12,7.822007772526343,6.843031234836566,0.6307113126486614,M6_breakpoint_stat,1.143061825102594
GB,2022-10-13,7.368570757719088,6.843031234836566,0.6293940102793718,M6_breakpoint_stat,1.07679922900353
GB,2022-10-16,7.90669329390539,6.843031234836566,0.606883412260617,M6_breakpoint_stat,1.155437264943922
GB,2022-10-17,7.9280632075679645,6.843031234836566,0.6030113292675928,M6_breakpoint_stat,1.1585601373858572
GB,2022-10-18,7.925164818927275,6.843031234836566,0.6032271138237149,M6_breakpoint_stat,1.1581365840596742
GB,2022-10-19,7.930087486588062,6.843031234836566,0.5952525985560682,M6_breakpoint_stat,1.1588559535162575
GB,2022-10-20,7.898543893334786,6.843031234836566,0.5899541124798297,M6_breakpoint_stat,1.1542463598770099
GB,2022-10-21,7.911386545836553,6.843031234836566,0.5865320511865244,M6_breakpoint_stat,1.156123108946397
GB,2022-10-22,7.912771734179973,6.843031234836566,0.5807301778170266,M6_breakpoint_stat,1.1563255321556276
GB,2022-10-23,7.91762674377019,6.843031234836566,0.5747414891842447,M6_breakpoint_stat,1.1570350144630444
GB,2022-10-24,7.925717964494639,6.843031234836566,0.5698808836552096,M6_breakpoint_stat,1.1582174174722923
GB,2022-10-25,7.927883899039487,6.843031234836566,0.5691419314373277,M6_breakpoint_stat,1.1585339343009489
GB,2022-10-26,7.933931536005532,6.843031234836566,0.5661061986902671,M6_breakpoint_stat,1.159417700099833
GB,2022-10-27,7.941590298005243,6.843031234836566,0.5627961791235385,M6_breakpoint_stat,1.1605369061558748
GB,2022-11-08,7.947714625706149,6.843031234836566,0.5318792991345153,M6_breakpoint_stat,1.161431879083914
GB,2022-11-09,7.947759542127336,6.843031234836566,0.5348002668787804,M6_breakpoint_stat,1.161438442903316
GB,2022-11-10,7.921598202771659,6.843031234836566,0.5416703621063005,M6_breakpoint_stat,1.1576153799275846
GB,2022-11-11,7.936466231028653,6.843031234836566,0.5394870192888335,M6_breakpoint_stat,1.1597881053977392
GB,2022-11-12,7.927821257636438,6.843031234836566,0.5397900870644619,M6_breakpoint_stat,1.158524780257821
GB,2022-11-13,7.9355037032180284,6.843031234836566,0.5474618899918411,M6_breakpoint_stat,1.159647447292056
GB,2022-11-14,7.938822645521778,6.843031234836566,0.5521234649313784,M6_breakpoint_stat,1.1601324578363383
GB,2022-11-15,7.935741436811754,6.843031234836566,0.5553291873725162,M6_breakpoint_stat,1.159682188269492
GB,2022-11-16,7.930771698536568,6.843031234836566,0.5577300485947599,M6_breakpoint_stat,1.1589559401924872
GB,2022-11-17,7.952044622876261,6.843031234836566,0.5588607120896838,M6_breakpoint_stat,1.162064639190001
GB,2022-11-18,7.939263943433476,6.843031234836566,0.558383253690376,M6_breakpoint_stat,1.1601969464959034
GB,2022-11-19,7.932634495268395,6.843031234836566,0.5565597355520715,M6_breakpoint_stat,1.159228158258999
GB,2022-11-20,7.928135139385824,6.843031234836566,0.5542164772723751,M6_breakpoint_stat,1.158570649075106
GB,2022-11-21,7.931095494968631,6.843031234836566,0.5500489941711646,M6_breakpoint_stat,1.1590032578826965
GB,2022-11-22,7.944892833458521,6.843031234836566,0.5476320633661624,M6_breakpoint_stat,1.161019519100335
GB,2022-11-23,7.947240121763416,6.843031234836566,0.5468559531685663,M6_breakpoint_stat,1.1613625378919117
GB,2022-11-24,7.934784789127615,6.843031234836566,0.5447494892286031,M6_breakpoint_stat,1.1595423894506196
GB,2022-11-25,7.950414378772167,6.843031234836566,0.5411074855482388,M6_breakpoint_stat,1.1618264049852827
GB,2022-11-26,7.939183810907383,6.843031234836566,0.5382063969509899,M6_breakpoint_stat,1.1601852364037903
GB,2022-11-27,7.936577649391872,6.843031234836566,0.5387426075786144,M6_breakpoint_stat,1.1598043874165398
GB,2022-11-28,7.945802248352545,6.843031234836566,0.5360116300875469,M6_breakpoint_stat,1.1611524155993884
GB,2022-11-29,7.934172350554816,6.843031234836566,0.532552399569301,M6_breakpoint_stat,1.159452891309842
GB,2022-11-30,7.925990157293272,6.843031234836566,0.5332211623809239,M6_breakpoint_stat,1.158257194113563
GB,2022-12-01,7.940155623711866,6.843031234836566,0.5317100761148934,M6_breakpoint_stat,1.1603272513634089
GB,2022-12-02,7.955230193513899,6.843031234836566,0.529370549368219,M6_breakpoint_stat,1.1625301595899988
GB,2022-12-03,7.934345648005834,6.843031234836566,0.5296627224508657,M6_breakpoint_stat,1.159478215971541
GB,2022-12-04,7.933420896073007,6.843031234836566,0.530902182105987,M6_breakpoint_stat,1.1593430782085978
GB,2022-12-05,7.974185031623645,6.843031234836566,0.5291932974071122,M6_breakpoint_stat,1.1653001072139773
GB,2022-12-06,8.095698808985247,6.843031234836566,0.5263438668994421,M6_breakpoint_stat,1.1830574099635247
GB,2022-12-08,8.170956311209384,6.843031234836566,0.5247798580765763,M6_breakpoint_stat,1.1940550950012627
GB,2022-12-09,8.198842579976722,6.843031234836566,0.5236191885252922,M6_breakpoint_stat,1.1981302289310005
GB,2022-12-10,8.344373955655252,6.843031234836566,0.5214836607022887,M6_breakpoint_stat,1.2193973210549787
GB,2022-12-11,8.306359232704427,6.843031234836566,0.5211196746487997,M6_breakpoint_stat,1.2138420749007162
GB,2022-12-12,8.42865632921843,6.843031234836566,0.5199957307101493,M6_breakpoint_stat,1.2317138472654852
GB,2022-12-13,8.470449747957018,6.843031234836566,0.5180204714314492,M6_breakpoint_stat,1.2378212896114773
GB,2022-12-14,8.52616169801936,6.843031234836566,0.5173002876052893,M6_breakpoint_stat,1.2459627035770782
GB,2022-12-15,8.419607252624134,6.843031234836566,0.5175358845682846,M6_breakpoint_stat,1.2303914688802706
GB,2022-12-16,8.598168935309515,6.843031234836566,0.515873596690079,M6_breakpoint_stat,1.25648541417404
GB,2022-12-17,8.662096466834328,6.843031234836566,0.513825242481808,M6_breakpoint_stat,1.2658274044895845
GB,2022-12-18,8.69547326566919,6.843031234836566,0.5134370951924204,M6_breakpoint_stat,1.2707048919201471
GB,2022-12-19,8.667474204243172,6.843031234836566,0.5129961333266857,M6_breakpoint_stat,1.2666132751402208
GB,2022-12-21,8.7377935782015,6.843031234836566,0.5119899217570132,M6_breakpoint_stat,1.2768893314002516
GB,2022-12-22,8.767572483519581,6.843031234836566,0.5120570231442538,M6_breakpoint_stat,1.2812410440106634
GB,2022-12-23,8.723843361570104,6.843031234836566,0.5114528476165298,M6_breakpoint_stat,1.2748507294777032
GB,2022-12-24,8.854715574514243,6.843031234836566,0.5100089225580685,M6_breakpoint_stat,1.29397561850026
GB,2022-12-25,8.84733476909123,6.843031234836566,0.5094215042670532,M6_breakpoint_stat,1.2928970313698316
GB,2022-12-26,8.909322838416609,6.843031234836566,0.5086651054950685,M6_breakpoint_stat,1.3019556001821162
GB,2022-12-27,8.96586316705034,6.843031234836566,0.5065496276371136,M6_breakpoint_stat,1.3102180684791913
GB,2022-12-28,9.07865983152332,6.843031234836566,0.5036565009292394,M6_breakpoint_stat,1.3267015040506602
GB,2022-12-29,9.126122995889435,6.843031234836566,0.502360314202143,M6_breakpoint_stat,1.3336374893965244
GB,2022-12-30,9.138188892688207,6.843031234836566,0.5019011256715994,M6_breakpoint_stat,1.3354007279942595
GB,2022-12-31,9.165769084793766,6.843031234836566,0.5009483303783091,M6_breakpoint_stat,1.3394311336959248
GB,2023-01-01,9.233727071838802,6.843031234836566,0.49986562233621684,M6_breakpoint_stat,1.3493621108773637
GB,2023-01-02,9.26860661816233,6.843031234836566,0.4983337273544363,M6_breakpoint_stat,1.354459200913423
GB,2023-01-03,9.265223606638845,6.844187749098492,0.497972546135443,M6_breakpoint_stat,1.3537360379775158
GB,2023-01-04,9.140714857449437,6.843031234836566,0.5009419758344278,M6_breakpoint_stat,1.3357698575034704
GB,2023-01-05,9.111888454685694,6.843031234836566,0.5029795210582536,M6_breakpoint_stat,1.331557337967246
GB,2023-01-06,9.104491135453747,6.843031234836566,0.5027028616108751,M6_breakpoint_stat,1.3304763376067203
GB,2023-01-07,9.088076314160322,6.843031234836566,0.5032427603008082,M6_breakpoint_stat,1.3280775729759438
GB,2023-01-08,8.996123025193414,6.843031234836566,0.5049070441513855,M6_breakpoint_stat,1.3146400646830119
GB,2023-01-09,8.993398054706047,6.843031234836566,0.5060500437702597,M6_breakpoint_stat,1.3142418536572467
GB,2023-01-10,9.046229666575783,6.843031234836566,0.5048411269483243,M6_breakpoint_stat,1.321962352082094
GB,2023-01-11,9.140864737530952,6.843031234836566,0.5022306716297602,M6_breakpoint_stat,1.335791760089674
GB,2023-01-12,9.127707513889288,6.843031234836566,0.5031057054245777,M6_breakpoint_stat,1.333869041459561
GB,2023-01-13,8.860029779942092,6.843031234836566,0.5063942932118778,M6_breakpoint_stat,1.294752204963989
GB,2023-01-14,9.141789741371191,6.843031234836566,0.5038998441255255,M6_breakpoint_stat,1.3359269346648726
GB,2023-01-15,9.08721681020947,6.843031234836566,0.5025972658112176,M6_breakpoint_stat,1.3279519701661135
GB,2023-01-16,9.093017115333902,6.843031234836566,0.503396461698851,M6_breakpoint_stat,1.3287995923565403
GB,2023-01-17,9.174564264096082,6.843031234836566,0.5017057361895692,M6_breakpoint_stat,1.3407164090367039
GB,2023-01-19,9.351409314701096,6.911028281591601,0.4955313084518086,M6_breakpoint_stat,1.3531140278516525
GB,2023-01-20,9.351398503930817,6.902823442543457,0.49587128590705437,M6_breakpoint_stat,1.354720801099491
GB,2023-01-21,9.370263926002934,6.908125942364025,0.4958031692273677,M6_breakpoint_stat,1.356411855281889
GB,2023-01-22,9.300258013334028,6.880726388880006,0.49702350272571294,M6_breakpoint_stat,1.3516389822394692
GB,2023-01-23,9.41181200590623,6.96767549477618,0.49498101321581145,M6_breakpoint_stat,1.3507821960081914
GB,2023-01-24,9.367155821132224,6.983643987130511,0.49392570543757497,M6_breakpoint_stat,1.341299161067497
GB,2023-01-25,9.233260653243503,6.898494218746703,0.4974581202168589,M6_breakpoint_stat,1.3384458057748396
GB,2023-01-26,9.36940463103156,6.902532531441412,0.4972686626824985,M6_breakpoint_stat,1.3573865227513833
GB,2023-01-27,9.39347394603384,6.948479843751192,0.4945081264603506,M6_breakpoint_stat,1.3518746772333872
GB,2023-01-28,9.377706897472242,6.948163780335742,0.49440390369894394,M6_breakpoint_stat,1.3496669327243611
GB,2023-01-29,9.358155816856774,6.939286263271538,0.49472320436633926,M6_breakpoint_stat,1.348576130428269
GB,2023-01-30,9.358715864741503,6.917971948738187,0.49541545939129533,M6_breakpoint_stat,1.3528120573614784
GB,2023-01-31,9.422727534904489,6.965064844253276,0.49453355141261,M6_breakpoint_stat,1.3528556798260072
GB,2023-02-01,9.46576337927014,7.03356328549577,0.4924430234037507,M6_breakpoint_stat,1.3457991341017603
GB,2023-02-02,9.496131288604584,7.0359638872378145,0.49202461965631206,M6_breakpoint_stat,1.349656058614676
GB,2023-02-03,9.318892798879894,7.003274472821762,0.49282245602377667,M6_breakpoint_stat,1.3306479469060595
GB,2023-02-04,9.497761299348916,7.024675604977427,0.4919316613745865,M6_breakpoint_stat,1.3520569252506338
GB,2023-02-05,9.38372978922923,6.995534241547345,0.4942997234759536,M6_breakpoint_stat,1.34138858666406
GB,2023-02-06,9.417456446201818,6.936830811572575,0.49494062296530694,M6_breakpoint_stat,1.3576021532038616
GB,2023-02-07,9.515055333794988,7.361755482295876,0.49021984048003786,M6_breakpoint_stat,1.2924981489371028
GB,2023-02-08,9.641912816111835,8.199055007048589,0.4683963282027264,M6_breakpoint_stat,1.1759785497015016
GB,2023-02-09,9.688413141640678,8.368652620357983,0.4546288086783383,M6_breakpoint_stat,1.1577028682098935
GB,2023-02-10,9.702582981112542,8.307544503124875,0.45718061325689924,M6_breakpoint_stat,1.1679242858660492
GB,2023-02-11,9.645943717513813,8.34996364753125,0.4537159447640483,M6_breakpoint_stat,1.1552078697211732
GB,2023-02-12,9.652042192584304,8.29518570201737,0.4600858705979011,M6_breakpoint_stat,1.1635715629894758
GB,2023-02-13,9.548604462513705,7.903828795171929,0.46755379353924437,M6_breakpoint_stat,1.2080985949931622
GB,2023-02-14,9.503065056964235,7.763313279480205,0.4707764258373441,M6_breakpoint_stat,1.2240991333020783
GB,2023-02-15,9.432603103134614,7.649273569748809,0.47305888180167743,M6_breakpoint_stat,1.2331371099653803
GB,2023-02-16,9.383281083229717,7.640001959018233,0.47459552818051576,M6_breakpoint_stat,1.2281778373307513
GB,2023-02-17,9.338334152720751,7.43009663675083,0.4834462999168165,M6_breakpoint_stat,1.256825396661919
GB,2023-02-18,9.569582783124838,7.13867809187533,0.4888163151759652,M6_breakpoint_stat,1.3405258872810315
GB,2023-02-19,9.502988900475376,7.124831552527059,0.48898604782624094,M6_breakpoint_stat,1.3337843611340994
GB,2023-02-20,9.506909899087276,7.064883265817773,0.49067522305187367,M6_breakpoint_stat,1.345657039385892
GB,2023-02-21,9.587251491773202,7.176450723145108,0.4885645309454592,M6_breakpoint_stat,1.3359321845341885
GB,2023-02-22,9.654567292520598,7.2915649130295375,0.48450840930116884,M6_breakpoint_stat,1.324073420133521
GB,2023-02-23,9.688729458517397,7.329888300926747,0.48240708897012935,M6_breakpoint_stat,1.3218113374650486
GB,2023-02-24,9.713652682320143,7.342168564479503,0.4816657572309825,M6_breakpoint_stat,1.3229950520767917
GB,2023-02-25,9.691514179866957,7.341004022812248,0.4818356179042678,M6_breakpoint_stat,1.3201891934332788
GB,2023-03-02,9.824781371570865,7.508732713047386,0.47691834251979853,M6_breakpoint_stat,1.3084473435176414
GB,2023-03-03,9.82461195469134,7.601635731616651,0.4749662629616408,M6_breakpoint_stat,1.2924339315325133
GB,2023-03-04,9.838338702859364,7.653908664353707,0.4728700813512504,M6_breakpoint_stat,1.285400588679498
GB,2023-03-05,9.85818089244735,7.68932559772542,0.47152004671912895,M6_breakpoint_stat,1.2820605353691226
GB,2023-03-06,9.856479846428158,7.685729894487144,0.47161919922388856,M6_breakpoint_stat,1.2824390112249533
GB,2023-03-07,9.852023614410216,7.735192325708842,0.47139216392816746,M6_breakpoint_stat,1.2736623990157079
GB,2023-03-08,9.863865816763273,7.814155471462218,0.46847964488599997,M6_breakpoint_stat,1.2623073411818748
GB,2023-03-09,9.8746416165994,7.81519144543709,0.4684952480509687,M6_breakpoint_stat,1.2635188383471683
GB,2023-03-10,9.837924210150597,7.736972829816105,0.47067802099407574,M6_breakpoint_stat,1.2715469507968309
GB,2023-03-11,9.8471906699722,7.79105061726209,0.4694173856191025,M6_breakpoint_stat,1.2639104985602923
GB,2023-03-12,9.806512452408535,7.797740891000497,0.4691386147301942,M6_breakpoint_stat,1.2576094268182718
GB,2023-03-13,9.73481022643409,7.69587617909193,0.47325028904791105,M6_breakpoint_stat,1.264938520305396
GB,2023-03-14,9.747573912290363,7.556291598652406,0.4779897093821632,M6_breakpoint_stat,1.2899944086367383
GB,2023-03-15,9.422033125827616,7.302825656785082,0.48930401412888913,M6_breakpoint_stat,1.2901900673301123
GB,2023-03-16,8.92219095264232,6.858986630759355,0.5040498904451391,M6_breakpoint_stat,1.3008030825764343
GB,2023-03-17,8.427847923089335,6.843031234836566,0.5172541055314529,M6_breakpoint_stat,1.2315957115882752
GB,2023-03-18,7.975733995835965,6.843031234836566,0.5256486227906817,M6_breakpoint_stat,1.1655264636573666
GB,2023-03-19,8.084810509381166,6.843031234836566,0.5265501747587858,M6_breakpoint_stat,1.1814662584357263
GB,2023-03-20,8.008293929705387,6.843031234836566,0.526087022613912,M6_breakpoint_stat,1.1702845792865435
GB,2023-03-21,8.141833907778988,6.843031234836566,0.5250732312554315,M6_breakpoint_stat,1.1897993196831347
GB,2023-03-22,8.224302821792723,6.843031234836566,0.5229724774708382,M6_breakpoint_stat,1.2018508376703538
GB,2023-03-23,8.871955858003615,6.843031234836566,0.5110024858622843,M6_breakpoint_stat,1.2964950112806999
GB,2023-03-24,9.219931506310846,6.936481043824962,0.4978840242094999,M6_breakpoint_stat,1.3291943635481671
GB,2023-03-25,9.466092564687475,7.191486502419339,0.4904250893860393,M6_breakpoint_stat,1.3162915012776453
GB,2023-03-26,9.59810465141343,7.452055355329353,0.481771644168075,M6_breakpoint_stat,1.2879808581332295
GB,2023-03-27,9.74842796066842,7.582677945939886,0.47582734014833583,M6_breakpoint_stat,1.2856180929968386
GB,2023-03-28,9.7390438079307,7.67181974621319,0.4735481216518959,M6_breakpoint_stat,1.2694568081761686
GB,2023-03-29,9.87592762479134,7.960897780841131,0.46786626373638934,M6_breakpoint_stat,1.2405545073771655
GB,2023-03-30,9.847370130944974,8.163351726523342,0.46006105491324123,M6_breakpoint_stat,1.2062900706520008
GB,2023-03-31,9.84993856033664,8.205336659457023,0.4574054470161167,M6_breakpoint_stat,1.2004307646517023
GB,2023-04-01,9.810254571752685,8.200298311347433,0.4574887855327787,M6_breakpoint_stat,1.1963289869805616
GB,2023-04-02,9.84592423632789,8.254085641424988,0.45701101823895895,M6_breakpoint_stat,1.1928546254613477
GB,2023-04-03,9.83838870131512,8.436688195465646,0.453462851620772,M6_breakpoint_stat,1.1661434526646164
GB,2023-04-04,9.808481128894622,8.617816055877261,0.4486980760851231,M6_breakpoint_stat,1.1381632034493634
GB,2023-04-07,9.70247741009354,8.883503915412735,0.44048896851741803,M6_breakpoint_stat,1.0921903679537865
GB,2023-04-08,9.723073254781834,8.875608746014414,0.4416698448941964,M6_breakpoint_stat,1.0954824094908389
GB,2023-04-09,9.7991622009127,8.808366107061039,0.44299033839443336,M6_breakpoint_stat,1.1124835277972167
GB,2023-04-10,9.698316229579705,8.963654626970081,0.4401939200739785,M6_breakpoint_stat,1.081960052365154
GB,2023-04-11,9.627053699041156,8.992731505310136,0.43796353346217276,M6_breakpoint_stat,1.0705372103410913
GB,2023-04-12,9.608620027607593,8.995663991138468,0.4377366388816502,M6_breakpoint_stat,1.0681390542235616
GB,2023-04-13,9.67533449859352,9.00940711927967,0.4376326175528797,M6_breakpoint_stat,1.0739146727967037
GB,2023-04-14,9.611225298781944,9.067952326342594,0.43692553415090385,M6_breakpoint_stat,1.0599113176699364
GB,2023-04-15,9.582774477784271,9.145330659187003,0.43506405449224683,M6_breakpoint_stat,1.0478324770201535
GB,2023-04-16,9.550104073124166,9.161756298431442,0.4342579934238065,M6_breakpoint_stat,1.0423879179976892
GB,2023-04-17,9.52626377977662,9.264873851633796,0.43378547953635077,M6_breakpoint_stat,1.0282130045512416
GB,2023-04-18,9.34481605805211,9.511511764758234,0.42898790069932513,M6_breakpoint_stat,0.9824743205045743
GB,2023-04-19,9.367308538444089,9.632563819808,0.424874036608977,M6_breakpoint_stat,0.972462649993717
GB,2023-04-20,9.215410623685298,9.690042684198628,0.42308557654950374,M6_breakpoint_stat,0.9510185789700075
GB,2023-04-21,9.31563326895703,9.684999286249862,0.42377113779255665,M6_breakpoint_stat,0.9618620501276407
GB,2023-04-22,9.33320456034084,9.648316522033824,0.4247733199950285,M6_breakpoint_stat,0.9673402130855302
GB,2023-04-23,9.112566614750468,9.870057955363274,0.4212097817698136,M6_breakpoint_stat,0.9232536076243409
GB,2023-04-24,9.089559701690606,9.99006237988361,0.41749586978599296,M6_breakpoint_stat,0.9098601546266324
GB,2023-04-25,8.961448497480275,10.083914970344896,0.4158675173948813,M6_breakpoint_stat,0.8886874317994938
GB,2023-04-26,8.93583978421958,10.154399628236009,0.414033357321945,M6_breakpoint_stat,0.8799968596244706
GB,2023-04-27,8.917209757140753,10.154969655847944,0.414104003176471,M6_breakpoint_stat,0.8781128904708837
GB,2023-04-28,8.868462164940155,10.19292679598506,0.4136100005907013,M6_breakpoint_stat,0.8700604195875709
GB,2023-04-29,8.729947664928662,10.210025977465342,0.41340345388731853,M6_breakpoint_stat,0.8550367730891796
GB,2023-04-30,9.171903740764716,10.071220277888818,0.4163524850364388,M6_breakpoint_stat,0.9107043126542932
GB,2023-05-01,8.806825337776422,10.267479876151562,0.4135457546223939,M6_breakpoint_stat,0.857739722308312
GB,2023-05-02,8.76977940295775,10.3381987647501,0.4103399347553924,M6_breakpoint_stat,0.8482889140088745
GB,2023-05-03,8.760852503161107,10.334405516362931,0.41025071777731237,M6_breakpoint_stat,0.8477364749515252
GB,2023-05-04,8.644860737119693,10.529108307998246,0.4085635830491446,M6_breakpoint_stat,0.8210439558830239
GB,2023-05-05,8.512411324293106,10.754021880015436,0.40432913309948226,M6_breakpoint_stat,0.7915560726273032
GB,2023-05-06,8.416361587882507,10.84037593520203,0.40163547606992206,M6_breakpoint_stat,0.7763901951547637
GB,2023-05-07,8.258205844722777,10.88907689946622,0.4004689186082694,M6_breakpoint_stat,0.7583935645754869
GB,2023-05-08,8.31930280427185,10.912686788572625,0.39990631665072623,M6_breakpoint_stat,0.7623514690244318
GB,2023-05-09,8.307521290123045,10.940023131920546,0.3996805480817245,M6_breakpoint_stat,0.7593696274629943
GB,2023-05-10,8.305484443794532,10.960147812870316,0.3990948769951153,M6_breakpoint_stat,0.7577894555437967
GB,2023-05-11,8.331535464968066,10.933725239523444,0.3995063510158997,M6_breakpoint_stat,0.7620033687010049
GB,2023-05-12,8.23483157515146,10.911786194157203,0.40020011331304894,M6_breakpoint_stat,0.7546731056333253
GB,2023-05-13,8.34852646147406,10.879930935261356,0.40047428508210975,M6_breakpoint_stat,0.767332670689744
GB,2023-05-14,8.275067197110095,11.024635025449664,0.39893201114848514,M6_breakpoint_stat,0.7505978363916477
GB,2023-05-15,8.187479065391228,11.03965797994004,0.3976586295657576,M6_breakpoint_stat,0.7416424567018784
GB,2023-05-16,8.279066910244701,11.02216028862633,0.39869220314032866,M6_breakpoint_stat,0.7511292426755758
GB,2023-05-17,8.297432694539282,11.0619803658413,0.39914347091301605,M6_breakpoint_stat,0.750085646523224
GB,2023-05-18,8.176995912067621,11.151453450255133,0.39628366651039904,M6_breakpoint_stat,0.733267277538655
GB,2023-05-19,8.247408898215108,10.95472986392505,0.4100675834094282,M6_breakpoint_stat,0.7528628273504577
GB,2023-05-20,8.441252865952613,9.552391295660238,0.4302076828081526,M6_breakpoint_stat,0.8836795525522047
GB,2023-05-22,7.9792836715101965,11.587931439248866,0.39176546201865475,M6_breakpoint_stat,0.6885856818658755
GB,2023-05-23,7.9154979708853315,11.597023669899908,0.3894155522066445,M6_breakpoint_stat,0.6825456424159949
GB,2023-05-24,7.977409971297459,11.46549538209549,0.3921032532318469,M6_breakpoint_stat,0.6957754292723346
GB,2023-05-25,8.16790611874483,11.270341656973692,0.3955335148911741,M6_breakpoint_stat,0.7247256886565472
GB,2023-05-26,8.437931836679233,11.02195700444392,0.40092483536676177,M6_breakpoint_stat,0.7655565915632915
GB,2023-05-27,8.637928173868284,10.639735039497875,0.4072252254470494,M6_breakpoint_stat,0.811855571760172
GB,2023-05-28,8.752439081249074,10.355051824712303,0.4112515868425021,M6_breakpoint_stat,0.8452337302997752
GB,2023-05-29,8.863018735988303,10.20929120682927,0.4134755374766296,M6_breakpoint_stat,0.8681326212009303
GB,2023-05-30,9.023240992986448,10.094570366089853,0.41545913459735473,M6_breakpoint_stat,0.893870731071204
GB,2023-05-31,9.05814936468594,10.018787826520535,0.41638994421803155,M6_breakpoint_stat,0.9041162984516242
GB,2023-06-01,9.024981392732832,10.1137790374899,0.41525021309986027,M6_breakpoint_stat,0.8923451223601883
GB,2023-06-02,8.902403856707311,10.219076941885303,0.41318670961698595,M6_breakpoint_stat,0.8711553800146766
GB,2023-06-03,8.860808945155673,10.249730374422285,0.4119144666762714,M6_breakpoint_stat,0.864491905783922
GB,2023-06-04,8.869268957447646,10.31470844365457,0.41139784091936904,M6_breakpoint_stat,0.8598661809877783
GB,2023-06-05,8.6547821499387,10.592774796603692,0.4081187261660778,M6_breakpoint_stat,0.8170457992473926
GB,2023-06-06,8.444796783728425,10.795148447284564,0.40322273871903913,M6_breakpoint_stat,0.782277040928756
GB,2023-06-07,8.333534305013988,10.85720098584558,0.4011861736338331,M6_breakpoint_stat,0.7675582607228446
GB,2023-06-08,8.199366645444103,11.077687533209067,0.39894626348049783,M6_breakpoint_stat,0.740169518310005
GB,2023-06-09,7.80455032557026,11.391594005132273,0.3941266403738885,M6_breakpoint_stat,0.685114859435305
GB,2023-06-10,7.934387704105904,11.540449297537684,0.3901929582041741,M6_breakpoint_stat,0.6875284921358146
GB,2023-06-11,7.954741536836727,11.623986121955612,0.3886586031855049,M6_breakpoint_stat,0.6843385266790414
GB,2023-06-12,7.934385713573623,11.72987183492528,0.3873046632279687,M6_breakpoint_stat,0.676425610205669
GB,2023-06-13,7.945087144247542,11.865507501172198,0.38524636544857793,M6_breakpoint_stat,0.669595223252157
GB,2023-06-14,7.988038549125762,11.870121225690486,0.38517006179944974,M6_breakpoint_stat,0.6729534094257826
GB,2023-06-15,7.884927696796264,11.699757638357712,0.3885992755594179,M6_breakpoint_stat,0.6739394046031766
GB,2023-06-16,7.959270447356122,11.486044967330756,0.390754592148631,M6_breakpoint_stat,0.6929513570593114
GB,2023-06-17,7.946454809706424,11.43107220916447,0.39136618050942396,M6_breakpoint_stat,0.6951626815318013
GB,2023-06-18,7.949259115456203,11.456403393187164,0.39118591548230786,M6_breakpoint_stat,0.6938703921846388
GB,2023-06-19,7.969559365786421,11.434437187439883,0.3925612298755329,M6_breakpoint_stat,0.6969787174606683
GB,2023-06-20,8.42060041227597,11.189001750673327,0.39893177210124425,M6_breakpoint_stat,0.7525783443343584
GB,2023-06-22,9.200798887402168,10.071969836560978,0.4196435543617395,M6_breakpoint_stat,0.9135054052687407
GB,2023-06-23,9.4769351657053,9.618500247233598,0.42867376631349585,M6_breakpoint_stat,0.9852820005313183
GB,2023-06-24,9.778292648527522,9.125535402113623,0.4445674365810176,M6_breakpoint_stat,1.0715308436875615
GB,2023-06-25,9.7017098235431,8.218629188084341,0.470290790963708,M6_breakpoint_stat,1.1804535283826871
GB,2023-06-26,8.697210589208638,7.193614760694253,0.5027775943453218,M6_breakpoint_stat,1.2090181193368872
GB,2023-06-27,7.904747055893772,6.843031234836566,0.5435708760922047,M6_breakpoint_stat,1.155152853263655
GB,2023-06-29,7.897555426495965,6.843031234836566,0.6001335619179708,M6_breakpoint_stat,1.154101911195585
GB,2023-07-01,7.915390136214529,6.843031234836566,0.6012315102781043,M6_breakpoint_stat,1.156708169899735
GB,2023-07-02,7.912391374135005,6.843031234836566,0.5946057450170081,M6_breakpoint_stat,1.1562699485944958
GB,2023-07-03,7.924071512595913,6.843031234836566,0.5857281467801744,M6_breakpoint_stat,1.1579768147565916
GB,2023-07-04,7.909147029192326,6.843031234836566,0.5737514329922336,M6_breakpoint_stat,1.155795839266138
GB,2023-07-05,7.929909363867048,6.843031234836566,0.5591257204560629,M6_breakpoint_stat,1.158829923718219
GB,2023-07-06,7.904957014214567,6.843031234836566,0.5477537021238776,M6_breakpoint_stat,1.155183535327435
GB,2023-07-07,7.895685053548272,6.843031234836566,0.5401071075652525,M6_breakpoint_stat,1.1538285859858195
GB,2023-07-08,7.907919565032137,6.843031234836566,0.5310127069863884,M6_breakpoint_stat,1.1556164649336143
GB,2023-07-09,8.255569755766174,6.843031234836566,0.5234776424185962,M6_breakpoint_stat,1.2064200019632592
GB,2023-07-10,7.895206709613301,6.843031234836566,0.5294697311647463,M6_breakpoint_stat,1.153758683640126
GB,2023-07-11,7.929350682572724,6.843031234836566,0.5391026017989565,M6_breakpoint_stat,1.1587482813472942
GB,2023-07-15,7.908439318411755,6.843031234836566,0.5719062302658734,M6_breakpoint_stat,1.1556924186099575
GB,2023-07-16,7.883948215382046,6.843031234836566,0.5778560750913211,M6_breakpoint_stat,1.1521134340650632
GB,2023-07-17,7.915887545590199,6.843031234836566,0.5822428788528309,M6_breakpoint_stat,1.1567808583558594
GB,2023-07-18,7.929233967231477,6.843031234836566,0.581790468241018,M6_breakpoint_stat,1.15873122525954
GB,2023-07-19,7.905288237570866,6.843031234836566,0.5795175634167782,M6_breakpoint_stat,1.1552319383443046
GB,2023-07-20,7.91472337901905,6.843031234836566,0.5792042526810989,M6_breakpoint_stat,1.1566107339575924
GB,2023-07-21,7.895538477068658,6.843031234836566,0.5821211686834511,M6_breakpoint_stat,1.1538071661684048
GB,2023-07-22,7.893900661260001,6.843031234836566,0.5844234333428091,M6_breakpoint_stat,1.153567825479688
GB,2023-07-23,7.894911284459827,6.843031234836566,0.5809878382348141,M6_breakpoint_stat,1.153715511960305
GB,2023-07-24,7.905611124665673,6.843031234836566,0.5711885753340485,M6_breakpoint_stat,1.1552791231493604
GB,2023-07-25,7.913572096860949,6.843031234836566,0.5605802767888827,M6_breakpoint_stat,1.1564424924110333
GB,2023-07-26,7.908145777757465,6.843031234836566,0.5529330054968543,M6_breakpoint_stat,1.1556495223196708
GB,2023-07-27,7.929366854021632,6.843031234836566,0.5487707540194398,M6_breakpoint_stat,1.158750644546928
GB,2023-07-28,7.867054647121202,6.843031234836566,0.5533964119039169,M6_breakpoint_stat,1.1496447081918213
GB,2023-07-29,7.897964685587679,6.843031234836566,0.5626720953788154,M6_breakpoint_stat,1.1541617178920138
GB,2023-07-30,7.891826942679601,6.843031234836566,0.5687928206966799,M6_breakpoint_stat,1.1532647845451613
GB,2023-07-31,7.913325827177625,6.843031234836566,0.5694310531877975,M6_breakpoint_stat,1.1564065040200888
GB,2023-08-01,7.886315075349359,6.843031234836566,0.5698945205392495,M6_breakpoint_stat,1.15245931294331
GB,2023-08-02,7.911090233358549,6.843031234836566,0.5728225980731247,M6_breakpoint_stat,1.156079807598232
GB,2023-08-04,3.1420752039140685,6.843031234836566,0.7080881959877354,M6_breakpoint_stat,0.4591642352760811
GB,2023-08-05,4.507716692025955,6.843031234836566,0.8510521310797735,M6_breakpoint_stat,0.6587309830003448
GB,2023-08-06,5.037432487929985,6.843031234836566,0.9124123175859373,M6_breakpoint_stat,0.7361405077745923
GB,2023-08-07,4.941623521321152,6.843031234836566,0.9066194521366872,M6_breakpoint_stat,0.7221395536183278
GB,2023-08-08,5.065068927527001,6.843031234836566,0.8796205510644854,M6_breakpoint_stat,0.7401791331510664
GB,2023-08-09,5.335849797851601,6.843031234836566,0.8531136956346239,M6_breakpoint_stat,0.7797494435927471
GB,2023-08-10,5.511273329928998,6.843031234836566,0.8286499478371221,M6_breakpoint_stat,0.8053847981684136
GB,2023-08-11,5.9375789008927,6.843031234836566,0.8045517311541173,M6_breakpoint_stat,0.8676825659753852
GB,2023-08-12,5.941068032084314,6.843031234836566,0.7799753588574102,M6_breakpoint_stat,0.8681924469143836
GB,2023-08-13,6.097876400596551,6.843031234836566,0.7548703914340991,M6_breakpoint_stat,0.8911074918894752
GB,2023-08-14,4.58237768024999,6.843031234836566,0.7323441377546093,M6_breakpoint_stat,0.6696414970199142
GB,2023-08-15,6.29716100440005,6.843031234836566,0.7153766115997514,M6_breakpoint_stat,0.9202297619719175
GB,2023-08-16,5.27200910285167,6.843031234836566,0.7086243139333354,M6_breakpoint_stat,0.7704201430519384
GB,2023-08-17,6.57901530540185,6.843031234836566,0.7051885283546094,M6_breakpoint_stat,0.9614182778984462
GB,2023-08-18,6.735595961375815,6.843031234836566,0.6990602815510107,M6_breakpoint_stat,0.9843000463137128
GB,2023-08-19,6.352851261498005,6.843031234836566,0.6941047998647272,M6_breakpoint_stat,0.9283680058563596
GB,2023-08-20,6.653914678371161,6.843031234836566,0.6909332411813756,M6_breakpoint_stat,0.9723636280508777
GB,2023-08-21,6.667282596248743,6.843031234836566,0.689356319010737,M6_breakpoint_stat,0.9743171362870419
GB,2023-08-22,6.449635724582558,6.843031234836566,0.6885501833055028,M6_breakpoint_stat,0.94251151328211
GB,2023-08-23,7.087072795683498,6.843031234836566,0.6847767197121889,M6_breakpoint_stat,1.0356627863401475
GB,2023-08-24,6.969902929614655,6.843031234836566,0.6751232271051083,M6_breakpoint_stat,1.0185402770240488
GB,2023-08-25,6.7547777171875145,6.843031234836566,0.6630992908763882,M6_breakpoint_stat,0.9871031543448509
GB,2023-08-26,6.856333595105722,6.843031234836566,0.6515575025599192,M6_breakpoint_stat,1.001943928036078
GB,2023-08-27,6.788364365588678,6.843031234836566,0.6399198956636735,M6_breakpoint_stat,0.9920113079464566
GB,2023-08-31,7.9188233475437695,6.843031234836566,0.6078631373056979,M6_breakpoint_stat,1.1572098790416958
GB,2023-09-01,7.927175788527669,6.843031234836566,0.5984547156598656,M6_breakpoint_stat,1.1584304552304145
GB,2023-09-02,7.903830789557829,6.843031234836566,0.5959174710931668,M6_breakpoint_stat,1.155018955535514
GB,2023-09-03,7.890661749958569,6.843031234836566,0.6001588347139462,M6_breakpoint_stat,1.1530945101914363
GB,2023-09-04,7.889421602972812,6.843031234836566,0.6078091789186086,M6_breakpoint_stat,1.152913282466003
GB,2023-09-05,7.913727967512853,6.843031234836566,0.6113004484982946,M6_breakpoint_stat,1.1564652704236646
GB,2023-09-09,7.89809049232322,6.843031234836566,0.6023835192599363,M6_breakpoint_stat,1.154180102542211
GB,2023-09-10,7.90569603925552,6.843031234836566,0.5939500005955572,M6_breakpoint_stat,1.155291532063909
GB,2023-09-11,7.918832610417679,6.843031234836566,0.58589247067882,M6_breakpoint_stat,1.1572112326631527
GB,2023-09-12,7.9305793017983826,6.843031234836566,0.5818351888783926,M6_breakpoint_stat,1.1589278244742354
GB,2023-09-13,7.913312334961289,6.843031234836566,0.5824958726366328,M6_breakpoint_stat,1.1564045323476133
GB,2023-09-14,7.919930877392016,6.843031234836566,0.5821607931206852,M6_breakpoint_stat,1.157371726885179
GB,2023-09-15,7.928968960532987,6.843031234836566,0.5768617587040477,M6_breakpoint_stat,1.1586924987523246
GB,2023-09-16,7.92791390166199,6.843031234836566,0.5682719215718433,M6_breakpoint_stat,1.158538318706262
GB,2023-09-17,7.922441966266426,6.843031234836566,0.5614920089439653,M6_breakpoint_stat,1.157738682520516
GB,2023-09-18,7.916928583196054,6.843031234836566,0.5561940358664976,M6_breakpoint_stat,1.1569329894173916
GB,2023-09-19,7.933169384318653,6.843031234836566,0.5506334640807817,M6_breakpoint_stat,1.1593063237724828
GB,2023-10-05,9.391828326675956,6.984280591488735,0.49415493544429806,M6_breakpoint_stat,1.3447094806186817
GB,2023-10-06,9.5017502913362,7.056368454636565,0.4917589276218765,M6_breakpoint_stat,1.346549624274911
GB,2023-10-07,9.500019150888246,7.115762035551509,0.4896165068363901,M6_breakpoint_stat,1.335067010873129
GB,2023-10-11,9.709163895353305,7.455752695383615,0.48102914091302656,M6_breakpoint_stat,1.3022379217815172
GB,2023-10-12,9.493640699893032,7.220650460673628,0.4874974616828194,M6_breakpoint_stat,1.3147902327635108
GB,2023-10-13,9.63854656074011,7.24307891968972,0.4860779519733703,M6_breakpoint_stat,1.3307250504393244
GB,2023-10-14,9.58866657052456,7.245803948547867,0.4861922884486592,M6_breakpoint_stat,1.3233406035566595
GB,2023-10-15,9.352022706644416,7.098473038793746,0.4933763954379819,M6_breakpoint_stat,1.317469638263727
GB,2023-10-19,8.511456368498395,6.843031234836566,0.5164248605324808,M6_breakpoint_stat,1.243813753935273
GB,2023-10-20,8.308667459489277,6.843031234836566,0.5206432330890404,M6_breakpoint_stat,1.2141793854734195
GB,2023-10-21,8.42138108901737,6.843031234836566,0.5192441719201546,M6_breakpoint_stat,1.2306506868105067
GB,2023-10-22,8.797000922349827,6.843031234836566,0.5125786769749988,M6_breakpoint_stat,1.2855415415270903
GB,2023-10-24,9.289274440247102,6.900126421133395,0.4986746626294583,M6_breakpoint_stat,1.3462469921994953
GB,2023-10-25,9.405920695617004,7.0274409468548,0.4935337621102562,M6_breakpoint_stat,1.3384560278413604
GB,2023-12-15,9.87228609018506,7.74077513069664,0.4718838522846499,M6_breakpoint_stat,1.275361436484022
GB,2023-12-16,9.41990733811604,7.487590250616699,0.49180012535625905,M6_breakpoint_stat,1.2580692883588536
GB,2023-12-17,7.854408740211858,6.843031234836566,0.53250204224804,M6_breakpoint_stat,1.1477967103564517
GB,2023-12-19,3.454298443257572,6.843031234836566,0.7768800094091125,M6_breakpoint_stat,0.5047906877397254
GB,2023-12-20,2.254501742758245,6.843031234836566,0.9837957243977576,M6_breakpoint_stat,0.3294595136846675
GB,2023-12-21,0.974772079605051,6.843031234836566,1.116482493680762,M6_breakpoint_stat,0.14244741053389795
GB,2023-12-22,5.024874963733878,6.843031234836566,1.2010473070643868,M6_breakpoint_stat,0.7343054256647549
GB,2023-12-23,5.203250512788053,6.843031234836566,1.234816024734804,M6_breakpoint_stat,0.7603721704935814
GB,2023-12-24,4.229843468020557,6.843031234836566,1.211858522472238,M6_breakpoint_stat,0.6181242380550934
GB,2023-12-27,4.748129181683078,6.843031234836566,1.0331586545828044,M6_breakpoint_stat,0.693863438400114
GB,2023-12-28,4.476988343052861,6.843031234836566,0.9888123819724581,M6_breakpoint_stat,0.6542405243251511
GB,2023-12-29,5.4797454141039745,6.843031234836566,0.9515149086960729,M6_breakpoint_stat,0.800777495535551
GB,2023-12-30,5.892034863632855,6.843031234836566,0.9188499860192096,M6_breakpoint_stat,0.8610270304828699
GB,2023-12-31,6.187421229139335,6.843031234836566,0.8908248848903962,M6_breakpoint_stat,0.904193042060126
GB,2024-01-01,6.221010044371347,6.843031234836566,0.8660390437614625,M6_breakpoint_stat,0.9091015123095408
GB,2024-01-02,7.07000048615058,6.843031234836566,0.8435512035283637,M6_breakpoint_stat,1.0331679402774836
GB,2024-01-03,7.057676533043737,6.843031234836566,0.8245131534936447,M6_breakpoint_stat,1.0313669908613674
GB,2024-01-04,7.445101295847574,6.843031234836566,0.8039306014840909,M6_breakpoint_stat,1.0879829479582066
GB,2024-01-05,7.1367699338734605,6.843031234836566,0.7842361454142536,M6_breakpoint_stat,1.0429252313713733
GB,2024-01-12,5.637279783205851,6.843031234836566,0.7747434826972711,M6_breakpoint_stat,0.8237986339310472
GB,2024-01-13,8.301132097148152,6.843031234836566,0.7963394985754656,M6_breakpoint_stat,1.2130782123116248
GB,2024-01-14,8.5317266889182,6.843031234836566,0.813906613986802,M6_breakpoint_stat,1.246775938342179
GB,2024-01-15,7.237419824614352,6.843031234836566,0.8307978490695267,M6_breakpoint_stat,1.0576336094697374
GB,2024-01-16,4.235343894067945,6.843031234836566,0.8400011182138962,M6_breakpoint_stat,0.6189280376957244
GB,2024-01-17,9.20610771050914,6.843031234836566,0.8345424785273319,M6_breakpoint_stat,1.345325981217593
GB,2024-01-18,6.019999376199661,6.843031234836566,0.8287647143903991,M6_breakpoint_stat,0.8797270054172767
GB,2024-01-19,6.822773578231053,6.843031234836566,0.8243847407537463,M6_breakpoint_stat,0.9970396662078078
GB,2024-01-20,8.57792091794361,6.843031234836566,0.811111458881278,M6_breakpoint_stat,1.2535264890031557
GB,2024-01-21,8.769690956822108,6.843031234836566,0.7960593229430122,M6_breakpoint_stat,1.2815506251348503
GB,2024-01-22,8.287806668040593,6.843031234836566,0.7849926035380361,M6_breakpoint_stat,1.2111309131323194
GB,2024-01-23,7.441520210556083,6.843031234836566,0.7751786274768391,M6_breakpoint_stat,1.0874596293924137
GB,2024-01-24,8.238793236570427,6.843031234836566,0.7627700756702055,M6_breakpoint_stat,1.2039683809461956
GB,2024-01-25,8.444955214617304,6.843031234836566,0.7527384288984822,M6_breakpoint_stat,1.2340956697122247
GB,2024-01-26,7.309968147853731,6.843031234836566,0.7470463399274484,M6_breakpoint_stat,1.0682353911582454
GB,2024-01-27,7.607547989964582,6.843031234836566,0.745500156495742,M6_breakpoint_stat,1.1117219443973902
GB,2024-01-28,8.789699564858074,6.843031234836566,0.7518778465469377,M6_breakpoint_stat,1.2844745644461464
GB,2024-01-29,9.62699247503516,6.843031234836566,0.7571862667807608,M6_breakpoint_stat,1.4068315845214878
GB,2024-01-30,8.882095069376598,6.843031234836566,0.7594788572673828,M6_breakpoint_stat,1.2979766954970988
GB,2024-01-31,8.676249421358463,6.843031234836566,0.7612177837973485,M6_breakpoint_stat,1.2678956333253797
GB,2024-02-01,8.776934842640754,6.843031234836566,0.7590711226583929,M6_breakpoint_stat,1.2826092036463395
GB,2024-02-02,9.57652858072717,6.843031234836566,0.7541203954067219,M6_breakpoint_stat,1.3994570902986516
GB,2024-02-03,9.735510752283146,6.843031234836566,0.7431309443024161,M6_breakpoint_stat,1.4226898019581613
GB,2024-02-04,6.825815018756862,6.843031234836566,0.731159544828377,M6_breakpoint_stat,0.99748412428807
GB,2024-02-05,10.111784825963015,6.843031234836566,0.7197991797227495,M6_breakpoint_stat,1.477676263478946
GB,2024-02-06,10.112640222725377,6.843031234836566,0.704423047729711,M6_breakpoint_stat,1.4778012660886093
GB,2024-02-07,10.327495183045086,6.843031234836566,0.6898164218434054,M6_breakpoint_stat,1.5091988957276388
GB,2024-02-08,10.323023509764628,6.843031234836566,0.6827502054771785,M6_breakpoint_stat,1.5085454319150386
GB,2024-02-09,10.62031832855405,6.843031234836566,0.6790146419075144,M6_breakpoint_stat,1.5519903335364067
GB,2024-02-10,10.081988388995391,6.843031234836566,0.6731117391846945,M6_breakpoint_stat,1.4733219888972466
GB,2024-02-11,10.427334147903546,6.843031234836566,0.6647378796480782,M6_breakpoint_stat,1.5237887699269845
GB,2024-02-12,9.672772386761814,6.843031234836566,0.6558988344942148,M6_breakpoint_stat,1.413521589309658
GB,2024-02-13,10.822263897980928,6.843031234836566,0.6452198965652384,M6_breakpoint_stat,1.5815014613533909
GB,2024-02-14,10.61178903844609,6.843031234836566,0.6333372042586365,M6_breakpoint_stat,1.5507439136655548
GB,2024-02-15,10.435058564450843,6.843031234836566,0.626583442811952,M6_breakpoint_stat,1.5249175703492264
GB,2024-02-16,10.5846565770287,6.843031234836566,0.6229797468612611,M6_breakpoint_stat,1.5467789366712565
GB,2024-02-20,11.165968566195984,6.843031234836566,0.624222942854797,M6_breakpoint_stat,1.6317284231222222
GB,2024-02-21,10.998828747776631,6.843031234836566,0.6353962999995444,M6_breakpoint_stat,1.607303601331482
GB,2024-02-22,10.89685369511412,6.843031234836566,0.6500024977428,M6_breakpoint_stat,1.5924015719291644
GB,2024-02-23,8.562453283115923,6.843031234836566,0.6638641540556407,M6_breakpoint_stat,1.2512661405849075
GB,2024-02-24,11.006802291411129,6.843031234836566,0.6680661269169442,M6_breakpoint_stat,1.608468807708724
GB,2024-02-25,11.189890787130311,6.843031234836566,0.66554707490928,M6_breakpoint_stat,1.6352242746116243
GB,2024-02-26,10.745747356687462,6.843031234836566,0.6640635473258141,M6_breakpoint_stat,1.5703197878131716
GB,2024-02-27,10.789677301830324,6.843031234836566,0.6607661083090242,M6_breakpoint_stat,1.5767394494565705
GB,2024-02-28,10.029052560172357,6.843031234836566,0.6534769073194121,M6_breakpoint_stat,1.4655862608249344
GB,2024-02-29,11.12499021996918,6.843031234836566,0.6425914639378749,M6_breakpoint_stat,1.625740090639069
GB,2024-03-01,9.610372047855249,6.843031234836566,0.6335762265645307,M6_breakpoint_stat,1.404402773865868
GB,2024-03-02,9.588881040335323,6.843031234836566,0.6273852328219158,M6_breakpoint_stat,1.4012622054858028
GB,2024-03-07,9.88023382518299,6.843031234836566,0.628003507933881,M6_breakpoint_stat,1.4438387735079456
GB,2024-03-08,10.295186368350551,6.843031234836566,0.6327842749206636,M6_breakpoint_stat,1.504477477165342
GB,2024-03-09,9.717186353985442,6.843031234836566,0.638374836787599,M6_breakpoint_stat,1.4200119830693012
GB,2024-03-10,9.653421954634943,6.843031234836566,0.6427906796285733,M6_breakpoint_stat,1.4106938319222064
GB,2024-03-11,9.811459283553098,6.843031234836566,0.6423034816929674,M6_breakpoint_stat,1.433788469882299
GB,2024-03-12,9.074040537734474,6.843031234836566,0.6501110687576994,M6_breakpoint_stat,1.3260264678524722
GB,2024-03-13,9.860717477553486,6.843031234836566,0.67006199002056,M6_breakpoint_stat,1.440986770212951
GB,2024-03-14,10.123436568028303,6.843031234836566,0.6878138643699467,M6_breakpoint_stat,1.4793789799601995
GB,2024-03-15,9.42159014335847,6.843031234836566,0.698068026228063,M6_breakpoint_stat,1.3768153059706862
GB,2024-03-16,8.583482007810222,6.843031234836566,0.7011002086126777,M6_breakpoint_stat,1.254339153694543
GB,2024-03-17,8.833599367794461,6.843031234836566,0.6978984530740548,M6_breakpoint_stat,1.2908898212862587
GB,2024-03-18,6.073919238698763,6.843031234836566,0.6903563526170893,M6_breakpoint_stat,0.8876065343349011
GB,2024-03-19,7.931761669970922,6.843031234836566,0.6759106908702518,M6_breakpoint_stat,1.1591006087465796
GB,2024-03-20,7.348834329629037,6.843031234836566,0.6612577017331671,M6_breakpoint_stat,1.0739150644552846
GB,2024-03-21,8.477483211739608,6.843031234836566,0.6489710808770753,M6_breakpoint_stat,1.2388491182945884
GB,2024-03-22,6.234693149895643,6.843031234836566,0.6401306414975243,M6_breakpoint_stat,0.9111010801990804
GB,2024-03-23,8.741737853079563,6.843031234836566,0.635301448637581,M6_breakpoint_stat,1.2774657243382208
GB,2024-03-28,7.167957456549609,6.843031234836566,0.6309342261059494,M6_breakpoint_stat,1.0474827909682636
GB,2024-03-29,6.920099681237351,6.843031234836566,0.6284537471392341,M6_breakpoint_stat,1.0112623256793634
GB,2024-03-30,6.583959027793306,6.843031234836566,0.6287918191651759,M6_breakpoint_stat,0.9621407241684983
GB,2024-03-31,7.525105125468058,6.843031234836566,0.6322426430699019,M6_breakpoint_stat,1.0996742331321219
GB,2024-04-01,8.830276332512868,6.843031234836566,0.6316497313944168,M6_breakpoint_stat,1.290404212618469
GB,2024-04-02,8.656815562587022,6.843031234836566,0.6292288767297045,M6_breakpoint_stat,1.2650556844628775
GB,2024-04-03,6.55592241193997,6.843031234836566,0.6345876402305308,M6_breakpoint_stat,0.9580436194072913
GB,2024-04-04,7.000908863316204,6.843031234836566,0.6405421619052365,M6_breakpoint_stat,1.0230713002851592
GB,2024-04-05,6.571049041587545,6.843031234836566,0.6531511590883157,M6_breakpoint_stat,0.9602541353509522
GB,2024-04-06,6.733939847477491,6.843031234836566,0.676681991158156,M6_breakpoint_stat,0.9840580316506943
GB,2024-04-07,6.8873708321491005,6.843031234836566,0.6956271262416068,M6_breakpoint_stat,1.0064795257819092
GB,2024-04-08,7.160434845149317,6.843031234836566,0.7039040732162397,M6_breakpoint_stat,1.0463834811533388
GB,2024-04-09,7.957186396261867,6.843031234836566,0.7057572946384243,M6_breakpoint_stat,1.1628160274577368
GB,2024-04-10,8.07468884792936,6.843031234836566,0.7040919869620231,M6_breakpoint_stat,1.179987138860723
GB,2024-04-11,5.951392266602897,6.843031234836566,0.7002155901710353,M6_breakpoint_stat,0.8697011693159451
GB,2024-04-12,6.870452423319316,6.843031234836566,0.6884847657824749,M6_breakpoint_stat,1.0040071698552469
GB,2024-04-13,6.247364452438593,6.843031234836566,0.678809225666153,M6_breakpoint_stat,0.9129527892017288
GB,2024-04-14,6.456736481765776,6.843031234836566,0.6808388074811915,M6_breakpoint_stat,0.9435491758236851
GB,2024-04-15,7.018823072207237,6.843031234836566,0.686085736503209,M6_breakpoint_stat,1.02568917652688
GB,2024-04-16,7.762602193982676,6.843031234836566,0.6867614849958374,M6_breakpoint_stat,1.1343806461769093
GB,2024-04-17,7.732468606076447,6.843031234836566,0.6843139859541945,M6_breakpoint_stat,1.1299771023566172
GB,2024-04-18,8.480636662767656,6.843031234836566,0.6826480152991743,M6_breakpoint_stat,1.2393099449253357
GB,2024-04-19,6.999074662077598,6.843031234836566,0.6823749763967096,M6_breakpoint_stat,1.0228032609944326
GB,2024-04-20,7.752100118607308,6.843031234836566,0.6845652454180975,M6_breakpoint_stat,1.132845935167276
GB,2024-04-21,7.350121938098219,6.843031234836566,0.6919464572322086,M6_breakpoint_stat,1.0741032279204208
GB,2024-04-22,6.772128564887768,6.843031234836566,0.6984590938412358,M6_breakpoint_stat,0.9896387043233347
GB,2024-04-23,6.736772251208288,6.843031234836566,0.6995494877364472,M6_breakpoint_stat,0.984471942333489
GB,2024-04-24,7.1767200223104775,6.843031234836566,0.6988073456791394,M6_breakpoint_stat,1.0487633003595198
GB,2024-04-25,6.803759344869352,6.843031234836566,0.6922324793228544,M6_breakpoint_stat,0.9942610389139701
GB,2024-04-26,7.191051730886863,6.843031234836566,0.6770258934804683,M6_breakpoint_stat,1.050857651252356
GB,2024-04-27,7.012271283469361,6.843031234836566,0.6563717677022557,M6_breakpoint_stat,1.0247317369780846
GB,2024-04-28,7.073250366752301,6.843031234836566,0.6348154787462721,M6_breakpoint_stat,1.0336428585542228
GB,2024-04-30,7.905762829366095,6.843031234836566,0.5948409749695178,M6_breakpoint_stat,1.1553012923745496
GB,2024-05-01,7.93822097922558,6.843031234836566,0.5764802232348547,M6_breakpoint_stat,1.1600445338921752
GB,2024-05-02,7.92856183657107,6.843031234836566,0.5606982314785482,M6_breakpoint_stat,1.1586330040711015
GB,2024-05-03,7.930396504823026,6.843031234836566,0.5458597892165771,M6_breakpoint_stat,1.1589011116083894
GB,2024-05-04,7.883282169414259,6.843031234836566,0.5335917912266587,M6_breakpoint_stat,1.152016102057517
GB,2024-05-05,8.132816177239276,6.843031234836566,0.5256500382534278,M6_breakpoint_stat,1.1884815220244298
GB,2024-05-06,8.460564819690887,6.843031234836566,0.5190744411276306,M6_breakpoint_stat,1.236376764820211
GB,2024-05-07,8.60501401610254,6.843031234836566,0.5146503496326401,M6_breakpoint_stat,1.2574857136843183
GB,2024-05-08,8.826104845368192,6.843031234836566,0.5098531837714942,M6_breakpoint_stat,1.2897946162274077
GB,2024-05-09,9.040331992603807,6.843031234836566,0.5046414998071207,M6_breakpoint_stat,1.3211005009857624
GB,2024-05-10,9.024075875325778,6.843031234836566,0.503033982948468,M6_breakpoint_stat,1.3187249284185538
GB,2024-05-11,9.145743011828284,6.843031234836566,0.5008040375668467,M6_breakpoint_stat,1.3365046421634101
GB,2024-05-12,9.366350846902003,6.95640235107604,0.4951340022279654,M6_breakpoint_stat,1.3464360418217018
GB,2024-05-13,9.221711067189398,6.949426468364831,0.4958920223445348,M6_breakpoint_stat,1.3269744070490503
GB,2024-05-14,9.232104037928444,6.843031234836566,0.4988153795591896,M6_breakpoint_stat,1.3491249303275958
GB,2024-05-15,9.271123744895592,6.873041145875671,0.4975173838549177,M6_breakpoint_stat,1.3489114277249665
GB,2024-05-16,9.317980219094588,6.890768144958393,0.4965798535083658,M6_breakpoint_stat,1.352241146861407
GB,2024-05-17,9.346788122715193,6.939687608069614,0.4952444478549542,M6_breakpoint_stat,1.3468600678576008
GB,2024-05-18,9.419277485470454,6.9702001596593295,0.4937469845534716,M6_breakpoint_stat,1.3513639880796227
GB,2024-05-19,9.38215640660213,6.9799519683094475,0.49333824339385923,M6_breakpoint_stat,1.3441577319155247
GB,2024-05-20,9.44008749428007,7.037148527177315,0.4922878084404141,M6_breakpoint_stat,1.341464864330013
GB,2024-05-21,9.503594033626516,7.1088747610376,0.49004193954917746,M6_breakpoint_stat,1.3368633367567424
GB,2024-05-22,9.556563145600812,7.193309324390515,0.4874789300358476,M6_breakpoint_stat,1.3285349919816682
GB,2024-05-23,9.632782094161492,7.242942235595523,0.4850773235279566,M6_breakpoint_stat,1.329954289407566
GB,2024-05-24,9.603810570462652,7.240501425071201,0.48533032365036916,M6_breakpoint_stat,1.326401309335867
GB,2024-05-25,9.624371458567152,7.211984979959386,0.4858367159484387,M6_breakpoint_stat,1.3344968805829864
GB,2024-05-26,9.60982812913156,7.219595316820917,0.48551575352258985,M6_breakpoint_stat,1.3310757331150744
GB,2024-05-27,9.575861822103183,7.205017061576894,0.4862685629457286,M6_breakpoint_stat,1.3290547045571333
GB,2024-05-28,9.57716058024348,7.173973572837347,0.48731090247006253,M6_breakpoint_stat,1.334986877635745
GB,2024-05-29,9.546190187252886,7.2025692348047405,0.48709430985594043,M6_breakpoint_stat,1.3253867996329896
GB,2024-05-30,9.662473611558646,7.349547945299243,0.48357238050837614,M6_breakpoint_stat,1.3147031196304728
GB,2024-05-31,9.752427215184852,7.515136315796174,0.47865514121799846,M6_breakpoint_stat,1.2977046330731332
GB,2024-06-01,9.818452760111258,7.647265229393269,0.47416573426545616,M6_breakpoint_stat,1.2839168598955801
GB,2024-06-02,9.872300741521448,7.75094151710498,0.4708341106251469,M6_breakpoint_stat,1.2736905213044114
GB,2024-06-03,9.878498340977336,7.872066161094224,0.4676632758355899,M6_breakpoint_stat,1.2548799945050533
GB,2024-06-04,9.875218888818642,8.003160522753538,0.4642203074125547,M6_breakpoint_stat,1.2339148840939418
GB,2024-06-05,9.916758783468646,8.108740818504797,0.46082386791586305,M6_breakpoint_stat,1.222971482925907
GB,2024-06-06,9.898720606363185,8.196501560599602,0.45839808800137444,M6_breakpoint_stat,1.2076762913028787
GB,2024-06-07,9.889098917958671,8.340659085731644,0.45539533638081076,M6_breakpoint_stat,1.1856495771270572
GB,2024-06-08,9.85996051770249,8.48252058863246,0.4515849277194344,M6_breakpoint_stat,1.1623856865040747
GB,2024-06-09,9.848179522912462,8.567196608971182,0.44879114347148813,M6_breakpoint_stat,1.1495218298830556
GB,2024-06-10,9.822093202950724,8.680943701152946,0.4464864731377836,M6_breakpoint_stat,1.1314545446995834
GB,2024-06-11,9.761946331709874,8.75708204359313,0.4439282709245131,M6_breakpoint_stat,1.1147487579897604
GB,2024-06-12,9.787760659725242,8.79803131477148,0.44279621951071657,M6_breakpoint_stat,1.1124944103451933
GB,2024-06-13,9.739517798926949,8.88793652267732,0.44128174329970105,M6_breakpoint_stat,1.0958131591148117
GB,2024-06-14,9.713840218515898,9.004505305385564,0.43874482879454435,M6_breakpoint_stat,1.0787755561325598
GB,2024-06-15,9.690108381836524,9.001846940382778,0.4390855991206549,M6_breakpoint_stat,1.0764578031610565
GB,2024-06-16,9.36555415815894,8.755363823944505,0.45123314076118126,M6_breakpoint_stat,1.0696933156045056
GB,2024-06-17,9.29498907038664,8.12654743452607,0.46282046400293925,M6_breakpoint_stat,1.1437808177795632
GB,2024-06-18,9.32308449939729,8.039517344135769,0.4626640261616212,M6_breakpoint_stat,1.1596572406424108
GB,2024-06-19,9.388873427312918,8.108008570915507,0.4603107546454814,M6_breakpoint_stat,1.1579752716335354
GB,2024-06-20,9.40939498561567,8.11667341858113,0.4595613080228255,M6_breakpoint_stat,1.1592674117052895
GB,2024-06-21,9.352822771034749,8.09556699180411,0.4601217676464994,M6_breakpoint_stat,1.1553017571843298
GB,2024-06-22,9.357226247066295,8.182025458392282,0.45889891845145475,M6_breakpoint_stat,1.143632013203847
GB,2024-06-23,9.45141418768794,8.211106354235625,0.4571189198125161,M6_breakpoint_stat,1.1510524623533238
GB,2024-06-24,9.428454735125566,8.210312329323484,0.45728745608423416,M6_breakpoint_stat,1.148367364960214
GB,2024-06-25,9.451549184307854,8.235737944256549,0.4569804961444316,M6_breakpoint_stat,1.147626265949755
GB,2024-06-26,9.533721982748418,8.341287857262428,0.4549087103376819,M6_breakpoint_stat,1.1429556377733427
GB,2024-06-27,9.593215561560452,8.444533821756409,0.4520349185133961,M6_breakpoint_stat,1.1360266610389542
GB,2024-06-28,9.597178550588744,8.471330990663835,0.45040193021121117,M6_breakpoint_stat,1.1329009055561272
GB,2024-06-29,9.586993120008186,8.466598909952722,0.4514344055335572,M6_breakpoint_stat,1.1323310838238019
GB,2024-06-30,9.443171368469152,8.34731768833098,0.4562125430439841,M6_breakpoint_stat,1.1312821341004076
GB,2024-07-01,9.332156219413624,8.114605086643442,0.46078491329920557,M6_breakpoint_stat,1.1500444100199354
GB,2024-07-02,9.385367279537286,8.133174189903162,0.45997585386605166,M6_breakpoint_stat,1.1539611792882347
GB,2024-07-03,9.423922706936228,8.135141368323412,0.4590888690389632,M6_breakpoint_stat,1.1584215049576236
GB,2024-07-04,9.343902684983457,8.101297555229833,0.46094792148064495,M6_breakpoint_stat,1.1533834699049481
GB,2024-07-05,9.331100923944511,8.066273131367861,0.4613659234101646,M6_breakpoint_stat,1.1568044835548685
GB,2024-07-06,9.372737428418192,8.157506262613369,0.45953701525393365,M6_breakpoint_stat,1.1489709142332314
GB,2024-07-07,9.47468019291548,8.278808261965768,0.45663554492331504,M6_breakpoint_stat,1.144449767781644
GB,2024-07-08,9.474364077580494,8.305100876836574,0.4546544211966407,M6_breakpoint_stat,1.1407885609198396
GB,2024-07-09,9.46897767959529,8.285216468664816,0.4563449296857381,M6_breakpoint_stat,1.1428763165582372
GB,2024-07-10,9.370173575508703,8.15771160587143,0.46066333273418186,M6_breakpoint_stat,1.1486277069128819
GB,2024-07-11,9.125954623016106,7.957786151413195,0.4673152296999442,M6_breakpoint_stat,1.1467956601718257
GB,2024-07-12,8.892544844704108,7.684245588580929,0.47444899912150795,M6_breakpoint_stat,1.1572437062551406
GB,2024-07-13,8.768079951636757,7.486149042026907,0.47843841411164995,M6_breakpoint_stat,1.171240367031587
GB,2024-07-14,8.766917081134462,7.51436829731148,0.4781260099165402,M6_breakpoint_stat,1.1666871697346968
GB,2024-07-15,9.032987632831556,7.736682391894023,0.4731303063673438,M6_breakpoint_stat,1.1675531158285255
GB,2024-07-16,9.20338414164816,7.958753384832303,0.46646855624149364,M6_breakpoint_stat,1.156385139309362
GB,2024-07-17,9.39727202293934,8.101781553735881,0.4614553001785814,M6_breakpoint_stat,1.1599019253495035
GB,2024-07-18,9.38896288379409,8.177819466535816,0.4586728949555999,M6_breakpoint_stat,1.148101021576027
GB,2024-07-19,9.469560842372518,8.259605406493716,0.456725005073302,M6_breakpoint_stat,1.1464907070412267
GB,2024-07-20,9.539880918375763,8.354851419624941,0.45432094968330383,M6_breakpoint_stat,1.1418372917999802
GB,2024-07-21,9.552581133923937,8.452776891103015,0.45196244957046705,M6_breakpoint_stat,1.1301115901897898
GB,2024-07-22,9.601648967239104,8.581539289905745,0.4490914931668423,M6_breakpoint_stat,1.1188725755218867
GB,2024-07-23,9.685274758548177,8.694602388594436,0.44596612464464724,M6_breakpoint_stat,1.1139410781168444
GB,2024-07-24,9.69753792720556,8.720547079875114,0.44430248528883676,M6_breakpoint_stat,1.112033205988315
GB,2024-07-25,9.701592823864605,8.714131242124155,0.4452832772605801,M6_breakpoint_stat,1.1133172721759175
ID,2022-11-08,3.633090672932049,3.5158248466367703,0.9826430230630084,M6_breakpoint_stat,1.0333537168119893
ID,2022-11-09,3.7986473920191983,3.5384540351790976,0.9679142976395282,M6_breakpoint_stat,1.073533061120273
ID,2022-11-10,3.516335011918378,3.553597767623002,0.9930183223883826,M6_breakpoint_stat,0.9895140761162879
ID,2022-11-11,2.608203777449899,3.3414266165414954,1.0278476186593462,M6_breakpoint_stat,0.7805659308925629
ID,2022-11-12,3.359515077237525,3.3189970502814217,1.0238752392700654,M6_breakpoint_stat,1.0122079129153392
ID,2022-11-13,3.2858066787923303,3.3197394783851073,1.0183309645594958,M6_breakpoint_stat,0.9897784751442955
ID,2022-11-14,3.642399131016818,3.380856861090508,1.0071375775763334,M6_breakpoint_stat,1.0773597583903474
ID,2022-11-15,3.088620058623284,3.386227214014694,1.0069983692617142,M6_breakpoint_stat,0.9121124671848089
ID,2022-11-16,3.488766004361996,3.345833389739084,1.0158580485552509,M6_breakpoint_stat,1.0427195852194118
ID,2022-11-17,3.856759284416793,3.4205728045228834,1.0023648454964638,M6_breakpoint_stat,1.1275185487404795
ID,2022-11-18,4.002486824707363,3.4469203830780817,0.9902618100426948,M6_breakpoint_stat,1.1611776252090753
ID,2022-11-19,3.6895132987565433,3.460103231102112,0.9844400294208399,M6_breakpoint_stat,1.066301509617492
ID,2022-11-20,3.862104805441248,3.456290936246729,0.9839563470598093,M6_breakpoint_stat,1.1174131103775662
ID,2022-11-21,2.481471669461668,3.4950062812377234,0.9776028515417988,M6_breakpoint_stat,0.7100049241064248
ID,2022-11-22,3.4894829851130447,3.484142459028874,0.9794442480695384,M6_breakpoint_stat,1.00153280933457
ID,2022-11-23,3.75687213782126,3.492367473645668,0.9792644854800954,M6_breakpoint_stat,1.0757379245373273
ID,2022-11-24,3.304667792065111,3.483836173235853,0.9776202533410305,M6_breakpoint_stat,0.9485715251058069
ID,2022-11-25,3.676171185166955,3.492357706649889,0.9751199659591927,M6_breakpoint_stat,1.0526330616611987
ID,2022-11-26,3.235461649215884,3.52051758560806,0.9703076383882954,M6_breakpoint_stat,0.9190301058124266
ID,2022-11-27,3.412782224098148,3.5485365692798334,0.9702255710548525,M6_breakpoint_stat,0.9617435687835574
ID,2022-11-28,3.691898288052367,3.548576806836042,0.9639482467298968,M6_breakpoint_stat,1.0403884399346317
ID,2022-11-29,3.9401680816979847,3.604569760270926,0.9511524763672661,M6_breakpoint_stat,1.0931035723391949
ID,2022-11-30,4.2443127017222695,3.6081400665173615,0.9577260018743081,M6_breakpoint_stat,1.1763159476840799
ID,2022-12-01,4.075722786700092,3.620079729117851,0.9540285877459048,M6_breakpoint_stat,1.125865475811847
ID,2022-12-02,4.018125869411906,3.668780373649564,0.9366933943213488,M6_breakpoint_stat,1.0952211525856006
ID,2022-12-03,3.966987013368024,3.680459039816487,0.935933308523747,M6_breakpoint_stat,1.0778511512971012
ID,2022-12-04,4.12448153716186,3.650406958507803,0.9403550953998407,M6_breakpoint_stat,1.129868966403638
ID,2022-12-05,3.373603775149628,3.678367180292758,0.937555778297072,M6_breakpoint_stat,0.9171470953808167
ID,2022-12-06,4.082765671414429,3.6628146979753184,0.936891901260637,M6_breakpoint_stat,1.1146525303808696
ID,2022-12-07,4.04517481955785,3.6815676975583504,0.9350703983567916,M6_breakpoint_stat,1.0987642091277168
ID,2022-12-08,4.012540170905546,3.7149087739223,0.9296463017489656,M6_breakpoint_stat,1.0801180904017191
ID,2022-12-09,4.10360454072452,3.7099501801067727,0.9266573946495044,M6_breakpoint_stat,1.1061077215345296
ID,2022-12-10,4.2352354216481,3.73999183787716,0.9218597837766093,M6_breakpoint_stat,1.1324183595149349
ID,2022-12-11,3.436803415873621,3.744130599309867,0.9201128709591089,M6_breakpoint_stat,0.9179176112358651
ID,2022-12-12,4.07098183894573,3.770452381480496,0.9161688229977207,M6_breakpoint_stat,1.0797064720778224
ID,2022-12-13,3.9692557439562375,3.8080908447989144,0.9106882084915325,M6_breakpoint_stat,1.0423217054754463
ID,2022-12-14,3.8506535888357263,3.8217335938578345,0.907644557623682,M6_breakpoint_stat,1.0075672451435054
ID,2022-12-15,2.869554633265774,3.789256223889554,0.925130800216077,M6_breakpoint_stat,0.7572870409698147
ID,2022-12-16,4.103654670069369,3.775538966462803,0.92670739307136,M6_breakpoint_stat,1.0869056594359474
ID,2022-12-17,4.309877123277044,3.8340448265966343,0.9055127121100264,M6_breakpoint_stat,1.1241071292071438
ID,2022-12-18,3.953233568211024,3.834706427306152,0.9037103838688781,M6_breakpoint_stat,1.0309090521404363
ID,2022-12-19,3.9697050434055265,3.869786274052641,0.8984118330332418,M6_breakpoint_stat,1.0258202294072032
ID,2022-12-20,4.012255601283248,3.8788787621452943,0.899188409405518,M6_breakpoint_stat,1.0343854106603185
ID,2022-12-21,3.6751701890666433,3.810217843176829,0.9081986106624571,M6_breakpoint_stat,0.96455644803826035
ID,2022-12-22,3.8812732273119774,3.8336908977307194,0.9037223686663172,M6_breakpoint_stat,1.0124116239025487
ID,2022-12-23,4.4154613789476125,3.819583178705406,0.9139189572781117,M6_breakpoint_stat,1.156006080339942
ID,2022-12-31,2.7310956305599823,3.975915081069696,0.8791394664057398,M6_breakpoint_stat,0.6869099502560798
ID,2023-01-04,3.705682848509587,3.9345349886056806,0.8934627426796552,M6_breakpoint_stat,0.9418350222430747
ID,2023-01-05,3.7586048208036726,3.8738100241648823,0.8979516881811285,M6_breakpoint_stat,0.9702604922175951
ID,2023-01-06,3.732010505668573,3.899085281148315,0.8905084448888847,M6_breakpoint_stat,0.9571502638612364
ID,2023-01-07,3.8042592980482337,3.904509372396283,0.888963297862372,M6_breakpoint_stat,0.9743245399647936
ID,2023-01-08,3.615924893587532,3.903495414554842,0.8900457110672236,M6_breakpoint_stat,0.9263299964705851
ID,2023-01-09,3.6991909541436327,3.8860824654942223,0.8934046909805228,M6_breakpoint_stat,0.9519074767429514
ID,2023-01-10,3.838843578700325,3.8650515831839622,0.8949542959717314,M6_breakpoint_stat,0.9932192355212897
ID,2023-01-11,3.843004740735115,3.896501007046224,0.8909028692913118,M6_breakpoint_stat,0.9862706910085821
ID,2023-01-12,3.665264669730989,3.908281470518476,0.888780084157869,M6_breakpoint_stat,0.9378200360898653
ID,2023-01-13,3.325941536656557,3.875934319387912,0.9093673106093518,M6_breakpoint_stat,0.8581005926802675
ID,2023-01-14,3.72900013931294,3.893334809158159,0.8982686463991258,M6_breakpoint_stat,0.9577907686082737
ID,2023-01-15,3.8995646219102422,3.9201037361363897,0.8910880010700079,M6_breakpoint_stat,0.994760568696993
ID,2023-01-16,3.863208415455108,3.881661105869283,0.8923554023626366,M6_breakpoint_stat,0.9952461871577934
ID,2023-01-17,3.6988630906547617,3.869402615674275,0.895289518387772,M6_breakpoint_stat,0.9559261359030752
ID,2023-01-18,3.7819887213366297,3.855684608685767,0.9001317582399694,M6_breakpoint_stat,0.9808864326757637
ID,2023-01-19,4.014360479791928,3.8279147781342098,0.9040150226016616,M6_breakpoint_stat,1.0487068580321413
ID,2023-01-20,3.797367315938294,3.791756040164507,0.9132711870495323,M6_breakpoint_stat,1.0014798620254965
ID,2023-01-21,3.5129290599443936,3.820908912399459,0.9084314875944403,M6_breakpoint_stat,0.9193961804596751
ID,2023-01-22,3.7232205335140462,3.807111211430254,0.9130455493151529,M6_breakpoint_stat,0.9779647419638441
ID,2023-01-23,3.995575311796699,3.759813354939435,0.9215249931932277,M6_breakpoint_stat,1.0627057607919639
ID,2023-01-24,3.8022416354811863,3.834079644041571,0.906685581119973,M6_breakpoint_stat,0.9916960492435614
ID,2023-01-25,3.7225425980885114,3.8628206190728966,0.9168599282274306,M6_breakpoint_stat,0.9636850801997497
ID,2023-01-26,4.222322865638589,3.5800813442838595,0.9563633022851661,M6_breakpoint_stat,1.1793929968602992
ID,2023-01-29,3.2256614244414967,3.25363986731741,1.0621848428311205,M6_breakpoint_stat,0.9914008790103186
ID,2023-01-30,3.5174436668273583,3.000334461338408,1.1332693172944808,M6_breakpoint_stat,1.172350520301085
ID,2023-02-01,3.216558109299198,2.66902516038557,1.2421777483376386,M6_breakpoint_stat,1.2051434197924649
ID,2023-02-02,3.2216308305241816,2.623622483917829,1.2934877654169006,M6_breakpoint_stat,1.227932315061332
ID,2023-02-03,1.907070257289562,2.623622483917829,1.3512153692913116,M6_breakpoint_stat,0.7268844008539495
ID,2023-02-05,2.8041486416991908,2.623622483917829,1.3982522995153701,M6_breakpoint_stat,1.0688079778580735
ID,2023-02-09,3.2173410199311445,2.623622483917829,1.4939579548484865,M6_breakpoint_stat,1.2262972434687789
ID,2023-02-10,2.767781243024646,2.623622483917829,1.5185836123496463,M6_breakpoint_stat,1.0549464566607716
ID,2023-02-11,2.0497616215875256,2.623622483917829,1.560378548208447,M6_breakpoint_stat,0.7812715564651806
ID,2023-02-12,2.7499784060585535,2.623622483917829,1.6132435687503388,M6_breakpoint_stat,1.0481608626680308
ID,2023-02-13,2.8706184452198102,2.623622483917829,1.6471594376291672,M6_breakpoint_stat,1.0941431028343471
ID,2023-02-14,2.6252350391081687,2.623622483917829,1.7315641885596893,M6_breakpoint_stat,1.0006146292769726
ID,2023-02-15,1.6653026423082389,2.623622483917829,1.8828513629413008,M6_breakpoint_stat,0.6347340947549204
ID,2023-02-16,1.2666990214823397,2.623622483917829,2.04509596419381,M6_breakpoint_stat,0.48280536900674476
ID,2023-02-17,1.7037894713841442,2.623622483917829,2.21725948191525,M6_breakpoint_stat,0.649403441931132
ID,2023-02-18,1.3448848787123393,2.623622483917829,2.313979595920384,M6_breakpoint_stat,0.5126060959441223
ID,2023-02-20,0.09295798114264645,2.623622483917829,2.509527514515977,M6_breakpoint_stat,0.03543115738352464
ID,2023-02-21,0.08259282881139508,2.623622483917829,2.5813200156031773,M6_breakpoint_stat,0.031480454721542116
ID,2023-02-22,0.08261996742415653,2.623622483917829,2.6306988502317554,M6_breakpoint_stat,0.03149079866886221
ID,2023-02-23,0.0815101587755489,2.623622483917829,2.656988493535323,M6_breakpoint_stat,0.031067792441628495
ID,2023-02-24,0.0811100544582399,2.623622483917829,2.659930182939235,M6_breakpoint_stat,0.030915291721817797
ID,2023-02-25,0.08087707558953104,2.623622483917829,2.635184775437623,M6_breakpoint_stat,0.030826491267431935
ID,2023-02-26,0.08169140997117441,2.623622483917829,2.5919705655448597,M6_breakpoint_stat,0.031136876769399174
ID,2023-02-27,0.08660431743680698,2.623622483917829,2.5458162478614934,M6_breakpoint_stat,0.03300944322884504
ID,2023-02-28,0.10706059009298186,2.623622483917829,2.494028540946571,M6_breakpoint_stat,0.04080640059659397
ID,2023-03-04,0.8148265818073619,2.623622483917829,2.23379345906516,M6_breakpoint_stat,0.31057310523981696
ID,2023-03-10,3.0097816302874203,2.623622483917829,1.8504875451752598,M6_breakpoint_stat,1.147185484472958
ID,2023-03-12,3.2779069914616747,2.623622483917829,1.7611452865020072,M6_breakpoint_stat,1.2493821087273231
ID,2023-03-13,0.6875183978570087,2.623622483917829,1.781728197919811,M6_breakpoint_stat,0.262049285699955
ID,2023-03-14,3.2559923300703946,2.623622483917829,1.7432584835441978,M6_breakpoint_stat,1.2410292829966352
ID,2023-03-16,3.0714266182529957,2.623622483917829,1.7312983954085486,M6_breakpoint_stat,1.170681619432711
ID,2023-03-17,2.6612459727264515,2.623622483917829,1.745481984482549,M6_breakpoint_stat,1.014340282963439
ID,2023-03-18,1.6635437030447675,2.623622483917829,1.7648275035273062,M6_breakpoint_stat,0.634063670837511
ID,2023-03-19,2.557809381349628,2.623622483917829,1.7579458874125173,M6_breakpoint_stat,0.9749151781662113
ID,2023-03-20,2.979746891570602,2.623622483917829,1.748118843066526,M6_breakpoint_stat,1.135737671801385
ID,2023-03-21,2.575035530275177,2.623622483917829,1.7509624059654716,M6_breakpoint_stat,0.981480966129663
ID,2023-03-22,2.6937094294713817,2.623622483917829,1.7591118058732023,M6_breakpoint_stat,1.0267138073343893
ID,2023-03-23,2.3976290170785965,2.623622483917829,1.7491983797437827,M6_breakpoint_stat,0.9138620482845692
ID,2023-03-24,2.3226349567578124,2.623622483917829,1.734539450487672,M6_breakpoint_stat,0.885277882391618
ID,2023-03-25,1.5835674292326305,2.623622483917829,1.731943673052563,M6_breakpoint_stat,0.6035805223272462
ID,2023-03-26,1.8046758899469315,2.623622483917829,1.7181091123746517,M6_breakpoint_stat,0.6878565422461341
ID,2023-03-27,2.0689173915725942,2.623622483917829,1.6895022995153701,M6_breakpoint_stat,0.7885728241218228
ID,2023-03-28,2.0732291228956488,2.623622483917829,1.6557174015583356,M6_breakpoint_stat,0.7902162508531778
ID,2023-03-29,2.3470001682744925,2.623622483917829,1.6247680609584174,M6_breakpoint_stat,0.8945647411779079
ID,2023-03-30,2.2924411712631247,2.623622483917829,1.5976307503771288,M6_breakpoint_stat,0.8737694486593381
ID,2023-03-31,2.0634953210872,2.623622483917829,1.6030830820278665,M6_breakpoint_stat,0.7865061889566533
ID,2023-04-01,1.7960999371769792,2.623622483917829,1.6305051372114425,M6_breakpoint_stat,0.6845877972866284
ID,2023-04-02,2.0202694635749543,2.623622483917829,1.6437569782283095,M6_breakpoint_stat,0.7700305497298934
ID,2023-04-03,1.7836981314592268,2.623622483917829,1.635234630168561,M6_breakpoint_stat,0.6798608193034115
ID,2023-04-04,2.022106895377142,2.623622483917829,1.6122218501125043,M6_breakpoint_stat,0.770730891266624
ID,2023-04-05,1.655375998401852,2.623622483917829,1.5818553250520093,M6_breakpoint_stat,0.630950530630419
ID,2023-04-06,2.04229026016293,2.623622483917829,1.5537540535577827,M6_breakpoint_stat,0.7784238291452658
ID,2023-04-07,2.5578319545252364,2.623622483917829,1.5249336345608975,M6_breakpoint_stat,0.9749237819862145
ID,2023-04-08,2.6196039239743825,2.623622483917829,1.499214822505917,M6_breakpoint_stat,0.9984683162428744
ID,2023-04-09,2.2025573674418872,2.623622483917829,1.4798719399899456,M6_breakpoint_stat,0.8395100213323491
ID,2023-04-10,2.9036133352650495,2.623622483917829,1.4379493863401167,M6_breakpoint_stat,1.1067191842818456
ID,2023-04-11,2.2717106231275075,2.623622483917829,1.415897020203559,M6_breakpoint_stat,0.8658679505350118
ID,2023-04-12,2.96978182819105,2.623622483917829,1.402514647992068,M6_breakpoint_stat,1.1319394640025744
ID,2023-04-13,2.32499338992457,2.623622483917829,1.3948947107251284,M6_breakpoint_stat,0.8861768048475789
ID,2023-04-14,2.360595691692871,2.623622483917829,1.3843539835146,M6_breakpoint_stat,0.8997467075247111
ID,2023-04-15,2.521176199393228,2.623622483917829,1.3571283735052013,M6_breakpoint_stat,0.9609523530338027
ID,2023-04-16,2.4599916639560964,2.623622483917829,1.3261070801076271,M6_breakpoint_stat,0.9376317206592221
ID,2023-04-17,3.115947633494258,2.623622483917829,1.2955377348472719,M6_breakpoint_stat,1.1876509111330853
ID,2023-04-18,2.8925217474445373,2.744019218277192,1.2526352571675683,M6_breakpoint_stat,1.054118618476944
ID,2023-04-19,2.760719949269842,2.71757152340953,1.2260708393466768,M6_breakpoint_stat,1.0158775677065446
ID,2023-04-20,2.873113652702814,2.782485929916626,1.207482242366299,M6_breakpoint_stat,1.032570774864225
ID,2023-04-21,2.8465210242247463,2.806273115444419,1.1900829581712062,M6_breakpoint_stat,1.014342121071118
ID,2023-04-22,3.0595460555918663,2.874421864051515,1.1685881455208296,M6_breakpoint_stat,1.0644039741888887
ID,2023-04-23,3.2529800920040217,3.0651498114120037,1.1300785960848905,M6_breakpoint_stat,1.0612793149270219
ID,2023-04-24,3.007565151036122,3.253404242894914,1.0865958915820102,M6_breakpoint_stat,0.9244363523544059
ID,2023-04-25,3.15414267698497,3.36439312955255,1.0513303697082608,M6_breakpoint_stat,0.9375071686121466
ID,2023-04-26,3.2246190754593047,3.631667362800753,1.0028244639040444,M6_breakpoint_stat,0.8879169685222681
ID,2023-04-27,3.816171365718973,3.801431679049219,0.9520354243556365,M6_breakpoint_stat,1.0038774040714682
ID,2023-04-28,3.1188823154574714,3.835937329296696,0.9506695134740335,M6_breakpoint_stat,0.8130691530430467
ID,2023-04-29,4.043201977782395,3.9345593368808127,0.930662610737311,M6_breakpoint_stat,1.027612403727964
ID,2023-04-30,3.2415245449705083,3.843209868930232,0.9651073593454421,M6_breakpoint_stat,0.8434419809274677
ID,2023-05-01,3.409853368281239,3.8297669462716466,0.9441770492107014,M6_breakpoint_stat,0.8903553182526676
ID,2023-05-02,3.5889146688188633,3.861644293037346,0.923568107952716,M6_breakpoint_stat,0.9293747420728984
ID,2023-05-03,3.6773467904177592,3.9749286243523216,0.9119560891760586,M6_breakpoint_stat,0.9251353012702082
ID,2023-05-04,3.744790627471742,4.033289191324197,0.9028074463782348,M6_breakpoint_stat,0.9284706476111285
ID,2023-05-05,3.711563550130726,4.064963359454256,0.890858239805407,M6_breakpoint_stat,0.9130619939041772
ID,2023-05-06,3.5569959235339375,4.192661341705406,0.8825133054414539,M6_breakpoint_stat,0.8483861761386848
ID,2023-05-07,3.648365428519477,4.2399209408111975,0.8704168853425699,M6_breakpoint_stat,0.8604795889947556
ID,2023-05-08,3.770022083255763,4.316331801002855,0.8576586980382028,M6_breakpoint_stat,0.8734319457044144
ID,2023-05-09,3.5249970954331085,4.371678499715013,0.8433475499993447,M6_breakpoint_stat,0.8063257844013234
ID,2023-05-10,3.81672118579916,4.435677850422798,0.8343706172735905,M6_breakpoint_stat,0.8604595091222325
ID,2023-05-12,3.736761058450023,4.49359826374726,0.8359258305167471,M6_breakpoint_stat,0.8315743506928227
ID,2023-05-14,3.7275774305680662,4.3518326980991935,0.8356521114215011,M6_breakpoint_stat,0.8565534773880918
ID,2023-05-15,3.90582618349157,4.366271581508169,0.8347340737193375,M6_breakpoint_stat,0.894544947692522
ID,2023-05-16,3.673076409150253,4.3370080994277815,0.8356479413452456,M6_breakpoint_stat,0.8469148143013321
ID,2023-05-17,3.1092211128391845,4.4631195259311625,0.8355233541035496,M6_breakpoint_stat,0.6966475118522605
ID,2023-05-18,3.0745949330444056,4.412349741813467,0.8368904155257071,M6_breakpoint_stat,0.6968157813756515
ID,2023-05-19,3.4698730985681765,4.342092604696631,0.8906087296210361,M6_breakpoint_stat,0.7991246190408245
ID,2023-05-20,3.8109365225531926,3.4191588243277344,1.012729359390698,M6_breakpoint_stat,1.114583065120553
ID,2023-05-21,3.38783854895142,4.308205772353829,0.9126727929198942,M6_breakpoint_stat,0.786368787371185
ID,2023-05-22,3.595894761366254,4.437661289603719,0.8366068692765127,M6_breakpoint_stat,0.8103130290251074
ID,2023-05-23,4.016095111318046,4.4582992179883645,0.8357274207223441,M6_breakpoint_stat,0.9008132731679132
ID,2023-05-24,3.5759914805720032,4.3790776103724545,0.8355208612656829,M6_breakpoint_stat,0.8166083816605054
ID,2023-05-25,3.9159286069316033,4.413914952055656,0.8365970426291665,M6_breakpoint_stat,0.8871780832813443
ID,2023-05-26,3.4378005145100765,4.345490829809968,0.8393407530581309,M6_breakpoint_stat,0.791119035605102
ID,2023-05-27,4.086283218067384,4.293797317243411,0.8557932858761543,M6_breakpoint_stat,0.95167119362093
ID,2023-05-28,4.044948972595809,4.26144777757587,0.8655602649999518,M6_breakpoint_stat,0.949195950230976
ID,2023-05-29,3.80887917275614,4.26743740266111,0.8738567830619615,M6_breakpoint_stat,0.8925448257028867
ID,2023-05-30,3.8442528398806934,4.205270734029065,0.8796058436058227,M6_breakpoint_stat,0.9141510934772847
ID,2023-05-31,3.663046784102043,4.1780871550191545,0.870362238212464,M6_breakpoint_stat,0.8767281888080312
ID,2023-06-01,3.7446986018822095,4.239068512620522,0.8569427625879092,M6_breakpoint_stat,0.8833777021375149
ID,2023-06-02,3.676539963120688,4.355171588523208,0.8378196707449721,M6_breakpoint_stat,0.8441779820591094
ID,2023-06-03,3.900759256035007,4.313848442333722,0.8349199740448764,M6_breakpoint_stat,0.90424114527416255
ID,2023-06-04,4.307971044390206,4.265408505117621,0.8379252277747922,M6_breakpoint_stat,1.0099785376292842
ID,2023-06-05,3.961338978553791,4.309746604943236,0.837489098303687,M6_breakpoint_stat,0.9191582108354527
ID,2023-06-06,3.7399925291275182,4.342034180592457,0.8349286498983675,M6_breakpoint_stat,0.8613457134547954
ID,2023-06-07,3.631451598691259,4.444429457497894,0.8353048103560509,M6_breakpoint_stat,0.8170793649486064
ID,2023-06-08,3.7768844825017744,4.490923212379786,0.8379477375774671,M6_breakpoint_stat,0.8410040216431055
ID,2023-06-09,4.435265124966438,4.444398960290717,0.8343943467925673,M6_breakpoint_stat,0.9979448660199306
ID,2023-06-10,4.136139539179172,4.46967460088993,0.833712781081667,M6_breakpoint_stat,0.9253782229148516
ID,2023-06-11,3.946926455171195,4.452975839229065,0.8311735207850156,M6_breakpoint_stat,0.8863570335145853
ID,2023-06-12,3.363415900325109,4.389336749228898,0.831603465973992,M6_breakpoint_stat,0.7662697333295244
ID,2023-06-13,3.6665400784161526,4.421967900999808,0.8306076747055611,M6_breakpoint_stat,0.8291647882806086
ID,2023-06-14,3.540589903476708,4.490589042996811,0.8303201976961079,M6_breakpoint_stat,0.7884466535628212
ID,2023-06-15,3.665830879530345,4.459488048427295,0.829529671906167,M6_breakpoint_stat,0.8220295333728173
ID,2023-06-16,3.5100571970183227,4.464372233726375,0.8310949523791729,M6_breakpoint_stat,0.7862375745690243
ID,2023-06-17,3.5701742183123626,4.482745304332408,0.8379250355114313,M6_breakpoint_stat,0.7964258453099982
ID,2023-06-18,3.74673316396549,4.143718712839103,0.9290809836338513,M6_breakpoint_stat,0.9041958259271863
ID,2023-06-19,3.267812278092692,3.44865141798032,1.0648170530372403,M6_breakpoint_stat,0.9475623604795828
ID,2023-06-20,1.0512459233076363,2.9689644824262778,1.2193776166485961,M6_breakpoint_stat,0.3540783089626401
ID,2023-06-21,2.2988465736546293,2.907028755556623,1.289122736515069,M6_breakpoint_stat,0.7907890726091074
ID,2023-06-22,2.3825921029560355,2.623622483917829,1.4096116916803707,M6_breakpoint_stat,0.9081306924150668
ID,2023-06-23,2.431023181274123,2.623622483917829,1.5042136415239944,M6_breakpoint_stat,0.9265903140317279
ID,2023-06-24,2.3105100408351253,2.623622483917829,1.60715123935886,M6_breakpoint_stat,0.8806564416176461
ID,2023-06-25,2.052706771288223,2.623622483917829,1.7514645447879085,M6_breakpoint_stat,0.7823941073347325
ID,2023-06-26,1.500078320721715,2.623622483917829,1.9104511609766917,M6_breakpoint_stat,0.5717584484493604
ID,2023-06-27,0.9439249260070818,2.623622483917829,2.065960393786008,M6_breakpoint_stat,0.35977924865071603
ID,2023-06-28,0.4824387991107494,2.623622483917829,2.186302422807091,M6_breakpoint_stat,0.18388270495011477
ID,2023-06-29,0.2846319084939729,2.623622483917829,2.2518851902806745,M6_breakpoint_stat,0.10848813434047681
ID,2023-06-30,0.236691825473892,2.623622483917829,2.2757335564320305,M6_breakpoint_stat,0.09021565675883464
ID,2023-07-01,0.3306713629099078,2.623622483917829,2.281954123289328,M6_breakpoint_stat,0.12603618277280487
ID,2023-07-02,0.3026387738346698,2.623622483917829,2.2719599716171763,M6_breakpoint_stat,0.11535149423736542
ID,2023-07-03,0.3389193382777708,2.623622483917829,2.2575501214726814,M6_breakpoint_stat,0.12917991835916345
ID,2023-07-04,0.45791687168821577,2.623622483917829,2.2332634209007916,M6_breakpoint_stat,0.17453611352057521
ID,2023-07-05,0.6181368400544449,2.623622483917829,2.1923694954712203,M6_breakpoint_stat,0.23560433859805446
ID,2023-07-06,0.9663617750051978,2.623622483917829,2.1393119471145647,M6_breakpoint_stat,0.36833110743971803
ID,2023-07-07,1.623138474581705,2.623622483917829,2.089151594387496,M6_breakpoint_stat,0.6186631211354343
ID,2023-07-08,2.0466437517475553,2.623622483917829,2.036017774083183,M6_breakpoint_stat,0.7800831729004406
ID,2023-07-09,1.4258573776736003,2.623622483917829,1.968359438665103,M6_breakpoint_stat,0.5434689580584711
ID,2023-07-10,1.2236959520678152,2.623622483917829,1.898840915823405,M6_breakpoint_stat,0.466414645997576
ID,2023-07-11,1.9404555866217037,2.623622483917829,1.843802374487949,M6_breakpoint_stat,0.739609299171747
ID,2023-07-12,2.3440586720657963,2.623622483917829,1.7815330942830436,M6_breakpoint_stat,0.8934435828455919
ID,2023-07-13,2.7386272729858185,2.623622483917829,1.7404913404276665,M6_breakpoint_stat,1.043834351082498
ID,2023-07-14,2.429134832273536,2.623622483917829,1.7100582233224002,M6_breakpoint_stat,0.9258705652827512
ID,2023-07-15,2.6143872413023743,2.623622483917829,1.6736703570517928,M6_breakpoint_stat,0.9964799651352035
ID,2023-07-16,3.321597675645148,2.623622483917829,1.6415071130153038,M6_breakpoint_stat,1.2660349177542645
ID,2023-07-17,2.86997898294811,2.623622483917829,1.6224680541392393,M6_breakpoint_stat,1.0938993702563486
ID,2023-07-18,2.8733659981129733,2.623622483917829,1.5974354089441718,M6_breakpoint_stat,1.0951903392069597
ID,2023-07-19,2.8997597556259027,2.623622483917829,1.5720569476586808,M6_breakpoint_stat,1.1052503831632516
ID,2023-07-20,2.9141229242571622,2.623622483917829,1.5395949137238596,M6_breakpoint_stat,1.110724939323409
ID,2023-07-21,3.093532303852481,2.623622483917829,1.5107767479955436,M6_breakpoint_stat,1.1791072544983456
ID,2023-07-22,3.3703435151523387,2.623622483917829,1.4944207598929673,M6_breakpoint_stat,1.2846145113528067
ID,2023-07-23,2.590074279419018,2.623622483917829,1.4802828071545073,M6_breakpoint_stat,0.9872130214219259
ID,2023-07-24,3.2648795802274435,2.623622483917829,1.4655172656998008,M6_breakpoint_stat,1.2444166797015825
ID,2023-07-25,3.156517366406193,2.623622483917829,1.4499688206596733,M6_breakpoint_stat,1.2031141621002566
ID,2023-07-26,3.3747908550815637,2.623622483917829,1.4445372457915464,M6_breakpoint_stat,1.2863096256295312
ID,2023-07-28,4.024613371210188,2.623622483917829,1.4344863369050371,M6_breakpoint_stat,1.5339910356311148
ID,2023-07-29,4.045303462704923,2.623622483917829,1.429813793172337,M6_breakpoint_stat,1.541877113609772
ID,2023-07-30,3.6636000689394392,2.623622483917829,1.4166201958646625,M6_breakpoint_stat,1.39638994992474
ID,2023-07-31,3.9565960401609046,2.623622483917829,1.4076024209756455,M6_breakpoint_stat,1.508066066827023
ID,2023-08-01,3.1322287409239067,2.623622483917829,1.417863053305341,M6_breakpoint_stat,1.1938564942645944
ID,2023-08-02,3.3868512184679886,2.623622483917829,1.449988858481088,M6_breakpoint_stat,1.2909064620495392
ID,2023-08-04,2.832202938482155,2.623622483917829,1.532822259207918,M6_breakpoint_stat,1.0795009403383582
ID,2023-08-05,2.303507025729965,2.623622483917829,1.6713693906889155,M6_breakpoint_stat,0.8779872256202658
ID,2023-08-06,2.306435522838786,2.623622483917829,1.7608460645177153,M6_breakpoint_stat,0.8791034293144985
ID,2023-08-07,2.365739532978777,2.623622483917829,1.7948502732492841,M6_breakpoint_stat,0.9017072949634286
ID,2023-08-08,2.2725968586031806,2.623622483917829,1.8132231545144077,M6_breakpoint_stat,0.8662057413113546
ID,2023-08-09,2.2504768568403466,2.623622483917829,1.8173800901588066,M6_breakpoint_stat,0.857774649605736
ID,2023-08-10,2.3516250671037935,2.623622483917829,1.8069711893875793,M6_breakpoint_stat,0.8963275324551021
ID,2023-08-11,2.353484628680761,2.623622483917829,1.7858273214343756,M6_breakpoint_stat,0.8970363088085471
ID,2023-08-12,2.7879456677504666,2.623622483917829,1.7466689956801242,M6_breakpoint_stat,1.0626321754901473
ID,2023-08-13,2.7762121597079163,2.623622483917829,1.692041320749326,M6_breakpoint_stat,1.0581599207681078
ID,2023-08-14,4.546720502328924,2.623622483917829,1.6497505648006139,M6_breakpoint_stat,1.732993420432711
ID,2023-08-15,3.790891293438402,2.623622483917829,1.6131645758641393,M6_breakpoint_stat,1.4449073053290433
ID,2023-08-16,3.5621609156943848,2.623622483917829,1.5756270894441589,M6_breakpoint_stat,1.3577261734603852
ID,2023-08-17,1.8513591148892865,2.623622483917829,1.559788962445151,M6_breakpoint_stat,0.7056499653580764
ID,2023-08-18,3.2251532733870443,2.623622483917829,1.5616807882142019,M6_breakpoint_stat,1.2292749026037295
ID,2023-08-19,3.266896846751875,2.623622483917829,1.554964794527637,M6_breakpoint_stat,1.2451855656738582
ID,2023-08-20,3.0140387097817785,2.623622483917829,1.5474711698066224,M6_breakpoint_stat,1.1488080805287753
ID,2023-08-21,3.279630525833329,2.623622483917829,1.5380815489869992,M6_breakpoint_stat,1.2500390379853314
ID,2023-08-22,3.252336458608851,2.623622483917829,1.5228207251538455,M6_breakpoint_stat,1.2396358388239492
ID,2023-08-23,3.5613268008606256,2.623622483917829,1.5038455182389228,M6_breakpoint_stat,1.3574082485916694
ID,2023-08-24,3.334996099655773,2.623622483917829,1.4721213273308615,M6_breakpoint_stat,1.2711417591892475
ID,2023-08-25,3.642029640321287,2.623622483917829,1.4289090344990854,M6_breakpoint_stat,1.3881683293408436
ID,2023-08-26,3.614445260305197,2.623622483917829,1.3889672301424372,M6_breakpoint_stat,1.3776544767629
ID,2023-08-27,3.6470839476153945,2.623622483917829,1.353308147278279,M6_breakpoint_stat,1.3900947906839252
ID,2023-08-28,3.833739740165826,2.623622483917829,1.3262700662603648,M6_breakpoint_stat,1.461239093530309
ID,2023-08-30,1.3866973369669615,2.623622483917829,1.3370210929442592,M6_breakpoint_stat,0.5285430146551497
ID,2023-08-31,2.8881010185644604,2.623622483917829,1.350623638329098,M6_breakpoint_stat,1.1008066275799284
ID,2023-09-01,3.613066286163561,2.623622483917829,1.3543889773500144,M6_breakpoint_stat,1.3771288774626622
ID,2023-09-02,3.4592699369988686,2.623622483917829,1.4595334587222064,M6_breakpoint_stat,1.3185090302447688
ID,2023-09-03,2.571524567322105,2.623622483917829,1.5975754323516682,M6_breakpoint_stat,0.9801427541824056
ID,2023-09-04,2.4092369815658574,2.623622483917829,1.7384366650269334,M6_breakpoint_stat,0.9182864517795136
ID,2023-09-05,2.198560274458425,2.623622483917829,1.8490198640798754,M6_breakpoint_stat,0.8379865197584895
ID,2023-09-06,1.8641352277249763,2.623622483917829,1.9292194251747363,M6_breakpoint_stat,0.7105196113967136
ID,2023-09-07,1.6576163828501131,2.623622483917829,1.9721595332186395,M6_breakpoint_stat,0.6318044585342977
ID,2023-09-08,1.1718305126284458,2.623622483917829,1.9837949450533918,M6_breakpoint_stat,0.4466460094055007
ID,2023-09-09,1.5138347143326134,2.623622483917829,1.9786121619150423,M6_breakpoint_stat,0.5770017308557363
ID,2023-09-10,1.7842506199793289,2.623622483917829,1.9736089979285185,M6_breakpoint_stat,0.6800714016274648
ID,2023-09-11,1.4012571699454004,2.623622483917829,1.9665157415628576,M6_breakpoint_stat,0.5340925299027462
ID,2023-09-12,2.452284852222574,2.623622483917829,1.9484990788123824,M6_breakpoint_stat,0.9346942508895569
ID,2023-09-13,2.1481922091721715,2.623622483917829,1.924947920946047,M6_breakpoint_stat,0.8187886109148972
ID,2023-09-14,2.0418732298283664,2.623622483917829,1.8885480706379036,M6_breakpoint_stat,0.7782648770333976
ID,2023-09-15,2.350083480758292,2.623622483917829,1.840407107520968,M6_breakpoint_stat,0.8957399531234905
ID,2023-09-16,2.6964924859672914,2.623622483917829,1.7821971633295384,M6_breakpoint_stat,1.0277745759903103
ID,2023-09-17,2.3819464149703355,2.623622483917829,1.7337275939113497,M6_breakpoint_stat,0.9078845868912508
ID,2023-09-18,2.520917462700835,2.623622483917829,1.6892309781395152,M6_breakpoint_stat,0.9608537349231641
ID,2023-09-19,3.6005378501082164,2.623622483917829,1.6400025685827557,M6_breakpoint_stat,1.3723536340226699
ID,2023-10-03,3.6022100540459947,2.623622483917829,1.3311233308597015,M6_breakpoint_stat,1.3729909985627393
ID,2023-10-04,3.537777999584819,2.623622483917829,1.3120139007992913,M6_breakpoint_stat,1.3484325665260692
ID,2023-10-05,3.5707454535300913,2.623622483917829,1.2948288936371588,M6_breakpoint_stat,1.3609981906382862
ID,2023-10-06,3.507603033731479,2.623622483917829,1.2817666431235863,M6_breakpoint_stat,1.33693130594521
ID,2023-10-07,3.673992356237038,2.623622483917829,1.2677411504049696,M6_breakpoint_stat,1.400350995144203
ID,2023-10-08,3.63207307615353,2.64975556941364,1.2435791334597577,M6_breakpoint_stat,1.3707200460596691
ID,2023-10-09,3.6414582557418265,2.7215919095332226,1.2160987875143534,M6_breakpoint_stat,1.3379883453454156
ID,2023-10-10,3.692004116569157,2.7606111072126156,1.1968314536152214,M6_breakpoint_stat,1.3373865326134138
ID,2023-10-12,1.92760325657218,2.7333373320452243,1.2459003782265514,M6_breakpoint_stat,0.7052196719275214
ID,2023-10-13,3.5319649202848034,2.64289428034583,1.2372227623502652,M6_breakpoint_stat,1.3364003798981454
ID,2023-10-14,3.266473406303258,2.6653485159799932,1.2335765933159528,M6_breakpoint_stat,1.2255333164572078
ID,2023-10-15,3.4458180867383925,2.623622483917829,1.2803760930182544,M6_breakpoint_stat,1.3133818252665632
ID,2023-10-16,3.4316631059215683,2.623622483917829,1.328610484423352,M6_breakpoint_stat,1.3079866203910178
ID,2023-10-17,3.5050555572035966,2.623622483917829,1.3532518206300752,M6_breakpoint_stat,1.3359603291589164
ID,2023-10-18,3.4913638320384868,2.623622483917829,1.371678198991353,M6_breakpoint_stat,1.3307416952856983
ID,2023-10-19,2.940582948680811,2.623622483917829,1.383321328909006,M6_breakpoint_stat,1.1208102410715997
ID,2023-10-20,2.9309415854362624,2.623622483917829,1.3901606646848377,M6_breakpoint_stat,1.1171354123553312
ID,2023-10-21,3.1411880282270523,2.623622483917829,1.3938721714152218,M6_breakpoint_stat,1.1972713481004889
ID,2023-10-22,3.215087091485793,2.623622483917829,1.3788649805367592,M6_breakpoint_stat,1.2254381532379368
ID,2023-10-23,3.031166395344317,2.623622483917829,1.3637373244270157,M6_breakpoint_stat,1.155336338945345
ID,2023-10-24,3.134593697370215,2.623622483917829,1.3383062762567226,M6_breakpoint_stat,1.194757903084196
ID,2023-10-25,3.29378978623347,2.623622483917829,1.3198832531321258,M6_breakpoint_stat,1.2554358740343188
ID,2023-10-26,3.326305241615914,2.623622483917829,1.3009145176278678,M6_breakpoint_stat,1.2678292178106265
ID,2023-10-27,3.264677504452848,2.623622483917829,1.284304128783662,M6_breakpoint_stat,1.2443396580356096
ID,2023-10-28,3.357183697573325,2.623622483917829,1.2655208607590802,M6_breakpoint_stat,1.279598615331302
ID,2023-10-29,3.702817039169798,2.6429526379759025,1.2449876120621541,M6_breakpoint_stat,1.401015283423917
ID,2023-10-30,3.5260548379576155,2.674189420335761,1.225600820034679,M6_breakpoint_stat,1.3185508891568711
ID,2023-10-31,3.548829186830988,2.7243513130046844,1.2080062409526615,M6_breakpoint_stat,1.3026327294466982
ID,2023-11-01,3.954309875017085,2.823842816150755,1.183778502037956,M6_breakpoint_stat,1.4003293145074185
ID,2023-11-02,3.628270631584905,2.9435340559407095,1.1389132516279763,M6_breakpoint_stat,1.2326239692257828
ID,2023-11-03,3.73517907348006,3.0214169132668975,1.1107954422531392,M6_breakpoint_stat,1.2362342505858979
ID,2023-11-04,3.9147140527386046,3.0584371618139423,1.0966652559167207,M6_breakpoint_stat,1.2799720398429926
ID,2023-11-05,3.7613202146717306,3.1188638030343236,1.082274772698285,M6_breakpoint_stat,1.205990531235242
ID,2023-11-06,3.8746069061741166,3.170009927025206,1.0660172466254447,M6_breakpoint_stat,1.2222696443761982
ID,2023-11-07,3.863624856514465,3.2136213963526,1.0504324176400512,M6_breakpoint_stat,1.2022651021989108
ID,2023-11-08,3.9855864546484936,3.259037849964411,1.0356659657206904,M6_breakpoint_stat,1.2229334662965072
ID,2023-11-09,4.029698290828781,3.321154049271877,1.0217055711288483,M6_breakpoint_stat,1.2133427811673607
ID,2023-11-10,3.7984574069953703,3.3602639447477824,1.0103848164309845,M6_breakpoint_stat,1.1304044769853572
ID,2023-11-11,4.2395218518275755,3.434061985167278,0.9960953834519289,M6_breakpoint_stat,1.234550182885258
ID,2023-11-12,3.868594056659485,3.511947723601706,0.9774961922905658,M6_breakpoint_stat,1.101552289819399
ID,2023-11-13,3.647522175655135,3.5980574705607777,0.9589039521850676,M6_breakpoint_stat,1.013747613955329
ID,2023-11-14,3.961808226839544,3.631410166040324,0.9481662050366867,M6_breakpoint_stat,1.0909834047084483
ID,2023-11-15,3.5380355801655203,3.614472795321404,0.9501486796340981,M6_breakpoint_stat,0.9788524580251857
ID,2023-11-16,3.7391093675784073,3.5914023228634178,0.9554940646517649,M6_breakpoint_stat,1.0411279582280892
ID,2023-11-17,3.538207856841746,3.659298181578325,0.9440172283109916,M6_breakpoint_stat,0.966908866474404
ID,2023-11-18,4.029511968673796,3.6885621371277906,0.932523661572946,M6_breakpoint_stat,1.0924343467374786
ID,2023-11-19,4.0355156420217915,3.7558715195328367,0.9193803493090622,M6_breakpoint_stat,1.0744551886385447
ID,2023-11-20,4.067131350481334,3.80991385186747,0.9082435755960389,M6_breakpoint_stat,1.0675126810250015
ID,2023-11-21,3.890531844756872,3.840844959164981,0.9033576172291932,M6_breakpoint_stat,1.0129364465684378
ID,2023-11-22,3.388701655937052,3.8147256070223743,0.9124884754741718,M6_breakpoint_stat,0.8883212070873271
ID,2023-11-23,3.942047070658838,3.850443606353156,0.9040945495379987,M6_breakpoint_stat,1.0237903664280494
ID,2023-11-24,3.421389960911251,3.866660060139184,0.8957399319643162,M6_breakpoint_stat,0.8848437431006271
ID,2023-11-25,3.958725947072448,3.924915390550378,0.8892075362556763,M6_breakpoint_stat,1.0086143402233516
ID,2023-11-26,3.5566918633270137,3.912747002687042,0.9162217453301996,M6_breakpoint_stat,0.9090012364419394
ID,2023-11-27,4.020001267133468,3.7752964634598474,0.9221924172231019,M6_breakpoint_stat,1.0648173742226756
ID,2023-11-28,4.099762245972879,3.8023857545809534,0.9084179689962293,M6_breakpoint_stat,1.0782078701598485
ID,2023-11-29,4.103019527310119,3.818511696786512,0.9108317305733271,M6_breakpoint_stat,1.074507518403842
ID,2023-12-01,3.83301228747524,3.6803944735160106,0.9383446260887217,M6_breakpoint_stat,1.0414677869607354
ID,2023-12-02,3.623164450662771,3.6249806780234137,0.952053880057139,M6_breakpoint_stat,0.9994989690919862
ID,2023-12-03,3.4597713511156223,3.4486227913182725,0.9912983483559128,M6_breakpoint_stat,1.0032327570952138
ID,2023-12-04,3.1936332311887066,3.407591813180592,1.0165932074939863,M6_breakpoint_stat,0.9372112055310464
ID,2023-12-05,3.4148230310151466,3.157942112049115,1.1151492549043753,M6_breakpoint_stat,1.0813444039983835
ID,2023-12-06,3.307705022498156,2.7871974039055942,1.2269726746159078,M6_breakpoint_stat,1.1867494630495832
ID,2023-12-07,3.199655509607023,2.623622483917829,1.3090830919449958,M6_breakpoint_stat,1.2195563688069213
ID,2023-12-08,3.3522303893748324,2.623622483917829,1.3622280338880304,M6_breakpoint_stat,1.2777106500356639
ID,2023-12-09,3.0005651938879674,2.623622483917829,1.3930990456514043,M6_breakpoint_stat,1.1436726176424794
ID,2023-12-10,3.3823751198454266,2.623622483917829,1.4187403449759215,M6_breakpoint_stat,1.2892003863278987
ID,2023-12-11,3.3419849312383687,2.623622483917829,1.4426504051916278,M6_breakpoint_stat,1.273805569102997
ID,2023-12-12,3.0708069921805956,2.623622483917829,1.4295277052595314,M6_breakpoint_stat,1.1704454474696337
ID,2023-12-13,2.880962856398448,2.623622483917829,1.4568888321392883,M6_breakpoint_stat,1.098085899956283
ID,2024-01-12,0.08257102363691664,2.623622483917829,2.933229243171458,M6_breakpoint_stat,0.03147214362701076
ID,2024-01-13,0.08160375977713058,2.623622483917829,2.9880105071605985,M6_breakpoint_stat,0.031103468687794025
ID,2024-01-14,0.08220833500219513,2.623622483917829,3.025742041035364,M6_breakpoint_stat,0.03133390398432409
ID,2024-01-15,0.08215044624746186,2.623622483917829,3.0622087157877163,M6_breakpoint_stat,0.031311839546666574
ID,2024-01-16,0.08330030509356186,2.623622483917829,3.103761916598107,M6_breakpoint_stat,0.03175011100269668
ID,2024-01-17,0.08211015231452597,2.623622483917829,3.133466299166944,M6_breakpoint_stat,0.03129648141752151
ID,2024-01-18,0.08307820624391805,2.623622483917829,3.152221754234125,M6_breakpoint_stat,0.03166545749366281
ID,2024-01-19,0.08290374526192328,2.623622483917829,3.1725127789969205,M6_breakpoint_stat,0.031598961272097326
ID,2024-01-20,0.08252423193491848,2.623622483917829,3.191674794928928,M6_breakpoint_stat,0.031454308857608915
ID,2024-01-23,0.08326337995105094,2.623622483917829,3.1627984333039576,M6_breakpoint_stat,0.03173603689609893
ID,2024-01-24,0.08134097298211376,2.623622483917829,3.1393622758545727,M6_breakpoint_stat,0.031003306870830024
ID,2024-01-25,0.08077775943847311,2.623622483917829,3.112794215415163,M6_breakpoint_stat,0.030788636678341197
ID,2024-01-26,0.08197109632983278,2.623622483917829,3.0973389117879617,M6_breakpoint_stat,0.03124347989556263
ID,2024-01-27,0.08086002814238616,2.623622483917829,3.066674891567211,M6_breakpoint_stat,0.03081999359208063
ID,2024-01-28,0.07944686279494113,2.623622483917829,3.0509737681866964,M6_breakpoint_stat,0.030281362231773502
ID,2024-02-04,0.08019798482980815,2.623622483917829,2.7847757810677263,M6_breakpoint_stat,0.03056765419621245
ID,2024-02-05,0.08231170590950546,2.623622483917829,2.746921432308129,M6_breakpoint_stat,0.03137330405348189
ID,2024-02-12,0.08247991404950396,2.623622483917829,2.5681549412268527,M6_breakpoint_stat,0.03143741698932902
ID,2024-02-16,0.09665721105748185,2.623622483917829,2.510185159711046,M6_breakpoint_stat,0.03684112773463681
ID,2024-02-17,0.09958864095645811,2.623622483917829,2.5008903104901012,M6_breakpoint_stat,0.03795844926886867
ID,2024-02-18,0.09721920855333104,2.623622483917829,2.514890061003674,M6_breakpoint_stat,0.037055334427594386
ID,2024-02-23,0.08141590838919747,2.623622483917829,2.606886341834432,M6_breakpoint_stat,0.03103186868090104
ID,2024-03-02,0.10389321756345812,2.623622483917829,2.4995081000306802,M6_breakpoint_stat,0.03959914896304571
ID,2024-03-05,1.2008613286854497,2.623622483917829,2.327707738182866,M6_breakpoint_stat,0.457711174548335
ID,2024-03-09,1.0056621359086664,2.623622483917829,2.314648987356796,M6_breakpoint_stat,0.3833105342224851
ID,2024-03-16,0.08114687558705069,2.623622483917829,2.693195687005135,M6_breakpoint_stat,0.030929326183344368
ID,2024-03-17,0.08129475884309519,2.623622483917829,2.7381774233136924,M6_breakpoint_stat,0.030985692240942584
ID,2024-03-18,0.08164993940840126,2.623622483917829,2.7760211781456063,M6_breakpoint_stat,0.03112107016497062
ID,2024-03-19,0.08315488809130935,2.623622483917829,2.79277072673199,M6_breakpoint_stat,0.031694684963644235
ID,2024-03-20,0.08149566527361071,2.623622483917829,2.7990623359222897,M6_breakpoint_stat,0.03106226820861592
ID,2024-03-21,0.08165835357332914,2.623622483917829,2.8008334568907607,M6_breakpoint_stat,0.031124277244106224
ID,2024-03-22,0.08212624417845106,2.623622483917829,2.8026845849473703,M6_breakpoint_stat,0.03130261487003754
ID,2024-03-23,0.08207166084934174,2.623622483917829,2.805285444696497,M6_breakpoint_stat,0.0312818103032815
ID,2024-03-24,0.08214004078975377,2.623622483917829,2.799112670045124,M6_breakpoint_stat,0.03130787348151357
ID,2024-03-25,0.0815244248773311,2.623622483917829,2.7877217834789105,M6_breakpoint_stat,0.031073230000526406
ID,2024-03-26,0.0812287396193305,2.623622483917829,2.7975724128159656,M6_breakpoint_stat,0.03096052885552057
ID,2024-03-27,0.08264682714879013,2.623622483917829,2.81954645036928,M6_breakpoint_stat,0.03150103631730372
ID,2024-03-28,0.08194194684982399,2.623622483917829,2.854036402720389,M6_breakpoint_stat,0.03123236950137007
ID,2024-03-29,0.08224290042353238,2.623622483917829,2.8622950017698563,M6_breakpoint_stat,0.03134707867753896
ID,2024-03-30,0.08047715703910512,2.623622483917829,2.88711734799816,M6_breakpoint_stat,0.030674061353114106
ID,2024-03-31,0.08091471186521525,2.623622483917829,2.9283923231761677,M6_breakpoint_stat,0.03084083642414366
ID,2024-04-01,0.08128848167582442,2.623622483917829,2.975254763868355,M6_breakpoint_stat,0.030983299683587536
ID,2024-04-02,0.08155008609535426,2.623622483917829,3.0240127698396946,M6_breakpoint_stat,0.03108301083529988
ID,2024-04-03,0.08274565547703155,2.623622483917829,3.101585490930892,M6_breakpoint_stat,0.03153870497155837
ID,2024-04-04,0.08287724963418305,2.623622483917829,3.1654236313072595,M6_breakpoint_stat,0.03158886240005967
ID,2024-04-05,0.0824237961564804,2.623622483917829,3.210053621413485,M6_breakpoint_stat,0.03141602751985788
ID,2024-04-06,0.08253323481883683,2.623622483917829,3.260396896600201,M6_breakpoint_stat,0.03145774032839922
ID,2024-04-07,0.08179004238369594,2.623622483917829,3.299806171221118,M6_breakpoint_stat,0.03117447074990747
ID,2024-04-08,0.08237385103597222,2.623622483917829,3.324810485241593,M6_breakpoint_stat,0.03139699081743048
ID,2024-04-09,0.08254988898666193,2.623622483917829,3.328973365092221,M6_breakpoint_stat,0.03146408810439489
ID,2024-04-10,0.08238660822208312,2.623622483917829,3.3224363201687286,M6_breakpoint_stat,0.03140185324950258
ID,2024-04-11,0.08217355251641131,2.623622483917829,3.3330856727705216,M6_breakpoint_stat,0.03132064655647499
ID,2024-04-12,0.08270672723337397,2.623622483917829,3.3475134020797372,M6_breakpoint_stat,0.03152386737815604
ID,2024-04-13,0.0827121923336588,2.623622483917829,3.396658304860856,M6_breakpoint_stat,0.03152595041423243
ID,2024-04-14,0.08169517140998012,2.623622483917829,3.502655821940119,M6_breakpoint_stat,0.03113831045081819
ID,2024-04-15,0.08146419321222174,2.623622483917829,3.6397973028509645,M6_breakpoint_stat,0.03105027255696181
ID,2024-04-16,0.08257684613127762,2.623622483917829,3.776266709503879,M6_breakpoint_stat,0.03147436288469614
ID,2024-04-17,0.08101496915277401,2.623622483917829,3.8951012340392692,M6_breakpoint_stat,0.03087904972966811
ID,2024-04-18,0.08176310892787181,2.623622483917829,4.0011764446956395,M6_breakpoint_stat,0.03116420499864591
ID,2024-04-19,0.0815836824080392,2.623622483917829,4.09473819699626,M6_breakpoint_stat,0.03109581615042844
ID,2024-04-20,0.08147648121835228,2.623622483917829,4.178712445380689,M6_breakpoint_stat,0.03105495615995952
ID,2024-04-23,0.08327222205399115,2.623622483917829,4.348254936044156,M6_breakpoint_stat,0.031739407084833936
ID,2024-04-24,0.08249219001608844,2.623622483917829,4.363659139281389,M6_breakpoint_stat,0.03144209600342489
ID,2024-04-25,0.08188125913819905,2.623622483917829,4.350625075491587,M6_breakpoint_stat,0.031209238234582663
ID,2024-04-26,0.08227362049432009,2.623622483917829,4.3099544874751885,M6_breakpoint_stat,0.03135878770617247
ID,2024-04-27,0.08312046046491503,2.623622483917829,4.252313313273837,M6_breakpoint_stat,0.03168156279130223
ID,2024-04-28,0.08340808618530478,2.623622483917829,4.183055998285412,M6_breakpoint_stat,0.031791192024224584
ID,2024-04-29,0.08338345930803315,2.623622483917829,4.10457233550534,M6_breakpoint_stat,0.03178180543090844
ID,2024-04-30,0.08220549509924154,2.623622483917829,4.013127856217894,M6_breakpoint_stat,0.03133282154850453
ID,2024-05-01,0.08235182443022769,2.623622483917829,3.9158269379208575,M6_breakpoint_stat,0.03138859532384116
ID,2024-05-02,0.08271767509107732,2.623622483917829,3.81062680180902,M6_breakpoint_stat,0.03152804018036766
ID,2024-05-03,0.08249684723709555,2.623622483917829,3.704156100671333,M6_breakpoint_stat,0.031443871114377644
ID,2024-05-04,0.08315479264654445,2.623622483917829,3.595827033545936,M6_breakpoint_stat,0.031694648584643256
ID,2024-05-05,0.08307151125318134,2.623622483917829,3.4946805290639458,M6_breakpoint_stat,0.031662905681891965
ID,2024-05-06,0.08283400264253646,2.623622483917829,3.3901117206718556,M6_breakpoint_stat,0.03157237870550693
ID,2024-05-07,0.08190186894234175,2.623622483917829,3.289086832215001,M6_breakpoint_stat,0.0312170937108446
ID,2024-05-08,0.08236383130578367,2.623622483917829,3.195755320570878,M6_breakpoint_stat,0.03139317177324635
ID,2024-05-09,0.0818497355075328,2.623622483917829,3.1117999114014694,M6_breakpoint_stat,0.03119722292717488
ID,2024-05-10,0.08289663562681912,2.623622483917829,3.048442657805604,M6_breakpoint_stat,0.031596251417631706
ID,2024-05-11,0.08163631160772347,2.623622483917829,2.991109573705397,M6_breakpoint_stat,0.03111587589606901
ID,2024-05-12,0.08079439942717724,2.623622483917829,2.929437777418777,M6_breakpoint_stat,0.03079497904993091
ID,2024-05-13,0.08173193213495787,2.623622483917829,2.886801253445482,M6_breakpoint_stat,0.03115232188927898
ID,2024-05-14,0.08087349607210549,2.623622483917829,2.890048252984135,M6_breakpoint_stat,0.030825126925783132
ID,2024-05-15,0.08157174918543256,2.623622483917829,2.86826097739527,M6_breakpoint_stat,0.031091267774021467
ID,2024-05-16,0.08149544582771297,2.623622483917829,2.8821982184983144,M6_breakpoint_stat,0.03106218456628586
ID,2024-05-17,0.08172493269333955,2.623622483917829,2.9279998654203756,M6_breakpoint_stat,0.031149654035324676
ID,2024-05-18,0.08211613627679647,2.623622483917829,2.988493710129732,M6_breakpoint_stat,0.031298762219087735
ID,2024-05-19,0.08297026846535993,2.623622483917829,3.065831923596592,M6_breakpoint_stat,0.031624316750579626
ID,2024-05-20,0.08264286024250224,2.623622483917829,3.1480764203802485,M6_breakpoint_stat,0.031499524321461254
ID,2024-05-21,0.08268362982862434,2.623622483917829,3.2296590057609014,M6_breakpoint_stat,0.03151506374695864
ID,2024-05-22,0.08317183512672657,2.623622483917829,3.3111140792293314,M6_breakpoint_stat,0.0317011443668248
ID,2024-05-23,0.08327715841269105,2.623622483917829,3.3899951383882945,M6_breakpoint_stat,0.03174128858978755
ID,2024-05-24,0.08254054676982994,2.623622483917829,3.481117722607753,M6_breakpoint_stat,0.031460527296050984
ID,2024-05-25,0.08270411307656414,2.623622483917829,3.5740537078813372,M6_breakpoint_stat,0.03152287098602041
ID,2024-05-26,0.08213499067338728,2.623622483917829,3.6583975489278027,M6_breakpoint_stat,0.0313059486175526
ID,2024-05-27,0.0820260219347513,2.623622483917829,3.726845642855486,M6_breakpoint_stat,0.03126441492156397
ID,2024-05-28,0.08200415825569192,2.623622483917829,3.775949416344807,M6_breakpoint_stat,0.03125608152787132
ID,2024-05-29,0.08217730442890704,2.623622483917829,3.797097358749188,M6_breakpoint_stat,0.03132207660691812
ID,2024-05-30,0.08135772633424009,2.623622483917829,3.790987909361121,M6_breakpoint_stat,0.0310096924511599
ID,2024-05-31,0.08205709452225704,2.623622483917829,3.7638070244627047,M6_breakpoint_stat,0.03127625831278973
ID,2024-06-01,0.08177173689366163,2.623622483917829,3.7212541021302252,M6_breakpoint_stat,0.031167493568492643
ID,2024-06-02,0.08184685281676754,2.623622483917829,3.6796021043490224,M6_breakpoint_stat,0.031196124182678316
ID,2024-06-03,0.08195927603828902,2.623622483917829,3.6355209093315226,M6_breakpoint_stat,0.031238974563101037
ID,2024-06-04,0.08215262663873182,2.623622483917829,3.5921195058949515,M6_breakpoint_stat,0.031312670608026706
ID,2024-06-05,0.08195089139325067,2.623622483917829,3.5404268096414033,M6_breakpoint_stat,0.031235778735542098
ID,2024-06-06,0.08287207148455566,2.623622483917829,3.484714756632226,M6_breakpoint_stat,0.03158688873591434
ID,2024-06-07,0.08280072369816185,2.623622483917829,3.415260900591245,M6_breakpoint_stat,0.031559694356070755
ID,2024-06-09,0.08339914266836526,2.623622483917829,3.256671201136154,M6_breakpoint_stat,0.0317877831813006
ID,2024-06-10,0.0834653640193241,2.623622483917829,3.1705556641042403,M6_breakpoint_stat,0.03181302360798727
ID,2024-06-11,0.08240977496113183,2.623622483917829,3.0719696558401086,M6_breakpoint_stat,0.031410683307634316
ID,2024-06-12,0.08239158670184007,2.623622483917829,2.965398239404115,M6_breakpoint_stat,0.03140375080899808
ID,2024-06-13,0.0810714987808977,2.623622483917829,2.851031340747232,M6_breakpoint_stat,0.03090059613295982
ID,2024-06-14,0.08053486767537231,2.623622483917829,2.729111903271389,M6_breakpoint_stat,0.030696057900491232
ID,2024-06-15,0.08163186004431458,2.623622483917829,2.6104034163300076,M6_breakpoint_stat,0.03111417917200288
LF,2022-04-12,1.4186717516856224,4.218834809799311,1.4918966073632434,M6_breakpoint_stat,0.33627098847065506
LF,2022-04-14,1.3974283906869116,4.218834809799311,1.5294892603032368,M6_breakpoint_stat,0.33123562634901715
LF,2022-04-15,1.3992175278158607,4.218834809799311,1.5404086794096534,M6_breakpoint_stat,0.3316597095875439
LF,2022-04-19,1.4426203150432069,4.218834809799311,1.5135221575700828,M6_breakpoint_stat,0.3419475708535343
LF,2022-04-20,1.4106611447147182,4.218834809799311,1.4663897470026845,M6_breakpoint_stat,0.3343722161005453
LF,2022-04-21,1.429937314743126,4.218834809799311,1.4158414963787715,M6_breakpoint_stat,0.3389412904771087
LF,2022-04-23,1.4317791339583623,4.218834809799311,1.324952534648479,M6_breakpoint_stat,0.3393778610702398
LF,2022-04-24,1.413982454682304,4.218834809799311,1.288031047578078,M6_breakpoint_stat,0.33515947374805294
LF,2022-04-25,1.4145101032334644,4.218834809799311,1.2585296345998074,M6_breakpoint_stat,0.335284543482932
LF,2022-04-26,1.5207702563833876,4.218834809799311,1.2280711781714868,M6_breakpoint_stat,0.36047162900311097
LF,2022-04-27,2.3194840360515507,4.218834809799311,1.1886155491346189,M6_breakpoint_stat,0.5497925708453818
LF,2022-05-03,4.3593818244794456,4.218834809799311,0.9394349408573763,M6_breakpoint_stat,1.0333141782071387
LF,2022-05-04,4.382915589002888,4.218834809799311,0.8983215099301675,M6_breakpoint_stat,1.038892439879954
LF,2022-05-05,4.565638622999633,4.218834809799311,0.8547973664676876,M6_breakpoint_stat,1.082203695768031
LF,2022-05-06,4.544387650217768,4.218834809799311,0.8338125650872523,M6_breakpoint_stat,1.0771665294081385
LF,2022-05-07,4.479087037168671,4.218834809799311,0.8295635593276645,M6_breakpoint_stat,1.0616881767365856
LF,2022-05-08,4.586720979179632,4.218834809799311,0.789790770661573,M6_breakpoint_stat,1.0872008945516929
LF,2022-05-09,4.7184328661407005,4.218834809799311,0.7219766155423253,M6_breakpoint_stat,1.118420862362505
LF,2022-05-10,4.843377885679046,4.218834809799311,0.6720311113062266,M6_breakpoint_stat,1.148036864214042
LF,2022-05-11,4.832341949116304,4.218834809799311,0.6499923637679378,M6_breakpoint_stat,1.1454209910973445
LF,2022-05-12,4.754317653736604,4.218834809799311,0.656058876303798,M6_breakpoint_stat,1.1269267150952433
LF,2022-05-13,4.818449227371777,4.218834809799311,0.6858829358147369,M6_breakpoint_stat,1.1421279676985003
LF,2022-05-14,4.708590618359398,4.218834809799311,0.7060548787664934,M6_breakpoint_stat,1.116087932009688
LF,2022-05-15,4.7335159251754115,4.218834809799311,0.7047678895532474,M6_breakpoint_stat,1.1219960341136428
LF,2022-05-17,4.721369245751404,4.218834809799311,0.7008269189806008,M6_breakpoint_stat,1.1191168790929735
LF,2022-05-18,4.87008645512841,4.218834809799311,0.6730157163238959,M6_breakpoint_stat,1.1543676571114854
LF,2022-05-20,4.862436901833613,4.218834809799311,0.6286337513507789,M6_breakpoint_stat,1.1525544661145235
LF,2022-05-21,4.771528791001955,4.218834809799311,0.6286620171366492,M6_breakpoint_stat,1.131006310064303
LF,2022-05-22,4.847679059316983,4.376848750101629,0.5957177871929887,M6_breakpoint_stat,1.1075728991559102
LF,2022-05-23,4.952945500791278,4.619571860731001,0.5503331477615708,M6_breakpoint_stat,1.0721654841856978
LF,2022-05-24,4.905057643014153,4.6533320644997564,0.5319588601635442,M6_breakpoint_stat,1.0540957694454711
LF,2022-05-25,5.014663027717475,4.639786494067511,0.5398893593863897,M6_breakpoint_stat,1.0807960741575686
LF,2022-05-26,4.976770842882843,4.518850386736578,0.5616038392893805,M6_breakpoint_stat,1.1013356090501074
LF,2022-05-27,4.753034005867341,4.3665143927290115,0.5765386339151088,M6_breakpoint_stat,1.088519028766274
LF,2022-05-29,4.902533748587319,4.725598478920725,0.5292879822758513,M6_breakpoint_stat,1.0374418754483357
LF,2022-05-30,4.720975015326703,4.744435805402696,0.519750703745159,M6_breakpoint_stat,0.9950550937902295
LF,2022-05-31,5.050154634275114,4.88414941849551,0.5115677034168029,M6_breakpoint_stat,1.0339885620925044
LF,2022-06-01,5.0745991559487065,5.091188829199788,0.4867513613615616,M6_breakpoint_stat,0.9967414932331848
LF,2022-06-03,4.862735938868967,4.982892179221689,0.5019038022982396,M6_breakpoint_stat,0.9758862451702719
LF,2022-06-04,5.006119131095426,4.972961496743563,0.5024670624811104,M6_breakpoint_stat,1.006667583164192
LF,2022-06-06,4.895203051922058,5.41012521502394,0.4504389807698132,M6_breakpoint_stat,0.9048225054621766
LF,2022-06-07,4.586016520724346,5.4857555832694125,0.43917353246687296,M6_breakpoint_stat,0.8359863014515062
LF,2022-06-08,4.640697276737236,5.486105214923809,0.44013152269744493,M6_breakpoint_stat,0.845900159572803
LF,2022-06-09,4.802043809926611,5.366454367297014,0.4570217507672784,M6_breakpoint_stat,0.8948261703649432
LF,2022-06-10,4.928447042936607,5.184887159334576,0.47217406163359676,M6_breakpoint_stat,0.9505408491028994
LF,2022-06-11,4.742161661621482,5.070219472102966,0.4904481554556448,M6_breakpoint_stat,0.9352971183424106
LF,2022-06-12,4.586966410880499,4.8561932273090624,0.5140742495774241,M6_breakpoint_stat,0.9445601103937643
LF,2022-06-13,4.939658220298185,5.003414512126204,0.5042042267509469,M6_breakpoint_stat,0.9872574435570948
LF,2022-06-14,4.860760117661665,5.251672719421909,0.4699864356013125,M6_breakpoint_stat,0.9255641730463214
LF,2022-06-15,4.842555944208887,5.292315189551116,0.4564345361980265,M6_breakpoint_stat,0.9150165420551273
LF,2022-06-16,4.9319277478651244,5.404245058285318,0.4511570752904,M6_breakpoint_stat,0.9126025364641676
LF,2022-06-17,4.656970636631624,5.553498084652002,0.4367187002844154,M6_breakpoint_stat,0.838565272850624
LF,2022-06-19,4.398327011381468,5.866791212063593,0.41527577045499386,M6_breakpoint_stat,0.7496989158805252
LF,2022-07-18,4.66081161364653,5.448257105335286,0.463799334304297,M6_breakpoint_stat,0.8554683678716927
LF,2022-07-19,4.9471636649664354,5.053877530538778,0.48482584999533024,M6_breakpoint_stat,0.9788847543440637
LF,2022-07-20,4.7806340556714835,5.052649235212086,0.48271732029943687,M6_breakpoint_stat,0.9461638505113477
LF,2022-07-21,5.0836951955964524,5.014125209358951,0.4941262405476977,M6_breakpoint_stat,1.0138748003555333
LF,2022-07-22,4.960393837718713,4.865618503739546,0.5133210549767968,M6_breakpoint_stat,1.019478578911669
LF,2022-07-23,4.497921334150724,4.6945653730223915,0.5404548321296773,M6_breakpoint_stat,0.9581124080193462
LF,2022-07-25,4.590028393351121,4.276691362656611,0.6011975390944172,M6_breakpoint_stat,1.0732662247808011
LF,2022-07-26,4.4615591667586765,4.218834809799311,0.6322459771110301,M6_breakpoint_stat,1.0575335057906454
LF,2022-07-27,4.688985415223953,4.218834809799311,0.6559537832393392,M6_breakpoint_stat,1.1114408661682125
LF,2022-07-29,4.970629754441717,4.218834809799311,0.6592910874288701,M6_breakpoint_stat,1.1781996637782952
LF,2022-07-30,5.084372852882721,4.218834809799311,0.6610553784130793,M6_breakpoint_stat,1.205160448821788
LF,2022-07-31,4.883660615341664,4.218834809799311,0.6658359206499136,M6_breakpoint_stat,1.157585171146812
LF,2022-08-01,4.870294918913204,4.218834809799311,0.6620458772139115,M6_breakpoint_stat,1.1544170697560168
LF,2022-08-02,5.059488273176045,4.218834809799311,0.6405511914117233,M6_breakpoint_stat,1.19926200035709
LF,2022-08-03,5.089229264536328,4.218834809799311,0.6127787568088158,M6_breakpoint_stat,1.2063115751096265
LF,2022-08-04,5.140459679252877,4.438654031726018,0.5808709931492196,M6_breakpoint_stat,1.1581122661308105
LF,2022-08-05,5.191565122446073,4.756398306222754,0.5383891810856596,M6_breakpoint_stat,1.091490827345976
LF,2022-08-06,5.226372669009003,5.00799449765797,0.5000205866323324,M6_breakpoint_stat,1.0436059127966613
LF,2022-08-25,4.789485368004312,5.290934714421429,0.464022318463759,M6_breakpoint_stat,0.9052248093233276
LF,2022-08-26,4.867282388034444,5.133305495001656,0.4776278365028417,M6_breakpoint_stat,0.9481770357859588
LF,2022-08-28,5.222518939758267,4.967323400254178,0.5014444533979836,M6_breakpoint_stat,1.0513748590420005
LF,2022-08-29,5.272340928715694,4.772833241540053,0.5314618223676535,M6_breakpoint_stat,1.1046564298178716
LF,2022-08-30,4.885060731675052,4.5138232751668985,0.5731832130263981,M6_breakpoint_stat,1.0822445704843036
LF,2022-08-31,5.196760730748491,4.218834809799311,0.627639289538252,M6_breakpoint_stat,1.2318000028533234
LF,2022-09-01,4.972268924931236,4.218834809799311,0.6743354030084621,M6_breakpoint_stat,1.1785882000835595
LF,2022-09-03,4.8013323272048964,4.218834809799311,0.745299474770319,M6_breakpoint_stat,1.1380707099629943
LF,2022-09-04,4.829651163698372,4.218834809799311,0.7791615182155329,M6_breakpoint_stat,1.1447831881163693
LF,2022-09-05,4.786586040313965,4.218834809799311,0.8162429978213371,M6_breakpoint_stat,1.1345753640782303
LF,2022-09-06,4.677640999071521,4.218834809799311,0.8397632987409535,M6_breakpoint_stat,1.1087518734335167
LF,2022-09-20,4.257500989559117,4.218834809799311,0.9747040352034524,M6_breakpoint_stat,1.009165132436566
LF,2022-09-21,4.380772877269281,4.218834809799311,0.9645451376654255,M6_breakpoint_stat,1.0383845480495768
LF,2022-09-22,4.486474465500769,4.218834809799311,0.9516489743910594,M6_breakpoint_stat,1.0634392356581008
LF,2022-09-23,4.492294914003721,4.218834809799311,0.9319674439882791,M6_breakpoint_stat,1.0648188697905947
LF,2022-09-24,4.6487984999016,4.218834809799311,0.9050140207276081,M6_breakpoint_stat,1.1019152703262023
LF,2022-09-25,4.603363434660344,4.218834809799311,0.8907801109733731,M6_breakpoint_stat,1.0911456935853159
LF,2022-09-26,4.602203547853196,4.218834809799311,0.8903965253555272,M6_breakpoint_stat,1.0908707629801986
LF,2022-09-27,4.860696592718978,4.218834809799311,0.8698459718295319,M6_breakpoint_stat,1.152141956691165
LF,2022-09-29,5.177023278447387,4.364962799167547,0.5979745570089777,M6_breakpoint_stat,1.186040641499788
LF,2022-09-30,5.116776424312444,4.3472400690660145,0.5995669927999298,M6_breakpoint_stat,1.1770172208160936
LF,2022-10-01,4.943783367387713,4.218834809799311,0.6516056576683229,M6_breakpoint_stat,1.1718362036609078
LF,2022-10-02,4.940858152566597,4.218834809799311,0.647156262987445,M6_breakpoint_stat,1.171142833345881
LF,2022-10-03,4.9497404887261265,4.489710168778808,0.5853831381554415,M6_breakpoint_stat,1.1024632554560745
LF,2022-10-04,5.183824245111968,4.5300643167982635,0.5518021686389993,M6_breakpoint_stat,1.1443158159784728
LF,2022-10-07,4.923389387567923,4.318774737867141,0.5913939552579989,M6_breakpoint_stat,1.1399968015000883
LF,2022-10-08,5.021317097057589,4.487513348196413,0.5666759143550362,M6_breakpoint_stat,1.1189531278109108
LF,2022-10-09,4.987683031288668,4.638328550288215,0.5415505300407913,M6_breakpoint_stat,1.0753190459047464
LF,2022-10-10,5.096167605487633,4.75429776185462,0.5257980359336809,M6_breakpoint_stat,1.0719075372972962
LF,2022-10-11,4.72663582991109,4.924178043228278,0.5063809393229267,M6_breakpoint_stat,0.9598832106428711
LF,2022-10-13,4.681579133372077,4.843421896310076,0.5115501584165736,M6_breakpoint_stat,0.9665850371074843
LF,2022-10-14,4.708300880330824,5.260666440842492,0.4871536516701378,M6_breakpoint_stat,0.8950008393949404
LF,2022-10-19,1.6827198894408275,8.982528724292234,0.27373404843518945,M6_breakpoint_stat,0.18733253642597344
LF,2022-10-20,1.949467939311241,9.199471929630374,0.24401125165105192,M6_breakpoint_stat,0.21191085251668015
LF,2022-10-21,2.491826773651984,8.464732011320685,0.27096929468640807,M6_breakpoint_stat,0.2943775148840423
LF,2022-10-25,4.8976840418467,5.6042084619500505,0.4425078355003437,M6_breakpoint_stat,0.8739296682305235
LF,2022-10-26,4.517592694936105,5.386880428795682,0.4537000128435416,M6_breakpoint_stat,0.8386287304220117
LF,2022-11-09,1.401044062765212,11.936890421404282,0.1810064716439814,M6_breakpoint_stat,0.1173709411165383
LF,2022-11-12,3.893890959548234,5.896885870851004,0.4363288963968826,M6_breakpoint_stat,0.6603300529854567
LF,2022-11-20,1.3998837950215377,10.836243429085858,0.1948920205002171,M6_breakpoint_stat,0.12918534030567005
LF,2022-12-15,4.528859617231367,5.686279566556494,0.4407437193469199,M6_breakpoint_stat,0.7964539140614152
LF,2023-01-12,2.172790071497837,8.832011108496031,0.2597355246079763,M6_breakpoint_stat,0.2460130591783
LF,2023-02-06,5.28726306288163,5.679637837462256,0.4470526380445251,M6_breakpoint_stat,0.930915529157059
LF,2023-02-07,5.25302478573864,5.163747032069179,0.476402119678475,M6_breakpoint_stat,1.0172893352666206
LF,2023-02-08,4.752069370424367,5.035158242775557,0.4908390192742113,M6_breakpoint_stat,0.943777561955006
LF,2023-02-10,4.735507489352684,4.703290969888547,0.5324479231188093,M6_breakpoint_stat,1.006849782348231
LF,2023-02-11,3.696183894733678,4.542972881849786,0.5820265002404168,M6_breakpoint_stat,0.8136046573160884
LF,2023-02-12,4.754408381692588,4.218834809799311,0.6219401336002923,M6_breakpoint_stat,1.1269482205487809
LF,2023-02-13,5.546795601212242,4.731472466136281,0.5505668468579134,M6_breakpoint_stat,1.172319112266071
LF,2023-02-15,5.124216687089045,4.29048387005128,0.6244076101461385,M6_breakpoint_stat,1.1943213964414228
LF,2023-02-16,5.102291516645843,4.218834809799311,0.710382755055964,M6_breakpoint_stat,1.2094077504040879
LF,2023-02-17,5.102654455169143,4.218834809799311,0.7906336963289559,M6_breakpoint_stat,1.2094937785468483
LF,2023-02-18,5.431134194208396,4.218834809799311,0.827625765768926,M6_breakpoint_stat,1.287354077384877
LF,2023-02-19,4.443946646453144,4.218834809799311,0.8670523919349011,M6_breakpoint_stat,1.0533587700876443
LF,2023-02-20,3.5820710632571746,4.218834809799311,0.9439008946078449,M6_breakpoint_stat,0.8490664424539468
LF,2023-03-09,5.410831390136116,4.218834809799311,0.7314612576450876,M6_breakpoint_stat,1.282541657608421
LF,2023-03-11,5.244604267704113,4.218834809799311,0.7433050006098766,M6_breakpoint_stat,1.2431404651166225
LF,2023-03-13,3.296608583828554,4.218834809799311,0.7626235623883443,M6_breakpoint_stat,0.7814026223950145
LF,2023-03-14,5.5904925877124825,4.218834809799311,0.6827228890572695,M6_breakpoint_stat,1.325127159453399
LF,2023-03-15,5.574623842899305,4.310342011605859,0.5941960494999333,M6_breakpoint_stat,1.2933135764840216
LF,2023-03-16,4.507378517892708,4.296076420925767,0.6078930548560938,M6_breakpoint_stat,1.049184901818252
LF,2023-03-19,5.471487450045049,4.218834809799311,0.6634962919981314,M6_breakpoint_stat,1.2969191012969115
LF,2023-03-20,5.5940729188080365,4.362148576492302,0.58038059297647,M6_breakpoint_stat,1.2824122839269154
LF,2023-03-21,5.481818157552053,4.341963475339913,0.5927007982452719,M6_breakpoint_stat,1.2625205598080038
LF,2023-03-22,5.373672792015366,4.218834809799311,0.6430389363308818,M6_breakpoint_stat,1.2737338706729289
LF,2023-03-23,5.086717667656521,4.218834809799311,0.6815542639930616,M6_breakpoint_stat,1.2057162455949526
LF,2023-03-24,5.038993743629456,4.218834809799311,0.6938553528477281,M6_breakpoint_stat,1.1944041354558652
LF,2023-03-26,4.7664495344386415,4.218834809799311,0.6877203596534103,M6_breakpoint_stat,1.1298023623412219
LF,2023-03-27,5.373601282235588,4.218834809799311,0.6465524970889828,M6_breakpoint_stat,1.2737169205473604
LF,2023-03-28,5.521622955487547,4.333611142971519,0.600654010031984,M6_breakpoint_stat,1.2741389970908692
LF,2023-03-29,5.746768441467621,4.661134463298046,0.5515808893684607,M6_breakpoint_stat,1.232911963110676
LF,2023-03-30,5.637490970398696,4.792989001625866,0.5175619786065908,M6_breakpoint_stat,1.1761952653107195
LF,2023-03-31,5.391478071058758,4.746691765743573,0.5404080948652152,M6_breakpoint_stat,1.1358390932330065
LF,2023-04-03,5.351401344408063,4.218834809799311,0.5992874196018729,M6_breakpoint_stat,1.2684548188466824
LF,2023-04-04,5.101917930657752,4.218834809799311,0.6012978398984002,M6_breakpoint_stat,1.2093191984685574
LF,2023-04-05,4.73248209031025,4.2484091435755005,0.5956175075317468,M6_breakpoint_stat,1.1139421676150874
LF,2023-04-06,5.090903426108317,4.290782350295591,0.5883943242340688,M6_breakpoint_stat,1.186474402682673
LF,2023-04-13,4.891620308971715,4.997664646333668,0.5161608714824749,M6_breakpoint_stat,0.9787812218573434
LF,2023-04-14,5.694948547803384,4.740218517779332,0.5330361264806867,M6_breakpoint_stat,1.2014105523707626
LF,2023-04-15,5.361151579289816,4.766229355384145,0.5173091062706572,M6_breakpoint_stat,1.1248203096297957
LF,2023-04-16,5.489788751639274,4.9136583135287895,0.5149923173669556,M6_breakpoint_stat,1.1172508142302495
LF,2023-04-17,4.673562218347946,5.884935078232374,0.44753358129811893,M6_breakpoint_stat,0.7941569713546812
LF,2023-04-20,5.002700866974954,5.472912477723395,0.44189236907489055,M6_breakpoint_stat,0.914083842439951
LF,2023-04-21,4.948210644012145,5.432428796315603,0.4515587697571024,M6_breakpoint_stat,0.9108652555866236
LF,2023-04-22,4.787363277462025,5.4620630935092676,0.4561830292577854,M6_breakpoint_stat,0.8764752796706049
LF,2023-05-26,1.3970762422461929,10.01160411024502,0.22882678696281974,M6_breakpoint_stat,0.13954569386303883
LF,2023-06-21,4.641640725148563,4.2992003550846105,0.5967594926392512,M6_breakpoint_stat,1.0796521077830097
LF,2023-06-22,4.816653031323003,4.219688951579903,0.611624751192186,M6_breakpoint_stat,1.1414711099782815
LF,2023-06-23,4.524112630621431,4.218834809799311,0.6391125464823779,M6_breakpoint_stat,1.0723606954491403
LF,2023-06-24,5.031671203409409,4.218834809799311,0.624890797835153,M6_breakpoint_stat,1.1926684571109727
LF,2023-06-25,5.009921677142968,4.218834809799311,0.6150925479330754,M6_breakpoint_stat,1.1875131174859364
LF,2023-06-27,4.776135073056619,4.218834809799311,0.7310192134727325,M6_breakpoint_stat,1.132098147565019
LF,2023-06-28,4.626663669312099,4.218834809799311,0.7939601619061732,M6_breakpoint_stat,1.096668601142074
LF,2023-06-29,4.561560771836939,4.218834809799311,0.8367480933599786,M6_breakpoint_stat,1.081237113442214
LF,2023-06-30,4.501780007194826,4.218834809799311,0.8665304855176883,M6_breakpoint_stat,1.0670671429794556
LF,2023-07-01,4.4067843778126905,4.218834809799311,0.8918383638850584,M6_breakpoint_stat,1.0445501131205277
LF,2023-07-03,4.259228055663059,4.218834809799311,0.9189607012290975,M6_breakpoint_stat,1.0095745028390124
LF,2023-07-04,4.204171067564677,4.218834809799311,0.9168857330142236,M6_breakpoint_stat,0.9965242198626564
LF,2023-07-05,4.361473668546502,4.218834809799311,0.8996416521153278,M6_breakpoint_stat,1.0338100127589438
LF,2023-07-06,4.427771696150485,4.218834809799311,0.8757008509840322,M6_breakpoint_stat,1.0495247848685292
LF,2023-07-07,4.3670739660357,4.218834809799311,0.8514364301349002,M6_breakpoint_stat,1.0351374639964726
LF,2023-07-08,4.77585434342153,4.218834809799311,0.8222850061906701,M6_breakpoint_stat,1.1320316055818067
LF,2023-07-09,4.664012572543071,4.218834809799311,0.7869739265543445,M6_breakpoint_stat,1.1055214965302083
LF,2023-07-10,4.435424814422591,4.218834809799311,0.7677334897158861,M6_breakpoint_stat,1.0513388208801622
LF,2023-07-11,4.523965122090033,4.218834809799311,0.7421737334168363,M6_breakpoint_stat,1.072325731166809
LF,2023-07-12,4.986068163791566,4.218834809799311,0.6778527041005322,M6_breakpoint_stat,1.1818590650219725
LF,2023-07-13,5.226140352786051,4.218834809799311,0.6256577602071873,M6_breakpoint_stat,1.2387639214142772
LF,2023-07-14,4.800266223072505,4.218834809799311,0.614017512193958,M6_breakpoint_stat,1.1378180088783454
LF,2023-07-16,4.769228452298939,4.218834809799311,0.6193833091475169,M6_breakpoint_stat,1.1304610555552446
LF,2023-07-17,5.136035404918788,4.218834809799311,0.6078420388344055,M6_breakpoint_stat,1.217406140906263
LF,2023-07-18,5.097203534135743,4.309930629263719,0.5896151346396503,M6_breakpoint_stat,1.1826648669300084
LF,2023-07-19,5.1192475738486545,4.428030272677455,0.573068794018055,M6_breakpoint_stat,1.1561004009923463
LF,2023-07-20,5.103462314582528,4.586347333181551,0.5514365692206721,M6_breakpoint_stat,1.1127509418355053
LF,2023-07-21,5.07121032601404,4.750086808492892,0.5280568268532069,M6_breakpoint_stat,1.0676037155672602
LF,2023-07-22,5.049350299282375,4.775913850996028,0.5167571237570999,M6_breakpoint_stat,1.0572532203924325
LF,2023-07-23,4.679928475521683,4.78692411987504,0.5198103352701187,M6_breakpoint_stat,0.97764835170269
LF,2023-07-24,5.341490105784063,5.11254659003916,0.4956432203156506,M6_breakpoint_stat,1.0447807196888839
LF,2023-07-25,5.196032047024506,5.485271258095772,0.4546971876699761,M6_breakpoint_stat,0.9472698436482289
LF,2023-07-26,4.999390493779666,5.662081361085585,0.4256350058812771,M6_breakpoint_stat,0.8829598472638581
LF,2023-07-27,5.295144866918254,5.653753316109814,0.4290060384767032,M6_breakpoint_stat,0.9365716137331743
LF,2023-07-28,4.804021879429464,5.443709386188263,0.4539382592466897,M6_breakpoint_stat,0.882490511271265
LF,2023-08-01,5.409772505472533,4.810627476790077,0.5187989540054199,M6_breakpoint_stat,1.1245461286647453
LF,2023-08-02,5.38685703854537,4.731900299199428,0.5208833068872893,M6_breakpoint_stat,1.1384130471761527
LF,2023-08-03,5.227506729042415,4.721741421955055,0.5285578011409717,M6_breakpoint_stat,1.1071141474913606
LF,2023-08-04,4.469547318633003,4.599867771335443,0.5529678679967506,M6_breakpoint_stat,0.9716686524089788
LF,2023-08-05,4.608945131155397,4.400869136637739,0.5748507576666266,M6_breakpoint_stat,1.0472806593555355
LF,2023-08-06,5.002919777485724,4.345496502056398,0.5774711209016355,M6_breakpoint_stat,1.1512884143660493
LF,2023-08-07,5.014182379218883,4.3488680006772125,0.5761267086938009,M6_breakpoint_stat,1.152985645560653
LF,2023-08-08,5.026822683283419,4.335914686141986,0.5789222618050791,M6_breakpoint_stat,1.1593453854960856
LF,2023-08-09,5.249042643991388,4.325634431712056,0.5803515297063636,M6_breakpoint_stat,1.2134734746675884
LF,2023-08-10,5.379985419468157,4.309142957988861,0.5844702164163519,M6_breakpoint_stat,1.2485047425716118
LF,2023-08-11,5.434342743413162,4.383280800169164,0.5791425870274762,M6_breakpoint_stat,1.239788868466614
LF,2023-08-12,5.4452265704459055,4.580411582957462,0.5544513592478025,M6_breakpoint_stat,1.188807265859295
LF,2023-08-13,5.626116632084246,4.651648539973076,0.5342330972526073,M6_breakpoint_stat,1.2094887616158572
LF,2023-08-14,3.7529615558887985,4.642797567855735,0.538226135288323,M6_breakpoint_stat,0.8083405535215044
LF,2023-08-15,5.268214039984469,4.579012066823179,0.5416345599643823,M6_breakpoint_stat,1.1505132467666641
LF,2023-08-16,5.358412114667636,4.578062813229718,0.5435213943988073,M6_breakpoint_stat,1.1704540399015186
LF,2023-08-17,5.070316727044876,4.533602420059054,0.5497378777517071,M6_breakpoint_stat,1.1183858347637883
LF,2023-08-19,5.228470314874126,4.746147252985918,0.5211081622621669,M6_breakpoint_stat,1.1016241250384227
LF,2023-08-21,5.29717686809716,4.75638037672528,0.5228001513897403,M6_breakpoint_stat,1.1136991679677672
LF,2023-08-22,5.210956874666098,4.920329249814606,0.5071470853379756,M6_breakpoint_stat,1.0590667026728837
LF,2023-08-24,5.290187898272657,5.273196108430327,0.4641791360974637,M6_breakpoint_stat,1.0032222943150482
LF,2023-08-25,5.400961017154494,5.304197910202807,0.45504099893793837,M6_breakpoint_stat,1.0182427406725456
LF,2023-08-27,5.650707426670533,5.1821904930809515,0.4749047233171931,M6_breakpoint_stat,1.090409052738437
LF,2023-08-28,5.805448087620393,5.040777397764571,0.4911057960431914,M6_breakpoint_stat,1.1516969763820417
LF,2023-08-29,5.608016760814641,4.8349629409427886,0.566985638492582,M6_breakpoint_stat,1.1598882616711663
LF,2023-09-01,4.574454887736883,4.39124606100502,0.6506850093689882,M6_breakpoint_stat,1.041721375706724
LF,2023-09-02,5.326456097247698,4.802909800770121,0.5245131476406276,M6_breakpoint_stat,1.1090060646972029
LF,2023-09-03,5.229644625684428,4.790134701399488,0.5320774512275542,M6_breakpoint_stat,1.0917531450955926
LF,2023-09-04,4.978743033918832,4.469337166601571,0.5859535838871072,M6_breakpoint_stat,1.1139779453481258
LF,2023-09-05,5.128470512705041,4.218834809799311,0.6451006556896736,M6_breakpoint_stat,1.2156130173176893
LF,2023-09-06,4.987184293980876,4.218834809799311,0.6816209566813468,M6_breakpoint_stat,1.1821236238965505
LF,2023-09-07,5.137920854471676,4.218834809799311,0.696289567333067,M6_breakpoint_stat,1.2178530532974543
LF,2023-09-08,4.81274864630449,4.218834809799311,0.7080622523747898,M6_breakpoint_stat,1.1407767460166165
LF,2023-09-09,4.820177177735626,4.218834809799311,0.7215680716208812,M6_breakpoint_stat,1.1425375476990816
LF,2023-09-11,5.195020546018786,4.218834809799311,0.7238528807500799,M6_breakpoint_stat,1.2313875229132074
LF,2023-09-12,5.286445429730011,4.218834809799311,0.7226527721296987,M6_breakpoint_stat,1.25305817081316
LF,2023-09-13,5.011169552936301,4.218834809799311,0.7207466604070076,M6_breakpoint_stat,1.1878089043203568
LF,2023-09-14,5.114156500639106,4.218834809799311,0.7177602088181662,M6_breakpoint_stat,1.2122201345168062
LF,2023-09-28,4.919533288588491,4.943481311507075,0.5115682173753128,M6_breakpoint_stat,0.9951556359962687
LF,2023-09-29,5.164557229470217,4.983754337727052,0.49324222053806244,M6_breakpoint_stat,1.0362784518439214
LF,2023-09-30,4.99224282089438,4.93291579574592,0.4994936984126574,M6_breakpoint_stat,1.0120267662382607
LF,2023-10-01,4.7054695858049795,5.2908878821609076,0.47488537405831915,M6_breakpoint_stat,0.8893534867125494
LF,2023-10-02,4.776522355563805,5.6060223104728095,0.4377392898150878,M6_breakpoint_stat,0.852034132408038
LF,2023-10-04,4.917305155108718,5.612734107462012,0.43202996880801575,M6_breakpoint_stat,0.8760980051720718
LF,2023-10-05,5.210957846361401,5.427025630681692,0.4526595862450648,M6_breakpoint_stat,0.9601867028048012
LF,2023-10-06,5.265916810596313,5.223267523686318,0.46696768819139867,M6_breakpoint_stat,1.008165250337378
LF,2023-10-07,5.079927654890726,5.782589521461078,0.4442155023818759,M6_breakpoint_stat,0.8784866427121372
LF,2023-10-10,4.551973095076924,6.09946368580478,0.39350064777032734,M6_breakpoint_stat,0.7462907117015362
LF,2023-10-12,4.62890099988228,4.594042855740637,0.6024978200273443,M6_breakpoint_stat,1.0075876837104565
LF,2023-10-14,4.85342542026931,4.7924152742129005,0.5305421057597132,M6_breakpoint_stat,1.012730563310048
LF,2023-10-15,4.884069906904368,5.149062242795153,0.4954240930313842,M6_breakpoint_stat,0.9485358064448383
LF,2023-10-16,4.523570847609356,5.921098233816359,0.4318970855075514,M6_breakpoint_stat,0.7639749703483223
LF,2023-10-18,5.011441131357227,5.750670582229578,0.4325402561882613,M6_breakpoint_stat,0.8714533478657812
LF,2023-10-19,5.045875490385964,5.294761335129698,0.47120697881323836,M6_breakpoint_stat,0.9529939445820863
LF,2023-10-20,4.954775189749081,4.967128088153949,0.5165746474467293,M6_breakpoint_stat,0.997513070292202
LF,2023-10-21,4.737655538395776,4.664301302239575,0.5365367836284609,M6_breakpoint_stat,1.01572673620398
LF,2023-10-22,5.192720626405813,4.956704580190511,0.5119030784293936,M6_breakpoint_stat,1.047615515993941
LF,2023-10-23,5.220398109325215,5.270428367158448,0.4743754970188742,M6_breakpoint_stat,0.9905073640417947
LF,2023-10-24,4.987021525690781,5.397705022889729,0.44808175955819496,M6_breakpoint_stat,0.9239151647862588
LF,2023-10-25,4.876093396542939,5.394508576750633,0.4506587203178842,M6_breakpoint_stat,0.9038994613073801
LF,2023-10-26,5.149005086320895,5.249761112424162,0.4751484676900878,M6_breakpoint_stat,0.9808075026757282
LF,2023-10-27,5.172931589295501,4.959365169156266,0.5006406276468744,M6_breakpoint_stat,1.0430632576660146
LF,2023-10-28,5.037744381152585,4.886422605198576,0.5031369447693383,M6_breakpoint_stat,1.030967803683828
LF,2023-10-29,5.072992100839687,4.890415144713688,0.5019609601779863,M6_breakpoint_stat,1.0373336313428025
LF,2023-10-30,5.009644075104787,4.827732627187781,0.5158558823943695,M6_breakpoint_stat,1.037680514221636
LF,2023-10-31,4.567490806407664,5.317321241866236,0.5016600708515017,M6_breakpoint_stat,0.8589834239175284
LF,2023-11-02,1.8750731863272168,8.971117610773842,0.25830785595821526,M6_breakpoint_stat,0.20901221761660466
LF,2023-11-03,2.225529148087793,8.85394657965309,0.26038001058510196,M6_breakpoint_stat,0.2513601282847352
LF,2023-11-09,4.602816242635552,5.934912552087004,0.412072949234123,M6_breakpoint_stat,0.775549125996301
LF,2023-11-10,4.74273960789636,5.623392689812779,0.42785436022217316,M6_breakpoint_stat,0.8433947030745707
LF,2023-12-08,4.080122360465839,6.338797506690182,0.41960460181180037,M6_breakpoint_stat,0.6436745070590344
LF,2023-12-09,5.1061229714027405,5.163389760324718,0.5004187861767951,M6_breakpoint_stat,0.9889090710598658
LF,2023-12-10,4.898899831453174,4.611395454452144,0.5556286678951308,M6_breakpoint_stat,1.0623465022336036
LF,2023-12-11,4.59453896056307,5.169548755117334,0.5159201115787839,M6_breakpoint_stat,0.8887698285106487
LF,2023-12-12,4.817862619941198,5.990648529141111,0.4221270857049294,M6_breakpoint_stat,0.8042305597641101
LF,2023-12-14,4.992404467436635,6.402188159792089,0.36871518513188967,M6_breakpoint_stat,0.7797965856096868
LF,2023-12-15,4.97096768654,6.096603156067114,0.4212022879820778,M6_breakpoint_stat,0.8153667803673718
LF,2023-12-18,4.7371499267169614,4.218834809799311,0.7306460223760265,M6_breakpoint_stat,1.1228574097553505
LF,2023-12-19,5.019579100455317,4.218834809799311,0.6626724800079495,M6_breakpoint_stat,1.1898022384749634
LF,2023-12-20,4.178978997867511,4.218834809799311,0.7161080200214069,M6_breakpoint_stat,0.9905528863469067
LF,2023-12-21,3.912685699783183,4.218834809799311,0.841022695046106,M6_breakpoint_stat,0.9274327808936678
LF,2023-12-22,3.684307258999212,4.218834809799311,0.9652942478677653,M6_breakpoint_stat,0.8732997202074554
LF,2023-12-24,2.0695534135026223,4.218834809799311,1.1448499021491467,M6_breakpoint_stat,0.4905509475496791
LF,2023-12-25,1.3748699548763177,4.218834809799311,1.2199900096799439,M6_breakpoint_stat,0.32588854905691833
LF,2023-12-26,1.3743239856238796,4.218834809799311,1.2785266606353056,M6_breakpoint_stat,0.32575913672459145
LF,2023-12-27,1.367723186493595,4.218834809799311,1.2955436656475088,M6_breakpoint_stat,0.3241945343099739
LF,2023-12-28,1.3811839726113757,4.218834809799311,1.2962195040827245,M6_breakpoint_stat,0.32738517502586884
LF,2023-12-29,1.392929569179484,4.218834809799311,1.296389408513766,M6_breakpoint_stat,0.3301692604659592
LF,2023-12-30,1.3923161844050114,4.218834809799311,1.2838196845148682,M6_breakpoint_stat,0.33002386847927884
LF,2023-12-31,1.3951218459008012,4.218834809799311,1.2667754610460717,M6_breakpoint_stat,0.33068890079798285
LF,2024-01-01,1.3925283635084365,4.218834809799311,1.2556461333910387,M6_breakpoint_stat,0.3300741617742266
LF,2024-01-02,1.4016775769119731,4.218834809799311,1.2413992343322962,M6_breakpoint_stat,0.33224282061393406
LF,2024-01-03,1.3914176905907945,4.218834809799311,1.2317151371086374,M6_breakpoint_stat,0.329810896449151
LF,2024-01-05,1.382291251243159,4.218834809799311,1.2007683913444265,M6_breakpoint_stat,0.3276476357956557
LF,2024-01-06,1.3689080228681705,4.218834809799311,1.2117055512369614,M6_breakpoint_stat,0.32447537876774296
LF,2024-01-07,1.4055197848655627,4.218834809799311,1.2183505020712966,M6_breakpoint_stat,0.33315354789452467
LF,2024-01-08,1.71455668293568,4.218834809799311,1.186570260637846,M6_breakpoint_stat,0.40640526596423926
LF,2024-01-10,1.4124802989411147,4.218834809799311,1.2721055282150489,M6_breakpoint_stat,0.3348034143598777
LF,2024-01-11,1.389624263330404,4.218834809799311,1.2568249701508913,M6_breakpoint_stat,0.32938579631102166
LF,2024-01-12,1.3722312075007934,4.218834809799311,1.2433117726332783,M6_breakpoint_stat,0.3252630807713635
LF,2024-01-13,1.3980571398748374,4.218834809799311,1.2598835275415554,M6_breakpoint_stat,0.3313846601975256
LF,2024-01-14,1.4023455592103489,4.218834809799311,1.2597367246473454,M6_breakpoint_stat,0.3324011539757486
LF,2024-01-15,1.3703880374989226,4.218834809799311,1.2614953277048202,M6_breakpoint_stat,0.32482618999820745
LF,2024-01-17,1.422779094218277,4.218834809799311,1.3003651591506384,M6_breakpoint_stat,0.3372445612028972
LF,2024-01-18,1.3876510592085305,4.218834809799311,1.296666904842026,M6_breakpoint_stat,0.32891808325496885
LF,2024-01-19,1.3744884232164254,4.218834809799311,1.311459417120005,M6_breakpoint_stat,0.3257981137407486
LF,2024-01-20,1.3974626493494322,4.218834809799311,1.3234284992804364,M6_breakpoint_stat,0.3312437467576288
LF,2024-01-21,1.4045348959030783,4.218834809799311,1.313589743280718,M6_breakpoint_stat,0.3329200974261165
LF,2024-01-22,1.3776930855661418,4.218834809799311,1.3120955864227979,M6_breakpoint_stat,0.3265577221383736
LF,2024-01-23,1.3687184081907025,4.218834809799311,1.327271898886249,M6_breakpoint_stat,0.32443043396994536
LF,2024-01-24,1.3686003183278577,4.218834809799311,1.3363959678453512,M6_breakpoint_stat,0.32440244286145953
LF,2024-01-25,1.360955168063399,4.218834809799311,1.3400478218596659,M6_breakpoint_stat,0.32259029552478236
LF,2024-01-26,1.3660660092156134,4.218834809799311,1.3402943377958902,M6_breakpoint_stat,0.32380172981472977
LF,2024-01-27,1.380580643676941,4.218834809799311,1.329099257397676,M6_breakpoint_stat,0.32724216659779926
LF,2024-01-28,1.397842856799477,4.218834809799311,1.3137906542760431,M6_breakpoint_stat,0.3313338681933299
LF,2024-01-31,1.40097257831503,4.218834809799311,1.227618033744573,M6_breakpoint_stat,0.3320757131947704
LF,2024-02-01,1.4174298419338378,4.218834809799311,1.20874588641647,M6_breakpoint_stat,0.3359766157806175
LF,2024-02-02,1.419943235469034,4.218834809799311,1.1925902854558912,M6_breakpoint_stat,0.3365723711606002
LF,2024-02-03,1.7851094095545157,4.218834809799311,1.1746551861237136,M6_breakpoint_stat,0.42312853904783077
LF,2024-02-04,1.797297619219861,4.218834809799311,1.1721164572348712,M6_breakpoint_stat,0.4260175380759594
LF,2024-02-05,1.6499357335006892,4.218834809799311,1.175589782343019,M6_breakpoint_stat,0.3910880155033082
LF,2024-02-06,3.0239333630229077,4.218834809799311,1.1269286371950142,M6_breakpoint_stat,0.7167697952996541
LF,2024-02-08,4.465248121899219,4.218834809799311,1.051937552048914,M6_breakpoint_stat,1.0584079072087749
LF,2024-02-11,3.314918188550725,4.218834809799311,1.1001568793724745,M6_breakpoint_stat,0.7857425896010407
LF,2024-02-12,2.966498279336973,4.218834809799311,1.1162394779310718,M6_breakpoint_stat,0.7031558269232373
LF,2024-02-14,4.460409801625793,4.218834809799311,1.0502843211744617,M6_breakpoint_stat,1.0572610691618838
LF,2024-02-15,4.191195946971924,4.218834809799311,1.0071059852943254,M6_breakpoint_stat,0.9934486975495725
LF,2024-02-16,3.984389010512274,4.218834809799311,0.9997021626444744,M6_breakpoint_stat,0.9444287795429966
LF,2024-02-17,3.760969608138763,4.218834809799311,1.0023785300194177,M6_breakpoint_stat,0.8914711709979636
LF,2024-02-18,3.9375729881571777,4.218834809799311,0.9943209490172794,M6_breakpoint_stat,0.9333318713999345
LF,2024-02-19,4.936793699150479,4.218834809799311,0.9690791059891091,M6_breakpoint_stat,1.170179426718374
LF,2024-02-20,4.793718840297893,4.218834809799311,0.9582092470709485,M6_breakpoint_stat,1.1362660678638727
LF,2024-02-21,4.67779994584381,4.218834809799311,0.9654018736406594,M6_breakpoint_stat,1.1087895489480735
LF,2024-02-22,4.193383586843631,4.218834809799311,0.9949612635010296,M6_breakpoint_stat,0.9939672387985984
LF,2024-03-01,3.589838182358991,4.218834809799311,1.0355537872257965,M6_breakpoint_stat,0.8509075003412514
LF,2024-03-02,3.7895052259237447,4.218834809799311,1.0132456276871367,M6_breakpoint_stat,0.8982350333133831
LF,2024-03-03,4.324868725146278,4.218834809799311,0.9809951803539,M6_breakpoint_stat,1.0251334598597404
LF,2024-03-04,4.287809360399709,4.218834809799311,0.9376437880294975,M6_breakpoint_stat,1.016349194436385
LF,2024-03-06,4.6115937611951425,4.218834809799311,0.916899840263297,M6_breakpoint_stat,1.0930965465828502
LF,2024-03-07,4.741623580381129,4.218834809799311,0.9132022480616773,M6_breakpoint_stat,1.1239178100473401
LF,2024-03-10,4.614589247933226,4.218834809799311,0.9521071493291732,M6_breakpoint_stat,1.0938065736100107
LF,2024-03-11,4.904444165485534,4.218834809799311,0.9070326810757836,M6_breakpoint_stat,1.1625115432568542
LF,2024-03-12,4.23114864300603,4.218834809799311,0.9102958294525036,M6_breakpoint_stat,1.0029187758615523
LF,2024-03-13,4.221104930639696,4.218834809799311,0.9590042546811473,M6_breakpoint_stat,1.0005380919004252
LF,2024-03-14,3.93117970542112,4.218834809799311,0.9954359335521149,M6_breakpoint_stat,0.9318164570677099
LF,2024-03-19,3.172594042067486,4.218834809799311,1.1153177184454668,M6_breakpoint_stat,0.7520071738050358
LF,2024-03-20,3.018273187066215,4.218834809799311,1.1129241616705001,M6_breakpoint_stat,0.7154281509329334
LF,2024-03-21,2.6800148171586815,4.218834809799311,1.1259789791191708,M6_breakpoint_stat,0.6352500010035161
LF,2024-03-23,1.3971739056223254,4.218834809799311,1.191208142519781,M6_breakpoint_stat,0.3311753051759778
LF,2024-03-24,1.9723262773757608,4.218834809799311,1.1711874532682331,M6_breakpoint_stat,0.4675049785771498
LF,2024-03-25,2.628113178697316,4.218834809799311,1.1357876049416011,M6_breakpoint_stat,0.6229476377204574
LF,2024-03-29,1.485835206092606,4.218834809799311,1.195053881256702,M6_breakpoint_stat,0.3521908946615729
LF,2024-03-30,1.4591945190867943,4.218834809799311,1.1853258799362025,M6_breakpoint_stat,0.3458761920939511
LF,2024-03-31,1.3732545976074984,4.218834809799311,1.2067271105681001,M6_breakpoint_stat,0.3255056572534594
LF,2024-04-01,1.3865740827616004,4.218834809799311,1.2307192702655951,M6_breakpoint_stat,0.32866280508090323
LF,2024-04-04,1.395099142055262,4.218834809799311,1.373274565552877,M6_breakpoint_stat,0.3306835192538924
LF,2024-04-05,1.38014292726328,4.218834809799311,1.3762062859358855,M6_breakpoint_stat,0.327138413681794
LF,2024-04-07,1.386896846107446,4.218834809799311,1.4026095004135914,M6_breakpoint_stat,0.3287393104100751
LF,2024-04-08,1.3758763212832128,4.218834809799311,1.4282754924372978,M6_breakpoint_stat,0.32612709037277116
LF,2024-04-09,1.376659678075938,4.218834809799311,1.4516091076243476,M6_breakpoint_stat,0.3263127712131078
LF,2024-04-12,1.3873173269854513,4.218834809799311,1.5249339930740347,M6_breakpoint_stat,0.3288389779479054
LF,2024-04-13,1.389632302566999,4.218834809799311,1.4936579157558216,M6_breakpoint_stat,0.32938770186953664
LF,2024-04-14,1.3580297579854723,4.218834809799311,1.4873368704141083,M6_breakpoint_stat,0.3218968789275903
LF,2024-04-15,1.3635760628992375,4.218834809799311,1.5248366765961912,M6_breakpoint_stat,0.3232115321822952
LF,2024-04-16,1.34965221633175,4.218834809799311,1.5846271520328734,M6_breakpoint_stat,0.3199111311959504
LF,2024-04-17,1.3480221222577142,4.218834809799311,1.6563734620798545,M6_breakpoint_stat,0.3195247462940696
LF,2024-04-18,1.3398385796905916,4.218834809799311,1.7311172497095095,M6_breakpoint_stat,0.317584982606685
LF,2024-04-20,1.4397909139580671,4.218834809799311,1.864011495112019,M6_breakpoint_stat,0.3412769114860313
LF,2024-04-21,1.3785680450388162,4.218834809799311,1.9290795157026634,M6_breakpoint_stat,0.3267651157700565
LF,2024-04-22,1.361436530710535,4.218834809799311,1.9852965923583565,M6_breakpoint_stat,0.3227043940066708
LF,2024-04-23,1.3532587414385455,4.218834809799311,2.0246786598081234,M6_breakpoint_stat,0.3207659940359029
LF,2024-04-24,1.3575682369178927,4.218834809799311,2.059789849824705,M6_breakpoint_stat,0.3217874835403835
LF,2024-04-25,1.359984221483905,4.218834809799311,2.085993062434039,M6_breakpoint_stat,0.322360149851091
LF,2024-04-26,1.360487246767958,4.218834809799311,2.093034998690501,M6_breakpoint_stat,0.32247938307702456
LF,2024-04-27,1.344584605811918,4.218834809799311,2.0833169583549997,M6_breakpoint_stat,0.31870994396101504
LF,2024-04-28,1.3429255366015092,4.218834809799311,2.0617857967209017,M6_breakpoint_stat,0.31831669101672927
LF,2024-04-29,1.323250566483442,4.218834809799311,2.0306476917055813,M6_breakpoint_stat,0.3136530881488552
LF,2024-04-30,1.3415051304152246,4.218834809799311,1.9912379130669708,M6_breakpoint_stat,0.31798000891128503
LF,2024-05-01,1.3379454047921686,4.218834809799311,1.9427863254519802,M6_breakpoint_stat,0.31713623905929
LF,2024-05-26,1.3778791094440688,4.218834809799311,1.5913411174867602,M6_breakpoint_stat,0.3266018158007979
LF,2024-05-27,1.371812511450643,4.218834809799311,1.6402890181063525,M6_breakpoint_stat,0.32516383629533474
LF,2024-05-28,1.369778279077306,4.218834809799311,1.6840031036504517,M6_breakpoint_stat,0.3246816575741836
LF,2024-05-30,1.370751340027956,4.218834809799311,1.7279592592447828,M6_breakpoint_stat,0.3249123044220739
LF,2024-06-03,1.3599290759060476,4.218834809799311,1.7029376978667552,M6_breakpoint_stat,0.3223470785694828
LF,2024-06-04,1.3683358098251734,4.218834809799311,1.688294299239731,M6_breakpoint_stat,0.324339745810115
LF,2024-06-07,1.3117752038633088,4.218834809799311,1.6076776391894811,M6_breakpoint_stat,0.3109330568754147
AM,2022-05-12,2.4189097451169825,10.339154066127346,0.4108314364648162,M7_breakpoint_domain,0.23395625305959042
AM,2022-05-13,2.44106708427861,10.830057144742234,0.40047548625370327,M7_breakpoint_domain,0.22539743342570423
AM,2022-05-14,2.4817030388516392,11.872055144716697,0.3881293093984667,M7_breakpoint_domain,0.2090373577784506
AM,2022-05-15,2.4869328499630727,13.084292157291426,0.3698460587795037,M7_breakpoint_domain,0.1900701100270977
AM,2022-05-16,2.504229937881308,13.900424875107024,0.35726225169699033,M7_breakpoint_domain,0.18015492047051743
AM,2022-05-17,2.538010041623469,15.196149393835537,0.3455656119005128,M7_breakpoint_domain,0.16701665506480456
AM,2022-05-18,2.5452120950187616,17.077953668525062,0.32840130202429907,M7_breakpoint_domain,0.14903495725659613
AM,2022-05-19,2.572900066233886,18.775676983278903,0.3121156641186556,M7_breakpoint_domain,0.13703367758857588
AM,2022-05-20,2.5741609332510715,19.760221428263815,0.30157456259177035,M7_breakpoint_domain,0.13026984250131676
AM,2022-05-21,2.5685458461544597,19.97076141330264,0.29754368300233186,M7_breakpoint_domain,0.12861531881521235
AM,2022-05-22,2.586455130107391,20.09569857021807,0.29657373759658484,M7_breakpoint_domain,0.12870690317481828
AM,2022-07-01,2.5856474170099735,36.57100926426784,0.2546547789741982,M7_breakpoint_domain,0.07070210718893974
AM,2022-07-02,2.690363438344094,22.02813113313613,0.28893722343100603,M7_breakpoint_domain,0.1221330771132498
AM,2022-07-03,2.6495216922365,25.79032975027611,0.27453660802777574,M7_breakpoint_domain,0.10273314524829348
AM,2022-07-04,2.655791162494109,30.466185555303746,0.252808820583445,M7_breakpoint_domain,0.08717176483000091
AM,2022-07-05,2.638338369352185,35.48504127927372,0.23460004938166484,M7_breakpoint_domain,0.07435072002841937
AM,2022-07-06,2.683906793128832,40.61225909708635,0.21934442834866866,M7_breakpoint_domain,0.06608612406201711
AM,2022-07-07,2.673380439114203,45.21845366412034,0.20682236343281665,M7_breakpoint_domain,0.05912144760570308
AM,2022-07-08,2.682100040529998,45.51625529869109,0.20297413535313147,M7_breakpoint_domain,0.05892620170374884
AM,2022-07-09,2.638643090963555,43.220394874640135,0.21672940652656406,M7_breakpoint_domain,0.06105087884127123
AM,2022-07-10,2.635929261505457,34.53667804494412,0.24370973728976192,M7_breakpoint_domain,0.07632260572586641
AM,2022-07-11,2.6125163135245,26.960751973566182,0.26988439053446067,M7_breakpoint_domain,0.09690072131837998
AM,2022-07-12,2.6145511598041775,21.966477231594027,0.30238374129743795,M7_breakpoint_domain,0.11902459972251314
AM,2022-07-13,2.5884550937659485,16.45548211152499,0.3503241812154658,M7_breakpoint_domain,0.1573004714309198
AM,2022-07-14,2.51158230523426,11.997792151765005,0.4032478538513346,M7_breakpoint_domain,0.20933704080419321
AM,2022-07-15,2.484435755682546,8.987841185007202,0.46782838148439965,M7_breakpoint_domain,0.2764218575453784
AM,2022-07-16,2.432199577180852,6.2839540445093975,0.5624217782693994,M7_breakpoint_domain,0.3870492304611911
AM,2022-07-17,2.2916002189743327,4.156694205149797,0.6789263380674444,M7_breakpoint_domain,0.5513035373483167
AM,2022-07-21,0.3250612948314391,1.7136789230433027,1.0861627904171798,M7_breakpoint_domain,0.18968623028528966
AM,2022-07-22,0.3260691075614455,1.7136789230433027,1.11701588138309,M7_breakpoint_domain,0.19027432920887136
AM,2022-07-23,0.3261099297701715,1.7136789230433027,1.111335509451395,M7_breakpoint_domain,0.19029815059581676
AM,2022-07-24,0.32584466298826764,1.7136789230433027,1.097832695711241,M7_breakpoint_domain,0.19014335684867026
AM,2022-07-25,0.32484179940947494,1.7136789230433027,1.0926645875155183,M7_breakpoint_domain,0.1895581459522138
AM,2022-07-26,0.3265185632691986,1.7136789230433027,1.0971510288450697,M7_breakpoint_domain,0.19053660454044566
AM,2022-07-27,0.3259422188225215,1.7136789230433027,1.0838578306859923,M7_breakpoint_domain,0.19020028456887622
AM,2022-07-29,1.7783407768265207,1.7136789230433027,0.9827496170485401,M7_breakpoint_domain,1.0377327706571693
AM,2022-07-30,2.0086257181322913,1.872953848199959,0.9295936796350817,M7_breakpoint_domain,1.0724373801643445
AM,2022-07-31,2.080317144884976,2.1387166298314497,0.8758953922426108,M7_breakpoint_domain,0.9726941455768845
AM,2022-08-01,2.0431652541510816,2.498174092040327,0.8189147656930802,M7_breakpoint_domain,0.8178634390057151
AM,2022-08-02,2.230785525952783,3.003190425333486,0.7557794592564204,M7_breakpoint_domain,0.7428052204532013
AM,2022-08-03,2.38657269927685,3.663474329239527,0.6902303033673655,M7_breakpoint_domain,0.651450640783461
AM,2022-08-04,2.372002977791439,4.50785406701242,0.6271854260523261,M7_breakpoint_domain,0.526193382156997
AM,2022-08-05,2.4751540911456864,5.396415891583784,0.571099243913663,M7_breakpoint_domain,0.4586662964590852
AM,2022-08-06,2.358312674395936,5.9068035440095965,0.535396116184737,M7_breakpoint_domain,0.39925361607592763
AM,2022-08-07,2.523854045802733,5.988489293251228,0.5244214192864934,M7_breakpoint_domain,0.42145087387014435
AM,2022-08-08,2.4990525801964023,5.967730658360904,0.5269988557291998,M7_breakpoint_domain,0.41876095341119024
AM,2022-08-09,2.421576867032905,5.809757944879633,0.5346482176501837,M7_breakpoint_domain,0.4168120066288021
AM,2022-08-10,2.4386374849355867,5.631815539062335,0.5456221254643789,M7_breakpoint_domain,0.43301089462557324
AM,2022-08-11,2.4234379082032467,5.245929086116707,0.5795784959823336,M7_breakpoint_domain,0.4619654342291527
AM,2022-08-12,2.4286954092006803,4.399999279433712,0.6251430766369412,M7_breakpoint_domain,0.5519763197582291
AM,2022-08-13,2.3644593952641837,4.012700296970929,0.6361587155935502,M7_breakpoint_domain,0.5892439555102197
AM,2022-08-14,2.471408200803184,4.154518876163364,0.624835866624824,M7_breakpoint_domain,0.5948723003722378
AM,2022-08-15,2.4670869598769283,4.201869374948835,0.6203077146829331,M7_breakpoint_domain,0.5871403272518364
AM,2022-08-16,2.3848265481493667,4.50562682373026,0.6102133856458476,M7_breakpoint_domain,0.5292996161131119
AM,2022-08-17,2.4821089614198804,5.150553241890557,0.5802434864294204,M7_breakpoint_domain,0.48191113553246173
AM,2022-08-18,2.491768366736771,5.846445101224782,0.5444388615534208,M7_breakpoint_domain,0.42620230303963114
AM,2022-08-19,2.536878639568017,6.46231890953942,0.516315251084141,M7_breakpoint_domain,0.3925647550174562
AM,2022-08-20,2.537907308471599,7.019892136904384,0.494492918978953,M7_breakpoint_domain,0.3615308125789465
AM,2022-08-21,2.604068556127663,7.370624132211681,0.47903058485449235,M7_breakpoint_domain,0.35330367000362395
AM,2022-08-22,2.6093453191162648,7.399532330768176,0.4762311515681887,M7_breakpoint_domain,0.3526365184278312
AM,2022-08-23,2.569214316678353,7.109588177414334,0.4990297271875012,M7_breakpoint_domain,0.361373155879859
AM,2022-08-24,2.604528170475313,6.05930440390112,0.5353187317515066,M7_breakpoint_domain,0.42983946619325775
AM,2022-08-25,2.5397791919211974,5.993828235107857,0.5365023638659995,M7_breakpoint_domain,0.42373239477315366
AM,2022-08-26,2.4959874648936693,6.255974650167015,0.516713129505201,M7_breakpoint_domain,0.3989765950901087
AM,2022-08-27,2.4628373868226676,6.048942613660248,0.5655089962088141,M7_breakpoint_domain,0.40715171958498564
AM,2022-08-28,2.200028324561376,3.988941454268986,0.7376860151607657,M7_breakpoint_domain,0.5515318662315523
AM,2022-08-30,0.32356093116808693,1.7136789230433027,1.1508254937959579,M7_breakpoint_domain,0.18881070824718948
AM,2022-08-31,0.3276259680884664,1.7136789230433027,1.2953289720931882,M7_breakpoint_domain,0.19118281942024426
AM,2022-09-02,0.32136933036378473,1.7136789230433027,1.4975445641611562,M7_breakpoint_domain,0.18753182176802913
AM,2022-09-03,0.3238431403602792,1.7136789230433027,1.4812043914460638,M7_breakpoint_domain,0.18897538856647073
AM,2022-09-04,0.32335766646108755,1.7136789230433027,1.41952910700606,M7_breakpoint_domain,0.18869209518364174
AM,2022-09-05,0.324105310054806,1.7136789230433027,1.3834824262632726,M7_breakpoint_domain,0.1891283750396084
AM,2022-09-06,0.32490116800874147,1.7136789230433027,1.3757054261981216,M7_breakpoint_domain,0.18959278989774422
AM,2022-09-09,0.32560977152626486,1.7136789230433027,1.3119747199861531,M7_breakpoint_domain,0.1900062883121759
AM,2022-09-11,0.3243225541764374,1.7136789230433027,1.262393429595429,M7_breakpoint_domain,0.1892551456491492
AM,2022-09-18,0.32364504604319083,1.7136789230433027,1.1879721131847965,M7_breakpoint_domain,0.18885979263165198
AM,2022-09-19,0.32547593532021135,1.7136789230433027,1.139384674849124,M7_breakpoint_domain,0.18992818954801777
AM,2022-09-20,0.3242019713190584,1.7136789230433027,1.0872584785928505,M7_breakpoint_domain,0.1891847807425395
AM,2022-09-22,0.7246497485627396,1.7136789230433027,0.9817319937503305,M7_breakpoint_domain,0.4228620302313355
AM,2022-09-27,2.339178753568166,2.8040288991722115,0.7705010244978494,M7_breakpoint_domain,0.8342206295586769
AM,2022-09-28,2.2134474856098776,3.2616862205140253,0.7208358825550096,M7_breakpoint_domain,0.6786206078587932
AM,2022-09-29,2.4213020734789565,3.624049392814147,0.6771766246362496,M7_breakpoint_domain,0.66812060516613625
AM,2022-09-30,2.411555494615892,3.875459773746598,0.6528064133285756,M7_breakpoint_domain,0.6222630695207868
AM,2022-10-01,2.471392131944442,4.321708230412578,0.6267473470864182,M7_breakpoint_domain,0.5718553868474612
AM,2022-10-02,2.4501352315583804,4.958717534610159,0.5902615096855724,M7_breakpoint_domain,0.49410663431769836
AM,2022-10-03,2.3653981930664982,5.630753202062085,0.5540135906613712,M7_breakpoint_domain,0.4200855743775533
AM,2022-10-04,2.6474083439996443,6.226393635177036,0.5253052931664698,M7_breakpoint_domain,0.4251912903550901
AM,2022-10-05,2.4624219982851394,6.877641136773792,0.5019280642768864,M7_breakpoint_domain,0.3580329286328871
AM,2022-10-06,2.53802444638278,7.6961133672906,0.47733622908429796,M7_breakpoint_domain,0.3297800234037205
AM,2022-10-07,2.5805434234612856,8.563442986051566,0.4531725854594314,M7_breakpoint_domain,0.3013441471689091
AM,2022-10-08,2.620823618395706,9.440983783380304,0.43193137595551967,M7_breakpoint_domain,0.2776006906196942
AM,2022-10-09,2.697739222155204,10.252707340456077,0.41373116015041445,M7_breakpoint_domain,0.2631245711569486
AM,2022-10-10,2.727105016805231,11.007534080085335,0.39988426165893926,M7_breakpoint_domain,0.24774895057913726
AM,2022-10-11,2.671438585186239,12.070264041605084,0.3848351510092394,M7_breakpoint_domain,0.22132395579566752
AM,2022-10-12,2.7310161553131,12.965674372437784,0.36918226001532883,M7_breakpoint_domain,0.21063433161013584
AM,2022-10-13,2.709083998684093,13.442722044709486,0.3602484907496323,M7_breakpoint_domain,0.2015279338272325
AM,2022-10-14,2.6886455757590806,14.575236264397892,0.352264252339932,M7_breakpoint_domain,0.18446668904616548
AM,2022-10-15,2.700987291639512,18.257413838711432,0.32686931135736164,M7_breakpoint_domain,0.14793920516347028
AM,2022-10-16,2.711799278415046,21.694225703108096,0.295388211965527,M7_breakpoint_domain,0.1250009710199766
AM,2022-10-17,2.763155210292565,22.411273584932207,0.2839259890043392,M7_breakpoint_domain,0.12329309174782105
AM,2022-10-18,2.7330536852578247,23.389407193760984,0.27847826214579957,M7_breakpoint_domain,0.11685006219340412
AM,2022-10-19,2.730322600166772,24.440919353497772,0.27280614272349596,M7_breakpoint_domain,0.11171112512901574
AM,2022-10-20,2.7391507846110614,25.189305721536716,0.2681106488887458,M7_breakpoint_domain,0.10874260747365906
AM,2022-10-21,2.7113786838887397,25.922277188319782,0.264667616982031,M7_breakpoint_domain,0.10459646983137921
AM,2022-10-22,2.715429742143945,26.920414426438576,0.2603993552546768,M7_breakpoint_domain,0.1008687941845768
AM,2022-10-23,2.707032210641977,27.15436166986292,0.2574510099500082,M7_breakpoint_domain,0.09969051173264581
AM,2022-10-24,2.7322014270752693,27.103498655700484,0.2587724247230423,M7_breakpoint_domain,0.10080622659763613
AM,2022-10-25,2.7007568764151335,26.49297544724152,0.26137168928440174,M7_breakpoint_domain,0.10194237645346625
AM,2022-10-27,2.728374986333968,25.756891617930943,0.2646022583493359,M7_breakpoint_domain,0.10592796005068328
AM,2022-10-28,2.759032456212501,25.39035737695705,0.26576841357910413,M7_breakpoint_domain,0.10866457747130624
AM,2022-10-29,2.717518132848895,25.49079392876524,0.2652714938794861,M7_breakpoint_domain,0.10660782635656928
AM,2022-10-30,2.729023797486388,25.494355586192864,0.2649812451228959,M7_breakpoint_domain,0.10704423527238956
AM,2022-10-31,2.7445143889960013,25.459395932179294,0.2655343184259738,M7_breakpoint_domain,0.10779966642991258
AM,2022-11-01,2.734930161805571,25.30416984167033,0.2659487321270254,M7_breakpoint_domain,0.10808219273416947
AM,2022-11-02,2.742458856518857,25.44602724376732,0.2655511602642849,M7_breakpoint_domain,0.10777552150859177
AM,2022-11-03,2.706922949149382,25.54939126261222,0.2648113176624056,M7_breakpoint_domain,0.10594862794678657
AM,2022-11-04,2.7382185648941517,25.61204115670416,0.26445930066946727,M7_breakpoint_domain,0.10691137610394637
AM,2022-11-05,2.744347457112828,25.610992647090423,0.2645108320130346,M7_breakpoint_domain,0.1071550601309709
AM,2022-11-09,2.756284068112828,24.774336184488835,0.27147504556742963,M7_breakpoint_domain,0.11125561740937914
AM,2022-11-10,2.5713098535562335,24.129653227996094,0.2732454507378359,M7_breakpoint_domain,0.10656223814161188
AM,2022-11-11,2.675515091162569,24.850413128884483,0.2693152480823466,M7_breakpoint_domain,0.10766481334882624
AM,2022-11-12,2.6993701158971226,24.853920210381514,0.26840175118909365,M7_breakpoint_domain,0.10860943034530192
AM,2022-11-13,2.762371031528704,24.68883045572693,0.26926817445268353,M7_breakpoint_domain,0.11188748031148361
AM,2022-11-14,2.7321283326325907,24.763484604930262,0.2692020064390179,M7_breakpoint_domain,0.11032891276087374
AM,2022-11-15,2.6659521378159257,25.049831048147652,0.2678380745623848,M7_breakpoint_domain,0.10642595284142899
AM,2022-11-16,2.7698570916094756,25.175995128972065,0.26671238892068794,M7_breakpoint_domain,0.11001976594847589
AM,2022-11-17,2.8090336995027787,25.1736332444686,0.2668227116910678,M7_breakpoint_domain,0.11158634402207347
AM,2022-11-18,2.759852358012125,25.013853297295785,0.26756306884565195,M7_breakpoint_domain,0.11033295531122703
AM,2022-11-19,2.751178873538723,25.304236581428007,0.2664253896034871,M7_breakpoint_domain,0.10872404171078393
AM,2022-11-20,2.644030771524168,25.36553433519602,0.2658214654662744,M7_breakpoint_domain,0.10423714070377124
AM,2022-11-21,2.74077544977291,25.744026621160724,0.26478996398007587,M7_breakpoint_domain,0.10646257829457358
AM,2022-11-22,2.770470131886699,25.94290312319623,0.2630558873113406,M7_breakpoint_domain,0.10679106030386973
AM,2022-11-23,2.7690752495301787,26.07123288124412,0.2625556255127337,M7_breakpoint_domain,0.10621190267999471
AM,2022-11-24,2.8047106512821336,26.353190110383757,0.2614367808732674,M7_breakpoint_domain,0.106427747059625
AM,2022-11-25,2.7694455906808795,26.40456880324194,0.2607389625551978,M7_breakpoint_domain,0.1048850905810228
AM,2022-11-26,2.740877098652201,26.3096670773649,0.2617266957659847,M7_breakpoint_domain,0.10417756677013487
AM,2022-11-27,2.642975233242381,26.115785849171317,0.2620761594723758,M7_breakpoint_domain,0.10120220959486254
AM,2022-11-28,2.5305694411359005,26.10244419147066,0.2623957654537931,M7_breakpoint_domain,0.09694760469836766
AM,2022-11-29,2.7966264011177646,25.84351463178696,0.26366915234621285,M7_breakpoint_domain,0.10821385716933311
AM,2022-11-30,2.6559745991511705,25.808961809178204,0.2634982893097455,M7_breakpoint_domain,0.10290900574724593
AM,2022-12-01,2.7616538968582662,25.824539128624455,0.2634807128657738,M7_breakpoint_domain,0.10693913580038265
AM,2022-12-02,2.747246158341204,26.17148755516175,0.26251351452648003,M7_breakpoint_domain,0.10497095942868444
AM,2022-12-03,2.7807844055426965,26.204669829868724,0.26157631753734556,M7_breakpoint_domain,0.10611789515367563
AM,2022-12-04,2.7931375371919613,26.38895087443549,0.261626824660679,M7_breakpoint_domain,0.10584496331371157
AM,2022-12-05,2.7870562514590445,27.3466310325007,0.25831809484753504,M7_breakpoint_domain,0.10191589041248653
AM,2022-12-07,2.790383680310729,27.70791439193632,0.25496522610657757,M7_breakpoint_domain,0.10070709909233727
AM,2022-12-08,2.7853736811961385,27.6667679986625,0.2550393062381569,M7_breakpoint_domain,0.10067578841629757
AM,2022-12-09,2.812208725155517,27.64873786206935,0.2551986693279113,M7_breakpoint_domain,0.10171201084059318
AM,2022-12-15,2.7513262052861633,28.29563512349037,0.25247603976416505,M7_breakpoint_domain,0.09723500438419483
AM,2022-12-20,2.7075092292970786,28.79442860168428,0.25316089349988097,M7_breakpoint_domain,0.09402892714942458
AM,2022-12-21,2.732968169941151,29.14582294778273,0.24968651429177394,M7_breakpoint_domain,0.09376877691316181
AM,2023-01-04,2.657855757894912,27.86989471318366,0.254531395300674,M7_breakpoint_domain,0.09536655180249504
AM,2023-01-21,2.65339244851969,13.516958072521655,0.3577964560383087,M7_breakpoint_domain,0.19630100458132785
AM,2023-02-10,1.7911454786725964,1.7136789230433027,0.9785505590996206,M7_breakpoint_domain,1.0452048248873376
AM,2023-02-11,1.31651182439544,1.7136789230433027,1.0127626859735765,M7_breakpoint_domain,0.7682371573185143
AM,2023-02-15,0.3261667138581263,1.7136789230433027,1.6113720417073063,M7_breakpoint_domain,0.19033128637591606
AM,2023-02-16,0.32507623413304454,1.7136789230433027,1.779742665294045,M7_breakpoint_domain,0.18969494796361583
AM,2023-02-17,0.3254513620262897,1.7136789230433027,1.9112971885111945,M7_breakpoint_domain,0.18991385005093275
AM,2023-02-18,0.32534823571819066,1.7136789230433027,2.019729908142836,M7_breakpoint_domain,0.18985367173706522
AM,2023-02-19,0.3255560688641749,1.7136789230433027,2.1050475447177353,M7_breakpoint_domain,0.18997495066696835
AM,2023-02-20,0.32637533965451926,1.7136789230433027,2.165629188013588,M7_breakpoint_domain,0.19045302784894677
AM,2023-02-21,0.32651764184446763,1.7136789230433027,2.197188468359487,M7_breakpoint_domain,0.19053606685236502
AM,2023-02-22,0.3248030816487645,1.7136789230433027,2.1973411758863834,M7_breakpoint_domain,0.18953555259461932
AM,2023-02-23,0.32592619932585404,1.7136789230433027,2.1624864796050782,M7_breakpoint_domain,0.19019093655364883
AM,2023-02-24,0.3238350790589124,1.7136789230433027,2.091587765352118,M7_breakpoint_domain,0.18897068447560608
AM,2023-02-26,0.32364119939069064,1.7136789230433027,1.9234759599829918,M7_breakpoint_domain,0.18885754795649815
AM,2023-03-01,0.3244685595969759,1.7136789230433027,1.6504740679456886,M7_breakpoint_domain,0.18934034563531651
AM,2023-03-02,0.3238165581089915,1.7136789230433027,1.5617053193867638,M7_breakpoint_domain,0.1889598767626373
AM,2023-03-03,0.322568957949686,1.7136789230433027,1.4805687193966999,M7_breakpoint_domain,0.18823185231037298
AM,2023-03-05,0.5551319832787048,1.7136789230433027,1.331406588830006,M7_breakpoint_domain,0.3239416531381808
AM,2023-03-06,0.7233926010387717,1.7136789230433027,1.2615785687083856,M7_breakpoint_domain,0.4221284345110034
AM,2023-03-07,0.8609738547142448,1.7136789230433027,1.1999350090823881,M7_breakpoint_domain,0.5024125833240985
AM,2023-03-10,1.8736514908925632,1.7136789230433027,1.0297756436683896,M7_breakpoint_domain,1.0933503736891197
AM,2023-03-16,2.171205890279167,1.7136789230433027,1.0050474225159907,M7_breakpoint_domain,1.2669852333967833
AM,2023-03-18,1.697101319472808,1.7136789230433027,0.9807890893371168,M7_breakpoint_domain,0.9903263071351459
AM,2023-03-20,1.718784192801505,1.7136789230433027,1.0213202310141376,M7_breakpoint_domain,1.0029791285225915
AM,2023-03-21,1.1334433202815812,1.7136789230433027,1.0364516732694313,M7_breakpoint_domain,0.6614093836602205
AM,2023-03-22,1.3334284187635392,1.7136789230433027,1.0343974480421225,M7_breakpoint_domain,0.7781086648340864
AM,2023-03-23,0.93414997842068,1.7136789230433027,1.0148381815158962,M7_breakpoint_domain,0.5451137700647761
AM,2023-03-24,1.15373815351539,1.7136789230433027,0.9951526656075119,M7_breakpoint_domain,0.6732522282916801
AM,2023-03-25,1.0171542849827488,1.7136789230433027,0.9783820349307984,M7_breakpoint_domain,0.5935500934891562
AM,2023-03-26,0.9717428672676796,1.7946415175971355,0.9439885357265955,M7_breakpoint_domain,0.5414690665179508
AM,2023-03-27,1.4974243316343128,1.98142491080308,0.898618423687508,M7_breakpoint_domain,0.7557310516639262
AM,2023-03-28,1.710612099254042,2.0204414511411652,0.8743119979516145,M7_breakpoint_domain,0.8466526452859454
AM,2023-04-01,2.0640791181947056,1.7136789230433027,0.97790505470464,M7_breakpoint_domain,1.2044724892391925
AM,2023-04-06,2.682335935305088,2.212465266291397,0.8514076147596666,M7_breakpoint_domain,1.2123742578799004
AM,2023-04-08,2.1565152701826245,2.560026332839227,0.7908770168791306,M7_breakpoint_domain,0.842380112469748
AM,2023-04-09,1.7475546087682687,2.6589796381050137,0.772740920695807,M7_breakpoint_domain,0.6572275258240435
AM,2023-04-11,2.7439004269598577,2.823171276606284,0.7518377394248574,M7_breakpoint_domain,0.9719213459334578
AM,2023-04-14,1.4603973659211205,3.5695386369650266,0.6841885200986634,M7_breakpoint_domain,0.4091277653637649
AM,2023-04-18,1.660740181644894,4.852968078642612,0.5835871770853726,M7_breakpoint_domain,0.34221123129855974
AM,2023-04-19,1.62278978290533,5.160755314817081,0.5700378339994967,M7_breakpoint_domain,0.31444811542336193
AM,2023-04-20,1.6887027425680772,5.7885486868426534,0.5467750702584334,M7_breakpoint_domain,0.29173162979634104
AM,2023-04-21,1.676520496419997,6.6757649322609485,0.5140620075345098,M7_breakpoint_domain,0.2511353400594039
AM,2023-04-23,1.734350423599287,9.458277585234876,0.44102146411495785,M7_breakpoint_domain,0.18336852645419774
AM,2023-04-24,2.146984887737666,11.284100850991592,0.4039335270438483,M7_breakpoint_domain,0.19026636823695164
AM,2023-04-25,2.6362352469118626,12.869146527985713,0.37566080811102204,M7_breakpoint_domain,0.2048492680675451
AM,2023-04-27,2.5054466979484924,14.811449287113962,0.3456811072209637,M7_breakpoint_domain,0.16915607982591171
AM,2023-04-28,2.7268942541379975,15.50249177554799,0.3378086595923528,M7_breakpoint_domain,0.17590038386210374
AM,2023-04-29,2.2932672536739465,15.627621312043352,0.33410989880446573,M7_breakpoint_domain,0.1467444857975059
AM,2023-04-30,1.7637223023305946,15.452280931173885,0.3379096128039752,M7_breakpoint_domain,0.11413993249193453
AM,2023-05-01,1.7821192776737238,14.957509277665176,0.3428124867075213,M7_breakpoint_domain,0.11914545694682045
AM,2023-05-02,1.942289925921996,14.44530624600337,0.34945225603730823,M7_breakpoint_domain,0.13445820343610754
AM,2023-05-06,2.7540281991385505,24.298795165460515,0.2747946062355895,M7_breakpoint_domain,0.11334011338361581
AM,2023-05-07,2.6918623884867,24.32857901111068,0.271831182832901,M7_breakpoint_domain,0.11064610009722914
AM,2023-05-17,2.61282408282285,34.05204486088466,0.23242721259891141,M7_breakpoint_domain,0.0767303136565576
AM,2023-05-26,2.7671188137671083,10.923649432680552,0.4021996347337713,M7_breakpoint_domain,0.2533145017899101
AM,2023-06-15,2.5630737907172714,29.25417587539626,0.2529457635304401,M7_breakpoint_domain,0.08761394618102716
AM,2023-06-16,2.707177340905973,28.325935009425187,0.2773747290102859,M7_breakpoint_domain,0.09557239116750021
AM,2023-06-17,2.4674757618562446,16.048380741483626,0.4394518843921384,M7_breakpoint_domain,0.15375231941488282
AM,2023-06-18,2.330190959832508,4.9985147548186095,0.6810858584200327,M7_breakpoint_domain,0.4661766692968516
AM,2023-06-19,2.068963896916693,2.567943993634569,0.8365961047035694,M7_breakpoint_domain,0.805688870958732
AM,2023-06-20,1.4192511719866736,1.9638587507254737,0.90834405101015,M7_breakpoint_domain,0.7226849545377867
AM,2023-06-21,1.8297569815180268,1.7703817267967623,0.9474080615025358,M7_breakpoint_domain,1.0335381086590263
AM,2023-06-27,0.32465770810381755,1.7136789230433027,1.7143585147711013,M7_breakpoint_domain,0.18945072133306143
AM,2023-06-29,0.3258059345356319,1.7136789230433027,1.7276899286404999,M7_breakpoint_domain,0.1901207572519109
AM,2023-07-01,0.3263611061909151,1.7136789230433027,1.6574145155342759,M7_breakpoint_domain,0.19044472205524599
AM,2023-07-02,0.32469678401774166,1.7136789230433027,1.6242113822499176,M7_breakpoint_domain,0.18947352368734066
AM,2023-07-03,0.3248700203277943,1.7136789230433027,1.5871537722912856,M7_breakpoint_domain,0.1895746139836168
AM,2023-07-04,0.3239936575829925,1.7136789230433027,1.5347272834922818,M7_breakpoint_domain,0.18906322136915582
AM,2023-07-05,0.32314141846649713,1.7136789230433027,1.4672949132282929,M7_breakpoint_domain,0.1885659058539589
AM,2023-07-07,0.92235964652142,1.7136789230433027,1.3138090778805978,M7_breakpoint_domain,0.538233641155726
AM,2023-07-08,1.055734904008676,1.7136789230433027,1.2270454307154612,M7_breakpoint_domain,0.6160634234409609
AM,2023-07-09,1.3768777297402448,1.7136789230433027,1.1268590778592176,M7_breakpoint_domain,0.8034630707221767
AM,2023-07-10,1.6649835278952618,1.7136789230433027,1.0307418456225548,M7_breakpoint_domain,0.97158429476301
AM,2023-07-11,1.922423293600981,1.825373314819071,0.9487228761205471,M7_breakpoint_domain,1.0531671948932428
AM,2023-07-12,2.0671603377367767,2.0758194737557236,0.8865748102221488,M7_breakpoint_domain,0.9958285698113815
AM,2023-07-13,2.2742538003971924,2.3420427186291772,0.8362742526679197,M7_breakpoint_domain,0.9710556439928378
AM,2023-07-14,2.2175788031293844,2.625366373353521,0.7916181503874296,M7_breakpoint_domain,0.8446740331699885
AM,2023-07-15,2.2879606852793213,2.8926275302490505,0.7525960706850175,M7_breakpoint_domain,0.790962770475441
AM,2023-07-16,2.1154005265271754,3.044073129004963,0.7262248621600007,M7_breakpoint_domain,0.6949243454012062
AM,2023-07-17,2.3902542293158504,3.1371282195435946,0.7145161030038498,M7_breakpoint_domain,0.7619243021133503
AM,2023-07-18,2.5027535009391504,3.3775258849271625,0.6982484764261119,M7_breakpoint_domain,0.7410020192911484
AM,2023-07-19,2.6277765431967635,3.839946777926373,0.6650949773447985,M7_breakpoint_domain,0.6843262928284128
AM,2023-07-22,2.463746102007593,4.846820288812518,0.5802927305684648,M7_breakpoint_domain,0.5083221483772439
AM,2023-07-23,2.392320364765077,4.847002299872344,0.5803145796949027,M7_breakpoint_domain,0.49356699600247433
AM,2023-07-24,2.5716421285686835,4.735673753099533,0.5914285547454409,M7_breakpoint_domain,0.5430361681662561
AM,2023-07-26,2.6497431833111778,4.15676445467106,0.6252370296424762,M7_breakpoint_domain,0.6374532914256412
AM,2023-07-27,2.7236653778637394,4.3947666768937514,0.6162998280832164,M7_breakpoint_domain,0.6197519864214596
AM,2023-07-29,2.6022405658876124,5.230327761505535,0.5659991077263122,M7_breakpoint_domain,0.4975291577403105
AM,2023-08-05,2.263959524815853,3.2504875938878706,0.6993968132640335,M7_breakpoint_domain,0.6964984358263484
AM,2023-08-09,2.498194248185966,2.4737383834152276,0.7969985791948802,M7_breakpoint_domain,1.009886196913424
AM,2023-08-10,2.2979528948171346,2.6051185387744904,0.78493481378135,M7_breakpoint_domain,0.8820914905078163
AM,2023-08-11,2.4464584445310043,2.905427851649853,0.7555999068065238,M7_breakpoint_domain,0.8420303547175602
AM,2023-08-13,2.6257628793682737,3.916690790721851,0.6615658268253054,M7_breakpoint_domain,0.6704034144304617
AM,2023-08-14,2.359090540467362,4.53689023383501,0.6164645696837406,M7_breakpoint_domain,0.5199796377866597
AM,2023-08-15,2.1982634195863837,5.111212433076105,0.5780540158860424,M7_breakpoint_domain,0.43008649090004514
AM,2023-08-17,2.5040175630674115,5.1136342715258065,0.5770838132411087,M7_breakpoint_domain,0.4896747460041296
AM,2023-08-18,2.5121533207478572,4.572966366849077,0.6080603028414964,M7_breakpoint_domain,0.5493487419805391
AM,2023-08-19,2.552550475469283,4.179527828222411,0.6241902918255084,M7_breakpoint_domain,0.6107269960575678
AM,2023-08-20,2.6144317702543947,4.244711530366281,0.621674401656545,M7_breakpoint_domain,0.6159268425076679
AM,2023-08-21,2.6138475553238925,4.580791643181609,0.604538726357397,M7_breakpoint_domain,0.5706104444227533
AM,2023-08-22,2.6014021026329948,5.027711373017822,0.5810001196471948,M7_breakpoint_domain,0.5174127768339922
AM,2023-08-23,2.6713441845498975,5.765923033840181,0.551052401523818,M7_breakpoint_domain,0.46329861999055283
AM,2023-08-24,2.6682191955279673,6.883188163168567,0.510825963589339,M7_breakpoint_domain,0.3876429253823703
AM,2023-08-25,2.665107905276863,8.057235839661015,0.4711411576719726,M7_breakpoint_domain,0.3307719866108561
AM,2023-08-26,2.6455185049107843,8.953313386752107,0.44285474378186407,M7_breakpoint_domain,0.29547927014654285
AM,2023-08-27,2.647790742535347,9.3946029569371845,0.4278848206645617,M7_breakpoint_domain,0.28184168662286674
AM,2023-08-28,2.677760922397149,9.842445819633854,0.4190545248062446,M7_breakpoint_domain,0.27206255147023645
AM,2023-08-29,2.7086337489133876,10.060622936456673,0.41278233209590603,M7_breakpoint_domain,0.2692312162001533
AM,2023-08-30,2.1216793396506866,10.141479259288332,0.417496951397525,M7_breakpoint_domain,0.2092080736355589
AM,2023-08-31,2.2892189353313097,8.599035789122896,0.5064312348529912,M7_breakpoint_domain,0.2662180960133916
AM,2023-09-01,1.70370018385104,4.370302585647034,0.7230339385205995,M7_breakpoint_domain,0.38983574946191124
AM,2023-09-02,1.4209979798751842,2.021569057659269,0.9894762512875958,M7_breakpoint_domain,0.7029183467620577
AM,2023-09-03,0.6368110326351082,1.7136789230433027,1.1897686421455096,M7_breakpoint_domain,0.37160463612647043
AM,2023-09-04,0.6486246981519034,1.7136789230433027,1.3219947399133114,M7_breakpoint_domain,0.3784983811319907
AM,2023-09-06,0.32476818349562886,1.7136789230433027,1.405732415254852,M7_breakpoint_domain,0.18951518813038604
AM,2023-09-08,0.7801916143107748,1.7136789230433027,1.3496570700144852,M7_breakpoint_domain,0.45527292412819165
AM,2023-09-09,0.6050629227584929,1.7136789230433027,1.3295087887047654,M7_breakpoint_domain,0.35307834777122
AM,2023-09-10,0.6427919462374715,1.7136789230433027,1.3196411654841214,M7_breakpoint_domain,0.3750947377563264
AM,2023-09-11,0.6471115284026998,1.7136789230433027,1.2892433568240809,M7_breakpoint_domain,0.37761538623203805
AM,2023-09-12,0.7900237678842914,1.7136789230433027,1.243003595856536,M7_breakpoint_domain,0.4610103778841472
AM,2023-09-13,0.8926608991973908,1.7136789230433027,1.1870446063509632,M7_breakpoint_domain,0.5209032375867263
AM,2023-09-14,1.212504569831544,1.7136789230433027,1.1190587418016193,M7_breakpoint_domain,0.7075447760530724
AM,2023-09-15,1.636420465046977,1.7136789230433027,1.05044669498629,M7_breakpoint_domain,0.9549166083812693
AM,2023-09-16,1.877633074071969,1.7136789230433027,0.9916018543555355,M7_breakpoint_domain,1.0956737862758457
AM,2023-09-17,2.076952761968597,1.78834508693783,0.9445536824286256,M7_breakpoint_domain,1.1613825414002998
AM,2023-09-18,2.2835185749223235,1.9648682905601824,0.9029849574179075,M7_breakpoint_domain,1.1621738647282531
AM,2023-09-19,2.465227282756975,2.1318738649196507,0.865792714365574,M7_breakpoint_domain,1.156366388895099
AM,2023-10-04,2.8457001125294084,4.543722720552298,0.603251430014816,M7_breakpoint_domain,0.6262926431794915
AM,2023-10-05,2.7250701743648773,4.8150210484522065,0.5876492516596286,M7_breakpoint_domain,0.5659518716415277
AM,2023-10-06,2.639475771503246,5.091307317281836,0.5721858516903633,M7_breakpoint_domain,0.5184279021114794
AM,2023-10-07,2.859533387695514,5.404664835105368,0.5569816919697316,M7_breakpoint_domain,0.529086164441086
AM,2023-10-08,2.8542973903413023,5.764954884856863,0.5408204066106387,M7_breakpoint_domain,0.4951118347584729
AM,2023-10-09,2.699624302462657,6.1791668845286285,0.5243439133171276,M7_breakpoint_domain,0.4368913079887784
AM,2023-10-10,2.6275382321660534,6.659264186984606,0.5061414411567634,M7_breakpoint_domain,0.3945688530125479
AM,2023-10-11,2.3271210564963045,6.71494292202915,0.49672419518871946,M7_breakpoint_domain,0.3465585759280118
AM,2023-10-12,2.4079077269827875,6.648101653301425,0.5044107646520096,M7_breakpoint_domain,0.36219478169185765
AM,2023-10-13,2.521273606048065,6.2295376129729965,0.5371640338236834,M7_breakpoint_domain,0.4047288519131049
AM,2023-10-14,2.3586997827399983,4.9530108497510605,0.6152397058768596,M7_breakpoint_domain,0.4762153474504396
AM,2023-10-15,2.4410704674010604,3.63290238661861,0.6920784189420305,M7_breakpoint_domain,0.6719339546232981
AM,2023-10-16,2.470384341569759,3.049627314501804,0.7330717606438037,M7_breakpoint_domain,0.8100610621574683
AM,2023-10-17,2.4381171908333026,2.8361679438937504,0.7459206666652881,M7_breakpoint_domain,0.8596519102765235
AM,2023-10-18,2.430051855536292,2.923070278404956,0.7393553913167553,M7_breakpoint_domain,0.8313354192983375
AM,2023-10-19,2.4250162634994847,3.0082804067187596,0.727480686558734,M7_breakpoint_domain,0.8061137712041072
AM,2023-10-20,2.4265924405598445,3.060478850846813,0.7205032781641647,M7_breakpoint_domain,0.7928799899690284
AM,2023-10-21,2.4992848103848786,3.1441954662156584,0.7134463702207404,M7_breakpoint_domain,0.7948884976267103
AM,2023-10-22,2.595855918192163,3.2588960164429808,0.7027575569386473,M7_breakpoint_domain,0.7965445675758281
AM,2023-10-23,2.5838335516139437,3.409078153223822,0.6896131530567915,M7_breakpoint_domain,0.7579273444260938
AM,2023-10-24,2.498965004175139,3.621403308241943,0.6724784904831181,M7_breakpoint_domain,0.6900543218944298
AM,2023-10-25,2.366582865676064,3.8623981112265207,0.6528470521894407,M7_breakpoint_domain,0.6127237010595331
AM,2023-10-26,2.5108921553974186,4.138669621517483,0.632890990446723,M7_breakpoint_domain,0.6066906482080529
AM,2023-10-27,2.5055670462350945,4.479689823558973,0.6111481105474311,M7_breakpoint_domain,0.5593170833074556
AM,2023-10-28,2.535047984724337,4.8703913700217765,0.5879531843664937,M7_breakpoint_domain,0.5205019046986776
AM,2023-10-29,2.513298106438562,5.293768719152997,0.5652308003048823,M7_breakpoint_domain,0.47476537789521905
AM,2023-10-30,2.5596548546750486,5.70629922465024,0.544540301209801,M7_breakpoint_domain,0.44856653216112047
AM,2023-10-31,2.5303141884158395,6.157262661270196,0.526499336780157,M7_breakpoint_domain,0.4109479045504703
AM,2023-11-01,2.5826521868308774,6.751474726281386,0.5054497837944316,M7_breakpoint_domain,0.3825315640710936
AM,2023-11-02,2.607120019432483,7.198924927749746,0.4855012851353906,M7_breakpoint_domain,0.36215407794888915
AM,2023-11-03,2.4972901503290372,7.219309965914971,0.4799019143464283,M7_breakpoint_domain,0.34591812266264593
AM,2023-11-04,2.559386345843215,7.447633287679577,0.4773874122028498,M7_breakpoint_domain,0.34365096225631037
AM,2023-11-05,2.561145209603988,7.861864957078688,0.4660118646210353,M7_breakpoint_domain,0.32576815088867395
AM,2023-11-06,2.58077933697193,8.354582549088802,0.45428807003605015,M7_breakpoint_domain,0.3089058396165353
AM,2023-11-07,2.571182489962282,8.970884670452962,0.4400294524619959,M7_breakpoint_domain,0.28661415060109746
AM,2023-11-08,2.5720878248653203,9.67722348171255,0.42514210412239556,M7_breakpoint_domain,0.26578778817352944
AM,2023-11-09,2.613180886300768,10.63921233128205,0.4085482794301266,M7_breakpoint_domain,0.24561789020953526
AM,2023-11-10,2.5814128920105612,11.956761359980712,0.38846447043537813,M7_breakpoint_domain,0.21589566056328194
AM,2023-11-11,2.553916630259096,13.29264797258134,0.36783661057338574,M7_breakpoint_domain,0.19213001318676637
AM,2023-11-12,2.611026636502367,13.997229530479386,0.354763856780986,M7_breakpoint_domain,0.18653881690064297
AM,2023-11-13,2.6133339701246556,14.723713838983336,0.3475485518869732,M7_breakpoint_domain,0.17749149424552418
AM,2023-11-14,2.5723689189962804,16.02706129797439,0.3364787907065356,M7_breakpoint_domain,0.16050159609244108
AM,2023-11-15,2.562467452078316,16.60773537412823,0.32564544926868805,M7_breakpoint_domain,0.15429361043831208
AM,2023-12-01,2.7533919177607533,13.547825972701618,0.358489780241562,M7_breakpoint_domain,0.20323496355125456
AM,2023-12-02,2.4389583548467653,13.060967103185853,0.371730032823806,M7_breakpoint_domain,0.1867364289013369
AM,2023-12-03,2.48034129098421,11.388189700247796,0.4267369198221132,M7_breakpoint_domain,0.21779943575494184
AM,2023-12-04,2.529017118841822,6.96986954295363,0.5785485548127518,M7_breakpoint_domain,0.362849993569621
AM,2023-12-05,2.480901131139637,3.4543517570473545,0.7609497273320468,M7_breakpoint_domain,0.7181958600707806
AM,2023-12-06,2.3382772775613048,2.2239012777935447,0.8732411229806643,M7_breakpoint_domain,1.0514303404156675
AM,2023-12-07,2.2781312020297775,1.876419338229508,0.9135515046686079,M7_breakpoint_domain,1.2140842697663221
AM,2023-12-08,2.2298997589495935,1.871770218739358,0.9118466537160376,M7_breakpoint_domain,1.1913320003838062
AM,2023-12-09,2.310462074586983,1.959892210646197,0.8939722774085781,M7_breakpoint_domain,1.1788720124690937
AM,2023-12-10,2.0398066570168507,2.0130263963148844,0.8784107106606623,M7_breakpoint_domain,1.0133034821356497
AM,2023-12-11,2.4262145566972477,2.013107381308392,0.8831325672227528,M7_breakpoint_domain,1.2052087132681228
AM,2023-12-12,2.313116461124246,1.8927722441685344,0.9313305955053905,M7_breakpoint_domain,1.2220786036200368
AM,2023-12-13,2.046697305286614,1.7136789230433027,0.9965939346727939,M7_breakpoint_domain,1.1943295081507497
AM,2023-12-15,1.8299137713628928,1.7136789230433027,1.0621072566192562,M7_breakpoint_domain,1.0678276699074818
AM,2023-12-16,1.83621341116078,1.7136789230433027,1.0798849830040318,M7_breakpoint_domain,1.071503760984508
AM,2023-12-17,1.0865912281860786,1.7136789230433027,1.1348417165313014,M7_breakpoint_domain,0.6340693192727221
AM,2023-12-19,0.32546150618471154,1.7136789230433027,1.659967642514035,M7_breakpoint_domain,0.1899197695719617
AM,2023-12-21,0.3242098254250489,1.7136789230433027,2.081503052723187,M7_breakpoint_domain,0.18918936392663824
AM,2023-12-25,0.32091233630503724,1.7136789230433027,2.2451369825562306,M7_breakpoint_domain,0.18726514750798984
AM,2023-12-27,0.32537460644020855,1.7136789230433027,2.2345056246656485,M7_breakpoint_domain,0.18986906010513308
AM,2023-12-28,0.3251062778594117,1.7136789230433027,2.2216380864870655,M7_breakpoint_domain,0.18971247967621566
AM,2023-12-29,0.32225839751772317,1.7136789230433027,2.1993638682427035,M7_breakpoint_domain,0.18805062791192423
AM,2023-12-30,0.3255577727030738,1.7136789230433027,2.16892384455563,M7_breakpoint_domain,0.1899759449249218
AM,2023-12-31,0.326996453663327,1.7136789230433027,2.1336246957279297,M7_breakpoint_domain,0.19081547264560958
AM,2024-01-01,0.3272504289878616,1.7136789230433027,2.0987590858486134,M7_breakpoint_domain,0.1909636773770324
AM,2024-01-03,0.3202362227022886,1.7136789230433027,2.027376343955321,M7_breakpoint_domain,0.18687060825465762
AM,2024-01-04,0.32246862601370396,1.7136789230433027,1.9897901975494388,M7_breakpoint_domain,0.18817330462408655
AM,2024-01-05,0.32398935858902905,1.7136789230433027,1.9539276794122298,M7_breakpoint_domain,0.189060712734717
AM,2024-01-07,0.3247464180296614,1.7136789230433027,1.9333724039384816,M7_breakpoint_domain,0.18950248711289977
AM,2024-01-10,0.3254820281598473,1.7136789230433027,2.009086592110378,M7_breakpoint_domain,0.18993174496295226
AM,2024-01-11,0.32362556890878036,1.7136789230433027,2.067192443043324,M7_breakpoint_domain,0.18884842694689705
AM,2024-01-13,0.32648527533945004,1.7136789230433027,2.1914091839587497,M7_breakpoint_domain,0.19051717970578094
AM,2024-01-16,0.3254718804465182,1.7136789230433027,2.2903318794229692,M7_breakpoint_domain,0.18992582336749314
AM,2024-01-18,0.3259991498929722,1.7136789230433027,2.338853736119962,M7_breakpoint_domain,0.19023350611912412
AM,2024-01-20,0.32593807796253454,1.7136789230433027,2.3476749158659342,M7_breakpoint_domain,0.1901978682119197
AM,2024-01-21,0.32564243946912175,1.7136789230433027,2.3200164890351713,M7_breakpoint_domain,0.19002535135976176
AM,2024-01-22,0.3242370547658048,1.7136789230433027,2.2797965492485606,M7_breakpoint_domain,0.18920525333298488
AM,2024-01-23,0.3226418426962628,1.7136789230433027,2.233848020040686,M7_breakpoint_domain,0.18827438346693723
AM,2024-01-24,0.32418478661220584,1.7136789230433027,2.185169899609163,M7_breakpoint_domain,0.18917475278069582
AM,2024-01-26,0.3255142045305181,1.7136789230433027,2.103672315211008,M7_breakpoint_domain,0.1899505211585617
AM,2024-01-27,0.3255434434792798,1.7136789230433027,2.0696849499722436,M7_breakpoint_domain,0.18996758325133098
AM,2024-01-29,0.32238379911899606,1.7136789230433027,1.9991748508189093,M7_breakpoint_domain,0.18812380474778692
AM,2024-01-30,0.32272332557279154,1.7136789230433027,1.955033839175716,M7_breakpoint_domain,0.18832193197525643
AM,2024-01-31,0.3243421795357715,1.7136789230433027,1.906327244052734,M7_breakpoint_domain,0.18926659782905886
AM,2024-02-01,0.3241716849482761,1.7136789230433027,1.855720534918194,M7_breakpoint_domain,0.18916710743724577
AM,2024-02-02,0.32324762807666446,1.7136789230433027,1.8048549556358606,M7_breakpoint_domain,0.18862788339755776
AM,2024-02-03,0.3224674272649517,1.7136789230433027,1.7555664620954612,M7_breakpoint_domain,0.18817260510637868
AM,2024-02-04,0.32335880909568193,1.7136789230433027,1.7090180902025165,M7_breakpoint_domain,0.18869276195650042
AM,2024-02-05,0.32370286910282225,1.7136789230433027,1.6669337791384127,M7_breakpoint_domain,0.18889353469316297
AM,2024-02-06,0.32395133048082075,1.7136789230433027,1.6390711696781306,M7_breakpoint_domain,0.18903852181686362
AM,2024-02-08,0.32269752683836206,1.7136789230433027,1.6094657856648347,M7_breakpoint_domain,0.1883068773847596
AM,2024-02-09,0.32485594529748096,1.7136789230433027,1.602268504295604,M7_breakpoint_domain,0.1895664006420602
AM,2024-02-10,0.32373360673966056,1.7136789230433027,1.6011234042162847,M7_breakpoint_domain,0.18891147133019864
AM,2024-02-11,0.3232607070557076,1.7136789230433027,1.6023404223260944,M7_breakpoint_domain,0.18863551550347168
AM,2024-02-12,0.3240548178566122,1.7136789230433027,1.6039993690581107,M7_breakpoint_domain,0.18909891082813052
AM,2024-02-13,0.3240149880385521,1.7136789230433027,1.5998313624906841,M7_breakpoint_domain,0.18907566854071917
AM,2024-02-15,0.3255201807453135,1.7136789230433027,1.5842078148944345,M7_breakpoint_domain,0.1899540085182503
AM,2024-02-16,0.3257073755931513,1.7136789230433027,1.5717561662189443,M7_breakpoint_domain,0.19006324417804668
AM,2024-02-17,0.3248683353819071,1.7136789230433027,1.5675029464690449,M7_breakpoint_domain,0.18957363075048925
AM,2024-02-18,0.32454172772686907,1.7136789230433027,1.5761676240396432,M7_breakpoint_domain,0.18938304215734833
AM,2024-02-19,0.3253760923387813,1.7136789230433027,1.5992698977542663,M7_breakpoint_domain,0.18986992718621387
AM,2024-02-20,0.32432255719870845,1.7136789230433027,1.6382576451393056,M7_breakpoint_domain,0.1892551474127649
AM,2024-02-21,0.32513190226108707,1.7136789230433027,1.6842990980994608,M7_breakpoint_domain,0.18972743253659738
AM,2024-02-22,0.3246289518807113,1.7136789230433027,1.7321261873135472,M7_breakpoint_domain,0.18943394092996513
AM,2024-02-23,0.32613292112467174,1.7136789230433027,1.7758720199419737,M7_breakpoint_domain,0.1903115669681553
AM,2024-02-24,0.32187367114905585,1.7136789230433027,1.7969952446372408,M7_breakpoint_domain,0.18782612473137272
AM,2024-02-25,0.32340281141185295,1.7136789230433027,1.78789822630618,M7_breakpoint_domain,0.18871843906297547
AM,2024-02-26,0.3225972922675598,1.7136789230433027,1.765464375236725,M7_breakpoint_domain,0.18824838651493883
AM,2024-02-27,0.32364264086900896,1.7136789230433027,1.7412280266919042,M7_breakpoint_domain,0.18885838911658884
AM,2024-02-28,0.3233197784435388,1.7136789230433027,1.7043623730273754,M7_breakpoint_domain,0.18866998601427562
AM,2024-02-29,0.32427725480886993,1.7136789230433027,1.6419829494791691,M7_breakpoint_domain,0.1892287116614527
AM,2024-03-01,0.3238824569425346,1.7136789230433027,1.5620813023446456,M7_breakpoint_domain,0.1889983313603201
AM,2024-03-02,0.32588982506484954,1.7136789230433027,1.4819897511369995,M7_breakpoint_domain,0.19016971072160097
AM,2024-03-04,1.397565953663586,1.7136789230433027,1.366948606688731,M7_breakpoint_domain,0.8155354745109806
AM,2024-03-05,1.19963043799875,1.7136789230433027,1.3474150097695732,M7_breakpoint_domain,0.7000322066565071
AM,2024-03-06,1.4597135810434254,1.7136789230433027,1.343704539656364,M7_breakpoint_domain,0.8518010937843227
AM,2024-03-07,1.4520038127942767,1.7136789230433027,1.359761537359621,M7_breakpoint_domain,0.8473021365143943
AM,2024-03-09,0.32590340003523055,1.7136789230433027,1.3991808955555822,M7_breakpoint_domain,0.19017763225824266
AM,2024-03-10,0.32605660408566994,1.7136789230433027,1.4415370121354543,M7_breakpoint_domain,0.19026703293206745
AM,2024-03-11,0.32359682224375425,1.7136789230433027,1.5383618579249447,M7_breakpoint_domain,0.18883165212132175
AM,2024-03-12,0.32477545099542393,1.7136789230433027,1.6451016600220543,M7_breakpoint_domain,0.18951942900637359
AM,2024-03-13,0.3245284060153751,1.7136789230433027,1.7394740277442018,M7_breakpoint_domain,0.18937526840736818
AM,2024-03-14,0.32581012225488554,1.7136789230433027,1.8223009242931,M7_breakpoint_domain,0.1901232009531185
AM,2024-03-15,0.32544018051369855,1.7136789230433027,1.886388985243827,M7_breakpoint_domain,0.18990732519237213
AM,2024-03-16,0.32628876338498997,1.7136789230433027,1.9332379879629276,M7_breakpoint_domain,0.1904025071426668
AM,2024-03-17,0.32527129639395874,1.7136789230433027,1.9649407308579263,M7_breakpoint_domain,0.18980877457272638
AM,2024-03-19,0.32535464956392607,1.7136789230433027,1.987563304129509,M7_breakpoint_domain,0.1898574144718618
AM,2024-03-20,0.3263977077786785,1.7136789230433027,1.9843603803402978,M7_breakpoint_domain,0.1904660805415244
AM,2024-03-23,0.326139539510412,1.7136789230433027,1.9398397112571988,M7_breakpoint_domain,0.19031542906020257
AM,2024-03-24,0.32525630586830073,1.7136789230433027,1.9498984113842548,M7_breakpoint_domain,0.18980002700312248
AM,2024-03-25,0.3261634128287837,1.7136789230433027,1.9697678704017096,M7_breakpoint_domain,0.19032936009363635
AM,2024-03-28,0.3270199074646041,1.7136789230433027,2.033386577317573,M7_breakpoint_domain,0.19082915887408664
AM,2024-03-29,0.32428921091105406,1.7136789230433027,2.0844888835574236,M7_breakpoint_domain,0.18923568852393458
AM,2024-03-30,0.32690617269306294,1.7136789230433027,2.1581326718489215,M7_breakpoint_domain,0.1907627900986925
AM,2024-04-01,0.3243966120410856,1.7136789230433027,2.301885526792617,M7_breakpoint_domain,0.1892983613668968
AM,2024-04-02,0.32715119800869213,1.7136789230433027,2.3687579725346914,M7_breakpoint_domain,0.19090577214295668
AM,2024-04-03,0.3262327785163751,1.7136789230433027,2.4403591210566002,M7_breakpoint_domain,0.1903698377389284
AM,2024-04-05,0.32195912023375833,1.7136789230433027,2.5691634933663052,M7_breakpoint_domain,0.1878759876803496
AM,2024-04-06,0.32416006630881866,1.7136789230433027,2.6039903270725993,M7_breakpoint_domain,0.18916032749772432
AM,2024-04-07,0.32291896772821127,1.7136789230433027,2.6050012907512388,M7_breakpoint_domain,0.18843609697593944
AM,2024-04-08,0.32253362465465973,1.7136789230433027,2.570502801227172,M7_breakpoint_domain,0.18821123392349132
AM,2024-04-09,0.32165315821650486,1.7136789230433027,2.51743422570099,M7_breakpoint_domain,0.18769744664028704
AM,2024-04-10,0.32435074739469616,1.7136789230433027,2.4747710061494095,M7_breakpoint_domain,0.18927159751646205
AM,2024-04-12,0.3261717926217244,1.7136789230433027,2.657891103787489,M7_breakpoint_domain,0.19033425003703708
AM,2024-04-17,0.3207875495706356,1.7136789230433027,3.7542435193124652,M7_breakpoint_domain,0.18719232947146988
AM,2024-04-25,0.3196216783875342,1.7136789230433027,3.798575397000473,M7_breakpoint_domain,0.18651199713650077
AM,2024-04-26,0.3212752118586215,1.7136789230433027,3.654388259977378,M7_breakpoint_domain,0.18747689986644206
AM,2024-04-28,0.32224730418203906,1.7136789230433027,3.3420754194717457,M7_breakpoint_domain,0.18804415450810574
AM,2024-04-30,0.32235663618807336,1.7136789230433027,3.0039794586113633,M7_breakpoint_domain,0.18810795409422665
AM,2024-05-01,0.32265271008063795,1.7136789230433027,2.8476548265313792,M7_breakpoint_domain,0.1882807250191551
AM,2024-05-02,0.32226830110240123,1.7136789230433027,2.6989973432346965,M7_breakpoint_domain,0.18805640704857865
AM,2024-05-03,0.3254618053116187,1.7136789230433027,2.5577619348871856,M7_breakpoint_domain,0.18991994412444244
AM,2024-05-04,0.3242281045134718,1.7136789230433027,2.4356887268723306,M7_breakpoint_domain,0.18920003050377654
AM,2024-05-05,0.322795580119986,1.7136789230433027,2.3294737475493354,M7_breakpoint_domain,0.18836409538534618
AM,2024-05-06,0.32378031531148876,1.7136789230433027,2.22961950188549,M7_breakpoint_domain,0.188938727644786
AM,2024-05-07,0.32252737538800075,1.7136789230433027,2.141040454926787,M7_breakpoint_domain,0.18820758722714992
AM,2024-05-08,0.3246458797644518,1.7136789230433027,2.072988801707668,M7_breakpoint_domain,0.1894438190252798
AM,2024-05-10,0.32327116425065106,1.7136789230433027,1.9782030651478633,M7_breakpoint_domain,0.18864161769379617
AM,2024-05-11,0.323880917764734,1.7136789230433027,1.9426228444937694,M7_breakpoint_domain,0.18899743318868484
AM,2024-05-12,0.3236034678788994,1.7136789230433027,1.912618945767993,M7_breakpoint_domain,0.1888355301144836
AM,2024-05-13,0.3239401644667477,1.7136789230433027,1.8923765460344957,M7_breakpoint_domain,0.1890320060023065
AM,2024-05-14,0.3227474507580137,1.7136789230433027,1.9040847963729743,M7_breakpoint_domain,0.18833600998304292
AM,2024-05-15,0.32300081546973675,1.7136789230433027,1.9664433405054171,M7_breakpoint_domain,0.1884838583975365
AM,2024-05-16,0.32357552315714877,1.7136789230433027,2.070045881164368,M7_breakpoint_domain,0.18881922325479425
AM,2024-05-17,0.32436268253572237,1.7136789230433027,2.187117353313962,M7_breakpoint_domain,0.18927856214727226
AM,2024-05-18,0.3244434749646772,1.7136789230433027,2.3087990320225122,M7_breakpoint_domain,0.18932570775189422
AM,2024-05-19,0.324730693637187,1.7136789230433027,2.437031364022391,M7_breakpoint_domain,0.18949331130273894
AM,2024-05-20,0.32380630681111566,1.7136789230433027,2.568759304948539,M7_breakpoint_domain,0.1889538947214638
AM,2024-05-21,0.3238985873212754,1.7136789230433027,2.6912112977738216,M7_breakpoint_domain,0.1890077440796597
AM,2024-05-22,0.3238590833617656,1.7136789230433027,2.812508199096624,M7_breakpoint_domain,0.18898469194370904
AM,2024-05-23,0.3223847301155065,1.7136789230433027,2.9505848246473536,M7_breakpoint_domain,0.18812434802138264
AM,2024-05-24,0.3231548216145973,1.7136789230433027,3.0907726858552773,M7_breakpoint_domain,0.1885737271254468
AM,2024-05-25,0.32279814059221074,1.7136789230433027,3.2074188427924093,M7_breakpoint_domain,0.18836558952301125
AM,2024-05-26,0.32174010690555005,1.7136789230433027,3.2834020812560607,M7_breakpoint_domain,0.18774818466820814
AM,2024-05-27,0.32270849696677895,1.7136789230433027,3.3083787499109225,M7_breakpoint_domain,0.18831327889222366
AM,2024-05-28,0.3217165209794923,1.7136789230433027,3.283707011210347,M7_breakpoint_domain,0.18773442133965193
AM,2024-05-29,0.3222934392694996,1.7136789230433027,3.2199238681123887,M7_breakpoint_domain,0.18807107617169172
AM,2024-05-30,0.3224128908904703,1.7136789230433027,3.128293801828652,M7_breakpoint_domain,0.18814078095673895
AM,2024-05-31,0.32205739718671506,1.7136789230433027,3.0265895243195415,M7_breakpoint_domain,0.1879333362020798
AM,2024-06-02,0.32286048689280583,1.7136789230433027,2.8681594150071543,M7_breakpoint_domain,0.18840197107602957
AM,2024-06-03,0.32361585354930017,1.7136789230433027,2.8073601528033167,M7_breakpoint_domain,0.18884275764715278
AM,2024-06-04,0.3251863246517123,1.7136789230433027,2.737168046639045,M7_breakpoint_domain,0.18975919017211093
AM,2024-06-05,0.3228608513359596,1.7136789230433027,2.6514257276959894,M7_breakpoint_domain,0.18840218374314527
AM,2024-06-06,0.3236307760939864,1.7136789230433027,2.5529582411316953,M7_breakpoint_domain,0.18885146554714824
AM,2024-06-07,0.3235696187822474,1.7136789230433027,2.450772541178746,M7_breakpoint_domain,0.1888157778165491
AM,2024-06-08,0.3229634357226531,1.7136789230433027,2.351419895530167,M7_breakpoint_domain,0.18846204582425866
AM,2024-06-09,0.32316047337205916,1.7136789230433027,2.248586120186752,M7_breakpoint_domain,0.1885770251513406
AM,2024-06-10,0.3262809714638906,1.7136789230433027,2.134735469009162,M7_breakpoint_domain,0.19039796024593217
AM,2024-06-12,0.3234573529816277,1.7136789230433027,1.8897009021278077,M7_breakpoint_domain,0.1887502662442761
AM,2024-06-13,0.3261292351408182,1.7136789230433027,1.7653734400193344,M7_breakpoint_domain,0.1903094160495649
AM,2024-06-14,0.32572532210000454,1.7136789230433027,1.644096857499637,M7_breakpoint_domain,0.19007371668057438
AM,2024-06-15,0.3265096664067769,1.7136789230433027,1.525895219660977,M7_breakpoint_domain,0.19053141286637998
AM,2024-06-17,1.2555654027607246,1.7136789230433027,1.3286645891414428,M7_breakpoint_domain,0.7326724895063659
AM,2024-06-18,1.4854047261965322,1.7136789230433027,1.2481083045140418,M7_breakpoint_domain,0.8667929016473045
AM,2024-06-19,1.5594230523870227,1.7136789230433027,1.1769439828497534,M7_breakpoint_domain,0.909985547127849
AM,2024-06-20,1.6786822650474191,1.7136789230433027,1.1083196980995158,M7_breakpoint_domain,0.9795780542519987
AM,2024-06-21,1.741816980937278,1.7136789230433027,1.0450910672407832,M7_breakpoint_domain,1.016419679039995
AM,2024-06-22,1.7841746452536045,1.7136789230433027,0.9917822085472444,M7_breakpoint_domain,1.0411370655624972
AM,2024-06-23,1.8978196083796857,1.7927812859845864,0.9442708128905205,M7_breakpoint_domain,1.0585895910539989
AM,2024-06-24,1.9741974373494011,1.9798929219856092,0.9015210905641581,M7_breakpoint_domain,0.997123337038603
AM,2024-06-25,1.613235069255004,2.2159290811981367,0.8575648419105238,M7_breakpoint_domain,0.7280174636197019
AM,2024-06-26,2.0920088942160664,2.4705882210120387,0.8130032047628076,M7_breakpoint_domain,0.8467655096967583
AM,2024-06-27,2.1224544306309183,2.665724658736882,0.7784652859337619,M7_breakpoint_domain,0.7962016720949023
AM,2024-06-28,2.1439220055210124,2.867009652751445,0.7531361580609978,M7_breakpoint_domain,0.747790299018878
AM,2024-06-29,2.197557334325855,3.1028330223572067,0.7251948146610022,M7_breakpoint_domain,0.7082422155789685
AM,2024-06-30,2.1788756358360204,3.250479806681541,0.7039984707656877,M7_breakpoint_domain,0.6703243106932155
AM,2024-07-04,2.0513835498924733,3.0844787909886047,0.7458365955814936,M7_breakpoint_domain,0.665066511686075
AM,2024-07-05,1.9938213060121712,2.5264849101574307,0.8315135812428294,M7_breakpoint_domain,0.7891681038727961
AM,2024-07-06,1.865917224555624,1.9819540569644696,0.9211581995444335,M7_breakpoint_domain,0.9414533187582734
AM,2024-07-07,1.823682881896212,1.7136789230433027,0.9726776270855143,M7_breakpoint_domain,1.0641916973907544
AM,2024-07-08,1.853254802679404,1.7136789230433027,0.9749428788678279,M7_breakpoint_domain,1.081448092614823
AM,2024-07-09,1.823198921204911,1.7136789230433027,0.9624668073241652,M7_breakpoint_domain,1.0639092870250821
AM,2024-07-10,1.892687506251849,1.7136789230433027,0.9625372949473535,M7_breakpoint_domain,1.1044586478840779
AM,2024-07-11,1.910441179754038,1.7136789230433027,0.9704853742427595,M7_breakpoint_domain,1.114818624460472
AM,2024-07-12,1.8387288064611755,1.7136789230433027,0.9907786730503454,M7_breakpoint_domain,1.072971594466365
AM,2024-07-13,1.734670737136841,1.7136789230433027,1.028824369902421,M7_breakpoint_domain,1.0122495607615103
AM,2024-07-14,1.657628078136124,1.7136789230433027,1.0749698543756723,M7_breakpoint_domain,0.9672920964636487
AM,2024-07-15,1.6717335238424034,1.7136789230433027,1.1074673527829044,M7_breakpoint_domain,0.9755231866151397
AM,2024-07-16,1.625049339849811,1.7136789230433027,1.111112874155735,M7_breakpoint_domain,0.9482811033025396
AM,2024-07-17,1.7208100665697357,1.7136789230433027,1.0795768121738873,M7_breakpoint_domain,1.0041613066663437
AM,2024-07-18,1.7958370780957804,1.7136789230433027,1.018766896700635,M7_breakpoint_domain,1.04794256027061
AM,2024-07-19,1.9188910751654429,1.7509256048237072,0.9546696745503647,M7_breakpoint_domain,1.0959295300034448
AM,2024-07-23,1.9985887472530963,1.856467547900105,0.9136925852514907,M7_breakpoint_domain,1.0765546370652954
AM,2024-07-24,1.9651024134084225,2.0987467529306048,0.8786518454305243,M7_breakpoint_domain,0.936321836193163
GB,2022-05-24,7.928691403630925,5.711491684372891,0.5378940929103845,M7_breakpoint_domain,1.3881997631764873
GB,2022-05-25,7.947176614159375,5.711491684372891,0.5337509860561239,M7_breakpoint_domain,1.3914362575198176
GB,2022-05-26,7.950413016140641,5.7679409563201816,0.5287518365287117,M7_breakpoint_domain,1.3783797504773398
GB,2022-05-27,7.91315857382586,5.844382262826323,0.5257792900678927,M7_breakpoint_domain,1.353976899176866
GB,2022-05-28,7.9118559161554,5.960421984315363,0.5220281787413363,M7_breakpoint_domain,1.3273986199257646
GB,2022-05-29,7.907063331633426,6.082013335860754,0.517388629828796,M7_breakpoint_domain,1.3000733301605598
GB,2022-05-30,7.895864580155727,6.2051258810914325,0.512841544074592,M7_breakpoint_domain,1.27247452049545
GB,2022-07-01,8.952355683371064,7.43200294707183,0.4725656646164016,M7_breakpoint_domain,1.2045683710201225
GB,2022-07-02,8.978129190389977,7.386604084287252,0.4732880284762568,M7_breakpoint_domain,1.2154610004735746
GB,2022-07-03,8.952248304176077,7.374887265534808,0.47405923491320967,M7_breakpoint_domain,1.2138827322842993
GB,2022-07-04,8.823394291757387,7.323118898749149,0.4759824440786277,M7_breakpoint_domain,1.2048683646614693
GB,2022-07-05,8.772135689079898,7.239369780962843,0.47908988620707177,M7_breakpoint_domain,1.211726428472783
GB,2022-07-06,8.4909259258675,7.086105563531442,0.48567879654237806,M7_breakpoint_domain,1.1982499907376416
GB,2022-07-07,8.061649567316037,6.805437836146526,0.4943573232985006,M7_breakpoint_domain,1.1845894065033178
GB,2022-07-08,7.98565428669878,6.587234258803461,0.4980399434464034,M7_breakpoint_domain,1.2122924391259366
GB,2022-07-09,8.12742982867003,6.694588228066114,0.49581796334706996,M7_breakpoint_domain,1.2140298330219819
GB,2022-07-10,8.31146078183325,6.749604898368131,0.49281224100375776,M7_breakpoint_domain,1.2313996014555955
GB,2022-07-11,8.17274929199569,6.748115391925928,0.4934157730607556,M7_breakpoint_domain,1.2111158178732875
GB,2022-07-12,7.891713830690301,6.645325448447976,0.49901911782301006,M7_breakpoint_domain,1.1875586669022238
GB,2022-07-13,7.920466949341939,6.427360965800524,0.505965809458636,M7_breakpoint_domain,1.2323046723976003
GB,2022-07-14,7.922670942170717,6.262479132869477,0.5100196774173992,M7_breakpoint_domain,1.2651013718492883
GB,2022-07-15,7.881712518987682,6.1935325961347765,0.5116048124742577,M7_breakpoint_domain,1.2725714116539009
GB,2022-07-16,7.912328986174559,6.177581954581263,0.5118797548414126,M7_breakpoint_domain,1.2808132768367106
GB,2022-07-17,7.910565527495593,6.2047187429890025,0.5112270514790044,M7_breakpoint_domain,1.2749273343669454
GB,2022-07-18,7.916392583753397,6.252697343762067,0.5098721480933421,M7_breakpoint_domain,1.2660764064729755
GB,2022-07-19,7.920877358406832,6.292353609951578,0.5081490974306229,M7_breakpoint_domain,1.2588099540177917
GB,2022-07-20,7.932300652004519,6.293092884451168,0.5078098141759191,M7_breakpoint_domain,1.2604772879808384
GB,2022-07-21,7.900353808581877,6.2678114324313166,0.5094129982855048,M7_breakpoint_domain,1.2604645008468751
GB,2022-07-22,7.903043819757613,6.216364752888878,0.5107326594015164,M7_breakpoint_domain,1.2713288447375775
GB,2022-07-23,7.897159346603926,6.192449990655331,0.5121222607040449,M7_breakpoint_domain,1.2752883525133145
GB,2022-07-24,7.898337229920949,6.11459990144991,0.5173661585334396,M7_breakpoint_domain,1.2917177505020523
GB,2022-07-25,7.887823913748035,5.899777665588324,0.5277030102306247,M7_breakpoint_domain,1.3369696895114205
GB,2022-07-26,7.9196336056369425,5.711491684372891,0.5426222772206193,M7_breakpoint_domain,1.386613873098285
GB,2022-07-27,7.888249499796158,5.711491684372891,0.5696640410918796,M7_breakpoint_domain,1.3811189678134443
GB,2022-07-29,6.5603701750455,5.711491684372891,0.6201186399400316,M7_breakpoint_domain,1.1486264075276884
GB,2022-07-31,7.8927332209615715,5.711491684372891,0.5926403334180579,M7_breakpoint_domain,1.3819040028643892
GB,2022-08-01,7.903622710334347,5.711491684372891,0.5802953069478357,M7_breakpoint_domain,1.3838105957431936
GB,2022-08-02,7.884888725951637,5.711491684372891,0.5694561160824296,M7_breakpoint_domain,1.3805305446780807
GB,2022-08-03,7.910630480448781,5.711491684372891,0.5579716775254872,M7_breakpoint_domain,1.3850375554415868
GB,2022-08-04,7.875039134750439,5.711491684372891,0.5483513615378363,M7_breakpoint_domain,1.3788060230039711
GB,2022-08-05,7.905062967776488,5.711491684372891,0.5424648022314081,M7_breakpoint_domain,1.3840627640946037
GB,2022-08-06,7.86388851924059,5.711491684372891,0.5399334391060967,M7_breakpoint_domain,1.3768537106964251
GB,2022-08-07,7.890314272937309,5.711491684372891,0.5394410807824378,M7_breakpoint_domain,1.3814804798763614
GB,2022-08-08,7.918644121884069,5.711491684372891,0.5373574462938046,M7_breakpoint_domain,1.3864406287327926
GB,2022-08-09,7.902828490284535,5.711491684372891,0.5344514895847384,M7_breakpoint_domain,1.3836715392420724
GB,2022-08-10,7.900318257571024,5.711491684372891,0.5336855729795484,M7_breakpoint_domain,1.3832320336186326
GB,2022-08-11,7.890510593522627,5.711491684372891,0.533001354788061,M7_breakpoint_domain,1.3815148527856058
GB,2022-08-12,7.930553525965252,5.774346965492172,0.5298022276865852,M7_breakpoint_domain,1.373411326572285
GB,2022-08-13,7.91195896012551,5.915131175555335,0.5239128349203489,M7_breakpoint_domain,1.337579628465755
GB,2022-08-14,7.890874044375976,5.921262948620701,0.5214459952008036,M7_breakpoint_domain,1.3326336142890052
GB,2022-08-15,7.881102744309095,5.9053014646789395,0.522669761936244,M7_breakpoint_domain,1.334580934004455
GB,2022-08-16,7.909610261066207,6.001670691767667,0.5204273977065764,M7_breakpoint_domain,1.317901409005264
GB,2022-08-17,7.922950377408075,6.0881528615071385,0.5161650880730058,M7_breakpoint_domain,1.30137178839605
GB,2022-08-18,7.889944253568851,6.103092101015735,0.514541807132141,M7_breakpoint_domain,1.2927781726013494
GB,2022-08-19,7.919387581210091,6.099875045682775,0.5147658153946612,M7_breakpoint_domain,1.2982868537307315
GB,2022-08-20,7.923540402516865,6.084871514582781,0.5158762135940388,M7_breakpoint_domain,1.302170536144863
GB,2022-08-21,7.907557518810989,6.033244036689788,0.5189916060050628,M7_breakpoint_domain,1.3106642911712163
GB,2022-08-22,7.898722040767194,5.933167012198892,0.5215014791967263,M7_breakpoint_domain,1.3312826058203018
GB,2022-08-23,7.908407794247675,6.004128675284915,0.5198089676016863,M7_breakpoint_domain,1.3171616102768477
GB,2022-08-24,7.916007646987927,6.08410085979681,0.5163612035143208,M7_breakpoint_domain,1.3010973732036877
GB,2022-08-25,7.845669532014247,6.081504588912324,0.5180864854779963,M7_breakpoint_domain,1.290086921305348
GB,2022-08-26,7.906634563072418,5.805692239787471,0.5423424585641005,M7_breakpoint_domain,1.3618762821919503
GB,2022-08-28,7.15537969923,5.711491684372891,0.63415618403614,M7_breakpoint_domain,1.2528040124452433
GB,2022-08-29,6.815781913973685,5.711491684372891,0.6802319378660924,M7_breakpoint_domain,1.1933453273900796
GB,2022-08-30,6.383785945019059,5.711491684372891,0.7428481739518094,M7_breakpoint_domain,1.1177090500692874
GB,2022-08-31,5.844460199528797,5.711491684372891,0.8146217398522362,M7_breakpoint_domain,1.0232808734572298
GB,2022-09-01,6.022847146843616,5.711491684372891,0.8652842145044368,M7_breakpoint_domain,1.0545138607699664
GB,2022-09-02,5.793207330170377,5.711491684372891,0.881427260285853,M7_breakpoint_domain,1.014307233611329
GB,2022-09-03,5.651016746415248,5.711491684372891,0.8744458807243807,M7_breakpoint_domain,0.9894117086569333
GB,2022-09-05,5.737282453100771,5.711491684372891,0.8510495342890463,M7_breakpoint_domain,1.0045155924499451
GB,2022-09-06,5.7211741776316956,5.711491684372891,0.8506258372881459,M7_breakpoint_domain,1.0016952652290987
GB,2022-09-07,5.779153089550942,5.711491684372891,0.8552642962891612,M7_breakpoint_domain,1.0118465383330904
GB,2022-09-08,4.576599819454496,5.711491684372891,0.8542133001561825,M7_breakpoint_domain,0.8012967666531754
GB,2022-09-09,5.373352106607505,5.711491684372891,0.8408789725657541,M7_breakpoint_domain,0.9407966260914703
GB,2022-09-10,5.492188928465662,5.711491684372891,0.8293823197001999,M7_breakpoint_domain,0.9616032434211085
GB,2022-09-11,5.5485841979859165,5.711491684372891,0.8440450029487256,M7_breakpoint_domain,0.9714772435311947
GB,2022-09-12,4.811188526285873,5.711491684372891,0.9062411890519209,M7_breakpoint_domain,0.8423698732591485
GB,2022-09-13,4.157649627214662,5.711491684372891,0.9993235193777928,M7_breakpoint_domain,0.7279446170936975
GB,2022-09-14,4.4069115113263635,5.711491684372891,1.0566948856282568,M7_breakpoint_domain,0.771586785880129
GB,2022-09-15,4.439877760250677,5.711491684372891,1.0435086912066773,M7_breakpoint_domain,0.7773587016503142
GB,2022-09-16,4.583683158769368,5.711491684372891,0.991433932853467,M7_breakpoint_domain,0.8025369574310508
GB,2022-09-17,5.056345984964601,5.711491684372891,0.940320019389517,M7_breakpoint_domain,0.8852934162189499
GB,2022-09-18,5.156314287524313,5.711491684372891,0.9041088870845475,M7_breakpoint_domain,0.9027964273558186
GB,2022-09-19,5.50236579677487,5.711491684372891,0.8817953864565392,M7_breakpoint_domain,0.963385066606994
GB,2022-09-20,5.589341739794419,5.711491684372891,0.8663404183081928,M7_breakpoint_domain,0.9786133025611007
GB,2022-09-21,5.875241246773719,5.711491684372891,0.8518845032430404,M7_breakpoint_domain,1.028670191860536
GB,2022-09-22,5.96331140476872,5.711491684372891,0.8342643583109376,M7_breakpoint_domain,1.0440900091100243
GB,2022-09-23,5.977440639194054,5.711491684372891,0.8105541304067431,M7_breakpoint_domain,1.0465638347244417
GB,2022-09-24,6.338265195518902,5.711491684372891,0.7864966160662032,M7_breakpoint_domain,1.1097390219197754
GB,2022-09-25,6.395879538460911,5.711491684372891,0.7661933647980484,M7_breakpoint_domain,1.1198264642423557
GB,2022-09-26,6.645214313802047,5.711491684372891,0.7458678900122979,M7_breakpoint_domain,1.1634813952340852
GB,2022-09-27,7.444245755499505,5.711491684372891,0.7253906222917299,M7_breakpoint_domain,1.3033803018338572
GB,2022-09-28,6.2584776139517295,5.711491684372891,0.7080847226418238,M7_breakpoint_domain,1.09576936460845
GB,2022-09-29,6.809016985603232,5.711491684372891,0.69333495045281,M7_breakpoint_domain,1.1921608857863277
GB,2022-09-30,7.187040295924137,5.711491684372891,0.6785645406396431,M7_breakpoint_domain,1.2583473272995334
GB,2022-10-01,6.722124128026521,5.711491684372891,0.6640989725795324,M7_breakpoint_domain,1.1769471968975815
GB,2022-10-02,6.662661916699416,5.711491684372891,0.651208189854951,M7_breakpoint_domain,1.1665362194133984
GB,2022-10-03,7.114556513715917,5.711491684372891,0.640815422539452,M7_breakpoint_domain,1.2456564601471671
GB,2022-10-04,7.036065360125163,5.711491684372891,0.6328893951161444,M7_breakpoint_domain,1.2319137887176503
GB,2022-10-05,6.689068318985217,5.711491684372891,0.6252803909234818,M7_breakpoint_domain,1.1711596004397686
GB,2022-10-06,6.729894575974884,5.711491684372891,0.6169757055390959,M7_breakpoint_domain,1.1783076905090182
GB,2022-10-08,7.902382501302202,5.711491684372891,0.5960566168863513,M7_breakpoint_domain,1.383593452989482
GB,2022-10-09,7.919299057854883,5.711491684372891,0.5873936136268971,M7_breakpoint_domain,1.3865552985961151
GB,2022-10-11,7.285676375809507,5.711491684372891,0.6378152356238954,M7_breakpoint_domain,1.2756170854181077
GB,2022-10-12,7.822007772526343,5.711491684372891,0.6307113126486614,M7_breakpoint_domain,1.3695209946515368
GB,2022-10-13,7.368570757719088,5.711491684372891,0.6293940102793718,M7_breakpoint_domain,1.290130698759503
GB,2022-10-16,7.90669329390539,5.711491684372891,0.606883412260617,M7_breakpoint_domain,1.384348210737792
GB,2022-10-17,7.9280632075679645,5.711491684372891,0.6030113292675928,M7_breakpoint_domain,1.388089775086217
GB,2022-10-18,7.925164818927275,5.711491684372891,0.6032271138237149,M7_breakpoint_domain,1.3875823089458703
GB,2022-10-19,7.930087486588062,5.711491684372891,0.5952525985560682,M7_breakpoint_domain,1.3884441972112873
GB,2022-10-20,7.898543893334786,5.711491684372891,0.5899541124798297,M7_breakpoint_domain,1.3829213679756986
GB,2022-10-21,7.911386545836553,5.711491684372891,0.5865320511865244,M7_breakpoint_domain,1.3851699316104678
GB,2022-10-22,7.912771734179973,5.711491684372891,0.5807301778170266,M7_breakpoint_domain,1.3854124581551899
GB,2022-10-23,7.91762674377019,5.711491684372891,0.5747414891842447,M7_breakpoint_domain,1.3862625004661155
GB,2022-10-24,7.925717964494639,5.711491684372891,0.5698808836552096,M7_breakpoint_domain,1.387679156774412
GB,2022-10-25,7.927883899039487,5.711491684372891,0.5691419314373277,M7_breakpoint_domain,1.388058380743305
GB,2022-10-26,7.933931536005532,5.711491684372891,0.5661061986902671,M7_breakpoint_domain,1.3891172349446674
GB,2022-10-27,7.941590298005243,5.711491684372891,0.5627961791235385,M7_breakpoint_domain,1.390458173953765
GB,2022-11-08,7.947714625706149,5.711491684372891,0.5318792991345153,M7_breakpoint_domain,1.391530455599147
GB,2022-11-09,7.947759542127336,5.711491684372891,0.5348002668787804,M7_breakpoint_domain,1.3915383198181057
GB,2022-11-10,7.921598202771659,5.711491684372891,0.5416703621063005,M7_breakpoint_domain,1.3869578457841059
GB,2022-11-11,7.936466231028653,5.711491684372891,0.5394870192888335,M7_breakpoint_domain,1.3895610235664835
GB,2022-11-12,7.927821257636438,5.711491684372891,0.5397900870644619,M7_breakpoint_domain,1.388047413135102
GB,2022-11-13,7.9355037032180284,5.711491684372891,0.5474618899918411,M7_breakpoint_domain,1.3893924987985566
GB,2022-11-14,7.938822645521778,5.711491684372891,0.5521234649313784,M7_breakpoint_domain,1.3899735978331276
GB,2022-11-15,7.935741436811754,5.711491684372891,0.5553291873725162,M7_breakpoint_domain,1.3894341225295999
GB,2022-11-16,7.930771698536568,5.711491684372891,0.5577300485947599,M7_breakpoint_domain,1.3885639928769937
GB,2022-11-17,7.952044622876261,5.711491684372891,0.5588607120896838,M7_breakpoint_domain,1.3922885757907528
GB,2022-11-18,7.939263943433476,5.711491684372891,0.558383253690376,M7_breakpoint_domain,1.3900508627467587
GB,2022-11-19,7.932634495268395,5.711491684372891,0.5565597355520715,M7_breakpoint_domain,1.3888901417772757
GB,2022-11-20,7.928135139385824,5.711491684372891,0.5542164772723751,M7_breakpoint_domain,1.388102369312355
GB,2022-11-21,7.931095494968631,5.711491684372891,0.5500489941711646,M7_breakpoint_domain,1.3886206849725016
GB,2022-11-22,7.944892833458521,5.711491684372891,0.5476320633661624,M7_breakpoint_domain,1.391036400384929
GB,2022-11-23,7.947240121763416,5.711491684372891,0.5468559531685663,M7_breakpoint_domain,1.3914473767873488
GB,2022-11-24,7.934784789127615,5.711491684372891,0.5447494892286031,M7_breakpoint_domain,1.3892666272871999
GB,2022-11-25,7.950414378772167,5.711491684372891,0.5411074855482388,M7_breakpoint_domain,1.392003143508928
GB,2022-11-26,7.939183810907383,5.711491684372891,0.5382063969509899,M7_breakpoint_domain,1.390036832694625
GB,2022-11-27,7.936577649391872,5.711491684372891,0.5387426075786144,M7_breakpoint_domain,1.3895805313184642
GB,2022-11-28,7.945802248352545,5.711491684372891,0.5360116300875469,M7_breakpoint_domain,1.3911956258455056
GB,2022-11-29,7.934172350554816,5.711491684372891,0.532552399569301,M7_breakpoint_domain,1.3891593981066908
GB,2022-11-30,7.925990157293272,5.711491684372891,0.5332211623809239,M7_breakpoint_domain,1.3877268138163328
GB,2022-12-01,7.940155623711866,5.711491684372891,0.5317100761148934,M7_breakpoint_domain,1.3902069831313564
GB,2022-12-02,7.955230193513899,5.724917201478241,0.529370549368219,M7_breakpoint_domain,1.389579956101333
GB,2022-12-03,7.934345648005834,5.722984420210498,0.5296627224508657,M7_breakpoint_domain,1.3864000083568286
GB,2022-12-04,7.933420896073007,5.711491684372891,0.530902182105987,M7_breakpoint_domain,1.3890278292410887
GB,2022-12-05,7.974185031623645,5.761800892178485,0.5291932974071122,M7_breakpoint_domain,1.3839744171737038
GB,2022-12-06,8.095698808985247,5.811516034432048,0.5263438668994421,M7_breakpoint_domain,1.393044217897685
GB,2022-12-08,8.170956311209384,5.835339507985102,0.5247798580765763,M7_breakpoint_domain,1.4002537984342152
GB,2022-12-09,8.198842579976722,5.888065711472062,0.5236191885252922,M7_breakpoint_domain,1.392450930702495
GB,2022-12-10,8.344373955655252,5.9298059144699335,0.5214836607022887,M7_breakpoint_domain,1.4071917489395869
GB,2022-12-11,8.306359232704427,5.929598747562216,0.5211196746487997,M7_breakpoint_domain,1.4008299020434305
GB,2022-12-12,8.42865632921843,5.981203613965563,0.5199957307101493,M7_breakpoint_domain,1.409190670175195
GB,2022-12-13,8.470449747957018,6.02459106523793,0.5180204714314492,M7_breakpoint_domain,1.405979203606327
GB,2022-12-14,8.52616169801936,6.030157085948253,0.5173002876052893,M7_breakpoint_domain,1.4139203301830081
GB,2022-12-15,8.419607252624134,6.0274209574027156,0.5175358845682846,M7_breakpoint_domain,1.3968838931489262
GB,2022-12-16,8.598168935309515,6.100779710170576,0.515873596690079,M7_breakpoint_domain,1.4093557452952374
GB,2022-12-17,8.662096466834328,6.128597594425893,0.513825242481808,M7_breakpoint_domain,1.4133896594406383
GB,2022-12-18,8.69547326566919,6.130519704387721,0.5134370951924204,M7_breakpoint_domain,1.4183908844540025
GB,2022-12-19,8.667474204243172,6.153786843413427,0.5129961333266857,M7_breakpoint_domain,1.4084781330247433
GB,2022-12-21,8.7377935782015,6.170004170939938,0.5119899217570132,M7_breakpoint_domain,1.416173042370956
GB,2022-12-22,8.767572483519581,6.168010732034555,0.5120570231442538,M7_breakpoint_domain,1.4214586946134486
GB,2022-12-23,8.723843361570104,6.2055831638353585,0.5114528476165298,M7_breakpoint_domain,1.4058055675428796
GB,2022-12-24,8.854715574514243,6.237132414924155,0.5100089225580685,M7_breakpoint_domain,1.4196773429608065
GB,2022-12-25,8.84733476909123,6.2448855742491025,0.5094215042670532,M7_breakpoint_domain,1.416732887080169
GB,2022-12-26,8.909322838416609,6.283066177421384,0.5086651054950685,M7_breakpoint_domain,1.4179896545468282
GB,2022-12-27,8.96586316705034,6.36140192539919,0.5065496276371136,M7_breakpoint_domain,1.409416237520272
GB,2022-12-28,9.07865983152332,6.431847501507973,0.5036565009292394,M7_breakpoint_domain,1.4115166488936173
GB,2022-12-29,9.126122995889435,6.4460459315009855,0.502360314202143,M7_breakpoint_domain,1.4157707054632147
GB,2022-12-30,9.138188892688207,6.468059782050486,0.5019011256715994,M7_breakpoint_domain,1.412817630110284
GB,2022-12-31,9.165769084793766,6.497178434231866,0.5009483303783091,M7_breakpoint_domain,1.4107307006533514
GB,2023-01-01,9.233727071838802,6.534628015611609,0.49986562233621684,M7_breakpoint_domain,1.4130455551224776
GB,2023-01-02,9.26860661816233,6.57918124903396,0.4983337273544363,M7_breakpoint_domain,1.4087781241052246
GB,2023-01-03,9.265223606638845,6.58082064568781,0.497972546135443,M7_breakpoint_domain,1.4079131016448585
GB,2023-01-04,9.140714857449437,6.5410063573533606,0.5009419758344278,M7_breakpoint_domain,1.397447786787961
GB,2023-01-05,9.111888454685694,6.440167353578952,0.5029795210582536,M7_breakpoint_domain,1.4148527444123022
GB,2023-01-06,9.104491135453747,6.43589638489965,0.5027028616108751,M7_breakpoint_domain,1.4146422799495872
GB,2023-01-07,9.088076314160322,6.430129477785372,0.5032427603008082,M7_breakpoint_domain,1.4133582139453877
GB,2023-01-08,8.996123025193414,6.396742646419649,0.5049070441513855,M7_breakpoint_domain,1.4063600057802352
GB,2023-01-09,8.993398054706047,6.343813555730927,0.5060500437702597,M7_breakpoint_domain,1.4176643080220281
GB,2023-01-10,9.046229666575783,6.400384501792025,0.5048411269483243,M7_breakpoint_domain,1.413388471277461
GB,2023-01-11,9.140864737530952,6.466671499195196,0.5022306716297602,M7_breakpoint_domain,1.4135347278222763
GB,2023-01-12,9.127707513889288,6.46077198098162,0.5031057054245777,M7_breakpoint_domain,1.4127889888016858
GB,2023-01-13,8.860029779942092,6.349488027827285,0.5063942932118778,M7_breakpoint_domain,1.3953927846012306
GB,2023-01-14,9.141789741371191,6.442929954172545,0.5038998441255255,M7_breakpoint_domain,1.4188870290993651
GB,2023-01-15,9.08721681020947,6.444460250800475,0.5025972658112176,M7_breakpoint_domain,1.4100819085788814
GB,2023-01-16,9.093017115333902,6.422226354225716,0.503396461698851,M7_breakpoint_domain,1.4158668059637685
GB,2023-01-17,9.174564264096082,6.50899140508848,0.5017057361895692,M7_breakpoint_domain,1.4095216436948679
GB,2023-01-19,9.351409314701096,6.649699022364922,0.4955313084518086,M7_breakpoint_domain,1.4062906130412092
GB,2023-01-20,9.351398503930817,6.641241464031568,0.49587128590705437,M7_breakpoint_domain,1.408079883042537
GB,2023-01-21,9.370263926002934,6.646707205525356,0.4958031692273677,M7_breakpoint_domain,1.4097602972812624
GB,2023-01-22,9.300258013334028,6.618467363040201,0.49702350272571294,M7_breakpoint_domain,1.4051981377546512
GB,2023-01-23,9.41181200590623,6.708110548627854,0.49498101321581145,M7_breakpoint_domain,1.4030496274142976
GB,2023-01-24,9.367155821132224,6.724582525136785,0.49392570543757497,M7_breakpoint_domain,1.3929720969468937
GB,2023-01-25,9.233260653243503,6.6367791837788195,0.4974581202168589,M7_breakpoint_domain,1.3912261350823354
GB,2023-01-26,9.36940463103156,6.640941605667014,0.4972686626824985,M7_breakpoint_domain,1.4108548436920791
GB,2023-01-27,9.39347394603384,6.688313227181757,0.4945081264603506,M7_breakpoint_domain,1.404460829953078
GB,2023-01-28,9.377706897472242,6.687987289669921,0.49440390369894394,M7_breakpoint_domain,1.4021717583041444
GB,2023-01-29,9.358155816856774,6.67883286358993,0.49472320436633926,M7_breakpoint_domain,1.4011663426814196
GB,2023-01-30,9.358715864741503,6.656857122933952,0.49541545939129533,M7_breakpoint_domain,1.4058760300711892
GB,2023-01-31,9.422727534904489,6.7054178407108775,0.49453355141261,M7_breakpoint_domain,1.4052409199164142
GB,2023-02-01,9.46576337927014,6.7760930800036,0.4924430234037507,M7_breakpoint_domain,1.3969352645411286
GB,2023-02-02,9.496131288604584,6.778570863685923,0.49202461965631206,M7_breakpoint_domain,1.4009046271799181
GB,2023-02-03,9.318892798879894,6.744835639534517,0.49282245602377667,M7_breakpoint_domain,1.3816337857452996
GB,2023-02-04,9.497761299348916,6.76692017637195,0.4919316613745865,M7_breakpoint_domain,1.4035574606764598
GB,2023-02-05,9.38372978922923,6.73684942358645,0.4942997234759536,M7_breakpoint_domain,1.3928958774669598
GB,2023-02-06,9.417456446201818,6.676300968514648,0.49494062296530694,M7_breakpoint_domain,1.4105799739428202
GB,2023-02-07,9.515055333794988,7.115388846168356,0.49021984048003786,M7_breakpoint_domain,1.337250224760219
GB,2023-02-08,9.641912816111835,7.985815656164576,0.4683963282027264,M7_breakpoint_domain,1.2073798383598864
GB,2023-02-09,9.688413141640678,8.162919342144273,0.4546288086783383,M7_breakpoint_domain,1.1868809105610594
GB,2023-02-10,9.702582981112542,8.099076902847838,0.45718061325689924,M7_breakpoint_domain,1.1979862763990883
GB,2023-02-11,9.645943717513813,8.143390576736653,0.4537159447640483,M7_breakpoint_domain,1.1845119826463348
GB,2023-02-12,9.652042192584304,8.086169164682248,0.4600858705979011,M7_breakpoint_domain,1.193648314302065
GB,2023-02-13,9.548604462513705,7.678149454679956,0.46755379353924437,M7_breakpoint_domain,1.2436075279432957
GB,2023-02-14,9.503065056964235,7.531998973064408,0.4707764258373441,M7_breakpoint_domain,1.2616922932343277
GB,2023-02-15,9.432603103134614,7.413524564894047,0.47305888180167743,M7_breakpoint_domain,1.2723506910332094
GB,2023-02-16,9.383281083229717,7.403897919855531,0.47459552818051576,M7_breakpoint_domain,1.2673433892255512
GB,2023-02-17,9.338334152720751,7.18617967367762,0.4834462999168165,M7_breakpoint_domain,1.2994852030942525
GB,2023-02-18,9.569582783124838,6.88464370305938,0.4888163151759652,M7_breakpoint_domain,1.3899895471529387
GB,2023-02-19,9.502988900475376,6.870338011360013,0.48898604782624094,M7_breakpoint_domain,1.383190883004928
GB,2023-02-20,9.506909899087276,6.808424766683052,0.49067522305187367,M7_breakpoint_domain,1.396345002680977
GB,2023-02-21,9.587251491773202,6.923678936050559,0.4885645309454592,M7_breakpoint_domain,1.384704805107848
GB,2023-02-22,9.654567292520598,7.042731114388968,0.48450840930116884,M7_breakpoint_domain,1.3708555865203202
GB,2023-02-23,9.688729458517397,7.082395394396648,0.48240708897012935,M7_breakpoint_domain,1.3680017732676706
GB,2023-02-24,9.713652682320143,7.095108465185607,0.4816657572309825,M7_breakpoint_domain,1.3690633103050152
GB,2023-02-25,9.691514179866957,7.093902815096591,0.4818356179042678,M7_breakpoint_domain,1.3661752116539245
GB,2023-03-02,9.824781371570865,7.267691925077414,0.47691834251979853,M7_breakpoint_domain,1.351843401296377
GB,2023-03-03,9.82461195469134,7.364071420993628,0.4749662629616408,M7_breakpoint_domain,1.3341277389954636
GB,2023-03-04,9.838338702859364,7.418337461674555,0.4728700813512504,M7_breakpoint_domain,1.3262188130005261
GB,2023-03-05,9.85818089244735,7.455119845822906,0.47152004671912895,M7_breakpoint_domain,1.3223370108491115
GB,2023-03-06,9.856479846428158,7.4513849628986915,0.47161919922388856,M7_breakpoint_domain,1.3227715244219314
GB,2023-03-07,9.852023614410216,7.502772863158934,0.47139216392816746,M7_breakpoint_domain,1.3131176691736026
GB,2023-03-08,9.863865816763273,7.584858428664289,0.46847964488599997,M7_breakpoint_domain,1.3004680192165858
GB,2023-03-09,9.8746416165994,7.585935762626865,0.4684952480509687,M7_breakpoint_domain,1.3017038273970303
GB,2023-03-10,9.837924210150597,7.504623116720619,0.47067802099407574,M7_breakpoint_domain,1.310915159514311
GB,2023-03-11,9.8471906699722,7.560833792232294,0.4694173856191025,M7_breakpoint_domain,1.3023948073146139
GB,2023-03-12,9.806512452408535,7.567789877147525,0.4691386147301942,M7_breakpoint_domain,1.2958225071789171
GB,2023-03-13,9.73481022643409,7.461924302296763,0.47325028904791105,M7_breakpoint_domain,1.3045978265201295
GB,2023-03-14,9.747573912290363,7.31701992342515,0.4779897093821632,M7_breakpoint_domain,1.3321781291156378
GB,2023-03-15,9.422033125827616,7.05438431907375,0.48930401412888913,M7_breakpoint_domain,1.3356279867475014
GB,2023-03-16,8.92219095264232,6.596066597323076,0.5040498904451391,M7_breakpoint_domain,1.352653254935793
GB,2023-03-17,8.427847923089335,6.190917509345022,0.5172541055314529,M7_breakpoint_domain,1.3613245387889157
GB,2023-03-18,7.975733995835965,5.8709566778113595,0.5256486227906817,M7_breakpoint_domain,1.3585067023198079
GB,2023-03-19,8.084810509381166,5.797346090947959,0.5265501747587858,M7_breakpoint_domain,1.3945709610135024
GB,2023-03-20,8.008293929705387,5.807204275709663,0.526087022613912,M7_breakpoint_domain,1.3790274199932018
GB,2023-03-21,8.141833907778988,5.832634849201305,0.5250732312554315,M7_breakpoint_domain,1.3959101020860056
GB,2023-03-22,8.224302821792723,5.981807684182078,0.5229724774708382,M7_breakpoint_domain,1.3748858632718266
GB,2023-03-23,8.871955858003615,6.411288709461342,0.5110024858622843,M7_breakpoint_domain,1.3838022681634954
GB,2023-03-24,9.219931506310846,6.675940316964373,0.4978840242094999,M7_breakpoint_domain,1.3810685938701226
GB,2023-03-25,9.466092564687475,6.939221390996571,0.4904250893860393,M7_breakpoint_domain,1.3641433283811124
GB,2023-03-26,9.59810465141343,7.208935382662715,0.481771644168075,M7_breakpoint_domain,1.3314177672471026
GB,2023-03-27,9.74842796066842,7.344397365491918,0.47582734014833583,M7_breakpoint_domain,1.3273285030126476
GB,2023-03-28,9.7390438079307,7.436937566045159,0.4735481216518959,M7_breakpoint_domain,1.3095502982835667
GB,2023-03-29,9.87592762479134,7.73756017617948,0.46786626373638934,M7_breakpoint_domain,1.2763619797355432
GB,2023-03-30,9.847370130944974,7.94856533227812,0.46006105491324123,M7_breakpoint_domain,1.2388864806779718
GB,2023-03-31,9.84993856033664,7.99237069502044,0.4574054470161167,M7_breakpoint_domain,1.232417631288491
GB,2023-04-01,9.810254571752685,7.9871130423986925,0.4574887855327787,M7_breakpoint_domain,1.2282603889134973
GB,2023-04-02,9.84592423632789,8.043253455379395,0.45701101823895895,M7_breakpoint_domain,1.224122090762023
GB,2023-04-03,9.83838870131512,8.23403834866086,0.453462851620772,M7_breakpoint_domain,1.1948436823730828
GB,2023-04-04,9.808481128894622,8.423573824724366,0.4486980760851231,M7_breakpoint_domain,1.1644085198262712
GB,2023-04-07,9.70247741009354,8.702107592826799,0.44048896851741803,M7_breakpoint_domain,1.1149571878531301
GB,2023-04-08,9.723073254781834,8.693822033177442,0.4416698448941964,M7_breakpoint_domain,1.1183888073250814
GB,2023-04-09,9.7991622009127,8.623275823922363,0.44299033839443336,M7_breakpoint_domain,1.1363619117607533
GB,2023-04-10,9.698316229579705,8.786251164549908,0.4401939200739785,M7_breakpoint_domain,1.1038059404344969
GB,2023-04-11,9.627053699041156,8.81678986194533,0.43796353346217276,M7_breakpoint_domain,1.091900096268944
GB,2023-04-12,9.608620027607593,8.819870167914214,0.4377366388816502,M7_breakpoint_domain,1.0894287381420613
GB,2023-04-13,9.67533449859352,8.834307011242839,0.4376326175528797,M7_breakpoint_domain,1.0952001652512597
GB,2023-04-14,9.611225298781944,8.895824998479702,0.43692553415090385,M7_breakpoint_domain,1.08041978123721
GB,2023-04-15,9.582774477784271,8.977175876281096,0.43506405449224683,M7_breakpoint_domain,1.067459812512223
GB,2023-04-16,9.550104073124166,8.994451130021774,0.4342579934238065,M7_breakpoint_domain,1.061777304147857
GB,2023-04-17,9.52626377977662,9.10295277177648,0.43378547953635077,M7_breakpoint_domain,1.0465026040025835
GB,2023-04-18,9.34481605805211,9.362816444826484,0.42898790069932513,M7_breakpoint_domain,0.9980774602513628
GB,2023-04-19,9.367308538444089,9.490536627703358,0.424874036608977,M7_breakpoint_domain,0.9870156879328024
GB,2023-04-20,9.215410623685298,9.551221906824798,0.42308557654950374,M7_breakpoint_domain,0.9648410133891301
GB,2023-04-21,9.31563326895703,9.545896136459907,0.42377113779255665,M7_breakpoint_domain,0.9758783393186728
GB,2023-04-22,9.33320456034084,9.507165518617876,0.4247733199950285,M7_breakpoint_domain,0.9817021216327445
GB,2023-04-23,9.112566614750468,9.741444778191951,0.4212097817698136,M7_breakpoint_domain,0.9354430294724511
GB,2023-04-24,9.089559701690606,9.868391823399472,0.41749586978599296,M7_breakpoint_domain,0.9210781112417794
GB,2023-04-25,8.961448497480275,9.96774999510744,0.4158675173948813,M7_breakpoint_domain,0.8990442679520356
GB,2023-04-26,8.93583978421958,10.042412857768484,0.414033357321945,M7_breakpoint_domain,0.8898100397562428
GB,2023-04-27,8.917209757140753,10.04301682670696,0.414104003176471,M7_breakpoint_domain,0.8879015051958893
GB,2023-04-28,8.868462164940155,10.083239497967233,0.4136100005907013,M7_breakpoint_domain,0.8795250937685279
GB,2023-04-29,8.729947664928662,10.10136276537521,0.41340345388731853,M7_breakpoint_domain,0.8642346451364568
GB,2023-04-30,9.171903740764716,9.954306733464346,0.4163524850364388,M7_breakpoint_domain,0.9214005541873297
GB,2023-05-01,8.806825337776422,10.162273477620454,0.4135457546223939,M7_breakpoint_domain,0.8666195962124986
GB,2023-05-02,8.76977940295775,10.237280676667153,0.4103399347553924,M7_breakpoint_domain,0.8566512612031693
GB,2023-05-03,8.760852503161107,10.233256478594653,0.41025071777731237,M7_breakpoint_domain,0.8561157947605987
GB,2023-05-04,8.644860737119693,10.439948970764409,0.4085635830491446,M7_breakpoint_domain,0.8280558421624852
GB,2023-05-05,8.512411324293106,10.67905204662443,0.40432913309948226,M7_breakpoint_domain,0.797113010324153
GB,2023-05-06,8.416361587882507,10.770949323251582,0.40163547606992206,M7_breakpoint_domain,0.7813945953411783
GB,2023-05-07,8.258205844722777,10.822799558216888,0.4004689186082694,M7_breakpoint_domain,0.763037862828475
GB,2023-05-08,8.31930280427185,10.847942152661073,0.39990631665072623,M7_breakpoint_domain,0.7669014719285785
GB,2023-05-09,8.307521290123045,10.87705796381274,0.3996805480817245,M7_breakpoint_domain,0.7637654701999037
GB,2023-05-10,8.305484443794532,10.898495985849271,0.3990948769951153,M7_breakpoint_domain,0.7620762034117795
GB,2023-05-11,8.331535464968066,10.8703496474259,0.3995063510158997,M7_breakpoint_domain,0.7664459502405219
GB,2023-05-12,8.23483157515146,10.846983022250647,0.40020011331304894,M7_breakpoint_domain,0.7591817520373338
GB,2023-05-13,8.34852646147406,10.81306090167189,0.40047428508210975,M7_breakpoint_domain,0.7720780024630428
GB,2023-05-14,8.275067197110095,10.967210546826625,0.39893201114848514,M7_breakpoint_domain,0.7545279779008616
GB,2023-05-15,8.187479065391228,10.983222430890352,0.3976586295657576,M7_breakpoint_domain,0.7454532690118261
GB,2023-05-16,8.279066910244701,10.964573052571492,0.39869220314032866,M7_breakpoint_domain,0.755074262403955
GB,2023-05-17,8.297432694539282,11.007017123694808,0.39914347091301605,M7_breakpoint_domain,0.7538311789010845
GB,2023-05-18,8.176995912067621,11.102425869143527,0.39628366651039904,M7_breakpoint_domain,0.7365053375220976
GB,2023-05-19,8.247408898215108,10.892724183843075,0.4100675834094282,M7_breakpoint_domain,0.7571484193502575
GB,2023-05-20,8.441252865952613,9.40593491912481,0.4302076828081526,M7_breakpoint_domain,0.8974390040472492
GB,2023-05-22,7.9792836715101965,11.56863591962271,0.39176546201865475,M7_breakpoint_domain,0.6897341853394956
GB,2023-05-23,7.9154979708853315,11.578360992298052,0.3894155522066445,M7_breakpoint_domain,0.6836458092946607
GB,2023-05-24,7.977409971297459,11.437731199474868,0.3921032532318469,M7_breakpoint_domain,0.6974643687782871
GB,2023-05-25,8.16790611874483,11.22928561103094,0.3955335148911741,M7_breakpoint_domain,0.7273754005082206
GB,2023-05-26,8.437931836679233,10.964356400759971,0.40092483536676177,M7_breakpoint_domain,0.7695783982445495
GB,2023-05-27,8.637928173868284,10.557509931821896,0.4072252254470494,M7_breakpoint_domain,0.818178550591015
GB,2023-05-28,8.752439081249074,10.25516109867725,0.4112515868425021,M7_breakpoint_domain,0.853466756595174
GB,2023-05-29,8.863018735988303,10.100583944079798,0.4134755374766296,M7_breakpoint_domain,0.8774758751629541
GB,2023-05-30,9.023240992986448,9.979034640941675,0.41545913459735473,M7_breakpoint_domain,0.9042198286361461
GB,2023-05-31,9.05814936468594,9.89879531816285,0.41638994421803155,M7_breakpoint_domain,0.9150759333376207
GB,2023-06-01,9.024981392732832,9.999379819426103,0.41525021309986027,M7_breakpoint_domain,0.902554113926118
GB,2023-06-02,8.902403856707311,10.110956677374151,0.41318670961698595,M7_breakpoint_domain,0.8804709723095455
GB,2023-06-03,8.860808945155673,10.143453443677318,0.4119144666762714,M7_breakpoint_domain,0.8735495257464655
GB,2023-06-04,8.869268957447646,10.21236185668392,0.41139784091936904,M7_breakpoint_domain,0.8684836164165856
GB,2023-06-05,8.6547821499387,10.507595451696355,0.4081187261660778,M7_breakpoint_domain,0.8236691438802457
GB,2023-06-06,8.444796783728425,10.722812060593467,0.40322273871903913,M7_breakpoint_domain,0.7875543034800739
GB,2023-06-07,8.333534305013988,10.788860498216051,0.4011861736338331,M7_breakpoint_domain,0.7724202483099996
GB,2023-06-08,8.199366645444103,11.023762335362244,0.39894626348049783,M7_breakpoint_domain,0.7437902229751463
GB,2023-06-09,7.80455032557026,11.358766401551527,0.3941266403738885,M7_breakpoint_domain,0.6870948877427582
GB,2023-06-10,7.934387704105904,11.517857757250049,0.3901929582041741,M7_breakpoint_domain,0.688877035237869
GB,2023-06-11,7.954741536836727,11.607203296008274,0.3886586031855049,M7_breakpoint_domain,0.6853280100273913
GB,2023-06-12,7.934385713573623,11.720517570121082,0.3873046632279687,M7_breakpoint_domain,0.676965472395231
GB,2023-06-13,7.945087144247542,11.865775531708758,0.38524636544857793,M7_breakpoint_domain,0.669580098074162
GB,2023-06-14,7.988038549125762,11.870718655811354,0.38517006179944974,M7_breakpoint_domain,0.6729195409930121
GB,2023-06-15,7.884927696796264,11.688283213174197,0.3885992755594179,M7_breakpoint_domain,0.6746010130819672
GB,2023-06-16,7.959270447356122,11.459695222890694,0.390754592148631,M7_breakpoint_domain,0.6945446883663635
GB,2023-06-17,7.946454809706424,11.400944958253522,0.39136618050942396,M7_breakpoint_domain,0.6969996643965658
GB,2023-06-18,7.949259115456203,11.428014300464788,0.39118591548230786,M7_breakpoint_domain,0.6955940819161295
GB,2023-06-19,7.969559365786421,11.404540586027556,0.3925612298755329,M7_breakpoint_domain,0.698805822616866
GB,2023-06-20,8.42060041227597,11.142481430816854,0.39893177210124425,M7_breakpoint_domain,0.7557203899830647
GB,2023-06-22,9.200798887402168,9.955100457863042,0.4196435543617395,M7_breakpoint_domain,0.9242296374955125
GB,2023-06-23,9.4769351657053,9.475692457684538,0.42867376631349585,M7_breakpoint_domain,1.000131146934782
GB,2023-06-24,9.778292648527522,8.956359653618076,0.4445674365810176,M7_breakpoint_domain,1.0917708786490516
GB,2023-06-25,9.7017098235431,8.006242913712514,0.470290790963708,M7_breakpoint_domain,1.2117681074760687
GB,2023-06-26,8.697210589208638,6.941421554770983,0.5027775943453218,M7_breakpoint_domain,1.2529437263799177
GB,2023-06-27,7.904747055893772,5.899558557892724,0.5435708760922047,M7_breakpoint_domain,1.339887887936701
GB,2023-06-29,7.897555426495965,5.711491684372891,0.6001335619179708,M7_breakpoint_domain,1.3827483016572226
GB,2023-07-01,7.915390136214529,5.711491684372891,0.6012315102781043,M7_breakpoint_domain,1.3858709026700826
GB,2023-07-02,7.912391374135005,5.711491684372891,0.5946057450170081,M7_breakpoint_domain,1.3853458625850679
GB,2023-07-03,7.924071512595913,5.711491684372891,0.5857281467801744,M7_breakpoint_domain,1.387390886740993
GB,2023-07-04,7.909147029192326,5.711491684372891,0.5737514329922336,M7_breakpoint_domain,1.3847778244748914
GB,2023-07-05,7.929909363867048,5.711491684372891,0.5591257204560629,M7_breakpoint_domain,1.3884130104861974
GB,2023-07-06,7.904957014214567,5.711491684372891,0.5477537021238776,M7_breakpoint_domain,1.3840442131506865
GB,2023-07-07,7.895685053548272,5.711491684372891,0.5401071075652525,M7_breakpoint_domain,1.3824208262705717
GB,2023-07-08,7.907919565032137,5.811607171333271,0.5310127069863884,M7_breakpoint_domain,1.360711302725222
GB,2023-07-09,8.255569755766174,5.892501728446133,0.5234776424185962,M7_breakpoint_domain,1.4010296706256866
GB,2023-07-10,7.895206709613301,5.839026840281406,0.5294697311647463,M7_breakpoint_domain,1.3521442743073262
GB,2023-07-11,7.929350682572724,5.711491684372891,0.5391026017989565,M7_breakpoint_domain,1.3883151934315296
GB,2023-07-15,7.908439318411755,5.711491684372891,0.5719062302658734,M7_breakpoint_domain,1.3846539145018617
GB,2023-07-16,7.883948215382046,5.711491684372891,0.5778560750913211,M7_breakpoint_domain,1.3803658748122094
GB,2023-07-17,7.915887545590199,5.711491684372891,0.5822428788528309,M7_breakpoint_domain,1.3859579918935565
GB,2023-07-18,7.929233967231477,5.711491684372891,0.581790468241018,M7_breakpoint_domain,1.388294758254925
GB,2023-07-19,7.905288237570866,5.711491684372891,0.5795175634167782,M7_breakpoint_domain,1.3841022055937473
GB,2023-07-20,7.91472337901905,5.711491684372891,0.5792042526810989,M7_breakpoint_domain,1.3857541630804402
GB,2023-07-21,7.895538477068658,5.711491684372891,0.5821211686834511,M7_breakpoint_domain,1.3823951628383697
GB,2023-07-22,7.893900661260001,5.711491684372891,0.5844234333428091,M7_breakpoint_domain,1.3821084048600403
GB,2023-07-23,7.894911284459827,5.711491684372891,0.5809878382348141,M7_breakpoint_domain,1.3822853504384764
GB,2023-07-24,7.905611124665673,5.711491684372891,0.5711885753340485,M7_breakpoint_domain,1.384158738477388
GB,2023-07-25,7.913572096860949,5.711491684372891,0.5605802767888827,M7_breakpoint_domain,1.3855525901426293
GB,2023-07-26,7.908145777757465,5.711491684372891,0.5529330054968543,M7_breakpoint_domain,1.3846025197576315
GB,2023-07-27,7.929366854021632,5.711491684372891,0.5487707540194398,M7_breakpoint_domain,1.3883180248195106
GB,2023-07-28,7.867054647121202,5.711491684372891,0.5533964119039169,M7_breakpoint_domain,1.3774080541246532
GB,2023-07-29,7.897964685587679,5.711491684372891,0.5626720953788154,M7_breakpoint_domain,1.3828199570345443
GB,2023-07-30,7.891826942679601,5.711491684372891,0.5687928206966799,M7_breakpoint_domain,1.3817453265794444
GB,2023-07-31,7.913325827177625,5.711491684372891,0.5694310531877975,M7_breakpoint_domain,1.3855094718651402
GB,2023-08-01,7.886315075349359,5.711491684372891,0.5698945205392495,M7_breakpoint_domain,1.3807802779310636
GB,2023-08-02,7.911090233358549,5.711491684372891,0.5728225980731247,M7_breakpoint_domain,1.3851180515597947
GB,2023-08-04,3.1420752039140685,5.711491684372891,0.7080881959877354,M7_breakpoint_domain,0.5501321506798379
GB,2023-08-05,4.507716692025955,5.711491684372891,0.8510521310797735,M7_breakpoint_domain,0.7892363223357983
GB,2023-08-06,5.037432487929985,5.711491684372891,0.9124123175859373,M7_breakpoint_domain,0.8819819350718504
GB,2023-08-07,4.941623521321152,5.711491684372891,0.9066194521366872,M7_breakpoint_domain,0.8652071638030812
GB,2023-08-08,5.065068927527001,5.711491684372891,0.8796205510644854,M7_breakpoint_domain,0.8868206779299783
GB,2023-08-09,5.335849797851601,5.711491684372891,0.8531136956346239,M7_breakpoint_domain,0.934230511523097
GB,2023-08-10,5.511273329928998,5.711491684372891,0.8286499478371221,M7_breakpoint_domain,0.9649446474741954
GB,2023-08-11,5.9375789008927,5.711491684372891,0.8045517311541173,M7_breakpoint_domain,1.0395846179971515
GB,2023-08-12,5.941068032084314,5.711491684372891,0.7799753588574102,M7_breakpoint_domain,1.0401955146568036
GB,2023-08-13,6.097876400596551,5.711491684372891,0.7548703914340991,M7_breakpoint_domain,1.0676504033579948
GB,2023-08-14,4.58237768024999,5.711491684372891,0.7323441377546093,M7_breakpoint_domain,0.8023083869294164
GB,2023-08-15,6.29716100440005,5.711491684372891,0.7153766115997514,M7_breakpoint_domain,1.1025422695842486
GB,2023-08-16,5.27200910285167,5.711491684372891,0.7086243139333354,M7_breakpoint_domain,0.9230529245584509
GB,2023-08-17,6.57901530540185,5.711491684372891,0.7051885283546094,M7_breakpoint_domain,1.1518909015314815
GB,2023-08-18,6.735595961375815,5.711491684372891,0.6990602815510107,M7_breakpoint_domain,1.179305921044227
GB,2023-08-19,6.352851261498005,5.711491684372891,0.6941047998647272,M7_breakpoint_domain,1.112292832165006
GB,2023-08-20,6.653914678371161,5.711491684372891,0.6909332411813756,M7_breakpoint_domain,1.1650047038634086
GB,2023-08-21,6.667282596248743,5.711491684372891,0.689356319010737,M7_breakpoint_domain,1.167345233906402
GB,2023-08-22,6.449635724582558,5.711491684372891,0.6885501833055028,M7_breakpoint_domain,1.1292383988283288
GB,2023-08-23,7.087072795683498,5.711491684372891,0.6847767197121889,M7_breakpoint_domain,1.240844456637188
GB,2023-08-24,6.969902929614655,5.711491684372891,0.6751232271051083,M7_breakpoint_domain,1.2203296992771397
GB,2023-08-25,6.7547777171875145,5.711491684372891,0.6630992908763882,M7_breakpoint_domain,1.1826643704426882
GB,2023-08-26,6.856333595105722,5.711491684372891,0.6515575025599192,M7_breakpoint_domain,1.2004453431780724
GB,2023-08-27,6.788364365588678,5.711491684372891,0.6399198956636735,M7_breakpoint_domain,1.1885449092331166
GB,2023-08-31,7.9188233475437695,5.711491684372891,0.6078631373056979,M7_breakpoint_domain,1.3864720085665743
GB,2023-09-01,7.927175788527669,5.711491684372891,0.5984547156598656,M7_breakpoint_domain,1.3879344007830863
GB,2023-09-02,7.903830789557829,5.711491684372891,0.5959174710931668,M7_breakpoint_domain,1.3838470274207624
GB,2023-09-03,7.890661749958569,5.711491684372891,0.6001588347139462,M7_breakpoint_domain,1.3815413181022507
GB,2023-09-04,7.889421602972812,5.711491684372891,0.6078091789186086,M7_breakpoint_domain,1.381324186211969
GB,2023-09-05,7.913727967512853,5.711491684372891,0.6113004484982946,M7_breakpoint_domain,1.3855798808506472
GB,2023-09-09,7.89809049232322,5.711491684372891,0.6023835192599363,M7_breakpoint_domain,1.382841983983456
GB,2023-09-10,7.90569603925552,5.711491684372891,0.5939500005955572,M7_breakpoint_domain,1.3841736058000664
GB,2023-09-11,7.918832610417679,5.711491684372891,0.58589247067882,M7_breakpoint_domain,1.386473630362494
GB,2023-09-12,7.9305793017983826,5.711491684372891,0.5818351888783926,M7_breakpoint_domain,1.388530306976914
GB,2023-09-13,7.913312334961289,5.711491684372891,0.5824958726366328,M7_breakpoint_domain,1.385507109572226
GB,2023-09-14,7.919930877392016,5.711491684372891,0.5821607931206852,M7_breakpoint_domain,1.386665921104568
GB,2023-09-15,7.928968960532987,5.711491684372891,0.5768617587040477,M7_breakpoint_domain,1.388248359395724
GB,2023-09-16,7.92791390166199,5.711491684372891,0.5682719215718433,M7_breakpoint_domain,1.3880636337707382
GB,2023-09-17,7.922441966266426,5.711491684372891,0.5614920089439653,M7_breakpoint_domain,1.3871055766294602
GB,2023-09-18,7.916928583196054,5.711491684372891,0.5561940358664976,M7_breakpoint_domain,1.3861402625967956
GB,2023-09-19,7.933169384318653,5.711491684372891,0.5506334640807817,M7_breakpoint_domain,1.3889837931524007
GB,2023-10-05,9.391828326675956,6.725239257284424,0.49415493544429806,M7_breakpoint_domain,1.3965047141636222
GB,2023-10-06,9.5017502913362,6.799633893557735,0.4917589276218765,M7_breakpoint_domain,1.3973914537279082
GB,2023-10-07,9.500019150888246,6.860968823457751,0.4896165068363901,M7_breakpoint_domain,1.384646891034914
GB,2023-10-11,9.709163895353305,7.212767388506753,0.48102914091302656,M7_breakpoint_domain,1.3461080016006695
GB,2023-10-12,9.493640699893032,6.96937472342686,0.4874974616828194,M7_breakpoint_domain,1.3621940384380686
GB,2023-10-13,9.63854656074011,6.992569971959195,0.4860779519733703,M7_breakpoint_domain,1.3783982998227415
GB,2023-10-14,9.58866657052456,6.995388514268275,0.4861922884486592,M7_breakpoint_domain,1.3707125131030045
GB,2023-10-15,9.352022706644416,6.843110932562072,0.4933763954379819,M7_breakpoint_domain,1.3666332167938424
GB,2023-10-19,8.511456368498395,6.110264375334546,0.5164248605324808,M7_breakpoint_domain,1.392976775744238
GB,2023-10-20,8.308667459489277,5.977105457228976,0.5206432330890404,M7_breakpoint_domain,1.390082125695207
GB,2023-10-21,8.42138108901737,6.053933209189128,0.5192441719201546,M7_breakpoint_domain,1.391059464652624
GB,2023-10-22,8.797000922349827,6.241502333478276,0.5125786769749988,M7_breakpoint_domain,1.4094364549323846
GB,2023-10-24,9.289274440247102,6.638461527602284,0.4986746626294583,M7_breakpoint_domain,1.399311331642567
GB,2023-10-25,9.405920695617004,6.7697741747990525,0.4935337621102562,M7_breakpoint_domain,1.3893994766666202
GB,2023-12-15,9.87228609018506,7.508574470622842,0.4718838522846499,M7_breakpoint_domain,1.3148016482769393
GB,2023-12-16,9.41990733811604,7.245770146717333,0.49180012535625905,M7_breakpoint_domain,1.30005605303167
GB,2023-12-17,7.854408740211858,6.1391261448563865,0.53250204224804,M7_breakpoint_domain,1.2794017511421567
GB,2023-12-19,3.454298443257572,5.711491684372891,0.7768800094091125,M7_breakpoint_domain,0.6047979466920727
GB,2023-12-20,2.254501742758245,5.711491684372891,0.9837957243977576,M7_breakpoint_domain,0.39473081067888904
GB,2023-12-21,0.974772079605051,5.711491684372891,1.116482493680762,M7_breakpoint_domain,0.17066856321827573
GB,2023-12-22,5.024874963733878,5.711491684372891,1.2010473070643868,M7_breakpoint_domain,0.87978329330012806
GB,2023-12-23,5.203250512788053,5.711491684372891,1.234816024734804,M7_breakpoint_domain,0.9110142849414579
GB,2023-12-24,4.229843468020557,5.711491684372891,1.211858522472238,M7_breakpoint_domain,0.740584719679056
GB,2023-12-27,4.748129181683078,5.711491684372891,1.0331586545828044,M7_breakpoint_domain,0.8313290895046469
GB,2023-12-28,4.476988343052861,5.711491684372891,0.9888123819724581,M7_breakpoint_domain,0.7838562306415096
GB,2023-12-29,5.4797454141039745,5.711491684372891,0.9515149086960729,M7_breakpoint_domain,0.9594245631306803
GB,2023-12-30,5.892034863632855,5.711491684372891,0.9188499860192096,M7_breakpoint_domain,1.0316105124960515
GB,2023-12-31,6.187421229139335,5.711491684372891,0.8908248848903962,M7_breakpoint_domain,1.083328414198453
GB,2024-01-01,6.221010044371347,5.711491684372891,0.8660390437614625,M7_breakpoint_domain,1.08920933236978
GB,2024-01-02,7.07000048615058,5.711491684372891,0.8435512035283637,M7_breakpoint_domain,1.2378553409251527
GB,2024-01-03,7.057676533043737,5.711491684372891,0.8245131534936447,M7_breakpoint_domain,1.2356975940898447
GB,2024-01-04,7.445101295847574,5.711491684372891,0.8039306014840909,M7_breakpoint_domain,1.3035300946367445
GB,2024-01-05,7.1367699338734605,5.711491684372891,0.7842361454142536,M7_breakpoint_domain,1.2495457103439802
GB,2024-01-12,5.637279783205851,5.711491684372891,0.7747434826972711,M7_breakpoint_domain,0.9870065640872611
GB,2024-01-13,8.301132097148152,5.711491684372891,0.7963394985754656,M7_breakpoint_domain,1.4534087688266673
GB,2024-01-14,8.5317266889182,5.711491684372891,0.813906613986802,M7_breakpoint_domain,1.4937825633646113
GB,2024-01-15,7.237419824614352,5.711491684372891,0.8307978490695267,M7_breakpoint_domain,1.267168057762655
GB,2024-01-16,4.235343894067945,5.711491684372891,0.8400011182138962,M7_breakpoint_domain,0.7415477651234603
GB,2024-01-17,9.20610771050914,5.711491684372891,0.8345424785273319,M7_breakpoint_domain,1.6118569752448042
GB,2024-01-18,6.019999376199661,5.711491684372891,0.8287647143903991,M7_breakpoint_domain,1.054015257112406
GB,2024-01-19,6.822773578231053,5.711491684372891,0.8243847407537463,M7_breakpoint_domain,1.1945694671846796
GB,2024-01-20,8.57792091794361,5.711491684372891,0.811111458881278,M7_breakpoint_domain,1.5018705080869685
GB,2024-01-21,8.769690956822108,5.711491684372891,0.7960593229430122,M7_breakpoint_domain,1.53544668213677
GB,2024-01-22,8.287806668040593,5.711491684372891,0.7849926035380361,M7_breakpoint_domain,1.45107567795585
GB,2024-01-23,7.441520210556083,5.711491684372891,0.7751786274768391,M7_breakpoint_domain,1.3029030981375131
GB,2024-01-24,8.238793236570427,5.711491684372891,0.7627700756702055,M7_breakpoint_domain,1.4424941314564879
GB,2024-01-25,8.444955214617304,5.711491684372891,0.7527384288984822,M7_breakpoint_domain,1.4785901269406365
GB,2024-01-26,7.309968147853731,5.711491684372891,0.7470463399274484,M7_breakpoint_domain,1.2798702251207688
GB,2024-01-27,7.607547989964582,5.711491684372891,0.745500156495742,M7_breakpoint_domain,1.3319721730103287
GB,2024-01-28,8.789699564858074,5.711491684372891,0.7518778465469377,M7_breakpoint_domain,1.5389499014604908
GB,2024-01-29,9.62699247503516,5.711491684372891,0.7571862667807608,M7_breakpoint_domain,1.6855478405712117
GB,2024-01-30,8.882095069376598,5.711491684372891,0.7594788572673828,M7_breakpoint_domain,1.5551270246402944
GB,2024-01-31,8.676249421358463,5.711491684372891,0.7612177837973485,M7_breakpoint_domain,1.519086413991881
GB,2024-02-01,8.776934842640754,5.711491684372891,0.7590711226583929,M7_breakpoint_domain,1.5367149822970356
GB,2024-02-02,9.57652858072717,5.711491684372891,0.7541203954067219,M7_breakpoint_domain,1.676712338902521
GB,2024-02-03,9.735510752283146,5.711491684372891,0.7431309443024161,M7_breakpoint_domain,1.7045478292335259
GB,2024-02-04,6.825815018756862,5.711491684372891,0.731159544828377,M7_breakpoint_domain,1.1951019796514544
GB,2024-02-05,10.111784825963015,5.711491684372891,0.7197991797227495,M7_breakpoint_domain,1.7704280045841065
GB,2024-02-06,10.112640222725377,5.711491684372891,0.704423047729711,M7_breakpoint_domain,1.7705777722472025
GB,2024-02-07,10.327495183045086,5.711491684372891,0.6898164218434054,M7_breakpoint_domain,1.808195783826834
GB,2024-02-08,10.323023509764628,5.711491684372891,0.6827502054771785,M7_breakpoint_domain,1.8074128581871642
GB,2024-02-09,10.62031832855405,5.711491684372891,0.6790146419075144,M7_breakpoint_domain,1.8594649025949055
GB,2024-02-10,10.081988388995391,5.711491684372891,0.6731117391846945,M7_breakpoint_domain,1.7652110772708531
GB,2024-02-11,10.427334147903546,5.711491684372891,0.6647378796480782,M7_breakpoint_domain,1.8256761497935092
GB,2024-02-12,9.672772386761814,5.711491684372891,0.6558988344942148,M7_breakpoint_domain,1.6935632442969866
GB,2024-02-13,10.822263897980928,5.711491684372891,0.6452198965652384,M7_breakpoint_domain,1.894822665607923
GB,2024-02-14,10.61178903844609,5.711491684372891,0.6333372042586365,M7_breakpoint_domain,1.8579715466418019
GB,2024-02-15,10.435058564450843,5.711491684372891,0.626583442811952,M7_breakpoint_domain,1.827028583969056
GB,2024-02-16,10.5846565770287,5.711491684372891,0.6229797468612611,M7_breakpoint_domain,1.853221043110189
GB,2024-02-20,11.165968566195984,5.711491684372891,0.624222942854797,M7_breakpoint_domain,1.9550004067671125
GB,2024-02-21,10.998828747776631,5.711491684372891,0.6353962999995444,M7_breakpoint_domain,1.9257366298668221
GB,2024-02-22,10.89685369511412,5.711491684372891,0.6500024977428,M7_breakpoint_domain,1.9078822656660435
GB,2024-02-23,8.562453283115923,5.711491684372891,0.6638641540556407,M7_breakpoint_domain,1.4991623478229859
GB,2024-02-24,11.006802291411129,5.711491684372891,0.6680661269169442,M7_breakpoint_domain,1.927132682610156
GB,2024-02-25,11.189890787130311,5.711491684372891,0.66554707490928,M7_breakpoint_domain,1.9591888433886313
GB,2024-02-26,10.745747356687462,5.711491684372891,0.6640635473258141,M7_breakpoint_domain,1.8814257203750653
GB,2024-02-27,10.789677301830324,5.711491684372891,0.6607661083090242,M7_breakpoint_domain,1.8891172215748406
GB,2024-02-28,10.029052560172357,5.711491684372891,0.6534769073194121,M7_breakpoint_domain,1.7559427754421257
GB,2024-02-29,11.12499021996918,5.711491684372891,0.6425914639378749,M7_breakpoint_domain,1.9478256880611526
GB,2024-03-01,9.610372047855249,5.711491684372891,0.6335762265645307,M7_breakpoint_domain,1.6826378429561604
GB,2024-03-02,9.588881040335323,5.711491684372891,0.6273852328219158,M7_breakpoint_domain,1.678875076815972
GB,2024-03-07,9.88023382518299,5.711491684372891,0.628003507933881,M7_breakpoint_domain,1.7298867565921734
GB,2024-03-08,10.295186368350551,5.711491684372891,0.6327842749206636,M7_breakpoint_domain,1.8025389753291639
GB,2024-03-09,9.717186353985442,5.711491684372891,0.638374836787599,M7_breakpoint_domain,1.7013394907975545
GB,2024-03-10,9.653421954634943,5.711491684372891,0.6427906796285733,M7_breakpoint_domain,1.6901752621031552
GB,2024-03-11,9.811459283553098,5.711491684372891,0.6423034816929674,M7_breakpoint_domain,1.7178453240854843
GB,2024-03-12,9.074040537734474,5.711491684372891,0.6501110687576994,M7_breakpoint_domain,1.5887339138673338
GB,2024-03-13,9.860717477553486,5.711491684372891,0.67006199002056,M7_breakpoint_domain,1.7264697249815169
GB,2024-03-14,10.123436568028303,5.711491684372891,0.6878138643699467,M7_breakpoint_domain,1.7724680569398104
GB,2024-03-15,9.42159014335847,5.711491684372891,0.698068026228063,M7_breakpoint_domain,1.6495848482344309
GB,2024-03-16,8.583482007810222,5.711491684372891,0.7011002086126777,M7_breakpoint_domain,1.5028441748931074
GB,2024-03-17,8.833599367794461,5.711491684372891,0.6978984530740548,M7_breakpoint_domain,1.5466361251936884
GB,2024-03-18,6.073919238698763,5.711491684372891,0.6903563526170893,M7_breakpoint_domain,1.0634558490766086
GB,2024-03-19,7.931761669970922,5.711491684372891,0.6759106908702518,M7_breakpoint_domain,1.388737322628495
GB,2024-03-20,7.348834329629037,5.711491684372891,0.6612577017331671,M7_breakpoint_domain,1.286675134227377
GB,2024-03-21,8.477483211739608,5.711491684372891,0.6489710808770753,M7_breakpoint_domain,1.4842853111271608
GB,2024-03-22,6.234693149895643,5.711491684372891,0.6401306414975243,M7_breakpoint_domain,1.0916050472338554
GB,2024-03-23,8.741737853079563,5.711491684372891,0.635301448637581,M7_breakpoint_domain,1.5305524959438659
GB,2024-03-28,7.167957456549609,5.711491684372891,0.6309342261059494,M7_breakpoint_domain,1.2550061967457167
GB,2024-03-29,6.920099681237351,5.711491684372891,0.6284537471392341,M7_breakpoint_domain,1.211609867203573
GB,2024-03-30,6.583959027793306,5.711491684372891,0.6287918191651759,M7_breakpoint_domain,1.1527564761772406
GB,2024-03-31,7.525105125468058,5.711491684372891,0.6322426430699019,M7_breakpoint_domain,1.3175376138701842
GB,2024-04-01,8.830276332512868,5.711491684372891,0.6316497313944168,M7_breakpoint_domain,1.546054309537599
GB,2024-04-02,8.656815562587022,5.711491684372891,0.6292288767297045,M7_breakpoint_domain,1.515683824993176
GB,2024-04-03,6.55592241193997,5.711491684372891,0.6345876402305308,M7_breakpoint_domain,1.1478476682155574
GB,2024-04-04,7.000908863316204,5.711491684372891,0.6405421619052365,M7_breakpoint_domain,1.2257583920626662
GB,2024-04-05,6.571049041587545,5.711491684372891,0.6531511590883157,M7_breakpoint_domain,1.1504961233798998
GB,2024-04-06,6.733939847477491,5.711491684372891,0.676681991158156,M7_breakpoint_domain,1.179015959333724
GB,2024-04-07,6.8873708321491005,5.711491684372891,0.6956271262416068,M7_breakpoint_domain,1.2058795167282674
GB,2024-04-08,7.160434845149317,5.711491684372891,0.7039040732162397,M7_breakpoint_domain,1.2536890957472375
GB,2024-04-09,7.957186396261867,5.711491684372891,0.7057572946384243,M7_breakpoint_domain,1.3931888263154406
GB,2024-04-10,8.07468884792936,5.711491684372891,0.7040919869620231,M7_breakpoint_domain,1.4137618146275814
GB,2024-04-11,5.951392266602897,5.711491684372891,0.7002155901710353,M7_breakpoint_domain,1.0420031395452074
GB,2024-04-12,6.870452423319316,5.711491684372891,0.6884847657824749,M7_breakpoint_domain,1.2029173468145697
GB,2024-04-13,6.247364452438593,5.711491684372891,0.678809225666153,M7_breakpoint_domain,1.093823609956729
GB,2024-04-14,6.456736481765776,5.711491684372891,0.6808388074811915,M7_breakpoint_domain,1.1304816392242916
GB,2024-04-15,7.018823072207237,5.711491684372891,0.686085736503209,M7_breakpoint_domain,1.228894912236555
GB,2024-04-16,7.762602193982676,5.711491684372891,0.6867614849958374,M7_breakpoint_domain,1.3591199327527328
GB,2024-04-17,7.732468606076447,5.711491684372891,0.6843139859541945,M7_breakpoint_domain,1.3538439751620603
GB,2024-04-18,8.480636662767656,5.711491684372891,0.6826480152991743,M7_breakpoint_domain,1.4848374350209372
GB,2024-04-19,6.999074662077598,5.711491684372891,0.6823749763967096,M7_breakpoint_domain,1.2254372498217303
GB,2024-04-20,7.752100118607308,5.711491684372891,0.6845652454180975,M7_breakpoint_domain,1.3572811704896093
GB,2024-04-21,7.350121938098219,5.711491684372891,0.6919464572322086,M7_breakpoint_domain,1.2869005759403895
GB,2024-04-22,6.772128564887768,5.711491684372891,0.6984590938412358,M7_breakpoint_domain,1.1857022541793882
GB,2024-04-23,6.736772251208288,5.711491684372891,0.6995494877364472,M7_breakpoint_domain,1.1795118724659353
GB,2024-04-24,7.1767200223104775,5.711491684372891,0.6988073456791394,M7_breakpoint_domain,1.2565403959085804
GB,2024-04-25,6.803759344869352,5.711491684372891,0.6922324793228544,M7_breakpoint_domain,1.1912403485564016
GB,2024-04-26,7.191051730886863,5.711491684372891,0.6770258934804683,M7_breakpoint_domain,1.2590496718330466
GB,2024-04-27,7.012271283469361,5.711491684372891,0.6563717677022557,M7_breakpoint_domain,1.2277477883151802
GB,2024-04-28,7.073250366752301,5.711491684372891,0.6348154787462721,M7_breakpoint_domain,1.2384243482495638
GB,2024-04-30,7.905762829366095,5.711491684372891,0.5948409749695178,M7_breakpoint_domain,1.3841852997872532
GB,2024-05-01,7.93822097922558,5.711491684372891,0.5764802232348547,M7_breakpoint_domain,1.389868254723228
GB,2024-05-02,7.92856183657107,5.711491684372891,0.5606982314785482,M7_breakpoint_domain,1.388177077848903
GB,2024-05-03,7.930396504823026,5.711491684372891,0.5458597892165771,M7_breakpoint_domain,1.3884983018571557
GB,2024-05-04,7.883282169414259,5.7129550986604185,0.5335917912266587,M7_breakpoint_domain,1.3798956990337174
GB,2024-05-05,8.132816177239276,5.898067191616114,0.5256500382534278,M7_breakpoint_domain,1.378895138529411
GB,2024-05-06,8.460564819690887,6.045758862288363,0.5190744411276306,M7_breakpoint_domain,1.3994214808111787
GB,2024-05-07,8.60501401610254,6.150151296166354,0.5146503496326401,M7_breakpoint_domain,1.3991548502987894
GB,2024-05-08,8.826104845368192,6.309656836848096,0.5098531837714942,M7_breakpoint_domain,1.3988248606206537
GB,2024-05-09,9.040331992603807,6.411917994474086,0.5046414998071207,M7_breakpoint_domain,1.4099263278780139
GB,2024-05-10,9.024075875325778,6.432803011963133,0.503033982948468,M7_breakpoint_domain,1.402821733938321
GB,2024-05-11,9.145743011828284,6.578982811371399,0.5008040375668467,M7_breakpoint_domain,1.3901454486277705
GB,2024-05-12,9.366350846902003,6.6964835860311664,0.4951340022279654,M7_breakpoint_domain,1.3986969021234021
GB,2024-05-13,9.221711067189398,6.689289431501847,0.4958920223445348,M7_breakpoint_domain,1.3785785712547625
GB,2024-05-14,9.232104037928444,6.561657661549369,0.4988153795591896,M7_breakpoint_domain,1.4069774002425657
GB,2024-05-15,9.271123744895592,6.610547868668147,0.4975173838549177,M7_breakpoint_domain,1.402474337843874
GB,2024-05-16,9.317980219094588,6.6288161496859095,0.4965798535083658,M7_breakpoint_domain,1.4056778780229255
GB,2024-05-17,9.346788122715193,6.679246709174969,0.4952444478549542,M7_breakpoint_domain,1.3993775839835272
GB,2024-05-18,9.419277485470454,6.710714636698734,0.4937469845534716,M7_breakpoint_domain,1.403617646615379
GB,2024-05-19,9.38215640660213,6.720773858432794,0.49333824339385923,M7_breakpoint_domain,1.3959934680483268
GB,2024-05-20,9.44008749428007,6.779793613310573,0.4922878084404141,M7_breakpoint_domain,1.3923856731784017
GB,2024-05-21,9.503594033626516,6.853854551854406,0.49004193954917746,M7_breakpoint_domain,1.386605735754224
GB,2024-05-22,9.556563145600812,6.941105796117571,0.4874789300358476,M7_breakpoint_domain,1.3768070140850133
GB,2024-05-23,9.632782094161492,6.992428599337991,0.4850773235279566,M7_breakpoint_domain,1.37760178131436
GB,2024-05-24,9.603810570462652,6.989904096379876,0.48533032365036916,M7_breakpoint_domain,1.3739545547465435
GB,2024-05-25,9.624371458567152,6.960414361101892,0.4858367159484387,M7_breakpoint_domain,1.382729670858781
GB,2024-05-26,9.60982812913156,6.968283632554446,0.48551575352258985,M7_breakpoint_domain,1.3790810816362784
GB,2024-05-27,9.575861822103183,6.9532098854049815,0.4862685629457286,M7_breakpoint_domain,1.3771857861220664
GB,2024-05-28,9.57716058024348,6.921118533543003,0.48731090247006253,M7_breakpoint_domain,1.3837590750437294
GB,2024-05-29,9.546190187252886,6.950679074127453,0.48709430985594043,M7_breakpoint_domain,1.37341835027123
GB,2024-05-30,9.662473611558646,7.102748655898884,0.48357238050837614,M7_breakpoint_domain,1.3603851240792382
GB,2024-05-31,9.752427215184852,7.274332435725732,0.47865514121799846,M7_breakpoint_domain,1.3406628445090976
GB,2024-06-01,9.818452760111258,7.4114392492365395,0.47416573426545616,M7_breakpoint_domain,1.324770052068182
GB,2024-06-02,9.872300741521448,7.519140066983191,0.4708341106251469,M7_breakpoint_domain,1.3129560898687163
GB,2024-06-03,9.878498340977336,7.645096733662,0.4676632758355899,M7_breakpoint_domain,1.2921351665154845
GB,2024-06-04,9.875218888818642,7.781576705763181,0.4642203074125547,M7_breakpoint_domain,1.2690511527702182
GB,2024-06-05,9.916758783468646,7.891610605586103,0.46082386791586305,M7_breakpoint_domain,1.2566203882955191
GB,2024-06-06,9.898720606363185,7.98315118251939,0.45839808800137444,M7_breakpoint_domain,1.2399515404441162
GB,2024-06-07,9.889098917958671,8.133669075123043,0.45539533638081076,M7_breakpoint_domain,1.215822628954089
GB,2024-06-08,9.85996051770249,8.281971001777425,0.4515849277194344,M7_breakpoint_domain,1.1905330887522314
GB,2024-06-09,9.848179522912462,8.370575835504534,0.44879114347148813,M7_breakpoint_domain,1.176523541085494
GB,2024-06-10,9.822093202950724,8.489698874059236,0.4464864731377836,M7_breakpoint_domain,1.1569424721249766
GB,2024-06-11,9.761946331709874,8.56949802996502,0.4439282709245131,M7_breakpoint_domain,1.139150309338448
GB,2024-06-12,9.787760659725242,8.612436691900223,0.44279621951071657,M7_breakpoint_domain,1.1364682272707307
GB,2024-06-13,9.739517798926949,8.706759608344104,0.44128174329970105,M7_breakpoint_domain,1.1186156775929708
GB,2024-06-14,9.713840218515898,8.829157586895024,0.43874482879454435,M7_breakpoint_domain,1.1002001179516825
GB,2024-06-15,9.690108381836524,8.826365020766586,0.4390855991206549,M7_breakpoint_domain,1.0978594652541256
GB,2024-06-16,9.36555415815894,8.56769664876707,0.45123314076118126,M7_breakpoint_domain,1.0931239214108597
GB,2024-06-17,9.29498907038664,7.910178456670829,0.46282046400293925,M7_breakpoint_domain,1.1750669243812026
GB,2024-06-18,9.32308449939729,7.81945551233052,0.4626640261616212,M7_breakpoint_domain,1.192293310537504
GB,2024-06-19,9.388873427312918,7.890847116558601,0.4603107546454814,M7_breakpoint_domain,1.1898435350002883
GB,2024-06-20,9.40939498561567,7.899881966320842,0.4595613080228255,M7_breakpoint_domain,1.1910804523067884
GB,2024-06-21,9.352822771034749,7.877875468204289,0.4601217676464994,M7_breakpoint_domain,1.187226531922656
GB,2024-06-22,9.357226247066295,7.968046760652379,0.45889891845145475,M7_breakpoint_domain,1.1743437919157214
GB,2024-06-23,9.45141418768794,7.998391810635351,0.4571189198125161,M7_breakpoint_domain,1.1816643159591813
GB,2024-06-24,9.428454735125566,7.997563167289096,0.45728745608423416,M7_breakpoint_domain,1.1789159445078186
GB,2024-06-25,9.451549184307854,8.024100142683148,0.4569804961444316,M7_breakpoint_domain,1.177895217686975
GB,2024-06-26,9.533721982748418,8.134325997697736,0.4549087103376819,M7_breakpoint_domain,1.1720358866176193
GB,2024-06-27,9.593215561560452,8.24224218389256,0.4520349185133961,M7_breakpoint_domain,1.1639084787277953
GB,2024-06-28,9.597178550588744,8.270266933745269,0.45040193021121117,M7_breakpoint_domain,1.160443626242493
GB,2024-06-29,9.586993120008186,8.265317615469048,0.4514344055335572,M7_breakpoint_domain,1.1599061967159667
GB,2024-06-30,9.443171368469152,8.140625972729838,0.4562125430439841,M7_breakpoint_domain,1.1600055573247918
GB,2024-07-01,9.332156219413624,7.897725250919475,0.46078491329920557,M7_breakpoint_domain,1.181625838190199
GB,2024-07-02,9.385367279537286,7.917089248289495,0.45997585386605166,M7_breakpoint_domain,1.1854567992352767
GB,2024-07-03,9.423922706936228,7.919140821342523,0.4590888690389632,M7_breakpoint_domain,1.1900183264247852
GB,2024-07-04,9.343902684983457,7.883850003756209,0.46094792148064495,M7_breakpoint_domain,1.1851953906443697
GB,2024-07-05,9.331100923944511,7.847339173825102,0.4613659234101646,M7_breakpoint_domain,1.1890783254365398
GB,2024-07-06,9.372737428418192,7.942467687158817,0.45953701525393365,M7_breakpoint_domain,1.1800787611099508
GB,2024-07-07,9.47468019291548,8.069066407240424,0.45663554492331504,M7_breakpoint_domain,1.174197821003653
GB,2024-07-08,9.474364077580494,8.096524630020806,0.4546544211966407,M7_breakpoint_domain,1.1701766511585536
GB,2024-07-09,9.46897767959529,8.075758130740105,0.4563449296857381,M7_breakpoint_domain,1.1725187315296057
GB,2024-07-10,9.370173575508703,7.942681883919819,0.46066333273418186,M7_breakpoint_domain,1.1797241426071565
GB,2024-07-11,9.125954623016106,7.734320080574027,0.4673152296999442,M7_breakpoint_domain,1.179929784123803
GB,2024-07-12,8.892544844704108,7.449843239987512,0.47444899912150795,M7_breakpoint_domain,1.1936552969293102
GB,2024-07-13,8.768079951636757,7.2442759755135615,0.47843841411164995,M7_breakpoint_domain,1.2103459312254004
GB,2024-07-14,8.766917081134462,7.273535982288195,0.4781260099165402,M7_breakpoint_domain,1.2053170703331644
GB,2024-07-15,9.032987632831556,7.504321299111526,0.4731303063673438,M7_breakpoint_domain,1.2037048085748963
GB,2024-07-16,9.20338414164816,7.735327237338041,0.46646855624149364,M7_breakpoint_domain,1.1897860115372858
GB,2024-07-17,9.39727202293934,7.884354621753888,0.4614553001785814,M7_breakpoint_domain,1.1918885531874899
GB,2024-07-18,9.38896288379409,7.963658569588929,0.4586728949555999,M7_breakpoint_domain,1.1789760700751304
GB,2024-07-19,9.469560842372518,8.049016178544283,0.456725005073302,M7_breakpoint_domain,1.1764867447545806
GB,2024-07-20,9.539880918375763,8.148497680907372,0.45432094968330383,M7_breakpoint_domain,1.1707533452121512
GB,2024-07-21,9.552581133923937,8.250862194213429,0.45196244957046705,M7_breakpoint_domain,1.1577676258638088
GB,2024-07-22,9.601648967239104,8.38559019760177,0.4490914931668423,M7_breakpoint_domain,1.1450176720995882
GB,2024-07-23,9.685274758548177,8.504010622727517,0.44596612464464724,M7_breakpoint_domain,1.1389067098133268
GB,2024-07-24,9.69753792720556,8.531200220746992,0.44430248528883676,M7_breakpoint_domain,1.1367143750327364
GB,2024-07-25,9.701592823864605,8.524475993320529,0.4452832772605801,M7_breakpoint_domain,1.1380867083755555
ID,2022-11-08,3.633090672932049,3.651317941000454,0.9826430230630084,M7_breakpoint_domain,0.9950080304254713
ID,2022-11-09,3.7986473920191983,3.670878375008745,0.9679142976395282,M7_breakpoint_domain,1.0348061155826631
ID,2022-11-10,3.516335011918378,3.683956770894348,0.9930183223883826,M7_breakpoint_domain,0.9544995315090853
ID,2022-11-11,2.608203777449899,3.4998509344505035,1.0278476186593462,M7_breakpoint_domain,0.7452328188541556
ID,2022-11-12,3.359515077237525,3.4802758726789707,1.0238752392700654,M7_breakpoint_domain,0.9653013726901801
ID,2022-11-13,3.2858066787923303,3.480924168750952,1.0183309645594958,M7_breakpoint_domain,0.9439466416102266
ID,2022-11-14,3.642399131016818,3.5342099413537924,1.0071375775763334,M7_breakpoint_domain,1.030611987249853
ID,2022-11-15,3.088620058623284,3.538884396953963,1.0069983692617142,M7_breakpoint_domain,0.8727665874821352
ID,2022-11-16,3.488766004361996,3.5036942916761493,1.0158580485552509,M7_breakpoint_domain,0.9957392723019189
ID,2022-11-17,3.856759284416793,3.5687502226115986,1.0023648454964638,M7_breakpoint_domain,1.0807030595698095
ID,2022-11-18,4.002486824707363,3.5916272370443147,0.9902618100426948,M7_breakpoint_domain,1.1143937164261957
ID,2022-11-19,3.6895132987565433,3.603062623589888,0.9844400294208399,M7_breakpoint_domain,1.0239936643345158
ID,2022-11-20,3.862104805441248,3.5997564201736005,0.9839563470598093,M7_breakpoint_domain,1.0728794825664887
ID,2022-11-21,2.481471669461668,3.633303988777593,0.9776028515417988,M7_breakpoint_domain,0.6829793700517052
ID,2022-11-22,3.4894829851130447,3.6238965860855616,0.9794442480695384,M7_breakpoint_domain,0.9629090958366152
ID,2022-11-23,3.75687213782126,3.631019393726462,0.9792644854800954,M7_breakpoint_domain,1.0346604439271907
ID,2022-11-24,3.304667792065111,3.6236312903662102,0.9776202533410305,M7_breakpoint_domain,0.9119768340810237
ID,2022-11-25,3.676171185166955,3.631010937238384,0.9751199659591927,M7_breakpoint_domain,1.0124373759014118
ID,2022-11-26,3.235461649215884,3.6553760216485154,0.9703076383882954,M7_breakpoint_domain,0.8851241650802161
ID,2022-11-27,3.412782224098148,3.679586869196049,0.9702255710548525,M7_breakpoint_domain,0.9274905975636892
ID,2022-11-28,3.691898288052367,3.6796216149120298,0.9639482467298968,M7_breakpoint_domain,1.0033363955387653
ID,2022-11-29,3.9401680816979847,3.727908892972786,0.9511524763672661,M7_breakpoint_domain,1.0569378691430236
ID,2022-11-30,4.2443127017222695,3.730983585358584,0.9577260018743081,M7_breakpoint_domain,1.1375854663038807
ID,2022-12-01,4.075722786700092,3.741262145383531,0.9540285877459048,M7_breakpoint_domain,1.0893978097015369
ID,2022-12-02,4.018125869411906,3.783128845859863,0.9366933943213488,M7_breakpoint_domain,1.0621171081204956
ID,2022-12-03,3.966987013368024,3.793154841110359,0.935933308523747,M7_breakpoint_domain,1.0458278608544174
ID,2022-12-04,4.12448153716186,3.767344674072425,0.9403550953998407,M7_breakpoint_domain,1.0947980325631785
ID,2022-12-05,3.373603775149628,3.791359396343147,0.937555778297072,M7_breakpoint_domain,0.8898137640033668
ID,2022-12-06,4.082765671414429,3.778005325715711,0.936891901260637,M7_breakpoint_domain,1.0806669973767133
ID,2022-12-07,4.04517481955785,3.794106333774253,0.9350703983567916,M7_breakpoint_domain,1.0661732865915339
ID,2022-12-08,4.012540170905546,3.822698613072147,0.9296463017489656,M7_breakpoint_domain,1.0496616597458701
ID,2022-12-09,4.10360454072452,3.818449001447592,0.9266573946495044,M7_breakpoint_domain,1.0746783678841394
ID,2022-12-10,4.2352354216481,3.844180783968491,0.9218597837766093,M7_breakpoint_domain,1.1017263910455086
ID,2022-12-11,3.436803415873621,3.8477230704021994,0.9201128709591089,M7_breakpoint_domain,0.8932044622209193
ID,2022-12-12,4.07098183894573,3.87023608911011,0.9161688229977207,M7_breakpoint_domain,1.0518691225066268
ID,2022-12-13,3.9692557439562375,3.902382679676052,0.9106882084915325,M7_breakpoint_domain,1.01713647014386
ID,2022-12-14,3.8506535888357263,3.9140216566848656,0.907644557623682,M7_breakpoint_domain,0.9838099853788721
ID,2022-12-15,2.869554633265774,3.886302915760926,0.925130800216077,M7_breakpoint_domain,0.7383764712802693
ID,2022-12-16,4.103654670069369,3.8745836096171735,0.92670739307136,M7_breakpoint_domain,1.0591214653062626
ID,2022-12-17,4.309877123277044,3.924518719747674,0.9055127121100264,M7_breakpoint_domain,1.0981925252618356
ID,2022-12-18,3.953233568211024,3.925082667954889,0.9037103838688781,M7_breakpoint_domain,1.0071720528298587
ID,2022-12-19,3.9697050434055265,3.9549614930551487,0.8984118330332418,M7_breakpoint_domain,1.003727861921353
ID,2022-12-20,4.012255601283248,3.962698501453922,0.899188409405518,M7_breakpoint_domain,1.012505897133265
ID,2022-12-21,3.6751701890666433,3.9041977344661656,0.9081986106624571,M7_breakpoint_domain,0.9413381286050979
ID,2022-12-22,3.8812732273119774,3.9242170242276337,0.9037223686663172,M7_breakpoint_domain,0.9890567222326068
ID,2022-12-23,4.4154613789476125,3.9121875446121583,0.9139189572781117,M7_breakpoint_domain,1.1286425634242816
ID,2022-12-31,2.7310956305599823,4.045081718080709,0.8791394664057398,M7_breakpoint_domain,0.6751645135752212
ID,2023-01-04,3.705682848509587,4.009991885509242,0.8934627426796552,M7_breakpoint_domain,0.9241123060374946
ID,2023-01-05,3.7586048208036726,3.9583857696714473,0.8979516881811285,M7_breakpoint_domain,0.9495296920278802
ID,2023-01-06,3.732010505668573,3.979881849809588,0.8905084448888847,M7_breakpoint_domain,0.9377189189289944
ID,2023-01-07,3.8042592980482337,3.9844918850243696,0.888963297862372,M7_breakpoint_domain,0.9547664816049604
ID,2023-01-08,3.615924893587532,3.983630184985937,0.8900457110672236,M7_breakpoint_domain,0.9076959270003867
ID,2023-01-09,3.6991909541436327,3.968826145798996,0.8934046909805228,M7_breakpoint_domain,0.9320617276368298
ID,2023-01-10,3.838843578700325,3.950931431636055,0.8949542959717314,M7_breakpoint_domain,0.9716300181678134
ID,2023-01-11,3.843004740735115,3.977685050409851,0.8909028692913118,M7_breakpoint_domain,0.9661410322919209
ID,2023-01-12,3.665264669730989,3.987697229367682,0.888780084157869,M7_breakpoint_domain,0.9191431693303806
ID,2023-01-13,3.325941536656557,3.9601933394241895,0.9093673106093518,M7_breakpoint_domain,0.8398432226897657
ID,2023-01-14,3.72900013931294,3.974993246137534,0.8982686463991258,M7_breakpoint_domain,0.9381148365312009
ID,2023-01-15,3.8995646219102422,3.99773986312019,0.8910880010700079,M7_breakpoint_domain,0.975442313764427
ID,2023-01-16,3.863208415455108,3.9650654557298535,0.8923554023626366,M7_breakpoint_domain,0.9743113849160917
ID,2023-01-17,3.6988630906547617,3.954634962465633,0.895289518387772,M7_breakpoint_domain,0.9353235193036874
ID,2023-01-18,3.7819887213366297,3.942956041688557,0.9001317582399694,M7_breakpoint_domain,0.9591759789736347
ID,2023-01-19,4.014360479791928,3.919292694212428,0.9040150226016616,M7_breakpoint_domain,1.0242563628176802
ID,2023-01-20,3.797367315938294,3.888437862869599,0.9132711870495323,M7_breakpoint_domain,0.9765791430535818
ID,2023-01-21,3.5129290599443936,3.9133182974608895,0.9084314875944403,M7_breakpoint_domain,0.8976854916769015
ID,2023-01-22,3.7232205335140462,3.901546661396263,0.9130455493151529,M7_breakpoint_domain,0.9542934781104481
ID,2023-01-23,3.995575311796699,3.8611397054923655,0.9215249931932277,M7_breakpoint_domain,1.0348175970201499
ID,2023-01-24,3.8022416354811863,3.924548398530914,0.906685581119973,M7_breakpoint_domain,0.9688354555404358
ID,2023-01-25,3.7225425980885114,3.9490321994845776,0.9168599282274306,M7_breakpoint_domain,0.94264680814058
ID,2023-01-26,4.222322865638589,3.7068060894239263,0.9563633022851661,M7_breakpoint_domain,1.1390730358638155
ID,2023-01-29,3.2256614244414967,3.4231095185478644,1.0621848428311205,M7_breakpoint_domain,0.9423190835594042
ID,2023-01-30,3.5174436668273583,3.1996890090854713,1.1332693172944808,M7_breakpoint_domain,1.0993079817568605
ID,2023-02-01,3.216558109299198,2.9026144889936365,1.2421777483376386,M7_breakpoint_domain,1.1081589103534066
ID,2023-02-02,3.2216308305241816,2.7953887431144673,1.2934877654169006,M7_breakpoint_domain,1.152480433520963
ID,2023-02-03,1.907070257289562,2.6911792864629556,1.3512153692913116,M7_breakpoint_domain,0.708637386918968
ID,2023-02-05,2.8041486416991908,2.569810594627302,1.3982522995153701,M7_breakpoint_domain,1.091188839972027
ID,2023-02-09,3.2173410199311445,2.3814888260877436,1.4939579548484865,M7_breakpoint_domain,1.3509788434390937
ID,2023-02-10,2.767781243024646,2.3576268509589755,1.5185836123496463,M7_breakpoint_domain,1.1739691723899557
ID,2023-02-11,2.0497616215875256,2.2862828212898267,1.560378548208447,M7_breakpoint_domain,0.8965477072653393
ID,2023-02-12,2.7499784060585535,2.221398411792085,1.6132435687503388,M7_breakpoint_domain,1.2379492086878927
ID,2023-02-13,2.8706184452198102,2.1752792199328175,1.6471594376291672,M7_breakpoint_domain,1.3196551591700802
ID,2023-02-14,2.6252350391081687,2.083215197338892,1.7315641885596893,M7_breakpoint_domain,1.260184277870887
ID,2023-02-15,1.6653026423082389,1.929974781924002,1.8828513629413008,M7_breakpoint_domain,0.8628623844753505
ID,2023-02-16,1.2666990214823397,1.7690202376141353,2.04509596419381,M7_breakpoint_domain,0.7160455231369922
ID,2023-02-17,1.7037894713841442,1.650463476359292,2.21725948191525,M7_breakpoint_domain,1.0323097092354219
ID,2023-02-18,1.3448848787123393,1.574530508314027,2.313979595920384,M7_breakpoint_domain,0.8541497745587748
ID,2023-02-20,0.09295798114264645,1.4788136203330675,2.509527514515977,M7_breakpoint_domain,0.06285983565779565
ID,2023-02-21,0.08259282881139508,1.4788136203330675,2.5813200156031773,M7_breakpoint_domain,0.05585073580319947
ID,2023-02-22,0.08261996742415653,1.4788136203330675,2.6306988502317554,M7_breakpoint_domain,0.05586908741451026
ID,2023-02-23,0.0815101587755489,1.4788136203330675,2.656988493535323,M7_breakpoint_domain,0.05511861512148548
ID,2023-02-24,0.0811100544582399,1.4788136203330675,2.659930182939235,M7_breakpoint_domain,0.05484805748541307
ID,2023-02-25,0.08087707558953104,1.4788136203330675,2.635184775437623,M7_breakpoint_domain,0.05469051304201229
ID,2023-02-26,0.08169140997117441,1.4788136203330675,2.5919705655448597,M7_breakpoint_domain,0.05524118039484609
ID,2023-02-27,0.08660431743680698,1.4788136203330675,2.5458162478614934,M7_breakpoint_domain,0.05856337556405615
ID,2023-02-28,0.10706059009298186,1.4788136203330675,2.494028540946571,M7_breakpoint_domain,0.07239626997002435
ID,2023-03-04,0.8148265818073619,1.6175021458109835,2.23379345906516,M7_breakpoint_domain,0.5037561056210061
ID,2023-03-10,3.0097816302874203,1.9419162049678496,1.8504875451752598,M7_breakpoint_domain,1.5499029374118902
ID,2023-03-12,3.2779069914616747,2.0371556048491235,1.7611452865020072,M7_breakpoint_domain,1.609060684249716
ID,2023-03-13,0.6875183978570087,2.0244500952750597,1.781728197919811,M7_breakpoint_domain,0.3396074812916524
ID,2023-03-14,3.2559923300703946,2.064977128358874,1.7432584835441978,M7_breakpoint_domain,1.5767691977576872
ID,2023-03-16,3.0714266182529957,2.0717587619120352,1.7312983954085486,M7_breakpoint_domain,1.4825213604591505
ID,2023-03-17,2.6612459727264515,2.055409720678983,1.745481984482549,M7_breakpoint_domain,1.2947520613298145
ID,2023-03-18,1.6635437030447675,2.0294403955113,1.7648275035273062,M7_breakpoint_domain,0.819705622655477
ID,2023-03-19,2.557809381349628,2.0401798274716043,1.7579458874125173,M7_breakpoint_domain,1.2537176120006648
ID,2023-03-20,2.979746891570602,2.0556390317072935,1.748118843066526,M7_breakpoint_domain,1.4495477297372577
ID,2023-03-21,2.575035530275177,2.0547890997586298,1.7509624059654716,M7_breakpoint_domain,1.2531872641224635
ID,2023-03-22,2.6937094294713817,2.039278076848567,1.7591118058732023,M7_breakpoint_domain,1.320913248689532
ID,2023-03-23,2.3976290170785965,2.075960986873417,1.7491983797437827,M7_breakpoint_domain,1.1549489765169625
ID,2023-03-24,2.3226349567578124,2.0851319858496127,1.734539450487672,M7_breakpoint_domain,1.1139030874400146
ID,2023-03-25,1.5835674292326305,2.096749754225076,1.731943673052563,M7_breakpoint_domain,0.7552486537993613
ID,2023-03-26,1.8046758899469315,2.1235002689244715,1.7181091123746517,M7_breakpoint_domain,0.8498590352715044
ID,2023-03-27,2.0689173915725942,2.1604210086709954,1.6895022995153701,M7_breakpoint_domain,0.9576454696880167
ID,2023-03-28,2.0732291228956488,2.189570983770917,1.6557174015583356,M7_breakpoint_domain,0.9468654536721608
ID,2023-03-29,2.3470001682744925,2.238538251753869,1.6247680609584174,M7_breakpoint_domain,1.0484521166594518
ID,2023-03-30,2.2924411712631247,2.275883840500555,1.5976307503771288,M7_breakpoint_domain,1.0072751211937636
ID,2023-03-31,2.0634953210872,2.270581539209293,1.6030830820278665,M7_breakpoint_domain,0.908795956213839
ID,2023-04-01,1.7960999371769792,2.2506768232458465,1.6305051372114425,M7_breakpoint_domain,0.798026584104024
ID,2023-04-02,2.0202694635749543,2.21646286261992,1.6437569782283095,M7_breakpoint_domain,0.9114835613293066
ID,2023-04-03,1.7836981314592268,2.2256002424078103,1.635234630168561,M7_breakpoint_domain,0.8014458740036339
ID,2023-04-04,2.022106895377142,2.251172926757874,1.6122218501125043,M7_breakpoint_domain,0.8982459194235997
ID,2023-04-05,1.655375998401852,2.300493458280867,1.5818553250520093,M7_breakpoint_domain,0.7195743123907407
ID,2023-04-06,2.04229026016293,2.3389581089314504,1.5537540535577827,M7_breakpoint_domain,0.8731623932743059
ID,2023-04-07,2.5578319545252364,2.392655741400305,1.5249336345608975,M7_breakpoint_domain,1.0690346756814508
ID,2023-04-08,2.6196039239743825,2.408990419075715,1.499214822505917,M7_breakpoint_domain,1.0874281206064222
ID,2023-04-09,2.2025573674418872,2.4486050231574943,1.4798719399899456,M7_breakpoint_domain,0.8995151715410896
ID,2023-04-10,2.9036133352650495,2.5365819738488513,1.4379493863401167,M7_breakpoint_domain,1.1446952494341383
ID,2023-04-11,2.2717106231275075,2.5885919265613544,1.415897020203559,M7_breakpoint_domain,0.8775854547863065
ID,2023-04-12,2.96978182819105,2.609793473202873,1.402514647992068,M7_breakpoint_domain,1.137937487653527
ID,2023-04-13,2.32499338992457,2.593539102721711,1.3948947107251284,M7_breakpoint_domain,0.89645588434918
ID,2023-04-14,2.360595691692871,2.6310151445527628,1.3843539835146,M7_breakpoint_domain,0.897218587502331
ID,2023-04-15,2.521176199393228,2.6697072295148874,1.3571283735052013,M7_breakpoint_domain,0.9443643001451327
ID,2023-04-16,2.4599916639560964,2.7626035836300304,1.3261070801076271,M7_breakpoint_domain,0.8904613309462571
ID,2023-04-17,3.115947633494258,2.8536987267901917,1.2955377348472719,M7_breakpoint_domain,1.0918978952620697
ID,2023-04-18,2.8925217474445373,2.970374469626639,1.2526352571675683,M7_breakpoint_domain,0.9737902668575362
ID,2023-04-19,2.760719949269842,2.9465137584672374,1.2260708393466768,M7_breakpoint_domain,0.936944530239002
ID,2023-04-20,2.873113652702814,3.0050100761898992,1.207482242366299,M7_breakpoint_domain,0.9561078265486821
ID,2023-04-21,2.8465210242247463,3.0263880618307355,1.1900829581712062,M7_breakpoint_domain,0.9405670938652912
ID,2023-04-22,3.0595460555918663,3.0874679612845086,1.1685881455208296,M7_breakpoint_domain,0.9909563739469459
ID,2023-04-23,3.2529800920040217,3.2571479454538435,1.1300785960848905,M7_breakpoint_domain,0.9987203978696642
ID,2023-04-24,3.007565151036122,3.4229030782144263,1.0865958915820102,M7_breakpoint_domain,0.8786591622118125
ID,2023-04-25,3.15414267698497,3.5198718518631145,1.0513303697082608,M7_breakpoint_domain,0.8960958835235552
ID,2023-04-26,3.2246190754593047,3.7512322324885634,1.0028244639040444,M7_breakpoint_domain,0.8596159543340498
ID,2023-04-27,3.816171365718973,3.896699044039397,0.9520354243556365,M7_breakpoint_domain,0.9793343859994517
ID,2023-04-28,3.1188823154574714,3.9261318450736233,0.9506695134740335,M7_breakpoint_domain,0.7943906212347247
ID,2023-04-29,4.043201977782395,4.010012550649796,0.930662610737311,M7_breakpoint_domain,1.0082766392158102
ID,2023-04-30,3.2415245449705083,3.9323295511144702,0.9651073593454421,M7_breakpoint_domain,0.8243267769996084
ID,2023-05-01,3.409853368281239,3.9208718631155297,0.9441770492107014,M7_breakpoint_domain,0.8696671269363455
ID,2023-05-02,3.5889146688188633,3.94803071273186,0.923568107952716,M7_breakpoint_domain,0.909039196996392
ID,2023-05-03,3.6773467904177592,4.0442459273494995,0.9119560891760586,M7_breakpoint_domain,0.9092787274753598
ID,2023-05-04,3.744790627471742,4.093633483627637,0.9028074463782348,M7_breakpoint_domain,0.9147840524680382
ID,2023-05-05,3.711563550130726,4.120387605376421,0.890858239805407,M7_breakpoint_domain,0.9007801948748104
ID,2023-05-06,3.5569959235339375,4.2278996687327535,0.8825133054414539,M7_breakpoint_domain,0.8413151215104617
ID,2023-05-07,3.648365428519477,4.267549146595611,0.8704168853425699,M7_breakpoint_domain,0.8549088254624834
ID,2023-05-08,3.770022083255763,4.331499913240996,0.8576586980382028,M7_breakpoint_domain,0.870373348440145
ID,2023-05-09,3.5249970954331085,4.377703098253974,0.8433475499993447,M7_breakpoint_domain,0.8052161182056948
ID,2023-05-10,3.81672118579916,4.431007736652296,0.8343706172735905,M7_breakpoint_domain,0.8613664007462916
ID,2023-05-12,3.736761058450023,4.479138461515168,0.8359258305167471,M7_breakpoint_domain,0.8342588849521702
ID,2023-05-14,3.7275774305680662,4.361147222488525,0.8356521114215011,M7_breakpoint_domain,0.8547240531910004
ID,2023-05-15,3.90582618349157,4.373193756737619,0.8347340737193375,M7_breakpoint_domain,0.8931290038256383
ID,2023-05-16,3.673076409150253,4.348771924551956,0.8356479413452456,M7_breakpoint_domain,0.8446238324003809
ID,2023-05-17,3.1092211128391845,4.4538242486403545,0.8355233541035496,M7_breakpoint_domain,0.6981014380592936
ID,2023-05-18,3.0745949330444056,4.411592902475055,0.8368904155257071,M7_breakpoint_domain,0.696935324952457
ID,2023-05-19,3.4698730985681765,4.353017170420814,0.8906087296210361,M7_breakpoint_domain,0.7971190929698855
ID,2023-05-20,3.8109365225531926,3.5675216637739675,1.012729359390698,M7_breakpoint_domain,1.0682308004604306
ID,2023-05-21,3.38783854895142,4.324708024611313,0.9126727929198942,M7_breakpoint_domain,0.783368155646971
ID,2023-05-22,3.595894761366254,4.432657666459924,0.8366068692765127,M7_breakpoint_domain,0.8112277175327328
ID,2023-05-23,4.016095111318046,4.449818083167889,0.8357274207223441,M7_breakpoint_domain,0.9025301790447422
ID,2023-05-24,3.5759914805720032,4.383872406751353,0.8355208612656829,M7_breakpoint_domain,0.815715228176993
ID,2023-05-25,3.9159286069316033,4.412896086075402,0.8365970426291665,M7_breakpoint_domain,0.887382918280821
ID,2023-05-26,3.4378005145100765,4.355854013645761,0.8393407530581309,M7_breakpoint_domain,0.789236853149885
ID,2023-05-27,4.086283218067384,4.312659893836337,0.8557932858761543,M7_breakpoint_domain,0.9475088039999418
ID,2023-05-28,4.044948972595809,4.285585022549299,0.8655602649999518,M7_breakpoint_domain,0.9438498947781122
ID,2023-05-29,3.80887917275614,4.290600610743765,0.8738567830619615,M7_breakpoint_domain,0.887726339109405
ID,2023-05-30,3.8442528398806934,4.238485872440381,0.8796058436058227,M7_breakpoint_domain,0.9069872958352693
ID,2023-05-31,3.663046784102043,4.215657287146384,0.870362238212464,M7_breakpoint_domain,0.8689147467633906
ID,2023-06-01,3.7446986018822095,4.266834640096095,0.8569427625879092,M7_breakpoint_domain,0.8776291836324536
ID,2023-06-02,3.676539963120688,4.363933492326437,0.8378196707449721,M7_breakpoint_domain,0.8424830418670529
ID,2023-06-03,3.900759256035007,4.32942450211609,0.8349199740448764,M7_breakpoint_domain,0.9009879382648744
ID,2023-06-04,4.307971044390206,4.288901785830299,0.8379252277747922,M7_breakpoint_domain,1.0044461868124164
ID,2023-06-05,3.961338978553791,4.32599604615791,0.837489098303687,M7_breakpoint_domain,0.9157056401084819
ID,2023-06-06,3.7399925291275182,4.352968394648481,0.8349286498983675,M7_breakpoint_domain,0.8591821005926549
ID,2023-06-07,3.631451598691259,4.43828685911291,0.8353048103560509,M7_breakpoint_domain,0.8182102045150558
ID,2023-06-08,3.7768844825017744,4.476917841247041,0.8379477375774671,M7_breakpoint_domain,0.8436349775518165
ID,2023-06-09,4.435265124966438,4.438261497318607,0.8343943467925673,M7_breakpoint_domain,0.9993248770145744
ID,2023-06-10,4.136139539179172,4.459271020880317,0.833712781081667,M7_breakpoint_domain,0.9275371512096714
ID,2023-06-11,3.946926455171195,4.44539297290332,0.8311735207850156,M7_breakpoint_domain,0.8878689643929111
ID,2023-06-12,3.363415900325109,4.392423496550937,0.831603465973992,M7_breakpoint_domain,0.7657312422097196
ID,2023-06-13,3.6665400784161526,4.419599696651675,0.8306076747055611,M7_breakpoint_domain,0.8296090890751834
ID,2023-06-14,3.540589903476708,4.476640424190367,0.8303201976961079,M7_breakpoint_domain,0.7909033489365073
ID,2023-06-15,3.665830879530345,4.450806189273437,0.829529671906167,M7_breakpoint_domain,0.82363300571593
ID,2023-06-16,3.5100571970183227,4.454865257560985,0.8310949523791729,M7_breakpoint_domain,0.7879154573891782
ID,2023-06-17,3.5701742183123626,4.470127803391868,0.8379250355114313,M7_breakpoint_domain,0.7986738579606977
ID,2023-06-18,3.74673316396549,4.186759303607151,0.9290809836338513,M7_breakpoint_domain,0.8949005405535131
ID,2023-06-19,3.267812278092692,3.593129230013713,1.0648170530372403,M7_breakpoint_domain,0.9094613827959148
ID,2023-06-20,1.0512459233076363,3.1718050963838818,1.2193776166485961,M7_breakpoint_domain,0.3314345905131885
ID,2023-06-21,2.2988465736546293,3.116606737827393,1.289122736515069,M7_breakpoint_domain,0.7376120142951273
ID,2023-06-22,2.3825921029560355,2.7027651845055978,1.4096116916803707,M7_breakpoint_domain,0.8815386984466689
ID,2023-06-23,2.431023181274123,2.4799455692493235,1.5042136415239944,M7_breakpoint_domain,0.9802727976848261
ID,2023-06-24,2.3105100408351253,2.3290248977164483,1.60715123935886,M7_breakpoint_domain,0.9920503825873754
ID,2023-06-25,2.052706771288223,2.1499336207540143,1.7514645447879085,M7_breakpoint_domain,0.9547768133270589
ID,2023-06-26,1.500078320721715,1.9752015156080636,1.9104511609766917,M7_breakpoint_domain,0.7594558372237364
ID,2023-06-27,0.9439249260070818,1.802073236784164,2.065960393786008,M7_breakpoint_domain,0.5237994254282
ID,2023-06-28,0.4824387991107494,1.6911110416562347,2.186302422807091,M7_breakpoint_domain,0.2852791964732606
ID,2023-06-29,0.2846319084939729,1.6276967943712517,2.2518851902806745,M7_breakpoint_domain,0.17486789276618364
ID,2023-06-30,0.236691825473892,1.6006524914173614,2.2757335564320305,M7_breakpoint_domain,0.14787208762865436
ID,2023-07-01,0.3306713629099078,1.5909668501959633,2.281954123289328,M7_breakpoint_domain,0.2078430250568566
ID,2023-07-02,0.3026387738346698,1.6057294626246816,2.2719599716171763,M7_breakpoint_domain,0.1884743232773376
ID,2023-07-03,0.3389193382777708,1.6144086271834168,2.2575501214726814,M7_breakpoint_domain,0.20993404802913346
ID,2023-07-04,0.45791687168821577,1.631348993690465,2.2332634209007916,M7_breakpoint_domain,0.2806982892436207
ID,2023-07-05,0.6181368400544449,1.669028973559483,2.1923694954712203,M7_breakpoint_domain,0.37035716566151927
ID,2023-07-06,0.9663617750051978,1.71080530040136,2.1393119471145647,M7_breakpoint_domain,0.5648578331961484
ID,2023-07-07,1.623138474581705,1.7531554468770374,2.089151594387496,M7_breakpoint_domain,0.9258383091317222
ID,2023-07-08,2.0466437517475553,1.7996283964064783,2.036017774083183,M7_breakpoint_domain,1.1372590896177903
ID,2023-07-09,1.4258573776736003,1.8669686820966391,1.968359438665103,M7_breakpoint_domain,0.7637285999207748
ID,2023-07-10,1.2236959520678152,1.9161790243903936,1.898840915823405,M7_breakpoint_domain,0.6386125390643589
ID,2023-07-11,1.9404555866217037,1.975660677015231,1.843802374487949,M7_breakpoint_domain,0.9821805987216823
ID,2023-07-12,2.3440586720657963,2.0753728975915107,1.7815330942830436,M7_breakpoint_domain,1.129463854320396
ID,2023-07-13,2.7386272729858185,2.1024646004762557,1.7404913404276665,M7_breakpoint_domain,1.3025794928321064
ID,2023-07-14,2.429134832273536,2.1074350582718706,1.7100582233224002,M7_breakpoint_domain,1.1526499109611779
ID,2023-07-15,2.6143872413023743,2.1499130650279836,1.6736703570517928,M7_breakpoint_domain,1.2160432362730653
ID,2023-07-16,3.321597675645148,2.184311447057762,1.6415071130153038,M7_breakpoint_domain,1.520661204298176
ID,2023-07-17,2.86997898294811,2.210084601898122,1.6224680541392393,M7_breakpoint_domain,1.2985833123687847
ID,2023-07-18,2.8733659981129733,2.246476848685639,1.5974354089441718,M7_breakpoint_domain,1.2790543556209415
ID,2023-07-19,2.8997597556259027,2.28461686017328,1.5720569476586808,M7_breakpoint_domain,1.2692542921205467
ID,2023-07-20,2.9141229242571622,2.331571109469334,1.5395949137238596,M7_breakpoint_domain,1.2498537627361566
ID,2023-07-21,3.093532303852481,2.3724111418046494,1.5107767479955436,M7_breakpoint_domain,1.3039612946258918
ID,2023-07-22,3.3703435151523387,2.4011436489635503,1.4944207598929673,M7_breakpoint_domain,1.4036409344385297
ID,2023-07-23,2.590074279419018,2.41484921167398,1.4802828071545073,M7_breakpoint_domain,1.0725614944808797
ID,2023-07-24,3.2648795802274435,2.4317990371847507,1.4655172656998008,M7_breakpoint_domain,1.3425778735430107
ID,2023-07-25,3.156517366406193,2.4599591208676763,1.4499688206596733,M7_breakpoint_domain,1.2831584637442377
ID,2023-07-26,3.3747908550815637,2.465991710778048,1.4445372457915464,M7_breakpoint_domain,1.368532927475567
ID,2023-07-28,4.024613371210188,2.493402125344951,1.4344863369050371,M7_breakpoint_domain,1.6141052140369863
ID,2023-07-29,4.045303462704923,2.5001370402002245,1.429813793172337,M7_breakpoint_domain,1.6180326908723983
ID,2023-07-30,3.6636000689394392,2.531224597438173,1.4166201958646625,M7_breakpoint_domain,1.4473627005076246
ID,2023-07-31,3.9565960401609046,2.5367418771838186,1.4076024209756455,M7_breakpoint_domain,1.5597156635240108
ID,2023-08-01,3.1322287409239067,2.52129879127373,1.417863053305341,M7_breakpoint_domain,1.2423076359551746
ID,2023-08-02,3.3868512184679886,2.4624048768777755,1.449988858481088,M7_breakpoint_domain,1.3754241840043673
ID,2023-08-04,2.832202938482155,2.384727571656556,1.532822259207918,M7_breakpoint_domain,1.1876421324364357
ID,2023-08-05,2.303507025729965,2.2192487087244817,1.6713693906889155,M7_breakpoint_domain,1.0379670456376704
ID,2023-08-06,2.306435522838786,2.056892431880761,1.7608460645177153,M7_breakpoint_domain,1.1213204380988706
ID,2023-08-07,2.365739532978777,2.0031951440590707,1.7948502732492841,M7_breakpoint_domain,1.1809830609838057
ID,2023-08-08,2.2725968586031806,1.9770270574686784,1.8132231545144077,M7_breakpoint_domain,1.1495021527489564
ID,2023-08-09,2.2504768568403466,1.96903921774794,1.8173800901588066,M7_breakpoint_domain,1.1429314543639697
ID,2023-08-10,2.3516250671037935,1.985534371985801,1.8069711893875793,M7_breakpoint_domain,1.1843789260378568
ID,2023-08-11,2.353484628680761,2.0116569740623924,1.7858273214343756,M7_breakpoint_domain,1.1699234307964907
ID,2023-08-12,2.7879456677504666,2.0735410371808913,1.7466689956801242,M7_breakpoint_domain,1.344533634859165
ID,2023-08-13,2.7762121597079163,2.1444084403231103,1.692041320749326,M7_breakpoint_domain,1.29462844274648
ID,2023-08-14,4.546720502328924,2.186399439599872,1.6497505648006139,M7_breakpoint_domain,2.0795470488965226
ID,2023-08-15,3.790891293438402,2.2418819790115556,1.6131645758641393,M7_breakpoint_domain,1.6909415075943486
ID,2023-08-16,3.5621609156943848,2.274877983683482,1.5756270894441589,M7_breakpoint_domain,1.5658690009943015
ID,2023-08-17,1.8513591148892865,2.309048752411841,1.559788962445151,M7_breakpoint_domain,0.8017843334643802
ID,2023-08-18,3.2251532733870443,2.295024691006361,1.5616807882142019,M7_breakpoint_domain,1.4052804250976596
ID,2023-08-19,3.266896846751875,2.292987977601475,1.554964794527637,M7_breakpoint_domain,1.4247335261518177
ID,2023-08-20,3.0140387097817785,2.3085265738543552,1.5474711698066224,M7_breakpoint_domain,1.305611442345014
ID,2023-08-21,3.279630525833329,2.3267236333373225,1.5380815489869992,M7_breakpoint_domain,1.4095488088240244
ID,2023-08-22,3.252336458608851,2.3498517473900793,1.5228207251538455,M7_breakpoint_domain,1.38406027623706
ID,2023-08-23,3.5613268008606256,2.386071219037022,1.5038455182389228,M7_breakpoint_domain,1.492548408633803
ID,2023-08-24,3.334996099655773,2.4442203734439603,1.4721213273308615,M7_breakpoint_domain,1.3644416583258776
ID,2023-08-25,3.642029640321287,2.526560929837637,1.4289090344990854,M7_breakpoint_domain,1.441496857372576
ID,2023-08-26,3.614445260305197,2.584668310783571,1.3889672301424372,M7_breakpoint_domain,1.3984174469216275
ID,2023-08-27,3.6470839476153945,2.648743668149557,1.353308147278279,M7_breakpoint_domain,1.3769108696589314
ID,2023-08-28,3.833739740165826,2.702581120797288,1.3262700662603648,M7_breakpoint_domain,1.4185475176540991
ID,2023-08-30,1.3866973369669615,2.795807794617045,1.3370210929442592,M7_breakpoint_domain,0.4959916556627613
ID,2023-08-31,2.8881010185644604,2.675107233465774,1.350623638329098,M7_breakpoint_domain,1.0796206531215347
ID,2023-09-01,3.613066286163561,2.6716132766794463,1.3543889773500144,M7_breakpoint_domain,1.3523912003664875
ID,2023-09-02,3.4592699369988686,2.521529674612768,1.4595334587222064,M7_breakpoint_domain,1.3718934073342244
ID,2023-09-03,2.571524567322105,2.3320329310867978,1.5975754323516682,M7_breakpoint_domain,1.1026965070015957
ID,2023-09-04,2.4092369815658574,2.126215982376436,1.7384366650269334,M7_breakpoint_domain,1.1331101833187678
ID,2023-09-05,2.198560274458425,1.9786709728179883,1.8490198640798754,M7_breakpoint_domain,1.1111297960404576
ID,2023-09-06,1.8641352277249763,1.8803396599142828,1.9292194251747363,M7_breakpoint_domain,0.9913821781592135
ID,2023-09-07,1.6576163828501131,1.8247986839646009,1.9721595332186395,M7_breakpoint_domain,0.9083831533946181
ID,2023-09-08,1.1718305126284458,1.8060458424873231,1.9837949450533918,M7_breakpoint_domain,0.6488376347161692
ID,2023-09-09,1.5138347143326134,1.8122548128323157,1.9786121619150423,M7_breakpoint_domain,0.8353321528591716
ID,2023-09-10,1.7842506199793289,1.8151871324816928,1.9736089979285185,M7_breakpoint_domain,0.9829568467356486
ID,2023-09-11,1.4012571699454004,1.827153409733351,1.9665157415628576,M7_breakpoint_domain,0.7669072353097572
ID,2023-09-12,2.452284852222574,1.8461797651737448,1.9484990788123824,M7_breakpoint_domain,1.328302312961267
ID,2023-09-13,2.1481922091721715,1.8699385412769567,1.924947920946047,M7_breakpoint_domain,1.1488036434102262
ID,2023-09-14,2.0418732298283664,1.9133272118407665,1.8885480706379036,M7_breakpoint_domain,1.0671845449079924
ID,2023-09-15,2.350083480758292,1.9636477671367736,1.840407107520968,M7_breakpoint_domain,1.1967948224161336
ID,2023-09-16,2.6964924859672914,2.028053452571601,1.7821971633295384,M7_breakpoint_domain,1.3295963587883248
ID,2023-09-17,2.3819464149703355,2.0770080678028657,1.7337275939113497,M7_breakpoint_domain,1.146816159212152
ID,2023-09-18,2.520917462700835,2.1342331812683484,1.6892309781395152,M7_breakpoint_domain,1.1811818337500894
ID,2023-09-19,3.6005378501082164,2.192130179064441,1.6400025685827557,M7_breakpoint_domain,1.642483591756789
ID,2023-10-03,3.6022100540459947,2.6856906673631613,1.3311233308597015,M7_breakpoint_domain,1.3412602195109393
ID,2023-10-04,3.537777999584819,2.7237708742019975,1.3120139007992913,M7_breakpoint_domain,1.2988530103954896
ID,2023-10-05,3.5707454535300913,2.757811951687742,1.2948288936371588,M7_breakpoint_domain,1.2947748128166772
ID,2023-10-06,3.507603033731479,2.7828534680182155,1.2817666431235863,M7_breakpoint_domain,1.2604339660863952
ID,2023-10-07,3.673992356237038,2.8114403845444556,1.2677411504049696,M7_breakpoint_domain,1.3068007333302725
ID,2023-10-08,3.63207307615353,2.8851525550882,1.2435791334597577,M7_breakpoint_domain,1.258884238113536
ID,2023-10-09,3.6414582557418265,2.950143384351853,1.2160987875143534,M7_breakpoint_domain,1.234332634493918
ID,2023-10-10,3.692004116569157,2.985323776869521,1.1968314536152214,M7_breakpoint_domain,1.2367181560589977
ID,2023-10-12,1.92760325657218,2.9607420838309713,1.2459003782265514,M7_breakpoint_domain,0.6510540945457871
ID,2023-10-13,3.5319649202848034,2.8789297942401735,1.2372227623502652,M7_breakpoint_domain,1.2268325984715385
ID,2023-10-14,3.266473406303258,2.8992843782667577,1.2335765933159528,M7_breakpoint_domain,1.1266481586935644
ID,2023-10-15,3.4458180867383925,2.8356938600113275,1.2803760930182544,M7_breakpoint_domain,1.2151587078319617
ID,2023-10-16,3.4316631059215683,2.705305003893774,1.328610484423352,M7_breakpoint_domain,1.2684939779368092
ID,2023-10-17,3.5050555572035966,2.6478223461054027,1.3532518206300752,M7_breakpoint_domain,1.323750274394002
ID,2023-10-18,3.4913638320384868,2.6054109193039414,1.371678198991353,M7_breakpoint_domain,1.340043448106541
ID,2023-10-19,2.940582948680811,2.5823390287921466,1.383321328909006,M7_breakpoint_domain,1.138728461249423
ID,2023-10-20,2.9309415854362624,2.5704336788815123,1.3901606646848377,M7_breakpoint_domain,1.1402517830032557
ID,2023-10-21,3.1411880282270523,2.5552240997065523,1.3938721714152218,M7_breakpoint_domain,1.22931997572651
ID,2023-10-22,3.215087091485793,2.5927268168843036,1.3788649805367592,M7_breakpoint_domain,1.2400408213270167
ID,2023-10-23,3.031166395344317,2.625399689974842,1.3637373244270157,M7_breakpoint_domain,1.1545542596500282
ID,2023-10-24,3.134593697370215,2.680962497589174,1.3383062762567226,M7_breakpoint_domain,1.1692046047600309
ID,2023-10-25,3.29378978623347,2.7104436535527867,1.3198832531321258,M7_breakpoint_domain,1.2152216416364334
ID,2023-10-26,3.326305241615914,2.750908172288374,1.3009145176278678,M7_breakpoint_domain,1.2091662219494914
ID,2023-10-27,3.264677504452848,2.780537159812619,1.284304128783662,M7_breakpoint_domain,1.1741175595987559
ID,2023-10-28,3.357183697573325,2.8203243437687644,1.2655208607590802,M7_breakpoint_domain,1.1903537637402235
ID,2023-10-29,3.702817039169798,2.878982732350361,1.2449876120621541,M7_breakpoint_domain,1.2861546537123099
ID,2023-10-30,3.5260548379576155,2.9072907083176864,1.225600820034679,M7_breakpoint_domain,1.2128318739745083
ID,2023-10-31,3.548829186830988,2.952634069458231,1.2080062409526615,M7_breakpoint_domain,1.2019197446577425
ID,2023-11-01,3.954309875017085,3.04215881645471,1.183778502037956,M7_breakpoint_domain,1.29983676513818
ID,2023-11-02,3.628270631584905,3.149164522726691,1.1389132516279763,M7_breakpoint_domain,1.1521375289860631
ID,2023-11-03,3.73517907348006,3.2184012140404104,1.1107954422531392,M7_breakpoint_domain,1.16056974412798
ID,2023-11-04,3.9147140527386046,3.2512066704663103,1.0966652559167207,M7_breakpoint_domain,1.2040803460141554
ID,2023-11-05,3.7613202146717306,3.3046115758459114,1.082274772698285,M7_breakpoint_domain,1.1382034252267337
ID,2023-11-06,3.8746069061741166,3.3496792212477637,1.0660172466254447,M7_breakpoint_domain,1.156709837048461
ID,2023-11-07,3.863624856514465,3.3880116537846408,1.0504324176400512,M7_breakpoint_domain,1.1403812180511632
ID,2023-11-08,3.9855864546484936,3.4278382308047957,1.0356659657206904,M7_breakpoint_domain,1.1627113610063065
ID,2023-11-09,4.029698290828781,3.482159319904578,1.0217055711288483,M7_breakpoint_domain,1.1572412174808842
ID,2023-11-10,3.7984574069953703,3.516273949855611,1.0103848164309845,M7_breakpoint_domain,1.0802507032056892
ID,2023-11-11,4.2395218518275755,3.580466244496732,0.9960953834519289,M7_breakpoint_domain,1.1840697725732867
ID,2023-11-12,3.868594056659485,3.647964486862124,0.9774961922905658,M7_breakpoint_domain,1.0604801857561779
ID,2023-11-13,3.647522175655135,3.722299297747119,0.9589039521850676,M7_breakpoint_domain,0.9799110398948192
ID,2023-11-14,3.961808226839544,3.7510109962531497,0.9481662050366867,M7_breakpoint_domain,1.0561974440482733
ID,2023-11-15,3.5380355801655203,3.736435982057015,0.9501486796340981,M7_breakpoint_domain,0.9469011638780254
ID,2023-11-16,3.7391093675784073,3.7165648920859935,0.9554940646517649,M7_breakpoint_domain,1.0060659442649367
ID,2023-11-17,3.538207856841746,3.774984571108421,0.9440172283109916,M7_breakpoint_domain,0.9372774352301122
ID,2023-11-18,4.029511968673796,3.8001081264144614,0.932523661572946,M7_breakpoint_domain,1.0603677144512689
ID,2023-11-19,4.0355156420217915,3.8577683378925887,0.9193803493090622,M7_breakpoint_domain,1.0460751627782559
ID,2023-11-20,4.067131350481334,3.903938336617699,0.9082435755960389,M7_breakpoint_domain,1.0418021494686367
ID,2023-11-21,3.890531844756872,3.930314374857575,0.9033576172291932,M7_breakpoint_domain,0.9898780284968568
ID,2023-11-22,3.388701655937052,3.9080438339527297,0.9124884754741718,M7_breakpoint_domain,0.8671094286344283
ID,2023-11-23,3.942047070658838,3.938492244248672,0.9040945495379987,M7_breakpoint_domain,1.0009025856062956
ID,2023-11-24,3.421389960911251,3.952300623267188,0.8957399319643162,M7_breakpoint_domain,0.8656704757653134
ID,2023-11-25,3.958725947072448,4.00182575761652,0.8892075362556763,M7_breakpoint_domain,0.9892299632331463
ID,2023-11-26,3.5566918633270137,3.991491151331292,0.9162217453301996,M7_breakpoint_domain,0.8910684574963272
ID,2023-11-27,4.020001267133468,3.874376363768908,0.9221924172231019,M7_breakpoint_domain,1.0375866693608722
ID,2023-11-28,4.099762245972879,3.897513455029048,0.9084179689962293,M7_breakpoint_domain,1.0518917492594835
ID,2023-11-29,4.103019527310119,3.9112736017725545,0.9108317305733271,M7_breakpoint_domain,1.049023910127552
ID,2023-12-01,3.83301228747524,3.793099426353989,0.9383446260887217,M7_breakpoint_domain,1.0105224927255905
ID,2023-12-02,3.623164450662771,3.745479608981637,0.952053880057139,M7_breakpoint_domain,0.9673432587843878
ID,2023-12-03,3.4597713511156223,3.593104392114748,0.9912983483559128,M7_breakpoint_domain,0.9628919657075001
ID,2023-12-04,3.1936332311887066,3.5574682905933717,1.0165932074939863,M7_breakpoint_domain,0.8977264083093264
ID,2023-12-05,3.4148230310151466,3.339056642065655,1.1151492549043753,M7_breakpoint_domain,1.0226909564800373
ID,2023-12-06,3.307705022498156,3.0092467848791817,1.2269726746159078,M7_breakpoint_domain,1.0991803793290278
ID,2023-12-07,3.199655509607023,2.775195874317892,1.3090830919449958,M7_breakpoint_domain,1.1529476312706965
ID,2023-12-08,3.3522303893748324,2.6430004456290277,1.3622280338880304,M7_breakpoint_domain,1.2683427257527418
ID,2023-12-09,3.0005651938879674,2.5706863698811175,1.3930990456514043,M7_breakpoint_domain,1.167223364562644
ID,2023-12-10,3.3823751198454266,2.5377243117022164,1.4187403449759215,M7_breakpoint_domain,1.3328378911169623
ID,2023-12-11,3.3419849312383687,2.4853632876897738,1.4426504051916278,M7_breakpoint_domain,1.3446665716000226
ID,2023-12-12,3.0708069921805956,2.4952271757955677,1.4295277052595314,M7_breakpoint_domain,1.2306723099076189
ID,2023-12-13,2.880962856398448,2.463683715754335,1.4568888321392883,M7_breakpoint_domain,1.169372041539167
ID,2024-01-12,0.08257102363691664,1.4788136203330675,2.933229243171458,M7_breakpoint_domain,0.055835990757455614
ID,2024-01-13,0.08160375977713058,1.4788136203330675,2.9880105071605985,M7_breakpoint_domain,0.055181909778969494
ID,2024-01-14,0.08220833500219513,1.4788136203330675,3.025742041035364,M7_breakpoint_domain,0.05559073426959623
ID,2024-01-15,0.08215044624746186,1.4788136203330675,3.0622087157877163,M7_breakpoint_domain,0.05555158886686439
ID,2024-01-16,0.08330030509356186,1.4788136203330675,3.103761916598107,M7_breakpoint_domain,0.05632914381380965
ID,2024-01-17,0.08211015231452597,1.4788136203330675,3.133466299166944,M7_breakpoint_domain,0.055524341394713836
ID,2024-01-18,0.08307820624391805,1.4788136203330675,3.152221754234125,M7_breakpoint_domain,0.05617895663228113
ID,2024-01-19,0.08290374526192328,1.4788136203330675,3.1725127789969205,M7_breakpoint_domain,0.05606098302181663
ID,2024-01-20,0.08252423193491848,1.4788136203330675,3.191674794928928,M7_breakpoint_domain,0.05580434937861328
ID,2024-01-23,0.08326337995105094,1.4788136203330675,3.1627984333039576,M7_breakpoint_domain,0.056304174377497185
ID,2024-01-24,0.08134097298211376,1.4788136203330675,3.1393622758545727,M7_breakpoint_domain,0.055004208687091785
ID,2024-01-25,0.08077775943847311,1.4788136203330675,3.112794215415163,M7_breakpoint_domain,0.054623353699082
ID,2024-01-26,0.08197109632983278,1.4788136203330675,3.0973389117879617,M7_breakpoint_domain,0.05543030927140821
ID,2024-01-27,0.08086002814238616,1.4788136203330675,3.066674891567211,M7_breakpoint_domain,0.054678985255879886
ID,2024-01-28,0.07944686279494113,1.4788136203330675,3.0509737681866964,M7_breakpoint_domain,0.05372337778241968
ID,2024-02-04,0.08019798482980815,1.4788136203330675,2.7847757810677263,M7_breakpoint_domain,0.05423129982515678
ID,2024-02-05,0.08231170590950546,1.4788136203330675,2.746921432308129,M7_breakpoint_domain,0.05566063551062419
ID,2024-02-12,0.08247991404950396,1.4788136203330675,2.5681549412268527,M7_breakpoint_domain,0.05577438083842325
ID,2024-02-16,0.09665721105748185,1.4788136203330675,2.510185159711046,M7_breakpoint_domain,0.06536132053998266
ID,2024-02-17,0.09958864095645811,1.4788136203330675,2.5008903104901012,M7_breakpoint_domain,0.06734360543286594
ID,2024-02-18,0.09721920855333104,1.4788136203330675,2.514890061003674,M7_breakpoint_domain,0.06574135321490664
ID,2024-02-23,0.08141590838919747,1.4788136203330675,2.606886341834432,M7_breakpoint_domain,0.05505488133850193
ID,2024-03-02,0.10389321756345812,1.4788136203330675,2.4995081000306802,M7_breakpoint_domain,0.07025443648541636
ID,2024-03-05,1.2008613286854497,1.5475961391128763,2.327707738182866,M7_breakpoint_domain,0.7759526522040923
ID,2024-03-09,1.0056621359086664,1.5570310496164927,2.314648987356796,M7_breakpoint_domain,0.6458844453720867
ID,2024-03-16,0.08114687558705069,1.4788136203330675,2.693195687005135,M7_breakpoint_domain,0.054872956585816604
ID,2024-03-17,0.08129475884309519,1.4788136203330675,2.7381774233136924,M7_breakpoint_domain,0.05497295786658056
ID,2024-03-18,0.08164993940840126,1.4788136203330675,2.7760211781456063,M7_breakpoint_domain,0.05521313726472952
ID,2024-03-19,0.08315488809130935,1.4788136203330675,2.79277072673199,M7_breakpoint_domain,0.056230810257604125
ID,2024-03-20,0.08149566527361071,1.4788136203330675,2.7990623359222897,M7_breakpoint_domain,0.05510881435840154
ID,2024-03-21,0.08165835357332914,1.4788136203330675,2.8008334568907607,M7_breakpoint_domain,0.05521882707229701
ID,2024-03-22,0.08212624417845106,1.4788136203330675,2.8026845849473703,M7_breakpoint_domain,0.055535222998523696
ID,2024-03-23,0.08207166084934174,1.4788136203330675,2.805285444696497,M7_breakpoint_domain,0.05549831278322758
ID,2024-03-24,0.08214004078975377,1.4788136203330675,2.799112670045124,M7_breakpoint_domain,0.05554455251179908
ID,2024-03-25,0.0815244248773311,1.4788136203330675,2.7877217834789105,M7_breakpoint_domain,0.05512826211255051
ID,2024-03-26,0.0812287396193305,1.4788136203330675,2.7975724128159656,M7_breakpoint_domain,0.05492831449647837
ID,2024-03-27,0.08264682714879013,1.4788136203330675,2.81954645036928,M7_breakpoint_domain,0.05588725043672231
ID,2024-03-28,0.08194194684982399,1.4788136203330675,2.854036402720389,M7_breakpoint_domain,0.05541059787599773
ID,2024-03-29,0.08224290042353238,1.4788136203330675,2.8622950017698563,M7_breakpoint_domain,0.05561410802059635
ID,2024-03-30,0.08047715703910512,1.4788136203330675,2.88711734799816,M7_breakpoint_domain,0.05442008102480119
ID,2024-03-31,0.08091471186521525,1.4788136203330675,2.9283923231761677,M7_breakpoint_domain,0.05471596335919001
ID,2024-04-01,0.08128848167582442,1.4788136203330675,2.975254763868355,M7_breakpoint_domain,0.05496871313473305
ID,2024-04-02,0.08155008609535426,1.4788136203330675,3.0240127698396946,M7_breakpoint_domain,0.0551456146833345
ID,2024-04-03,0.08274565547703155,1.4788136203330675,3.101585490930892,M7_breakpoint_domain,0.05595407990521149
ID,2024-04-04,0.08287724963418305,1.4788136203330675,3.1654236313072595,M7_breakpoint_domain,0.05604306620838191
ID,2024-04-05,0.0824237961564804,1.4788136203330675,3.210053621413485,M7_breakpoint_domain,0.055736432923789554
ID,2024-04-06,0.08253323481883683,1.4788136203330675,3.260396896600201,M7_breakpoint_domain,0.055810437288404326
ID,2024-04-07,0.08179004238369594,1.4788136203330675,3.299806171221118,M7_breakpoint_domain,0.055307877381650494
ID,2024-04-08,0.08237385103597222,1.4788136203330675,3.324810485241593,M7_breakpoint_domain,0.0557026591474181
ID,2024-04-09,0.08254988898666193,1.4788136203330675,3.328973365092221,M7_breakpoint_domain,0.05582169913208504
ID,2024-04-10,0.08238660822208312,1.4788136203330675,3.3224363201687286,M7_breakpoint_domain,0.05571128578294234
ID,2024-04-11,0.08217355251641131,1.4788136203330675,3.3330856727705216,M7_breakpoint_domain,0.05556721373576724
ID,2024-04-12,0.08270672723337397,1.4788136203330675,3.3475134020797372,M7_breakpoint_domain,0.055927755936374356
ID,2024-04-13,0.0827121923336588,1.4788136203330675,3.396658304860856,M7_breakpoint_domain,0.05593145153412223
ID,2024-04-14,0.08169517140998012,1.4788136203330675,3.502655821940119,M7_breakpoint_domain,0.055243723946483685
ID,2024-04-15,0.08146419321222174,1.4788136203330675,3.6397973028509645,M7_breakpoint_domain,0.05508753239226582
ID,2024-04-16,0.08257684613127762,1.4788136203330675,3.776266709503879,M7_breakpoint_domain,0.055839928031416936
ID,2024-04-17,0.08101496915277401,1.4788136203330675,3.8951012340392692,M7_breakpoint_domain,0.05478375911531523
ID,2024-04-18,0.08176310892787181,1.4788136203330675,4.0011764446956395,M7_breakpoint_domain,0.055289664501099615
ID,2024-04-19,0.0815836824080392,1.4788136203330675,4.09473819699626,M7_breakpoint_domain,0.05516833310587471
ID,2024-04-20,0.08147648121835228,1.4788136203330675,4.178712445380689,M7_breakpoint_domain,0.05509584175996543
ID,2024-04-23,0.08327222205399115,1.4788136203330675,4.348254936044156,M7_breakpoint_domain,0.05631015356433901
ID,2024-04-24,0.08249219001608844,1.4788136203330675,4.363659139281389,M7_breakpoint_domain,0.055782682064768274
ID,2024-04-25,0.08188125913819905,1.4788136203330675,4.350625075491587,M7_breakpoint_domain,0.05536955976897024
ID,2024-04-26,0.08227362049432009,1.4788136203330675,4.3099544874751885,M7_breakpoint_domain,0.05563488147734934
ID,2024-04-27,0.08312046046491503,1.4788136203330675,4.252313313273837,M7_breakpoint_domain,0.05620752968598851
ID,2024-04-28,0.08340808618530478,1.4788136203330675,4.183055998285412,M7_breakpoint_domain,0.056402027299775004
ID,2024-04-29,0.08338345930803315,1.4788136203330675,4.10457233550534,M7_breakpoint_domain,0.056385374168553444
ID,2024-04-30,0.08220549509924154,1.4788136203330675,4.013127856217894,M7_breakpoint_domain,0.05558881387684724
ID,2024-05-01,0.08235182443022769,1.4788136203330675,3.9158269379208575,M7_breakpoint_domain,0.05568776436592456
ID,2024-05-02,0.08271767509107732,1.4788136203330675,3.81062680180902,M7_breakpoint_domain,0.05593515907193709
ID,2024-05-03,0.08249684723709555,1.4788136203330675,3.704156100671333,M7_breakpoint_domain,0.05578583136021908
ID,2024-05-04,0.08315479264654445,1.4788136203330675,3.595827033545936,M7_breakpoint_domain,0.056230745716161185
ID,2024-05-05,0.08307151125318134,1.4788136203330675,3.4946805290639458,M7_breakpoint_domain,0.05617442936079495
ID,2024-05-06,0.08283400264253646,1.4788136203330675,3.3901117206718556,M7_breakpoint_domain,0.05601382182555235
ID,2024-05-07,0.08190186894234175,1.4788136203330675,3.289086832215001,M7_breakpoint_domain,0.05538349648409061
ID,2024-05-08,0.08236383130578367,1.4788136203330675,3.195755320570878,M7_breakpoint_domain,0.055695883628143206
ID,2024-05-09,0.0818497355075328,1.4788136203330675,3.1117999114014694,M7_breakpoint_domain,0.05534824293077453
ID,2024-05-10,0.08289663562681912,1.4788136203330675,3.048442657805604,M7_breakpoint_domain,0.05605617536045457
ID,2024-05-11,0.08163631160772347,1.4788136203330675,2.991109573705397,M7_breakpoint_domain,0.05520392190419293
ID,2024-05-12,0.08079439942717724,1.4788136203330675,2.929437777418777,M7_breakpoint_domain,0.05463460595458962
ID,2024-05-13,0.08173193213495787,1.4788136203330675,2.886801253445482,M7_breakpoint_domain,0.05526858220074393
ID,2024-05-14,0.08087349607210549,1.4788136203330675,2.890048252984135,M7_breakpoint_domain,0.054688092508838715
ID,2024-05-15,0.08157174918543256,1.4788136203330675,2.86826097739527,M7_breakpoint_domain,0.055160263649086806
ID,2024-05-16,0.08149544582771297,1.4788136203330675,2.8821982184983144,M7_breakpoint_domain,0.05510866596519314
ID,2024-05-17,0.08172493269333955,1.4788136203330675,2.9279998654203756,M7_breakpoint_domain,0.05526384905417152
ID,2024-05-18,0.08211613627679647,1.4788136203330675,2.988493710129732,M7_breakpoint_domain,0.05552838785613955
ID,2024-05-19,0.08297026846535993,1.4788136203330675,3.065831923596592,M7_breakpoint_domain,0.05610596719191216
ID,2024-05-20,0.08264286024250224,1.4788136203330675,3.1480764203802485,M7_breakpoint_domain,0.05588456794432885
ID,2024-05-21,0.08268362982862434,1.4788136203330675,3.2296590057609014,M7_breakpoint_domain,0.055912137061600656
ID,2024-05-22,0.08317183512672657,1.4788136203330675,3.3111140792293314,M7_breakpoint_domain,0.05624227014354527
ID,2024-05-23,0.08327715841269105,1.4788136203330675,3.3899951383882945,M7_breakpoint_domain,0.056313491617648787
ID,2024-05-24,0.08254054676982994,1.4788136203330675,3.481117722607753,M7_breakpoint_domain,0.055815381759359003
ID,2024-05-25,0.08270411307656414,1.4788136203330675,3.5740537078813372,M7_breakpoint_domain,0.05592598819717187
ID,2024-05-26,0.08213499067338728,1.4788136203330675,3.6583975489278027,M7_breakpoint_domain,0.05554113753353741
ID,2024-05-27,0.0820260219347513,1.4788136203330675,3.726845642855486,M7_breakpoint_domain,0.055467450939677504
ID,2024-05-28,0.08200415825569192,1.4788136203330675,3.775949416344807,M7_breakpoint_domain,0.05545266633209832
ID,2024-05-29,0.08217730442890704,1.4788136203330675,3.797097358749188,M7_breakpoint_domain,0.055569750845545066
ID,2024-05-30,0.08135772633424009,1.4788136203330675,3.790987909361121,M7_breakpoint_domain,0.05501553760095623
ID,2024-05-31,0.08205709452225704,1.4788136203330675,3.7638070244627047,M7_breakpoint_domain,0.05548846277448786
ID,2024-06-01,0.08177173689366163,1.4788136203330675,3.7212541021302252,M7_breakpoint_domain,0.05529549888460217
ID,2024-06-02,0.08184685281676754,1.4788136203330675,3.6796021043490224,M7_breakpoint_domain,0.05534629360414836
ID,2024-06-03,0.08195927603828902,1.4788136203330675,3.6355209093315226,M7_breakpoint_domain,0.055422316180608104
ID,2024-06-04,0.08215262663873182,1.4788136203330675,3.5921195058949515,M7_breakpoint_domain,0.055553063286115055
ID,2024-06-05,0.08195089139325067,1.4788136203330675,3.5404268096414033,M7_breakpoint_domain,0.055416646334913514
ID,2024-06-06,0.08287207148455566,1.4788136203330675,3.484714756632226,M7_breakpoint_domain,0.056039564651758286
ID,2024-06-07,0.08280072369816185,1.4788136203330675,3.415260900591245,M7_breakpoint_domain,0.055991318013092796
ID,2024-06-09,0.08339914266836526,1.4788136203330675,3.256671201136154,M7_breakpoint_domain,0.056395979534988046
ID,2024-06-10,0.0834653640193241,1.4788136203330675,3.1705556641042403,M7_breakpoint_domain,0.05644075958708408
ID,2024-06-11,0.08240977496113183,1.4788136203330675,3.0719696558401086,M7_breakpoint_domain,0.05572695154279888
ID,2024-06-12,0.08239158670184007,1.4788136203330675,2.965398239404115,M7_breakpoint_domain,0.05571465231925801
ID,2024-06-13,0.0810714987808977,1.4788136203330675,2.851031340747232,M7_breakpoint_domain,0.05482198545252665
ID,2024-06-14,0.08053486767537231,1.4788136203330675,2.729111903271389,M7_breakpoint_domain,0.05445910598066696
ID,2024-06-15,0.08163186004431458,1.4788136203330675,2.6104034163300076,M7_breakpoint_domain,0.05520091167805782
LF,2022-04-12,1.4186717516856224,2.259723883884472,1.4918966073632434,M7_breakpoint_domain,0.6278075661380901
LF,2022-04-14,1.3974283906869116,2.259723883884472,1.5294892603032368,M7_breakpoint_domain,0.6184067003286827
LF,2022-04-15,1.3992175278158607,2.259723883884472,1.5404086794096534,M7_breakpoint_domain,0.6191984506578749
LF,2022-04-19,1.4426203150432069,2.259723883884472,1.5135221575700828,M7_breakpoint_domain,0.6384055704024061
LF,2022-04-20,1.4106611447147182,2.259723883884472,1.4663897470026845,M7_breakpoint_domain,0.6242626166741166
LF,2022-04-21,1.429937314743126,2.259723883884472,1.4158414963787715,M7_breakpoint_domain,0.6327929376420359
LF,2022-04-23,1.4317791339583623,2.259723883884472,1.324952534648479,M7_breakpoint_domain,0.6336080014772114
LF,2022-04-24,1.413982454682304,2.259723883884472,1.288031047578078,M7_breakpoint_domain,0.625732402425939
LF,2022-04-25,1.4145101032334644,2.259723883884472,1.2585296345998074,M7_breakpoint_domain,0.6259659037642764
LF,2022-04-26,1.5207702563833876,2.259723883884472,1.2280711781714868,M7_breakpoint_domain,0.6729894157551581
LF,2022-04-27,2.3194840360515507,2.259723883884472,1.1886155491346189,M7_breakpoint_domain,1.0264457762265853
LF,2022-05-03,4.3593818244794456,2.259723883884472,0.9394349408573763,M7_breakpoint_domain,1.9291657071773103
LF,2022-05-04,4.382915589002888,2.259723883884472,0.8983215099301675,M7_breakpoint_domain,1.939580149707779
LF,2022-05-05,4.565638622999633,2.259723883884472,0.8547973664676876,M7_breakpoint_domain,2.020440928894059
LF,2022-05-06,4.544387650217768,2.259723883884472,0.8338125650872523,M7_breakpoint_domain,2.011036694627466
LF,2022-05-07,4.479087037168671,2.259723883884472,0.8295635593276645,M7_breakpoint_domain,1.9821390874840457
LF,2022-05-08,4.586720979179632,2.317087066153182,0.789790770661573,M7_breakpoint_domain,1.9795203409401818
LF,2022-05-09,4.7184328661407005,2.6008595973747486,0.7219766155423253,M7_breakpoint_domain,1.8141820769192556
LF,2022-05-10,4.843377885679046,2.787315142521419,0.6720311113062266,M7_breakpoint_domain,1.737649902514325
LF,2022-05-11,4.832341949116304,2.8429348942991632,0.6499923637679378,M7_breakpoint_domain,1.69977228771803
LF,2022-05-12,4.754317653736604,2.84007307337487,0.656058876303798,M7_breakpoint_domain,1.6740124394359437
LF,2022-05-13,4.818449227371777,2.7140931388602514,0.6858829358147369,M7_breakpoint_domain,1.7753440950059742
LF,2022-05-14,4.708590618359398,2.5617515382274036,0.7060548787664934,M7_breakpoint_domain,1.8380356362028356
LF,2022-05-15,4.7335159251754115,2.555091207347544,0.7047678895532474,M7_breakpoint_domain,1.8525819788990248
LF,2022-05-17,4.721369245751404,2.6092617669009246,0.7008269189806008,M7_breakpoint_domain,1.8094655375873132
LF,2022-05-18,4.87008645512841,2.8063901023261435,0.6730157163238959,M7_breakpoint_domain,1.7353561969491422
LF,2022-05-20,4.862436901833613,2.964684766862168,0.6286337513507789,M7_breakpoint_domain,1.6401193665456824
LF,2022-05-21,4.771528791001955,3.0138549134381845,0.6286620171366492,M7_breakpoint_domain,1.583197907014916
LF,2022-05-22,4.847679059316983,3.343893414873207,0.5957177871929887,M7_breakpoint_domain,1.4497109978910008
LF,2022-05-23,4.952945500791278,3.6349861786612103,0.5503331477615708,M7_breakpoint_domain,1.3625761577491007
LF,2022-05-24,4.905057643014153,3.6761506463791394,0.5319588601635442,M7_breakpoint_domain,1.3342917945556552
LF,2022-05-25,5.014663027717475,3.659614596201223,0.5398893593863897,M7_breakpoint_domain,1.3702708019917804
LF,2022-05-26,4.976770842882843,3.513151685203189,0.5616038392893805,M7_breakpoint_domain,1.4166114329319097
LF,2022-05-27,4.753034005867341,3.331691023921848,0.5765386339151088,M7_breakpoint_domain,1.4266130837884186
LF,2022-05-29,4.902533748587319,3.764815503659174,0.5292879822758513,M7_breakpoint_domain,1.302197609370858
LF,2022-05-30,4.720975015326703,3.788049805131834,0.519750703745159,M7_breakpoint_domain,1.246281136254068
LF,2022-05-31,5.050154634275114,3.961944435418127,0.5115677034168029,M7_breakpoint_domain,1.2746656891825243
LF,2022-06-01,5.0745991559487065,4.224664735681627,0.4867513613615616,M7_breakpoint_domain,1.2011838745660717
LF,2022-06-03,4.862735938868967,4.086499391083871,0.5019038022982396,M7_breakpoint_domain,1.1899514654226373
LF,2022-06-04,5.006119131095426,4.073911198886716,0.5024670624811104,M7_breakpoint_domain,1.2288238222923111
LF,2022-06-06,4.895203051922058,4.640893069775227,0.4504389807698132,M7_breakpoint_domain,1.054797638799971
LF,2022-06-07,4.586016520724346,4.741607975438352,0.43917353246687296,M7_breakpoint_domain,0.9671859302751358
LF,2022-06-08,4.640697276737236,4.742075342889166,0.44013152269744493,M7_breakpoint_domain,0.978621582572713
LF,2022-06-09,4.802043809926611,4.583086570043094,0.4570217507672784,M7_breakpoint_domain,1.047775060875941
LF,2022-06-10,4.928447042936607,4.34550966102172,0.47217406163359676,M7_breakpoint_domain,1.1341470684425603
LF,2022-06-11,4.742161661621482,4.197785323714177,0.4904481554556448,M7_breakpoint_domain,1.1296817955010725
LF,2022-06-12,4.586966410880499,3.926928315403656,0.5140742495774241,M7_breakpoint_domain,1.1680799959825587
LF,2022-06-13,4.939658220298185,4.1125570754355385,0.5042042267509469,M7_breakpoint_domain,1.2011160282255906
LF,2022-06-14,4.860760117661665,4.432377276413512,0.4699864356013125,M7_breakpoint_domain,1.096648550999427
LF,2022-06-15,4.842555944208887,4.485537461247769,0.4564345361980265,M7_breakpoint_domain,1.079593245189798
LF,2022-06-16,4.9319277478651244,4.633094677285768,0.4511570752904,M7_breakpoint_domain,1.0644996684493448
LF,2022-06-17,4.656970636631624,4.832465658218935,0.4367187002844154,M7_breakpoint_domain,0.9636841658069863
LF,2022-06-19,4.398327011381468,5.2605136937606325,0.41527577045499386,M7_breakpoint_domain,0.8361021883847992
LF,2022-07-18,4.66081161364653,4.691576766110024,0.463799334304297,M7_breakpoint_domain,0.9934424706240067
LF,2022-07-19,4.9471636649664354,4.176879598679774,0.48482584999533024,M7_breakpoint_domain,1.1844161527974455
LF,2022-07-20,4.7806340556714835,4.175309770349918,0.48271732029943687,M7_breakpoint_domain,1.1449770959798358
LF,2022-07-21,5.0836951955964524,4.126179927572016,0.4941262405476977,M7_breakpoint_domain,1.2320585347299362
LF,2022-07-22,4.960393837718713,3.938721531959604,0.5133210549767968,M7_breakpoint_domain,1.2593918603965901
LF,2022-07-23,4.497921334150724,3.7266490076183647,0.5404548321296773,M7_breakpoint_domain,1.2069613545455051
LF,2022-07-25,4.590028393351121,3.2262977909125854,0.6011975390944172,M7_breakpoint_domain,1.4226921043307639
LF,2022-07-26,4.4615591667586765,3.0235629922119496,0.6322459771110301,M7_breakpoint_domain,1.4755965654595908
LF,2022-07-27,4.688985415223953,2.8437896867011823,0.6559537832393392,M7_breakpoint_domain,1.6488509811930614
LF,2022-07-29,4.970629754441717,2.77872573900207,0.6592910874288701,M7_breakpoint_domain,1.7888162493599784
LF,2022-07-30,5.084372852882721,2.778276717532969,0.6610553784130793,M7_breakpoint_domain,1.8300455173513097
LF,2022-07-31,4.883660615341664,2.7531764323527197,0.6658359206499136,M7_breakpoint_domain,1.7738276987822188
LF,2022-08-01,4.870294918913204,2.80245377155247,0.6620458772139115,M7_breakpoint_domain,1.7378680670315625
LF,2022-08-02,5.059488273176045,2.9599765585185573,0.6405511914117233,M7_breakpoint_domain,1.7093001154401963
LF,2022-08-03,5.089229264536328,3.145002730949674,0.6127787568088158,M7_breakpoint_domain,1.6181954993086987
LF,2022-08-04,5.140459679252877,3.4171988927443353,0.5808709931492196,M7_breakpoint_domain,1.504290455603127
LF,2022-08-05,5.191565122446073,3.80283077899752,0.5383891810856596,M7_breakpoint_domain,1.3651843650572963
LF,2022-08-06,5.226372669009003,4.118380374901184,0.5000205866323324,M7_breakpoint_domain,1.2690359299641925
LF,2022-08-25,4.789485368004312,4.4837281329303975,0.464022318463759,M7_breakpoint_domain,1.068192634791638
LF,2022-08-26,4.867282388034444,4.278834552816618,0.4776278365028417,M7_breakpoint_domain,1.1375252601974222
LF,2022-08-28,5.222518939758267,4.066770424014483,0.5014444533979836,M7_breakpoint_domain,1.284193203756728
LF,2022-08-29,5.272340928715694,3.823171080711903,0.5314618223676535,M7_breakpoint_domain,1.379049176039997
LF,2022-08-30,4.885060731675052,3.507109328430637,0.5731832130263981,M7_breakpoint_domain,1.3929023233105258
LF,2022-08-31,5.196760730748491,3.124031377227578,0.627639289538252,M7_breakpoint_domain,1.6634790446184178
LF,2022-09-01,4.972268924931236,2.806372097286981,0.6743354030084621,M7_breakpoint_domain,1.7717782077929383
LF,2022-09-03,4.8013323272048964,2.428705344971396,0.745299474770319,M7_breakpoint_domain,1.9769101826806597
LF,2022-09-04,4.829651163698372,2.3029477154935933,0.7791615182155329,M7_breakpoint_domain,2.097160578681756
LF,2022-09-05,4.786586040313965,2.259723883884472,0.8162429978213371,M7_breakpoint_domain,2.118217218683289
LF,2022-09-06,4.677640999071521,2.259723883884472,0.8397632987409535,M7_breakpoint_domain,2.070005557949249
LF,2022-09-20,4.257500989559117,2.259723883884472,0.9747040352034524,M7_breakpoint_domain,1.8840801833896892
LF,2022-09-21,4.380772877269281,2.259723883884472,0.9645451376654255,M7_breakpoint_domain,1.9386319313219451
LF,2022-09-22,4.486474465500769,2.259723883884472,0.9516489743910594,M7_breakpoint_domain,1.985408260494422
LF,2022-09-23,4.492294914003721,2.259723883884472,0.9319674439882791,M7_breakpoint_domain,1.9879839948770435
LF,2022-09-24,4.6487984999016,2.259723883884472,0.9050140207276081,M7_breakpoint_domain,2.0572418307631026
LF,2022-09-25,4.603363434660344,2.259723883884472,0.8907801109733731,M7_breakpoint_domain,2.0371353630812403
LF,2022-09-26,4.602203547853196,2.259723883884472,0.8903965253555272,M7_breakpoint_domain,2.0366220761193152
LF,2022-09-27,4.860696592718978,2.259723883884472,0.8698459718295319,M7_breakpoint_domain,2.151013505403778
LF,2022-09-29,5.177023278447387,3.3298603264479305,0.5979745570089777,M7_breakpoint_domain,1.554726856657644
LF,2022-09-30,5.116776424312444,3.3089748368845,0.5995669927999298,M7_breakpoint_domain,1.5463328301190842
LF,2022-10-01,4.943783367387713,2.937014814472111,0.6516056576683229,M7_breakpoint_domain,1.6832681071362903
LF,2022-10-02,4.940858152566597,3.0084571841095955,0.647156262987445,M7_breakpoint_domain,1.6423229084541313
LF,2022-10-03,4.9497404887261265,3.4781776285986066,0.5853831381554415,M7_breakpoint_domain,1.4230844474496915
LF,2022-10-04,5.183824245111968,3.5266435515478674,0.5518021686389993,M7_breakpoint_domain,1.469903087550981
LF,2022-10-07,4.923389387567923,3.275526962363339,0.5913939552579989,M7_breakpoint_domain,1.5030831509369191
LF,2022-10-08,5.021317097057589,3.475546022225788,0.5666759143550362,M7_breakpoint_domain,1.4447563246024486
LF,2022-10-09,4.987683031288668,3.657836350356695,0.5415505300407913,M7_breakpoint_domain,1.363561010815121
LF,2022-10-10,5.096167605487633,3.800233855282022,0.5257980359336809,M7_breakpoint_domain,1.3410142111134467
LF,2022-10-11,4.72663582991109,4.012272632667668,0.5063809393229267,M7_breakpoint_domain,1.1780445305304337
LF,2022-10-13,4.681579133372077,3.910968355091832,0.5115501584165736,M7_breakpoint_domain,1.197038356824585
LF,2022-10-14,4.708300880330824,4.444121723942214,0.4871536516701378,M7_breakpoint_domain,1.0594446265873805
LF,2022-10-19,1.6827198894408275,10.165487699637676,0.27373404843518945,M7_breakpoint_domain,0.16553262756894624
LF,2022-10-20,1.949467939311241,10.547672158343405,0.24401125165105192,M7_breakpoint_domain,0.1848244721722011
LF,2022-10-21,2.491826773651984,9.27365639079985,0.27096929468640807,M7_breakpoint_domain,0.26869949334375376
LF,2022-10-25,4.8976840418467,4.900877414583416,0.4425078355003437,M7_breakpoint_domain,0.99934840795503
LF,2022-10-26,4.517592694936105,4.6100923931849165,0.4537000128435416,M7_breakpoint_domain,0.9799353916668668
LF,2022-11-09,1.401044062765212,15.78010797541136,0.1810064716439814,M7_breakpoint_domain,0.08878545476040631
LF,2022-11-12,3.893890959548234,5.302304019807938,0.4363288963968826,M7_breakpoint_domain,0.7343771584959552
LF,2022-11-20,1.3998837950215377,13.5874373342577,0.1948920205002171,M7_breakpoint_domain,0.10302780138621447
LF,2022-12-15,4.528859617231367,5.012314928681159,0.4407437193469199,M7_breakpoint_domain,0.9035465013015457
LF,2023-01-12,2.172790071497837,9.903265357201088,0.2597355246079763,M7_breakpoint_domain,0.2194013785481279
LF,2023-02-06,5.28726306288163,5.003263781958329,0.4470526380445251,M7_breakpoint_domain,1.0567628039016046
LF,2023-02-07,5.25302478573864,4.3181396137398425,0.476402119678475,M7_breakpoint_domain,1.2165018400572545
LF,2023-02-08,4.752069370424367,4.152977969497643,0.4908390192742113,M7_breakpoint_domain,1.1442558581641578
LF,2023-02-10,4.735507489352684,3.737366413053156,0.5324479231188093,M7_breakpoint_domain,1.2670707032667208
LF,2023-02-11,3.696183894733678,3.5421969039395105,0.5820265002404168,M7_breakpoint_domain,1.0434721713586583
LF,2023-02-12,4.754408381692588,3.1411749949537535,0.6219401336002923,M7_breakpoint_domain,1.5135764130716907
LF,2023-02-13,5.546795601212242,3.772055165797424,0.5505668468579134,M7_breakpoint_domain,1.4704969459373303
LF,2023-02-15,5.124216687089045,3.24240324956314,0.6244076101461385,M7_breakpoint_domain,1.5803761261895628
LF,2023-02-16,5.102291516645843,2.7315804933097394,0.710382755055964,M7_breakpoint_domain,1.8678898641802841
LF,2023-02-17,5.102654455169143,2.3276860899878247,0.7906336963289559,M7_breakpoint_domain,2.1921574722284967
LF,2023-02-18,5.431134194208396,2.259723883884472,0.827625765768926,M7_breakpoint_domain,2.403450365304039
LF,2023-02-19,4.443946646453144,2.259723883884472,0.8670523919349011,M7_breakpoint_domain,1.966588342118147
LF,2023-02-20,3.5820710632571746,2.259723883884472,0.9439008946078449,M7_breakpoint_domain,1.585180866035537
LF,2023-03-09,5.410831390136116,2.4454773370938345,0.7314612576450876,M7_breakpoint_domain,2.2125870103405907
LF,2023-03-11,5.244604267704113,2.4276633160340206,0.7433050006098766,M7_breakpoint_domain,2.160350750890786
LF,2023-03-13,3.296608583828554,2.369324930872133,0.7626235623883443,M7_breakpoint_domain,1.3913704029675211
LF,2023-03-14,5.5904925877124825,2.9579395697443283,0.6827228890572695,M7_breakpoint_domain,1.8899955377370001
LF,2023-03-15,5.574623842899305,3.265641255073806,0.5941960494999333,M7_breakpoint_domain,1.7070533495490503
LF,2023-03-16,4.507378517892708,3.2489417218553993,0.6078930548560938,M7_breakpoint_domain,1.3873374482441143
LF,2023-03-19,5.471487450045049,3.1238880066026096,0.6634962919981314,M7_breakpoint_domain,1.7514992338011426
LF,2023-03-20,5.5940729188080365,3.326540782928582,0.58038059297647,M7_breakpoint_domain,1.681648680670372
LF,2023-03-21,5.481818157552053,3.3027655693946563,0.5927007982452719,M7_breakpoint_domain,1.6597660482929104
LF,2023-03-22,5.373672792015366,3.0331457450803665,0.6430389363308818,M7_breakpoint_domain,1.7716500437643774
LF,2023-03-23,5.086717667656521,2.7292686721166985,0.6815542639930616,M7_breakpoint_domain,1.8637658210877022
LF,2023-03-24,5.038993743629456,2.6136362986856674,0.6938553528477281,M7_breakpoint_domain,1.9279628715607604
LF,2023-03-26,4.7664495344386415,2.7147705835993294,0.6877203596534103,M7_breakpoint_domain,1.7557467151125274
LF,2023-03-27,5.373601282235588,2.9766538473784805,0.6465524970889828,M7_breakpoint_domain,1.8052489667107525
LF,2023-03-28,5.521622955487547,3.292945333788708,0.600654010031984,M7_breakpoint_domain,1.6768037108999398
LF,2023-03-29,5.746768441467621,3.685687546803515,0.5515808893684607,M7_breakpoint_domain,1.5592120516161547
LF,2023-03-30,5.637490970398696,3.848168671867465,0.5175619786065908,M7_breakpoint_domain,1.4649802155535185
LF,2023-03-31,5.391478071058758,3.790835733529746,0.5404080948652152,M7_breakpoint_domain,1.4222399623838653
LF,2023-04-03,5.351401344408063,3.1494837544113676,0.5992874196018729,M7_breakpoint_domain,1.699136036790966
LF,2023-04-04,5.101917930657752,3.141759268375668,0.6012978398984002,M7_breakpoint_domain,1.6239047918192384
LF,2023-04-05,4.73248209031025,3.1933614992236588,0.5956175075317468,M7_breakpoint_domain,1.481975057149267
LF,2023-04-06,5.090903426108317,3.242752097021604,0.5883943242340688,M7_breakpoint_domain,1.5699329685991719
LF,2023-04-13,4.891620308971715,4.10525043552437,0.5161608714824749,M7_breakpoint_domain,1.1915522294675551
LF,2023-04-14,5.694948547803384,3.782843737838237,0.5330361264806867,M7_breakpoint_domain,1.505467564213437
LF,2023-04-15,5.361151579289816,3.8149933322357032,0.5173091062706572,M7_breakpoint_domain,1.4052846525286105
LF,2023-04-16,5.489788751639274,3.9990243814916457,0.5149923173669556,M7_breakpoint_domain,1.3727820157954551
LF,2023-04-17,4.673562218347946,5.285694811460025,0.44753358129811893,M7_breakpoint_domain,0.8841907043545343
LF,2023-04-20,5.002700866974954,4.724451337443023,0.44189236907489055,M7_breakpoint_domain,1.0588956282238957
LF,2023-04-21,4.948210644012145,4.670514666483707,0.4515587697571024,M7_breakpoint_domain,1.05945725414829
LF,2023-04-22,4.787363277462025,4.709975171813527,0.4561830292577854,M7_breakpoint_domain,1.0164306822914102
LF,2023-05-26,1.3970762422461929,12.021989890419388,0.22882678696281974,M7_breakpoint_domain,0.11621006630188206
LF,2023-06-21,4.641640725148563,3.252596062548222,0.5967594926392512,M7_breakpoint_domain,1.4270572293296402
LF,2023-06-22,4.816653031323003,3.1600375672065293,0.611624751192186,M7_breakpoint_domain,1.5242391676947438
LF,2023-06-23,4.524112630621431,2.943741237529515,0.6391125464823779,M7_breakpoint_domain,1.5368581222234792
LF,2023-06-24,5.031671203409409,3.0431894392070324,0.624890797835153,M7_breakpoint_domain,1.6534203025890224
LF,2023-06-25,5.009921677142968,3.0650310628123165,0.6150925479330754,M7_breakpoint_domain,1.63454189353178
LF,2023-06-27,4.776135073056619,2.583965828617628,0.7310192134727325,M7_breakpoint_domain,1.8483739297790018
LF,2023-06-28,4.626663669312099,2.2815628358490776,0.7939601619061732,M7_breakpoint_domain,2.0278484539700603
LF,2023-06-29,4.561560771836939,2.259723883884472,0.8367480933599786,M7_breakpoint_domain,2.018636349497534
LF,2023-06-30,4.501780007194826,2.259723883884472,0.8665304855176883,M7_breakpoint_domain,1.9921814515923304
LF,2023-07-01,4.4067843778126905,2.259723883884472,0.8918383638850584,M7_breakpoint_domain,1.9501428511864978
LF,2023-07-03,4.259228055663059,2.259723883884472,0.9189607012290975,M7_breakpoint_domain,1.8848444653076082
LF,2023-07-04,4.204171067564677,2.259723883884472,0.9168857330142236,M7_breakpoint_domain,1.8604799894125537
LF,2023-07-05,4.361473668546502,2.259723883884472,0.8996416521153278,M7_breakpoint_domain,1.9300914149958515
LF,2023-07-06,4.427771696150485,2.259723883884472,0.8757008509840322,M7_breakpoint_domain,1.9594304099397897
LF,2023-07-07,4.3670739660357,2.259723883884472,0.8514364301349002,M7_breakpoint_domain,1.9325697255226983
LF,2023-07-08,4.77585434342153,2.259723883884472,0.8222850061906701,M7_breakpoint_domain,2.1134681000104414
LF,2023-07-09,4.664012572543071,2.2613814552564087,0.7869739265543445,M7_breakpoint_domain,2.0624616699239
LF,2023-07-10,4.435424814422591,2.304030379013701,0.7677334897158861,M7_breakpoint_domain,1.9250721929809311
LF,2023-07-11,4.523965122090033,2.495243686036169,0.7421737334168363,M7_breakpoint_domain,1.8130353950625955
LF,2023-07-12,4.986068163791566,2.8540369566817283,0.6778527041005322,M7_breakpoint_domain,1.7470229851503614
LF,2023-07-13,5.226140352786051,3.0419011601368,0.6256577602071873,M7_breakpoint_domain,1.7180506787245584
LF,2023-07-14,4.800266223072505,3.0591061265186625,0.614017512193958,M7_breakpoint_domain,1.569172831717128
LF,2023-07-16,4.769228452298939,3.0334777357931526,0.6193833091475169,M7_breakpoint_domain,1.572198271319089
LF,2023-07-17,5.136035404918788,3.139678968228647,0.6078420388344055,M7_breakpoint_domain,1.635847313337405
LF,2023-07-18,5.097203534135743,3.265159260636289,0.5896151346396503,M7_breakpoint_domain,1.5610887945301752
LF,2023-07-19,5.1192475738486545,3.404558402875282,0.573068794018055,M7_breakpoint_domain,1.503645104024431
LF,2023-07-20,5.103462314582528,3.5946350635997253,0.5514365692206721,M7_breakpoint_domain,1.4197442088799521
LF,2023-07-21,5.07121032601404,3.795029700515851,0.5280568268532069,M7_breakpoint_domain,1.3362768479321046
LF,2023-07-22,5.049350299282375,3.826987988443896,0.5167571237570999,M7_breakpoint_domain,1.3194058394041388
LF,2023-07-23,4.679928475521683,3.8406408254365014,0.5198103352701187,M7_breakpoint_domain,1.2185280238981455
LF,2023-07-24,5.341490105784063,4.2521042841550845,0.4956432203156506,M7_breakpoint_domain,1.2561992248610725
LF,2023-07-25,5.196032047024506,4.74096058434528,0.4546971876699761,M7_breakpoint_domain,1.095987185420161
LF,2023-07-26,4.999390493779666,4.9793662021498655,0.4256350058812771,M7_breakpoint_domain,1.0040214538993246
LF,2023-07-27,5.295144866918254,4.968044352964738,0.4290060384767032,M7_breakpoint_domain,1.0658409005061147
LF,2023-07-28,4.804021879429464,4.68552186921114,0.4539382592466897,M7_breakpoint_domain,1.0252906748759396
LF,2023-08-01,5.409772505472533,3.870091467032155,0.5187989540054199,M7_breakpoint_domain,1.3978409946008612
LF,2023-08-02,5.38685703854537,3.772582660079839,0.5208833068872893,M7_breakpoint_domain,1.4278963574601617
LF,2023-08-03,5.227506729042415,3.760064372563756,0.5285578011409717,M7_breakpoint_domain,1.3902705408945166
LF,2023-08-04,4.469547318633003,3.611036396338227,0.5529678679967506,M7_breakpoint_domain,1.2377464052052616
LF,2023-08-05,4.608945131155397,3.372316557443998,0.5748507576666266,M7_breakpoint_domain,1.3667000273096204
LF,2023-08-06,5.002919777485724,3.30692262666647,0.5774711209016355,M7_breakpoint_domain,1.5128626648664283
LF,2023-08-07,5.014182379218883,3.310891348234077,0.5761267086938009,M7_breakpoint_domain,1.514450899119141
LF,2023-08-08,5.026822683283419,3.295652687329219,0.5789222618050791,M7_breakpoint_domain,1.5252889670716887
LF,2023-08-09,5.249042643991388,3.283576384959599,0.5803515297063636,M7_breakpoint_domain,1.5985748551593304
LF,2023-08-10,5.379985419468157,3.264236458967165,0.5844702164163519,M7_breakpoint_domain,1.6481604464311492
LF,2023-08-11,5.434342743413162,3.3514960752259144,0.5791425870274762,M7_breakpoint_domain,1.6214677330472032
LF,2023-08-12,5.4452265704459055,3.587442879407096,0.5544513592478025,M7_breakpoint_domain,1.5178573578698622
LF,2023-08-13,5.626116632084246,3.674094013720093,0.5342330972526073,M7_breakpoint_domain,1.5312935953937912
LF,2023-08-14,3.7529615558887985,3.6632881526406664,0.538226135288323,M7_breakpoint_domain,1.0244789379136041
LF,2023-08-15,5.268214039984469,3.585747866142064,0.5416345599643823,M7_breakpoint_domain,1.4692092798071115
LF,2023-08-16,5.358412114667636,3.5845983460368624,0.5435213943988073,M7_breakpoint_domain,1.4948431030193117
LF,2023-08-17,5.070316727044876,3.530904157119737,0.5497378777517071,M7_breakpoint_domain,1.435982541984624
LF,2023-08-19,5.228470314874126,3.790163238089135,0.5211081622621669,M7_breakpoint_domain,1.3794842033004715
LF,2023-08-21,5.29717686809716,3.802808609930399,0.5228001513897403,M7_breakpoint_domain,1.3929643617258223
LF,2023-08-22,5.210956874666098,4.007423774547781,0.5071470853379756,M7_breakpoint_domain,1.3003258871103869
LF,2023-08-24,5.290187898272657,4.460501884249553,0.4641791360974637,M7_breakpoint_domain,1.1860073228424814
LF,2023-08-25,5.400961017154494,4.5011222857929285,0.45504099893793837,M7_breakpoint_domain,1.199914304528398
LF,2023-08-27,5.650707426670533,4.342014897094888,0.4749047233171931,M7_breakpoint_domain,1.3014021279501486
LF,2023-08-28,5.805448087620393,4.160147667640645,0.4911057960431914,M7_breakpoint_domain,1.3954908698980992
LF,2023-08-29,5.608016760814641,3.9004100954944914,0.566985638492582,M7_breakpoint_domain,1.437801826862429
LF,2023-09-01,4.574454887736883,3.3609194383009515,0.6506850093689882,M7_breakpoint_domain,1.3610724599960693
LF,2023-09-02,5.326456097247698,3.8604937810552866,0.5245131476406276,M7_breakpoint_domain,1.3797344068746777
LF,2023-09-03,5.229644625684428,3.844625211334572,0.5320774512275542,M7_breakpoint_domain,1.3602482266064835
LF,2023-09-04,4.978743033918832,3.4537995067233984,0.5859535838871072,M7_breakpoint_domain,1.4415263608170874
LF,2023-09-05,5.128470512705041,3.0112910559513613,0.6451006556896736,M7_breakpoint_domain,1.7030803125355136
LF,2023-09-06,4.987184293980876,2.717726745399915,0.6816209566813468,M7_breakpoint_domain,1.8350572964784984
LF,2023-09-07,5.137920854471676,2.619686989647737,0.696289567333067,M7_breakpoint_domain,1.9612728065510452
LF,2023-09-08,4.81274864630449,2.556436012342323,0.7080622523747898,M7_breakpoint_domain,1.8826008642769942
LF,2023-09-09,4.820177177735626,2.500034547692067,0.7215680716208812,M7_breakpoint_domain,1.9280442273029479
LF,2023-09-11,5.195020546018786,2.464036329497577,0.7238528807500799,M7_breakpoint_domain,2.1083376425209055
LF,2023-09-12,5.286445429730011,2.465543454630754,0.7226527721296987,M7_breakpoint_domain,2.1441298955007557
LF,2023-09-13,5.011169552936301,2.4883504896595343,0.7207466604070076,M7_breakpoint_domain,2.013851976946362
LF,2023-09-14,5.114156500639106,2.492207518812212,0.7177602088181662,M7_breakpoint_domain,2.0520588522566197
LF,2023-09-28,4.919533288588491,4.036622868951574,0.5115682173753128,M7_breakpoint_domain,1.218725020468963
LF,2023-09-29,5.164557229470217,4.087592915693826,0.49324222053806244,M7_breakpoint_domain,1.2634715188103773
LF,2023-09-30,4.99224282089438,4.0232884788376415,0.4994936984126574,M7_breakpoint_domain,1.2408364071215388
LF,2023-10-01,4.7054695858049795,4.483666756460905,0.47488537405831915,M7_breakpoint_domain,1.0494690710509338
LF,2023-10-02,4.776522355563805,4.903330710540089,0.4377392898150878,M7_breakpoint_domain,0.9741383230171076
LF,2023-10-04,4.917305155108718,4.912412431841763,0.43202996880801575,M7_breakpoint_domain,1.0009959919560583
LF,2023-10-05,5.210957846361401,4.663332559400894,0.4526595862450648,M7_breakpoint_domain,1.1174321753777863
LF,2023-10-06,5.265916810596313,4.3953565493053,0.46696768819139867,M7_breakpoint_domain,1.1980636272678735
LF,2023-10-07,5.079927654890726,5.144211203925796,0.4442155023818759,M7_breakpoint_domain,0.9875037111645004
LF,2023-10-10,4.551973095076924,5.5866334338269805,0.39350064777032734,M7_breakpoint_domain,0.8147971670227719
LF,2023-10-12,4.62890099988228,3.603967090235196,0.6024978200273443,M7_breakpoint_domain,1.2843904741594618
LF,2023-10-14,4.85342542026931,3.8474563274477673,0.5305421057597132,M7_breakpoint_domain,1.2614634208177895
LF,2023-10-15,4.884069906904368,4.299163265316704,0.4954240930313842,M7_breakpoint_domain,1.1360512745134317
LF,2023-10-16,4.523570847609356,5.336010758087849,0.4318970855075514,M7_breakpoint_domain,0.8477439519313058
LF,2023-10-18,5.011441131357227,5.100364217681747,0.4325402561882613,M7_breakpoint_domain,0.9825653458205504
LF,2023-10-19,5.045875490385964,4.488744150632667,0.47120697881323836,M7_breakpoint_domain,1.1241174192729992
LF,2023-10-20,4.954775189749081,4.066523136227351,0.5165746474467293,M7_breakpoint_domain,1.2184303454734038
LF,2023-10-21,4.737655538395776,3.6895608762330374,0.5365367836284609,M7_breakpoint_domain,1.2840702992364827
LF,2023-10-22,5.192720626405813,4.0533334771102005,0.5119030784293936,M7_breakpoint_domain,1.2810987933092373
LF,2023-10-23,5.220398109325215,4.456881755959853,0.4743754970188742,M7_breakpoint_domain,1.1713117814589469
LF,2023-10-24,4.987021525690781,4.6244265847105135,0.44808175955819496,M7_breakpoint_domain,1.0784086273915765
LF,2023-10-25,4.876093396542939,4.620192136663943,0.4506587203178842,M7_breakpoint_domain,1.0553875796307841
LF,2023-10-26,5.149005086320895,4.429882420660258,0.4751484676900878,M7_breakpoint_domain,1.1623344814541274
LF,2023-10-27,5.172931589295501,4.056698683759674,0.5006406276468744,M7_breakpoint_domain,1.2751579529444674
LF,2023-10-28,5.037744381152585,3.964796509056834,0.5031369447693383,M7_breakpoint_domain,1.2706186483076252
LF,2023-10-29,5.072992100839687,3.969807539080792,0.5019609601779863,M7_breakpoint_domain,1.2778937142162659
LF,2023-10-30,5.009644075104787,3.8913933940725465,0.5158558823943695,M7_breakpoint_domain,1.2873651075050865
LF,2023-10-31,4.567490806407664,4.5183564236366935,0.5016600708515017,M7_breakpoint_domain,1.010874392846464
LF,2023-11-02,1.8750731863272168,10.145523229786562,0.25830785595821526,M7_breakpoint_domain,0.18481779045383584
LF,2023-11-03,2.225529148087793,9.941329080446964,0.26038001058510196,M7_breakpoint_domain,0.22386635932463597
LF,2023-11-09,4.602816242635552,5.355275869947825,0.412072949234123,M7_breakpoint_domain,0.8594919018953167
LF,2023-11-10,4.74273960789636,4.926846740781929,0.42785436022217316,M7_breakpoint_domain,0.9626318530751882
LF,2023-12-08,4.080122360465839,5.92925787059084,0.41960460181180037,M7_breakpoint_domain,0.688133734358776
LF,2023-12-09,5.1061229714027405,4.317677580580937,0.5004187861767951,M7_breakpoint_domain,1.182608677027644
LF,2023-12-10,4.898899831453174,3.625041189516676,0.5556286678951308,M7_breakpoint_domain,1.351405287647598
LF,2023-12-11,4.59453896056307,4.325644998638694,0.5159201115787839,M7_breakpoint_domain,1.0621627438241
LF,2023-12-12,4.817862619941198,5.433252700118756,0.4221270857049294,M7_breakpoint_domain,0.8867363411673991
LF,2023-12-14,4.992404467436635,6.021208142307039,0.36871518513188967,M7_breakpoint_domain,0.8291366698251664
LF,2023-12-15,4.97096768654,5.582582078876333,0.4212022879820778,M7_breakpoint_domain,0.8904423824504807
LF,2023-12-18,4.7371499267169614,2.6434805767067475,0.7306460223760265,M7_breakpoint_domain,1.7920123826362706
LF,2023-12-19,5.019579100455317,2.800871563555735,0.6626724800079495,M7_breakpoint_domain,1.7921489745438062
LF,2023-12-20,4.178978997867511,2.705751547038572,0.7161080200214069,M7_breakpoint_domain,1.5444799440071937
LF,2023-12-21,3.912685699783183,2.259723883884472,0.841022695046106,M7_breakpoint_domain,1.7314884033784097
LF,2023-12-22,3.684307258999212,2.259723883884472,0.9652942478677653,M7_breakpoint_domain,1.6304236483379009
LF,2023-12-24,2.0695534135026223,2.259723883884472,1.1448499021491467,M7_breakpoint_domain,0.915843492323077
LF,2023-12-25,1.3748699548763177,2.259723883884472,1.2199900096799439,M7_breakpoint_domain,0.608423871908152
LF,2023-12-26,1.3743239856238796,2.259723883884472,1.2785266606353056,M7_breakpoint_domain,0.6081822630742888
LF,2023-12-27,1.367723186493595,2.259723883884472,1.2955436656475088,M7_breakpoint_domain,0.6052611986126707
LF,2023-12-28,1.3811839726113757,2.259723883884472,1.2962195040827245,M7_breakpoint_domain,0.6112180264418484
LF,2023-12-29,1.392929569179484,2.259723883884472,1.296389408513766,M7_breakpoint_domain,0.6164158281077394
LF,2023-12-30,1.3923161844050114,2.259723883884472,1.2838196845148682,M7_breakpoint_domain,0.6161443857519512
LF,2023-12-31,1.3951218459008012,2.259723883884472,1.2667754610460717,M7_breakpoint_domain,0.617385980583868
LF,2024-01-01,1.3925283635084365,2.259723883884472,1.2556461333910387,M7_breakpoint_domain,0.616238281782762
LF,2024-01-02,1.4016775769119731,2.259723883884472,1.2413992343322962,M7_breakpoint_domain,0.6202871009631873
LF,2024-01-03,1.3914176905907945,2.259723883884472,1.2317151371086374,M7_breakpoint_domain,0.6157467735389615
LF,2024-01-05,1.382291251243159,2.259723883884472,1.2007683913444265,M7_breakpoint_domain,0.6117080326057343
LF,2024-01-06,1.3689080228681705,2.259723883884472,1.2117055512369614,M7_breakpoint_domain,0.6057855265551354
LF,2024-01-07,1.4055197848655627,2.259723883884472,1.2183505020712966,M7_breakpoint_domain,0.6219874007126349
LF,2024-01-08,1.71455668293568,2.259723883884472,1.186570260637846,M7_breakpoint_domain,0.7587460995404235
LF,2024-01-10,1.4124802989411147,2.259723883884472,1.2721055282150489,M7_breakpoint_domain,0.6250676505277525
LF,2024-01-11,1.389624263330404,2.259723883884472,1.2568249701508913,M7_breakpoint_domain,0.6149531246895685
LF,2024-01-12,1.3722312075007934,2.259723883884472,1.2433117726332783,M7_breakpoint_domain,0.6072561419061182
LF,2024-01-13,1.3980571398748374,2.259723883884472,1.2598835275415554,M7_breakpoint_domain,0.6186849419282028
LF,2024-01-14,1.4023455592103489,2.259723883884472,1.2597367246473454,M7_breakpoint_domain,0.6205827044672877
LF,2024-01-15,1.3703880374989226,2.259723883884472,1.2614953277048202,M7_breakpoint_domain,0.6064404803047094
LF,2024-01-17,1.422779094218277,2.259723883884472,1.3003651591506384,M7_breakpoint_domain,0.629625196407853
LF,2024-01-18,1.3876510592085305,2.259723883884472,1.296666904842026,M7_breakpoint_domain,0.6140799188364351
LF,2024-01-19,1.3744884232164254,2.259723883884472,1.311459417120005,M7_breakpoint_domain,0.6082550319615491
LF,2024-01-20,1.3974626493494322,2.259723883884472,1.3234284992804364,M7_breakpoint_domain,0.6184218608811577
LF,2024-01-21,1.4045348959030783,2.259723883884472,1.313589743280718,M7_breakpoint_domain,0.6215515558868541
LF,2024-01-22,1.3776930855661418,2.259723883884472,1.3120955864227979,M7_breakpoint_domain,0.6096731974164398
LF,2024-01-23,1.3687184081907025,2.259723883884472,1.327271898886249,M7_breakpoint_domain,0.6057016160035763
LF,2024-01-24,1.3686003183278577,2.259723883884472,1.3363959678453512,M7_breakpoint_domain,0.6056493574671742
LF,2024-01-25,1.360955168063399,2.259723883884472,1.3400478218596659,M7_breakpoint_domain,0.6022661342694281
LF,2024-01-26,1.3660660092156134,2.259723883884472,1.3402943377958902,M7_breakpoint_domain,0.604527844732668
LF,2024-01-27,1.380580643676941,2.259723883884472,1.329099257397676,M7_breakpoint_domain,0.6109510341164863
LF,2024-01-28,1.397842856799477,2.259723883884472,1.3137906542760431,M7_breakpoint_domain,0.6185901148226043
LF,2024-01-31,1.40097257831503,2.259723883884472,1.227618033744573,M7_breakpoint_domain,0.6199751165645752
LF,2024-02-01,1.4174298419338378,2.259723883884472,1.20874588641647,M7_breakpoint_domain,0.6272579814031402
LF,2024-02-02,1.419943235469034,2.259723883884472,1.1925902854558912,M7_breakpoint_domain,0.6283702383267054
LF,2024-02-03,1.7851094095545157,2.259723883884472,1.1746551861237136,M7_breakpoint_domain,0.7899679347044416
LF,2024-02-04,1.797297619219861,2.259723883884472,1.1721164572348712,M7_breakpoint_domain,0.7953616068040584
LF,2024-02-05,1.6499357335006892,2.259723883884472,1.175589782343019,M7_breakpoint_domain,0.7301492652564457
LF,2024-02-06,3.0239333630229077,2.259723883884472,1.1269286371950142,M7_breakpoint_domain,1.338187105331098
LF,2024-02-08,4.465248121899219,2.259723883884472,1.051937552048914,M7_breakpoint_domain,1.9760149254268375
LF,2024-02-11,3.314918188550725,2.259723883884472,1.1001568793724745,M7_breakpoint_domain,1.4669571854293857
LF,2024-02-12,2.966498279336973,2.259723883884472,1.1162394779310718,M7_breakpoint_domain,1.3127702461760744
LF,2024-02-14,4.460409801625793,2.259723883884472,1.0502843211744617,M7_breakpoint_domain,1.973873814157478
LF,2024-02-15,4.191195946971924,2.259723883884472,1.0071059852943254,M7_breakpoint_domain,1.8547380840916043
LF,2024-02-16,3.984389010512274,2.259723883884472,0.9997021626444744,M7_breakpoint_domain,1.7632194087638253
LF,2024-02-17,3.760969608138763,2.259723883884472,1.0023785300194177,M7_breakpoint_domain,1.6643491866243612
LF,2024-02-18,3.9375729881571777,2.259723883884472,0.9943209490172794,M7_breakpoint_domain,1.7425018234477738
LF,2024-02-19,4.936793699150479,2.259723883884472,0.9690791059891091,M7_breakpoint_domain,2.184688905736623
LF,2024-02-20,4.793718840297893,2.259723883884472,0.9582092470709485,M7_breakpoint_domain,2.121373710516117
LF,2024-02-21,4.67779994584381,2.259723883884472,0.9654018736406594,M7_breakpoint_domain,2.070075896973155
LF,2024-02-22,4.193383586843631,2.259723883884472,0.9949612635010296,M7_breakpoint_domain,1.8557061846136673
LF,2024-03-01,3.589838182358991,2.259723883884472,1.0355537872257965,M7_breakpoint_domain,1.5886180643398116
LF,2024-03-02,3.7895052259237447,2.259723883884472,1.0132456276871367,M7_breakpoint_domain,1.676977108995093
LF,2024-03-03,4.324868725146278,2.259723883884472,0.9809951803539,M7_breakpoint_domain,1.9138925582854023
LF,2024-03-04,4.287809360399709,2.259723883884472,0.9376437880294975,M7_breakpoint_domain,1.8974926056138117
LF,2024-03-06,4.6115937611951425,2.259723883884472,0.916899840263297,M7_breakpoint_domain,2.0407775454706436
LF,2024-03-07,4.741623580381129,2.259723883884472,0.9132022480616773,M7_breakpoint_domain,2.0983198939466283
LF,2024-03-10,4.614589247933226,2.259723883884472,0.9521071493291732,M7_breakpoint_domain,2.0421031440357806
LF,2024-03-11,4.904444165485534,2.259723883884472,0.9070326810757836,M7_breakpoint_domain,2.170373203762745
LF,2024-03-12,4.23114864300603,2.259723883884472,0.9102958294525036,M7_breakpoint_domain,1.872418428278358
LF,2024-03-13,4.221104930639696,2.259723883884472,0.9590042546811473,M7_breakpoint_domain,1.8679737647343022
LF,2024-03-14,3.93117970542112,2.259723883884472,0.9954359335521149,M7_breakpoint_domain,1.7396725916192073
LF,2024-03-19,3.172594042067486,2.259723883884472,1.1153177184454668,M7_breakpoint_domain,1.4039742044119956
LF,2024-03-20,3.018273187066215,2.259723883884472,1.1129241616705001,M7_breakpoint_domain,1.3356822966697128
LF,2024-03-21,2.6800148171586815,2.259723883884472,1.1259789791191708,M7_breakpoint_domain,1.1859921631450512
LF,2024-03-23,1.3971739056223254,2.259723883884472,1.191208142519781,M7_breakpoint_domain,0.6182940825586971
LF,2024-03-24,1.9723262773757608,2.259723883884472,1.1711874532682331,M7_breakpoint_domain,0.8728173789026499
LF,2024-03-25,2.628113178697316,2.259723883884472,1.1357876049416011,M7_breakpoint_domain,1.163024030254343
LF,2024-03-29,1.485835206092606,2.259723883884472,1.195053881256702,M7_breakpoint_domain,0.6575295400863096
LF,2024-03-30,1.4591945190867943,2.259723883884472,1.1853258799362025,M7_breakpoint_domain,0.6457401851143134
LF,2024-03-31,1.3732545976074984,2.259723883884472,1.2067271105681001,M7_breakpoint_domain,0.607709024718042
LF,2024-04-01,1.3865740827616004,2.259723883884472,1.2307192702655951,M7_breakpoint_domain,0.6136033223572764
LF,2024-04-04,1.395099142055262,2.259723883884472,1.373274565552877,M7_breakpoint_domain,0.6173759334069977
LF,2024-04-05,1.38014292726328,2.259723883884472,1.3762062859358855,M7_breakpoint_domain,0.6107573306216555
LF,2024-04-07,1.386896846107446,2.259723883884472,1.4026095004135914,M7_breakpoint_domain,0.6137461554477028
LF,2024-04-08,1.3758763212832128,2.259723883884472,1.4282754924372978,M7_breakpoint_domain,0.6088692211891292
LF,2024-04-09,1.376659678075938,2.259723883884472,1.4516091076243476,M7_breakpoint_domain,0.6092158815923367
LF,2024-04-12,1.3873173269854513,2.259723883884472,1.5249339930740347,M7_breakpoint_domain,0.6139322316674587
LF,2024-04-13,1.389632302566999,2.259723883884472,1.4936579157558216,M7_breakpoint_domain,0.6149566823085557
LF,2024-04-14,1.3580297579854723,2.259723883884472,1.4873368704141083,M7_breakpoint_domain,0.6009715468648387
LF,2024-04-15,1.3635760628992375,2.259723883884472,1.5248366765961912,M7_breakpoint_domain,0.603425963952395
LF,2024-04-16,1.34965221633175,2.259723883884472,1.5846271520328734,M7_breakpoint_domain,0.5972642170828826
LF,2024-04-17,1.3480221222577142,2.259723883884472,1.6563734620798545,M7_breakpoint_domain,0.596542848385733
LF,2024-04-18,1.3398385796905916,2.259723883884472,1.7311172497095095,M7_breakpoint_domain,0.592921369396426
LF,2024-04-20,1.4397909139580671,2.259723883884472,1.864011495112019,M7_breakpoint_domain,0.6371534700438986
LF,2024-04-21,1.3785680450388162,2.259723883884472,1.9290795157026634,M7_breakpoint_domain,0.6100603949315496
LF,2024-04-22,1.361436530710535,2.259723883884472,1.9852965923583565,M7_breakpoint_domain,0.6024791526167443
LF,2024-04-23,1.3532587414385455,2.259723883884472,2.0246786598081234,M7_breakpoint_domain,0.5988602196443088
LF,2024-04-24,1.3575682369178927,2.259723883884472,2.059789849824705,M7_breakpoint_domain,0.6007673090502672
LF,2024-04-25,1.359984221483905,2.259723883884472,2.085993062434039,M7_breakpoint_domain,0.6018364593934761
LF,2024-04-26,1.360487246767958,2.259723883884472,2.093034998690501,M7_breakpoint_domain,0.6020590641495883
LF,2024-04-27,1.344584605811918,2.259723883884472,2.0833169583549997,M7_breakpoint_domain,0.5950216375553694
LF,2024-04-28,1.3429255366015092,2.259723883884472,2.0617857967209017,M7_breakpoint_domain,0.5942874464348344
LF,2024-04-29,1.323250566483442,2.259723883884472,2.0306476917055813,M7_breakpoint_domain,0.5855806436885423
LF,2024-04-30,1.3415051304152246,2.259723883884472,1.9912379130669708,M7_breakpoint_domain,0.593658871325984
LF,2024-05-01,1.3379454047921686,2.259723883884472,1.9427863254519802,M7_breakpoint_domain,0.5920835790310082
LF,2024-05-26,1.3778791094440688,2.259723883884472,1.5913411174867602,M7_breakpoint_domain,0.6097555189245026
LF,2024-05-27,1.371812511450643,2.259723883884472,1.6402890181063525,M7_breakpoint_domain,0.6070708555297001
LF,2024-05-28,1.369778279077306,2.259723883884472,1.6840031036504517,M7_breakpoint_domain,0.606170642725895
LF,2024-05-30,1.370751340027956,2.259723883884472,1.7279592592447828,M7_breakpoint_domain,0.606601253278622
LF,2024-06-03,1.3599290759060476,2.259723883884472,1.7029376978667552,M7_breakpoint_domain,0.6018120557137828
LF,2024-06-04,1.3683358098251734,2.259723883884472,1.688294299239731,M7_breakpoint_domain,0.6055323040056558
LF,2024-06-07,1.3117752038633088,2.259723883884472,1.6076776391894811,M7_breakpoint_domain,0.5805024291765963
