date,ID,GPP_daily_mean,ER_daily_mean,K600_daily_mean,ER_Rhat,K600_daily_Rhat
2022-03-30,AM,NA,NA,NA,NA,NA
2022-03-31,AM,NA,NA,NA,NA,NA
2022-04-01,AM,-0.2637314327629464,-8.969832576497478,0.8737908501230794,1.0009814655891225,1.0005662136567999
2022-04-02,AM,0.17846077881408212,-9.014710973372607,1.0309660797998108,1.001802957129278,1.0018033727064968
2022-04-03,AM,-0.617795651136224,-7.090388212705079,1.090107701223191,1.0008818985189498,1.0020598166419858
2022-04-04,AM,-1.3953235561430029,-7.155563364971025,1.0622600298310645,1.0016231809068756,1.0029477362986232
2022-04-05,AM,-1.872635268441959,-6.514490850142122,1.012213575704641,1.0009249824604134,1.002252147170265
2022-04-06,AM,-0.43591848685214607,-9.74204357306857,0.9523492059765059,0.9997326121842811,1.0006792633333692
2022-04-07,AM,-1.2835506797767466,-5.6434842298914765,0.8893552421885387,1.0007992944165325,1.0021934771455274
2022-04-08,AM,0.3557397371332546,-7.28417248105771,0.7580094839221655,1.0007152926708478,1.0021150268050367
2022-04-09,AM,1.6837663130053866,-2.2633104469795953,0.6998157760303728,1.0023556300088978,1.004407543241786
2022-04-10,AM,-0.33168506112644075,-2.505597276724507,0.6219763472951306,1.0010632137283282,1.001763431890861
2022-04-11,AM,3.3751197573134473,-9.97928982173839,0.5558256664367944,1.0004233405452276,0.9997382110313286
2022-04-12,AM,-0.801617807517564,-5.3094045106895535,0.5990471649556605,1.0023138416842199,1.0053556393945273
2022-04-13,AM,-0.9443501979032538,-5.842396418955902,0.6504577098149303,1.0014084340045353,1.0025716934161817
2022-04-14,AM,-0.906519866805986,-6.1025812341324,0.7161469102682665,1.0035440564631315,1.0057222119047513
2022-04-15,AM,-0.3707356435207362,-7.264379123571147,0.8210240594304771,1.0036014319316702,1.004629427989056
2022-04-16,AM,0.25413616917910165,-9.454226290457754,1.0446952552251143,1.0009922252133827,1.000374523878796
2022-04-17,AM,-1.2801783198568621,-9.226896637932477,1.489466932806079,1.0029901695138124,1.0026476023774988
2022-04-18,AM,-1.6848811084823228,-10.846559411083616,2.029886662631709,1.0043256363715396,1.0043503084097387
2022-04-19,AM,1.0808148837199694,-11.662950973148206,2.2759169940658923,1.0018604991004378,1.003350459790461
2022-04-20,AM,2.0909259235057918,-13.513479610808544,2.326229621450526,1.0008623975774267,1.0020312620084966
2022-04-21,AM,1.9902786877133372,-13.94556586546755,2.4180773714685966,1.0004280612096268,1.0037067118103036
2022-04-22,AM,1.3681909367737997,-13.583233735282446,2.6550433196016523,1.001224540256498,1.0049980904673226
2022-04-23,AM,NA,NA,NA,NA,NA
2022-04-24,AM,NA,NA,NA,NA,NA
2022-04-25,AM,NA,NA,NA,NA,NA
2022-04-26,AM,NA,NA,NA,NA,NA
2022-04-27,AM,NA,NA,NA,NA,NA
2022-04-28,AM,3.8453795618104785,-21.657023814957974,5.241962426652789,1.0006203087557912,1.0125279178705195
2022-04-29,AM,3.981019216746944,-21.65744908247204,5.581083923485676,1.0015821238799458,1.0138838644367345
2022-04-30,AM,3.2299051656788826,-21.025099624268584,5.880176247418915,1.0015033145246721,1.0157111748409022
2022-05-01,AM,3.182744407518064,-20.893817588506472,6.051935521384795,1.0028085682199412,1.0132137259994836
2022-05-02,AM,2.581557013809289,-20.72701502587046,6.193097904874042,1.000373166839781,1.0111699061945794
2022-05-03,AM,NA,NA,NA,NA,NA
2022-05-04,AM,NA,NA,NA,NA,NA
2022-05-05,AM,NA,NA,NA,NA,NA
2022-05-06,AM,NA,NA,NA,NA,NA
2022-05-07,AM,NA,NA,NA,NA,NA
2022-05-08,AM,NA,NA,NA,NA,NA
2022-05-09,AM,NA,NA,NA,NA,NA
2022-05-10,AM,1.4460999516646278,-19.06360055325628,8.662367274334667,1.0014828846367472,1.0192218566234634
2022-05-11,AM,1.4226936370456476,-19.08132289558224,9.21970156433313,1.005232941201498,1.0239965669355184
2022-05-12,AM,1.6064995718175952,-19.23084629833509,9.6619994679314,1.0033103340460858,1.0264035453429305
2022-05-13,AM,1.1679977784129696,-18.89057640867631,9.937288886299234,1.0012212635321456,1.0244955692331996
2022-05-14,AM,1.3733945370657061,-18.945513826802976,10.345749653328992,1.0028687182694855,1.025246780925622
2022-05-15,AM,1.373608138461165,-18.834849914520138,10.936588038008665,1.0037391154429216,1.026078100909196
2022-05-16,AM,1.0105387903531202,-18.850118432982175,11.374563319140593,1.003088493069244,1.0259770868948468
2022-05-17,AM,1.5134197722225395,-19.370647406065945,12.075765195691925,1.00424172560647,1.0275051034480258
2022-05-18,AM,1.693027075092138,-19.758803279721487,13.190778923327438,1.001643920599369,1.032427502956292
2022-05-19,AM,1.7701845579241273,-20.30074017024096,14.314797464793891,1.0064127610800069,1.0498047513297417
2022-05-20,AM,1.6970717938016882,-20.44557358360702,15.080954097739586,1.0036736072920012,1.06754212860038
2022-05-21,AM,1.7257866130622173,-20.608958704865717,15.346010034103086,1.0051968056293652,1.0718225066246916
2022-05-22,AM,2.086190244940634,-20.7296262454508,15.41063891693773,1.0022537324240766,1.0755396430777233
2022-05-23,AM,NA,NA,NA,NA,NA
2022-05-24,AM,NA,NA,NA,NA,NA
2022-05-25,AM,NA,NA,NA,NA,NA
2022-05-26,AM,NA,NA,NA,NA,NA
2022-05-27,AM,NA,NA,NA,NA,NA
2022-05-28,AM,NA,NA,NA,NA,NA
2022-05-29,AM,NA,NA,NA,NA,NA
2022-05-30,AM,NA,NA,NA,NA,NA
2022-05-31,AM,NA,NA,NA,NA,NA
2022-06-01,AM,NA,NA,NA,NA,NA
2022-06-02,AM,NA,NA,NA,NA,NA
2022-06-03,AM,NA,NA,NA,NA,NA
2022-06-04,AM,NA,NA,NA,NA,NA
2022-06-05,AM,NA,NA,NA,NA,NA
2022-06-06,AM,NA,NA,NA,NA,NA
2022-06-07,AM,NA,NA,NA,NA,NA
2022-06-08,AM,NA,NA,NA,NA,NA
2022-06-09,AM,NA,NA,NA,NA,NA
2022-06-10,AM,NA,NA,NA,NA,NA
2022-06-11,AM,NA,NA,NA,NA,NA
2022-06-12,AM,NA,NA,NA,NA,NA
2022-06-13,AM,NA,NA,NA,NA,NA
2022-06-14,AM,NA,NA,NA,NA,NA
2022-06-15,AM,NA,NA,NA,NA,NA
2022-06-16,AM,NA,NA,NA,NA,NA
2022-06-17,AM,NA,NA,NA,NA,NA
2022-06-18,AM,NA,NA,NA,NA,NA
2022-06-19,AM,NA,NA,NA,NA,NA
2022-06-20,AM,NA,NA,NA,NA,NA
2022-06-21,AM,NA,NA,NA,NA,NA
2022-06-22,AM,NA,NA,NA,NA,NA
2022-06-23,AM,NA,NA,NA,NA,NA
2022-06-24,AM,NA,NA,NA,NA,NA
2022-06-25,AM,NA,NA,NA,NA,NA
2022-06-26,AM,NA,NA,NA,NA,NA
2022-06-27,AM,NA,NA,NA,NA,NA
2022-06-28,AM,NA,NA,NA,NA,NA
2022-06-29,AM,NA,NA,NA,NA,NA
2022-06-30,AM,NA,NA,NA,NA,NA
2022-07-01,AM,3.6062240042296216,-21.172709324498786,18.76655390467391,1.0047147459758619,1.0711030659443759
2022-07-02,AM,3.411424687950994,-19.201304376115637,16.114285940351603,1.0041861344303653,1.0804748112153355
2022-07-03,AM,2.840433965657699,-19.780224502339983,17.9772699878012,1.0057736556212038,1.0815963954262984
2022-07-04,AM,3.0253924113666177,-18.351238298771655,17.863509584101696,1.0018135267355917,1.02900860083095
2022-07-05,AM,2.8641137289182206,-15.80628904567258,16.39154545458793,1.0042194105261306,1.0240126786511756
2022-07-06,AM,2.7120838176617434,-14.888222680220425,16.39756328206067,1.0026212213102421,1.0228061841438643
2022-07-07,AM,2.8506276354267244,-14.097132277626024,16.395142924159277,1.0033580838963636,1.023755710639945
2022-07-08,AM,2.6120966088961337,-14.061776408645606,16.39861797825227,1.0010330793553393,1.0240049850804596
2022-07-09,AM,2.618559033683189,-15.16070956044126,16.391933393108726,1.005460258011074,1.0234380291032894
2022-07-10,AM,2.5024790335867597,-18.225678795053575,17.643907945441153,1.0033146269118103,1.0268362839384608
2022-07-11,AM,3.1599557622636403,-20.403738252174893,17.579562635534828,1.0102893529316352,1.081972589105854
2022-07-12,AM,2.854197801453189,-18.91848533796818,14.372963477494253,1.0057542301653823,1.0479021243259927
2022-07-13,AM,3.5205332757012733,-17.557680719640654,11.234397467664147,1.002383124020595,1.0265848278378644
2022-07-14,AM,3.5125928591221154,-17.244292524927104,9.57405156247416,1.0008908945117212,1.0210371497764814
2022-07-15,AM,4.176186450524086,-17.436063231339023,8.021748579684328,0.9999610564059428,1.0156237991372892
2022-07-16,AM,4.606658463356225,-17.503892149628633,6.468792351050813,0.9995350978674336,1.015248354106509
2022-07-17,AM,4.464266345602167,-17.73330131344258,5.227359267285769,1.002643139845515,1.0118222273840556
2022-07-18,AM,NA,NA,NA,NA,NA
2022-07-19,AM,NA,NA,NA,NA,NA
2022-07-20,AM,4.015913598121237,-12.154968629593027,1.787987948812329,1.0058385767203588,1.0056997226087196
2022-07-21,AM,2.418124339206348,-10.143702041988465,1.4305457022539443,1.0007222446836725,1.0043618646424555
2022-07-22,AM,4.8854152750265385,-12.341187875452292,1.3710424616438293,1.0030601949213023,1.006366876211516
2022-07-23,AM,5.282076343483034,-12.747661783913193,1.3943358365028349,1.0003447291681324,1.003384545398295
2022-07-24,AM,5.846935708023771,-13.59833549589361,1.4509678991701345,1.0010812300226815,1.004647600639769
2022-07-25,AM,4.078423010154813,-12.082445956438702,1.4463425104342353,0.9999798242267408,1.003221419789567
2022-07-26,AM,5.860043394333355,-14.027536575295905,1.4419937284146505,1.0026174781649213,1.0038784740890696
2022-07-27,AM,5.6128971642174745,-13.800313143439018,1.5145936597760217,1.004506551909997,1.0044210325027327
2022-07-28,AM,5.745576240463011,-14.476672064784172,1.7539285379907257,1.001904505163605,1.00250015664439
2022-07-29,AM,5.14846402905644,-14.635527498679567,2.067237829300124,1.0021212392183947,1.0062901241981443
2022-07-30,AM,5.501764661638352,-15.505537951107376,2.467814850318908,1.0011892394318107,1.0057040184352948
2022-07-31,AM,5.227647100694975,-16.438942567282876,2.9663528810076727,1.0007118009149591,1.0067106964534034
2022-08-01,AM,4.165819822202956,-17.050661362385995,3.6689550156059214,1.0014173961735473,1.0090221980321235
2022-08-02,AM,4.733631121399997,-19.154973892160086,4.744546553461932,1.0015266839505874,1.0104426400185862
2022-08-03,AM,5.17687355090558,-19.33731616975794,5.390319679644792,1.002436665088947,1.0144459351209696
2022-08-04,AM,4.131205212537065,-18.629021197825875,6.021002972948852,1.001145706079001,1.0150425844452482
2022-08-05,AM,4.274799429339865,-18.414921860585054,6.677430042324361,0.9998542667320138,1.0110492991334334
2022-08-06,AM,3.443099446374459,-17.924378110792734,7.130429649557901,0.999931097700993,1.017571537072685
2022-08-07,AM,4.394623858272466,-18.31940297555052,7.260240696864366,0.9997433796116811,1.0165788635154325
2022-08-08,AM,4.297609843084666,-18.436724188477655,7.197174698336333,1.0023653529619687,1.0163477704254675
2022-08-09,AM,3.8380563590130437,-17.983087722500986,7.075631981555676,1.0052732175533265,1.0154651915965487
2022-08-10,AM,3.645235290558468,-17.700955275554133,6.881347280387383,1.0031233788881937,1.0160831298768747
2022-08-11,AM,4.789479145830001,-18.60432568705871,6.3643752923494405,1.002657794265118,1.0134731895588047
2022-08-12,AM,5.030908033787097,-18.826025016933407,5.8826739830760815,1.0019213953462984,1.015913354999184
2022-08-13,AM,4.176607425153616,-18.490094874041258,5.824741719140866,1.0027635923448623,1.0151576421023347
2022-08-14,AM,5.042543687637197,-18.610967072409498,5.950111921148205,1.0010161771556534,1.0144821565711695
2022-08-15,AM,5.147052896757457,-18.47478010873985,5.993872142497038,1.0030212309937239,1.0137931412399626
2022-08-16,AM,4.442543251224159,-17.787278096799756,6.134448339776587,1.0014792249720539,1.0123673849870032
2022-08-17,AM,4.641011138533227,-17.814720058373478,6.541440111990301,1.002859164345152,1.0161013792546751
2022-08-18,AM,4.042011658742768,-17.463935669155113,7.029384368574312,1.001950380801356,1.0129364849683191
2022-08-19,AM,3.8554599905173794,-17.582561400556816,7.457591873191379,1.0000046128579976,1.0176280094876793
2022-08-20,AM,4.333339189191774,-17.82985756247595,7.81986720513987,1.0011964368733735,1.01752068079413
2022-08-21,AM,5.039980221658424,-18.087538131788378,8.089677356222504,1.0019456232403714,1.0173900530459117
2022-08-22,AM,4.743659271409295,-18.09066022460658,8.071977987149955,1.000070594319022,1.0185814858815778
2022-08-23,AM,4.920658563431871,-18.392282824206774,7.5770057659339445,1.0001226968102122,1.0162365818881032
2022-08-24,AM,5.256942958911993,-18.213003548237868,7.038960798417514,1.003737325870185,1.0140585523095034
2022-08-25,AM,4.596392474484513,-17.91876870676304,7.127162539171042,1.0021863913061404,1.0161065405696807
2022-08-26,AM,4.634316596226717,-18.233891529679664,7.3718432706370765,0.9997464427017293,1.0139115809786874
2022-08-27,AM,5.425673239830197,-18.85394352147279,6.4100888331749735,1.0007487786170803,1.0110503112379945
2022-08-28,AM,5.631072738668212,-18.13150845263147,4.250521016998611,1.002621072383427,1.0114901009293413
2022-08-29,AM,5.3824220474764894,-17.81868289643201,1.865938465549691,1.0020014160898103,1.0024252748028386
2022-08-30,AM,11.166495134432633,-21.403717253378158,1.1469627539132117,1.001750070854228,1.0031381051602075
2022-08-31,AM,4.7681588171117895,-10.218201437577928,0.9182274596432465,1.0039153544329062,1.0132117903782527
2022-09-01,AM,7.607098737652739,-13.964652198425942,0.662377832589463,1.0019737305264607,1.0026741197422635
2022-09-02,AM,10.07519628974782,-18.41834274126746,0.561866789572335,1.0045943339484538,1.007682570799792
2022-09-03,AM,8.969242917681678,-15.136414871525325,0.6658631458041215,1.0021186176127226,1.0072970881425956
2022-09-04,AM,3.436300920383125,-9.097434780402585,0.6958748043270718,1.000194265129765,1.002808374451045
2022-09-05,AM,2.2768652000612897,-9.030255221971974,0.6882421276581915,1.000232448601069,1.0023881714037781
2022-09-06,AM,0.7554678331257094,-8.065637736979555,0.7018985782585923,1.0035853262373597,1.0046497739821831
2022-09-07,AM,-1.4140874557149747,-6.176790972843861,0.7422495293537634,1.0003624940619267,1.0018511015561455
2022-09-08,AM,-2.3253792642709072,-5.709413491395069,0.7729999093095581,1.0021008075148037,1.00239023480187
2022-09-09,AM,0.3997786061779638,-8.930430746563681,0.8195754249971539,1.000887314545959,1.003526113489702
2022-09-10,AM,-1.7676896489879321,-7.173796614340459,0.8821984257788873,1.004658331418174,1.0034452194373915
2022-09-11,AM,2.4861835319599064,-10.997320950483251,0.8993625411322556,0.9997304660710395,1.0000211503170047
2022-09-12,AM,-2.0617396360541624,-6.617555087847844,0.8650346869710838,1.0029489169982124,1.0008108237416162
2022-09-13,AM,-2.08683612163872,-6.581635299550791,0.7906678014850809,1.0018270371169584,1.0027074237587317
2022-09-14,AM,-2.200653020200293,-5.332580924946694,0.7596576876084379,1.0024291429961725,1.0049553688828818
2022-09-15,AM,-1.9886191185302102,-6.155054042477162,0.801682341050267,1.0034497357449168,1.005362123967075
2022-09-16,AM,-2.5113898170042233,-6.089046283075196,0.887191563929569,1.0000668134809698,1.0002672198198446
2022-09-17,AM,-1.1002809252723074,-8.936810825587022,0.9933973194315527,1.000500801279454,1.0018173575309983
2022-09-18,AM,-0.37036676175456623,-9.622164100505282,1.119578124957346,1.0011456691455958,1.0018700955176087
2022-09-19,AM,-0.19661866142431658,-11.607390658603732,1.2751653752999053,1.0007289582624208,1.0022542550877946
2022-09-20,AM,-0.2005280258727124,-11.935288329219807,1.4805677169493399,1.0009960655984185,1.0017817877548159
2022-09-21,AM,1.2983979569411288,-14.335587417062914,1.7391004612315455,1.0001731929635684,1.0016844550649977
2022-09-22,AM,1.6883229138555154,-20.542719387873536,2.0013433029605805,0.9998244157501139,1.0008908075298177
2022-09-23,AM,-0.2886064036117962,-20.47503641939813,2.369278133656302,1.0002637386450568,1.0015692865745955
2022-09-24,AM,-2.723662226801962,-18.39183752415761,2.7964303752042214,1.0034626054678921,1.0028854404586274
2022-09-25,AM,-3.749002015736122,-18.906958265006654,3.21697255611128,1.0013344405886957,1.0071537625640345
2022-09-26,AM,6.119793242096641,-23.855102744020147,3.5043656761666955,1.0033929856996473,1.013909052598295
2022-09-27,AM,7.959146450107353,-21.97588170602768,4.392205981983374,1.0033550352506684,1.0119839515518876
2022-09-28,AM,4.323824133239636,-20.74370307547034,5.097239405335377,1.0016082464919018,1.0136699205113613
2022-09-29,AM,5.997824805278912,-21.54852139631049,5.457942147020732,1.0037381708991313,1.0169330055880277
2022-09-30,AM,6.202710567583118,-22.152961654809808,5.668281302308491,1.0013138359227731,1.0125341634036094
2022-10-01,AM,5.393890001156,-21.089247058718747,5.9730468368284395,1.000395044397471,1.013156245113522
2022-10-02,AM,4.7904814146273935,-20.85663440227905,6.414573082442244,1.0030464425614136,1.0153533552322898
2022-10-03,AM,4.562536607419619,-21.017790526586705,6.8833528545964775,1.0017959670005983,1.016651799584173
2022-10-04,AM,4.664213685368698,-19.618485046798583,7.304559428775497,1.0013513960128193,1.0164635081419016
2022-10-05,AM,4.5302393851831875,-20.036816634401504,7.696761803478345,1.0036609092130035,1.0200626528452934
2022-10-06,AM,5.205728815378099,-21.79801863561156,8.162394432658063,1.0012437123824933,1.015882323321755
2022-10-07,AM,4.143850600731258,-19.027798119496264,8.666231793913777,1.002886948766904,1.019917430209844
2022-10-08,AM,4.371803675236416,-19.23260231603938,9.151754273898133,1.003203912862499,1.0233422886823744
2022-10-09,AM,4.585608594722818,-18.70390620445057,9.597895588201757,1.003523147856941,1.0221477984915623
2022-10-10,AM,4.105849276152111,-18.14221283922873,9.979948764377678,1.002371280193975,1.0256851701764225
2022-10-11,AM,3.9250205024215843,-18.664953532553128,10.449402898689977,1.004810312090388,1.023377287453391
2022-10-12,AM,4.51431484049318,-18.959416738493555,10.929055617330473,1.0047239985707395,1.0259390780791038
2022-10-13,AM,4.2830727941163795,-18.876971060172124,11.216658517253927,1.004540666943899,1.0276088215853225
2022-10-14,AM,3.9321152900923484,-18.09242156258904,11.697965543633776,1.0032681609461587,1.02735817810068
2022-10-15,AM,3.940412908333825,-18.646228589567155,13.50212081278176,1.0081396947358627,1.0359364667901596
2022-10-16,AM,4.2282936026175175,-19.844517425166213,15.836730650902288,1.00228052649091,1.0763353833072729
2022-10-17,AM,4.8689218215298276,-20.514520104769232,16.650422963403233,1.0016315634048991,1.081446842751551
2022-10-18,AM,4.254112126100853,-19.702802498780503,17.22079848714232,1.0035342460318175,1.0826672726355113
2022-10-19,AM,4.0532971233687505,-19.21956895681822,17.829544319432706,1.00492808608734,1.081149612693446
2022-10-20,AM,4.017462900536734,-19.44457491794157,18.324259922706087,1.005251740234171,1.0751476738092083
2022-10-21,AM,4.139204625634249,-19.598911502955712,18.73086175412288,1.003780845018616,1.0741967773796064
2022-10-22,AM,4.144060524134526,-19.871600855968527,19.26901452787187,1.0083772764721535,1.0705557439558901
2022-10-23,AM,4.231404014577987,-19.80707805532368,19.262830475729373,1.0066485712507471,1.0691450950108032
2022-10-24,AM,4.3646766367439005,-20.276724819170873,19.316782967900597,1.009561122624111,1.0691742307323644
2022-10-25,AM,4.432048937430492,-20.648804158998406,19.01046795033065,1.0108647754251254,1.0734948395341637
2022-10-26,AM,4.539253252698916,-20.44814329812777,18.849256471508802,1.0061400294711185,1.0735707997459483
2022-10-27,AM,4.228552338254892,-20.520053428993418,18.632381685620732,1.0057289178187356,1.0760072279698023
2022-10-28,AM,4.217603807090828,-20.514657648924768,18.520186696766096,1.0095690639762716,1.0716154518973873
2022-10-29,AM,3.4447748313844544,-20.240311857216657,18.600699538005014,1.0052205526274556,1.0740877274566478
2022-10-30,AM,3.9226184608241783,-20.518104405349693,18.61150645945646,1.0171377877385184,1.0746237742329576
2022-10-31,AM,4.161837405448797,-20.577134404271614,18.5389245944046,1.0087601985082302,1.0753319107335058
2022-11-01,AM,3.9171024483277286,-19.983237096536254,18.504238063305834,1.0106109208819223,1.073644137898064
2022-11-02,AM,4.154746086034246,-20.063232257000152,18.567610983319742,1.0059701458658286,1.0723317226748965
2022-11-03,AM,4.076784550574825,-19.876009796404567,18.649786394161097,1.0056939043951771,1.071460184797685
2022-11-04,AM,3.9185914349029476,-20.010404511271144,18.683831699235412,1.0041737781805475,1.0761396165833992
2022-11-05,AM,4.093152933886791,-20.430581114839374,18.66013619178202,1.009047885615336,1.0775317207921908
2022-11-06,AM,NA,NA,NA,NA,NA
2022-11-07,AM,NA,NA,NA,NA,NA
2022-11-08,AM,NA,NA,NA,NA,NA
2022-11-09,AM,4.413253748501098,-19.89680156265881,17.78698641417093,1.003063085904553,1.0815555659208582
2022-11-10,AM,1.1897058515225751,-21.92177103226969,17.726650795627158,1.007981107685444,1.0793706876975806
2022-11-11,AM,3.2483510383202923,-21.253820300139374,18.168292221637454,1.0066663751200198,1.0791505108185373
2022-11-12,AM,3.854841086999607,-21.283910897954918,18.203827199214178,1.0081612262804898,1.0793401021648248
2022-11-13,AM,3.798802661796705,-19.969099813014935,18.113257788867067,1.006125969942768,1.0798527020898319
2022-11-14,AM,4.158154336623564,-20.374868144831606,18.154282506878324,1.0103484877268245,1.0798300978854776
2022-11-15,AM,3.0968171618639526,-20.817280358388565,18.314349376266424,1.0077904516760179,1.0796622726547471
2022-11-16,AM,4.355128537981132,-19.96190289634751,18.423169930686917,1.0141496956385894,1.0771190309123475
2022-11-17,AM,4.765990652111532,-19.282495224870022,18.390400854637225,1.00675579320871,1.078488230643416
2022-11-18,AM,3.770093877526138,-18.64253713251819,18.328700158546436,1.0072218675489368,1.0765319622299732
2022-11-19,AM,4.246963153357156,-19.387097523871827,18.470104150532226,1.0032652924052359,1.075406810541333
2022-11-20,AM,1.774023615669785,-18.571928540988324,18.526890032610556,1.005695618733903,1.0731978859596691
2022-11-21,AM,4.344931376441655,-19.16930118413338,18.679218378918936,1.0051830542593538,1.0700140748988543
2022-11-22,AM,3.8616635526944423,-19.745698853340294,18.85886382063668,1.0109667876618604,1.0741469021403394
2022-11-23,AM,4.25937958612823,-19.81418673261987,18.9225762077697,1.009470765200217,1.070029656490313
2022-11-24,AM,4.34491864611314,-20.078688967626505,19.069946215310534,1.0097917296616576,1.0744222793587974
2022-11-25,AM,4.3007229642176705,-20.863516441619943,19.124678746244868,1.0055187756853228,1.0724370982983285
2022-11-26,AM,3.802852573793682,-20.77935185715751,18.979809212604767,1.0088972075704503,1.0759950347183036
2022-11-27,AM,3.351479566702369,-21.101783158161588,18.966430076988946,1.0073785343025035,1.0731540236196928
2022-11-28,AM,0.2145878234374771,-19.881810688745844,18.897050837079256,1.006288185679668,1.0704685269693341
2022-11-29,AM,4.320430724370484,-19.04764991954001,18.769628037735632,1.0044781640546223,1.0733933855161333
2022-11-30,AM,2.568157538694266,-18.625190754533808,18.797062180948224,1.0038387495208159,1.0727383467918183
2022-12-01,AM,3.9928645693809908,-18.085315125977544,18.805100182964402,1.0072689838350797,1.0704409041013438
2022-12-02,AM,4.2172963199704405,-18.71534714334335,18.947690660722603,1.0066237814030556,1.0711370885396174
2022-12-03,AM,4.35982388588199,-18.835201302897953,19.024234832836328,1.006135207283256,1.0703311585431894
2022-12-04,AM,4.324879965753542,-18.978088779487358,19.057906257286984,1.0082327606184798,1.0741780897161888
2022-12-05,AM,3.8076883731188538,-18.70812805507485,19.300291150096754,1.0072040199762762,1.0707806747093733
2022-12-06,AM,4.566613389011934,-18.16539170869316,18.794698784150402,1.0047120201561162,1.0627645533903591
2022-12-07,AM,4.271160326306578,-18.153654642223238,18.833525789387213,1.0068121853840666,1.0620861028078397
2022-12-08,AM,4.305832361435212,-18.069697118179764,18.84735136818025,1.0077675648594553,1.0585198540316347
2022-12-09,AM,4.45400564962192,-17.924678269877177,18.865107649417695,1.0060558164260596,1.0632969273199966
2022-12-10,AM,5.262742306748563,-17.83050835359738,18.761372588155382,1.0038717916006807,1.0616632801961663
2022-12-11,AM,3.873736661322284,-17.52851970215338,18.707942400249994,1.0029230199187138,1.0566181125871743
2022-12-12,AM,5.077587618225461,-17.395396726967824,18.64431249837348,1.0047670304924388,1.0580405533034796
2022-12-13,AM,4.551937550021638,-17.201526169154462,18.661858155435834,1.0022734993628835,1.0555211927693544
2022-12-14,AM,4.856711255151685,-17.85872776433709,18.561402179717682,1.0049265534954004,1.0555500364142283
2022-12-15,AM,3.240087692688182,-17.15898802771483,18.366828656275768,1.0030776842467346,1.0478148202931663
2022-12-16,AM,4.146204316855161,-16.458787569497346,18.584184994653377,1.0027824504860172,1.0541531673501274
2022-12-17,AM,4.476398054057651,-16.930267652877724,18.58290790650971,1.0032196462775311,1.0536611705084151
2022-12-18,AM,4.133342513255169,-16.108910931434714,18.716374364055234,1.002701371784314,1.0572495705813105
2022-12-19,AM,4.510147054996588,-17.184331146127715,19.23007558377464,1.007035186649575,1.0717702399198399
2022-12-20,AM,2.6843446745663178,-16.097342465594117,18.306441980791437,1.0013701435275622,1.0402766903570448
2022-12-21,AM,2.846774475729913,-15.70400879920334,17.99156646611478,1.003784130386899,1.0299378227556302
2022-12-22,AM,4.614542743823227,-17.916319708722636,19.396083619523075,1.0056124075207173,1.0707731345418503
2022-12-23,AM,4.3013813643840475,-16.378107193381176,18.779510470660824,1.006287582377757,1.0754293549990834
2022-12-24,AM,NA,NA,NA,NA,NA
2022-12-25,AM,4.338631996203799,-14.825299760266386,16.87603597818544,1.0018114271616043,1.0854709400094231
2022-12-26,AM,4.534540156790749,-14.880874283103777,16.84444228899688,1.0029054389927112,1.0831024487773928
2022-12-27,AM,4.620188110732156,-15.216692324755735,17.15393317936272,1.001348068156538,1.0822973749478448
2022-12-28,AM,4.71456486851263,-15.625550468591497,17.45478973876575,1.007701347708586,1.079043396892582
2022-12-29,AM,5.175810220399889,-16.450343293648743,17.97081848400127,1.008346339452758,1.0788621138058974
2022-12-30,AM,5.903996781380758,-17.363363014812894,18.82486182386947,1.0068945481533733,1.07379108140296
2022-12-31,AM,2.852819170085068,-17.224398491572558,19.40582339485493,1.0071576043690704,1.0719813230037263
2023-01-01,AM,4.549843199252166,-17.555728982531686,19.340804580125063,1.0085568192264627,1.0685688811208984
2023-01-02,AM,5.490283768551776,-17.86469992714337,19.37830254629404,1.0058306191161022,1.068655994556933
2023-01-03,AM,NA,NA,NA,NA,NA
2023-01-04,AM,1.6877869180489153,-18.062454217064747,18.82936425740515,1.0074872853017665,1.061072578298557
2023-01-05,AM,5.345823429510221,-18.91160985706246,18.507946242736633,1.0044737682867788,1.0787658665952173
2023-01-06,AM,4.711332534711343,-16.88885604519081,15.634737803542777,1.0019042019621125,1.07439417285633
2023-01-07,AM,4.655121082240574,-15.931683275779305,13.545358686550264,1.0006116278282648,1.0393889123423077
2023-01-08,AM,5.220271799733891,-16.19369323535595,13.221932577147854,1.0018420137646693,1.0348420126100448
2023-01-09,AM,4.981559881692516,-16.26936610912287,13.689425753491935,1.004741591974539,1.0404973728528375
2023-01-10,AM,4.997439911830355,-15.944757698620322,13.773636592062195,1.004597195938244,1.0437913814728914
2023-01-11,AM,5.3422984016922115,-16.31432372030501,13.575167734182008,1.002635040706325,1.039849141761973
2023-01-12,AM,5.542715730157181,-17.07359099383827,13.559359241005529,1.0010801361872192,1.0400581974631642
2023-01-13,AM,3.483014118258496,-15.260965089192837,13.515551604466246,1.0023422998298774,1.0419542043612557
2023-01-14,AM,5.058044279548361,-15.100452344234732,12.86119442348114,1.000729338236859,1.0289473108808578
2023-01-15,AM,5.01184738359695,-14.634360405907046,11.739646912521904,1.0033580518015146,1.028357523840385
2023-01-16,AM,5.195075780211487,-14.6475148730982,11.089830347666643,1.0014642823114155,1.0241980693345993
2023-01-17,AM,6.012389505306062,-15.674361003205275,10.96800691154629,1.0039481802967771,1.0255658670445649
2023-01-18,AM,5.89324971989143,-15.759995295332391,11.040268061595942,1.0018220473026986,1.024408744337657
2023-01-19,AM,5.925500094713196,-15.926066604298972,11.050998966815612,1.004721297860401,1.0255544689387301
2023-01-20,AM,6.1947309093752585,-15.392127744033386,11.14156796648019,1.0042028313094873,1.0235574217204957
2023-01-21,AM,2.924959911101403,-15.136352057399352,11.28264421374361,1.00430058750324,1.0236239335278072
2023-01-22,AM,4.853917029188933,-15.885370362052827,11.246489538411076,1.0052294232389942,1.0241683428918364
2023-01-23,AM,6.080383957746635,-15.325979942111195,11.081295448504349,1.0047758079201141,1.0257542303894227
2023-01-24,AM,6.816568423540287,-16.132460027155968,10.055174326618321,1.0029682284543027,1.023137645877391
2023-01-25,AM,3.8057725722805116,-16.154359916435997,8.10569862746514,1.0014850186952469,1.0185162034094286
2023-01-26,AM,6.819457001891237,-15.552663175385948,6.404356568475084,1.0008641946523742,1.013713209535131
2023-01-27,AM,7.3747335906340075,-15.939068003216041,5.241649588642779,1.0021373514065623,1.0170337146206645
2023-01-28,AM,7.91792243767068,-15.967437485955493,3.8207271178927154,0.9997657071523683,1.0122364766090417
2023-01-29,AM,9.389517376750433,-17.198441957414666,2.8513510792935244,1.0023534958180191,1.0168859221382094
2023-01-30,AM,10.68655768582929,-18.145872306819527,2.234013750290148,1.0030657190217267,1.0179365818021444
2023-01-31,AM,12.496517903660218,-20.342047474410723,1.921415466717754,1.001794250364723,1.016203340756333
2023-02-01,AM,11.185965542567722,-19.391054799656438,2.5978566038020046,0.9992364254902701,1.0075190268033976
2023-02-02,AM,13.071030637315705,-23.19814600209031,3.7675683463248646,1.001053229617368,1.0147978496515224
2023-02-03,AM,9.106596054353748,-18.67000181701785,3.1796528070419035,1.0017391009297596,1.006830423380204
2023-02-04,AM,12.943730041692874,-21.086783777485614,2.905486443327971,1.0016995041966317,1.0061442588442964
2023-02-05,AM,14.412258392545398,-22.87401857576067,2.631898697928877,1.0000586304098542,1.005653766454859
2023-02-06,AM,14.64846420805674,-22.193977037596472,2.4484532991108066,0.9997536400903995,1.0079056255581718
2023-02-07,AM,NA,NA,NA,NA,NA
2023-02-08,AM,NA,NA,NA,NA,NA
2023-02-09,AM,15.665818362727698,-24.01827193183512,2.1538808387350143,1.0007837628966483,1.0063327203297343
2023-02-10,AM,4.852386026273245,-14.303341836643993,1.9977599005025506,1.001752791633267,1.0045695763972478
2023-02-11,AM,5.341258730365115,-16.704741930043983,1.7458034838791345,1.0004393896259351,1.0017343869529909
2023-02-12,AM,11.08979789479654,-17.6629869504681,1.333702965392921,1.0013800199665215,0.9998669051867376
2023-02-13,AM,8.613081516517724,-8.286222858359924,1.0396801272993585,1.001811135894373,1.0125985356771912
2023-02-14,AM,-0.05367701333046511,-2.8035790596408403,0.6166350537470124,0.9996898040309635,1.0011256140661038
2023-02-15,AM,2.268916074424638,-3.1350703634759847,0.4472455159228682,0.9995300426670329,1.0020630382780638
2023-02-16,AM,2.18095499857444,-5.032366034427471,0.45138911323212016,1.0004440286009941,1.0017640720912206
2023-02-17,AM,-0.5776725641325978,-1.1530169968606763,0.4471008837014309,0.9999897770613563,1.0017238643550856
2023-02-18,AM,0.10386778915093577,-2.733771521005341,0.45383324133212244,1.001033405672483,1.0023952652084838
2023-02-19,AM,0.024029681417707387,-3.059731190389517,0.4506226660243148,1.0009605448353993,1.0009906140856577
2023-02-20,AM,-1.086275227965747,-1.234892909055589,0.45332389297562475,1.0025396142934626,1.0021364136745552
2023-02-21,AM,1.5913399998483027,-5.353233348004661,0.4502498196888627,0.9997917598902277,0.9996491123881914
2023-02-22,AM,1.3217006296183849,-6.906394417625487,0.43587397946502876,1.0014877970605542,1.0001321231019125
2023-02-23,AM,0.17445386119728154,-4.6231705228024484,0.4448245308907219,1.0005060184764916,1.0008539612887521
2023-02-24,AM,1.0639591228144718,-7.405708043383434,0.4238072948192082,1.0036021575847336,1.001852031003111
2023-02-25,AM,-0.38732347338801004,-10.430242112700824,0.3170711782125869,1.0004388780519708,1.003756891272541
2023-02-26,AM,2.0783183032504664,-11.428145195860338,0.40745365039631865,1.0014757900427496,1.0003799776220308
2023-02-27,AM,-2.89309715890361,-2.8556088588703816,0.4711778038811342,1.0040939302874774,1.0045902060031342
2023-02-28,AM,-1.1907137080182906,-5.245554894350019,0.4533181168550406,1.0027665536727755,1.004942337103951
2023-03-01,AM,1.4046720135583373,-6.7973740745882205,0.41000491307524256,0.9996400541248336,0.9995655808308107
2023-03-02,AM,3.5909935100653487,-8.685671641714357,0.44949384185725627,1.0013600271511836,1.001095360824888
2023-03-03,AM,5.30329925653042,-11.280481840627058,0.503494990020602,0.999868047397821,0.9996448091064492
2023-03-04,AM,6.192643625455596,-12.102772136556494,0.6039579210318174,1.0000258692809434,0.9999569614710452
2023-03-05,AM,10.225247422505152,-16.385601118551772,0.7183645617677372,0.9993946590598862,0.9997471091569641
2023-03-06,AM,11.630562943739562,-18.534114391566558,0.8864801216941972,0.9995960008685472,0.9999216739563827
2023-03-07,AM,11.865470635737942,-19.0809898784027,1.058616638713559,1.0000069300981895,1.0000308320367675
2023-03-08,AM,12.545515318209036,-19.0865616253745,1.273820453309714,1.0010557197406131,1.0003885042262652
2023-03-09,AM,12.536944662469605,-19.805578328867114,1.548093026149551,1.0015431809312934,1.0059937339242278
2023-03-10,AM,10.468220231028955,-20.02586813748381,1.8094825045677458,0.9999795612429766,1.0067255557991182
2023-03-11,AM,4.783151504107348,-1.232529460677896,1.8678773766268595,1.0034434619502914,1.0025642921293532
2023-03-12,AM,-1.0611003908829097,-0.384318989595885,2.134149993843767,1.0014747523278726,1.0026240923702687
2023-03-13,AM,-1.34005982854689,2.2774232517964075,2.158968720946791,0.9995028797977356,1.0022794619288022
2023-03-14,AM,-1.4028855040975055,1.6127498511565068,2.08441541743588,1.0001148911397486,1.0038438736752275
2023-03-15,AM,0.26887065736363364,-12.489935351982652,1.8233657280587539,0.9996665722518636,0.9999444745291818
2023-03-16,AM,8.724094197819447,-17.87847109315578,1.9220296607195355,1.0033664917899565,1.0094310056220746
2023-03-17,AM,10.347661739363245,-20.24873993513933,2.0107494429902584,1.002434651019688,1.0083484844618977
2023-03-18,AM,3.4685341092340747,-13.45007662911182,1.996153651669519,1.0015743163801052,1.0056764943913028
2023-03-19,AM,10.948636450717265,-21.641332870193445,1.9314651362232231,1.0006013807293015,1.0030479260542742
2023-03-20,AM,7.280365932814257,-16.16695324267055,1.7685672407122337,1.0014556841986866,1.0038957624558782
2023-03-21,AM,9.031265895123893,-19.748233760593987,1.6460128651563033,1.0012954475195046,0.9998118746103124
2023-03-22,AM,8.565669554428768,-17.884470434292233,1.6935561453982848,0.9999319643387289,1.0017732774833805
2023-03-23,AM,7.907433821699786,-18.127043179006773,1.7885265141523563,0.9995061360817382,1.0006021296720287
2023-03-24,AM,7.517779204101037,-17.99600095758812,1.9067354309968474,1.0010427418649115,1.0031780342079646
2023-03-25,AM,9.393231196782533,-21.06701971315356,2.007476117012858,1.000213667156498,1.001778394684812
2023-03-26,AM,8.395709786034425,-21.453482756682966,2.264254366716303,1.0015112965088677,1.0022339464520837
2023-03-27,AM,9.766009324042006,-23.807968247841423,2.6801413645667633,1.0003623987535422,1.0039300854150834
2023-03-28,AM,9.33422607361633,-24.95623211138841,2.871781243548452,0.9994759638130041,1.0045590781378417
2023-03-29,AM,NA,NA,NA,NA,NA
2023-03-30,AM,9.754912689121417,-19.62116321801793,2.416730701402153,1.0015004699493149,1.0083610215047945
2023-03-31,AM,10.971872678189952,-20.56816405746693,2.1858778918235267,1.0049939008719373,1.0103891940697505
2023-04-01,AM,9.722201367346097,-19.847844667104166,2.066027642330833,1.0020149764752413,1.0072426449849887
2023-04-02,AM,12.05024507101093,-20.790433412165733,2.171856009195899,1.0019360306208953,1.015949087897239
2023-04-03,AM,10.996785790182873,-20.276088385028217,2.361549052441481,1.0049309803955835,1.0107306360013788
2023-04-04,AM,NA,NA,NA,NA,NA
2023-04-05,AM,9.43590400574148,-20.14581244236161,2.9027039027985317,1.0020449236760856,1.012696840657706
2023-04-06,AM,8.97724358761065,-20.276749124788093,3.23051217260004,1.003921075375941,1.011774550975651
2023-04-07,AM,8.20383878054871,-21.226444009397596,3.632728420023951,1.0014142595660136,1.011826495107966
2023-04-08,AM,4.823642542339386,-20.660552983404084,3.988166621876424,1.0012813324384022,1.0107779757104403
2023-04-09,AM,7.900493561242321,-25.02326604528839,4.210213898715759,1.0030378176192984,1.0073468826206766
2023-04-10,AM,10.320525608518858,-24.436353263602623,4.455995710029869,1.0023254828838075,1.0135358709246993
2023-04-11,AM,9.27960293711527,-23.600785397539134,4.650335924145984,1.0015597304411148,1.0140639803733567
2023-04-12,AM,NA,NA,NA,NA,NA
2023-04-13,AM,NA,NA,NA,NA,NA
2023-04-14,AM,NA,NA,NA,NA,NA
2023-04-15,AM,NA,NA,NA,NA,NA
2023-04-16,AM,NA,NA,NA,NA,NA
2023-04-17,AM,NA,NA,NA,NA,NA
2023-04-18,AM,NA,NA,NA,NA,NA
2023-04-19,AM,NA,NA,NA,NA,NA
2023-04-20,AM,NA,NA,NA,NA,NA
2023-04-21,AM,NA,NA,NA,NA,NA
2023-04-22,AM,NA,NA,NA,NA,NA
2023-04-23,AM,NA,NA,NA,NA,NA
2023-04-24,AM,NA,NA,NA,NA,NA
2023-04-25,AM,4.182253943355138,-18.072351180028807,10.778812724928919,1.0022848881005315,1.0244458410034296
2023-04-26,AM,NA,NA,NA,NA,NA
2023-04-27,AM,2.3522950080827036,-19.090642217364106,11.995769205488713,1.0022483228392105,1.028619667444696
2023-04-28,AM,4.836449364762005,-18.733410742118476,12.4595413439156,1.0012229726565451,1.0295920898052828
2023-04-29,AM,NA,NA,NA,NA,NA
2023-04-30,AM,NA,NA,NA,NA,NA
2023-05-01,AM,NA,NA,NA,NA,NA
2023-05-02,AM,NA,NA,NA,NA,NA
2023-05-03,AM,NA,NA,NA,NA,NA
2023-05-04,AM,NA,NA,NA,NA,NA
2023-05-05,AM,6.5817841472787775,-19.016626090050455,16.5550338476099,1.0034783117034556,1.0862162081719327
2023-05-06,AM,5.220316948699686,-18.39461548003923,17.646599397909604,1.0102416182920593,1.0779778449861985
2023-05-07,AM,4.887566854042084,-18.33455088542479,17.7901226559396,1.0016626788126057,1.0777943293586014
2023-05-08,AM,7.5361123506983,-20.35609582911686,18.13994857937398,1.0091486961763805,1.0777116711336305
2023-05-09,AM,7.676919713653989,-19.435429082340494,18.45947994575493,1.0045899590922562,1.043608413374631
2023-05-10,AM,5.336269623777289,-15.326304579575195,16.807699108416717,1.0051632503301016,1.0233317820599197
2023-05-11,AM,4.4128316719313885,-12.83430562037209,16.378921176022345,1.0029216977706747,1.0247653113276673
2023-05-12,AM,3.196739063207421,-11.42387080578615,16.383036604060358,1.003266289828425,1.0245988664184331
2023-05-13,AM,4.914497229280062,-12.143148566692421,16.38892637479579,1.0048681120180092,1.0236890073276617
2023-05-14,AM,4.657024816230441,-15.259158309517804,16.38618028314499,1.0081601744311568,1.0247577229008118
2023-05-15,AM,5.802089199882876,-17.08777828026533,16.385010845002384,1.0050273141693842,1.0235755347548745
2023-05-16,AM,5.164954424724333,-15.56152325752056,16.380858217702585,1.005414957718111,1.0256608683889814
2023-05-17,AM,2.9099640653481185,-15.366975158657263,16.390595701103045,1.000911810065326,1.0240307354815867
2023-05-18,AM,5.34220737466625,-17.7954574041818,16.621824086381277,1.0056691447621655,1.024548739986626
2023-05-19,AM,7.552372154620032,-20.089351684908248,18.047023934463112,1.001810926718412,1.0320902914821364
2023-05-20,AM,1.6288790583092638,-4.579164950420869,18.32219165689835,0.9996110165721744,1.0756899101006494
2023-05-21,AM,0.2644673524138022,-0.3507117146384693,15.983624189488811,1.0005136937980745,1.079248683216501
2023-05-22,AM,0.14941765176410804,-0.08129809447252832,15.3110102900075,1.0016813800141178,1.0676911705349337
2023-05-23,AM,0.33913445211394155,-0.24815738966487627,14.935912632682749,0.9999164025432278,1.0553837637189223
2023-05-24,AM,6.022650761804548,-14.969700975446846,12.431092025486356,1.0024097286277818,1.0280290048396517
2023-05-25,AM,8.395548605881173,-18.96249854484284,10.403126224158447,1.0028100049581765,1.0265693473907263
2023-05-26,AM,5.70915014940296,-17.696511336782745,9.791930966218256,1.0039216016146766,1.0257204489287028
2023-05-27,AM,7.7197603959555385,-18.23984332575251,9.603212176009487,1.001860115118394,1.0243088522996273
2023-05-28,AM,8.09383596522595,-18.5143485600754,9.515080767152,1.0043792763208945,1.0245430784167877
2023-05-29,AM,8.367600029662398,-18.538826020142697,9.750057907695487,1.0019554193083937,1.0221476728632997
2023-05-30,AM,8.750511684412233,-18.740300661924856,10.335548760820771,1.0015688998421346,1.0244733819938303
2023-05-31,AM,7.508542550096879,-18.434221964214156,11.141030404498323,1.0024936256550443,1.0239254986197712
2023-06-01,AM,7.937044439695142,-18.749937330959295,12.58303163540191,1.0022117502825443,1.031088524421621
2023-06-02,AM,8.828500839304175,-19.470668377115306,14.107005258979383,1.0011943464444888,1.0501719258201605
2023-06-03,AM,7.715150581386166,-19.76868028472443,15.146870301282076,1.0033907480114468,1.069443247969229
2023-06-04,AM,6.795337442670858,-19.206107109612525,15.976732647536403,1.0020345826572126,1.0770529528939732
2023-06-05,AM,9.34046200631421,-20.2808170616956,17.229740685826897,1.007455367773959,1.07908072337068
2023-06-06,AM,9.350816288130533,-20.94190279319876,19.185560938385056,1.005186003480911,1.071265583629907
2023-06-07,AM,7.634682088015996,-18.194182140233195,17.48825080405585,1.0040890293721354,1.0244130198487815
2023-06-08,AM,7.758149620416842,-17.718428948309995,16.82377697688606,1.0040669503653927,1.022645725828716
2023-06-09,AM,6.451322109001366,-18.391024932906213,17.36449484976773,1.006514605746519,1.0256517447674869
2023-06-10,AM,7.208232221016185,-19.730180300705904,18.461200681728133,1.001947190502624,1.048109438073444
2023-06-11,AM,7.697530927382217,-20.519800399975,18.828656428719444,1.0064254724992894,1.058788151432256
2023-06-12,AM,4.791826318469974,-19.271710942737737,18.813155785764586,1.0061715591293887,1.059409877297934
2023-06-13,AM,6.782852828017168,-19.71500970902303,18.60568712044095,1.0045932993058966,1.0519689951103823
2023-06-14,AM,6.78470957955167,-19.61320690928569,18.832394073809777,1.0074982493220204,1.062838368468607
2023-06-15,AM,2.357115966189667,-18.743263805561377,18.38306040109832,1.0044911908632972,1.0474047326072282
2023-06-16,AM,5.837376565917267,-20.073087248453827,15.96674310932709,1.002776756240463,1.0749839344495609
2023-06-17,AM,6.873046522995067,-20.60698936508964,8.135788245854457,1.001729660580434,1.0188670014968213
2023-06-18,AM,8.288788020003533,-23.325506596342358,5.090639704775868,1.0030130440331728,1.0147136824291518
2023-06-19,AM,4.286331144971388,-16.950419226231155,3.1033434615884885,1.0029825169165325,1.0072361053075813
2023-06-20,AM,7.655929687905417,-19.678389798793233,2.452431529538482,1.0012036362657468,1.0035552303461928
2023-06-21,AM,2.8396086049930824,-12.744232347379022,2.1766629825254844,1.00050786976003,1.002607002970603
2023-06-22,AM,0.5679013343276689,-9.04102473987592,1.7591127189902123,1.0006710678132367,1.0012640955423926
2023-06-23,AM,NA,NA,NA,NA,NA
2023-06-24,AM,1.0295515584708212,-7.190720539992362,0.7726178677274357,1.0007825233572447,1.0017871434312882
2023-06-25,AM,-1.5040478012755556,-6.170332382061324,0.559039692013333,1.0036431749083452,1.003734735946708
2023-06-26,AM,-3.380117767442588,-3.3386936502008697,0.4565249416935632,1.001967985334445,1.0028489345573424
2023-06-27,AM,-0.19948671019841152,-8.110586615761324,0.4152353477755638,1.001180725868997,1.0009491585961108
2023-06-28,AM,-0.8703582685989186,-6.781084552177356,0.4428409176144434,1.000378224212357,1.0019148503055015
2023-06-29,AM,-0.767520295111315,-5.580301712515365,0.45320750103925656,1.0006680768213225,1.000554898124221
2023-06-30,AM,-0.7213061970249236,-4.561283492205055,0.45004020282405277,1.00189982949659,1.001230737398784
2023-07-01,AM,-0.5429449627207779,-4.787572473316347,0.44650392435792585,1.005477370758965,1.0072484948279852
2023-07-02,AM,0.4368742618980457,-6.134968821066243,0.43446079820896266,1.0004935544167692,1.0018554560819513
2023-07-03,AM,1.4304241864853702,-6.788111394531034,0.4489793349794019,1.0028545328585798,1.002420683360158
2023-07-04,AM,2.7548604627895643,-8.101648326261154,0.4755378653403231,1.0017678576283273,1.0025495464396126
2023-07-05,AM,4.4121537049375785,-10.163187652665433,0.5471021420663819,1.0003024746406206,1.0000641396315133
2023-07-06,AM,5.446642582982233,-11.738319406371229,0.6493549744932698,0.999731351228364,0.9997162731812187
2023-07-07,AM,5.706769617770377,-12.963730291330277,0.8112031769100465,1.0006025505244214,1.0013330193135905
2023-07-08,AM,8.368894793570862,-16.230933248559385,1.0344412839145976,0.9999479845809179,1.0014543899874084
2023-07-09,AM,6.91975213782419,-15.450010941842804,1.3635954642699637,1.000880566196063,1.004035088237635
2023-07-10,AM,3.163034904655314,-13.285097463415893,1.8028087662977699,1.0001037260674939,1.002557323917256
2023-07-11,AM,4.804805817919995,-15.923275326886017,2.327224613415653,1.0022744401876236,1.004659199482612
2023-07-12,AM,5.470533792201174,-17.260538277544995,2.8496433123277596,1.002819058336022,1.0049411676572888
2023-07-13,AM,5.523981234116284,-18.063813731208835,3.4136732042723232,1.0026027937214916,1.0069840858790515
2023-07-14,AM,5.379427788762351,-19.047324293445023,4.026125443712878,1.0024389477060591,1.0121564707735295
2023-07-15,AM,4.216540325442288,-19.511776352967775,4.691632961868441,1.0024396853333308,1.011495439197896
2023-07-16,AM,2.9125350168235116,-18.956725664621807,5.001978764850787,1.0009929132927446,1.0153900603289512
2023-07-17,AM,5.333136428884316,-20.149422537593207,5.104181605279628,1.0039058627532995,1.01499077173353
2023-07-18,AM,6.671747598121623,-20.420344704568972,5.267808268651917,1.0026899522151245,1.015048459494968
2023-07-19,AM,6.70966896009736,-20.480753030405566,5.590183256426318,1.0017808858199067,1.014362590968437
2023-07-20,AM,6.934101941461422,-20.160683680728276,6.019143853149209,1.0002445821517894,1.015568606508462
2023-07-21,AM,7.061623304028667,-20.38014594025323,6.339445205925009,1.0002317566595527,1.0132575823441927
2023-07-22,AM,5.801444334106465,-19.55942102265416,6.457730093254114,1.0000324456332115,1.0127194292580288
2023-07-23,AM,3.744477689739838,-18.685051397379162,6.438033602863006,1.0013845058006192,1.0139602301876058
2023-07-24,AM,6.983561884126504,-21.120151962656212,6.286381813949377,1.0027803529960073,1.0154252992155488
2023-07-25,AM,6.978836583191343,-20.633629512145568,6.0546024694910265,1.0015242393822397,1.0130537080128663
2023-07-26,AM,7.428622066548522,-20.92033733743721,5.921764990534656,1.0016468499203626,1.0090436174725226
2023-07-27,AM,7.58453900694436,-20.811476615688008,6.078645353327493,1.0028660437693395,1.0122197322968378
2023-07-28,AM,6.528225279602962,-20.07971251042603,6.380301684068229,1.0023396980319235,1.0160808231993208
2023-07-29,AM,6.284619522476897,-20.28373780514155,6.687211461742105,1.0025591782417478,1.0132994556332728
2023-07-30,AM,6.80082303978443,-20.891122576113126,6.752898344231554,1.0001693673340786,1.0121937916678534
2023-07-31,AM,7.413658054603751,-21.16180179500921,6.459818299632052,1.002315163966448,1.0153086752558833
2023-08-01,AM,NA,NA,NA,NA,NA
2023-08-02,AM,NA,NA,NA,NA,NA
2023-08-03,AM,NA,NA,NA,NA,NA
2023-08-04,AM,10.373697527917864,-23.969229450257988,5.2623147464422395,1.0038064553537664,1.0151636326583693
2023-08-05,AM,5.832286027551971,-21.864532884433576,5.194451213456675,1.0029084602529332,1.012894778266886
2023-08-06,AM,8.129095916379976,-23.223960731667745,5.107731945413149,1.0018707852704072,1.0141611779473234
2023-08-07,AM,8.93909920905757,-23.24685049277418,4.517973996171373,1.0011190390178244,1.0114343228550875
2023-08-08,AM,9.017652429195799,-22.015940510516934,3.911641459419244,1.0054837365630815,1.0120323548607768
2023-08-09,AM,8.444316344820729,-21.648875252396877,3.8728080356535917,1.003783755156257,1.0128668958519438
2023-08-10,AM,6.617178993523461,-21.20359572147924,4.0858926623748095,1.0022863287414823,1.0108553336563246
2023-08-11,AM,7.148697369979034,-21.981692844287103,4.670224062961124,1.0043886706746468,1.0124699044515042
2023-08-12,AM,NA,NA,NA,NA,NA
2023-08-13,AM,7.393033817349058,-21.878547647679422,5.639062440689933,1.003199482846368,1.0171465216038784
2023-08-14,AM,4.412033797881685,-19.794100792262228,6.099382784093229,1.0028531098558966,1.01234540360901
2023-08-15,AM,3.6867529805011645,-19.55024580096629,6.537272602279605,1.001683600822875,1.0163774183292977
2023-08-16,AM,NA,NA,NA,NA,NA
2023-08-17,AM,5.729020722139958,-20.867061513201243,6.430752103697059,1.0014680722191673,1.0132899153195352
2023-08-18,AM,7.189984635922049,-22.723691913686476,6.067564770473462,1.0020674038953123,1.013360642005016
2023-08-19,AM,6.1977024153653835,-20.885258770235982,5.930265192692732,1.0016014161463898,1.0163584461825277
2023-08-20,AM,6.6095223108261285,-20.816580754985793,5.990662532515049,1.0019604231657937,1.0160205558456419
2023-08-21,AM,6.485197552915544,-20.630258389937165,6.207885958992534,1.0022384081933686,1.012259719348831
2023-08-22,AM,6.126432223110631,-20.471066390755922,6.507118482772553,1.0005488479777436,1.012761983942106
2023-08-23,AM,6.309080695401819,-20.090018686183246,6.947836731589467,1.0009339748282573,1.0121805424951522
2023-08-24,AM,5.6324391362112545,-19.64598254093959,7.601526651424007,1.0014688174744675,1.018089269707038
2023-08-25,AM,5.7750753746284955,-19.756777850390993,8.32257985152121,1.00051168239248,1.017418171388409
2023-08-26,AM,5.311289934150812,-19.62359270932768,8.893398915937341,1.0009150487644425,1.0234061117919222
2023-08-27,AM,5.541039579364872,-19.83341095220134,9.202656895950192,1.0067488941484455,1.02385561945685
2023-08-28,AM,5.069417576072951,-19.520804276990386,9.429012389551275,1.0028445252080278,1.023574506545477
2023-08-29,AM,5.9987855388815206,-20.432329298948105,9.57323922101054,1.0019489609054717,1.0264610417620068
2023-08-30,AM,2.1588249438813936,-22.90571508165146,9.25287070477837,1.0018822984512539,1.0234431982249117
2023-08-31,AM,6.590627842031592,-25.161259325069246,7.111113142934176,1.0010243544625972,1.0155561743540766
2023-09-01,AM,NA,NA,NA,NA,NA
2023-09-02,AM,9.090956386503342,-21.242666219277524,1.7519717270360902,1.001064151670681,1.0046118123832781
2023-09-03,AM,7.3061463092229175,-16.182190090405385,0.9535014804152544,1.0011457650255915,1.000260751466567
2023-09-04,AM,4.20929666060659,-11.483138413714421,0.6994435411590938,0.9993900464924571,1.0000300077972977
2023-09-05,AM,2.6301906241907886,-9.15966574453334,0.6257378753071093,1.0008320406049063,0.9997231216876747
2023-09-06,AM,2.226839683142348,-8.740918299835169,0.6193802567317882,1.0016453210059553,1.0001905093347088
2023-09-07,AM,3.7916162639864113,-10.166977288578934,0.618029515141825,1.0005598836617593,0.9998065317961523
2023-09-08,AM,4.2455073074478475,-11.265097505305357,0.7135625358266066,0.9999607013444364,0.9997821758809154
2023-09-09,AM,5.105374009564183,-12.112081653722418,0.7007110914145032,1.0012442120273322,0.9997655333508683
2023-09-10,AM,4.951377674897916,-12.337182241470897,0.7324733718295784,1.0017113210567272,1.001597949490818
2023-09-11,AM,6.957855049933289,-14.6699656533525,0.803940708962465,1.000575522215495,1.0001064661980563
2023-09-12,AM,8.30293113958683,-17.126493031498494,0.94970931306133,1.0019089991442784,1.0025803866288243
2023-09-13,AM,9.613909840906592,-18.63218386922928,1.1102380469956403,1.0007639164535285,1.0018868028331689
2023-09-14,AM,9.319647237773943,-19.239966985655908,1.3740948681187817,1.004510420828907,1.0016928172404171
2023-09-15,AM,9.03009314096914,-19.945102298558428,1.7056608999467564,1.001318433989794,1.007994221035409
2023-09-16,AM,9.575313293356272,-21.21254669394809,2.030612157321994,1.0013888330165528,1.0054590787272026
2023-09-17,AM,9.693216233779326,-22.270904064784226,2.3611660297109918,1.003343053774595,1.0102938993712849
2023-09-18,AM,9.833248544584666,-22.550067727162823,2.7002158883249514,1.0013880669363395,1.006851851128128
2023-09-19,AM,9.919505681967363,-23.395009163291743,3.069758339925407,1.0035500286724308,1.0083408858190888
2023-09-20,AM,NA,NA,NA,NA,NA
2023-09-21,AM,NA,NA,NA,NA,NA
2023-09-22,AM,NA,NA,NA,NA,NA
2023-09-23,AM,NA,NA,NA,NA,NA
2023-09-24,AM,NA,NA,NA,NA,NA
2023-09-25,AM,NA,NA,NA,NA,NA
2023-09-26,AM,NA,NA,NA,NA,NA
2023-09-27,AM,NA,NA,NA,NA,NA
2023-09-28,AM,NA,NA,NA,NA,NA
2023-09-29,AM,NA,NA,NA,NA,NA
2023-09-30,AM,NA,NA,NA,NA,NA
2023-10-01,AM,NA,NA,NA,NA,NA
2023-10-02,AM,NA,NA,NA,NA,NA
2023-10-03,AM,8.929806806366827,-24.58408427206697,6.002753207650192,1.0007656907695415,1.0142826799203064
2023-10-04,AM,8.537642938668002,-24.620568148062667,6.209526386304737,1.0009814570453823,1.011626366960905
2023-10-05,AM,7.629855011588405,-24.36962457113566,6.404363655681512,1.0038192098358387,1.0138104787289584
2023-10-06,AM,6.6642183311658485,-23.72449299514089,6.595507901091406,1.001256572909372,1.0128019947458675
2023-10-07,AM,8.07785394140071,-24.32958765768923,6.809851748218391,1.0021981871766141,1.0129022292480816
2023-10-08,AM,7.2002137491180065,-22.97458532841112,7.045839105556997,0.9998310145658517,1.0098019694064777
2023-10-09,AM,6.623072798101999,-22.878166140481095,7.302923218780498,1.0014586008892696,1.016204061012229
2023-10-10,AM,7.098667766263433,-24.576781291180172,7.596782691070654,1.0016640015432567,1.0183036713587665
2023-10-11,AM,1.922309678098208,-21.921473016663448,7.702981481624195,1.005462992735505,1.0171074489759961
2023-10-12,AM,5.667684181259277,-24.443999137564152,7.525333738056668,1.0006261745530383,1.01745308336266
2023-10-13,AM,5.6515275513533325,-23.696240949610388,6.904128112931474,1.0019051678947906,1.014501320926296
2023-10-14,AM,5.247594932716089,-23.639588122528586,5.874131850208384,1.0007420782779708,1.0108994958110813
2023-10-15,AM,6.207706773882413,-23.646231725866073,5.19903526409963,1.002722373933988,1.0125714290382122
2023-10-16,AM,6.253854591094207,-22.90760331441436,4.902560618552275,1.0057889831405449,1.016509996000758
2023-10-17,AM,5.957420416961685,-22.081771196352072,4.725109468687392,1.0027620007917541,1.013712834707395
2023-10-18,AM,6.055987466625768,-22.662578306222763,4.895174535264385,1.0041725745050603,1.0152130217747535
2023-10-19,AM,6.377344475003057,-23.07129335244389,4.989911959249783,1.0009322063704764,1.0128841587350512
2023-10-20,AM,6.382278310801764,-23.81944237974603,5.048653197816417,1.0002981180224224,1.0126637305960742
2023-10-21,AM,6.094608521279476,-22.7929985916466,5.107265031449916,1.0032401078686546,1.013876542989559
2023-10-22,AM,6.85284639888959,-23.193491120993,5.204507612275481,1.0015531503704764,1.0111653502192142
2023-10-23,AM,6.29227814310866,-22.75165237690457,5.322219955998189,1.0029077918454985,1.0123148689215438
2023-10-24,AM,6.159044979798974,-23.34224101554797,5.4819926503213745,1.0004677535614275,1.0152423673126274
2023-10-25,AM,4.976084961515798,-22.242269418380584,5.6629198649433485,1.0015146985353691,1.0125171389760004
2023-10-26,AM,4.94376481363855,-21.629569386649752,5.881003308341218,1.0029017559345177,1.011112294879971
2023-10-27,AM,4.966440702804478,-21.555282107310166,6.133229796730874,1.0010054093119884,1.0129972646086232
2023-10-28,AM,4.667212079078758,-21.195561305306665,6.412174210782316,1.0017435386151587,1.0128437281308296
2023-10-29,AM,4.4352738975530634,-21.03314439473639,6.703536470510003,1.0017916004975496,1.0143255326306728
2023-10-30,AM,4.416764568258167,-20.886968269280374,6.997262516753589,1.0011034970701362,1.019132360390208
2023-10-31,AM,NA,NA,NA,NA,NA
2023-11-01,AM,3.8421188612403343,-19.451876123883192,7.634868143135444,1.000378131587273,1.0140232398095053
2023-11-02,AM,3.9977215536721524,-19.68314715329103,7.9680988570609586,1.0040174895342606,1.0182849543571126
2023-11-03,AM,4.0596154392561195,-20.095497473595415,8.034099248301677,1.003880801244854,1.0193825904263374
2023-11-04,AM,4.010049797614132,-19.943665134593832,8.110843826762078,1.0007327308360514,1.0199090656241214
2023-11-05,AM,3.751708530044502,-19.577573677925592,8.351817483867888,1.0022531299394712,1.0178911711031042
2023-11-06,AM,3.747965487076845,-19.664438740725195,8.609540329373194,1.003123987593751,1.0225382509959957
2023-11-07,AM,3.7332160206961134,-19.683557214343985,8.935455441080068,1.000709154346857,1.020665756541117
2023-11-08,AM,3.68621598757633,-19.685750720853402,9.30192826410442,1.0009908819737352,1.0230632003393083
2023-11-09,AM,3.938141896096243,-20.043421675173352,9.752240981054396,1.0016832218170275,1.0230327838587188
2023-11-10,AM,3.486848361260916,-20.035486444492733,10.357067116113079,1.0011394275289354,1.023406916739971
2023-11-11,AM,3.33374805136289,-20.230213249578252,11.015062907493961,1.0015447177901373,1.0267575059173621
2023-11-12,AM,3.4704933488465213,-20.17260689495386,11.484880104423219,1.0028218778640232,1.0247953327354227
2023-11-13,AM,3.491111938863681,-20.339476041617814,11.898435989186652,1.0039259778105203,1.02906802623529
2023-11-14,AM,2.7486794780227295,-21.170459650218948,12.613879909791715,1.0030439237730153,1.030307201591584
2023-11-15,AM,2.3289294544761026,-21.52997972922851,13.200016626831902,1.0063306855882483,1.034921148177814
2023-11-16,AM,NA,NA,NA,NA,NA
2023-11-17,AM,NA,NA,NA,NA,NA
2023-11-18,AM,NA,NA,NA,NA,NA
2023-11-19,AM,NA,NA,NA,NA,NA
2023-11-20,AM,NA,NA,NA,NA,NA
2023-11-21,AM,NA,NA,NA,NA,NA
2023-11-22,AM,NA,NA,NA,NA,NA
2023-11-23,AM,NA,NA,NA,NA,NA
2023-11-24,AM,NA,NA,NA,NA,NA
2023-11-25,AM,NA,NA,NA,NA,NA
2023-11-26,AM,NA,NA,NA,NA,NA
2023-11-27,AM,NA,NA,NA,NA,NA
2023-11-28,AM,NA,NA,NA,NA,NA
2023-11-29,AM,NA,NA,NA,NA,NA
2023-11-30,AM,NA,NA,NA,NA,NA
2023-12-01,AM,4.476445792585556,-19.807748249615717,11.194482059147342,1.0046949004894978,1.0242579576414284
2023-12-02,AM,1.4070721976091858,-19.033642816427854,10.623834537361228,1.0006361925023468,1.0254929095846286
2023-12-03,AM,3.2232625203402256,-20.318970630163,8.801611538726693,1.0026576262443854,1.0191589476511103
2023-12-04,AM,5.232648444311435,-20.81053188431071,6.124418117834667,0.9999675073237821,1.0116594690950433
2023-12-05,AM,5.4901270792284835,-19.09270936346276,4.0402021555638825,1.00160603394488,1.0103528645688995
2023-12-06,AM,5.21895053615002,-16.216246398394144,2.79720664049381,1.002477064888347,1.0082132572045381
2023-12-07,AM,5.2414562386297785,-15.761629178478568,2.5130821575654614,1.0036481236414299,1.0077403122717234
2023-12-08,AM,5.5722866592032805,-16.848836232228624,2.571206209286984,1.0008651757106275,1.0056433493751846
2023-12-09,AM,5.553116812540199,-17.059888746804084,2.7345925619852145,1.0016361264761822,1.006253883969227
2023-12-10,AM,2.0491868396222155,-14.534979939526993,2.8489982878626168,0.9997526970501179,1.0030371263604099
2023-12-11,AM,5.400664945145157,-16.004120902409902,2.76751058695327,1.0008681225559486,1.0049369632637963
2023-12-12,AM,6.48581291023455,-16.608041152817744,2.311223138327925,1.0003800132277603,1.0054426297157129
2023-12-13,AM,6.301343849933074,-15.521895398437774,1.884161814039005,1.0003556612733902,1.0040113510421955
2023-12-14,AM,8.400870967922597,-17.21798724030861,1.7190774146187537,1.0011388071332896,1.0080716023520768
2023-12-15,AM,7.371302052548474,-15.97319317383522,1.5842255497131466,1.001938411857332,1.0031093997719356
2023-12-16,AM,1.9113448878568597,-8.374645996601556,1.4809618753110732,1.0006297097116081,1.0049868252135192
2023-12-17,AM,4.24016033470186,-15.000841938342196,1.171782352272352,1.002330348389556,0.9992847654166906
2023-12-18,AM,8.094172640699998,-4.642832946144123,0.653163906085531,0.9995355981654086,0.9999237777198399
2023-12-19,AM,-0.5993076838101163,-1.5967034710137376,0.4540823910510237,1.0009062732996412,1.0033016528714707
2023-12-20,AM,-0.9422534269352124,-0.6868874983867402,0.45529869388981814,1.0017309026609342,1.001241745719178
2023-12-21,AM,-0.6837769273885995,-1.2348212379877963,0.4541697768085528,1.0013814629826494,1.0016455008213192
2023-12-22,AM,-1.2746908654619218,-0.514762297787087,0.45432807234322076,1.001608953185738,1.0024783296346513
2023-12-23,AM,0.2751536096326056,-7.149239825471063,0.43056129781359126,1.001658300336563,1.000327207027188
2023-12-24,AM,-1.0046945843400574,-5.520578582566419,0.409196265121481,0.9999521291801758,1.0003256606581215
2023-12-25,AM,3.1743733661884335,-17.176429994385764,0.4307290931969627,0.9999361869529609,1.0003864709180068
2023-12-26,AM,-0.5028458333951196,-11.327448233693401,0.4213866921655339,1.0016648588387824,0.9998949257757661
2023-12-27,AM,-0.3797564482849465,-8.632941533513746,0.4220392918268246,0.9997506690244492,1.0006216109446624
2023-12-28,AM,0.056765738797627176,-8.721302928284658,0.4181861020144244,1.0017729822306776,1.0035257875095116
2023-12-29,AM,0.1030776252272483,-8.800198260729136,0.4220763197328089,0.9998930884750881,1.0002893450908965
2023-12-30,AM,5.641245839919173,-11.447653068793036,0.47654620618809135,1.001748263332969,1.0029203214478304
2023-12-31,AM,6.120260360298637,-2.112062777072719,0.38278690191035997,1.0023592289438599,1.0003090987436811
2024-01-01,AM,-0.04806843617303608,-2.697080165582059,0.4467197925178976,1.0001776072300392,1.001863877089537
2024-01-02,AM,-0.4685309186814725,-13.727930078363922,0.254331344726034,1.003676892935446,1.005350275415521
2024-01-03,AM,3.6341720243002413,-14.963152867721167,0.4504670041244551,1.0020655744050195,1.0019235039724323
2024-01-04,AM,5.084071351252177,-18.578233739512736,0.4710408532401432,1.0038084878274576,1.0067308128028958
2024-01-05,AM,8.54651496141124,-16.413024538637053,0.46220451492853626,1.00417082570189,1.0026707052962371
2024-01-06,AM,-2.3229632409430065,-2.4237667642428145,0.44569261951941014,1.0026170190382497,1.0030993178531422
2024-01-07,AM,0.5185638376752045,-7.048520931236622,0.4459890837067153,1.0006856819112515,1.0015348314059271
2024-01-08,AM,-2.3716145824301065,0.9252004153418508,0.4687218611001392,1.0017261134316497,1.0022780834191316
2024-01-09,AM,-3.8832409911600063,-0.45999542306812446,0.37164987441315706,1.0001798517925988,0.9998961654259564
2024-01-10,AM,4.011286105755084,-12.121993548905342,0.44452728495283816,1.0023667367799791,1.0025606576231925
2024-01-11,AM,4.062136348612918,-11.563750113663255,0.3716801445784051,1.0001637008664728,1.001147208902858
2024-01-12,AM,NA,NA,NA,NA,NA
2024-01-13,AM,0.6398420155379183,-3.9865793997353176,0.4450580225187074,0.999745076613037,1.001463605275046
2024-01-14,AM,-2.309836834863858,-5.222030159909836,0.4780169725402816,1.002224000234544,1.0052111076633652
2024-01-15,AM,-3.108506527104712,-0.3262835911258277,0.4649482091123947,0.9992664247803457,1.0021183396587763
2024-01-16,AM,0.1294981294832608,0.09121828435920763,0.46944585653750037,1.0001743365603066,1.001471647433145
2024-01-17,AM,-0.42083517423394995,-8.486329200224084,0.42934778063700146,1.0010851840279624,1.000007251917795
2024-01-18,AM,-0.12863475292744,-5.927000757300901,0.4437944082350898,1.001606967405452,1.00231613053824
2024-01-19,AM,-2.3795155885204795,3.8854310533701844,0.43983240080441943,1.0004694302639503,1.0023140846924132
2024-01-20,AM,0.7915938626478094,-7.7911955975254035,0.4431004163094769,1.0008310320216816,1.0000697104997953
2024-01-21,AM,1.5151277888645183,-3.7496300494853925,0.43098232200693953,1.0007444679420585,1.001459153693402
2024-01-22,AM,6.571853908052157,-9.196038560606702,0.3557464518878686,1.001731086709762,1.0000613161187268
2024-01-23,AM,6.232641291731515,-14.241801956662096,0.3687617244770178,1.0007779604954934,1.001491932754345
2024-01-24,AM,3.6608699991318807,-7.674247688704418,0.43814631213808414,0.9999566358245747,1.0009535350272347
2024-01-25,AM,-0.8732760457605306,-5.231748291125904,0.4444737412792621,1.001075023448021,1.0004192519435797
2024-01-26,AM,0.22062878876612327,-5.528458464073785,0.4482469108073099,1.0039035355989931,1.0064580906628506
2024-01-27,AM,1.4776342833623812,-6.379180991740038,0.4557209812204251,1.00010071090464,1.0001995125458076
2024-01-28,AM,NA,NA,NA,NA,NA
2024-01-29,AM,5.958792976946931,-8.208073348903365,0.2993613568870848,1.002594410816808,1.001304831027078
2024-01-30,AM,8.042421509190621,-14.986692114187164,0.33364715440592263,1.0013947153898952,1.0018288838728053
2024-01-31,AM,0.7420858945086453,-3.6022576589789472,0.40915979500776534,0.9992179456531434,1.0011569356942878
2024-02-01,AM,7.520985716176932,-9.83198784805568,0.3073200010929635,1.002070205150699,1.0039395532360431
2024-02-02,AM,8.732766409543828,-11.233812925643639,0.2917723930163901,1.0006656829224054,1.0034439527193537
2024-02-03,AM,10.195111837496027,-13.844382731026046,0.3225780767655871,1.0018074831130686,1.0009024551080161
2024-02-04,AM,6.495775665484831,-10.647933638862872,0.374982033354612,0.9999716968653909,1.0009599790521386
2024-02-05,AM,7.756539552500858,-12.212811562057516,0.43266295009479816,1.001292017615119,1.001515207347359
2024-02-06,AM,11.7852223261498,-15.60692968419961,0.46181347357440716,1.0008561974688663,1.0047438899219032
2024-02-07,AM,NA,NA,NA,NA,NA
2024-02-08,AM,10.571854999701548,-15.090419209993316,0.4410405662484636,1.0002878504328032,1.0001736695051442
2024-02-09,AM,10.555140262123095,-14.764669736171495,0.4592636124299239,1.0005341295771204,1.0023704808980547
2024-02-10,AM,9.991328599774453,-14.107221818421472,0.4129554717152804,0.9998823277709826,0.999998251700651
2024-02-11,AM,9.464225751971151,-14.423092791804098,0.41120949110739435,1.0015504234568589,1.0011412242103082
2024-02-12,AM,4.505968076938686,-9.720084792877957,0.4390909417043431,1.0000626249871742,1.0012507061345783
2024-02-13,AM,14.124150850406082,-17.862746788044632,0.4796147763317096,1.001857810256362,1.0021633101468181
2024-02-14,AM,NA,NA,NA,NA,NA
2024-02-15,AM,12.336214788914067,-16.51377349508573,0.5324161997410528,1.0035657590803893,1.0052789501919872
2024-02-16,AM,8.574349633840503,-13.924578004858809,0.498748357698659,1.003513013131362,1.003199929619189
2024-02-17,AM,4.668688049266044,-9.590505302335371,0.48794577385081855,1.0052575537746427,1.0050420542733818
2024-02-18,AM,9.1004892178586,-14.082830481951245,0.4816851923449736,1.0027533050301451,1.0040058837666943
2024-02-19,AM,11.37402499193669,-15.203693212614981,0.5135376799004945,1.0027615350076313,1.0074860262371879
2024-02-20,AM,8.393119365622761,-11.771822921978975,0.48018341432208517,1.0004597063689897,1.003699375016774
2024-02-21,AM,7.813784608275696,-10.526550067049236,0.41416315276506815,1.0016349176666635,1.0008878555599405
2024-02-22,AM,NA,NA,NA,NA,NA
2024-02-23,AM,NA,NA,NA,NA,NA
2024-02-24,AM,5.906761941370258,-12.098798363217687,0.3293239690884655,1.001429291129364,1.00224820268076
2024-02-25,AM,6.335153422267855,-9.029806341572618,0.3185182304872243,1.0019837031541328,1.0020738095948434
2024-02-26,AM,8.425841292288533,-11.397208183299405,0.34476661741347037,1.0021657899145868,1.0034449273444233
2024-02-27,AM,8.98938683624729,-12.172696604397277,0.3455361318505096,1.0011592603215016,1.0008438403294568
2024-02-28,AM,10.446890639163282,-15.09335088922257,0.37778256970895807,1.0000992577152827,1.0007479671682271
2024-02-29,AM,10.983025608602455,-14.656418690189449,0.4491988927616879,0.9999837500565121,1.0015776622236316
2024-03-01,AM,8.223794294963584,-13.498959342324692,0.4829407583212253,1.0023991756484278,1.0009881989227032
2024-03-02,AM,7.433327194081921,-13.218674961430072,0.6125718375969231,1.0047158872864466,1.007554307704295
2024-03-03,AM,9.829360382195626,-16.003892497049886,0.7224403732156499,1.0010286703297815,1.0017081607318883
2024-03-04,AM,10.036901913585975,-16.795828042064617,0.801224399853915,1.0025836271942268,1.0056176445411813
2024-03-05,AM,3.7846810438514873,-10.75287585118452,0.7600354159341791,1.0014480691492365,1.0024004816613747
2024-03-06,AM,9.102212744159953,-15.529342187258388,0.8260102141137154,1.0025683949491349,1.0074590369028629
2024-03-07,AM,8.974352118233083,-15.591564993631668,0.7891191894778351,1.001242732986923,1.0043553178410973
2024-03-08,AM,6.890550642866967,-13.778454786059388,0.6983604312472415,1.0028947470597216,1.0040153678066548
2024-03-09,AM,5.981479829847003,-12.877672798751304,0.6830488295955139,1.0002305549539652,1.00122321311823
2024-03-10,AM,9.802727123007887,-14.774294289126633,0.6259914653972207,1.0035405489096467,1.0045662411363692
2024-03-11,AM,8.929280054136433,-13.221151198161433,0.47318419942890083,1.0010774576514656,1.0005378097340105
2024-03-12,AM,5.028345624489245,-8.520441013047485,0.432156230499277,1.001257203265992,1.001968745522818
2024-03-13,AM,2.1511753981786685,-7.287320554203007,0.4358619013833673,1.0009667830397766,1.002845122667416
2024-03-14,AM,-2.712174054411575,1.086395144722025,0.4187845740927168,1.001318437391352,1.0019612717460753
2024-03-15,AM,-0.8108601160675456,-4.6299792692879755,0.4420005974406566,1.0008569994102599,1.0014991984529744
2024-03-16,AM,2.683996039250102,-6.314365648377389,0.4524442169173443,1.004790707371045,1.0035910430172605
2024-03-17,AM,1.1968170296772203,-5.278503439327636,0.4468720169717656,0.9999369457676299,1.0028467849168627
2024-03-18,AM,-2.2992502312576457,-9.016106401536167,0.42320096741170066,0.999986450688961,1.0008277656821334
2024-03-19,AM,0.5269200454787181,-4.113176474458923,0.4718944762821168,1.0016678487875392,1.0042061710426637
2024-03-20,AM,-0.2887212741878433,-3.990722794938912,0.45649213396806787,1.0005485754830081,1.0022363891293784
2024-03-21,AM,-0.917527785007187,-4.6919020186878715,0.4434123994260825,1.0004251810186902,1.0016401982132819
2024-03-22,AM,-1.7398605590409288,-8.732471343203352,0.45316275024886105,0.9997874806947302,1.0014019353648498
2024-03-23,AM,-1.6838918669830543,-0.2532833019519179,0.45676472005489854,1.0026472089306264,1.0037503857311745
2024-03-24,AM,-1.5897613074548593,-3.2172422151405815,0.46008673677677253,0.9999997829114048,1.0006378863620544
2024-03-25,AM,-0.994999477249306,-6.474040913624509,0.4372677563648911,0.9996383462718716,1.0001559580923693
2024-03-26,AM,-4.072849438536684,-0.010306607119646472,0.42590177432705434,1.0031839834208078,1.0024493505597383
2024-03-27,AM,-1.58341625189835,-0.13309133520252575,0.5147111232914973,1.0014225334273654,1.0055396595215529
2024-03-28,AM,-0.6902518662683058,-3.1278008543464804,0.4640764264073257,1.0014828268730225,1.0043708642801181
2024-03-29,AM,0.8981450019658065,-8.78921919204543,0.4367804185431005,1.001106769201265,1.0016452074073612
2024-03-30,AM,0.25709786322473777,-7.276923465843836,0.4371459183095801,1.0020341821123664,1.0011533533052481
2024-03-31,AM,-1.7461162272879158,-8.982331501713647,0.3689177669638825,0.9997127154362945,0.9994308103626548
2024-04-01,AM,2.064131709744717,-7.829424724358432,0.4246732804967725,1.001603766220189,1.0018816876605279
2024-04-02,AM,4.003879827233205,-11.15140529700079,0.4688525962221008,1.0037388098735647,1.0040466291962018
2024-04-03,AM,0.3906964451365927,-6.754361058114016,0.4362098877348027,1.0005532943146522,1.0001999067947651
2024-04-04,AM,-3.703404020256235,-4.658967962870975,0.36288419923424026,0.9998233909615172,0.9997889374091361
2024-04-05,AM,3.40806113855711,-13.00082913323992,0.401355741922354,1.00054917573975,1.0005640588062432
2024-04-06,AM,5.164739780016129,-11.5141889225927,0.41690044697235756,1.0007330956794311,1.0010294094549705
2024-04-07,AM,6.292964067958306,-14.87124618127305,0.4165981686186694,1.001133148541729,0.9999167128950838
2024-04-08,AM,5.108633800450893,-13.044353154500689,0.36680821987866746,1.0018853988504814,1.0015375648543023
2024-04-09,AM,3.669262053078381,-13.850251994339539,0.381390435444366,1.0009213606416327,1.0001240402609473
2024-04-10,AM,2.62486451129313,-12.303344714122453,0.38755189432217757,1.0015444500362025,1.0015582508548933
2024-04-11,AM,-9.433413299975063,11.993899183078168,0.43512661592516233,1.0011803981890393,1.0009335598680265
2024-04-12,AM,0.34083015669700906,0.41490839042812694,0.39803090961619714,0.9998220078465848,1.0014728026570188
2024-04-13,AM,-2.41826789463639,-11.654462054618188,0.3072847210573373,1.0004675015685736,1.0002475839619602
2024-04-14,AM,-7.412266309334436,-2.053539542737125,0.37849506423832013,1.0012681199629931,1.001087775316061
2024-04-15,AM,-6.804614540269514,-14.432604296836038,0.18721884662155586,1.0026493563577332,1.0075215423809243
2024-04-16,AM,-0.7202187923397725,-12.150620632453805,0.32885250210200573,1.0059732530574461,1.0034873950566001
2024-04-17,AM,0.5007641209460637,-12.84785607002192,0.3450929284274446,1.0017385278739732,1.0019328895176363
2024-04-18,AM,-0.0461200265522978,-12.538520707311632,0.34198222356184155,1.002309945434115,1.003702202833453
2024-04-19,AM,-0.09427187554576097,-12.846453871280646,0.3418051772256742,1.0008234200310901,1.0012121287857745
2024-04-20,AM,-0.09256370501592613,-12.80712676349728,0.3357122721237392,1.0032291465612941,1.0022396365365749
2024-04-21,AM,-0.12295183029055808,-13.086464773102827,0.34039187638541757,0.9997498064328483,0.9995339366035678
2024-04-22,AM,-0.2723475209294916,-12.821939264807067,0.3369099080443454,1.000090137165787,1.0005262894951683
2024-04-23,AM,-0.08389757465025734,-12.748171434608691,0.3339347324740674,1.0025997810151979,1.00175121236414
2024-04-24,AM,-0.15054953238580218,-12.753354153600363,0.3462274283897683,1.000632871740942,1.0012246434279637
2024-04-25,AM,-0.17458369659771403,-12.542573770673256,0.35492212921894883,1.0027217202187617,1.001863625388459
2024-04-26,AM,-0.1857048578889373,-12.10935262857131,0.35725312234060447,1.000120914182502,1.000146305230268
2024-04-27,AM,-0.21867225555196612,-11.874602553562724,0.3665171214157898,1.0011460634222311,1.0006713895548012
2024-04-28,AM,-0.1208481475766614,-11.486432590263064,0.3674172401860783,1.003143458312099,1.0005173595049097
2024-04-29,AM,-0.17958455443024277,-11.169704424146945,0.3792572369595272,1.001378380399047,0.9997254758234682
2024-04-30,AM,-0.1517051507858816,-10.851429631675797,0.3873797510119119,1.00056922399228,1.0004316465489604
2024-05-01,AM,-0.05059957714901261,-10.77561797301091,0.400726235840733,1.0000830264728644,1.0005129563630613
2024-05-02,AM,-0.05097982079061097,-9.934148851477822,0.3892366071724961,1.0036791707021437,1.0044964636403653
2024-05-03,AM,0.026577550354195643,-9.985039974282065,0.4082158916494213,1.0012940312063718,1.0012825888026393
2024-05-04,AM,-0.11684055870186215,-9.18077775819848,0.4151298805920133,1.0008040378807888,1.0010526950076468
2024-05-05,AM,-0.5181591307977862,-8.945340676889153,0.41576260352475675,1.0023282552535127,1.002480285909105
2024-05-06,AM,-0.4007885053651239,-8.503915539858747,0.42417157194617083,1.0004432274125081,1.0012611878650401
2024-05-07,AM,-0.07470009277423395,-7.405928542703936,0.43415191126701497,1.0016787276765389,1.0016281191982164
2024-05-08,AM,-0.35518805452738916,-7.787618357272241,0.43049283350176903,1.0006121314124097,1.000521850127897
2024-05-09,AM,-0.8838355635711584,-6.720412836613857,0.44279333838947565,1.0012657758746257,1.001750700116196
2024-05-10,AM,1.9711046642920582,-9.298183510233397,0.4148124436112924,1.0004117237230827,1.0003253355919284
2024-05-11,AM,0.6781477850589299,-7.673314414468255,0.43364291849782294,1.000458214145748,1.000413630968623
2024-05-12,AM,1.0806231665931605,-8.664078437698873,0.42730834710655774,0.9997225511486694,0.9999182607418295
2024-05-13,AM,0.6577563917261157,-8.003777862399104,0.4325347371416268,1.000086627209933,0.9991698656183144
2024-05-14,AM,1.5049221637822383,-9.54942929506562,0.41331782667650474,1.002779528324387,1.001843767186873
2024-05-15,AM,0.24405811578628264,-8.272102627262278,0.42449527479491445,1.0023018254901914,1.002958863187831
2024-05-16,AM,0.1306232007772479,-8.583703151118312,0.4162787616584046,1.0023068478327704,1.003274734087922
2024-05-17,AM,0.12898373016067116,-9.121325703258838,0.42115349005973807,1.000225786696954,1.0008203223886996
2024-05-18,AM,0.16989806219537812,-9.392807398643905,0.4105835610669149,1.003052726911307,1.0022090744868326
2024-05-19,AM,0.08347926529964855,-9.78747888118479,0.40809929471853934,1.0006406566531936,1.0007760633279013
2024-05-20,AM,0.10002274504192891,-10.157626831710402,0.4037776774315899,1.000416312976425,1.0003005103750298
2024-05-21,AM,0.10213444652466762,-10.575593584956842,0.4023217210111678,0.9998584492029928,1.0013717278529126
2024-05-22,AM,0.07530799047885388,-10.750202049896252,0.3932796916347062,1.0001385381501358,1.000460964731679
2024-05-23,AM,0.11535281259601049,-11.151606425203349,0.38547742765684223,0.999880182197245,0.9995207338442339
2024-05-24,AM,0.09562061735013727,-11.26692343512915,0.3745133317348332,1.0008995135364285,1.000225916536824
2024-05-25,AM,-0.08927861417629307,-11.352176886325669,0.367540704978084,1.0051178744978717,1.004719177777643
2024-05-26,AM,-0.04627864293861539,-11.834650954114935,0.3735117360998619,1.0003966627144931,0.9997071593697315
2024-05-27,AM,-0.07161849004043379,-11.720456433747083,0.36946998478822596,1.0007333935511338,0.9998607875723199
2024-05-28,AM,-0.09537341279653459,-11.738897552195917,0.3735708323198611,1.0030606032320435,1.0013634821327226
2024-05-29,AM,-0.08065314939299333,-11.508521364337877,0.37374013816080315,1.0008446937352684,1.001011655802342
2024-05-30,AM,-0.09074098076235314,-11.409293014854061,0.38339549987849125,1.0014843922721821,1.0008309889779496
2024-05-31,AM,-0.12855964608786058,-11.044746236171262,0.38648261360923997,0.9999738657845331,1.000744725916713
2024-06-01,AM,-0.08531672158008438,-10.738315311958722,0.3860069564275915,1.001495011321986,1.002438519199943
2024-06-02,AM,-0.03398301999641771,-10.662638824017424,0.3897641212882937,1.0005961499216156,1.0015629296840847
2024-06-03,AM,-0.05519640851542413,-10.614084475247864,0.39644053453203537,1.000181323628762,0.9994777612749957
2024-06-04,AM,-0.06026226700590184,-10.342239249238343,0.39737041227305236,1.002673036807307,1.0018978975077766
2024-06-05,AM,0.0471706243562135,-10.103611442895064,0.39688206578102553,1.000637116105029,1.000192965093261
2024-06-06,AM,-0.01113351981191479,-9.888553760210192,0.4050482110640116,0.9998241906483192,0.9999893850233251
2024-06-07,AM,-0.04022216669377816,-9.733023799721556,0.4149902393415709,1.00094659679577,1.0021340588769965
2024-06-08,AM,0.2894999496779837,-9.576695499966117,0.4159941857896608,0.9998753220815068,1.0007620532415573
2024-06-09,AM,0.6302558653298665,-9.568882267685108,0.4117800883437987,1.0005089888578655,1.0004883254542327
2024-06-10,AM,-0.700233503300989,-6.339361862836155,0.4468325445644643,1.0005793337581022,1.0006442667624844
2024-06-11,AM,NA,NA,NA,NA,NA
2024-06-12,AM,NA,NA,NA,NA,NA
2024-06-13,AM,NA,NA,NA,NA,NA
2024-06-14,AM,-0.0034618891470072667,-6.188125128784068,0.45171638733211655,1.0011242009453547,1.001648587526475
2024-06-15,AM,-0.5045155779602893,-5.9766080729077045,0.540016915668236,0.9993429355126119,1.0021725190425104
2024-06-16,AM,0.3465818152010404,-8.57765153278501,0.6533150759385054,1.0025843547354367,1.0023676808438908
2024-06-17,AM,3.829728015613026,-8.624280836310417,0.8227319258575513,1.0009846989055557,1.0011577459152745
2024-06-18,AM,0.7040511441884929,-8.483544342598572,0.985496987439847,1.0033795869030977,1.0030850241275542
2024-06-19,AM,0.5757481611576087,-8.8221241083438,1.1797474452615997,1.0007328852970219,1.0026193035003332
2024-06-20,AM,0.4617772534758682,-9.609213012731994,1.4243788180002888,1.0011418316969694,1.0023763219276924
2024-06-21,AM,0.372418552452964,-10.6340168432164,1.6971577236941826,0.9999075684114795,1.005116588454555
2024-06-22,AM,0.6109251324054531,-11.640347374139326,1.9922923272648452,1.0017984847249046,1.0037762266314059
2024-06-23,AM,0.6775927142048273,-12.551035815182846,2.316364128539003,1.0010493073500188,1.0035944088637268
2024-06-24,AM,NA,NA,NA,NA,NA
2024-06-25,AM,2.0867937817187583,-16.95717537502387,3.1214939768997785,1.002038407014647,1.006352683895731
2024-06-26,AM,1.0253774450709843,-16.168656695075637,3.701364516867251,1.0020942315505712,1.0084819556878193
2024-06-27,AM,0.8388106751266983,-17.04549874983778,4.200983308957576,1.0028720081727505,1.0097399672885452
2024-06-28,AM,0.5276112346328355,-18.08158270005861,4.657090638790623,1.0020470273277482,1.0155404791281828
2024-06-29,AM,0.9718723986259009,-18.842808804611128,5.026517548029927,1.003325621489047,1.012420950065058
2024-06-30,AM,0.8591072751432042,-19.07317211943227,5.184675767947066,1.0061814468924435,1.0139861647159154
2024-07-01,AM,0.6673240226815466,-19.224032215263282,5.298227484172013,1.0012623956201832,1.0138616041578878
2024-07-02,AM,1.0316065776147763,-18.88950743243966,5.367294992691544,1.0021123380359862,1.0121643144791286
2024-07-03,AM,1.184925798970164,-18.963613919897337,5.196895430244733,1.000612950599931,1.0171429998597818
2024-07-04,AM,2.044157280496932,-18.457436262018003,4.4891118924478075,1.0035241927024008,1.0151275876120163
2024-07-05,AM,1.829739725781617,-15.361645763187513,3.1659067633370594,1.0010044741379733,1.0063846117441895
2024-07-06,AM,2.0853111293374247,-13.597611431742362,2.3478687297655387,1.002628842705746,1.0058197674142126
2024-07-07,AM,2.526767729539196,-13.161832822258672,2.0399130177348224,1.0017785488252353,1.0043518672957439
2024-07-08,AM,1.9058590166341198,-12.476708643943832,2.0628850506700984,1.0012337348009634,1.0036944761619506
2024-07-09,AM,2.0128410748716203,-12.999998276074445,2.1381199319349404,0.9995588505492307,1.003504160360013
2024-07-10,AM,1.7759452714597053,-12.439202398196155,2.1206856176165303,1.0007102508848695,1.0040746609900628
2024-07-11,AM,2.5349329394458056,-12.66182434213835,2.062917549238297,1.0012970850897769,1.0043884145720146
2024-07-12,AM,2.881137932384408,-12.937277695327573,1.9183690406892815,1.0015010667268374,1.0044295106096175
2024-07-13,AM,3.306917415239622,-12.756363377943568,1.701247157504424,1.0009227441871715,1.0035820334258643
2024-07-14,AM,3.287659684034378,-12.10665345067904,1.4832065002609864,1.0011258331208364,1.0057394715488104
2024-07-15,AM,2.749246563314307,-11.169974058438116,1.3710780641201599,1.004357514441598,1.0030976229318436
2024-07-16,AM,2.1106141203990285,-10.647236628286748,1.3714036237333989,1.000446504749404,1.001333433011592
2024-07-17,AM,2.518108198212107,-11.362183833433816,1.5299845003552062,1.0016970959146472,1.0024205915391453
2024-07-18,AM,2.158699100631113,-12.079449714062815,1.8525361410646186,1.0009761586228894,1.0028606509392584
2024-07-19,AM,NA,NA,NA,NA,NA
2024-07-20,AM,NA,NA,NA,NA,NA
2024-07-21,AM,NA,NA,NA,NA,NA
2024-07-22,AM,NA,NA,NA,NA,NA
2024-07-23,AM,NA,NA,NA,NA,NA
2024-07-24,AM,1.97993844017265,-14.72589099853784,2.9120154887308605,1.0019691012406815,1.0077242731290839
2024-07-25,AM,NA,NA,NA,NA,NA
2024-07-26,AM,NA,NA,NA,NA,NA
2024-07-27,AM,NA,NA,NA,NA,NA
2024-07-28,AM,NA,NA,NA,NA,NA
2024-07-29,AM,NA,NA,NA,NA,NA
2024-07-30,AM,NA,NA,NA,NA,NA
2024-07-31,AM,NA,NA,NA,NA,NA
2024-08-01,AM,NA,NA,NA,NA,NA
2024-08-02,AM,NA,NA,NA,NA,NA
2024-08-03,AM,NA,NA,NA,NA,NA
2024-08-04,AM,NA,NA,NA,NA,NA
2024-08-05,AM,NA,NA,NA,NA,NA
2024-08-06,AM,NA,NA,NA,NA,NA
2024-08-07,AM,NA,NA,NA,NA,NA
2024-08-08,AM,NA,NA,NA,NA,NA
2024-08-09,AM,NA,NA,NA,NA,NA
2024-08-10,AM,NA,NA,NA,NA,NA
2024-08-11,AM,NA,NA,NA,NA,NA
2024-08-12,AM,NA,NA,NA,NA,NA
2024-08-13,AM,NA,NA,NA,NA,NA
2024-08-14,AM,NA,NA,NA,NA,NA
2024-08-15,AM,NA,NA,NA,NA,NA
2024-08-16,AM,NA,NA,NA,NA,NA
2024-08-17,AM,NA,NA,NA,NA,NA
2024-08-18,AM,NA,NA,NA,NA,NA
2024-08-19,AM,NA,NA,NA,NA,NA
2024-08-20,AM,NA,NA,NA,NA,NA
2024-08-21,AM,NA,NA,NA,NA,NA
2024-08-22,AM,NA,NA,NA,NA,NA
2024-08-23,AM,NA,NA,NA,NA,NA
2024-08-24,AM,NA,NA,NA,NA,NA
2024-08-25,AM,NA,NA,NA,NA,NA
2024-08-26,AM,NA,NA,NA,NA,NA
2024-08-27,AM,NA,NA,NA,NA,NA
2024-08-28,AM,NA,NA,NA,NA,NA
2024-08-29,AM,NA,NA,NA,NA,NA
2024-08-30,AM,NA,NA,NA,NA,NA
2024-08-31,AM,NA,NA,NA,NA,NA
2024-09-01,AM,NA,NA,NA,NA,NA
2024-09-02,AM,NA,NA,NA,NA,NA
2024-09-03,AM,NA,NA,NA,NA,NA
2024-09-04,AM,NA,NA,NA,NA,NA
2024-09-05,AM,NA,NA,NA,NA,NA
2024-09-06,AM,NA,NA,NA,NA,NA
2024-09-07,AM,NA,NA,NA,NA,NA
2024-09-08,AM,NA,NA,NA,NA,NA
2024-09-09,AM,NA,NA,NA,NA,NA
2024-09-10,AM,NA,NA,NA,NA,NA
2024-09-11,AM,NA,NA,NA,NA,NA
2024-09-12,AM,NA,NA,NA,NA,NA
2024-09-13,AM,NA,NA,NA,NA,NA
2024-09-14,AM,NA,NA,NA,NA,NA
2024-09-15,AM,NA,NA,NA,NA,NA
2024-09-16,AM,NA,NA,NA,NA,NA
2024-09-17,AM,NA,NA,NA,NA,NA
2024-09-18,AM,NA,NA,NA,NA,NA
2024-09-19,AM,NA,NA,NA,NA,NA
2024-09-20,AM,NA,NA,NA,NA,NA
2024-09-21,AM,NA,NA,NA,NA,NA
2024-09-22,AM,NA,NA,NA,NA,NA
2024-09-23,AM,NA,NA,NA,NA,NA
2024-09-24,AM,NA,NA,NA,NA,NA
2024-09-25,AM,NA,NA,NA,NA,NA
2024-09-26,AM,NA,NA,NA,NA,NA
2024-09-27,AM,NA,NA,NA,NA,NA
2024-09-28,AM,NA,NA,NA,NA,NA
2024-09-29,AM,NA,NA,NA,NA,NA
2024-09-30,AM,NA,NA,NA,NA,NA
2024-10-01,AM,NA,NA,NA,NA,NA
2024-10-02,AM,NA,NA,NA,NA,NA
2024-10-03,AM,NA,NA,NA,NA,NA
2024-10-04,AM,NA,NA,NA,NA,NA
2022-03-18,GB,NA,NA,NA,NA,NA
2022-03-19,GB,NA,NA,NA,NA,NA
2022-03-20,GB,NA,NA,NA,NA,NA
2022-03-21,GB,NA,NA,NA,NA,NA
2022-03-22,GB,NA,NA,NA,NA,NA
2022-03-23,GB,NA,NA,NA,NA,NA
2022-03-24,GB,NA,NA,NA,NA,NA
2022-03-25,GB,NA,NA,NA,NA,NA
2022-03-26,GB,NA,NA,NA,NA,NA
2022-03-27,GB,NA,NA,NA,NA,NA
2022-03-28,GB,NA,NA,NA,NA,NA
2022-03-29,GB,NA,NA,NA,NA,NA
2022-03-30,GB,NA,NA,NA,NA,NA
2022-03-31,GB,NA,NA,NA,NA,NA
2022-04-01,GB,NA,NA,NA,NA,NA
2022-04-02,GB,NA,NA,NA,NA,NA
2022-04-03,GB,NA,NA,NA,NA,NA
2022-04-04,GB,NA,NA,NA,NA,NA
2022-04-05,GB,NA,NA,NA,NA,NA
2022-04-06,GB,NA,NA,NA,NA,NA
2022-04-07,GB,NA,NA,NA,NA,NA
2022-04-08,GB,NA,NA,NA,NA,NA
2022-04-09,GB,NA,NA,NA,NA,NA
2022-04-10,GB,NA,NA,NA,NA,NA
2022-04-11,GB,NA,NA,NA,NA,NA
2022-04-12,GB,NA,NA,NA,NA,NA
2022-04-13,GB,NA,NA,NA,NA,NA
2022-04-14,GB,NA,NA,NA,NA,NA
2022-04-15,GB,NA,NA,NA,NA,NA
2022-04-16,GB,NA,NA,NA,NA,NA
2022-04-17,GB,NA,NA,NA,NA,NA
2022-04-18,GB,NA,NA,NA,NA,NA
2022-04-19,GB,NA,NA,NA,NA,NA
2022-04-20,GB,NA,NA,NA,NA,NA
2022-04-21,GB,NA,NA,NA,NA,NA
2022-04-22,GB,NA,NA,NA,NA,NA
2022-04-23,GB,NA,NA,NA,NA,NA
2022-04-24,GB,NA,NA,NA,NA,NA
2022-04-25,GB,NA,NA,NA,NA,NA
2022-04-26,GB,NA,NA,NA,NA,NA
2022-04-27,GB,NA,NA,NA,NA,NA
2022-04-28,GB,4.287642126760629,-20.45490090093447,8.095444487269194,1.0006994404604,1.0008186745838021
2022-04-29,GB,4.435377160919528,-21.201592911717643,8.260803920618917,1.0022492937816827,1.0022407241563343
2022-04-30,GB,3.9231553959307592,-19.717793307622646,7.669888285635145,1.0034896334942573,1.0035579523317981
2022-05-01,GB,3.693050710059869,-20.57475737165344,8.086583508754392,1.007315389526154,1.0071697576362808
2022-05-02,GB,3.7874594823172565,-20.1114925347622,7.680027330473131,1.0014704501148866,1.0016011145501373
2022-05-03,GB,3.725913044689612,-19.79803336829597,7.566076394191541,0.9996931320250707,0.9997633385497027
2022-05-04,GB,3.914937595391804,-20.608854140274207,7.72688033340415,1.0042738354311647,1.0040458048003775
2022-05-05,GB,3.7138785187209438,-20.435054977003947,7.510100108430085,1.0059939043402897,1.0052919948600807
2022-05-06,GB,5.356581175057646,-24.129041260981005,8.439726534196765,1.002046812846605,1.001692233580023
2022-05-07,GB,3.480797555369013,-20.3726004346385,7.198052884719508,1.0016231953723425,1.0016721650600213
2022-05-08,GB,2.7272376505639664,-18.180068205929132,6.468864279755669,1.0061530060276882,1.0053410615580254
2022-05-09,GB,NA,NA,NA,NA,NA
2022-05-10,GB,NA,NA,NA,NA,NA
2022-05-11,GB,NA,NA,NA,NA,NA
2022-05-12,GB,NA,NA,NA,NA,NA
2022-05-13,GB,NA,NA,NA,NA,NA
2022-05-14,GB,NA,NA,NA,NA,NA
2022-05-15,GB,NA,NA,NA,NA,NA
2022-05-16,GB,NA,NA,NA,NA,NA
2022-05-17,GB,NA,NA,NA,NA,NA
2022-05-18,GB,NA,NA,NA,NA,NA
2022-05-19,GB,NA,NA,NA,NA,NA
2022-05-20,GB,NA,NA,NA,NA,NA
2022-05-21,GB,NA,NA,NA,NA,NA
2022-05-22,GB,NA,NA,NA,NA,NA
2022-05-23,GB,NA,NA,NA,NA,NA
2022-05-24,GB,3.0918612170802713,-17.61790043091443,7.2631182994874,1.0051290581180299,1.0048980522948838
2022-05-25,GB,3.7123439924817183,-19.72129094841927,8.103128941408333,1.0081668486372524,1.00862022410821
2022-05-26,GB,3.3881354983072307,-19.428984769870866,8.139311420859425,1.0042115304334776,1.003755989787148
2022-05-27,GB,2.821451987687458,-18.603147833843174,7.912246328690886,1.0051637762820325,1.0050703357794066
2022-05-28,GB,2.289276308640014,-17.133653704575888,7.548184230264715,1.0020576585670022,1.0014280781495377
2022-05-29,GB,2.239347282438324,-16.434083582214228,7.311209831834334,1.001642675767863,1.0016024819365124
2022-05-30,GB,2.8349978050746105,-18.472657580135674,8.123130180907769,1.0032326097308235,1.0030077749956252
2022-05-31,GB,NA,NA,NA,NA,NA
2022-06-01,GB,NA,NA,NA,NA,NA
2022-06-02,GB,NA,NA,NA,NA,NA
2022-06-03,GB,NA,NA,NA,NA,NA
2022-06-04,GB,NA,NA,NA,NA,NA
2022-06-05,GB,NA,NA,NA,NA,NA
2022-06-06,GB,NA,NA,NA,NA,NA
2022-06-07,GB,NA,NA,NA,NA,NA
2022-06-08,GB,NA,NA,NA,NA,NA
2022-06-09,GB,NA,NA,NA,NA,NA
2022-06-10,GB,NA,NA,NA,NA,NA
2022-06-11,GB,NA,NA,NA,NA,NA
2022-06-12,GB,NA,NA,NA,NA,NA
2022-06-13,GB,NA,NA,NA,NA,NA
2022-06-14,GB,NA,NA,NA,NA,NA
2022-06-15,GB,NA,NA,NA,NA,NA
2022-06-16,GB,NA,NA,NA,NA,NA
2022-06-17,GB,NA,NA,NA,NA,NA
2022-06-18,GB,NA,NA,NA,NA,NA
2022-06-19,GB,NA,NA,NA,NA,NA
2022-06-20,GB,NA,NA,NA,NA,NA
2022-06-21,GB,NA,NA,NA,NA,NA
2022-06-22,GB,NA,NA,NA,NA,NA
2022-06-23,GB,NA,NA,NA,NA,NA
2022-06-24,GB,NA,NA,NA,NA,NA
2022-06-25,GB,NA,NA,NA,NA,NA
2022-06-26,GB,NA,NA,NA,NA,NA
2022-06-27,GB,NA,NA,NA,NA,NA
2022-06-28,GB,NA,NA,NA,NA,NA
2022-06-29,GB,NA,NA,NA,NA,NA
2022-06-30,GB,NA,NA,NA,NA,NA
2022-07-01,GB,2.5302091338819377,-15.835701004783743,7.626702553567655,1.0030040172034973,1.0027729416308901
2022-07-02,GB,2.1948956770299293,-16.67318402796657,8.240126920290772,1.0046639779850748,1.0045646610424879
2022-07-03,GB,1.655791705885376,-17.114641228913463,8.482646948542653,0.9997242246271663,0.9999334451249627
2022-07-04,GB,2.4233823050918706,-16.65542463045076,7.988871648638731,1.0041470301615498,1.003616210093005
2022-07-05,GB,2.504667225766605,-16.72097512101707,8.020809037933379,1.0032868313083556,1.0023628547686418
2022-07-06,GB,2.5590335990812902,-18.09549055331186,8.616159750651935,1.0048472784673048,1.0041639914142684
2022-07-07,GB,2.802310936199176,-17.907850968859726,8.281339097499913,1.0020413323079005,1.0025831314618312
2022-07-08,GB,2.406887294099737,-18.074057001585352,8.468110662279056,1.0059977229463033,1.0058991055667312
2022-07-09,GB,2.614695776896594,-18.271062443143652,8.444652412384613,1.00336476619011,1.0040725661335037
2022-07-10,GB,2.110395698340832,-19.655405815984054,9.281718855045085,1.0033276260841912,1.003987674168239
2022-07-11,GB,2.089238932762992,-19.025146009244978,8.932661228486333,1.004024542663181,1.003528076723524
2022-07-12,GB,2.4663971664244886,-19.195329375050978,8.77045522752152,1.006120904711029,1.0057016474425986
2022-07-13,GB,2.4938353127022914,-19.181832617663346,8.623772595432946,1.0093632530033785,1.0086256559679052
2022-07-14,GB,2.5594608300254498,-17.727604769059514,7.974282044522615,1.0004602972255539,1.000194911435916
2022-07-15,GB,2.245287922384218,-17.069726876041695,7.726109547661591,1.0041860995247167,1.0030507997211493
2022-07-16,GB,2.7754908424983826,-18.52410382605071,8.289923649369735,1.0043838246507477,1.004629320704335
2022-07-17,GB,2.3961078737742767,-17.479890605752058,7.90641559893533,1.0106152395075574,1.0103112200076958
2022-07-18,GB,1.940757546224688,-19.1021176848674,8.673810042815601,1.0037296397724071,1.0037768936290168
2022-07-19,GB,2.109236592665415,-19.08435747321469,8.662869103138247,1.005167812274018,1.0042674150410824
2022-07-20,GB,2.756140333791739,-19.820414535803703,8.987807514191305,1.001247726855775,1.001030298543186
2022-07-21,GB,1.949894817522127,-17.593836112623254,7.948224648228272,1.0029801593808227,1.0023482132461428
2022-07-22,GB,2.0654982466011025,-18.19847079117771,8.11824724008617,1.0050514781200444,1.0045233176315045
2022-07-23,GB,2.552196300685605,-18.465213117966204,8.09552717846506,1.0028716562392224,1.0028612898250502
2022-07-24,GB,1.9799645395351164,-17.302397685440475,7.660692107210898,0.9998075945209909,1.000018082168298
2022-07-25,GB,2.0229098075524656,-15.435926711824965,6.581972373160208,1.003401893523167,1.0027331718694306
2022-07-26,GB,2.3308082319349,-16.688146767430098,6.860395725008793,1.0004759917840154,1.0003480446479018
2022-07-27,GB,2.3041338897033605,-17.20264004393413,6.639977022685272,1.0046302701709866,1.0043682581016624
2022-07-28,GB,3.047806927886146,-20.382397787511668,7.270240034578958,1.0010921169999543,1.0011284256422186
2022-07-29,GB,2.566847108416335,-18.84430830006542,6.718510368131044,1.004255083540771,1.0037714059496834
2022-07-30,GB,1.9873941111168587,-17.36477773908499,6.4274549672941514,1.0097288920767078,1.0100788723429523
2022-07-31,GB,2.0441997955515894,-17.100413862412363,6.428922430951558,1.002372660873625,1.002414224896596
2022-08-01,GB,2.200957309423866,-18.628795031847247,7.203196956452572,1.0053224167016528,1.0054347300801043
2022-08-02,GB,2.2172179484175287,-17.278818027220776,6.783222190878412,1.0037095483563663,1.0030523627780055
2022-08-03,GB,2.7529096118253573,-17.952031284451156,7.150923481062652,1.0010354911774735,1.0009616461336095
2022-08-04,GB,2.0686822341117144,-16.10027157220857,6.599484170571279,1.0023599200884958,1.0024386719545986
2022-08-05,GB,2.368752783569342,-16.588157763974742,6.811549334208526,1.0014492884237247,1.0014088686160103
2022-08-06,GB,1.914630127610375,-15.72441615522903,6.5889564999369314,0.9993348753508919,0.999435573058611
2022-08-07,GB,2.526807344972064,-17.19659665073385,7.0111936439375295,1.0057951092126745,1.0049307140055248
2022-08-08,GB,2.9199039167236487,-18.054324716337305,7.380839728115427,1.0049887312475068,1.0045265111614046
2022-08-09,GB,2.109111961264574,-17.35062736663235,7.305679310182828,1.001817752519905,1.0013773752848816
2022-08-10,GB,2.429213031837169,-16.798492517346457,7.105879631037172,1.0019053857377638,1.001964628866526
2022-08-11,GB,2.0198012658827005,-16.731073807237113,7.066080476625559,1.0018355768729303,1.001985386020838
2022-08-12,GB,3.014924584063826,-18.575140815134525,7.8183240459393355,1.0043057117857983,1.0036871902652076
2022-08-13,GB,2.0212710779051415,-18.134177635707125,7.8769042974584105,1.0016443428549613,1.0018867833720695
2022-08-14,GB,1.9699911074387455,-16.05238207037157,7.029989834583996,1.004693960952185,1.0042297821247004
2022-08-15,GB,NA,NA,NA,NA,NA
2022-08-16,GB,2.313474515192493,-17.731749033230766,7.777794621637258,1.0034363069423968,1.0035308579613558
2022-08-17,GB,2.4378973992639255,-17.96478059069961,7.8796771259629175,1.0036239557681366,1.0033742946624473
2022-08-18,GB,1.5746592007142715,-16.366292367691837,7.4138666736607295,1.0036135011964034,1.0034301255844134
2022-08-19,GB,2.3293925729664586,-18.853370546979356,8.380543382064335,1.0054772784578356,1.004476156712088
2022-08-20,GB,2.1021143479718694,-18.503354021515026,8.204376932292288,1.0030342809696942,1.0025344660240088
2022-08-21,GB,1.9367287705069218,-17.296148442394454,7.615955161786293,1.002142016386229,1.0020601296420972
2022-08-22,GB,2.4727354871136984,-17.946189276726336,7.743979444416098,1.00505700386747,1.0051002209053739
2022-08-23,GB,2.3562595850695467,-18.75761058448826,8.304272618147026,1.0003852542500076,1.000795429727144
2022-08-24,GB,2.1972536478436844,-18.33625814563056,8.198827050904463,1.0042316788400754,1.0037469949940976
2022-08-25,GB,NA,NA,NA,NA,NA
2022-08-26,GB,2.2649480068918453,-18.415477969743968,7.361972066308816,1.0000842464252022,1.0001941502855114
2022-08-27,GB,2.822819197292905,-20.466163270253773,7.404663264299403,1.001617065933996,1.0015309202641367
2022-08-28,GB,2.820763796414676,-21.351986166740783,7.150545598427171,1.0138938734453777,1.0124902358464247
2022-08-29,GB,3.104683864595356,-22.304067940896257,6.7677274641258025,1.0041739909471878,1.0034424398179427
2022-08-30,GB,2.963929081386142,-23.48511186912039,6.454396181309041,1.0035274581815858,1.0027354513220428
2022-08-31,GB,3.4106896467532772,-23.775055594578188,5.855911472054208,1.0032535542121561,1.0037413217209563
2022-09-01,GB,2.777503457978294,-25.363082642726248,6.051061504169523,1.0012033787975418,1.0010228138138817
2022-09-02,GB,2.1671084830978016,-24.383396898686158,5.770073654551923,1.003160380894012,1.002901476879988
2022-09-03,GB,2.0462144614732316,-24.227258458515664,5.776707169451292,1.0015368398873266,1.001760858056138
2022-09-04,GB,NA,NA,NA,NA,NA
2022-09-05,GB,1.855731956138392,-23.5614505700895,5.821212722074941,1.0005872901193336,1.0007461044428216
2022-09-06,GB,1.8706056975783008,-23.37595680892846,5.766639071137001,1.002818319815701,1.0024650649920797
2022-09-07,GB,2.214023824773768,-24.433368198450776,5.917592866773436,1.0027050684918037,1.0028501680446034
2022-09-08,GB,1.2590811824725496,-20.079863337651346,4.909652578808498,1.002129403639822,1.0024686676359218
2022-09-09,GB,1.2914885703176604,-21.600714144881675,5.451975021299515,1.0021587594234964,1.0022246164721622
2022-09-10,GB,1.1698600167459585,-21.62922421211792,5.604557530227068,1.0017765203526197,1.0019162332497462
2022-09-11,GB,2.1630197723134486,-23.13077257199755,5.616062283551902,1.003386985837281,1.0028993572503657
2022-09-12,GB,1.9268458609821941,-22.264717783200727,4.793670916700463,1.0043334184856558,1.00455559029741
2022-09-13,GB,1.9278282816433339,-22.641277166579698,4.311111011591334,1.0007162658472177,1.0006974086483458
2022-09-14,GB,2.0975901182054164,-24.886504903257247,4.461992683884895,1.0026139179949225,1.0025178198176363
2022-09-15,GB,1.6705484369640387,-24.212107981129112,4.475698719645078,1.0037853288576146,1.0034803992531989
2022-09-16,GB,1.3477731829429567,-23.177298522522644,4.632418808059428,1.0035534588345507,1.0031505454322835
2022-09-17,GB,1.6419769162079623,-23.84033508421721,5.17365318656628,1.0047521974647928,1.0043104279117607
2022-09-18,GB,1.9204448863608117,-23.994753879595244,5.334899039329945,1.0042123284055837,1.0042789518290682
2022-09-19,GB,2.054093674465268,-24.645327595668732,5.558397709682164,1.004122379839873,1.0036592311508268
2022-09-20,GB,2.137057309677329,-24.630993234578646,5.688769520063976,1.002544991457428,1.002917180722379
2022-09-21,GB,2.1318438659137753,-24.42428452366389,5.8807946202790395,1.0021450901623767,1.0017747541019242
2022-09-22,GB,2.1499671259229496,-24.325506742474396,6.003629366414348,0.9997263581003798,0.9994314318121312
2022-09-23,GB,2.34684695953997,-23.62774458536257,6.12487364647602,1.0013915762569077,1.0013208609441495
2022-09-24,GB,1.885871644755611,-22.93170932272018,6.4076987007828725,1.0032961704431758,1.003096874758534
2022-09-25,GB,1.758800987317546,-22.13698695068564,6.429078939554986,0.9995167574141717,0.999750316102698
2022-09-26,GB,2.101635152115154,-22.553510643926774,6.710901816833311,1.004532519814379,1.0045443020252416
2022-09-27,GB,2.9436426013669843,-23.31617024725833,7.279384062846616,1.0045024665388864,1.004388315846443
2022-09-28,GB,0.3480135668138712,-19.023344678710725,6.383487281301398,1.0041847703594693,1.0036568722256318
2022-09-29,GB,2.230798077134175,-21.537832800975984,6.9413592682676875,1.0011981135941366,1.0010102020094767
2022-09-30,GB,2.1200642920450976,-21.520937002079197,7.176148621605999,1.0035757031347639,1.0032797652375547
2022-10-01,GB,1.5579460116446784,-19.886914351406197,6.814805316105346,1.001152353309929,1.000770528017133
2022-10-02,GB,1.4525632521771792,-19.24147712382994,6.839048799331867,1.0082561482468486,1.0078292933635264
2022-10-03,GB,1.4873951267260137,-19.011733636524692,7.076865872383534,1.0006494332206286,1.0005174246991786
2022-10-04,GB,1.5282284940963875,-18.84248089490194,7.215138511987312,1.000427299666785,1.0003097386241395
2022-10-05,GB,1.295275101906798,-17.488641742414806,6.792326779666227,1.004114498162255,1.0043014625926132
2022-10-06,GB,1.3939239084391333,-17.97481780893849,6.910195571457453,1.003079859585067,1.002517937802341
2022-10-07,GB,1.4016091287255135,-18.29033239402802,7.087966783389446,1.0012704259471845,1.0015100872810137
2022-10-08,GB,1.3317389034842981,-17.75033406421382,7.07412918162404,1.0029478812557262,1.0028151650693538
2022-10-09,GB,1.7891013351383993,-18.643820957448458,7.276229995441657,1.001050262171122,1.001118775463807
2022-10-10,GB,1.865937902639126,-18.548386738368812,6.788585330162272,1.0025812098781228,1.002372800203166
2022-10-11,GB,2.285206527339232,-21.02008538337677,7.32037249670825,1.0053665323096332,1.0048294675474605
2022-10-12,GB,2.9425088725632325,-22.144018462242705,7.683795994219855,1.004074367754165,1.0036649052929114
2022-10-13,GB,2.311509909218269,-20.859006394032352,7.39165224446013,1.0062594180979063,1.0065961006766553
2022-10-14,GB,1.8068416896674597,-19.079128672928142,7.315682640454284,1.0011067263509776,1.0008404774631163
2022-10-15,GB,1.5403410441325391,-17.98585511208935,7.050644038292629,1.0026666875105503,1.0023757912642106
2022-10-16,GB,1.4610859615242322,-17.809161752435372,6.98592761570989,1.0023937032847912,1.0024259683081804
2022-10-17,GB,2.0507123021467435,-19.5183867808673,7.4253835415496425,1.0023798688516536,1.00236086500762
2022-10-18,GB,1.9054965453984298,-17.981930483292544,7.54263060495642,1.0027296515893491,1.0021795108780518
2022-10-19,GB,1.716168110677753,-17.02625462988302,7.7030898830806045,1.0020629494246147,1.0017859651791154
2022-10-20,GB,1.416098475721442,-16.07642603632664,7.255921550993464,1.0041338828271373,1.0040936051192433
2022-10-21,GB,1.4788139396638822,-16.343853045407446,7.4023370328134765,1.0030203757121139,1.0026217852046133
2022-10-22,GB,1.3337795465500206,-15.76635084975528,7.083743240953392,1.0045413884842394,1.0047230914716327
2022-10-23,GB,1.5477715807486687,-16.546177068912574,7.247140296721687,1.012473879879772,1.0123907089944344
2022-10-24,GB,1.7320125558567243,-17.34927850884354,7.521115857812805,1.0093195225208094,1.0087233962461202
2022-10-25,GB,1.9162097813152907,-17.81075344940963,7.608246447325283,1.0017667898529703,1.001882239061563
2022-10-26,GB,2.1372479494981818,-18.77986888907652,7.862132542253966,1.0006907580449218,1.0006759829333314
2022-10-27,GB,2.19185979633105,-18.30041613392726,7.786846064000027,1.0020672248894629,1.0018878433978915
2022-10-28,GB,NA,NA,NA,NA,NA
2022-10-29,GB,NA,NA,NA,NA,NA
2022-10-30,GB,NA,NA,NA,NA,NA
2022-10-31,GB,NA,NA,NA,NA,NA
2022-11-01,GB,NA,NA,NA,NA,NA
2022-11-02,GB,NA,NA,NA,NA,NA
2022-11-03,GB,NA,NA,NA,NA,NA
2022-11-04,GB,NA,NA,NA,NA,NA
2022-11-05,GB,NA,NA,NA,NA,NA
2022-11-06,GB,NA,NA,NA,NA,NA
2022-11-07,GB,NA,NA,NA,NA,NA
2022-11-08,GB,2.0526138475662634,-16.685146660567572,8.117297474910012,1.001039728248072,1.0012833418655689
2022-11-09,GB,2.795437069851128,-17.48702155862266,8.446872834291764,1.0026645933474279,1.0020555742812183
2022-11-10,GB,1.0734876519881673,-16.91257561323709,7.46211737250275,1.0035480244095984,1.0032600848288415
2022-11-11,GB,2.185665042112452,-17.743708124133946,7.976374467695221,1.0077781052830665,1.0072757838141457
2022-11-12,GB,2.154969334100723,-17.682620221920125,8.120337514784502,1.0031281353444539,1.0027558730932216
2022-11-13,GB,2.175255791960555,-16.5374627115422,8.00153401463831,1.0061699004263138,1.00618902385095
2022-11-14,GB,2.5446607235404843,-17.566002774512413,8.091808585812233,1.001324424398035,1.0009617303664249
2022-11-15,GB,2.0887165874166027,-18.472346338913674,8.025176593631048,1.001697495547215,1.0010496192661158
2022-11-16,GB,2.511798363338856,-17.848511870756248,8.282315888379538,1.0024988107611894,1.0030439861112737
2022-11-17,GB,2.285383592865258,-17.090598894971638,8.38248575658358,1.00565248099932,1.0059394620301907
2022-11-18,GB,1.9717067254759746,-16.314658689806986,8.266412469402844,1.0067419475130472,1.005736661842009
2022-11-19,GB,2.2378454720048278,-17.330982287628462,8.237049196883586,1.0000819535806889,1.0000740787408648
2022-11-20,GB,1.4112539422595924,-16.175647662049197,7.944513254976158,1.0097526784892128,1.0101727686190782
2022-11-21,GB,2.1134689648763665,-16.583954466879664,7.894261865720815,1.0016030792975639,1.001796377769072
2022-11-22,GB,2.4089674706779958,-18.17461320656379,8.362318140515155,1.002761101943488,1.0019425721258082
2022-11-23,GB,2.7055222732241937,-18.59124822002375,8.512509186772121,1.0024550798236018,1.0022413492277298
2022-11-24,GB,2.500162177433362,-18.669019602476116,8.336363944366326,1.0067202575722587,1.0074266954989832
2022-11-25,GB,2.301428119500663,-18.394205591688376,8.200542471479634,1.0015024074359098,1.0019498917264469
2022-11-26,GB,2.103795843745298,-17.799325434449834,8.015672177961825,1.006304084169079,1.0063348842772366
2022-11-27,GB,1.7253144701435892,-16.708965197176266,7.897290403681626,1.006778795876005,1.0055017336127057
2022-11-28,GB,1.812325527575113,-16.527172221273794,8.027372008273444,1.0028801627894026,1.0032993672827457
2022-11-29,GB,2.040793501776301,-16.87462823720614,8.053020961742007,1.0067961682267277,1.0065864204149488
2022-11-30,GB,1.4564275709293077,-15.4527279053382,7.528073171314873,1.0017270981424675,1.001696948790689
2022-12-01,GB,1.9012434704549346,-16.065260772455062,8.348012669547353,1.0012520721640565,1.0011164876710872
2022-12-02,GB,1.842661256755024,-16.13596052705943,8.113735686979107,1.0035763795528978,1.0035857590979373
2022-12-03,GB,1.6096835883210447,-15.976396557254464,7.864416769519138,1.0063807436791887,1.0055619474084994
2022-12-04,GB,2.1324087960029057,-16.737521502084657,7.927077117187423,1.0089718276680233,1.0086087715794407
2022-12-05,GB,2.219488124417682,-17.582103870652666,8.345387783964608,1.006250997117933,1.0057289487778465
2022-12-06,GB,2.2119632605875106,-17.280043230943257,8.498730381918149,1.0044756448637135,1.0044108954576432
2022-12-07,GB,NA,NA,NA,NA,NA
2022-12-08,GB,2.1022041312402404,-16.916273488699854,8.41941766864776,1.0017471444672095,1.0017043252602347
2022-12-09,GB,2.111967881789711,-17.089565248199317,8.589826310550269,1.0017601466281656,1.0014748270136313
2022-12-10,GB,2.409468376331606,-17.623356980578713,8.822685632286156,1.0063362048234785,1.0059268849872085
2022-12-11,GB,2.022738278899867,-17.08258033756077,8.559952005545117,1.0007410518530488,1.0006718821516194
2022-12-12,GB,2.6016930693677782,-17.79800880382826,9.113257818949545,1.0045377709449468,1.004026746668524
2022-12-13,GB,2.129788552662562,-17.13093169267437,8.966414681828969,1.0013467027583893,1.0013652865681506
2022-12-14,GB,2.523098519118501,-18.102625219691046,8.983822311547534,1.0036416815053748,1.0033143535813345
2022-12-15,GB,1.5087041276537492,-15.11594527579343,7.68749277155477,1.0037106704414565,1.0029346619273318
2022-12-16,GB,1.9317409682953146,-16.100717397241755,9.106133824921097,1.0058292395364703,1.005669015506115
2022-12-17,GB,1.870101652965215,-16.077107812553265,8.848031058720224,1.001115012858225,1.000842518620016
2022-12-18,GB,1.918684595359479,-15.769422547074324,9.409983895107233,1.0028601926100555,1.0030241784664158
2022-12-19,GB,1.7310173959596429,-15.528448854036693,8.744317917299963,1.0013884929482666,1.001492734385106
2022-12-20,GB,1.7870481921084136,-16.859493180108394,9.134095093629451,1.0068710691396625,1.005260824543466
2022-12-21,GB,1.9825732034916987,-17.462468512962595,9.539118443254786,1.0041055486104726,1.0043581239818573
2022-12-22,GB,2.3177454259521904,-17.829239075566377,9.372371339309295,1.0088554918610788,1.0079468155416376
2022-12-23,GB,1.8103982952963023,-14.200625389466166,8.801127502775945,1.0055240851965526,1.004964159751321
2022-12-24,GB,1.91040350257706,-14.402920407566352,9.886285156387506,1.0040342904016801,1.0047285580059866
2022-12-25,GB,1.820884658321719,-14.561899419622293,9.613741647692155,1.0038159527025843,1.0030715542790292
2022-12-26,GB,1.8135069975900522,-15.021962641697035,9.820310391125124,1.0022494904728385,1.0025736652842863
2022-12-27,GB,1.4713478120528538,-14.957905014775008,9.529806047211181,1.0121329531236276,1.0106255431801345
2022-12-28,GB,1.5146134875017765,-15.507281209769369,9.490238017372427,1.0001371045887935,0.999905424168634
2022-12-29,GB,1.9001094922436672,-17.10053617060318,9.696130433929056,1.0026043724850324,1.0027185151713156
2022-12-30,GB,2.2294985592765633,-18.01314542488874,9.751470874569794,1.0053000875723868,1.0058937289834191
2022-12-31,GB,1.5392286407868245,-17.634323581620663,9.283356679062244,1.002666965412322,1.002792013890055
2023-01-01,GB,2.5880320850156364,-19.646743788661475,10.547616575819111,1.0016178414652948,1.001894097143745
2023-01-02,GB,1.9574052035549714,-18.12876844530922,9.837216926289342,1.0044604982565812,1.005041802630588
2023-01-03,GB,2.087652640284471,-19.11183408454769,10.197845579069293,1.0038815771345209,1.0039636877277438
2023-01-04,GB,2.3241440320180113,-19.647418235938577,9.962228891710899,1.0004050545918926,1.000048846069122
2023-01-05,GB,2.175239964973917,-17.17016071964106,10.107450625330605,1.0005294464938228,1.0000751135070403
2023-01-06,GB,1.6136101141420118,-15.240163348737736,9.952842500497152,1.0027476018941017,1.0019703369797839
2023-01-07,GB,1.7051439740790102,-15.630537304893924,9.785088579730907,1.0018028848637395,1.002124371273054
2023-01-08,GB,2.1799139174266604,-16.71149332544507,9.467364194516684,1.0040977184940398,1.0049368060387889
2023-01-09,GB,2.001516578048689,-16.840472800182688,9.88144649890908,1.0034620319696714,1.0035317685293457
2023-01-10,GB,2.2803519184626255,-16.3839544049875,10.16803510414748,1.0051679347427493,1.00508340695372
2023-01-11,GB,2.021087373695313,-16.313691238268337,9.610360371890874,1.000512772288879,1.0008872531862776
2023-01-12,GB,2.44765316705178,-17.348100008157918,9.409027017540721,1.00358276261404,1.0028629631222414
2023-01-13,GB,1.7394945770940937,-14.093386149842829,8.976905609787767,1.004403103042012,1.003455061466417
2023-01-14,GB,2.024637465221595,-14.10699727027186,10.32563735314973,1.001466621752174,1.0008354189023572
2023-01-15,GB,2.031113142214912,-13.851420974516365,9.513477090977835,1.005294253517565,1.00482798363371
2023-01-16,GB,1.9560480683117638,-15.184397335794763,9.918235688468918,1.002276743083797,1.0021494492418783
2023-01-17,GB,2.6193958018663324,-17.04344000380444,9.9303688089088,1.0090656432340124,1.0078573175569743
2023-01-18,GB,NA,NA,NA,NA,NA
2023-01-19,GB,2.4704475919721878,-18.53378824541223,9.672184344761941,1.0013389451638601,1.0015409337966583
2023-01-20,GB,2.554524381849103,-18.056004361347277,10.603226007137636,1.004134606254878,1.0030783563722732
2023-01-21,GB,1.680281953857832,-17.556700703676725,9.695683315669832,1.0099667801822345,1.0095277258998927
2023-01-22,GB,2.841223523379355,-19.581290884348686,10.22978524655261,1.0052999806389573,1.0050857734783525
2023-01-23,GB,2.51629948115948,-16.10758337938975,10.496280945219432,1.0006756602594316,1.0005407367003496
2023-01-24,GB,2.408724914122001,-15.545905810106435,8.913637987101813,1.00496793412927,1.0062348362750033
2023-01-25,GB,2.1957676113541087,-18.99528001997273,10.006062836519964,1.0001305066708635,0.9998515171294413
2023-01-26,GB,2.508286625532011,-16.067796262926894,10.630382731203852,1.0057206262567413,1.0051556346568968
2023-01-27,GB,2.026945220648279,-14.501496166042195,10.159636428061884,1.0133455839795467,1.0115127902109
2023-01-28,GB,2.575188983110875,-15.659491925063847,9.169248670213133,1.0019856622362893,1.0017466218085007
2023-01-29,GB,3.2265415390035703,-20.05033270868077,10.42921726577874,1.0022408598079133,1.0022823316562663
2023-01-30,GB,3.0942696554002187,-19.99664603823937,10.455035319968248,1.0014216955568986,1.0013991571247867
2023-01-31,GB,3.230379709468422,-19.750952143507785,10.38712582281024,1.004921875433294,1.0045210916273901
2023-02-01,GB,2.8151974101856605,-18.89731775979177,10.303526798809456,1.0067752898019822,1.0065218260523965
2023-02-02,GB,3.4738429520179652,-19.683976941339708,10.187672308832772,0.9994961461513634,0.9995640343544233
2023-02-03,GB,1.9104480275868776,-13.29721211796985,8.325808335002487,1.000873700793144,1.0011454859919486
2023-02-04,GB,2.6926617010232707,-15.483104293393774,9.606034543150543,1.0019520930090988,1.00172387613339
2023-02-05,GB,3.6250753019093738,-19.270110306380055,10.915231214185496,1.0006972699052632,1.00054393996069
2023-02-06,GB,2.9353890842900037,-17.44511887501159,10.372293299273657,1.0040430050841784,1.0037892310215024
2023-02-07,GB,2.769930086317912,-16.565022342909934,9.713741034517849,1.0032009046715689,1.0024909901011259
2023-02-08,GB,2.9075415016096797,-16.920650775751238,9.897986818302073,1.0015843053560158,1.0013004412889384
2023-02-09,GB,3.1938314637930763,-17.80107738035023,9.914747337361675,1.00112909506751,1.001356694421675
2023-02-10,GB,3.6060466004989826,-19.17157169540833,10.38990802825403,1.0021078202779743,1.0020153173960402
2023-02-11,GB,1.153689839002719,-16.549980796866794,9.226884694765555,1.002146382948747,1.0015313063619042
2023-02-12,GB,3.6472389252452837,-17.35899438804051,10.562781466289458,1.0016487457688967,1.0012470500308814
2023-02-13,GB,2.517280342445536,-15.372268629131653,9.500698169890464,1.001157587193859,1.0009976173161936
2023-02-14,GB,2.6535989916169287,-15.971650540711632,9.404406206757397,1.0061615919799187,1.0058561031841236
2023-02-15,GB,3.3149791491634404,-18.016856157277932,9.686277193344287,1.0061210582577746,1.0061205279591021
2023-02-16,GB,3.5780230195647356,-19.187630716298244,9.904619738851741,1.0015296744018027,1.0019510129070561
2023-02-17,GB,2.108603553546847,-15.603606937487083,8.41077268857239,1.0007595058637646,1.0006799686236085
2023-02-18,GB,3.3005611338735408,-16.86964176084714,10.022742808826292,1.005206052196057,1.0050196270506613
2023-02-19,GB,3.0601902580531104,-17.61589091632698,9.534897739699263,1.0101988740740022,1.0107618427565128
2023-02-20,GB,4.154132186363818,-20.332332184334348,10.455251118438012,1.0023853403334775,1.0018222190058355
2023-02-21,GB,4.300989088554327,-21.108941859007505,10.412447098404552,1.0022165946928057,1.0020284190432862
2023-02-22,GB,3.704342101509938,-19.83741614784415,9.971599504822793,1.0080456595786562,1.0078088008278911
2023-02-23,GB,3.7928899474184976,-19.613313691994335,9.822357212195683,1.0051534302159568,1.0051894123805138
2023-02-24,GB,3.792149403096881,-19.5570469101397,9.942248286499499,1.0047430337819572,1.004486537086213
2023-02-25,GB,NA,NA,NA,NA,NA
2023-02-26,GB,NA,NA,NA,NA,NA
2023-02-27,GB,NA,NA,NA,NA,NA
2023-02-28,GB,NA,NA,NA,NA,NA
2023-03-01,GB,NA,NA,NA,NA,NA
2023-03-02,GB,NA,NA,NA,NA,NA
2023-03-03,GB,3.524151426224734,-20.1441761876252,9.692463590538454,1.0101144142479193,1.0102502193107892
2023-03-04,GB,2.2206395808689345,-18.110275261086798,9.102261568650059,1.003533624566768,1.003594050610585
2023-03-05,GB,2.1996762998072903,-16.756546233761508,8.78519518714001,1.0046782833736787,1.004378237942092
2023-03-06,GB,2.5831934648287316,-16.878199470973474,8.987730500920614,1.0021268805400836,1.0024448309154403
2023-03-07,GB,2.4576594744497107,-17.147286758874966,8.697966452420046,1.0004198336712897,1.0003650011312213
2023-03-08,GB,1.8999468738706065,-14.180662308882914,8.706943771175963,1.008148606349984,1.0080377798424944
2023-03-09,GB,2.319165648393763,-15.127824342034666,9.072563592692225,1.000356946713269,1.0004330250911009
2023-03-10,GB,2.6123303940526412,-16.543427779061766,8.758839194116524,1.0099950583494877,1.0102843958996046
2023-03-11,GB,0.6525140633363852,-11.692153833364786,7.774346680258275,1.008099087236588,1.007563209183154
2023-03-12,GB,1.9363203443805923,-14.600904301603547,7.574773997515686,1.002755923397862,1.003078452290165
2023-03-13,GB,1.5960403017372649,-14.245891786156351,7.895948196087979,1.0038669103628568,1.003296227779959
2023-03-14,GB,2.006623573267546,-14.313890058525617,8.649314864830398,1.0004711216624995,1.000141795296816
2023-03-15,GB,2.2341419418740918,-15.528376564543308,8.942211272206167,1.0063231936241073,1.0068693633915262
2023-03-16,GB,1.803324174788531,-16.376988085264767,8.508859460379668,1.0011087037248874,1.000683477788417
2023-03-17,GB,2.7017295254481626,-18.25431585364663,8.162862044330272,1.00515878676518,1.0048187404509017
2023-03-18,GB,1.154663671022352,-15.840527654303488,7.548294429917271,1.0068723967361422,1.0070327968905706
2023-03-19,GB,2.842122724458434,-17.10898467958387,8.716160799485701,1.0036814824953904,1.0036073206215166
2023-03-20,GB,1.997774066922214,-14.691136932475484,7.843060577724736,1.0009398092694106,1.000490122744306
2023-03-21,GB,2.7836265838780565,-16.93591976567191,8.049412083919739,1.0001983515443067,1.0000390262031058
2023-03-22,GB,2.1900017072680202,-16.83406334361109,8.015355686833097,1.0020919974278124,1.0014864301208217
2023-03-23,GB,2.059300396802296,-17.700733144059907,8.614837264340755,1.0016103316975813,1.0015078070985897
2023-03-24,GB,2.384530093187301,-19.55567765404199,9.487765054366868,1.0026443141113865,1.002064782470297
2023-03-25,GB,2.960382560058675,-20.400705760248616,9.559052868107996,1.008632764904527,1.0093231331407482
2023-03-26,GB,2.812826588066877,-18.92308771768165,9.118339156272025,1.0072411547379054,1.0071505976897603
2023-03-27,GB,2.9208359671179127,-18.426363233513626,9.167327184411041,1.0062154818074427,1.0053979832254343
2023-03-28,GB,2.353714358303797,-16.37791067446476,8.310452812517942,1.0058861095869276,1.0060147377144957
2023-03-29,GB,3.043772656957685,-17.340678966088003,9.693584198854188,1.0029404491614702,1.0031144211224563
2023-03-30,GB,1.9219088908437194,-14.626617722336862,8.494777311434625,1.001544665917265,1.0014398075400324
2023-03-31,GB,2.607663398831335,-16.31712311546371,8.982929460929054,1.0013598556137824,1.0009582760183915
2023-04-01,GB,2.7648757154691945,-17.830183540549918,9.301018315375483,0.9999068553797742,0.9997696331357384
2023-04-02,GB,NA,NA,NA,NA,NA
2023-04-03,GB,3.0063055170722253,-16.891387467198474,9.842421742199365,1.002201523970127,1.0020476612272278
2023-04-04,GB,2.584186622430509,-16.304284409200058,9.229278549915714,1.0024663789259336,1.0023222583981102
2023-04-05,GB,3.1421323644212404,-18.14982557225585,9.915421563577189,1.0027606133873201,1.0027305634020283
2023-04-06,GB,3.2220070918337265,-17.52393607806989,9.568609934131466,1.0033906346516885,1.002915371509962
2023-04-07,GB,3.063180822703341,-17.374662260033272,9.975610089720032,1.0059219546038924,1.0053215286348214
2023-04-08,GB,2.5341943415511365,-17.042545900510444,10.08069174356779,1.0038954931562394,1.003630530089948
2023-04-09,GB,2.753905200947299,-14.858071349628608,10.796365176442597,1.0030447598852297,1.0032258354306587
2023-04-10,GB,3.126307601117062,-15.212123798921608,10.773075010653855,1.001809065743988,1.001776726227377
2023-04-11,GB,3.5675747673950036,-15.343361074496242,10.633310746567345,1.0080803423193603,1.0076570957351443
2023-04-12,GB,3.8320117394721955,-17.355448939734913,10.228606515800456,1.0060681659600497,1.0056427217500947
2023-04-13,GB,3.2745400352819405,-17.29441203890921,10.05751978269906,1.00221634417713,1.0018138911482553
2023-04-14,GB,3.061269551623639,-17.08418738349126,10.154935994026257,1.0030920117300184,1.002413478570961
2023-04-15,GB,3.368178214593943,-17.77610159309406,10.20031441308633,1.0064201843557958,1.006101833523882
2023-04-16,GB,3.12903274423244,-17.063990595654808,9.740509513743515,1.00076568746877,1.000324895218595
2023-04-17,GB,2.740173618538158,-14.45200933977219,9.463130885646185,1.0067886683011213,1.00541944533557
2023-04-18,GB,2.9871260768176633,-15.504861378361673,10.162135323910645,1.0029093267510036,1.0022250932269097
2023-04-19,GB,4.4414594792799384,-17.783017465779444,11.469762018062376,1.0025464007991014,1.0030242930327056
2023-04-20,GB,3.37356663606831,-15.964810268229062,10.029882107887628,1.0021234487233268,1.0013844096828166
2023-04-21,GB,3.8553313842346038,-17.51822342703836,10.679902486349649,1.0059866121303975,1.0057679299815623
2023-04-22,GB,3.385588768303211,-16.773711374997223,10.177021955632714,1.0027751562564255,1.0022155245807851
2023-04-23,GB,3.0973567586093913,-15.740778362927175,9.844295371811345,1.0004629171793071,1.0002743609100817
2023-04-24,GB,3.656964589743027,-18.141014992460068,11.506332595331092,0.9997257902510944,0.9994381418085052
2023-04-25,GB,3.925246026598408,-17.534550300206817,11.11937526523284,1.0020795217674734,1.0015091601963406
2023-04-26,GB,4.678378947276761,-18.864702132558733,11.48117187865244,1.0018057538071279,1.001585332696046
2023-04-27,GB,5.04249309146711,-19.157004464367397,11.545045203924454,1.0037700870178161,1.0036945121768486
2023-04-28,GB,5.145770641256331,-19.70077262732569,11.818594957930245,1.0054072065810464,1.0056182483009466
2023-04-29,GB,2.918787629408999,-14.321757730724874,8.754160981049306,1.0075916347868215,1.0080849628069048
2023-04-30,GB,4.440997220089569,-18.66670312255429,11.10458015989652,1.0017193297792149,1.0011640479620434
2023-05-01,GB,4.5259500291593415,-17.384604834885046,10.896953411811925,1.0076904040689638,1.006965497141103
2023-05-02,GB,4.072862559395409,-16.18062016603543,10.52841734405021,1.0030975601036727,1.0032489616286238
2023-05-03,GB,3.9712771659103447,-15.980592410773946,10.537163804640251,1.0047555788489921,1.0052171793711617
2023-05-04,GB,4.326972787743792,-16.48407704517663,11.118273313149999,1.0023873526778313,1.0027521120535903
2023-05-05,GB,6.199852956050303,-18.947952221323266,12.555530966908814,1.0037032644709782,1.003640042113457
2023-05-06,GB,5.769424715912962,-19.107742614618147,12.724244792730502,1.0026935136202324,1.0023710507791372
2023-05-07,GB,5.494069125233321,-19.00741356485859,12.514453790054324,1.0039249405295412,1.0046110350362671
2023-05-08,GB,5.392638789319828,-18.415184684350486,12.080752098550166,1.0012752813288623,1.0010537362709337
2023-05-09,GB,6.999551447327243,-20.412450933380665,13.065426321892637,0.9994911664243125,0.9992677043015137
2023-05-10,GB,6.284678995831689,-19.55453539517538,12.447151117836448,1.0039382120418208,1.004522283412736
2023-05-11,GB,7.360606352187485,-21.242520440875612,12.796077412531341,1.004779243729906,1.0040939825312936
2023-05-12,GB,6.546952785762187,-19.69575378176687,11.870044432507635,1.0052147264010902,1.0049594492552059
2023-05-13,GB,5.70058608817014,-19.30592090965263,11.81303888027399,1.0025465820304054,1.0022774762803326
2023-05-14,GB,5.957797057921342,-19.539153347657873,11.858445920380994,1.0001720988277847,1.0000967780328804
2023-05-15,GB,6.106454013082843,-19.12483894114778,11.605046426628773,1.0069191634005168,1.0086666541169798
2023-05-16,GB,5.883232073996548,-20.107519282038023,12.326128550999544,1.0011481226499017,1.001004605429844
2023-05-17,GB,6.193432233345452,-20.718513111606832,12.836080875062805,1.006588679770063,1.0062109612688865
2023-05-18,GB,4.787642571191937,-18.664540767609523,12.06831742232441,1.0038853860720127,1.0037080317117935
2023-05-19,GB,6.056084759936672,-19.8867574122091,11.873967329066303,1.003241216444828,1.003609529492896
2023-05-20,GB,4.5026181345105485,-16.393100045426802,9.412231085981205,1.0030193808911783,1.0033436986881352
2023-05-21,GB,6.06785255803291,-19.459338752332823,11.527072169353938,1.0049584354994707,1.0047649005040422
2023-05-22,GB,6.509701664090412,-19.33220020124634,12.313701047851186,1.0041789487860673,1.0032259222884856
2023-05-23,GB,6.169588977983374,-19.42262157309418,11.414520762310076,1.0074456236325902,1.0067908793861216
2023-05-24,GB,6.994411379419585,-20.234825105257034,13.11509425791067,1.0063640963164486,1.0062970804124056
2023-05-25,GB,6.953743852052937,-19.969732134013647,12.793219570809283,1.0107468258870895,1.0099217819739958
2023-05-26,GB,4.830963001208374,-17.944498477333532,11.831444031395735,1.0035615403981495,1.003419081997609
2023-05-27,GB,4.158663799707832,-15.403530146040703,10.015932622670054,1.0024886268737834,1.0023520117189122
2023-05-28,GB,4.263874164345482,-15.97568233355389,9.977494521632151,1.0039839690528014,1.0037982105753747
2023-05-29,GB,6.200786367373005,-19.878875170667122,11.886102415181892,1.0064149773399451,1.0062104668974512
2023-05-30,GB,NA,NA,NA,NA,NA
2023-05-31,GB,7.615384833411371,-21.483099577317066,12.432325037729221,1.00263200137472,1.0027214930697852
2023-06-01,GB,5.447745592708757,-19.31153705830483,11.335016298432842,1.0061138869544834,1.00542825751179
2023-06-02,GB,6.949538179571813,-21.217208150487362,12.260684305774754,1.0017269190398053,1.001774600068419
2023-06-03,GB,5.365385943508136,-19.550479822974978,11.015412759882619,1.0037725990935438,1.0038450701649344
2023-06-04,GB,4.7672482643120775,-18.296247130065485,10.804708930024566,1.0044863219968356,1.0033780066047548
2023-06-05,GB,6.566249110763647,-20.535598902976865,12.09906296815059,1.002757249351267,1.0028611670743077
2023-06-06,GB,5.68498231428842,-19.85147767740387,11.686224370743458,1.0048521498294605,1.0050650159569827
2023-06-07,GB,6.478315282070659,-20.884850102325405,11.953095974969706,1.005955559281878,1.006119043975101
2023-06-08,GB,5.117773423858134,-19.88704096306236,11.719003436920476,1.0095916355717036,1.0100200970853768
2023-06-09,GB,1.5560258629247357,-11.00762234730657,7.202857557538813,1.0067680691391128,1.0063652505138934
2023-06-10,GB,5.461273412401718,-18.713030162512357,11.427165353258287,1.0058487866069288,1.0059658530471396
2023-06-11,GB,5.112013037682969,-19.358862759127526,12.03415209147105,1.0003304744791814,1.000187406628018
2023-06-12,GB,5.2098181282839,-19.741435852829348,12.362727235298557,1.018143684630274,1.0185196523138564
2023-06-13,GB,5.110261310163822,-19.804031428535612,12.322646567226847,1.001961305357126,1.0012619327346077
2023-06-14,GB,6.094622210654422,-20.93850779898629,12.676469174842028,1.0015370293193488,1.001023452009148
2023-06-15,GB,2.360021910840829,-14.430051887810922,9.46032334788271,1.0042043583792757,1.0032334735248314
2023-06-16,GB,5.770792133992047,-20.093650552985462,12.871136941206284,1.022050884605044,1.020718263800808
2023-06-17,GB,4.858514537070722,-19.712751085288033,12.05401223675644,1.004161797488025,1.0036411542164383
2023-06-18,GB,5.1500947581073815,-19.942002085217627,12.262410093365919,1.0105423584226623,1.010194900457043
2023-06-19,GB,5.01668189849744,-20.18565569819186,12.463870958630496,1.010450953363212,1.009258473966223
2023-06-20,GB,5.621927412523343,-20.06882416745993,11.923051963791604,1.0025308679072973,1.0025190983781196
2023-06-21,GB,3.0680037689304553,-15.836442682370297,10.047592926583274,1.0031887769830496,1.0039993686309692
2023-06-22,GB,2.9305989817552116,-16.61036055203998,9.658585242728721,1.0038724014922071,1.003404476578068
2023-06-23,GB,4.515077631457711,-18.913128935649357,10.557620530434365,1.0015143263224395,1.0014066658754857
2023-06-24,GB,4.507846340995276,-18.501346884624493,9.689474949616567,1.0041432739517306,1.0036683870161955
2023-06-25,GB,3.7722955183417572,-18.51127073256023,8.926149167659938,1.0018955992561016,1.0015740035197844
2023-06-26,GB,3.9278488874331927,-19.335341041351025,8.445633201356879,1.006859630767548,1.0067393910615283
2023-06-27,GB,3.066526294054837,-17.448164742640486,6.781748508429218,1.0037371055945927,1.0036359880404755
2023-06-28,GB,1.9041568857406665,-15.396466553765453,5.794906848807818,1.0004117803788322,1.0005109965003947
2023-06-29,GB,3.1741447333491544,-20.112538110625927,7.197968309501812,1.0044953135471753,1.0039840610808324
2023-06-30,GB,3.022796520068736,-19.84640027801039,7.102424923132198,1.002520147358999,1.00264379872657
2023-07-01,GB,3.0909803108891936,-19.896742487695732,7.072938853424343,1.0013288050606897,1.00090648317407
2023-07-02,GB,2.903544271649358,-18.98977036971199,6.837417726195071,1.0033149811374311,1.0034947536816174
2023-07-03,GB,3.6967354847843037,-21.250335873543765,7.774594470006434,1.001158381427843,1.0010233917448854
2023-07-04,GB,2.8083387841811267,-17.80708505645302,6.7247274639785655,1.0079965127763457,1.0081554001669144
2023-07-05,GB,3.2047703925923567,-19.259251709034988,7.542574002712698,1.0027841479226631,1.0027249530545292
2023-07-06,GB,2.779433701590039,-18.105430792629587,7.214062864777496,1.0017469366257303,1.001639987292079
2023-07-07,GB,2.5082378272846118,-16.838618033503508,6.8789169357830495,1.0003334105732435,1.0000207533916037
2023-07-08,GB,2.7635654757847132,-17.52453060544027,7.303455829596773,1.0017172591138295,1.0011919108744871
2023-07-09,GB,2.8882330162699867,-19.197677764148985,8.074459997178645,1.0062745873870207,1.0052863727037304
2023-07-10,GB,1.8407915779119934,-16.490324683061747,6.973574662604282,1.0095450566905075,1.0095497995802933
2023-07-11,GB,NA,NA,NA,NA,NA
2023-07-12,GB,NA,NA,NA,NA,NA
2023-07-13,GB,NA,NA,NA,NA,NA
2023-07-14,GB,NA,NA,NA,NA,NA
2023-07-15,GB,2.198991984650193,-18.50315660784335,7.1169932441976975,1.0029331964235932,1.002679549143718
2023-07-16,GB,1.4823693391394919,-17.36552368279673,6.645552009652602,1.0040707610250204,1.0029588880130573
2023-07-17,GB,2.9068075252739956,-19.846596924774726,7.476995373349667,1.0024749531651447,1.002899120858812
2023-07-18,GB,3.0233829087432222,-20.15968652854895,7.5372524265981955,1.000799490008105,1.0007494897631746
2023-07-19,GB,2.557735959733426,-18.656187726883118,6.978166744802948,1.0022195963921838,1.0018461243581513
2023-07-20,GB,2.4614549450568606,-18.78456882858932,6.900370979771697,1.0038031942134569,1.0038080574472221
2023-07-21,GB,2.4510512738296466,-18.547470701800282,6.658756776101225,1.0072784007285285,1.0066866260671217
2023-07-22,GB,2.4777426010130865,-19.510495493111563,6.684393011378364,1.0078495723398833,1.0075786303539287
2023-07-23,GB,1.3467005625884465,-19.17644397416296,6.875379234922212,1.0045572639950813,1.0046611345288108
2023-07-24,GB,1.938646969569176,-19.019271782629094,6.938713883273617,1.0078411759817318,1.0072461988501087
2023-07-25,GB,2.434301996344052,-19.99378788096771,7.343989154577411,1.0020845056019305,1.0014448837891015
2023-07-26,GB,2.1425732601605545,-18.91291570044063,6.992446851273131,1.0051153897538079,1.0054926709777123
2023-07-27,GB,2.8728956078871013,-20.741755263362908,7.586475608210172,1.0025204393514446,1.0030268515268352
2023-07-28,GB,1.6991431820968779,-16.830139027608205,6.192638979924352,1.001350571105716,1.001069831495739
2023-07-29,GB,1.7814546740961468,-18.49804589262525,6.781138755628925,1.0006964891790857,1.0006652668226796
2023-07-30,GB,1.8736905247521405,-17.438967392536806,6.521080249293345,1.0009526106699551,1.0008715006030173
2023-07-31,GB,2.4854281999391157,-19.506573430578076,7.281557142801199,1.0008327636154084,1.0010737333967201
2023-08-01,GB,1.9446360907524145,-17.069895245446855,6.6443301453665455,1.0109336021160815,1.0096241075674262
2023-08-02,GB,2.3982766154930393,-19.04107798348061,7.18530858191521,1.0041316899773791,1.0039415666060023
2023-08-03,GB,2.4078413394909304,-18.460471122297474,6.236179899039881,1.0020926769882967,1.0017965871558756
2023-08-04,GB,1.8873692917602796,-15.662472262909924,3.998632644536474,1.0062855551538217,1.0058556764532307
2023-08-05,GB,2.418533505987489,-22.7211966181914,4.716243208123396,1.0022647470696116,1.0022921549480908
2023-08-06,GB,2.6151195698351133,-26.193511490937393,5.186814431363023,1.0019456631916661,1.0019175592485294
2023-08-07,GB,2.2686970170411853,-25.107161515963146,5.217003372229367,0.999454709259249,0.9994622862742267
2023-08-08,GB,1.8593752655029059,-24.099723279899685,5.232326893689271,1.001054004576812,1.0009669378382144
2023-08-09,GB,1.9678688728079825,-23.989747557570077,5.5344041041061045,1.0014059217396074,1.001783163417848
2023-08-10,GB,1.8735039781422143,-23.38431456576306,5.678629367525189,1.000930726841046,1.0007699088775837
2023-08-11,GB,2.2901799935420013,-23.921906834375243,6.016926509353194,1.0010870036078254,1.0008726328945927
2023-08-12,GB,2.339359873198678,-23.16285016571192,6.0728216303416875,1.0000785164944401,0.9999879710843179
2023-08-13,GB,2.2070868146950438,-22.744476691207343,6.189493400325345,1.0042937361517714,1.0040184372851273
2023-08-14,GB,0.9511928172619066,-18.197237526957682,5.247929107821809,1.0089775773838336,1.0080462483948989
2023-08-15,GB,1.8431622611173089,-21.88829857271104,6.399264720971125,1.0010892392398045,1.0009922734931818
2023-08-16,GB,1.5806070997440038,-19.1780214737266,5.692205663679168,1.0028716981633012,1.0028564998677936
2023-08-17,GB,2.443221590104575,-22.01490810441703,6.542353534921312,1.0030015411662205,1.0027860334813072
2023-08-18,GB,2.5601587238640886,-22.543102085520285,6.679050506347532,1.0030574187985157,1.0028626598230772
2023-08-19,GB,2.1121757992924586,-21.34895312409168,6.39230491579916,1.0073425608962214,1.0066451874585556
2023-08-20,GB,2.2746776901547423,-22.20244459628988,6.692859199583991,1.0044924644710627,1.0049179216536137
2023-08-21,GB,2.3382417898385257,-21.89897039966026,6.689328405524003,1.0061583850487277,1.0054579376913497
2023-08-22,GB,2.3190082167481405,-21.911852157944637,6.606796763638902,1.0028398383378212,1.0023601573635437
2023-08-23,GB,2.857764190101657,-23.30562939350486,7.081408534182713,1.0044731563939118,1.0041087612997321
2023-08-24,GB,2.640065647445424,-22.482645743388975,6.991054483314244,1.0022544578380121,1.0020929254121314
2023-08-25,GB,2.3072329038380666,-21.46709490449771,6.837302220118212,1.0058802649422802,1.0059228264957425
2023-08-26,GB,2.3733700490702296,-21.204081495262603,6.860655504170772,1.0065010311736093,1.0070349947049755
2023-08-27,GB,2.004469294574633,-20.52628792540002,6.829164913816002,1.0057159732669887,1.0053340807433102
2023-08-28,GB,2.27310080873094,-21.107400967295955,7.239891468727238,1.004737406933441,1.005298049224764
2023-08-29,GB,2.917271460225256,-21.877820381808412,7.483053790907165,1.0009095238062657,1.0006929028538536
2023-08-30,GB,1.780465155507771,-19.677250351073155,6.770560782016022,1.0009329571977095,1.0006003909038061
2023-08-31,GB,2.627442815539916,-20.939008990354196,7.3740902128038135,1.0029663894422627,1.0034102012785533
2023-09-01,GB,2.089168223157617,-19.77017403177747,7.157376910949285,1.0092721314258357,1.0075289784563541
2023-09-02,GB,2.8164449061380417,-20.544248095671104,7.352313887732604,1.0033373568157025,1.0025790407400126
2023-09-03,GB,2.5137026391196886,-20.6065143285467,7.365743641562801,1.0024852013081837,1.0024958764359497
2023-09-04,GB,1.9015939190034186,-19.016799861522294,6.743194967862716,1.0020708306238155,1.0019722879494248
2023-09-05,GB,2.196659123203421,-19.31489251364118,6.889284714130389,1.014375236641954,1.0147269954482503
2023-09-06,GB,2.2071498782370638,-19.968968102135626,6.9721279105131595,1.0022220282307241,1.0022949008863158
2023-09-07,GB,2.1183946119567065,-19.908237131946024,6.913469400582803,1.0026693098940374,1.0027604489200335
2023-09-08,GB,2.646617699115886,-21.375256117068382,7.499812544959286,1.0022964623528423,1.0022857113820898
2023-09-09,GB,1.8136031244719422,-19.791727154436828,7.122030275982604,0.9993218150790604,0.9993802670646539
2023-09-10,GB,2.119114147259173,-19.93886633877064,7.233730230397339,1.0049328572922474,1.0042197023082804
2023-09-11,GB,2.438826435593789,-20.197179821291986,7.4624390842729555,1.0055669297814134,1.0049677594842623
2023-09-12,GB,2.2074213731614774,-19.58066677261879,7.236810902182175,1.0055854734804135,1.0052069636199703
2023-09-13,GB,2.4547535882907425,-19.933105440500796,7.306426442964397,1.0019106987729782,1.001659344685311
2023-09-14,GB,2.349725420395496,-19.668156909587726,7.264132014899022,1.0104748079835624,1.0099401688205734
2023-09-15,GB,2.5207544779643776,-19.966368846225514,7.4994089052464865,1.0003931184441177,1.0004183050554976
2023-09-16,GB,2.3865822864017914,-19.624149410988768,7.427352470901608,1.0004646455426243,1.0003042522976076
2023-09-17,GB,1.9624196047488547,-18.50412420787358,7.216726050474947,1.0061757477887627,1.0060152095781503
2023-09-18,GB,2.341176952972582,-19.386640950907694,7.820335951846864,1.000110156504423,1.0000086211731798
2023-09-19,GB,2.2406765273993043,-18.630932097123768,7.615810405389832,1.0027442847562247,1.0030670513668292
2023-09-20,GB,NA,NA,NA,NA,NA
2023-09-21,GB,NA,NA,NA,NA,NA
2023-09-22,GB,NA,NA,NA,NA,NA
2023-09-23,GB,NA,NA,NA,NA,NA
2023-09-24,GB,NA,NA,NA,NA,NA
2023-09-25,GB,NA,NA,NA,NA,NA
2023-09-26,GB,NA,NA,NA,NA,NA
2023-09-27,GB,NA,NA,NA,NA,NA
2023-09-28,GB,NA,NA,NA,NA,NA
2023-09-29,GB,NA,NA,NA,NA,NA
2023-09-30,GB,NA,NA,NA,NA,NA
2023-10-01,GB,NA,NA,NA,NA,NA
2023-10-02,GB,NA,NA,NA,NA,NA
2023-10-03,GB,NA,NA,NA,NA,NA
2023-10-04,GB,NA,NA,NA,NA,NA
2023-10-05,GB,2.7639411609128675,-20.976542022054158,9.667952360413945,1.005132943200982,1.0042844366520611
2023-10-06,GB,3.2283765274064447,-21.356148015322905,9.794779987009237,1.0040815093039097,1.0039234984174683
2023-10-07,GB,2.4254058019449154,-19.73800670031329,9.372983910939713,1.0005872968833793,1.000640397635418
2023-10-08,GB,NA,NA,NA,NA,NA
2023-10-09,GB,NA,NA,NA,NA,NA
2023-10-10,GB,NA,NA,NA,NA,NA
2023-10-11,GB,1.1104433410499654,-16.86657042939115,8.480094576796523,1.007452731869544,1.0081810361087746
2023-10-12,GB,2.46310632520845,-20.34443209459771,9.254027114532338,1.0028205156164054,1.0024914109210077
2023-10-13,GB,2.5710456262540875,-19.871748116766227,9.26464111640964,1.0130818396381343,1.0124369009225724
2023-10-14,GB,2.3226354971293706,-19.557309487691406,9.259980377717213,1.0031109101993931,1.0034083301853087
2023-10-15,GB,2.259205097217305,-20.0626928561496,9.602320693040799,1.0044298503762497,1.0042944854716418
2023-10-16,GB,NA,NA,NA,NA,NA
2023-10-17,GB,NA,NA,NA,NA,NA
2023-10-18,GB,NA,NA,NA,NA,NA
2023-10-19,GB,2.5523161653480635,-19.16230127724397,8.741897124939344,1.0001307468922196,1.0001410619006474
2023-10-20,GB,2.6350513080835407,-19.366685902821395,8.336631809841018,1.0110652978071746,1.0106858779428962
2023-10-21,GB,1.965544308172476,-18.322033795057095,8.322858104710486,1.012049041468735,1.0113100044500167
2023-10-22,GB,2.7781585140773193,-20.013740308234805,9.173869120037661,1.005748441850312,1.004739189523322
2023-10-23,GB,NA,NA,NA,NA,NA
2023-10-24,GB,2.682466402346244,-21.638695310362536,10.058224873134327,1.0001791638560094,1.0002864299818495
2023-10-25,GB,2.879711717117527,-21.31529768791824,9.95281419167682,1.0072649999857062,1.0070064948894366
2023-10-26,GB,NA,NA,NA,NA,NA
2023-10-27,GB,NA,NA,NA,NA,NA
2023-10-28,GB,NA,NA,NA,NA,NA
2023-10-29,GB,NA,NA,NA,NA,NA
2023-10-30,GB,NA,NA,NA,NA,NA
2023-10-31,GB,NA,NA,NA,NA,NA
2023-11-01,GB,NA,NA,NA,NA,NA
2023-11-02,GB,NA,NA,NA,NA,NA
2023-11-03,GB,NA,NA,NA,NA,NA
2023-11-04,GB,NA,NA,NA,NA,NA
2023-11-05,GB,NA,NA,NA,NA,NA
2023-11-06,GB,NA,NA,NA,NA,NA
2023-11-07,GB,NA,NA,NA,NA,NA
2023-11-08,GB,NA,NA,NA,NA,NA
2023-11-09,GB,NA,NA,NA,NA,NA
2023-11-10,GB,NA,NA,NA,NA,NA
2023-11-11,GB,NA,NA,NA,NA,NA
2023-11-12,GB,NA,NA,NA,NA,NA
2023-11-13,GB,NA,NA,NA,NA,NA
2023-11-14,GB,NA,NA,NA,NA,NA
2023-11-15,GB,NA,NA,NA,NA,NA
2023-11-16,GB,NA,NA,NA,NA,NA
2023-11-17,GB,NA,NA,NA,NA,NA
2023-11-18,GB,NA,NA,NA,NA,NA
2023-11-19,GB,NA,NA,NA,NA,NA
2023-11-20,GB,NA,NA,NA,NA,NA
2023-11-21,GB,NA,NA,NA,NA,NA
2023-11-22,GB,NA,NA,NA,NA,NA
2023-11-23,GB,NA,NA,NA,NA,NA
2023-11-24,GB,NA,NA,NA,NA,NA
2023-11-25,GB,NA,NA,NA,NA,NA
2023-11-26,GB,NA,NA,NA,NA,NA
2023-11-27,GB,NA,NA,NA,NA,NA
2023-11-28,GB,NA,NA,NA,NA,NA
2023-11-29,GB,NA,NA,NA,NA,NA
2023-11-30,GB,NA,NA,NA,NA,NA
2023-12-01,GB,NA,NA,NA,NA,NA
2023-12-02,GB,NA,NA,NA,NA,NA
2023-12-03,GB,NA,NA,NA,NA,NA
2023-12-04,GB,NA,NA,NA,NA,NA
2023-12-05,GB,NA,NA,NA,NA,NA
2023-12-06,GB,NA,NA,NA,NA,NA
2023-12-07,GB,NA,NA,NA,NA,NA
2023-12-08,GB,NA,NA,NA,NA,NA
2023-12-09,GB,NA,NA,NA,NA,NA
2023-12-10,GB,NA,NA,NA,NA,NA
2023-12-11,GB,NA,NA,NA,NA,NA
2023-12-12,GB,NA,NA,NA,NA,NA
2023-12-13,GB,NA,NA,NA,NA,NA
2023-12-14,GB,NA,NA,NA,NA,NA
2023-12-15,GB,3.8379110244132586,-19.316165698880347,10.462691022801593,1.0029887401737987,1.003008703433481
2023-12-16,GB,0.9560401927498462,-15.843506124263875,8.944825393008207,1.0034743151634655,1.0035295367572483
2023-12-17,GB,2.1222181306485743,-15.200837801630701,6.328577544723293,1.0022370858057683,1.0022171415390442
2023-12-18,GB,2.787647776736381,-19.25671067801605,7.207066946426384,1.000798604077525,1.000546983358142
2023-12-19,GB,2.390591432146522,-16.770483437504996,4.2001024618945255,1.004324329734056,1.0040054127300093
2023-12-20,GB,1.6963099256707768,-14.217463276133383,2.3425638613235935,1.0271578200904266,1.0273995586455547
2023-12-21,GB,2.905502157661393,-4.824817919311248,1.1664415088869629,1.006201255435541,1.0058449040066761
2023-12-22,GB,0.12868306232348092,-18.366148315624912,5.370133578791724,1.0041440137341198,1.004451697689856
2023-12-23,GB,0.45231970216154305,-19.624932566267784,5.574242458816903,1.0004390766151408,1.0002125013166425
2023-12-24,GB,0.7463062186835302,-19.405441037767336,4.767585395684261,1.0043108983061284,1.0041114803053852
2023-12-25,GB,2.3459002428826716,-12.79586302502852,1.2422738075468907,1.0029013244752278,1.0031048121907093
2023-12-26,GB,1.4941936111026795,-20.132936542427743,3.196410303778211,1.005078569928159,1.0056301623909902
2023-12-27,GB,2.3720427615100035,-26.798676572277703,4.932749006813367,1.0019278099408895,1.0020336003963737
2023-12-28,GB,1.5285309593674306,-22.35398019201536,4.426765140129104,1.0629211180026168,1.0638270319297485
2023-12-29,GB,1.8914697625246935,-25.322016652810056,5.642542836963674,1.0025207814231574,1.0026136907555065
2023-12-30,GB,2.0258742084867993,-25.688208399058883,5.9826648309432935,1.013222563209498,1.0122891165023202
2023-12-31,GB,2.2125918435964707,-25.694017843073173,6.158199978261119,1.0063172857836868,1.0056828800379025
2024-01-01,GB,2.5715623806119057,-26.144726102534925,6.231549685255423,1.0017039539718544,1.0017529898912367
2024-01-02,GB,2.8261681091336586,-26.520028233128304,6.96409209686799,1.0012873543609895,1.0012660222644134
2024-01-03,GB,3.550857149254113,-27.673136249670247,6.987655710832949,1.0019765294399017,1.0017284362270826
2024-01-04,GB,3.4807911713200177,-26.333617911156733,7.327526806363553,1.0121374925409021,1.012002525032885
2024-01-05,GB,3.837722817823236,-26.87538748316735,7.166413778196994,1.0024846577823858,1.0020361715740598
2024-01-06,GB,NA,NA,NA,NA,NA
2024-01-07,GB,NA,NA,NA,NA,NA
2024-01-08,GB,NA,NA,NA,NA,NA
2024-01-09,GB,NA,NA,NA,NA,NA
2024-01-10,GB,NA,NA,NA,NA,NA
2024-01-11,GB,NA,NA,NA,NA,NA
2024-01-12,GB,2.6213834702138863,-22.96235795790308,5.846399267730823,1.0034916085200631,1.0028127120999764
2024-01-13,GB,5.876396428836097,-29.22899550388301,8.10635465498557,0.9998344175691106,0.9997371342054447
2024-01-14,GB,5.207477617917566,-30.111124702439128,8.338356810121462,1.0073361066801942,1.0065590832181943
2024-01-15,GB,5.293156989535103,-29.538945566642266,7.174262611383641,1.0047187071195731,1.005151887176691
2024-01-16,GB,1.5457563526162648,-17.73648085947447,4.553208770488257,1.0001859150329164,1.0001515806494399
2024-01-17,GB,6.057767720706371,-30.670917459852124,8.862096295306701,1.0044510946850125,1.003971454798053
2024-01-18,GB,2.5499281120169686,-22.027181581611618,6.165732683910987,1.0025911517217256,1.0028545269401492
2024-01-19,GB,5.9959376677309635,-26.03858911141799,6.796893296023378,1.0003949189151464,0.9999702078559676
2024-01-20,GB,5.417767611430271,-27.62647005586695,8.365887695444208,1.0025786958701954,1.0023971022300842
2024-01-21,GB,6.11108606668982,-27.896116224335778,8.59696933665963,1.0001288956106889,1.0002886363347772
2024-01-22,GB,6.5911908931983625,-28.932842867678364,8.092539833607162,1.0113945780325941,1.011568755841645
2024-01-23,GB,5.108167232825209,-27.365933216336018,7.287892621901041,1.0015385531690102,1.0015603507918063
2024-01-24,GB,7.758330226405264,-30.879381143933468,8.174535169300734,1.0024327763567544,1.0023090434756865
2024-01-25,GB,7.325759353223843,-31.365214181637175,8.29236295632145,1.0034193529430202,1.0027411041848608
2024-01-26,GB,7.1140861553356585,-27.57676989028529,7.318041097162643,1.0048114712829035,1.004427181839526
2024-01-27,GB,6.850400973580513,-28.3193605880541,7.53578934663358,1.003290310209768,1.0030291977759227
2024-01-28,GB,7.341530835397136,-29.657042681409184,8.613642307802552,1.0092810741932066,1.009092585934613
2024-01-29,GB,7.179296018538566,-29.981753390597294,9.315555292260838,1.0047321696225189,1.0053124585374518
2024-01-30,GB,6.763017238383583,-28.10247688227282,8.636701206846217,1.0023229546838852,1.0022134559132774
2024-01-31,GB,6.820852462814504,-27.785790117723778,8.463575420747219,1.0031145188549042,1.0027573758376431
2024-02-01,GB,7.569347824344249,-28.339364424647577,8.657134270304683,1.0026139997871746,1.0023244177363018
2024-02-02,GB,7.838106921557591,-30.410377815957858,9.285363300919235,1.0027775416822196,1.0026981320924533
2024-02-03,GB,8.059868447998639,-31.415631675379757,9.400097086824175,1.0018417135057527,1.0021120659967895
2024-02-04,GB,4.628435566231852,-23.257180650588936,6.770039075334006,1.0011902517152704,1.000955484289734
2024-02-05,GB,6.14576285905178,-30.008418254701013,9.567282312112923,0.9995383642514878,0.9995241219849378
2024-02-06,GB,NA,NA,NA,NA,NA
2024-02-07,GB,6.538107431260199,-27.62525746430087,9.849207854865881,1.0062428008045452,1.0061379663585277
2024-02-08,GB,6.866805097245712,-28.406662874203192,9.779370710839292,1.0085812541219399,1.0085890509453297
2024-02-09,GB,7.1377090815236794,-29.283281260889467,10.014558061329279,1.0000481036425892,1.0003223439342839
2024-02-10,GB,7.177096546891707,-29.059142114568658,9.696109170964007,1.0094727338190044,1.0097238756609177
2024-02-11,GB,8.812152755662895,-30.82052636374937,10.066315771356555,1.0059121028533156,1.0060081664992653
2024-02-12,GB,6.084651660211609,-27.85329071397741,9.28955905743623,1.008892424698367,1.0088744509208403
2024-02-13,GB,7.868049387266589,-27.427888040391327,10.36249445472519,1.0001072218873912,1.0001231530552626
2024-02-14,GB,6.8760764945383155,-25.529412228326827,9.961167118417418,1.0028856243355992,1.003198962367304
2024-02-15,GB,7.27398920665364,-26.48832776199759,9.972390929783003,1.0032229078656179,1.0030069613541799
2024-02-16,GB,6.716516061588944,-27.047238398671464,9.976366173975094,1.0073553257545453,1.0066963060481091
2024-02-17,GB,3.963097000458065,-23.36770603074415,8.474280175853348,1.0009640253420753,1.0012980187435512
2024-02-18,GB,2.6544319448364297,-20.25104045081036,7.981727837228597,1.0017291532051655,1.0016920370229168
2024-02-19,GB,6.618565207997908,-25.101071169824326,10.438669202088073,1.0023762018733144,1.0022941149828362
2024-02-20,GB,7.280896665717653,-26.283903535890477,10.53001538707317,1.0010571671136188,1.0010685306255915
2024-02-21,GB,7.361621394600951,-26.67981171218341,10.401928833209475,1.0021500361554012,1.0025053826465686
2024-02-22,GB,7.886731120383427,-28.391805579145863,10.394394790049637,1.0080302241247932,1.0083108848424702
2024-02-23,GB,5.918549010570973,-24.86506422338915,8.374705128484807,1.0090045572935167,1.0084679420859997
2024-02-24,GB,8.108118037488119,-29.583834798578415,10.362247522084711,1.001749811985158,1.001690781333191
2024-02-25,GB,7.7923509366462715,-29.040117080185723,10.54739444792126,1.003717862892314,1.003439136727672
2024-02-26,GB,7.943782514166714,-28.908197213522094,10.25460383179322,1.004820955801567,1.0037155112846061
2024-02-27,GB,8.248260845116432,-29.4280198196563,10.211400762139444,1.0028228745057288,1.0023159130612163
2024-02-28,GB,8.874485099211748,-29.653335622850918,9.742757329731015,1.0033998445141112,1.0030220367342493
2024-02-29,GB,9.187363062835265,-30.51495082159631,10.629883736431127,1.005757536115099,1.005440386610996
2024-03-01,GB,6.9772848218533605,-27.2388234364568,9.25811651975103,1.002925761373516,1.0026004948887137
2024-03-02,GB,6.733963230247724,-28.127302594804135,9.181146037715015,0.99975542069746,0.9997435840067893
2024-03-03,GB,7.873139139571528,-30.509448441738286,9.996329213245724,1.0039813461312903,1.0036401967970505
2024-03-04,GB,7.87536220696632,-29.195635131506844,10.056760318564583,1.0040033446566172,1.003473179821226
2024-03-05,GB,4.191711118702511,-23.825428026526517,7.848162292462541,1.0015830856217331,1.0014888631199517
2024-03-06,GB,7.344719857056908,-28.637795069026627,9.630190837144253,1.007023165918007,1.0062005372359302
2024-03-07,GB,7.4603382610848845,-27.96391206096413,9.457449397070082,1.002967938477402,1.0030304827898875
2024-03-08,GB,8.383813100656448,-30.584843989263387,9.89230019936653,1.0018906909069147,1.0019182797677801
2024-03-09,GB,NA,NA,NA,NA,NA
2024-03-10,GB,6.336381932714663,-26.755060007854933,9.223228681796341,1.0017329869334348,1.002307112540231
2024-03-11,GB,6.290357527545795,-26.283893574702194,9.34525657847138,1.0005580079197327,1.0005892360223936
2024-03-12,GB,5.905935828846575,-26.106417332502865,8.720420777860264,1.0020099198237196,1.0020664829969457
2024-03-13,GB,6.877456344318527,-29.100769813324437,9.525668460729854,1.0074352723651203,1.006731057477203
2024-03-14,GB,7.830037706219413,-31.12751556090974,9.679337222353883,1.002300856374224,1.0019732525208225
2024-03-15,GB,7.538297351073237,-31.17793416157474,9.115135819621468,1.0071352828322775,1.006453606967787
2024-03-16,GB,6.117847079855946,-29.093484678392272,8.337425275379228,1.0040753722056313,1.0039476724922305
2024-03-17,GB,6.578827760509895,-29.76829482990123,8.586195855920373,1.0012683365905073,1.0015501475957274
2024-03-18,GB,3.68933530421831,-20.533598207010566,6.209884561413397,1.0026617606358026,1.0022826446697737
2024-03-19,GB,3.5295136449030378,-21.78459514130741,7.78928037035912,1.0029720603880303,1.0027991870956006
2024-03-20,GB,3.550784033138031,-20.527943758728973,7.327392885650912,1.0024179304529237,1.0026773164505873
2024-03-21,GB,5.216272026259009,-24.686485491554198,8.296561465490432,1.0016112979170577,1.0017150952289282
2024-03-22,GB,2.2118668029103956,-19.308659615314877,6.328758412909658,1.002357640722179,1.002069539979528
2024-03-23,GB,4.593715814519671,-24.423573863125092,8.546869046855587,1.0025486795719745,1.0021601067837613
2024-03-24,GB,4.23671865504401,-22.81674680346192,8.418037925602864,1.0041913791279242,1.0042105778078523
2024-03-25,GB,5.574269156406138,-24.57492402241605,8.71539312785183,1.0018331107326164,1.0014160803361682
2024-03-26,GB,5.588513496392562,-25.73876906908762,8.823937357449113,1.0085946918582946,1.0082032964120706
2024-03-27,GB,1.090276538350188,-18.177202879271356,6.210765118432707,1.0035738515579753,1.0032224469449504
2024-03-28,GB,3.60863980885919,-20.482648765817572,7.235889201560502,1.0005599239079408,1.0005156715824812
2024-03-29,GB,2.6954044254148255,-18.757786479118863,6.9532106344565205,1.0021663381659944,1.0017633926824698
2024-03-30,GB,3.1458554672561374,-18.998847035093092,6.773936513544781,1.0022742229268378,1.0021387545703737
2024-03-31,GB,3.912238563519027,-21.2336856409757,7.364307645910896,1.0034419548770899,1.0030404288490944
2024-04-01,GB,4.9868368088650765,-24.67580241907345,8.50237020584806,1.0001162000303987,0.9999414635060112
2024-04-02,GB,4.767796852816257,-24.849741662635413,8.24357931990777,1.0002505988674337,1.00002152658844
2024-04-03,GB,1.4371590065494557,-19.442553475456954,6.694470144419246,1.0028665258474496,1.0024369342859039
2024-04-04,GB,2.8938845008837557,-19.457894122781937,6.962279489114306,1.0038944882036602,1.0035463804471363
2024-04-05,GB,2.916299765692517,-19.247364741449026,6.578793861808308,1.0018283647529718,1.0016408088347688
2024-04-06,GB,2.8938703424216436,-20.326951742605225,6.72255812099525,1.0061514151879105,1.005413100807045
2024-04-07,GB,3.0791586007887464,-21.688194044071995,6.868884500862601,1.0038566255878658,1.0036892521932015
2024-04-08,GB,3.865240340243155,-23.324503023937392,7.115406755397885,1.004309878638908,1.0040273745307644
2024-04-09,GB,5.219443302042438,-26.333087269011468,7.7601552953399375,1.0012088430111366,1.0011657455046414
2024-04-10,GB,5.054612564049157,-27.184863292382243,7.867249338726706,1.002892313456756,1.0023241196626174
2024-04-11,GB,3.600464908317483,-20.50843649916975,5.960945666269255,1.001730716484811,1.0017263515403476
2024-04-12,GB,3.2458394223492744,-21.455585013969365,6.930635997142397,1.001181219622428,1.000847042880984
2024-04-13,GB,2.562171129359004,-19.11274772446508,6.378432758436281,0.9998526657002628,0.9997187657625987
2024-04-14,GB,2.840400634445735,-20.491195742166287,6.595294646921704,1.0004075635751728,1.0002128081197885
2024-04-15,GB,3.493270551074758,-22.308795725525652,7.121880079265429,1.003842617891261,1.0037426430233742
2024-04-16,GB,4.115980235849979,-23.906940354368825,7.5366434702231295,1.0020997705253132,1.0023034745953565
2024-04-17,GB,4.633809003447441,-24.542026037314702,7.610761207735049,1.0018744241306496,1.00147532973532
2024-04-18,GB,5.096109393700448,-26.206205409749437,8.18816216009477,1.0019147145986476,1.002442099567087
2024-04-19,GB,3.4131939688015054,-22.47835407870816,7.002124209535492,1.0032176474043302,1.003197751050704
2024-04-20,GB,4.213333583483694,-24.646822522806065,7.588957001070448,1.0038190332161148,1.0040188083488057
2024-04-21,GB,3.7923393593012746,-24.096418316270206,7.370578663645107,1.0050874545348674,1.0050293739598248
2024-04-22,GB,2.852786826403804,-20.498866056863925,6.771357800109429,1.0054698123735957,1.005544651733733
2024-04-23,GB,3.1341215096475596,-20.759515968708513,6.702387799250645,1.0056323327494743,1.0053544662105163
2024-04-24,GB,3.2167574888202104,-22.04981669683291,7.068606662899897,1.0049491229716292,1.0058909788872221
2024-04-25,GB,3.497845198242323,-21.957166845943213,6.87617918302072,1.0040580877273908,1.0042545751244878
2024-04-26,GB,3.0734963012247123,-21.881713289321542,7.142857977598771,1.009181966419506,1.009035360185599
2024-04-27,GB,2.547965018296647,-20.768740156073488,7.01682037965272,1.0007092128591768,1.0007785516405194
2024-04-28,GB,2.6529381271667654,-20.078508759538906,7.164399823044133,1.000919690446208,1.0008779643466266
2024-04-29,GB,3.0113312050130014,-20.12640014531798,7.217292536206523,1.0071007152139568,1.0067963944279228
2024-04-30,GB,2.0825333840479163,-17.37120900016951,6.725391565897861,1.001189407275226,1.0010572909935986
2024-05-01,GB,3.6241448610500844,-20.157989927615688,7.779680029148752,1.0045785212118947,1.0045549858991734
2024-05-02,GB,3.443173316623917,-19.313120889793943,7.6542021471327475,1.0006367603585895,1.000189551513883
2024-05-03,GB,2.9915582984863267,-18.13688346084789,7.410579561053511,1.0103768865227474,1.0104489074272547
2024-05-04,GB,1.9156680218399906,-15.342622475700098,6.4860206249785914,1.0070227076862186,1.0065515948275807
2024-05-05,GB,1.8581321834550577,-17.504080434866278,7.4182368215513135,1.0007880496924506,1.000381615282189
2024-05-06,GB,3.3511514699191913,-20.35776740597811,8.371045914135312,1.0053122479671381,1.00582439686991
2024-05-07,GB,2.820099852327283,-19.852253800718923,8.097309091571566,1.0018383402060183,1.00179665499434
2024-05-08,GB,3.0821953196941765,-20.75561833224952,8.464408906965765,1.0004439195468653,1.000068627718891
2024-05-09,GB,3.4448234728829847,-21.499981108014115,9.135446052732108,1.0009027599007063,1.000523562426456
2024-05-10,GB,2.2231251163746446,-19.67681182259279,8.486829427726724,1.0017501978188545,1.0023023977373202
2024-05-11,GB,2.1914068047524746,-18.742384085678033,8.587944673520695,1.006406298885749,1.0062046222738577
2024-05-12,GB,2.0712147070343705,-19.571515507901907,9.04560599499403,1.0014956223972713,1.0012128837358072
2024-05-13,GB,1.422802897989296,-17.847671763115258,8.422626852042876,1.0022950079375903,1.00308003403898
2024-05-14,GB,2.9289123277350533,-21.45126448816182,9.659955135402596,1.014121510848154,1.0116674257827503
2024-05-15,GB,1.7221702369261804,-20.400781305018274,9.53822456519414,1.0055071015490806,1.0052149964592922
2024-05-16,GB,2.331250827973201,-19.318599527353555,8.902113462174405,1.0010836500963536,1.001274228343657
2024-05-17,GB,2.456059919390116,-20.312314895783263,9.200187464671197,1.0061696618316294,1.0063649557034138
2024-05-18,GB,2.364273723983395,-20.427929819572316,9.487066324378546,1.0065891541607916,1.005664645524575
2024-05-19,GB,1.941505656642135,-18.215018390253356,8.550410716076128,1.0075485733778053,1.0077759616974122
2024-05-20,GB,2.384333821793407,-19.884795253037417,9.347220307338553,1.000853479446446,1.0009586944092548
2024-05-21,GB,2.181597935312426,-18.7180472332651,8.884931182145538,1.0013691697872562,1.0015488727381068
2024-05-22,GB,2.372625652034758,-18.705307091879718,8.885719667970514,1.008803371097171,1.0090993409714497
2024-05-23,GB,2.7358553468626683,-18.232782608600406,8.586003500516862,1.0174717460138816,1.0175676322245586
2024-05-24,GB,2.613392959568476,-17.884431627045114,8.449530434398515,1.0033316836778445,1.0025831475363465
2024-05-25,GB,2.105289890992866,-18.945772118078857,9.186282409206513,1.0124856196827015,1.0117922279548084
2024-05-26,GB,1.9216191790729473,-17.478288710869645,8.305050881951265,1.0001935184874082,1.000113839796275
2024-05-27,GB,2.116409482279575,-18.486485428580032,8.639145886069523,1.0086724973554544,1.0088235216446915
2024-05-28,GB,2.2169781823590817,-18.614975104556372,8.78893220647955,1.004085594456005,1.0041240406151986
2024-05-29,GB,2.2662550890846846,-17.250626074971304,8.258910290809228,1.0015422116040578,1.0010378359971452
2024-05-30,GB,2.1848168419039142,-16.010315753833286,7.777875425889703,1.005281357857202,1.0051215558188442
2024-05-31,GB,2.3045067986451366,-16.56086613447585,8.181808379993432,1.0047385840554912,1.0050817561101097
2024-06-01,GB,2.4186694078458086,-16.487628000677113,8.203696286988263,1.0008164813774565,1.0011875231002394
2024-06-02,GB,1.6433570976607732,-17.538130523050672,8.850161050540732,1.0081034099669144,1.0075203258809948
2024-06-03,GB,2.257315420518073,-17.098149742264276,8.59888612231765,1.010649227628693,1.0101431187131062
2024-06-04,GB,2.2717223886047377,-17.12828611468141,8.653919903359775,1.0019349590544842,1.0016711271011138
2024-06-05,GB,2.3656370923236456,-17.706233827693932,9.053625452692973,1.0073968445176775,1.0071642768104565
2024-06-06,GB,2.645209078119908,-17.177099052386563,8.633050437563265,1.0028986016557555,1.002426856157281
2024-06-07,GB,2.52288441965818,-16.881795861510028,8.546127339730656,1.0040348369684986,1.002899426559866
2024-06-08,GB,2.2223005793915993,-16.64533784075361,8.535720572647794,1.0036276557599941,1.0023291785609154
2024-06-09,GB,1.8630161653124235,-16.113890013218136,8.453283039421015,1.0019593600765107,1.0021143789645006
2024-06-10,GB,2.099025065714027,-16.741622621704156,8.851361479497852,1.0035449005225845,1.0038825625896037
2024-06-11,GB,2.3368623711518315,-17.205048483384402,9.084141661501574,1.001799745797194,1.0019964714278604
2024-06-12,GB,2.3350149107718003,-17.701518589807602,9.40831668363598,1.0042094238967574,1.0036864062297726
2024-06-13,GB,2.7562274216052596,-18.09437172367729,9.6051833773761075,1.0014428273438216,1.0007746700667994
2024-06-14,GB,2.4215991900729725,-17.43430462488536,9.36218838233781,1.0008994474878605,1.000726220407534
2024-06-15,GB,2.31246659507437,-16.720519951891497,8.941549161112325,1.001421049228506,1.001435468960688
2024-06-16,GB,2.690289033527514,-17.082137263165325,8.803814119457229,1.000165987245146,0.9999072676029813
2024-06-17,GB,2.8885697074664325,-17.65863151969316,9.161145608228983,1.001664014175851,1.0018832603620673
2024-06-18,GB,3.006294763032709,-17.572836329373654,9.051029419650646,1.0009732056799385,1.0013727909563348
2024-06-19,GB,2.7666383065515148,-18.01836417183028,9.563194328793125,1.0050333821200446,1.00434742611608
2024-06-20,GB,2.7302190613996693,-17.18741252585806,9.140437098986506,1.000948195144804,1.0011408945010214
2024-06-21,GB,2.5328891627235683,-16.777636383297754,8.833476546097431,1.0028736811263845,1.0036094023080986
2024-06-22,GB,2.3113499933047406,-15.487473346903663,8.158476893083193,1.001277803763342,1.0011739672821176
2024-06-23,GB,2.672783216836403,-16.534554015407807,8.609002792794332,1.0018939907412845,1.0016566844175712
2024-06-24,GB,3.1403047665163304,-17.39188330101776,8.953645175511072,1.0031056531815044,1.0034465677707374
2024-06-25,GB,2.630662793941196,-15.748393302489637,8.341622473936093,1.0026210157072613,1.0019874167247542
2024-06-26,GB,2.944959470656376,-17.51656944815572,9.243339432984794,1.0033937299544808,1.0029283260208028
2024-06-27,GB,2.2573664418561554,-17.40214404561137,9.54832847764782,1.002637615969588,1.002145460432226
2024-06-28,GB,2.3413706195090076,-16.37272543315299,8.956440272895032,1.001139293437109,1.0014119824056127
2024-06-29,GB,2.321988169596569,-17.071593497478105,9.321437540699407,1.0020579100662474,1.0026128858910053
2024-06-30,GB,3.2182981448009267,-17.054107769166503,8.901037395261215,1.0053917257546283,1.0055610384490445
2024-07-01,GB,2.8822717583139896,-18.130360419139215,9.312349933843487,1.0011921557077306,1.001136621990615
2024-07-02,GB,3.4957719754895127,-18.136175308306854,9.270865028101634,1.0013284916412977,1.001470244037718
2024-07-03,GB,3.3425045683402015,-17.438981552325266,8.853836314728232,1.004372772626444,1.0044482404436517
2024-07-04,GB,3.270078392305249,-17.23662893800623,8.853487893943614,1.0028971640910724,1.0029691024005074
2024-07-05,GB,2.61544242203544,-16.53950873236692,8.482295062745974,1.0011050607195957,1.000595643377787
2024-07-06,GB,2.6586438566295225,-17.02280131607202,8.783672721483379,1.0001263089283867,1.000457609679041
2024-07-07,GB,2.152471050402673,-16.737173387877736,8.84377950445905,1.0029501352734806,1.002402283324254
2024-07-08,GB,2.3781744537869165,-16.22180259126323,8.431836859834645,1.0057199036264732,1.0041249652848097
2024-07-09,GB,4.114574626778645,-18.834277334937905,9.66653964079883,1.003690848199723,1.0046788859822258
2024-07-10,GB,3.4578853835107646,-17.888793279187897,9.048249655893889,1.0025511393456565,1.0022687743403653
2024-07-11,GB,3.639022045292535,-17.835223078242862,8.945300622004996,1.0041131105034067,1.0033586192230766
2024-07-12,GB,2.7474414687109334,-16.897194502511393,8.375745159815665,1.0024054978267125,1.0019984412836629
2024-07-13,GB,2.1566030535702763,-15.342624254610783,7.6397802215077055,1.0124800523860655,1.011120088706216
2024-07-14,GB,2.2734023551330127,-15.831443907212067,7.897871489677014,1.0017229362393727,1.0019431762329842
2024-07-15,GB,1.9116548605383015,-16.15000990325302,8.272899828340654,1.0007010359062358,1.0008709291023887
2024-07-16,GB,2.787711288042671,-17.852383982390098,9.116648452156072,1.0155858551509824,1.0168673751352117
2024-07-17,GB,3.286869412535216,-18.238897515184934,9.391794635644924,1.0038228799616191,1.003151301727424
2024-07-18,GB,2.6320931054079817,-17.33021171356352,9.080727398614194,1.0015343179237353,1.0013067330774905
2024-07-19,GB,2.951049385513286,-16.660910572754734,8.82186755966615,1.0014705181209238,1.0012103618150952
2024-07-20,GB,2.632985082111864,-17.539680676715086,9.207234684694823,1.0041178556664005,1.0038284060700067
2024-07-21,GB,2.563078333159487,-16.983906042398687,8.933673210548081,0.9999310671650609,1.0001970920335688
2024-07-22,GB,2.4823597274577134,-16.023586895077347,8.477217399570081,1.006978846842106,1.0065750930500539
2024-07-23,GB,3.501410688912298,-18.179405777620133,9.410683537881777,1.0019701842004962,1.0013851450639364
2024-07-24,GB,2.4614733295999236,-15.986551572073397,8.447060949883443,1.0051268721006998,1.0048613231142116
2024-07-25,GB,3.305504652776178,-18.47964984714619,9.821934343821985,1.0006495776444873,1.0014066951632365
2024-07-26,GB,NA,NA,NA,NA,NA
2024-07-27,GB,NA,NA,NA,NA,NA
2024-07-28,GB,NA,NA,NA,NA,NA
2024-07-29,GB,NA,NA,NA,NA,NA
2024-07-30,GB,NA,NA,NA,NA,NA
2024-07-31,GB,NA,NA,NA,NA,NA
2024-08-01,GB,NA,NA,NA,NA,NA
2024-08-02,GB,NA,NA,NA,NA,NA
2024-08-03,GB,NA,NA,NA,NA,NA
2024-08-04,GB,NA,NA,NA,NA,NA
2024-08-05,GB,NA,NA,NA,NA,NA
2024-08-06,GB,NA,NA,NA,NA,NA
2024-08-07,GB,NA,NA,NA,NA,NA
2024-08-08,GB,NA,NA,NA,NA,NA
2024-08-09,GB,NA,NA,NA,NA,NA
2024-08-10,GB,NA,NA,NA,NA,NA
2024-08-11,GB,NA,NA,NA,NA,NA
2024-08-12,GB,NA,NA,NA,NA,NA
2024-08-13,GB,NA,NA,NA,NA,NA
2024-08-14,GB,NA,NA,NA,NA,NA
2024-08-15,GB,NA,NA,NA,NA,NA
2024-08-16,GB,NA,NA,NA,NA,NA
2024-08-17,GB,NA,NA,NA,NA,NA
2024-08-18,GB,NA,NA,NA,NA,NA
2024-08-19,GB,NA,NA,NA,NA,NA
2024-08-20,GB,NA,NA,NA,NA,NA
2024-08-21,GB,NA,NA,NA,NA,NA
2024-08-22,GB,NA,NA,NA,NA,NA
2024-08-23,GB,NA,NA,NA,NA,NA
2024-08-24,GB,NA,NA,NA,NA,NA
2024-08-25,GB,NA,NA,NA,NA,NA
2024-08-26,GB,NA,NA,NA,NA,NA
2024-08-27,GB,NA,NA,NA,NA,NA
2024-08-28,GB,NA,NA,NA,NA,NA
2024-08-29,GB,NA,NA,NA,NA,NA
2024-08-30,GB,NA,NA,NA,NA,NA
2024-08-31,GB,NA,NA,NA,NA,NA
2024-09-01,GB,NA,NA,NA,NA,NA
2024-09-02,GB,NA,NA,NA,NA,NA
2024-09-03,GB,NA,NA,NA,NA,NA
2024-09-04,GB,NA,NA,NA,NA,NA
2024-09-05,GB,NA,NA,NA,NA,NA
2024-09-06,GB,NA,NA,NA,NA,NA
2024-09-07,GB,NA,NA,NA,NA,NA
2024-09-08,GB,NA,NA,NA,NA,NA
2024-09-09,GB,NA,NA,NA,NA,NA
2024-09-10,GB,NA,NA,NA,NA,NA
2024-09-11,GB,NA,NA,NA,NA,NA
2024-09-12,GB,NA,NA,NA,NA,NA
2024-09-13,GB,NA,NA,NA,NA,NA
2024-09-14,GB,NA,NA,NA,NA,NA
2024-09-15,GB,NA,NA,NA,NA,NA
2024-09-16,GB,NA,NA,NA,NA,NA
2024-09-17,GB,NA,NA,NA,NA,NA
2024-09-18,GB,NA,NA,NA,NA,NA
2024-09-19,GB,NA,NA,NA,NA,NA
2024-09-20,GB,NA,NA,NA,NA,NA
2024-09-21,GB,NA,NA,NA,NA,NA
2024-09-22,GB,NA,NA,NA,NA,NA
2024-09-23,GB,NA,NA,NA,NA,NA
2024-09-24,GB,NA,NA,NA,NA,NA
2024-09-25,GB,NA,NA,NA,NA,NA
2024-09-26,GB,NA,NA,NA,NA,NA
2024-09-27,GB,NA,NA,NA,NA,NA
2024-09-28,GB,NA,NA,NA,NA,NA
2024-09-29,GB,NA,NA,NA,NA,NA
2024-09-30,GB,NA,NA,NA,NA,NA
2024-10-01,GB,NA,NA,NA,NA,NA
2024-10-02,GB,NA,NA,NA,NA,NA
2024-10-03,GB,NA,NA,NA,NA,NA
2024-10-04,GB,NA,NA,NA,NA,NA
2022-08-11,ID,NA,NA,NA,NA,NA
2022-08-12,ID,NA,NA,NA,NA,NA
2022-08-13,ID,NA,NA,NA,NA,NA
2022-08-14,ID,NA,NA,NA,NA,NA
2022-08-15,ID,NA,NA,NA,NA,NA
2022-08-16,ID,NA,NA,NA,NA,NA
2022-08-17,ID,NA,NA,NA,NA,NA
2022-08-18,ID,NA,NA,NA,NA,NA
2022-08-19,ID,NA,NA,NA,NA,NA
2022-08-20,ID,NA,NA,NA,NA,NA
2022-08-21,ID,NA,NA,NA,NA,NA
2022-08-22,ID,NA,NA,NA,NA,NA
2022-08-23,ID,NA,NA,NA,NA,NA
2022-08-24,ID,NA,NA,NA,NA,NA
2022-08-25,ID,NA,NA,NA,NA,NA
2022-08-26,ID,NA,NA,NA,NA,NA
2022-08-27,ID,NA,NA,NA,NA,NA
2022-08-28,ID,NA,NA,NA,NA,NA
2022-08-29,ID,NA,NA,NA,NA,NA
2022-08-30,ID,NA,NA,NA,NA,NA
2022-08-31,ID,NA,NA,NA,NA,NA
2022-09-01,ID,NA,NA,NA,NA,NA
2022-09-02,ID,NA,NA,NA,NA,NA
2022-09-03,ID,NA,NA,NA,NA,NA
2022-09-04,ID,NA,NA,NA,NA,NA
2022-09-05,ID,NA,NA,NA,NA,NA
2022-09-06,ID,NA,NA,NA,NA,NA
2022-09-07,ID,NA,NA,NA,NA,NA
2022-09-08,ID,NA,NA,NA,NA,NA
2022-09-09,ID,NA,NA,NA,NA,NA
2022-09-10,ID,NA,NA,NA,NA,NA
2022-09-11,ID,NA,NA,NA,NA,NA
2022-09-12,ID,NA,NA,NA,NA,NA
2022-09-13,ID,NA,NA,NA,NA,NA
2022-09-14,ID,NA,NA,NA,NA,NA
2022-09-15,ID,NA,NA,NA,NA,NA
2022-09-16,ID,NA,NA,NA,NA,NA
2022-09-17,ID,NA,NA,NA,NA,NA
2022-09-18,ID,NA,NA,NA,NA,NA
2022-09-19,ID,NA,NA,NA,NA,NA
2022-09-20,ID,NA,NA,NA,NA,NA
2022-09-21,ID,NA,NA,NA,NA,NA
2022-09-22,ID,NA,NA,NA,NA,NA
2022-09-23,ID,NA,NA,NA,NA,NA
2022-09-24,ID,NA,NA,NA,NA,NA
2022-09-25,ID,NA,NA,NA,NA,NA
2022-09-26,ID,NA,NA,NA,NA,NA
2022-09-27,ID,NA,NA,NA,NA,NA
2022-09-28,ID,NA,NA,NA,NA,NA
2022-09-29,ID,NA,NA,NA,NA,NA
2022-09-30,ID,NA,NA,NA,NA,NA
2022-10-01,ID,NA,NA,NA,NA,NA
2022-10-02,ID,NA,NA,NA,NA,NA
2022-10-03,ID,NA,NA,NA,NA,NA
2022-10-04,ID,NA,NA,NA,NA,NA
2022-10-05,ID,NA,NA,NA,NA,NA
2022-10-06,ID,NA,NA,NA,NA,NA
2022-10-07,ID,NA,NA,NA,NA,NA
2022-10-08,ID,NA,NA,NA,NA,NA
2022-10-09,ID,NA,NA,NA,NA,NA
2022-10-10,ID,NA,NA,NA,NA,NA
2022-10-11,ID,NA,NA,NA,NA,NA
2022-10-12,ID,NA,NA,NA,NA,NA
2022-10-13,ID,NA,NA,NA,NA,NA
2022-10-14,ID,NA,NA,NA,NA,NA
2022-10-15,ID,NA,NA,NA,NA,NA
2022-10-16,ID,NA,NA,NA,NA,NA
2022-10-17,ID,NA,NA,NA,NA,NA
2022-10-18,ID,NA,NA,NA,NA,NA
2022-10-19,ID,NA,NA,NA,NA,NA
2022-10-20,ID,NA,NA,NA,NA,NA
2022-10-21,ID,NA,NA,NA,NA,NA
2022-10-22,ID,NA,NA,NA,NA,NA
2022-10-23,ID,NA,NA,NA,NA,NA
2022-10-24,ID,NA,NA,NA,NA,NA
2022-10-25,ID,NA,NA,NA,NA,NA
2022-10-26,ID,NA,NA,NA,NA,NA
2022-10-27,ID,NA,NA,NA,NA,NA
2022-10-28,ID,NA,NA,NA,NA,NA
2022-10-29,ID,NA,NA,NA,NA,NA
2022-10-30,ID,NA,NA,NA,NA,NA
2022-10-31,ID,NA,NA,NA,NA,NA
2022-11-01,ID,NA,NA,NA,NA,NA
2022-11-02,ID,NA,NA,NA,NA,NA
2022-11-03,ID,NA,NA,NA,NA,NA
2022-11-04,ID,NA,NA,NA,NA,NA
2022-11-05,ID,NA,NA,NA,NA,NA
2022-11-06,ID,NA,NA,NA,NA,NA
2022-11-07,ID,NA,NA,NA,NA,NA
2022-11-08,ID,5.538558494753096,-15.609804425893586,3.587622991140703,1.003217130360319,1.0715253905360418
2022-11-09,ID,6.149505619132762,-16.182637744956367,3.7662099301362004,1.003012439258417,1.0551316132391584
2022-11-10,ID,2.0717028174402934,-15.793735269631288,3.357534089042454,1.0117081931492333,1.095412220074042
2022-11-11,ID,4.692161459739763,-15.936952181631932,3.312046071822441,1.008496352495622,1.0979590213929256
2022-11-12,ID,5.571805370082452,-15.982778823281816,3.3272777941221237,1.00749191031743,1.0943532016725162
2022-11-13,ID,5.694788395251622,-15.1119593954906,3.33083113723241,1.0061841229674018,1.0926997045134879
2022-11-14,ID,5.499953828865282,-15.276161907297638,3.3507524597778047,1.0142509039120533,1.1012551991434247
2022-11-15,ID,4.468803004680959,-15.639406664925593,3.3469734525189527,1.0116785600851672,1.0982795231275266
2022-11-16,ID,6.160348620459316,-15.45627327740004,3.3357566526875666,1.0083757948154364,1.094565359622505
2022-11-17,ID,5.355577667494797,-14.430572594982062,3.386701232127549,1.0068946431075247,1.0944414100818316
2022-11-18,ID,4.843838723539672,-13.863713614902174,3.496517871441988,1.0057100307249751,1.079565079875282
2022-11-19,ID,4.757679356092115,-14.718104709764049,3.540660592874106,1.004156435164506,1.0768748570210145
2022-11-20,ID,2.636957815253718,-13.48600414573427,3.5536374759901292,1.0055062751769566,1.0730399447898382
2022-11-21,ID,NA,NA,NA,NA,NA
2022-11-22,ID,5.210518433694795,-15.271203783284253,3.5979178196481603,1.0080897743177142,1.0679895624225977
2022-11-23,ID,5.594608583438384,-15.451323777798963,3.596614939732006,1.0042906664426934,1.0677634488580718
2022-11-24,ID,5.650779041597499,-15.977824026476553,3.621599828250436,1.0018328332681812,1.0660185608347115
2022-11-25,ID,5.322030196973163,-15.965436345359043,3.651709399591792,1.004971846812027,1.0633296522095304
2022-11-26,ID,4.153603632639714,-15.304952064741029,3.699434248989873,1.0018554359317708,1.0574283491983019
2022-11-27,ID,4.8105160178764255,-15.175466480392785,3.699313609105057,1.0027332693322608,1.0588774308273514
2022-11-28,ID,4.776946328899207,-14.876480842354042,3.8007944752385097,1.0033190891387491,1.0498772384531043
2022-11-29,ID,5.349501150066959,-15.506656290575531,3.9428286544215942,1.0019316727218228,1.0477753208206635
2022-11-30,ID,3.6164574062161474,-14.844155489845042,3.8258963015374783,1.0023207152854228,1.0508054558335145
2022-12-01,ID,4.880041135044503,-14.244436429064871,3.942884848447034,1.000847737885792,1.05013575452696
2022-12-02,ID,4.9405441719971455,-15.159983457191684,4.135576741945195,1.0053448937255862,1.0753005465854923
2022-12-03,ID,4.964774550393604,-15.362928159032567,4.124863807869723,1.0036422770320743,1.0666480908306535
2022-12-04,ID,5.286218825262964,-16.07994306075857,4.07264862844093,1.0066040957699152,1.0627662362726054
2022-12-05,ID,4.936133464588269,-15.931077757989556,4.112601461489126,1.007267427258566,1.068588498607585
2022-12-06,ID,5.468991869949132,-15.777506608527396,4.119814368489455,1.0039210080333427,1.0624304505456446
2022-12-07,ID,5.032363164762096,-15.606435049466326,4.157178668539395,1.0050028316908481,1.0736766983815025
2022-12-08,ID,5.216352467357702,-15.826321360848379,4.234279196639736,1.009370269159491,1.0779071703675407
2022-12-09,ID,5.475857354139888,-15.889625880275966,4.271922500162565,1.0107534269317877,1.0839872880277879
2022-12-10,ID,5.647678723888994,-16.04110124321534,4.334576259189537,1.01091570689322,1.0866596549856844
2022-12-11,ID,4.420634088011323,-15.844224395844002,4.364213953784684,1.007714215771171,1.0906325448032463
2022-12-12,ID,5.637920962538373,-15.864861598454118,4.3634867884752335,1.0098512138753186,1.0879308785641582
2022-12-13,ID,4.744110225069629,-15.327705948615236,4.345206568491962,1.003984085791244,1.070076119309202
2022-12-14,ID,5.484630196030741,-16.109106277353312,4.3383101448005945,1.0045437898518397,1.0647273215527975
2022-12-15,ID,3.064446111482986,-14.933422149068695,4.21961690564717,1.0037897930724333,1.077397240225824
2022-12-16,ID,4.812661682330639,-14.564694316429437,4.323380344870548,1.007536340633075,1.0883245988491972
2022-12-17,ID,4.800990983169025,-15.066201103947686,4.323786238840438,1.0022477163134198,1.05017663482782
2022-12-18,ID,4.633789929640232,-14.193899719695404,4.320091346309886,1.005639433998032,1.0509904767252058
2022-12-19,ID,4.651511446436981,-14.539667502485697,4.29908132748775,1.0027127148749952,1.0320030157669162
2022-12-20,ID,3.891202635173399,-15.335449105669747,4.313686409848552,1.0017534244174948,1.0454183172139164
2022-12-21,ID,3.961451702715548,-15.460666859411141,4.332160351388977,1.0016604871612635,1.0612604338447802
2022-12-22,ID,4.9155409405913435,-16.13601982517403,4.320165607731286,1.0034593581123372,1.0508748246661952
2022-12-23,ID,5.350415367774591,-14.954295903468612,4.367611578358007,1.0039393736922468,1.0826370146151953
2022-12-24,ID,NA,NA,NA,NA,NA
2022-12-25,ID,NA,NA,NA,NA,NA
2022-12-26,ID,NA,NA,NA,NA,NA
2022-12-27,ID,NA,NA,NA,NA,NA
2022-12-28,ID,NA,NA,NA,NA,NA
2022-12-29,ID,NA,NA,NA,NA,NA
2022-12-30,ID,NA,NA,NA,NA,NA
2022-12-31,ID,1.6975733552067696,-15.683292536486839,4.2430228257680636,1.0035780257400144,1.0328707641230934
2023-01-01,ID,NA,NA,NA,NA,NA
2023-01-02,ID,NA,NA,NA,NA,NA
2023-01-03,ID,NA,NA,NA,NA,NA
2023-01-04,ID,3.4018527806236474,-16.475224787610234,4.2947779469613945,1.0022718012896468,1.0296499914521233
2023-01-05,ID,4.682013847046166,-15.170700880355872,4.2928124579169475,1.0017532525948052,1.0273669813004447
2023-01-06,ID,4.219191262417019,-14.13206839218139,4.272799304290858,1.0008525570458051,1.0245896789712783
2023-01-07,ID,4.234414178568953,-14.20956362417595,4.271729969150466,1.002679974386297,1.024983162773919
2023-01-08,ID,4.623881388136323,-14.820133614095793,4.270682811574818,1.0008726068819853,1.0225650324011164
2023-01-09,ID,4.681981881413875,-14.841377104137786,4.286432011675181,1.000794105660317,1.026281475855746
2023-01-10,ID,4.684827376681425,-14.484040872846867,4.291459059395026,1.0018332686560116,1.02671211758027
2023-01-11,ID,4.809515029048392,-14.906913326874726,4.270106892204931,1.0017751543607734,1.0217484848800853
2023-01-12,ID,5.049195121879413,-15.384194545167587,4.276489659001622,1.0018243948917334,1.0255762848164367
2023-01-13,ID,5.007778742137483,-16.14865051793981,4.3459306305082706,1.0045791388052858,1.073677037023297
2023-01-14,ID,4.845150308628777,-14.150658913825806,4.293152687833557,1.0024020978648507,1.0264041156600627
2023-01-15,ID,4.572203050636697,-13.78185458833082,4.276881819347629,1.001230377938503,1.0256637287118122
2023-01-16,ID,4.7294591546238465,-14.247416160046884,4.28324855897913,1.0020799055654412,1.0241172073665006
2023-01-17,ID,5.129900068574065,-15.298007526382927,4.294610936668118,1.0020175014090669,1.026364123893911
2023-01-18,ID,5.164436170041367,-15.643520312573292,4.308524050448891,1.004018599147411,1.0412620958870131
2023-01-19,ID,5.09427559769569,-16.380776632724174,4.3287129894309935,1.0041990295729835,1.0595804518691219
2023-01-20,ID,5.628681512827284,-15.557338259729507,4.353445975706726,1.0046739365126718,1.0751273898451061
2023-01-21,ID,2.715524208277719,-15.287965458472014,4.333790784561062,1.004089070099703,1.0642052816511705
2023-01-22,ID,5.404255585195935,-16.86416100256219,4.368335194588067,1.004087453601152,1.0883810250982424
2023-01-23,ID,5.794569093398298,-15.41353965669661,4.3646230387328355,1.0096463932276631,1.090265997089611
2023-01-24,ID,5.6195751818294,-15.447762256140209,4.322776564956089,1.0015084214350698,1.0513324700055742
2023-01-25,ID,4.379177887532759,-16.485529174170775,4.27286880607899,1.0088785758732486,1.0843973406331289
2023-01-26,ID,5.6449285351706555,-14.213821104412888,3.856048159472907,1.0023445985237518,1.047544368259286
2023-01-27,ID,5.463091543031475,-13.71968655080577,3.6752916191222624,1.0029212368738734,1.0585743270973051
2023-01-28,ID,5.949477901823741,-14.592649572176015,3.3430317326651102,1.0063501087532807,1.0931176526091513
2023-01-29,ID,6.809187306551168,-16.515005886306366,3.265328837137289,1.0037893114838334,1.0877191589350603
2023-01-30,ID,7.524627222013021,-17.307903127055337,3.1881400342619686,1.0042738821177188,1.0779471959079363
2023-01-31,ID,8.470338153868473,-18.55010668510873,3.1261047787640117,1.0027035379983644,1.0558175103467737
2023-02-01,ID,7.228852957303578,-18.081492249445265,3.074587476536325,1.0008311224387108,1.0413092426727688
2023-02-02,ID,9.024080561507866,-19.83798042174008,3.0260959703602306,1.0009327817271592,1.021465740796285
2023-02-03,ID,6.502226151859728,-17.59447929115658,2.9675596140666585,1.000974567956719,1.0110903819863464
2023-02-04,ID,8.481597380299322,-18.787726156975783,2.9652469437680837,1.0007012407429674,1.0072676223334975
2023-02-05,ID,9.385668551376336,-20.40156780340236,2.9377912000233155,1.001211334226132,1.0097439704385065
2023-02-06,ID,9.316182144725541,-20.01241884967293,2.911088927859259,0.9999745555867708,1.0094444239384484
2023-02-07,ID,9.756038435445058,-20.986361296529406,2.891668116803589,1.0008414532748258,1.0131671518962326
2023-02-08,ID,NA,NA,NA,NA,NA
2023-02-09,ID,NA,NA,NA,NA,NA
2023-02-10,ID,NA,NA,NA,NA,NA
2023-02-11,ID,NA,NA,NA,NA,NA
2023-02-12,ID,NA,NA,NA,NA,NA
2023-02-13,ID,NA,NA,NA,NA,NA
2023-02-14,ID,NA,NA,NA,NA,NA
2023-02-15,ID,NA,NA,NA,NA,NA
2023-02-16,ID,NA,NA,NA,NA,NA
2023-02-17,ID,NA,NA,NA,NA,NA
2023-02-18,ID,11.739129592045447,-12.609391253689509,0.23719513867483905,1.0002461351645755,1.0035928336234174
2023-02-19,ID,11.570931775626308,-13.44235075575589,0.17779161278811662,1.0007974909805744,1.0042146908141194
2023-02-20,ID,12.861437578515467,-12.885375776259789,0.17426175306735603,1.0003397176523368,1.001725885036599
2023-02-21,ID,12.965678263880969,-13.086276631316542,0.15633503378998354,1.000020447337311,1.0011681247494497
2023-02-22,ID,13.579944495965474,-13.967791264750645,0.14230037044182015,1.0012371446944837,1.0012426132177037
2023-02-23,ID,13.990234564185226,-14.082274640092544,0.1401371850651063,1.0007414702259305,1.0008048361975572
2023-02-24,ID,15.818282567108616,-15.912173196098083,0.12705619609477614,1.0009149068585361,1.0012056489506445
2023-02-25,ID,17.12247734951576,-17.575528107941373,0.12213752776117678,1.0001605663373216,0.9996279826592325
2023-02-26,ID,19.641246482013106,-20.18128374280992,0.14009392222787237,0.9999702695562095,0.9995540966857687
2023-02-27,ID,18.720031508058053,-19.39994805112599,0.14676327376790194,1.0001143463575854,1.0006636329427425
2023-02-28,ID,18.352971323894323,-18.754201438833725,0.13079053496818618,0.9993206550275535,0.9994412243565092
2023-03-01,ID,19.766065978247344,-20.42636830579683,0.17507413100586477,0.9999206945579491,1.0030695577196767
2023-03-02,ID,21.65964327194683,-22.718314093185544,0.23537929843660488,1.0010257152529196,1.005531343239798
2023-03-03,ID,18.89628930572978,-21.043129895933202,0.2742013766671286,0.9996945034911197,1.00576510652738
2023-03-04,ID,15.550929791442375,-17.270038663738248,0.2954687578750178,1.0019510857347844,1.0065423402593454
2023-03-05,ID,18.39894488660313,-20.77471077130865,0.40863403123614245,1.00025192679908,1.010022578826324
2023-03-06,ID,18.557891719045614,-21.349315458638184,0.4798762889412689,1.0038198348583727,1.0117199482181458
2023-03-07,ID,16.43776670125379,-19.860259330277003,0.5547437529268783,0.9995971481892413,1.0091601781931359
2023-03-08,ID,16.463133245962965,-19.26272883872057,0.6768915839268375,1.0007045599234061,1.0122593345436979
2023-03-09,ID,15.519327636902657,-19.769225541907172,0.792548383626333,0.999897967481137,1.0123806347308622
2023-03-10,ID,13.85300278010695,-19.684587888092274,0.9053890966814351,1.0040119666835186,1.0137410504919602
2023-03-11,ID,13.341863177557125,-18.083150339830876,1.041053713439256,1.000157074598735,1.0096074431350368
2023-03-12,ID,11.477907733960738,-17.979612365701833,1.1746336627175749,0.999558294105353,1.0122564212200764
2023-03-13,ID,9.532966539262322,-16.08997867227123,1.0641590805982852,1.0013192377923057,1.0091107821998082
2023-03-14,ID,11.242880487569884,-17.171022359689733,1.2655395600620432,1.0012913764082827,1.0115147354625225
2023-03-15,ID,11.416101717681144,-17.693318801275836,1.325654355930397,1.0003473091921302,1.0123759054877475
2023-03-16,ID,10.920922963423886,-17.981271697285745,1.2796574817994621,1.0021326430294295,1.0128370236411355
2023-03-17,ID,12.049372057527528,-19.366361415274632,1.2134024872377693,1.0008338690666192,1.0105693976463799
2023-03-18,ID,5.3444231925633785,-12.386263069496021,1.1258443819583261,1.0006197639398244,1.0059946931825243
2023-03-19,ID,11.25761099477705,-17.017236615523714,1.1816493379589035,1.0011190234458243,1.0118588237615245
2023-03-20,ID,NA,NA,NA,NA,NA
2023-03-21,ID,10.146175169617234,-17.25684032755281,1.1923297056082294,1.0026386678140802,1.0118386996153441
2023-03-22,ID,11.193402397317415,-18.23241325598595,1.1686878007435084,1.0007243538940025,1.012968269514121
2023-03-23,ID,10.735793330994357,-17.700544542541657,1.223018424317013,1.0001984384830378,1.0113258825768705
2023-03-24,ID,10.708346513063466,-18.023894846996942,1.2665005015971564,0.9998685926018984,1.007452276094038
2023-03-25,ID,9.973615757418731,-18.054751685979344,1.2710392531857133,1.000445777386006,1.0111048914625382
2023-03-26,ID,10.56151135913214,-18.147434657573623,1.34239594420545,1.0001272173057636,1.009629307479796
2023-03-27,ID,10.984484719766572,-19.114506476217297,1.5054609508622254,1.0036309798205403,1.013051833530009
2023-03-28,ID,9.203549294279355,-19.044272088896463,1.6718912993302992,1.0035892845556742,1.0166923709351177
2023-03-29,ID,10.316996618272343,-19.12264163081508,1.895204856031598,1.0059412443050622,1.0142245019865035
2023-03-30,ID,9.239642950591108,-19.19067007922991,2.052823694077974,1.00131725131489,1.0166252340971835
2023-03-31,ID,9.812638206200488,-19.8148943984154,1.9758639517810457,1.0029688283581701,1.0168587937102715
2023-04-01,ID,10.11203419060178,-19.755696063634517,1.7745579620380212,1.0001994400286236,1.0114928422554255
2023-04-02,ID,10.869191736152233,-19.86758482551694,1.7202060748812262,1.0012335304001692,1.0129154287127133
2023-04-03,ID,9.926717456528714,-20.311130950713494,1.7934303508717409,0.9993986250932425,1.0133068166954438
2023-04-04,ID,10.574009505343096,-21.310957384497936,1.9689447982483905,1.0012935395800946,1.0200411261838924
2023-04-05,ID,10.20231041507827,-21.828755014938523,2.1918266141242597,1.0038256932415168,1.0177521848561037
2023-04-06,ID,10.853712494973482,-23.509441588187592,2.439997262239038,1.0014156520907784,1.0197458872585985
2023-04-07,ID,11.0476437166083,-24.72807777471639,2.728082506072632,1.000848773994587,1.0238202019967766
2023-04-08,ID,7.866805247041604,-23.324763808245056,2.86100042487834,1.0020907083485808,1.0224649872091007
2023-04-09,ID,7.303401822586053,-21.21107979470296,2.87784531103402,1.002693152674087,1.0194312552622555
2023-04-10,ID,8.76800171973741,-22.129078020408393,2.9129509735577517,1.002134771497148,1.0144757917328524
2023-04-11,ID,8.814428627246974,-21.484481550644123,2.9252015717608533,1.0008230752344287,1.0103498254353256
2023-04-12,ID,9.68495612210949,-21.721635791832632,2.9401500258363322,0.9998787606106708,1.0099670724029457
2023-04-13,ID,8.997192097821127,-21.551677657654157,2.938757852692885,1.0007660064118176,1.0112656993118034
2023-04-14,ID,8.78261579828758,-21.151252545042894,2.951610957521778,1.0003186656814584,1.011475226920914
2023-04-15,ID,8.977876246557454,-21.383847212664854,2.976104305951613,1.001068688854741,1.009424036328469
2023-04-16,ID,9.563881752607898,-21.533132193879332,2.9991914931020816,1.0001825096648764,1.0148445978135419
2023-04-17,ID,8.901475701304603,-19.466715059657194,3.035013765373861,1.0007146813228214,1.0245838566848278
2023-04-18,ID,8.072676967838216,-18.974767386874476,3.076259775588098,1.0018361385533594,1.0400746732649329
2023-04-19,ID,9.018103822621427,-19.335848096446853,3.0980477754794875,1.0032452126794607,1.0445396569631842
2023-04-20,ID,8.253424512701505,-18.966562686316625,3.117414324245913,1.001889256876099,1.0593144982201423
2023-04-21,ID,8.138836249784406,-19.205355379453174,3.1376579823638897,1.0045192969985322,1.0621673735941928
2023-04-22,ID,7.957301040958858,-18.98923665669834,3.1578377495357026,1.0066269505159449,1.071357482669729
2023-04-23,ID,7.74883817202315,-17.84635991352382,3.20749609640649,1.00404292966102,1.0856947804764836
2023-04-24,ID,5.593376488864751,-16.855289793108046,3.2526387934496457,1.010599234837261,1.0864586251969892
2023-04-25,ID,6.350008809827898,-16.485303893500582,3.297396166700046,1.0056222110566226,1.0861159696724842
2023-04-26,ID,6.76153993311898,-16.758118207841857,3.4771672813494803,1.009213518168281,1.0870598505718676
2023-04-27,ID,6.742395848160001,-18.10805114400003,3.9393835914697193,1.0035507908790164,1.048776800411541
2023-04-28,ID,7.11592596265274,-17.864537676440698,3.998012058172923,1.0023424118902868,1.0557460872909614
2023-04-29,ID,5.777452668828319,-18.49972262924614,4.23150188549949,1.009316416012831,1.0799310309066439
2023-04-30,ID,6.862572581226566,-17.236013466496495,3.6882911845421673,1.0033122934712906,1.0602770920290525
2023-05-01,ID,6.93580819854362,-17.621315888983958,4.079883422274492,1.0046209180377197,1.0616864387618328
2023-05-02,ID,7.083718622235622,-18.053610791193993,4.361540293348009,1.0125546683379476,1.0901738041200413
2023-05-03,ID,NA,NA,NA,NA,NA
2023-05-04,ID,NA,NA,NA,NA,NA
2023-05-05,ID,NA,NA,NA,NA,NA
2023-05-06,ID,NA,NA,NA,NA,NA
2023-05-07,ID,NA,NA,NA,NA,NA
2023-05-08,ID,NA,NA,NA,NA,NA
2023-05-09,ID,NA,NA,NA,NA,NA
2023-05-10,ID,NA,NA,NA,NA,NA
2023-05-11,ID,NA,NA,NA,NA,NA
2023-05-12,ID,NA,NA,NA,NA,NA
2023-05-13,ID,NA,NA,NA,NA,NA
2023-05-14,ID,NA,NA,NA,NA,NA
2023-05-15,ID,NA,NA,NA,NA,NA
2023-05-16,ID,NA,NA,NA,NA,NA
2023-05-17,ID,NA,NA,NA,NA,NA
2023-05-18,ID,NA,NA,NA,NA,NA
2023-05-19,ID,NA,NA,NA,NA,NA
2023-05-20,ID,NA,NA,NA,NA,NA
2023-05-21,ID,NA,NA,NA,NA,NA
2023-05-22,ID,NA,NA,NA,NA,NA
2023-05-23,ID,NA,NA,NA,NA,NA
2023-05-24,ID,NA,NA,NA,NA,NA
2023-05-25,ID,NA,NA,NA,NA,NA
2023-05-26,ID,NA,NA,NA,NA,NA
2023-05-27,ID,NA,NA,NA,NA,NA
2023-05-28,ID,NA,NA,NA,NA,NA
2023-05-29,ID,NA,NA,NA,NA,NA
2023-05-30,ID,NA,NA,NA,NA,NA
2023-05-31,ID,NA,NA,NA,NA,NA
2023-06-01,ID,NA,NA,NA,NA,NA
2023-06-02,ID,NA,NA,NA,NA,NA
2023-06-03,ID,7.166506002091609,-17.101996759665102,4.219172550328045,1.005995144067148,1.0441479318390523
2023-06-04,ID,5.831952830706777,-16.583675807517544,4.220923973998453,1.0045974864677192,1.0422565519745728
2023-06-05,ID,7.84324371734584,-16.92564252965606,4.217213222759695,1.004188252733527,1.0433280378448753
2023-06-06,ID,7.893244318823055,-16.910801814038198,4.21828713550713,1.0061635122559118,1.0449263382312484
2023-06-07,ID,7.666637355206844,-17.07141408876663,4.2178012024709215,1.0074619018587287,1.0434277312216091
2023-06-08,ID,7.566160949282137,-16.996762422064034,4.218380392674762,1.0067836098404486,1.045147798012631
2023-06-09,ID,6.537609139828085,-17.325653256237214,4.221161076691871,1.0085441013854954,1.0412413210332359
2023-06-10,ID,6.048800036395511,-16.385041580056587,4.221795273744506,1.00476715717765,1.0443800885234378
2023-06-11,ID,7.352520067147108,-16.830228192548237,4.220104928551589,1.006776482442159,1.0418119546670683
2023-06-12,ID,5.723449665670768,-16.01688255956909,4.217947533011108,1.0048068031563246,1.043864615489658
2023-06-13,ID,6.866908268890899,-16.552119582545014,4.2222662991039615,1.0028755535386094,1.0416195094811291
2023-06-14,ID,6.380304593199345,-16.189175426619137,4.221173425170786,1.0045349263974415,1.0428526263585627
2023-06-15,ID,3.2454712889790187,-15.473179051860368,4.218956188638456,1.0071634881458997,1.0437821228738162
2023-06-16,ID,NA,NA,NA,NA,NA
2023-06-17,ID,6.698235650269925,-17.266386227047036,4.219921778305624,1.007517336520128,1.0429746263544402
2023-06-18,ID,7.877072149441215,-18.818601617658093,3.949305261510769,1.00254380828482,1.0509433489617421
2023-06-19,ID,6.724372961831292,-17.31352969685761,3.249240627599759,1.0102615779771922,1.0853440120261444
2023-06-20,ID,7.112676769605173,-20.15757118306952,3.069054805143985,1.0011826351479935,1.045572576686971
2023-06-21,ID,4.377733533291607,-18.124850294886347,3.0242672586238384,1.001005801180769,1.0223294498729403
2023-06-22,ID,4.405349147839403,-19.53877514938155,2.916490683688191,1.0002033667384316,1.012312883791056
2023-06-23,ID,10.83515839096546,-23.45834278294059,2.755843302648331,1.002451095893727,1.0245518649448007
2023-06-24,ID,11.259068290576744,-20.426348439232225,1.8239873239058748,1.002183438474557,1.012988423463324
2023-06-25,ID,11.597131912869905,-17.970247313191827,1.0952219047602993,1.000057069538533,1.0069799457462438
2023-06-26,ID,13.367325167231142,-17.68567088713366,0.6607625912182881,1.0006512232161433,1.009519603447351
2023-06-27,ID,13.477290817823038,-16.393850644056446,0.42266929783614066,1.001270570450997,1.003902081209482
2023-06-28,ID,13.00000074906236,-14.586479145089003,0.30146132360779493,1.0007200669151715,1.0030005128375905
2023-06-29,ID,14.0135464898256,-15.133195701880158,0.2538739642946577,0.9999068657787259,1.0027021141515344
2023-06-30,ID,14.463545887634222,-15.768855742514742,0.23782403765135762,1.0000237843202688,1.0022077974641144
2023-07-01,ID,14.316880438470173,-15.590552840196912,0.24176997637636172,0.9994709041980138,1.0012811853368866
2023-07-02,ID,14.918080405944085,-16.457215932572577,0.24658053770149435,1.0003433411956208,1.0039276333685094
2023-07-03,ID,14.871523468035752,-16.396299418420714,0.2585284694852797,0.9994261151318619,1.0023354664736637
2023-07-04,ID,14.5275029575145,-16.414352720097998,0.2801573388901887,1.0005159322618014,1.00442828874437
2023-07-05,ID,15.650822265664154,-17.535359743875617,0.3194488652685839,1.0009661184083074,1.005270047477646
2023-07-06,ID,NA,NA,NA,NA,NA
2023-07-07,ID,13.808894332674168,-17.30050230806026,0.4400147962281084,1.000226629724306,1.0081759954369642
2023-07-08,ID,13.325993650473276,-16.621999450093558,0.5217613738990033,1.001334361436374,1.0078443513584834
2023-07-09,ID,12.78913432392177,-16.629713545247096,0.6270501704226685,1.0012636988001293,1.0069890932220877
2023-07-10,ID,7.250358755877439,-12.287202084737158,0.7499910001013935,1.000789236627673,1.0082575680681332
2023-07-11,ID,13.071875146054252,-18.55975515190332,0.9147778435762529,0.9998144158966178,1.0097209947473418
2023-07-12,ID,12.702499755123464,-18.742888278102587,1.1230443712056217,1.0015071112222313,1.0080909995384995
2023-07-13,ID,NA,NA,NA,NA,NA
2023-07-14,ID,9.372301839732266,-17.1237227146903,1.4001801867250914,0.9994067772634004,1.01224064360764
2023-07-15,ID,10.483564870505809,-18.957707259850217,1.590033469532801,1.0006830215027767,1.0116121367750148
2023-07-16,ID,8.193525922047932,-18.28384185963962,1.7641921063188697,1.0000347226593673,1.014388020665029
2023-07-17,ID,12.469590452909442,-21.194247452362983,1.9000702224402148,1.001333781432402,1.0131503891607603
2023-07-18,ID,12.920481022963243,-21.961422895133747,2.0762833606743123,1.002165811460067,1.0158253973948297
2023-07-19,ID,12.709087214687703,-22.516678745215604,2.296005367966182,0.9998514841780894,1.0148965385125572
2023-07-20,ID,12.131953388302868,-23.433471324248185,2.5938348848628445,1.0003096870863806,1.0200125581589161
2023-07-21,ID,12.524653190278567,-24.5818866705363,2.857750127533621,1.0009321956824837,1.0211362522085135
2023-07-22,ID,11.07459521143047,-24.204555860324643,2.872719969629163,1.0007938486545058,1.020577938138613
2023-07-23,ID,6.438079232622029,-20.76204411772687,2.877239170193136,1.0005755170293724,1.0173977026057754
2023-07-24,ID,11.454924753462457,-23.309202653531184,2.891032528856873,1.0007437623939313,1.017558529945913
2023-07-25,ID,11.328711911617036,-22.726895772347994,2.90498485406898,1.000424426517793,1.0131186445814695
2023-07-26,ID,11.858268441259513,-23.306952146381224,2.9080721394174907,0.9996593015685817,1.0129159517219246
2023-07-27,ID,12.467138171786804,-23.163091729648087,2.9103320486841624,1.0005882377561055,1.0115766125852554
2023-07-28,ID,8.550186277812719,-21.75460547361317,2.918463410460618,1.0004600816448195,1.0117170325523055
2023-07-29,ID,9.38917139832606,-22.308368215883643,2.92205546367797,1.0017165197144873,1.011298149638854
2023-07-30,ID,11.301136391810898,-22.97961751102743,2.9343437357555557,1.001164860580856,1.0100542151082053
2023-07-31,ID,10.20046176824767,-22.234167507984797,2.9417134731028023,0.9993115333215592,1.0094514700339474
2023-08-01,ID,11.62532161966182,-23.22651610332893,2.9229448157783886,0.9999625443476803,1.0104543789275777
2023-08-02,ID,12.033220225088863,-23.207359708918318,2.9021758290510227,1.0008725745130314,1.0128263249860963
2023-08-03,ID,NA,NA,NA,NA,NA
2023-08-04,ID,9.150659977352559,-21.286550297822796,2.4241397134478886,1.0004554440143087,1.01881326428752
2023-08-05,ID,8.527914476567727,-16.76306477856025,1.4576102637382866,1.0009216974241113,1.012100220480996
2023-08-06,ID,12.805270422222945,-19.055440000801887,1.1300773571078793,1.0032114391382867,1.0123634288996926
2023-08-07,ID,12.349728400818647,-18.08906827688797,1.0291572669658873,1.0028817129152767,1.0099302632388418
2023-08-08,ID,12.663927346515568,-18.024125464556587,0.971461073628849,0.9995404939327697,1.0063559333037653
2023-08-09,ID,12.936826395622008,-18.30785239109985,0.9727482651209906,1.000154300303811,1.0083633680623902
2023-08-10,ID,12.654229938849467,-18.100903083087815,1.0063378190916048,0.9999176170094315,1.0095335309496998
2023-08-11,ID,12.2488602631129,-18.220111545784633,1.090468163564448,1.0005807229314054,1.0100972932514445
2023-08-12,ID,NA,NA,NA,NA,NA
2023-08-13,ID,12.5316357607161,-19.884957387037762,1.5175580002504092,1.0012768768431664,1.013881632629784
2023-08-14,ID,9.087676957737964,-19.125544560557266,1.73276140609697,1.0012247134629826,1.0162814372199622
2023-08-15,ID,5.842497028925967,-17.1288978054584,1.9854166584232287,1.0025532197899942,1.0144128350440405
2023-08-16,ID,9.764271344376253,-20.698571975663942,2.2522620539117253,1.0024436661998821,1.0205520336001583
2023-08-17,ID,6.263330898948663,-18.21707098132318,2.338907210261902,1.0012526978150882,1.0218452210313955
2023-08-18,ID,11.838652502721162,-22.108248338544172,2.364728887086258,1.0004640803005034,1.0194110125000757
2023-08-19,ID,11.345107494029648,-22.150108769716656,2.407478315814741,1.0009057329642688,1.0169697190808238
2023-08-20,ID,11.800720226984595,-22.521921934945173,2.479644317309325,1.0028434629202319,1.0214082870504404
2023-08-21,ID,12.375149501689847,-23.04152080377936,2.584465214660708,1.0016461401598686,1.0210244288080184
2023-08-22,ID,12.347356246644242,-24.0664218133557,2.739389334841026,0.9999391724522725,1.019800927265752
2023-08-23,ID,12.794856195494202,-24.444310337373448,2.8692124264974477,1.0009061697178478,1.0208980172432556
2023-08-24,ID,11.852088508714104,-23.200574540485608,2.892841874353258,1.0002029008228412,1.0200823501902592
2023-08-25,ID,11.401568524664995,-23.085898395354636,2.9265125198876616,1.00012358660414,1.0092803907975565
2023-08-26,ID,10.875839498637914,-22.293138455675155,2.958673923318697,1.0001736632946021,1.010640574870104
2023-08-27,ID,10.599883875643739,-21.729274665940434,2.9894839922012806,0.9994908019452423,1.0111862554099613
2023-08-28,ID,10.10688555116358,-21.32870589669689,3.0100754567173995,1.002173028748067,1.0161774694450678
2023-08-29,ID,11.199615046415289,-22.406357076289847,3.0219875734692483,0.999486009607747,1.0189747022749156
2023-08-30,ID,4.323058468603897,-19.743814113456043,2.9735183777226495,1.0014958208831346,1.0111466321010494
2023-08-31,ID,9.76625853334984,-21.219715877073956,2.987103933776104,1.0008789074723363,1.0118708781894676
2023-09-01,ID,8.210095185076073,-21.306895122477332,2.9727002239518643,1.0005669553370906,1.0091026046665978
2023-09-02,ID,11.048611107002035,-23.932962461128557,2.8823772443155895,1.000480389052672,1.0191446294972377
2023-09-03,ID,10.496176650529993,-20.07609755787607,1.8707866420229988,1.001448962634044,1.0148614239295564
2023-09-04,ID,11.200877915538573,-17.85318473340843,1.166290888613466,0.9998736160521456,1.0062215509787789
2023-09-05,ID,12.455946286803124,-17.47985307306189,0.8357170452105032,1.0013702285361936,1.0092335798192613
2023-09-06,ID,12.315441028975018,-16.729393802462837,0.6618936957103225,1.0005921139587282,1.0062180295540122
2023-09-07,ID,12.687638656935302,-16.603597159077598,0.592930606350723,1.0009870674996493,1.0090146519508683
2023-09-08,ID,12.511312199185793,-16.17184773222631,0.5725165370254556,1.0002508498240692,1.006682572383431
2023-09-09,ID,11.195254476666681,-15.412845173018342,0.5858998143014663,0.9999379032743828,1.0038399196573224
2023-09-10,ID,12.466887584573143,-16.2786831573155,0.6017000903231597,1.0006554812709167,1.0113467857328375
2023-09-11,ID,11.365173173618832,-15.325944739703278,0.6095637067320614,1.000627783059948,1.0071085207385913
2023-09-12,ID,11.985717118014568,-16.570762594452212,0.6606872138830777,1.0011822684302092,1.0090296499180853
2023-09-13,ID,11.89569575279935,-16.35695229729263,0.7070937094905541,1.00039837958782,1.0056760746138924
2023-09-14,ID,11.868526333449235,-16.63966346691013,0.7913720495578218,1.0003845499692894,1.0055390895312735
2023-09-15,ID,11.770855656954202,-17.119558799752163,0.9290173283786958,1.0012540297608312,1.0106271248489849
2023-09-16,ID,11.24373938159396,-17.41256408711564,1.1203337220694216,1.0007571964746675,1.0129215736945991
2023-09-17,ID,11.2025654311828,-18.293127078202527,1.2955486178377582,1.0004163827239587,1.0079466614955983
2023-09-18,ID,11.187637294666438,-18.394388951307477,1.5187779579497045,1.0014316494705156,1.0093530797296424
2023-09-19,ID,NA,NA,NA,NA,NA
2023-09-20,ID,NA,NA,NA,NA,NA
2023-09-21,ID,NA,NA,NA,NA,NA
2023-09-22,ID,NA,NA,NA,NA,NA
2023-09-23,ID,NA,NA,NA,NA,NA
2023-09-24,ID,NA,NA,NA,NA,NA
2023-09-25,ID,NA,NA,NA,NA,NA
2023-09-26,ID,NA,NA,NA,NA,NA
2023-09-27,ID,NA,NA,NA,NA,NA
2023-09-28,ID,NA,NA,NA,NA,NA
2023-09-29,ID,NA,NA,NA,NA,NA
2023-09-30,ID,NA,NA,NA,NA,NA
2023-10-01,ID,NA,NA,NA,NA,NA
2023-10-02,ID,NA,NA,NA,NA,NA
2023-10-03,ID,9.75574873248332,-20.024334279432132,3.0057305326730055,1.001791161540686,1.014181870781337
2023-10-04,ID,9.559028816788999,-19.994090587852877,3.0244642255136314,1.0002784482496667,1.0182991805355721
2023-10-05,ID,8.987536489794675,-19.737917217829885,3.0376257114568666,1.0025077664769821,1.0225081895601333
2023-10-06,ID,8.896377385358177,-19.59765169600197,3.049479317008643,1.0030664356849048,1.0291316069701948
2023-10-07,ID,8.510416230263516,-18.40224843600696,3.0627601837345133,1.0026881230570814,1.0299235685937056
2023-10-08,ID,8.0194217911907,-17.21144935835708,3.089772045036871,1.0026069020183224,1.0468244259676562
2023-10-09,ID,7.656861774726268,-16.99914769542757,3.1139766521678194,1.0032552918439854,1.0533596698296626
2023-10-10,ID,7.428262589175653,-17.156205451926,3.132879789592022,1.0013777209031576,1.0590743711203454
2023-10-11,ID,NA,NA,NA,NA,NA
2023-10-12,ID,5.613684588720275,-18.67798874569809,3.0680812558468613,1.0016068402463723,1.042148418975737
2023-10-13,ID,8.128583540785499,-18.978464724764326,3.0938310252125714,1.0029360970260464,1.046186400690924
2023-10-14,ID,7.169525572868088,-18.2398263640214,3.0856842843201306,1.0015572594401947,1.0462512139204867
2023-10-15,ID,7.52098744645388,-18.458842322321225,3.0392190241999493,0.9998431066886795,1.0272799327428648
2023-10-16,ID,7.164001600674073,-17.589180517503607,3.0023731591812384,1.0019302357762279,1.01346923547032
2023-10-17,ID,7.2041868151690345,-17.705508329563838,2.981671443393519,0.9992940601453683,1.0086228126353345
2023-10-18,ID,7.041937813043378,-18.038007023147127,2.9657022757224714,1.0003669526957903,1.0108864593123832
2023-10-19,ID,7.373986339234562,-18.67370426886875,2.9558909411951286,0.9996259771340906,1.0102248864749341
2023-10-20,ID,7.131401589276637,-19.463241116237533,2.9459644977517705,1.0001371557242358,1.0096982104751366
2023-10-21,ID,7.409769305917042,-18.83572001397318,2.949562775390585,1.0022940283704016,1.0085883724845233
2023-10-22,ID,8.38784759782123,-19.372655485227202,2.964403209912534,1.0004456471651668,1.0081599769785208
2023-10-23,ID,7.5399458244681705,-18.68681155226394,2.9746248322986664,0.9999678546013921,1.0093846682636831
2023-10-24,ID,6.900992930353978,-18.404460035345338,2.997336592547665,1.0005059870739215,1.0116897974845458
2023-10-25,ID,7.129519216704702,-18.55781383062198,3.0131189169056265,1.0002522297534033,1.0189486901913334
2023-10-26,ID,7.221356291353157,-18.430484763769815,3.0303841941282323,1.0028320563174256,1.0253024264847093
2023-10-27,ID,7.1392171321916065,-18.05413778683425,3.045450275578633,1.0026652023361782,1.0266664914706305
2023-10-28,ID,6.709218496988823,-17.803788982919812,3.064702066430683,1.0040888235677383,1.0343545476825418
2023-10-29,ID,7.062939686394693,-17.84884692712703,3.084768402531095,1.0031687814273176,1.044611472212541
2023-10-30,ID,6.745987566823834,-17.534446030468224,3.1020791891416772,1.003235198016317,1.0483888377532264
2023-10-31,ID,6.7708158204446915,-17.39074302028784,3.1196141786776157,1.0039667211009136,1.0562837531751583
2023-11-01,ID,6.195419554579802,-15.386170480622079,3.1530164351505503,1.0037540698384957,1.066721648810158
2023-11-02,ID,5.868037330629264,-15.389570925867682,3.200381739362285,1.0071709533366109,1.0777410190806047
2023-11-03,ID,6.192342628219174,-15.903193762015556,3.2289024126649397,1.002033269434723,1.08656475363525
2023-11-04,ID,6.623873524132175,-15.70688272330686,3.2433414177046065,1.0050573702710108,1.08328965583847
2023-11-05,ID,5.4030329727241435,-14.762703969219185,3.2592788957070713,1.0033698393657493,1.0885941272342197
2023-11-06,ID,5.354967217300831,-14.65975822469901,3.278444640400389,1.0100126348315628,1.0896389051672162
2023-11-07,ID,5.405769431435457,-14.730478427388762,3.3005767120874396,1.0080169380822301,1.0885851594747917
2023-11-08,ID,5.331529887891157,-14.671293289759113,3.316811556560116,1.0080632352636831,1.0949507978226942
2023-11-09,ID,5.78529282121737,-15.097498011477754,3.333343438386277,1.0106727833814504,1.0912544049106248
2023-11-10,ID,5.342385259685028,-14.99328832562944,3.3464805597740597,1.0079583905528267,1.0970044666520586
2023-11-11,ID,5.472660845463083,-15.066767315937517,3.449092634975242,1.0095969392662951,1.0883730206399704
2023-11-12,ID,4.303759488449867,-14.735214429201559,3.651472864795642,1.0038698198922746,1.0643834968474821
2023-11-13,ID,5.000147817989662,-15.172253959849554,3.8766547950012393,1.0039889728988358,1.0483691025566648
2023-11-14,ID,3.5779354605379776,-16.219972336871997,3.958816677426311,1.0036084391587192,1.052109912255631
2023-11-15,ID,3.3497937982799897,-16.08265551766825,3.9286557948255756,1.006183544400504,1.05326786381137
2023-11-16,ID,2.99379444814357,-15.683524198922676,3.888203929467136,1.0025900527942362,1.0472917806404798
2023-11-17,ID,4.341644311435784,-16.20049683600612,4.0570237298898055,1.0019094816094603,1.0592357588090116
2023-11-18,ID,4.888108894979827,-16.073854071577205,4.20284744396105,1.0069758001114273,1.0789146981098219
2023-11-19,ID,4.42893428089874,-15.796468570716211,4.374634121852793,1.0147039683539594,1.0864422752368719
2023-11-20,ID,4.775130607666061,-15.869687477959596,4.331494440348776,1.0091450356703873,1.0595887654076583
2023-11-21,ID,5.011243822102908,-16.326486269873552,4.322928235031881,1.0059838608563823,1.051863151737781
2023-11-22,ID,3.5373333688934308,-15.28748988899592,4.352729468750376,1.0045481150342623,1.082382138943029
2023-11-23,ID,4.661755752456926,-14.869113468939899,4.314047312059248,1.0015820465020346,1.047939672163205
2023-11-24,ID,4.616315390900802,-15.070812394750046,4.2886792457242,0.9999086818506412,1.0248661003060182
2023-11-25,ID,4.619359609903289,-15.00382045674213,4.267043869153676,1.0010699739899074,1.0232272727614504
2023-11-26,ID,1.3627281783579384,-15.777233129630693,4.302907119793205,1.0083469378210463,1.0866518663620564
2023-11-27,ID,4.798870606709417,-15.055665038999042,4.3776776548033345,1.0138372087038015,1.0934883776999849
2023-11-28,ID,4.674135704878407,-14.283088079035343,4.335270248944862,1.003791035781079,1.0685254779711109
2023-11-29,ID,4.1472748147803715,-14.024811981552553,4.359806104965725,1.0072013591370688,1.076101299959457
2023-11-30,ID,5.047563709530722,-15.241333151841943,4.293115621460756,1.0078120148964014,1.0864378001243158
2023-12-01,ID,5.2734012370328145,-15.891014060792317,4.066782158783114,1.0025253109648367,1.0621212860762537
2023-12-02,ID,2.99342417084491,-15.290379755430079,3.83869595500478,1.002569024657653,1.048651144521013
2023-12-03,ID,3.032333474708709,-14.24412581302154,3.4460381192857485,1.011677239654417,1.0920017314199781
2023-12-04,ID,5.160819412674762,-14.669844095171618,3.318068167041125,1.0085078815711055,1.0954709054686587
2023-12-05,ID,5.533215122362752,-15.116370876983774,3.1955254621393774,1.004500607587096,1.0734800071617294
2023-12-06,ID,5.217844587184927,-15.41610392311382,3.08093079562997,1.0026305657735108,1.040680273809909
2023-12-07,ID,5.633236183785945,-16.788988383345995,3.012991169204473,1.0012511726325526,1.0183473917432149
2023-12-08,ID,6.162400766111119,-18.539683896096392,2.9688482611591422,1.0002146053601952,1.006909146759695
2023-12-09,ID,6.415367299862682,-18.885807013325913,2.9444350930893948,1.0005073781577791,1.0101961749012611
2023-12-10,ID,5.102892220035623,-19.217348363804756,2.921147106443572,1.0004176387508656,1.010521362715743
2023-12-11,ID,6.085710929104608,-17.164470167799415,2.9140568460010954,0.9998194602809796,1.011895679412237
2023-12-12,ID,6.43173520932887,-17.96470877859467,2.9167581840139016,1.0002048363967053,1.0141196413086075
2023-12-13,ID,7.108736488844716,-18.69419662738307,2.8926349731929104,1.0001518835209473,1.0148558954146054
2023-12-14,ID,NA,NA,NA,NA,NA
2023-12-15,ID,NA,NA,NA,NA,NA
2023-12-16,ID,NA,NA,NA,NA,NA
2023-12-17,ID,NA,NA,NA,NA,NA
2023-12-18,ID,NA,NA,NA,NA,NA
2023-12-19,ID,NA,NA,NA,NA,NA
2023-12-20,ID,NA,NA,NA,NA,NA
2023-12-21,ID,NA,NA,NA,NA,NA
2023-12-22,ID,NA,NA,NA,NA,NA
2023-12-23,ID,NA,NA,NA,NA,NA
2023-12-24,ID,NA,NA,NA,NA,NA
2023-12-25,ID,NA,NA,NA,NA,NA
2023-12-26,ID,NA,NA,NA,NA,NA
2023-12-27,ID,NA,NA,NA,NA,NA
2023-12-28,ID,NA,NA,NA,NA,NA
2023-12-29,ID,NA,NA,NA,NA,NA
2023-12-30,ID,NA,NA,NA,NA,NA
2023-12-31,ID,NA,NA,NA,NA,NA
2024-01-01,ID,NA,NA,NA,NA,NA
2024-01-02,ID,NA,NA,NA,NA,NA
2024-01-03,ID,NA,NA,NA,NA,NA
2024-01-04,ID,NA,NA,NA,NA,NA
2024-01-05,ID,NA,NA,NA,NA,NA
2024-01-06,ID,NA,NA,NA,NA,NA
2024-01-07,ID,NA,NA,NA,NA,NA
2024-01-08,ID,NA,NA,NA,NA,NA
2024-01-09,ID,NA,NA,NA,NA,NA
2024-01-10,ID,NA,NA,NA,NA,NA
2024-01-11,ID,NA,NA,NA,NA,NA
2024-01-12,ID,3.4097499086381147,-8.026770000583422,0.17319289888711797,0.9993705964149925,1.0024087732682887
2024-01-13,ID,8.287272793353853,-3.261356526373593,0.13683786386298702,0.9995375320805031,0.9997511332947564
2024-01-14,ID,6.331027852168761,-6.390699634539722,0.15180819347572405,1.0000852295295366,0.9997537853923615
2024-01-15,ID,5.260839040824952,-7.078864646996273,0.15880248753956797,0.9996940219689062,1.0011934631949824
2024-01-16,ID,0.01115616006878949,-6.117588036201052,0.19862916246564474,1.0000370793292077,1.006958418114513
2024-01-17,ID,7.080947405203582,-0.28182494138200154,0.16116827125848449,1.0000902345536282,1.0016759820397936
2024-01-18,ID,2.2220425654808937,-7.589372534094368,0.1850110574092369,0.9994526863433716,1.004183211834989
2024-01-19,ID,3.3341639162035754,-1.877706218424751,0.15821797700235432,1.0002531247300164,1.001221233023537
2024-01-20,ID,3.7193301932201623,-3.8990422463695924,0.15801772207961132,1.000046790857193,1.0004478149653413
2024-01-21,ID,5.09956635240394,-3.766702832985652,0.15335411367510343,1.0002012836913854,1.000172736684022
2024-01-22,ID,4.325795818265704,-5.685839845806517,0.15789108678325386,0.9998313052072835,1.0011563311716696
2024-01-23,ID,0.08724765626368006,-8.940438506265211,0.21053313060880602,1.0014334165214092,1.0070687231564222
2024-01-24,ID,5.582515938479724,-3.1998910329479133,0.13986195915726968,1.000263338349191,1.0017946472069628
2024-01-25,ID,7.721572389781249,-9.53261585388752,0.12380372601902088,0.9994801401072932,1.00055407348237
2024-01-26,ID,3.5069736104697324,-4.211861867338378,0.14613588148261808,1.0007089311444592,1.0004075470184663
2024-01-27,ID,8.81607917010754,-8.121662383831644,0.11333777960042708,0.9998562613635187,0.9993816355365284
2024-01-28,ID,10.98851524383148,-8.399541249174083,0.09048693460279643,0.9998922679059864,1.0003247127872323
2024-01-29,ID,NA,NA,NA,NA,NA
2024-01-30,ID,NA,NA,NA,NA,NA
2024-01-31,ID,15.817230493162766,-15.203281882655427,0.09770896622415022,0.999583146382415,0.9999862700060598
2024-02-01,ID,17.791031461831434,-16.761066935063287,0.09789937263649173,1.0004397603701354,1.0016865978297635
2024-02-02,ID,20.103316520123524,-20.36231382084755,0.08978202724401187,1.00028292433294,0.9995668842742558
2024-02-03,ID,19.839107142055774,-19.408341011700795,0.10650668117809588,0.9996458694337755,0.9995080691634577
2024-02-04,ID,12.046096067343294,-13.266740738439305,0.1246489215490835,1.0001476007287153,1.0000128638318344
2024-02-05,ID,14.869810601840182,-14.986014254289191,0.1530727349373679,1.000092323694741,0.9997615082265656
2024-02-06,ID,19.650158469087067,-19.641412424384665,0.1422792117531554,0.9999480309849956,1.0019782360005676
2024-02-07,ID,19.78151003019167,-19.958022488699495,0.1565040126521761,1.0001562328223863,1.000338362500401
2024-02-08,ID,21.005782541079387,-22.760747951542797,0.1518322222817279,0.999779582749465,1.0009029753883014
2024-02-09,ID,20.755351092627322,-21.175180432960584,0.1576229039128516,1.0003742172608139,1.0040726328210021
2024-02-10,ID,17.963585829839822,-18.50696921149226,0.13460452345157176,1.0004587732644625,0.9995785441692946
2024-02-11,ID,20.847440341807904,-21.907050901720787,0.15790613445595744,0.9993601784087153,1.0017040192955045
2024-02-12,ID,14.803793856569872,-16.884769895765206,0.16489073604818838,1.0001854628444569,1.0005591236265674
2024-02-13,ID,20.76420970300363,-19.100664914818456,0.18260094456072518,1.0000596875523649,1.00223846455218
2024-02-14,ID,19.13073555443844,-20.206855982120466,0.17764064826900117,1.0001721846305147,1.002449530606743
2024-02-15,ID,17.749001306006438,-19.080950998411076,0.15905075498876078,0.9992292973600573,1.0000811342524538
2024-02-16,ID,15.56656312090048,-17.004946605600956,0.16807017864809892,1.000215373470576,1.0013374673052515
2024-02-17,ID,10.835088633015944,-11.896354220472071,0.16621822000796455,1.000868839437887,1.002993148986445
2024-02-18,ID,7.3085327137259695,-7.683823468826684,0.17719408929224773,0.9999720127496844,1.0025593404205249
2024-02-19,ID,17.629848020474356,-18.69206224077272,0.19324442230885763,0.9999096229964533,1.0041591756174886
2024-02-20,ID,17.49144745278553,-18.697569473178007,0.1937177706793772,0.9994924451001294,1.0020528715069077
2024-02-21,ID,18.497428807139585,-19.388789410003294,0.18132108694007362,1.0006910755115128,1.0024752219267234
2024-02-22,ID,19.879271574923397,-20.455212218396127,0.1710728717529503,1.0010645040417565,1.0015299531918025
2024-02-23,ID,15.154847001248408,-15.96720017290534,0.13906152027897484,1.0016343013185718,0.9999655821800078
2024-02-24,ID,20.578254541041105,-19.572909970809146,0.1476338345142721,1.0002383071493643,1.0008772335913192
2024-02-25,ID,21.083278862440224,-20.613300549722815,0.14355293918392203,0.999444240755053,0.9999900670590544
2024-02-26,ID,21.056572071044247,-21.28101570387176,0.1522029784249313,1.0015037440812373,1.0012939008066768
2024-02-27,ID,21.542024217647025,-21.59974924378555,0.1412856045606003,0.999733940272224,1.0007550413584427
2024-02-28,ID,22.387204050852272,-22.72421944911454,0.12565363902413096,0.9998174865231392,1.000562456682725
2024-02-29,ID,22.741946428286887,-22.326566931017215,0.1407927161216465,0.9998266048293595,1.0020883885581742
2024-03-01,ID,19.756640420094488,-21.520175539383036,0.15099490404109003,0.9996028984915043,1.001086928982718
2024-03-02,ID,17.475585932358246,-18.865159171703798,0.17505367107507377,1.0009284765335966,1.0036502738089406
2024-03-03,ID,21.790927772246622,-22.987792281142625,0.21486741448827723,1.0023911165464532,1.0026963002868579
2024-03-04,ID,22.13287963355039,-22.896000262819932,0.2344754951650508,1.0010219879319373,1.00277462553846
2024-03-05,ID,11.934788865987779,-14.52653595514783,0.23269590111650712,1.0003556448916544,1.0036410181443824
2024-03-06,ID,20.221783143613465,-21.31755045983772,0.24429863582331127,0.9999833026155835,1.005142909722743
2024-03-07,ID,19.921761506181916,-21.372313501419605,0.2791163849160301,1.001147232616654,1.0099785859891486
2024-03-08,ID,19.56474217924188,-21.552153842099717,0.26977881691371003,1.0008133405538842,1.002783186012776
2024-03-09,ID,16.451249778273574,-18.45307126928695,0.23651483786642777,1.0021747008659696,1.0061942552025376
2024-03-10,ID,NA,NA,NA,NA,NA
2024-03-11,ID,20.409606347956068,-21.53615398428986,0.23895679566467498,1.000049124692222,1.0063685361406918
2024-03-12,ID,19.625564528704995,-21.650491406560857,0.20295335555884064,0.9996768822306484,1.0036516238816555
2024-03-13,ID,19.032220878458947,-19.318125813013594,0.19258494965481787,1.0009338905163543,1.003995178882873
2024-03-14,ID,20.480353282149842,-20.94632835240744,0.17147601036222293,1.000231452330039,1.0008499235759571
2024-03-15,ID,20.336951481602703,-20.244941056000968,0.14939344113272007,0.9991222434833624,1.0010481158452806
2024-03-16,ID,17.404010929035195,-17.159333515466564,0.1193528294855957,1.0013061019430967,1.0001559170820622
2024-03-17,ID,18.875828619255845,-18.839678395310855,0.12702055461060935,1.0019623012820094,1.001884086874277
2024-03-18,ID,12.544857348474027,-12.114622387194839,0.12424564539133351,0.999585231271934,1.0004540195014253
2024-03-19,ID,17.249090944958535,-16.174323104427877,0.15874302770421442,0.9993945465877749,1.0010337972561538
2024-03-20,ID,17.21849150067419,-17.545055548225903,0.15106213514519978,0.9999140326487478,1.0024386090064135
2024-03-21,ID,17.690867041466525,-18.133199134312516,0.14716765600427265,0.9996565624083761,1.000991279143311
2024-03-22,ID,4.253337491951591,-8.680304332621557,0.17189645907994297,1.0013183119775455,1.0030396253093163
2024-03-23,ID,14.286893162204171,-13.768103523178205,0.15640931298578947,1.0003116606393219,1.0000863651177874
2024-03-24,ID,16.333017489189462,-15.424412928929707,0.14650823469565638,1.0005355186625364,1.0019020410598094
2024-03-25,ID,15.791014424513298,-16.762388931579856,0.1496181621720511,1.0001984765671517,1.000098985215928
2024-03-26,ID,15.097712548054405,-16.480892336012992,0.14330894334817024,0.9998942273500565,0.9994983734445362
2024-03-27,ID,2.5615466718581885,-6.310367168868728,0.1777077166798868,0.9999377776920911,1.0028277970474369
2024-03-28,ID,13.693141214545173,-12.16529165762589,0.1535016826253874,1.0016079931706114,0.9998078374342085
2024-03-29,ID,15.201018875030806,-15.04988971527988,0.15953084293129519,0.9996430147440438,1.002507352255365
2024-03-30,ID,14.206955054389782,-13.979294258226398,0.15799098948684714,0.9998307460386028,1.0003064707113012
2024-03-31,ID,13.418154817314226,-12.518612010961908,0.14462526299787412,0.9997838735176932,1.0003626798318699
2024-04-01,ID,11.265742206022562,-11.436574631376182,0.136855318781608,0.9996625826493685,0.999761000927519
2024-04-02,ID,8.824635766010799,-10.268007259084557,0.1492151787775624,0.999941152678249,1.0012919319800049
2024-04-03,ID,0.20158026131629964,-8.567482120044543,0.1954364595933134,0.9995420222535706,1.0033315243671286
2024-04-04,ID,9.480778566436236,-5.143206742791821,0.16575384234592436,0.9996105322558881,1.0022961098354168
2024-04-05,ID,6.42211120467762,-8.44929389326642,0.16628663141062822,0.9993938461546745,1.0023700747626667
2024-04-06,ID,4.070574195765199,-5.901874810520101,0.1737523644367876,1.0003253724809151,1.0025187777808369
2024-04-07,ID,4.876220051761841,-7.026914481091532,0.17730725871756953,0.9997384692423171,1.0029033762321633
2024-04-08,ID,3.667419950885008,-6.448889684425874,0.18055634188170533,1.0007874121777847,1.0044575705036238
2024-04-09,ID,3.789544112875382,-6.42897343737488,0.17678408237722698,0.9999422864957127,1.0041573251469316
2024-04-10,ID,3.534269561526501,-7.243021331348594,0.18106484711944557,1.0002433158413675,1.0032190605743854
2024-04-11,ID,3.859932166742913,-7.566480864143625,0.1751761421254433,0.999742283864398,1.001465196146174
2024-04-12,ID,5.437004327556772,-6.025621472965465,0.18072160956253197,0.9992544911385816,1.0012207091182574
2024-04-13,ID,6.202855600064678,-9.175188613085828,0.17910714588660545,0.999769728013622,1.0037643203420874
2024-04-14,ID,13.273907950713228,-16.608837347992647,0.16047801172676915,0.9994027328050064,1.002023742177618
2024-04-15,ID,10.361910280325136,-12.364492405201352,0.14850624870270204,1.0003226941968488,1.002137597113413
2024-04-16,ID,8.950775319616188,-10.27937219524137,0.14306265120211703,1.0005992884346775,1.002007867534178
2024-04-17,ID,12.63735877888012,-15.011372044793745,0.13837120019964608,0.999504042746901,0.9992615333923889
2024-04-18,ID,10.540851058645945,-15.545853867934612,0.14521486632873915,1.0006597208923125,1.0014833960065408
2024-04-19,ID,11.689662502106774,-15.614234400937592,0.13889840224358332,1.001126166376981,1.0027083113434891
2024-04-20,ID,7.204852251446271,-12.453840010779082,0.15558930223582373,0.9999995021535095,1.0003437564764417
2024-04-21,ID,10.462154770830455,-19.167047799234787,0.13277865209209516,1.0016357101488553,1.0013661709731074
2024-04-22,ID,11.196462996115324,-12.458648468656882,0.17309339778957628,1.0017975705832878,1.002705583306525
2024-04-23,ID,7.097731453453057,-6.248137020641905,0.18641460679278604,0.999932820119537,1.0018715996655072
2024-04-24,ID,5.4161466281807735,-7.8024407741977395,0.1641062307000455,0.999596919762568,1.0015488785159763
2024-04-25,ID,5.388718491887805,-9.067101180029212,0.1624322019827956,0.9992420095918048,1.0002388214094378
2024-04-26,ID,8.451115307195646,-13.530522506229335,0.16622350721666268,0.9999295125658114,1.0011092432331672
2024-04-27,ID,3.3438589350815082,-7.426538550954061,0.1774532611408432,1.0008150556908721,1.0031284809220322
2024-04-28,ID,2.7086890828389154,-5.1559054781974165,0.18125727624958954,1.0010144249992772,1.0025126175891217
2024-04-29,ID,3.8781684648672323,-6.113155542170776,0.18035498553809892,1.001567007806786,1.0059082512855462
2024-04-30,ID,6.470252667316945,-10.276169348871822,0.16654679532054006,0.9995061486884045,1.0015064261543534
2024-05-01,ID,10.478927424503421,-13.78927556849566,0.1686555257708506,1.000094535186055,1.0025141696192919
2024-05-02,ID,8.920374473981504,-12.890944079787838,0.18502374417299036,1.0016101127708943,1.0056737651961773
2024-05-03,ID,7.771053253176533,-8.640962288905335,0.18072917466916952,0.9999988720421732,1.0054209113811006
2024-05-04,ID,3.009908239138986,-6.799759106647313,0.18543976826776215,1.00095985070968,1.0032558518957613
2024-05-05,ID,0.30606451881545105,-2.8125576687962597,0.1872119221725582,1.0009887200099117,1.0071234896435457
2024-05-06,ID,0.18968043338238735,-0.2527953511605829,0.18062217551940263,1.0011334389160464,1.0035846190888165
2024-05-07,ID,0.3431611147717008,-2.5069500952301724,0.1813492695265788,1.0011698373272786,1.006693700940828
2024-05-08,ID,3.951582914324605,-5.264651210679732,0.16392871308668022,0.9996504844742949,1.0006617088377665
2024-05-09,ID,5.792297431835426,-6.947838017260873,0.15051465329983768,1.0027033416272912,1.0041625712855349
2024-05-10,ID,-0.3178504117961251,-4.186782741908456,0.19460825169276003,0.9996428508034715,1.0036392068260909
2024-05-11,ID,12.25093014463682,-11.70692606226027,0.132282449670005,0.9999563860672058,1.0002083839728908
2024-05-12,ID,10.357476417293842,-10.867921713578578,0.126546387660201,1.0003890914359135,0.9997390628776667
2024-05-13,ID,8.219176662565255,-12.513464848998463,0.15488369460252682,1.0004765818703163,1.002637344575262
2024-05-14,ID,11.811196960152543,-9.97121983205179,0.13309291507433013,1.0005421396826366,1.000577422834765
2024-05-15,ID,11.923998131236678,-12.774051070951547,0.12454687326641421,0.9998010487242801,0.9995197910333877
2024-05-16,ID,12.938535971047045,-12.948290934612816,0.13266476901016405,1.000564607295583,1.0013113174765924
2024-05-17,ID,7.060281630302056,-7.3310708658703385,0.14335226072980806,0.9998217699560726,0.9997698639471989
2024-05-18,ID,5.2236082633315055,-5.635909064079665,0.15388644833079457,1.0000640508589367,1.0003913425065525
2024-05-19,ID,5.615078825531018,-6.389902829388205,0.15755151870723458,1.0005872915458298,1.0010165738001282
2024-05-20,ID,1.3079948651107791,-2.70954071137492,0.17958319443599272,1.001068074297903,1.0013260185329143
2024-05-21,ID,1.0743072177601338,-4.907245589826538,0.18532519632089697,1.001324172823191,1.0078609417616742
2024-05-22,ID,-0.15341509357433436,-4.329378689285448,0.18244499818233378,1.0029030679352762,1.0038012232977915
2024-05-23,ID,2.6839853998615206,-6.298604920449545,0.1861253446953208,1.0008087322067616,1.0043050966160574
2024-05-24,ID,8.651586843290811,-12.119500053041191,0.18634056621601003,1.0020317506001284,1.0040717568362167
2024-05-25,ID,11.140947260787327,-12.735285524322123,0.17646099970594709,1.000503297176246,1.004970056328246
2024-05-26,ID,10.8503181232922,-12.088875708641897,0.1706884389071807,1.0027472873595977,1.002696993851764
2024-05-27,ID,9.762615996026234,-11.489600295050732,0.1605453100625665,1.0000068449507498,1.0007367100167828
2024-05-28,ID,8.092597805248275,-11.155058743000742,0.16306969143919334,1.000313759197923,1.0012699774899727
2024-05-29,ID,8.881751991754467,-10.660711485331683,0.15220540702219143,1.0014754540800899,1.0006885042553606
2024-05-30,ID,10.579566666811784,-11.640424327840213,0.14885819422930982,0.9996330589757034,1.0032395769016824
2024-05-31,ID,12.708938583961233,-14.698351732689305,0.15534303477776631,1.000098564368904,1.0008296787461222
2024-06-01,ID,13.066030463598317,-14.535135082376812,0.16165132828286483,0.9996432510411128,0.9999558770394062
2024-06-02,ID,10.030657598676196,-15.599726900673199,0.16691282479833802,1.0043038006476583,1.0047997800102426
2024-06-03,ID,11.759079162165477,-13.569764542043426,0.19067613063531264,1.0004826973829717,1.0019738563848464
2024-06-04,ID,8.571270226749487,-11.306698534624564,0.1952078701096525,1.0025512845483215,1.005088297870125
2024-06-05,ID,6.359858101759362,-9.830136418932367,0.19624152294679212,0.9995935051334043,1.0068764120493228
2024-06-06,ID,4.965876954556926,-7.170409644238606,0.1936030126489677,1.0019450394655645,1.0052121101330511
2024-06-07,ID,1.6228855108259113,-4.109993155049871,0.18793380827557613,1.0017746561338052,1.0022691443942064
2024-06-08,ID,-0.8525936437165882,-1.7560276891732867,0.18655430565720127,1.000471774095531,1.0035509769080422
2024-06-09,ID,0.18083132080700337,-2.3732076616782107,0.18571822536646676,1.0000464686520358,1.0026968898873287
2024-06-10,ID,0.9567729390785271,-2.5053931404574743,0.17882530959652534,1.0015840653318404,1.0022131726094243
2024-06-11,ID,4.15200846777085,-5.876513246095025,0.1606598310354688,1.0003436364886389,1.0012034205513123
2024-06-12,ID,7.695080065738234,-10.079630417413043,0.1404303669064077,0.9997768765411692,1.0007154206025801
2024-06-13,ID,14.432359307809485,-15.119678560947625,0.11240344553583813,0.9996890570785747,1.0000889180724521
2024-06-14,ID,17.12455165567509,-18.33553856132875,0.11932425863546296,1.000288296312813,1.0003327868433565
2024-06-15,ID,18.033167559743273,-19.635828541121562,0.14401391586896228,1.0001247209899329,1.0018800328790283
2024-06-16,ID,19.323057883383406,-21.17465379858985,0.16693632412346265,1.0001854582762524,1.0023130372767317
2024-06-17,ID,NA,NA,NA,NA,NA
2024-06-18,ID,NA,NA,NA,NA,NA
2024-06-19,ID,NA,NA,NA,NA,NA
2024-06-20,ID,NA,NA,NA,NA,NA
2024-06-21,ID,NA,NA,NA,NA,NA
2024-06-22,ID,NA,NA,NA,NA,NA
2024-06-23,ID,NA,NA,NA,NA,NA
2024-06-24,ID,NA,NA,NA,NA,NA
2024-06-25,ID,NA,NA,NA,NA,NA
2024-06-26,ID,NA,NA,NA,NA,NA
2024-06-27,ID,NA,NA,NA,NA,NA
2024-06-28,ID,NA,NA,NA,NA,NA
2024-06-29,ID,NA,NA,NA,NA,NA
2024-06-30,ID,NA,NA,NA,NA,NA
2024-07-01,ID,NA,NA,NA,NA,NA
2024-07-02,ID,NA,NA,NA,NA,NA
2024-07-03,ID,NA,NA,NA,NA,NA
2024-07-04,ID,NA,NA,NA,NA,NA
2024-07-05,ID,NA,NA,NA,NA,NA
2024-07-06,ID,NA,NA,NA,NA,NA
2024-07-07,ID,NA,NA,NA,NA,NA
2024-07-08,ID,NA,NA,NA,NA,NA
2024-07-09,ID,NA,NA,NA,NA,NA
2024-07-10,ID,NA,NA,NA,NA,NA
2024-07-11,ID,NA,NA,NA,NA,NA
2024-07-12,ID,NA,NA,NA,NA,NA
2024-07-13,ID,NA,NA,NA,NA,NA
2024-07-14,ID,NA,NA,NA,NA,NA
2024-07-15,ID,NA,NA,NA,NA,NA
2024-07-16,ID,NA,NA,NA,NA,NA
2024-07-17,ID,NA,NA,NA,NA,NA
2024-07-18,ID,NA,NA,NA,NA,NA
2024-07-19,ID,NA,NA,NA,NA,NA
2024-07-20,ID,NA,NA,NA,NA,NA
2024-07-21,ID,NA,NA,NA,NA,NA
2024-07-22,ID,NA,NA,NA,NA,NA
2024-07-23,ID,NA,NA,NA,NA,NA
2024-07-24,ID,NA,NA,NA,NA,NA
2024-07-25,ID,NA,NA,NA,NA,NA
2024-07-26,ID,NA,NA,NA,NA,NA
2024-07-27,ID,NA,NA,NA,NA,NA
2024-07-28,ID,NA,NA,NA,NA,NA
2024-07-29,ID,NA,NA,NA,NA,NA
2024-07-30,ID,NA,NA,NA,NA,NA
2024-07-31,ID,NA,NA,NA,NA,NA
2024-08-01,ID,NA,NA,NA,NA,NA
2024-08-02,ID,NA,NA,NA,NA,NA
2024-08-03,ID,NA,NA,NA,NA,NA
2024-08-04,ID,NA,NA,NA,NA,NA
2024-08-05,ID,NA,NA,NA,NA,NA
2022-03-28,LF,NA,NA,NA,NA,NA
2022-03-29,LF,NA,NA,NA,NA,NA
2022-03-30,LF,NA,NA,NA,NA,NA
2022-03-31,LF,NA,NA,NA,NA,NA
2022-04-01,LF,6.011206163841536,-22.553968962791444,1.6489976090377363,1.000857445295697,1.0007932340882753
2022-04-02,LF,0.2170029529644095,-14.212258029817102,1.4318757840817558,1.0000585951820502,1.0000175437365082
2022-04-03,LF,5.01002712368735,-24.54454100009946,2.132353995722938,0.9998805456283426,0.999969446184728
2022-04-04,LF,4.915752024879357,-23.085420284588402,1.8167121058478286,1.0015069833719321,1.00174756944988
2022-04-05,LF,6.15820544761707,-22.883093938479686,1.5394621415768697,0.9997940362335834,0.99997758019475
2022-04-06,LF,4.748429534326882,-19.12540553578435,1.3049225614671132,0.9997427550001767,0.9997282317634919
2022-04-07,LF,4.898990831373042,-15.669197130896983,1.1535119598016974,1.0004386707578001,1.000524935575349
2022-04-08,LF,6.8730149577058866,-25.457595930873254,2.1410493549005487,0.9999277652010308,0.9999909762546667
2022-04-09,LF,6.601105146017281,-27.333109048756207,2.7268094827505105,0.9993133244557877,0.9993509089160615
2022-04-10,LF,4.610151847777958,-23.813814702353355,2.3420382086892504,1.0020280117762275,1.0015129921790502
2022-04-11,LF,4.975902895355521,-25.159277599779724,2.265037486044705,0.999317811811856,0.999251232117977
2022-04-12,LF,5.676358805134219,-26.59945546407281,2.2025944914122944,0.9996643526225643,0.9996385839122311
2022-04-13,LF,NA,NA,NA,NA,NA
2022-04-14,LF,6.860651279666319,-25.594403967492678,1.7952020482852227,0.9997721654927216,0.9997597718656165
2022-04-15,LF,6.25469993886481,-26.564851294648307,1.976832035514036,0.999808593428579,0.999708297898359
2022-04-16,LF,NA,NA,NA,NA,NA
2022-04-17,LF,7.113775380576814,-27.067178584108383,1.897268320019051,0.9996172275599339,0.9996023785989203
2022-04-18,LF,NA,NA,NA,NA,NA
2022-04-19,LF,6.183038801847868,-28.31381686486642,2.6263702015981703,1.0011309099199095,1.0007984640801229
2022-04-20,LF,5.787156421383872,-26.262925518102676,2.2877495858866634,1.001054629212643,1.0008851668923997
2022-04-21,LF,6.289569119320651,-28.1286156480142,2.5044701685667614,1.0007009573368726,1.0008894073910728
2022-04-22,LF,NA,NA,NA,NA,NA
2022-04-23,LF,5.912723930313065,-28.306265247644788,2.676655103051195,1.0006512924850242,1.0005408384779801
2022-04-24,LF,4.981701709870296,-25.09907279928445,2.369887747043617,0.999809552172796,0.9996499637954256
2022-04-25,LF,4.5065224986630135,-24.601888191204274,2.4511636565147903,1.0012751667606663,1.0009487214113875
2022-04-26,LF,4.703870199687471,-24.18720424237774,2.4266321816298544,0.9998669489488141,0.9997077746458316
2022-04-27,LF,4.855090665459847,-25.568107968188905,2.6742303414306106,1.0003191713461268,1.0000259736759214
2022-04-28,LF,5.113962788213706,-24.687891042574037,2.782302399981776,1.0008147250615589,1.000469160691495
2022-04-29,LF,NA,NA,NA,NA,NA
2022-04-30,LF,NA,NA,NA,NA,NA
2022-05-01,LF,NA,NA,NA,NA,NA
2022-05-02,LF,NA,NA,NA,NA,NA
2022-05-03,LF,3.402927882885318,-20.179197770706757,2.7292472402587316,0.9993006443228651,0.9992407113020285
2022-05-04,LF,3.3041487513022973,-19.826711809311927,2.882714690786657,0.9996184143101539,0.9995460440941426
2022-05-05,LF,2.888950066149972,-19.272467036398936,3.0057184315288588,1.0002894518891294,1.0001367269587036
2022-05-06,LF,3.0527051851001636,-19.6976804130433,3.041784401828955,0.9999923643013828,0.99960505138034506
2022-05-07,LF,2.9071647732016728,-19.277702889684253,3.110593484706939,0.9997410384778356,0.9995591613617861
2022-05-08,LF,1.9880833802265963,-17.913639466995186,3.2582198261095807,1.00102687049191,1.0008833613422305
2022-05-09,LF,1.8039507151656824,-17.70665505434008,3.7066068163257366,1.0010776048876442,1.0015573591310694
2022-05-10,LF,1.8420684859232244,-17.862887823396335,4.071045982744196,0.9999266379963446,0.9997798944958716
2022-05-11,LF,2.035500213666993,-18.19062574938868,4.19293438782253,1.001854472323518,1.000761055749642
2022-05-12,LF,2.106289051686689,-18.174058138385867,3.9020437559971177,1.000108907450418,1.0003708789112524
2022-05-13,LF,2.144626434799665,-18.535106775560404,3.839122435982579,1.0003807974719525,1.0002112857068832
2022-05-14,LF,2.1960961036322266,-18.52504792102885,3.6736651535450213,1.0002543729281255,1.0003242644166508
2022-05-15,LF,2.103161149093593,-18.404068178666677,3.731728224245697,1.0003612991236706,1.0003022609382257
2022-05-16,LF,NA,NA,NA,NA,NA
2022-05-17,LF,2.4220359034001984,-19.189825532753332,3.805331435555359,0.9994651736661617,0.9996041132129526
2022-05-18,LF,2.7891814160670267,-19.704678554674583,4.124617179460363,0.9998970326930471,0.9996510916934052
2022-05-19,LF,NA,NA,NA,NA,NA
2022-05-20,LF,2.8664874106822578,-20.0137586024862,4.394475536771055,0.9998468717203276,0.9998950384001857
2022-05-21,LF,1.858642647614003,-19.139832235936463,4.400609250101328,1.001362442646101,1.0008033051839005
2022-05-22,LF,2.1530546193956623,-19.474008678945037,4.934092080474104,1.0001223604902372,1.000375902262959
2022-05-23,LF,1.9200880417913753,-19.63645226772693,5.472757918838311,0.9999497034317806,0.9997683008493263
2022-05-24,LF,1.710600218047282,-19.73508479687112,5.624156864202446,1.0002028087910086,0.9998852263286964
2022-05-25,LF,2.460006618894369,-20.18135235566373,5.489795448511213,1.0007737632645801,1.000544228323976
2022-05-26,LF,2.389287027908377,-19.831085769005597,5.168683745120075,0.9999504254988323,0.9995597237059547
2022-05-27,LF,1.2256766604762386,-18.76173465401372,4.9421042879859876,0.9995877888731841,0.9994886327354734
2022-05-28,LF,NA,NA,NA,NA,NA
2022-05-29,LF,1.5449414407228035,-18.984229061559564,5.6625480949534275,0.9998741425481699,1.0000232452132243
2022-05-30,LF,2.057976949798639,-19.500642539409096,5.780948921468617,1.0017265836727254,1.001528222980088
2022-05-31,LF,1.650082093715594,-19.13606274762158,5.902032921856158,0.9997438355499596,0.9995480661516613
2022-06-01,LF,2.0087237772829685,-20.002966768555797,6.552082372520891,0.9997358358030755,1.0000150980760536
2022-06-02,LF,NA,NA,NA,NA,NA
2022-06-03,LF,2.131316094636482,-20.351055715128663,6.042430374035963,1.000119825000732,0.9997334410426486
2022-06-04,LF,1.7217884833480501,-19.80025943847836,6.229733415561164,0.9996397122939172,0.9996998582496138
2022-06-05,LF,NA,NA,NA,NA,NA
2022-06-06,LF,1.7098499021714744,-20.304104255712826,7.440631648897822,0.9995984340229401,0.9994125102126933
2022-06-07,LF,1.8394286657267562,-20.3286201634308,7.655102964357899,0.9996022150087904,0.9993589329056669
2022-06-08,LF,1.8008870938976853,-20.233927408135404,7.5001482776570985,1.0002457340169593,0.9999549454701362
2022-06-09,LF,1.8721874701387007,-20.259088783808977,7.0627969334088965,1.0008684917499742,1.000531422540802
2022-06-10,LF,0.8728067444141357,-18.83805365268525,6.597596211982152,0.9996684026969418,0.9996563267286096
2022-06-11,LF,1.3415745266513242,-18.819536508337045,6.173584011892524,0.999515607413997,0.9993687136203399
2022-06-12,LF,1.2969398258137803,-19.18319433675368,5.837785870026108,0.9995659127361464,0.999484958067418
2022-06-13,LF,1.3349664832387114,-18.991148524160753,6.164968515194102,0.9998175739848238,0.9996099638928853
2022-06-14,LF,2.098955314518318,-20.036384807662394,6.930459251278437,0.9997819350999962,1.000123013188475
2022-06-15,LF,2.4522645169196853,-20.572571904396153,7.112361201996167,1.0002426627310264,1.00056979598983
2022-06-16,LF,2.6960528756244573,-20.923211481107273,7.326405187413804,0.999677162368621,0.9997775165609273
2022-06-17,LF,3.09975493138974,-20.851415145423616,7.616028644346171,1.0001970068571275,0.9998528818411696
2022-06-18,LF,NA,NA,NA,NA,NA
2022-06-19,LF,1.3249238144518287,-17.87483852966192,7.461937324896941,0.9999546974836708,1.0006334039742841
2022-06-20,LF,2.0616762368695047,-16.04763227029113,7.55677827412388,1.0008250145019384,1.0005802513725188
2022-06-21,LF,1.775796555095963,-13.566927966927391,7.438631714123586,1.0026694697726646,1.002143014643034
2022-06-22,LF,1.5508392740842023,-13.796754010544728,7.331456721184137,1.0004352040241389,1.0010300646106143
2022-06-23,LF,1.9138993367926063,-16.18103905207894,7.467323074902193,1.0000898145631107,1.000114911551879
2022-06-24,LF,1.05633763391184,-15.663548838757272,7.199800510022457,1.000017805688125,1.000319065942707
2022-06-25,LF,1.0903230298289683,-13.84079474846216,7.375985322881064,1.000892208306212,1.0014813208073845
2022-06-26,LF,1.0671156263636878,-11.593910462621627,7.229168213721557,1.0000117807035516,1.0003301253614343
2022-06-27,LF,NA,NA,NA,NA,NA
2022-06-28,LF,NA,NA,NA,NA,NA
2022-06-29,LF,2.2418001769365397,-15.439992230278504,7.34604817573564,1.0016969440785932,1.0016902111894055
2022-06-30,LF,2.569288025435137,-14.406048046159318,7.360896611502597,1.0004787024482393,1.0008754461441474
2022-07-01,LF,1.9206464984728624,-13.966919518026472,7.331267779400012,1.0002865966549366,1.0011127942772315
2022-07-02,LF,NA,NA,NA,NA,NA
2022-07-03,LF,1.9271457965041732,-15.151902921782327,7.320068129165455,0.999426986648235,0.9994288648936349
2022-07-04,LF,2.314801787126619,-14.906712497431897,7.5059431122010025,1.000340102160454,1.0005941168327774
2022-07-05,LF,1.9558414066959964,-13.323504556995067,7.356254628064614,0.9996940579750231,0.9997808118102517
2022-07-06,LF,2.041553415121809,-12.784714073690797,7.386651999727664,1.0006573656683078,1.0006341423728509
2022-07-07,LF,1.8520524092973658,-12.612472228313562,7.313847618572067,1.0005080683779703,1.0010377454981925
2022-07-08,LF,1.2134524728337401,-11.806547443665453,7.334205734745102,1.000168543023213,0.9997480356643781
2022-07-09,LF,2.0860732100459694,-12.544348406237441,7.429968921688017,0.9997798439496384,1.000921846176972
2022-07-10,LF,0.5721211475027533,-12.886975734639554,7.029050187431812,0.9996783093199952,1.00063470372286
2022-07-11,LF,1.2467157164325033,-15.117900715212865,7.3287062104671215,1.000697643907608,1.000797974889729
2022-07-12,LF,2.755742161244378,-17.882485919339718,7.301588816569318,0.9996292154721013,0.9997754164640157
2022-07-13,LF,NA,NA,NA,NA,NA
2022-07-14,LF,3.2724170704088844,-17.572124326389314,7.587987751836773,1.0010135478486166,1.000405967829814
2022-07-15,LF,3.464186689832474,-18.035038749377787,7.577768485345316,0.999597086257407,0.9997747258164221
2022-07-16,LF,3.175663671809705,-17.219018613028172,7.576793661005035,1.0010304573377513,1.0001603353167217
2022-07-17,LF,4.352228122641727,-20.386284648310884,7.643987629122652,1.000170533127726,1.000526180606431
2022-07-18,LF,3.0019660156397934,-20.384565919600572,6.632989910030377,0.9998085073490318,0.9994584329937112
2022-07-19,LF,2.795286979384693,-19.944024679109777,6.5338317491358175,1.0000506978558796,1.0002485444918334
2022-07-20,LF,2.13263630430615,-18.937538476653746,6.211016720300751,1.0009690994636866,1.001650809484922
2022-07-21,LF,2.493214341895247,-19.781354111449115,6.331795746189307,0.9994627860496202,1.0000183625481776
2022-07-22,LF,2.516808915587548,-19.60476440682362,5.946821909711163,1.0004845108202003,0.9999554160440424
2022-07-23,LF,2.2653231198363786,-18.520703678068564,5.254048993407489,1.001361580192762,1.0010069954288308
2022-07-24,LF,NA,NA,NA,NA,NA
2022-07-25,LF,3.394948717303793,-20.20840606369248,4.769377055297828,1.0016349059670728,1.0009792021925674
2022-07-26,LF,3.483859168848712,-18.329596545434892,4.135686900609979,0.9998503892071083,0.9999533170658974
2022-07-27,LF,3.3110117163698263,-20.404103867781313,4.316857512846412,1.0004805420583147,1.0004658074518211
2022-07-28,LF,NA,NA,NA,NA,NA
2022-07-29,LF,5.429225255289258,-22.861369296996575,4.650848632188242,1.0002201616052242,1.0004456784680158
2022-07-30,LF,5.453500415492342,-23.188397555337485,4.708171191539808,1.001926808744295,1.0011812531561493
2022-07-31,LF,5.143366913443988,-22.454457880038557,4.484052606219378,1.001123900015347,1.0006858624794004
2022-08-01,LF,3.9971120389001267,-20.928904957583402,4.374759498104167,1.0000495903049675,1.000058024175779
2022-08-02,LF,4.304163808070223,-21.417574796818837,4.707165007041704,1.000348815714111,1.0000880256843236
2022-08-03,LF,4.074367433492423,-20.959194482911712,4.878511274699968,1.000260223130783,1.0000843363351308
2022-08-04,LF,4.01659669754985,-20.73882505382873,5.282935272087938,0.999767832553977,0.9998164516778256
2022-08-05,LF,3.845205477835013,-20.26152958282331,5.8251982312122585,1.0001358285215443,1.000078845676168
2022-08-06,LF,3.24921623783639,-19.865187425825617,6.4720798281279635,1.000179007907368,1.000070315752968
2022-08-07,LF,NA,NA,NA,NA,NA
2022-08-08,LF,NA,NA,NA,NA,NA
2022-08-09,LF,NA,NA,NA,NA,NA
2022-08-10,LF,NA,NA,NA,NA,NA
2022-08-11,LF,NA,NA,NA,NA,NA
2022-08-12,LF,NA,NA,NA,NA,NA
2022-08-13,LF,NA,NA,NA,NA,NA
2022-08-14,LF,NA,NA,NA,NA,NA
2022-08-15,LF,NA,NA,NA,NA,NA
2022-08-16,LF,NA,NA,NA,NA,NA
2022-08-17,LF,NA,NA,NA,NA,NA
2022-08-18,LF,NA,NA,NA,NA,NA
2022-08-19,LF,NA,NA,NA,NA,NA
2022-08-20,LF,NA,NA,NA,NA,NA
2022-08-21,LF,NA,NA,NA,NA,NA
2022-08-22,LF,NA,NA,NA,NA,NA
2022-08-23,LF,NA,NA,NA,NA,NA
2022-08-24,LF,NA,NA,NA,NA,NA
2022-08-25,LF,4.822831935062609,-21.621705882354174,7.33225544078433,1.0005616821396202,1.000970528809
2022-08-26,LF,5.687674576890799,-22.159413223022618,7.105886220178685,0.9999618119495148,0.999618865059855
2022-08-27,LF,NA,NA,NA,NA,NA
2022-08-28,LF,6.053901741172278,-23.103149883320096,6.717692165242024,1.0019540257554336,1.002004337646264
2022-08-29,LF,6.02964880646976,-23.027800673845796,6.16879880107276,1.0005167766270702,0.9998729357755076
2022-08-30,LF,4.224337188496325,-20.827553941739424,5.082424279697339,0.9999537985496686,0.9999641065922866
2022-08-31,LF,6.1679067436193735,-23.83886256762728,4.976092261455576,1.001872054050115,1.0019789650085722
2022-09-01,LF,5.573100871338598,-23.29711385039775,4.452408700063808,1.0001928092803578,1.0001824031830975
2022-09-02,LF,NA,NA,NA,NA,NA
2022-09-03,LF,3.6079265612930524,-20.78100573411117,3.6966541661551675,0.9999277344842514,0.9997828164367919
2022-09-04,LF,4.06834397729892,-21.659538127718445,3.561256415315285,1.0005825471376228,1.0003504127027214
2022-09-05,LF,4.704782536759773,-22.811281420949264,3.5142871716825472,1.000268753026386,1.0002954972064428
2022-09-06,LF,5.189154846088774,-23.70907719103556,3.4832434110578077,0.999836415040343,0.999878676181407
2022-09-07,LF,NA,NA,NA,NA,NA
2022-09-08,LF,NA,NA,NA,NA,NA
2022-09-09,LF,NA,NA,NA,NA,NA
2022-09-10,LF,NA,NA,NA,NA,NA
2022-09-11,LF,NA,NA,NA,NA,NA
2022-09-12,LF,NA,NA,NA,NA,NA
2022-09-13,LF,NA,NA,NA,NA,NA
2022-09-14,LF,NA,NA,NA,NA,NA
2022-09-15,LF,NA,NA,NA,NA,NA
2022-09-16,LF,NA,NA,NA,NA,NA
2022-09-17,LF,NA,NA,NA,NA,NA
2022-09-18,LF,NA,NA,NA,NA,NA
2022-09-19,LF,NA,NA,NA,NA,NA
2022-09-20,LF,5.307335016555728,-24.242191414416798,2.983820957199399,1.0004992171592315,1.0005300994153887
2022-09-21,LF,4.768195361049111,-23.590582182196304,3.0405900525275107,1.0006949124439517,1.0004247044118209
2022-09-22,LF,5.14233320171809,-24.313619000842365,3.1118651085096283,1.0002985065145318,1.0003153457552192
2022-09-23,LF,4.893127026365264,-23.888708050933374,3.2535701568989572,1.000549175171141,1.0003265583030567
2022-09-24,LF,4.668605361124429,-23.336136874064582,3.3401209001310903,1.000090243357081,1.0003469544388952
2022-09-25,LF,4.526066340741236,-22.960336165041323,3.31042130841116,1.0009957270567613,1.0005676093603337
2022-09-26,LF,5.081897809909459,-24.065174344006053,3.2874275053202284,0.9997630760027472,0.9998443994458664
2022-09-27,LF,4.433397019347812,-22.83404623875618,3.599962950352105,1.0010137778475892,1.000377828114872
2022-09-28,LF,-0.3110097279934643,-14.086443365707781,3.26555236233397,1.001482494009456,1.0013271308943121
2022-09-29,LF,3.2390281179326115,-19.96970988774058,5.194280280968322,1.0007883131050657,1.000748928783094
2022-09-30,LF,3.640531390407609,-20.89591595716326,4.961415347055321,0.99982581166851,0.9997826685560852
2022-10-01,LF,3.501723655945997,-20.490499259332072,4.389150397572959,1.0005713720717258,1.0004004522120458
2022-10-02,LF,2.868009131992052,-19.153289309827645,4.556323754472007,1.001288276811587,1.0005212695422039
2022-10-03,LF,2.7387255944686393,-18.726076901747188,5.215320615215172,1.0008996386744389,1.0008894086994726
2022-10-04,LF,3.4029063324720155,-19.81849495595479,5.646998016675877,0.9995354769999276,0.9995527676759743
2022-10-05,LF,NA,NA,NA,NA,NA
2022-10-06,LF,NA,NA,NA,NA,NA
2022-10-07,LF,3.77714551104791,-20.813302995584923,5.33826623614222,1.00030641761483,1.0005354820811803
2022-10-08,LF,3.701424210199203,-20.682373105986468,5.634273428093436,0.9994493574947632,0.9992978537392226
2022-10-09,LF,4.010893808578549,-21.26799618599338,6.002700228958076,0.9999268973294749,0.9998961857005269
2022-10-10,LF,3.9471290255690095,-21.297713024915684,6.216215506427559,0.9996793844503895,0.9996547526967589
2022-10-11,LF,3.4051497348055166,-20.841004476341954,6.238759345620839,1.0005995756399242,1.000565712413162
2022-10-12,LF,NA,NA,NA,NA,NA
2022-10-13,LF,3.786466645326639,-21.172354023554146,6.027779057136939,1.0002105833038133,1.0001654976520145
2022-10-14,LF,3.2184665119479225,-19.504767690476058,6.617074141944937,0.9999228841760195,0.9998761527359474
2022-10-15,LF,NA,NA,NA,NA,NA
2022-10-16,LF,3.322839225157985,-18.403010620328658,7.648355823268227,0.9998566747651894,1.0001470589956862
2022-10-17,LF,2.976092546553352,-20.03406894278415,7.676470600141033,1.0002252006940824,0.9996797907130782
2022-10-18,LF,2.219464323967042,-13.119823181413478,6.95489160855886,1.0007524729200437,0.999817579786369
2022-10-19,LF,2.3140907383985487,-11.236339239682273,9.909778046114022,0.9997120015386401,0.9999585139560958
2022-10-20,LF,2.6727215831608815,-12.549243201840653,11.029952098465943,0.9998838766802859,1.0005169229820006
2022-10-21,LF,2.4734731143000577,-11.72223990463865,9.133147731215958,0.9995261549333111,0.999593769988491
2022-10-22,LF,NA,NA,NA,NA,NA
2022-10-23,LF,3.096906679590999,-15.523305703438526,7.510093989852041,1.001600170419447,1.0009168694205661
2022-10-24,LF,3.676974312202746,-19.172487532979158,7.7228659277704805,0.9999756007484423,1.0000578090408123
2022-10-25,LF,4.684385628585406,-22.42250648358988,7.690383139625655,1.0004712422767965,0.9999659287048339
2022-10-26,LF,3.253075141932191,-21.051485690764196,7.1961365194829225,1.000254123239373,1.0005050267563316
2022-10-27,LF,3.696591802683641,-19.709404563343085,7.596030668493947,1.0021183080632747,1.001680578001167
2022-10-28,LF,3.363438346340529,-16.620768301518723,7.310974598764396,0.9998843062829599,0.9999402606219638
2022-10-29,LF,2.0478789530093136,-12.974616384156604,7.1310723313273225,1.0009979647238532,1.0007933806422062
2022-10-30,LF,2.9037796588237232,-13.98212893690113,7.408358558838876,1.000652169888419,1.0021713517465551
2022-10-31,LF,NA,NA,NA,NA,NA
2022-11-01,LF,NA,NA,NA,NA,NA
2022-11-02,LF,NA,NA,NA,NA,NA
2022-11-03,LF,NA,NA,NA,NA,NA
2022-11-04,LF,NA,NA,NA,NA,NA
2022-11-05,LF,NA,NA,NA,NA,NA
2022-11-06,LF,NA,NA,NA,NA,NA
2022-11-07,LF,NA,NA,NA,NA,NA
2022-11-08,LF,NA,NA,NA,NA,NA
2022-11-09,LF,3.1364227213105877,-10.790503594272971,12.050910091165044,1.0013335799908583,1.0020289227082535
2022-11-10,LF,3.383355794443993,-14.709304918994185,6.215451333797229,1.0022092487220469,1.0015131075168038
2022-11-11,LF,2.8829724451442527,-20.638440050720074,6.6844755711407275,1.000115153623702,1.0004132464897122
2022-11-12,LF,3.0963233506290524,-19.118679379758024,7.139176813500564,0.9996601859835775,0.9997076943682978
2022-11-13,LF,2.2416385657189672,-11.890478720834833,6.2520727758666315,0.9994006732855111,1.000056841620317
2022-11-14,LF,2.44570893280401,-14.084968865028275,6.761193353540876,0.9994900025485108,1.0002562342370371
2022-11-15,LF,2.059953710488843,-13.461820359281297,7.559463370539816,0.9999842112521219,1.001153865554281
2022-11-16,LF,NA,NA,NA,NA,NA
2022-11-17,LF,NA,NA,NA,NA,NA
2022-11-18,LF,2.3688171377373135,-8.735027727914368,12.104528461542102,1.0002734504226205,1.0031962969842552
2022-11-19,LF,2.832231913939573,-10.074799098902703,12.05497535231954,1.0008230117247738,1.0028420061229817
2022-11-20,LF,1.7878242951667105,-9.03063164975809,12.099719770820103,1.0005398563305865,1.0014604219276604
2022-11-21,LF,3.862101002371633,-11.536969461172253,11.97819257534075,1.0017354144112598,1.0036540295087824
2022-11-22,LF,4.010368725912968,-13.742082654341084,10.302090273243062,1.0004559495940473,1.001068603008365
2022-11-23,LF,4.013901351628544,-13.514169025983671,7.936614328669369,1.0029928201148803,1.003807675874498
2022-11-24,LF,4.210066618089136,-15.86950492137609,7.521613035049778,1.0036115017855005,1.0031587358471525
2022-11-25,LF,4.418490887929102,-17.771343215229525,7.442773298068209,0.9993381136611335,0.9993400312983283
2022-11-26,LF,3.4294091046162887,-16.08464470031527,6.7599288092297405,0.9997460536221053,1.0003081131915394
2022-11-27,LF,2.6673784236239007,-13.78289781575097,6.368445476270419,0.9999142345611984,1.0001237675605672
2022-11-28,LF,2.6695441593899893,-11.986136626239585,7.029590577732643,1.0015162059168832,1.001536138274041
2022-11-29,LF,2.9510981924904702,-12.539529825347183,7.526498612530974,1.0006757724339521,1.000602584319028
2022-11-30,LF,1.667994969012065,-11.894313791732872,7.926409523222847,1.0011029547032642,1.0014523359919538
2022-12-01,LF,4.164919107342288,-14.875069369894856,11.627159946582472,1.0007076735973675,1.0015866252060284
2022-12-02,LF,-2.2450857053977646,-16.15635745936673,11.512478036801184,1.0008186654000018,1.0032578266292957
2022-12-03,LF,3.2045185940807985,-14.875508958523614,9.080861067887687,1.0021837508064828,1.0015142240240718
2022-12-04,LF,2.9833528612050277,-13.746741239273668,9.319072143068487,0.9998488733636808,1.000172858592444
2022-12-05,LF,3.965609548020204,-13.63829084060955,7.779654645289203,1.0018290641918646,1.0008971479134248
2022-12-06,LF,3.4810399663942584,-13.34247975343163,7.607738721488997,1.0018299026838566,1.0020041215354127
2022-12-07,LF,3.1312840042033203,-12.216791308870128,7.6361649765583985,1.0004330303573403,1.0021644088313688
2022-12-08,LF,3.228920251707206,-12.05446276032039,7.947919378446884,1.0010736085158463,1.0019944387300492
2022-12-09,LF,NA,NA,NA,NA,NA
2022-12-10,LF,3.3508308195489698,-11.725697872133033,8.514935254212917,1.0011222456123614,1.0010217866685551
2022-12-11,LF,3.353496179300213,-11.564419485451921,8.89958535550349,1.0003678876475466,1.0002897621396432
2022-12-12,LF,3.3322844045448683,-11.810949563593296,9.54338501864491,0.9994922068410907,1.0001315920073175
2022-12-13,LF,NA,NA,NA,NA,NA
2022-12-14,LF,4.251084255204115,-15.600818068921095,6.643190606494407,1.0005188203498605,1.000265064605383
2022-12-15,LF,0.6418084391399134,-15.980819279267308,6.704466400243873,1.0003955438878516,1.0006889539879829
2022-12-16,LF,2.2049715367522853,-8.414849677372176,7.462958041253951,1.0005600770856733,1.0011155777999994
2022-12-17,LF,2.8864664595251415,-10.393870584805466,12.061950676204019,1.0010203858086844,1.0013060613353888
2022-12-18,LF,2.4221101487445944,-7.502242942149027,12.096733606513673,1.0013423715157255,1.0019887470456157
2022-12-19,LF,2.9541673758638494,-8.485039353609874,11.965673136004126,1.0001803962691582,1.0008901191295136
2022-12-20,LF,3.36638920448391,-11.969566068606746,10.848799223114977,0.9997447975570376,0.9998200318451239
2022-12-21,LF,3.5506055633471387,-10.397002414622524,8.51881085164339,1.0003374461232264,1.000555212414284
2022-12-22,LF,4.276309150321181,-13.221440792192084,7.594086851227771,1.0002279695091776,0.9997928648183828
2022-12-23,LF,2.4945679730130608,-6.9633234646498785,5.358606805467224,1.000065167345742,0.9999193772899942
2022-12-24,LF,2.2153137569513923,-5.508621560262778,12.050888037803212,1.0001903700883334,1.002185330392371
2022-12-25,LF,2.4571910322729598,-6.084063970910118,12.015754187646902,1.0002668895012232,1.0023425894607616
2022-12-26,LF,NA,NA,NA,NA,NA
2022-12-27,LF,2.540752952421838,-8.57761061849282,12.027903083138222,1.0004771341338268,1.0017007923122345
2022-12-28,LF,2.3019277461578973,-8.730957677337607,12.020011107358597,1.0003236047059563,1.0020677930354434
2022-12-29,LF,2.904593349868965,-9.391783893167943,11.988602134989302,1.0029354652061269,1.0032568799579904
2022-12-30,LF,3.800100364947615,-11.708031728076294,11.594926883044298,1.0014738765601705,1.0020764166278375
2022-12-31,LF,1.3902704763814882,-10.855681805025979,9.774123016283747,1.0003559505124495,1.0004964827776737
2023-01-01,LF,NA,NA,NA,NA,NA
2023-01-02,LF,3.878089859494223,-11.457674750122289,12.058136107539298,1.0024996378651818,1.0033672238482214
2023-01-03,LF,4.328991397664915,-12.441505749097104,8.592332778042927,1.0004843149621516,1.0010677073385899
2023-01-04,LF,NA,NA,NA,NA,NA
2023-01-05,LF,3.4365897459968053,-10.281326832050377,8.02598327772664,1.0004753409014138,1.0004746434332
2023-01-06,LF,2.7428353334047215,-8.769904673478218,11.98326806600747,1.0003784296875666,1.002650059552803
2023-01-07,LF,NA,NA,NA,NA,NA
2023-01-08,LF,NA,NA,NA,NA,NA
2023-01-09,LF,3.0970529666438367,-10.868872906539517,10.889311143779775,0.9999582030591406,1.000779198251735
2023-01-10,LF,NA,NA,NA,NA,NA
2023-01-11,LF,3.4283280145871085,-11.014704128862505,11.76024239740902,1.0012447501253725,1.001650091071441
2023-01-12,LF,3.357516768686352,-11.036622256120406,9.718858111286982,1.0003548380674618,1.0003660682277595
2023-01-13,LF,2.8309990435032235,-9.868426490434118,10.251044072100614,1.001218294759545,1.001472248944685
2023-01-14,LF,2.3646417787725706,-6.384936410703351,12.113262076901064,1.000187634544654,1.0021121542636064
2023-01-15,LF,2.7021840827956787,-7.140731340615705,12.062371845472367,1.000404208323076,1.0035298399300978
2023-01-16,LF,2.915203066648599,-9.042538575333193,11.98308080411193,1.0001121485746671,1.0028678466428782
2023-01-17,LF,3.6705250199618904,-11.449142292365956,10.484343022041122,1.0000373055454193,1.0006470848121254
2023-01-18,LF,NA,NA,NA,NA,NA
2023-01-19,LF,4.852127037898375,-13.523630207507813,7.667811244505638,1.0019420221870936,1.0012840177936422
2023-01-20,LF,3.734279893402926,-10.272694994964269,7.560457784961522,1.0016108128957126,1.0022459393453664
2023-01-21,LF,2.55633377090227,-10.78520808210086,8.325034186755781,1.0013308127908853,1.001496614599328
2023-01-22,LF,4.803065653949335,-14.33502671741175,7.4701393217898495,1.0015604625582166,1.0013099690694922
2023-01-23,LF,3.239841773838532,-8.878967223831706,7.840740541587794,1.0006891988816755,1.0001971206169558
2023-01-24,LF,4.135365894625156,-10.381879982214295,11.467558475431993,1.0021499044904183,1.0027423674705291
2023-01-25,LF,3.0158495316455953,-13.329731043084882,7.063488766451712,1.0012888161558107,1.0008853532461515
2023-01-26,LF,2.7119672607587533,-7.846013470172318,7.889587170841662,1.0005083395287588,1.0010947598910718
2023-01-27,LF,2.2986385592545253,-5.873567849035724,12.064390606334438,1.0003567386106442,1.002244275161342
2023-01-28,LF,NA,NA,NA,NA,NA
2023-01-29,LF,3.674682138263872,-9.546676258684387,8.270960980260492,1.0000152382237484,1.0011880999889535
2023-01-30,LF,4.813655643544895,-12.917687215110023,7.567833774479444,1.0016906203772322,1.002836115397441
2023-01-31,LF,5.609551219609633,-14.006960383570682,7.890362338680395,1.0012559226504327,1.0006171782069555
2023-02-01,LF,5.921304214359506,-15.595207465655884,7.9048017229142165,1.0005684814158606,1.0014341274922574
2023-02-02,LF,7.584676387573422,-19.51523815296278,7.929532013887244,1.0010267546705311,1.0010297308709368
2023-02-03,LF,3.584863341636528,-11.086662600353124,5.337944049895758,1.0014889886831082,1.0020335528879252
2023-02-04,LF,4.1263290718626555,-10.536851044925859,7.759945696335699,1.0020572720959915,1.0011263169130196
2023-02-05,LF,6.897003903062825,-16.767763364472756,7.8305798504068695,1.0008046903726366,1.000344882062202
2023-02-06,LF,6.886032678522485,-19.414310684351452,7.512271755126616,1.000550996034218,0.9997439909355581
2023-02-07,LF,6.972825293473255,-19.88743161534569,6.780445262759817,1.0003743687413793,1.0005309611137985
2023-02-08,LF,6.527619543776357,-20.24197001999812,6.15974467500831,0.9998320892103417,0.9998678476450098
2023-02-09,LF,NA,NA,NA,NA,NA
2023-02-10,LF,6.143158830817064,-21.5034400497764,5.502379885072718,0.9999777876738151,0.9997622042529981
2023-02-11,LF,3.3050405647120957,-18.014874753165852,4.063560186022916,0.9998332914112389,0.9993521548271054
2023-02-12,LF,4.462558247301501,-16.50006900250824,4.615289817840665,0.9995365820801466,0.9996325589585915
2023-02-13,LF,6.203641450625124,-19.572266869933586,6.54911362166348,0.9995772880392093,0.9997604737153285
2023-02-14,LF,NA,NA,NA,NA,NA
2023-02-15,LF,7.692494867065846,-23.86638480886155,5.015566980586032,1.000218757245661,0.9996435271948985
2023-02-16,LF,8.287765936783334,-26.40938731187893,4.505462930870713,1.0017453348782435,1.0013457567720085
2023-02-17,LF,5.376864754768053,-24.82619123950462,4.098317950944856,1.0002583382214363,1.0002085158825984
2023-02-18,LF,5.712152719696216,-22.802830076753953,4.35261562610591,1.0015797008477874,1.001135353598827
2023-02-19,LF,5.627754216895095,-22.617624215736345,3.2649559183812396,1.0002441802760327,1.0001811493842325
2023-02-20,LF,6.432411516156632,-21.551594963064165,2.5421255397655917,0.9997708833384453,0.9996547134243718
2023-02-21,LF,5.996699564064775,-17.51881147483017,1.6932679489552556,0.9992326410711313,0.9992872268472137
2023-02-22,LF,6.464137236226117,-17.16030004104631,1.5585646668938236,1.001218161929037,1.0014181636850312
2023-02-23,LF,6.826346006565528,-17.226625703007198,1.4477384965692368,1.0002962360088492,1.0001106995392335
2023-02-24,LF,7.340425427724695,-21.560988226423625,2.091586480227275,0.9996531865331532,0.9996308885969145
2023-02-25,LF,8.0975689360146,-25.9930430631507,2.661763708932606,1.000079150020812,0.9999760756593667
2023-02-26,LF,8.400290029840416,-27.41868546796682,2.8926762062264206,1.0002112060442756,1.0002547151633643
2023-02-27,LF,8.56548890556348,-29.65730862960663,3.129938731120475,1.0020085115828796,1.0016585345800026
2023-02-28,LF,7.179403091884872,-22.63880319613467,2.2596986503994296,1.000743348177129,1.0006475531027077
2023-03-01,LF,8.095476310949467,-28.699255746429625,3.2581964175669555,1.000674842736695,1.0003882867946001
2023-03-02,LF,9.156626393619085,-31.22492564728787,3.7142473502188267,1.0006873171741881,1.0007802367634129
2023-03-03,LF,9.14160756615674,-30.119562010759925,3.2025558182821294,0.999506950962591,0.9996010556511553
2023-03-04,LF,4.801527087146719,-17.56295444366974,1.9134547029599174,0.9997221405521911,0.9996514967483399
2023-03-05,LF,7.343556296487897,-29.917870759159616,4.098299245686826,0.9994908240440789,0.9996166942087144
2023-03-06,LF,7.444859483965359,-28.88315744213257,4.116392601774823,1.000884679041263,1.0006656001766638
2023-03-07,LF,7.023707621747151,-27.4110492829469,4.029619305962698,1.000950175689154,1.0002769806058407
2023-03-08,LF,6.6009926632633436,-25.40686926433372,4.373083143146164,0.9997078697106909,0.9997251589334261
2023-03-09,LF,6.9356794171745655,-26.608501919079714,4.806587029343198,0.9997768658221393,0.9998840138134854
2023-03-10,LF,7.385497903001386,-28.256153050133914,4.5450840659453435,1.000514035300458,1.00074017175385
2023-03-11,LF,6.08882642928695,-24.576409895623183,4.64501646051315,1.001903730512593,1.0016866415845622
2023-03-12,LF,5.718840397587351,-23.65036651361546,4.170368820590766,1.00034008965591,1.0002182713136625
2023-03-13,LF,4.2956775789451,-15.285539593719962,2.383796593995431,1.0003665195638387,1.000559485024858
2023-03-14,LF,5.611033658035653,-22.00180285109952,5.263575930049057,0.9998772578265452,0.9998394388169366
2023-03-15,LF,6.516697735326151,-23.304071476879134,6.002677889566596,0.9993104715747668,0.9994847140557424
2023-03-16,LF,6.779161072366502,-22.253009044132767,4.666820467170516,0.9999529677212449,1.0001621871644335
2023-03-17,LF,9.13260016608915,-28.982896303779068,4.706710551794922,1.0016175638860692,1.0015230946902496
2023-03-18,LF,1.7094549905982541,-10.951049856427282,2.272432762565256,1.0002703665873252,1.0000504664282128
2023-03-19,LF,5.248890742157655,-19.74652766271542,5.332069741656549,1.0007967634211798,1.0007314096808044
2023-03-20,LF,5.168062608917913,-19.361836243871295,6.074814998318068,0.9994929669229087,0.9994263429629591
2023-03-21,LF,6.42519685794875,-22.579617330398044,5.598918077648677,1.0014182186742124,1.0018520607055836
2023-03-22,LF,8.360985896480427,-26.819532616058314,5.3970933927308264,1.0004648051369576,1.0001198098956297
2023-03-23,LF,7.533388605431564,-25.573432307082154,4.8290852766662775,1.0009333815615256,1.0004403895402487
2023-03-24,LF,7.521378246808038,-25.59063365079001,4.629521260650405,0.9996417368003815,0.9998631013689775
2023-03-25,LF,7.588514939719689,-25.06745684825824,4.221495507267313,1.0025917518517777,1.0020140733458833
2023-03-26,LF,7.116619642203236,-24.16089643293039,4.2995516218919,0.9995263244226156,0.9995161340573745
2023-03-27,LF,7.620306258183219,-25.92913608058853,5.162739216569104,0.9997381856966472,0.9994605598511646
2023-03-28,LF,6.080960518578089,-24.701014076534882,5.490312509638301,1.0011586502964827,1.000737595261389
2023-03-29,LF,7.636744904811156,-24.388420202308527,6.483518321919776,1.0005349701251172,1.0001198924253312
2023-03-30,LF,7.029344652804952,-23.480284014113014,6.7431223061795755,1.000385741428681,1.0000664864539908
2023-03-31,LF,8.187887720258297,-24.99942949640044,6.126916065339064,1.0002371999303579,1.0005731390388866
2023-04-01,LF,NA,NA,NA,NA,NA
2023-04-02,LF,9.04835019855664,-25.01725754989961,5.3497609534005335,1.000400778985539,1.0000571871993784
2023-04-03,LF,8.598744757278306,-24.610807101061166,5.413081579112062,1.0003496083699737,1.0004435743059326
2023-04-04,LF,7.792167816892616,-24.12393173631994,5.237185141860495,0.9998035901116705,0.99929756076059
2023-04-05,LF,8.17529972770883,-22.170335138557462,4.83403276918905,0.9995140019629011,0.9995352442059416
2023-04-06,LF,7.085843182580745,-23.45555219363202,5.3556914736967425,0.999570492592129,0.9998474376426101
2023-04-07,LF,NA,NA,NA,NA,NA
2023-04-08,LF,NA,NA,NA,NA,NA
2023-04-09,LF,NA,NA,NA,NA,NA
2023-04-10,LF,NA,NA,NA,NA,NA
2023-04-11,LF,NA,NA,NA,NA,NA
2023-04-12,LF,NA,NA,NA,NA,NA
2023-04-13,LF,6.407673642582838,-22.65117954834937,5.8246050920812715,1.0010806189902284,1.00138421981053
2023-04-14,LF,7.3014547838334884,-22.850559285569457,6.390264792036449,0.9997207344258753,0.9999196804084562
2023-04-15,LF,6.8791091680459155,-23.099368564834656,6.399285065967228,1.0015190525439523,1.0007542383727306
2023-04-16,LF,8.269495636641539,-23.823314072247886,6.542255246352612,1.0002126959281668,1.0001021805577452
2023-04-17,LF,6.120708904730345,-18.17950818635158,7.479494916217254,1.00082169979697,1.0003292171123663
2023-04-18,LF,6.445313266619283,-17.302506864457186,8.026249427628594,1.000611443182203,1.0009095500981444
2023-04-19,LF,NA,NA,NA,NA,NA
2023-04-20,LF,7.454985424456997,-20.60728391385284,7.524566997517585,0.9995578322319506,1.000132564973812
2023-04-21,LF,7.734857045228655,-21.096333759958842,7.037145327239454,1.0013852271877006,1.0020851120722285
2023-04-22,LF,7.067518513632533,-20.13265978457304,6.71610570271563,0.9998050005888952,1.000155745260128
2023-04-23,LF,7.2509475648585155,-18.39576091344215,7.904395476441138,0.9998219044311065,0.9999119348962219
2023-04-24,LF,4.0012078140388025,-15.637037919764614,7.620904319000037,1.0001359679339739,1.000323642079127
2023-04-25,LF,5.952261575735812,-16.52128734087776,7.753847781436266,1.0000942903945789,1.0006047396809359
2023-04-26,LF,5.821899406675475,-14.919471141852895,7.7084162303760895,1.001335918665645,1.0024803984159536
2023-04-27,LF,7.043513925935953,-16.480964876562894,7.400781975530308,1.0012942963388964,1.0011882385923256
2023-04-28,LF,6.715884893973333,-16.89369272553062,7.41215437518207,1.0007848879602492,1.000009985862911
2023-04-29,LF,5.854854505420662,-19.607331444167844,6.761262324487901,1.0012140375847156,1.000557140768987
2023-04-30,LF,NA,NA,NA,NA,NA
2023-05-01,LF,7.31848575416139,-16.765894295962283,7.786942548613617,1.0016482649934981,1.0009451003250234
2023-05-02,LF,6.450098138334528,-13.851446354539688,7.576915497768411,1.000257807728914,1.000714883299395
2023-05-03,LF,5.850820621835128,-12.737582280928516,7.6516673698859625,0.9998867876414287,1.0000582864801
2023-05-04,LF,6.185873736979345,-12.925338448660202,7.623127855067297,1.000654739655824,1.000868807120379
2023-05-05,LF,NA,NA,NA,NA,NA
2023-05-06,LF,6.24783001209335,-12.77903723317062,7.4228835298858895,1.0015667978386387,1.0012448681579176
2023-05-07,LF,NA,NA,NA,NA,NA
2023-05-08,LF,6.57618421803483,-14.978788941025325,7.215411178440376,1.0005324283625943,1.0009199255383854
2023-05-09,LF,7.067117072239689,-14.05596008635046,6.959026811151297,1.0011403427631247,1.0005727212506892
2023-05-10,LF,6.52859842091393,-13.341927732464606,7.863293152855277,1.0019685359357975,1.0026958454966703
2023-05-11,LF,6.786906480441453,-14.296061629594469,9.683295653916895,1.0007723698567224,1.000954157406754
2023-05-12,LF,7.018418968156932,-14.287578789526039,10.08248486821266,1.000614018335737,1.0008326995774453
2023-05-13,LF,6.618330534726505,-14.015098461615521,9.690086809052646,1.0007395100629286,1.000264690196308
2023-05-14,LF,NA,NA,NA,NA,NA
2023-05-15,LF,6.001631041126866,-13.256282166795934,9.655863990409143,1.0011593763138098,1.0013591493290108
2023-05-16,LF,7.2672908938547724,-14.023776250113647,8.8225259396041409,0.9997227123340041,1.0008236962895862
2023-05-17,LF,6.640962145952662,-13.912309599241222,7.540157588128655,1.0014087159648173,1.0008209946122593
2023-05-18,LF,5.892841725570382,-13.420108279305211,7.228568986732099,1.000336124007989,1.0008572491407965
2023-05-19,LF,6.21611689447309,-12.425703588170787,7.88441852186152,1.0001329027430856,1.0000840360558765
2023-05-20,LF,NA,NA,NA,NA,NA
2023-05-21,LF,NA,NA,NA,NA,NA
2023-05-22,LF,6.157076200785284,-13.13558249487802,8.099729176867614,1.000259269539834,1.0003046090866192
2023-05-23,LF,5.598303128002227,-13.888100754509578,8.14268200384856,1.0009459995564784,1.0017254498015322
2023-05-24,LF,5.548382359731196,-12.820015412210992,9.63793602911788,0.9995753625255102,0.999878217640477
2023-05-25,LF,5.911675239581201,-12.586140144252532,10.34050926439206,1.0010973412566038,1.0012780134894634
2023-05-26,LF,2.506410050331449,-10.192674020850493,11.78895775029987,1.0012651379380204,1.0021427025354566
2023-05-27,LF,5.65331046034069,-11.29024127034013,11.978531998229316,1.0020749675859237,1.003022745516219
2023-05-28,LF,NA,NA,NA,NA,NA
2023-05-29,LF,6.924644791831344,-13.175462197262645,9.776921149810894,1.0005947980596446,1.0004652608973545
2023-05-30,LF,7.011647625995225,-13.4254983658391,8.003509625410834,1.0008857126200104,1.0029561752503953
2023-05-31,LF,6.252448019886302,-13.5899365868185,7.218710231697451,1.0014061704306938,1.0011705416724297
2023-06-01,LF,6.990478140073983,-14.17380217484879,7.506265263961191,1.0001203623979797,1.0003768536893298
2023-06-02,LF,6.44366821750736,-12.327223982042664,7.681788221981136,0.9999061148558389,1.0005216454280037
2023-06-03,LF,6.769661277843828,-13.44429923282261,7.198995646381875,1.0013258535751601,1.0000388640126614
2023-06-04,LF,NA,NA,NA,NA,NA
2023-06-05,LF,6.341995250120153,-11.624627738385403,7.305198697779145,1.0014434223511999,1.0014870394312267
2023-06-06,LF,6.701710063962355,-12.474762107920139,6.371919327878605,0.999894030782825,0.9996663802678589
2023-06-07,LF,5.239090761909479,-14.021813183210645,6.577428690347577,1.001889603970894,1.0020349482182873
2023-06-08,LF,5.49948701303216,-12.730678410141458,5.778694620606405,1.0014999174919628,1.0001441696283322
2023-06-09,LF,5.854603948291968,-15.10591438924583,7.2865125476363755,1.000214426532393,1.0006131226214983
2023-06-10,LF,4.986184374133648,-12.449463815100597,7.993733969964868,1.0018305453490726,1.002116187526959
2023-06-11,LF,6.297801713306012,-12.932305885843967,8.111007979413946,1.0008916416565683,1.0018426062675796
2023-06-12,LF,6.132999455295434,-12.817684976634602,7.413139232572926,1.0001379722038393,1.0022449578354578
2023-06-13,LF,5.486437622724236,-11.639818617430851,7.765377297300512,1.000098230947067,1.0022308803221545
2023-06-14,LF,6.696188245807546,-13.102107554371878,7.682354696435115,1.0028422742012129,1.0024792228561503
2023-06-15,LF,5.3531013824171705,-13.462981054034438,7.024490285385545,1.0003478949923958,1.0005448112935813
2023-06-16,LF,7.297592367683948,-16.575931969697763,6.762706954391251,0.999470957337819,1.0001730077824689
2023-06-17,LF,7.032476314188854,-15.03345679292702,6.795186718512201,0.9999658736562043,0.9999208225284849
2023-06-18,LF,7.6619980224651,-15.575218339742287,6.793726820801429,1.0007152114722555,1.0004397978623345
2023-06-19,LF,8.542985386064734,-21.337991655877246,7.7021834740463335,1.0011236270549564,1.0009292073137452
2023-06-20,LF,3.044981129307538,-9.057199900575256,1.9152835923410183,1.0015297708525663,1.0020805831450346
2023-06-21,LF,2.0342012754945142,-14.633523835070173,4.182234760590325,1.0008769583529173,1.0008320767146186
2023-06-22,LF,2.6564692778228935,-19.212500739634898,4.5080020439499755,0.999550858648716,0.9995683675045812
2023-06-23,LF,5.53963310200486,-21.834643172856214,4.215569513337863,1.0001669931542232,1.0000473147198492
2023-06-24,LF,4.680034030646642,-21.424852286570005,4.755021494489938,1.000612314716254,1.0004356453756356
2023-06-25,LF,4.630974976413694,-21.669652933423794,4.792456697216415,0.9993302173992554,0.9993349512238796
2023-06-26,LF,4.872143459488496,-21.517997890854506,4.178022413853484,0.9994998189758042,0.9994467292438537
2023-06-27,LF,4.428189322357292,-21.329253773438452,3.667961863397644,1.0014964282738852,1.0008445158214427
2023-06-28,LF,4.6295125965298425,-21.98115773049038,3.400690406499074,1.0023758912068836,1.0018745080437097
2023-06-29,LF,4.838914494584471,-22.030217980202828,3.2532497066096195,1.0000424802511132,0.9997886372198199
2023-06-30,LF,5.253374438343504,-22.90947015662325,3.2277190796560897,1.0015348933178656,1.0009328902788837
2023-07-01,LF,5.755284246572994,-23.488102128421694,3.1442969414621555,1.00149800061361,1.0015715212797176
2023-07-02,LF,NA,NA,NA,NA,NA
2023-07-03,LF,5.265971079491749,-22.740717120381223,2.957680578003107,1.0003849875414885,1.000510455670677
2023-07-04,LF,5.188816058184608,-22.080822076104877,2.884629349697494,1.0010294219057099,1.0009789319342022
2023-07-05,LF,5.7072412683266265,-23.414335465965706,3.1497354264049764,0.9995313603339596,0.9998490096410079
2023-07-06,LF,5.331624226731342,-22.788643537453403,3.1945409194246386,0.9996074006496235,0.9995641861097239
2023-07-07,LF,3.123483389133618,-19.034345461096898,2.9523659574053776,0.9997407460689047,0.9999613732566082
2023-07-08,LF,5.517093639513235,-23.1084765356209,3.6019124545548715,0.9997729021153231,1.0000560100415599
2023-07-09,LF,4.682756643096888,-21.327464604357957,3.547698233176344,0.9995679123713191,0.999836417068943
2023-07-10,LF,1.834442896437212,-17.07146301199248,3.264627280735469,1.0010475134090326,1.001041574245071
2023-07-11,LF,5.287099825345217,-20.748840763287422,3.7104567518482368,1.0003589326056708,1.0001914866370014
2023-07-12,LF,5.102085034470167,-21.13900937241658,4.47916144754746,0.9995493859224223,0.9994999280481318
2023-07-13,LF,6.286158295371137,-22.710715460394045,5.217656260278445,1.0004673105172186,1.0001519966904135
2023-07-14,LF,2.6738335011585987,-18.2238983281504,4.562119928727921,1.0009808583562176,1.000721791257518
2023-07-15,LF,NA,NA,NA,NA,NA
2023-07-16,LF,4.054098626830587,-20.467293362449723,4.7903462720090095,0.9995375246730307,0.9995835292264696
2023-07-17,LF,7.123689417963049,-23.017414803757678,5.2592279804225,0.9998695865510207,0.9994091813975028
2023-07-18,LF,5.730010596558209,-21.972567634498738,5.350481391645055,0.9997590357953829,1.0001464135650782
2023-07-19,LF,6.783529935628494,-22.911548421689666,5.64826186162611,0.9998167007812302,0.9996278585250109
2023-07-20,LF,6.136381730503331,-22.432934136261487,5.865876962056845,1.0006851239542753,1.0004342349378295
2023-07-21,LF,6.656205639738117,-22.361518949073687,6.007958499053743,1.000042577668541,0.9998273571190595
2023-07-22,LF,6.593881922803511,-22.4103045595419,6.131319195980952,0.9999316960351198,1.0001464076046163
2023-07-23,LF,2.087159861823739,-18.97833767217018,5.779367747109323,1.0000220568191056,0.9999582583417472
2023-07-24,LF,5.852238136149911,-21.596507162998645,6.659286802987544,1.0020934226640772,1.0006354216877054
2023-07-25,LF,6.145893759047263,-21.31302073634995,7.2627380861841875,0.9999366303002383,1.000073243644275
2023-07-26,LF,5.556586086546131,-20.40237740004149,7.642617794778402,0.9999431662970854,0.9998984787727813
2023-07-27,LF,6.95051563452068,-22.21112155844188,7.930772325574866,0.9995392530630751,0.9995107735188774
2023-07-28,LF,5.768641670186691,-21.520506156757943,6.965794409644709,1.0005294707615868,1.0001210361437598
2023-07-29,LF,NA,NA,NA,NA,NA
2023-07-30,LF,NA,NA,NA,NA,NA
2023-07-31,LF,7.20208008631771,-22.52111754619287,6.574221440163566,1.0010547028342711,1.0006938818597815
2023-08-01,LF,8.615062993948762,-24.216451075309628,6.306787132932513,1.0007421534507432,1.0006290571767302
2023-08-02,LF,8.446142864226006,-24.24456592376192,6.322125647094971,0.9999728316191954,1.000377726864614
2023-08-03,LF,9.009777990329397,-24.65887849497397,6.0292088955927605,0.9996536118995245,1.0001798275449316
2023-08-04,LF,6.220674214052469,-20.106169701776036,4.805763134104294,1.0000563665283473,0.9999054468930685
2023-08-05,LF,5.073369590410225,-20.459077559318523,4.879850016764282,0.9998991493528587,1.000083383348815
2023-08-06,LF,8.290307310553187,-23.63581791454993,5.265702904237778,1.000480517129713,1.0003948148130581
2023-08-07,LF,7.1493228839122365,-22.91262210697829,5.2174002921039815,1.000015953301009,1.0003537679126437
2023-08-08,LF,6.84719246667264,-22.54993071011779,5.148049735638515,0.9999498614661918,0.9998801715102748
2023-08-09,LF,7.225163383475305,-23.1772783536773,5.314713432909664,0.9997868718835875,1.0001283149223699
2023-08-10,LF,7.215900850603849,-23.602396352481794,5.429818420763057,0.9994312788009121,0.9995415867937275
2023-08-11,LF,7.730622928585629,-23.789790085519034,5.626140149602217,1.0007811329921001,1.0001378820127538
2023-08-12,LF,8.119111763347501,-23.846539259786137,6.013147333597197,1.0000610356483672,1.0000196564210329
2023-08-13,LF,8.915022128066678,-24.874335128547877,6.431897855319408,1.0013299733972705,1.001232608001845
2023-08-14,LF,3.650859269782573,-18.134235984171397,5.02672222455838,0.9992346609396527,0.999188478280789
2023-08-15,LF,6.7971270079489345,-22.833501942855396,6.048726705968816,1.000627158489999,1.0011142318710806
2023-08-16,LF,8.531367026525219,-24.030243609136168,5.96911511176431,1.0003501773836287,0.9997515827021554
2023-08-17,LF,6.54912387632859,-21.850717354732982,5.625641361583906,1.0001233158037526,1.0002999297575357
2023-08-18,LF,NA,NA,NA,NA,NA
2023-08-19,LF,8.493589863528774,-23.559223651884864,6.174723538333045,0.9994151574327342,0.999386981325157
2023-08-20,LF,NA,NA,NA,NA,NA
2023-08-21,LF,9.454972200514911,-23.992405392672204,6.257883511736053,0.9996171683414066,1.0000626407813855
2023-08-22,LF,8.44266755206517,-22.87025537372861,6.297875721897995,1.002488521031879,1.001194543687369
2023-08-23,LF,8.929080078217524,-22.909895173746097,6.530098805680355,1.0000002915555692,0.9998830661092214
2023-08-24,LF,9.257811804387371,-23.88986083030736,7.0635980673992025,0.999863500326671,0.9995139942380231
2023-08-25,LF,8.376464112667227,-23.09128895079503,7.342358979126613,0.9993212974578488,0.9994256176776355
2023-08-26,LF,NA,NA,NA,NA,NA
2023-08-27,LF,8.531714676009896,-23.65276208896624,7.119374269360335,0.9997427133531768,0.9995192184799102
2023-08-28,LF,9.061867020200433,-23.29103650370018,6.5480676295633735,0.9997875039931743,1.0001933345745004
2023-08-29,LF,10.06233007333727,-27.88155568924089,6.131819965297455,1.0003994102032927,1.000021613166517
2023-08-30,LF,2.0250541612271697,-8.273427209937461,1.1860043491012517,1.0002190448514314,0.9999159541041741
2023-08-31,LF,6.063153019927223,-22.198245957254667,3.545613720227935,1.0002213710646954,0.9999860563699847
2023-09-01,LF,4.004275228209749,-18.64268975278085,4.3110196566167165,1.0018003648019747,1.0013480420033531
2023-09-02,LF,6.499766303394813,-23.6394202017927,6.474837819319385,1.0014828021949007,1.0018725584603838
2023-09-03,LF,7.125016877708426,-24.192766708258485,6.073299893638691,0.9996482953552753,0.9994135734335583
2023-09-04,LF,7.184084697890686,-23.888609783877406,5.235657072381713,1.0004389320132967,1.0003417001177561
2023-09-05,LF,7.548119436751298,-25.226552844751367,4.918099854591412,1.0038023094394504,1.003230471865479
2023-09-06,LF,6.556244481156842,-24.0927488871615,4.484920834583167,0.9997281211259754,0.99959149525552
2023-09-07,LF,6.139766957135445,-24.699688779216142,4.506918027778627,0.9997529373250696,1.000108434222763
2023-09-08,LF,6.519035679413878,-23.557434918418508,4.155453547586932,0.9996058004472758,0.9995739082034831
2023-09-09,LF,5.578350601847992,-22.45020298811793,3.9647502814039806,1.0006923837882788,1.0004516290769812
2023-09-10,LF,NA,NA,NA,NA,NA
2023-09-11,LF,6.497936007248813,-25.26639942238179,4.5473859238380685,0.9997657815836043,0.99978511525843206
2023-09-12,LF,6.695991652704024,-26.441288102433134,4.6978677858139095,1.0008581620152766,1.0009379043386732
2023-09-13,LF,7.068736198259034,-25.648538127422277,4.460646850232883,1.0005581947172653,1.0003042543699447
2023-09-14,LF,6.461152989199367,-25.44706566991738,4.573389917957361,1.000809346709005,1.0008568587566096
2023-09-15,LF,NA,NA,NA,NA,NA
2023-09-16,LF,NA,NA,NA,NA,NA
2023-09-17,LF,NA,NA,NA,NA,NA
2023-09-18,LF,NA,NA,NA,NA,NA
2023-09-19,LF,NA,NA,NA,NA,NA
2023-09-20,LF,NA,NA,NA,NA,NA
2023-09-21,LF,NA,NA,NA,NA,NA
2023-09-22,LF,NA,NA,NA,NA,NA
2023-09-23,LF,NA,NA,NA,NA,NA
2023-09-24,LF,NA,NA,NA,NA,NA
2023-09-25,LF,NA,NA,NA,NA,NA
2023-09-26,LF,NA,NA,NA,NA,NA
2023-09-27,LF,NA,NA,NA,NA,NA
2023-09-28,LF,3.904496287375619,-20.876430585944828,6.424279257514135,0.9997260924642015,1.0004050673060134
2023-09-29,LF,4.7858926551021,-22.255307259781134,6.821024659191019,1.0030087111656185,1.002605190632516
2023-09-30,LF,4.528679079348113,-21.403116308661026,6.500770796871718,0.9998274311570156,0.9996170234980204
2023-10-01,LF,3.4278208903252616,-20.244240169992835,6.8761546153635456,1.0002432896199922,0.9998405334829973
2023-10-02,LF,4.160410913060978,-20.96510797025246,7.8237040203770745,1.0000306150709748,1.0001689933922235
2023-10-03,LF,NA,NA,NA,NA,NA
2023-10-04,LF,4.545806431191466,-21.54084526734087,7.760640670304271,1.000598643926528,1.000349899749343
2023-10-05,LF,3.891674372658374,-21.43477097115384,7.389679254551989,1.0011525987132082,1.0009387291984055
2023-10-06,LF,4.211797774830968,-21.46591866525927,7.131962790437473,0.9995145553118442,0.9997570858883034
2023-10-07,LF,2.921952369086707,-18.71388000882809,7.487119330241184,0.9998633895509078,0.9997863038237544
2023-10-08,LF,3.0817732150511308,-14.616706206106478,7.792339550633677,0.99994595466136,1.0000207073353193
2023-10-09,LF,3.1379746286517634,-14.942616357353774,7.764787338892658,1.000225727282987,0.9998766250548417
2023-10-10,LF,4.0460632772022285,-17.97978036843419,7.8075194877239475,1.0004521078336994,1.0004282764935928
2023-10-11,LF,NA,NA,NA,NA,NA
2023-10-12,LF,3.5306527979068187,-21.852487435540805,4.488562778055173,1.0003330887898574,0.9998720100566472
2023-10-13,LF,NA,NA,NA,NA,NA
2023-10-14,LF,3.3240555701227383,-20.162110348107866,5.992912327323801,0.9994042704817914,0.999364370408633
2023-10-15,LF,3.5060951635411786,-19.288409524079242,6.656627120685632,1.0000124228148382,1.0000877365245884
2023-10-16,LF,3.42142941489146,-16.88953311461081,7.648231283874312,1.0004116813373451,1.0004071447040739
2023-10-17,LF,3.8293838583566124,-17.064336428538564,7.895535282543942,1.0006354482922488,1.0006555110172897
2023-10-18,LF,3.903573476199419,-19.708112087446427,7.8858569042801046,1.00184761699069,1.0014142087295257
2023-10-19,LF,4.066781020566079,-19.886411516801015,6.952935535523384,1.0007092741711512,1.00082273591578
2023-10-20,LF,3.8975900351332746,-20.648258849386984,5.933095294062583,1.000254118416298,1.000320464633828
2023-10-21,LF,3.0480295013334264,-18.631488970929173,5.672033553534756,0.9993468337222745,0.9993820758902824
2023-10-22,LF,3.6855528376185682,-19.82604691116509,6.3891443298551245,1.0008810781128694,1.001023177431284
2023-10-23,LF,3.571695677809836,-19.59437775760253,7.122701508755394,1.0014377225608293,1.0010083454417187
2023-10-24,LF,3.4267972127684447,-20.3037399437809,7.713276483172712,1.0007631096212455,1.0008030547994775
2023-10-25,LF,3.7096572181311678,-21.141900671706765,7.509859505574953,1.0008910717842414,1.0005216435948396
2023-10-26,LF,4.601330630929871,-21.97451163823788,7.0964516702182445,0.999776284400666,0.9999047687513237
2023-10-27,LF,4.293142485827687,-21.432276291783715,6.626308633539313,1.001336164601842,1.0011246898140722
2023-10-28,LF,4.1728765461968536,-21.383584025055164,6.5601402010112935,0.9996125748752157,0.9996749405229235
2023-10-29,LF,4.048184580409208,-21.448519385292684,6.597620954035153,1.0002172963327314,1.000397592439228
2023-10-30,LF,3.929441616362695,-21.38317637996482,6.24298467794516,1.0006788482952025,1.000354169899576
2023-10-31,LF,3.173720006669201,-18.964808371291493,6.112637226070899,0.9997358308021429,0.9998132152682119
2023-11-01,LF,NA,NA,NA,NA,NA
2023-11-02,LF,NA,NA,NA,NA,NA
2023-11-03,LF,NA,NA,NA,NA,NA
2023-11-04,LF,NA,NA,NA,NA,NA
2023-11-05,LF,NA,NA,NA,NA,NA
2023-11-06,LF,NA,NA,NA,NA,NA
2023-11-07,LF,NA,NA,NA,NA,NA
2023-11-08,LF,NA,NA,NA,NA,NA
2023-11-09,LF,NA,NA,NA,NA,NA
2023-11-10,LF,3.7899074620085775,-20.500964235628626,7.865149335602367,1.0004224107224382,1.0003064633268322
2023-11-11,LF,NA,NA,NA,NA,NA
2023-11-12,LF,NA,NA,NA,NA,NA
2023-11-13,LF,NA,NA,NA,NA,NA
2023-11-14,LF,NA,NA,NA,NA,NA
2023-11-15,LF,2.4305454139009983,-13.636638657868728,7.294207468314171,1.0008692781070283,1.0012088843234197
2023-11-16,LF,1.2016414448179582,-12.444715487729296,7.27419807230775,1.0002227438798112,1.0007718429023031
2023-11-17,LF,2.4995655160947843,-12.75926692325376,7.368971890052744,1.0019336697612795,1.002244760911965
2023-11-18,LF,2.1550624596385615,-11.58928505161931,7.256349265347778,0.9996198192543655,0.9998984689836118
2023-11-19,LF,NA,NA,NA,NA,NA
2023-11-20,LF,NA,NA,NA,NA,NA
2023-11-21,LF,2.811835303824926,-15.529292706321572,7.150583535834646,1.0000980151976322,1.0001943880880466
2023-11-22,LF,1.600776083841824,-13.721054189318501,7.27142262462535,1.0008341381209318,1.0007401268186098
2023-11-23,LF,NA,NA,NA,NA,NA
2023-11-24,LF,NA,NA,NA,NA,NA
2023-11-25,LF,NA,NA,NA,NA,NA
2023-11-26,LF,1.4113684535191766,-12.716752502536526,7.1893264158807835,1.0007824030580417,0.9999002492845418
2023-11-27,LF,NA,NA,NA,NA,NA
2023-11-28,LF,NA,NA,NA,NA,NA
2023-11-29,LF,NA,NA,NA,NA,NA
2023-11-30,LF,NA,NA,NA,NA,NA
2023-12-01,LF,NA,NA,NA,NA,NA
2023-12-02,LF,2.964470274278903,-16.96246588335863,7.207306927741094,0.9993984308140319,0.9994708948409449
2023-12-03,LF,1.5585978228726458,-15.725854792909864,6.945743180377097,1.0011164603531986,1.0014548529807248
2023-12-04,LF,2.281109336814585,-12.429635586146514,6.719158915710545,1.0004727345666475,1.0011375296709584
2023-12-05,LF,NA,NA,NA,NA,NA
2023-12-06,LF,NA,NA,NA,NA,NA
2023-12-07,LF,NA,NA,NA,NA,NA
2023-12-08,LF,NA,NA,NA,NA,NA
2023-12-09,LF,4.382130174182361,-21.18037377629583,5.9837659619266805,1.0000326220558498,0.9996603933628595
2023-12-10,LF,4.24331385908389,-22.363755107273334,5.376423052010232,0.9992112253025026,0.9992432460003495
2023-12-11,LF,2.3651978941924603,-16.44881913026037,6.278069479529563,1.0009487255161522,1.0001705274485762
2023-12-12,LF,NA,NA,NA,NA,NA
2023-12-13,LF,NA,NA,NA,NA,NA
2023-12-14,LF,NA,NA,NA,NA,NA
2023-12-15,LF,NA,NA,NA,NA,NA
2023-12-16,LF,NA,NA,NA,NA,NA
2023-12-17,LF,NA,NA,NA,NA,NA
2023-12-18,LF,1.3714845547616346,-16.139791459482527,3.691278194372212,1.000065760063807,0.9998640552000625
2023-12-19,LF,1.7722113242072597,-16.44785958898283,4.374980695864983,0.9998494513043711,0.999950362316518
2023-12-20,LF,1.9846670780719389,-15.220099843624185,3.226666260327768,1.001888927415014,1.0019549189637933
2023-12-21,LF,1.7344401817082016,-14.467678053546887,2.416726319272825,0.9998623227582055,1.000259060462115
2023-12-22,LF,2.128961800739194,-15.731468425292293,2.1773227547303633,1.000532988765992,1.000364141566485
2023-12-23,LF,1.6320828091592505,-14.791074695073497,1.9155294673090897,0.9994022221839606,0.9995074535642049
2023-12-24,LF,2.1283592513683893,-15.161329465027196,1.6258201598692408,1.0003682144721906,1.000039531476077
2023-12-25,LF,1.2430108126468165,-13.992169054361833,1.418660222250437,1.0011830741572232,1.0011214020462251
2023-12-26,LF,0.7377646355999681,-13.559423667371114,1.4569444385332455,1.0000698679574376,0.9998496526052393
2023-12-27,LF,1.6688635991172507,-13.47799579523184,1.536121662865399,0.9998290280314742,0.9998909457858871
2023-12-28,LF,1.118060751621238,-13.188702743028193,1.520152759578388,1.0010083455667702,1.001148631009857
2023-12-29,LF,1.507263867425322,-15.05959539489929,1.9702180734716344,0.9995457624551557,0.9995877861507131
2023-12-30,LF,1.498432028726511,-14.90617774676472,1.9352303427390536,1.0018791413372912,1.0020700570649383
2023-12-31,LF,1.238082708280018,-14.88915477272265,1.942582395475759,1.0005677604117653,1.0008221165993871
2024-01-01,LF,1.4424160469147147,-15.156512957139048,1.8195992217557877,0.9998511478635654,0.9999288933882251
2024-01-02,LF,1.9952567172379476,-16.18845367938143,2.1644586874584175,0.9993304230642855,0.9993678035338835
2024-01-03,LF,2.7701602142325776,-17.070499990686706,2.037355229893772,0.9999974747557878,1.0000561561785863
2024-01-04,LF,NA,NA,NA,NA,NA
2024-01-05,LF,2.5161794125615056,-14.47761664514435,1.5476704204968792,0.9994393276319047,0.9994367281404796
2024-01-06,LF,1.245484833020453,-12.494901662645741,1.52482119675243,0.999785428070643,0.9998082217277133
2024-01-07,LF,3.9687694474961788,-16.943711692432093,2.0774089041223447,1.0006469414162442,1.0006887510107623
2024-01-08,LF,1.6955029255350764,-14.44983931198496,1.791145324999465,1.0007491260978114,1.0009607011447108
2024-01-09,LF,NA,NA,NA,NA,NA
2024-01-10,LF,2.8888678777347723,-16.481256961082504,2.1903839026869214,0.999732548757739,0.9997325622704482
2024-01-11,LF,2.431732654147085,-14.790787462208453,1.761066124439554,1.0014501822136967,1.0017551475496584
2024-01-12,LF,1.215804665898632,-13.866269978231912,1.4053263358403536,0.9993294062821606,0.9992670197787263
2024-01-13,LF,4.5097232840021535,-15.604628641759538,1.8516863711057896,1.0007887660880952,1.0009460295369792
2024-01-14,LF,3.631413332632066,-16.745605315204426,2.1451506084846943,1.0009034431267223,1.0008719193969755
2024-01-15,LF,2.210946259502353,-14.255934198440817,1.488748157272389,1.0006987437442953,1.0006449982699233
2024-01-16,LF,-0.718659737033413,-9.276694773656118,1.4728390418201425,1.0002473451624532,1.0003471362467
2024-01-17,LF,3.862052291825115,-17.445340559100945,2.5031871314765155,1.0003983682098516,1.0005726474608967
2024-01-18,LF,1.5876850297321106,-14.331420342977104,1.8797832544531765,1.0022297696679183,1.0017324779543462
2024-01-19,LF,1.7233463520085381,-12.822300847488052,1.5553800105853546,1.0012304391066047,1.0011628490813609
2024-01-20,LF,2.686300613745109,-14.731616777910096,2.0620681440591757,1.0011739372858854,1.0010782282247497
2024-01-21,LF,3.484546953311732,-15.595920647859097,2.1354725346816936,0.9996492698080964,0.9995961338883405
2024-01-22,LF,3.271429116778563,-15.134043927632145,1.5417241045977845,0.999750824593687,0.9999437906199745
2024-01-23,LF,2.7280526251120363,-16.017787772875746,1.5711088127034305,0.9999990478966286,1.000032821914649
2024-01-24,LF,3.6539047134256033,-16.93189050676935,1.4530320736994393,0.9996732252152282,0.9996100481274091
2024-01-25,LF,4.176477841847244,-14.91201392245794,1.212981702180063,1.0006002412622175,1.000780321170097
2024-01-26,LF,5.187371170084953,-18.047032448987945,1.4729487639454062,1.0002011516608216,1.0001932262941655
2024-01-27,LF,4.54620916546743,-17.175126634236143,1.4259432153635805,0.9996734687936523,0.999623105384697
2024-01-28,LF,5.266488400141358,-17.8261487710482,1.788171926557362,1.0004965710227167,1.0006919981293179
2024-01-29,LF,NA,NA,NA,NA,NA
2024-01-30,LF,4.337012160720202,-18.13800643603348,2.048720418042206,0.9996431735474013,0.9996734512097835
2024-01-31,LF,4.4866951216760205,-18.062428548470045,1.9647590735561946,1.0002443927134477,1.0004149056684553
2024-02-01,LF,5.012867485417604,-20.490485381849567,2.3278744150917468,0.9998701927997254,0.9998169435265906
2024-02-02,LF,4.3604390886103035,-20.92279497294497,2.4225731036294422,0.9993113534676774,0.9994123718969409
2024-02-03,LF,5.084445276140718,-22.852907906388495,2.579699547003674,0.9991583385658009,0.9991371244622077
2024-02-04,LF,3.6207251498852373,-15.053837155541862,1.5500499817719986,1.0013912496892468,1.0011520580602538
2024-02-05,LF,3.3552557028274514,-18.211943081893907,2.2663810210528936,1.000212252443717,1.000269936905589
2024-02-06,LF,4.669467231157172,-21.83161999761979,2.8926583114417164,0.9998425049324468,0.99976564868438
2024-02-07,LF,4.280705138211471,-20.49219332227835,2.9572210223056627,1.0008047329516385,1.0006950402199153
2024-02-08,LF,4.2858116083771405,-21.85802901462406,2.90651552445269,1.000466592759219,1.0001545442441018
2024-02-09,LF,4.277771940657968,-22.281605403323038,2.828135253972515,1.0003564011860595,1.0000443406432726
2024-02-10,LF,4.882944395641283,-21.85584224087088,2.556673469900134,0.9998386758931889,0.9996665870921889
2024-02-11,LF,4.947703821813845,-24.094327768790308,2.675661139148086,0.9995913574817562,0.9996187998740914
2024-02-12,LF,3.2818446799110714,-20.979705847837856,2.4568480000317896,0.9994934439944323,0.9994323721066599
2024-02-13,LF,6.92887583775962,-26.498847161122377,3.5313341630297925,1.0003063914768502,1.0008237654520034
2024-02-14,LF,5.022019534500415,-22.901833750953593,3.2959990142199005,1.0006229599087642,1.0008783175445655
2024-02-15,LF,4.228411490198535,-21.127094405391073,2.930433610969351,1.0005374808406067,1.0005057186532376
2024-02-16,LF,4.355087784622329,-20.894359156183665,2.7498577472016694,1.0011580266171722,1.0013125264100127
2024-02-17,LF,2.5782941493723635,-17.496851241478108,2.2923299203044327,1.000370073373883,1.0003252345296152
2024-02-18,LF,1.7510901131429435,-14.584965576439027,2.501286395696733,1.0007024986583075,1.0010460437591533
2024-02-19,LF,4.188216905435775,-20.51887155267895,3.3238751489725473,1.0006637274836756,1.0003657792782754
2024-02-20,LF,3.95956491075292,-20.248784874035593,3.180847564993311,1.0019563866605752,1.0019215683083726
2024-02-21,LF,4.134788187574411,-20.414188789030366,3.1473367463502657,0.9997606532560628,0.9998412327512181
2024-02-22,LF,4.500928551405554,-20.865018549022945,2.8322721660974435,0.9998519388940794,0.9996978431946733
2024-02-23,LF,3.270822940083838,-16.93341791716719,1.9674961687132266,1.0017197560049165,1.0015559025073208
2024-02-24,LF,5.713761173306628,-24.24808202515197,2.993208272800753,1.0011442778161004,1.0015004701662504
2024-02-25,LF,5.406198659536728,-24.704772148146183,3.205890090330742,1.0007494923681042,1.000418864430236
2024-02-26,LF,4.61807460832126,-22.47547303169873,2.846341864590628,0.9999652451287044,0.9995771746876302
2024-02-27,LF,5.030621339377088,-23.80458070527934,2.8637385781797433,1.0002110112483977,1.000023292351106
2024-02-28,LF,5.58936931085255,-24.651428747896006,2.679254768243669,1.0001280373340353,1.0003045675170372
2024-02-29,LF,5.506329557229875,-24.39251216156693,3.107096403388635,0.9998824552419743,0.9999226699552896
2024-03-01,LF,3.279949889107957,-19.247402998138572,2.3095953493777563,1.0011503936822121,1.0010396789717824
2024-03-02,LF,3.3801857257623853,-20.44063725018993,2.514683825682531,1.0001980196484987,1.0001833773845563
2024-03-03,LF,4.200867075444317,-22.806098975007814,2.9288564751832924,1.0009378446612995,1.000452272176267
2024-03-04,LF,4.633202805235488,-22.04153982897286,2.8892687466505245,1.0009763779431362,1.0005637249559072
2024-03-05,LF,NA,NA,NA,NA,NA
2024-03-06,LF,4.5673058423014785,-23.45773360625943,3.2438100455249423,1.0005071536493635,1.0009700737751444
2024-03-07,LF,4.094970321746808,-22.78945243639602,3.311230809711441,1.0027498421978283,1.0022742219398868
2024-03-08,LF,4.153255676860607,-21.900682965218067,2.8927389331637756,1.0012332027890376,1.0011791774274967
2024-03-09,LF,2.9169306195857954,-19.15828291307363,2.4153899805615864,0.9999306856576469,1.0000283681019302
2024-03-10,LF,3.5184772118242646,-20.684108186523304,3.2105418364844676,0.9998602557279932,0.9997803459648975
2024-03-11,LF,3.5410013488545666,-20.13097708430347,3.4009630320510427,1.0012138665065706,1.0012536567411612
2024-03-12,LF,2.7940109607501844,-17.8439840953314,2.6408970634133784,0.9994075630056825,0.999451720263771
2024-03-13,LF,2.688198647644501,-18.258933345942335,2.6162382775292903,0.9999550854192776,0.9999327006688348
2024-03-14,LF,3.1821274616505257,-19.493870602453107,2.5422672969589386,1.000388212649052,1.0001508806663395
2024-03-15,LF,3.4111903385812243,-19.54354870008736,2.3121461909667373,1.0001380765986303,1.0003377970892657
2024-03-16,LF,4.223005931360752,-20.216504574178582,2.1122516167222196,0.9995797959872295,0.9995505092552978
2024-03-17,LF,NA,NA,NA,NA,NA
2024-03-18,LF,2.499824687724472,-13.65455571803044,1.5366108157261917,1.002224780822477,1.0023233331195724
2024-03-19,LF,3.3601223661400983,-20.41636625386172,2.9714087966851017,1.0017434416049857,1.001261480177287
2024-03-20,LF,2.945759512017194,-18.083063090634244,2.4724885285525326,1.0023199037464527,1.0023955422598179
2024-03-21,LF,4.26346066103051,-19.424015716982794,2.154260879925775,0.9999564476324769,0.9999355939336835
2024-03-22,LF,3.47218078780259,-18.011487267647833,1.8063141171409036,1.000654083430513,1.000774591810285
2024-03-23,LF,2.641889893516312,-18.2002332401413,2.0225539974486892,0.9997051073111121,0.9998540824776674
2024-03-24,LF,2.2887905710439616,-16.81374307632771,2.20134963761972,1.0008674019101431,1.0006460547913314
2024-03-25,LF,2.4100062193584955,-17.26537821720905,2.0150944624798894,0.9994582518852275,0.9994558932886138
2024-03-26,LF,2.6533782016485916,-17.026629093156707,1.7454273742555082,1.0001036339810823,1.000018661591881
2024-03-27,LF,NA,NA,NA,NA,NA
2024-03-28,LF,2.9085693144811313,-17.74766645056257,2.007964844102245,0.9995994721648483,0.9996982341905375
2024-03-29,LF,1.8326504634451557,-16.773105679015288,2.1968343790569027,1.0007428632044044,1.0007083634682012
2024-03-30,LF,1.278008803355742,-14.278525931391702,1.7444642981821907,1.0011883511051634,1.0007621412858962
2024-03-31,LF,1.0054836018734092,-13.412847045838552,1.5621833505751905,1.0024018752612134,1.0024077343511681
2024-04-01,LF,2.3012757078327803,-16.87049283133864,1.7439278711961006,1.0022348780551902,1.0021389096002329
2024-04-02,LF,2.999156227346933,-17.008093634605995,1.516252403663774,0.9998990312468776,1.0000033554683272
2024-04-03,LF,1.6007428909181767,-14.439857828450606,1.5371494646544894,0.9999577314881226,0.9999570761202963
2024-04-04,LF,3.12161422023264,-19.266704805889297,2.1598897018873298,1.0002656971758008,1.000500040954503
2024-04-05,LF,2.3990176612029335,-16.95641916506543,1.7582218965660221,1.000083271344592,0.9999711535744246
2024-04-06,LF,NA,NA,NA,NA,NA
2024-04-07,LF,1.9401059335767075,-15.893810260493556,1.6727723879016527,1.0009771791671322,1.0010348903265514
2024-04-08,LF,2.493896729951895,-16.70227201716026,1.5260807310978453,1.0000058378314862,0.9998085535791096
2024-04-09,LF,2.7320108730439663,-18.294763968944636,1.5981641100037858,1.000889495718349,1.00097656410571
2024-04-10,LF,3.6272810941885782,-18.152215826908026,1.3662302877433532,1.0001111130388667,1.0002908289241355
2024-04-11,LF,2.9756673299813867,-14.285465647310225,1.1642326113662558,0.9999286343665953,0.9999989704710331
2024-04-12,LF,4.343485218264755,-21.643220611681514,1.8774978234408974,0.9994918113565586,0.99943407358265135
2024-04-13,LF,2.226715115149396,-18.662242605889546,1.9020418101113636,1.002755962155185,1.0028115592192752
2024-04-14,LF,0.7712586865556875,-12.378206583879845,1.1413888163198909,0.9999612548976593,0.9999525175166429
2024-04-15,LF,0.8062769040752839,-13.8781938434331,1.2870673294004842,1.000484377876948,1.0001712940793874
2024-04-16,LF,1.7155642339115516,-14.046133145383726,1.1332154692961418,1.002455044574854,1.0028023496500231
2024-04-17,LF,1.97935457871058,-14.193719597960873,1.1051639175770303,0.9999666281756816,0.9998773305587332
2024-04-18,LF,0.8807179663932388,-13.429446560896034,1.0633607832242717,1.0005081157801186,1.0006506755741555
2024-04-19,LF,7.447949539442434,-18.77107071895958,1.04607530149258,0.9997686915383283,1.0002685464200238
2024-04-20,LF,1.9682669854588146,-21.996653661206796,2.3689537135522882,0.9997573327541581,0.9997982842133158
2024-04-21,LF,0.1982049657846946,-15.022770847079284,1.6022440130798226,0.999669430607805,0.9998550319928757
2024-04-22,LF,0.2316204187915675,-14.615816732530373,1.3783702234171593,1.0013572256164265,1.0013423990167414
2024-04-23,LF,0.41550004957030434,-14.448636344910234,1.3170484859739342,1.0003548418539903,1.0001810283920083
2024-04-24,LF,0.30117299584118007,-14.53826813446403,1.2662601789846393,0.9998879705366603,0.9997358652261434
2024-04-25,LF,0.30561086732267895,-14.314957694382008,1.213745244257978,0.9996925008021822,0.9994448180609606
2024-04-26,LF,0.24698264740960238,-14.445691419619257,1.2304064297848087,1.0002497315655645,1.000551523160424
2024-04-27,LF,1.7355793511915647,-14.54355745106636,1.0035518816208358,1.0010181705208863,1.0012587043549412
2024-04-28,LF,1.0625145557226754,-15.21754383809943,1.155571083909868,1.0010430120184,1.0012433220532113
2024-04-29,LF,1.8071615680641213,-13.097380834595386,0.8110633780109252,1.0006489652351598,1.0005467075064816
2024-04-30,LF,1.3110260382147683,-14.931578296529002,1.0463955828524012,0.9998010651391437,0.999904258643002
2024-05-01,LF,3.7596201277344243,-18.997797989203605,1.1093098569384612,1.0001004290807534,0.9999562453755173
2024-05-02,LF,1.514537491185281,-11.621615947526365,0.7202332300083363,1.0000889182602377,1.000325667474418
2024-05-03,LF,3.228914528917924,-11.445260868807816,0.6157215050588855,1.0004385440056418,1.000627662770233
2024-05-04,LF,4.310726800330981,-14.777373508053333,0.8119028074372838,1.002174634406445,1.002302058466771
2024-05-05,LF,3.489726011783527,-15.306231779757242,0.9689406119032138,0.9993137991387097,0.999338546194223
2024-05-06,LF,3.971790800900514,-17.132403047956267,1.100521851994426,1.0020575869653003,1.0023447671648016
2024-05-07,LF,4.066109859691834,-18.17410038401834,1.2479008979240724,1.0009910109016777,1.0006055071272266
2024-05-08,LF,4.1760702220053565,-19.75803892875948,1.4233907144491023,0.9997802014871909,0.9997224413932658
2024-05-09,LF,4.697651048413013,-20.406782293322877,1.4566880399038915,0.999799256600148,0.9996917225322346
2024-05-10,LF,3.7200594201377353,-18.123100503283155,1.3645726971486634,1.0012382028405076,1.001029186463666
2024-05-11,LF,3.0776693774899604,-19.376885385755042,1.7617403006663768,1.0017627313199686,1.001754574053704
2024-05-12,LF,2.4820706730918505,-17.226762453453738,1.5942644556039702,0.9993177764708585,0.9993276629031004
2024-05-13,LF,1.0827189675128832,-14.230888615903167,1.3851733952126222,1.0001080716352964,1.0003263113891105
2024-05-14,LF,3.291847590945615,-18.059357214954932,1.599159049938991,0.9997793932435575,0.9996580207786399
2024-05-15,LF,2.3638259470564447,-16.32134775137753,1.5476639574240603,1.0004611809795574,1.0004382240063963
2024-05-16,LF,2.380800499609856,-17.854393806593283,1.761706940774727,1.0005995039761664,1.000531008100712
2024-05-17,LF,3.4203468703725086,-16.967909189264997,1.4801245907883955,1.0002969781484996,1.0002889145601581
2024-05-18,LF,3.2528251575318983,-18.21873352313889,1.6200264921708922,1.0033845827048324,1.0029663467556869
2024-05-19,LF,4.087528760031366,-20.45412685589658,1.7835358476490606,0.9997281330239759,0.9996947322419426
2024-05-20,LF,3.020884640847716,-18.32597847266828,1.6467213283170645,0.9995773995314261,0.9994570195509768
2024-05-21,LF,3.1781861611340902,-18.050420775731336,1.496670976041375,1.0016692304633321,1.0020621287127742
2024-05-22,LF,4.069278288922605,-19.51221110168429,1.4906278276104956,1.0001543511035718,0.9999613423898159
2024-05-23,LF,4.2213956465718825,-18.645795793670114,1.3830627749723434,1.0004310515923904,1.0006293441587921
2024-05-24,LF,NA,NA,NA,NA,NA
2024-05-25,LF,2.3458014854852585,-3.385786745493732,0.4810068407724912,1.0001478512014847,1.0007128554306897
2024-05-26,LF,0.6405948389517656,-13.870382659978596,1.7062515516145258,1.0001146015052091,1.0005701579175166
2024-05-27,LF,1.8910645054551234,-15.07607352107294,1.667241922865478,0.9998147570181383,0.999817708583586
2024-05-28,LF,1.3747327093627972,-14.126678397434686,1.5016645946841638,1.0008851503575826,1.001100717670126
2024-05-29,LF,NA,NA,NA,NA,NA
2024-05-30,LF,1.8342575288686545,-15.900554744724035,1.526668981948014,0.9997718757343842,0.9996629828174433
2024-05-31,LF,NA,NA,NA,NA,NA
2024-06-01,LF,NA,NA,NA,NA,NA
2024-06-02,LF,-0.2583346748242472,-13.28145872404062,1.4217848067499343,0.9996623933967936,0.9996889532478768
2024-06-03,LF,1.7680031987894864,-15.065161469239909,1.337428297683384,1.0015649553319366,1.002061605766561
2024-06-04,LF,0.7965987015475972,-14.833039724786568,1.358188457760374,0.9995428254938256,0.9997175165839536
2024-06-05,LF,-0.3232090648444867,-13.488962795710526,1.427072571565154,1.0001364176823724,1.000020226508327
2024-06-06,LF,-0.31517403941068395,-13.550853035072508,1.472722969192434,0.9999134347590773,0.9999097751027428
2024-06-07,LF,3.8089811797143565,-10.608899010422796,0.624911619947672,0.9995756719178512,0.999538295174664
2024-06-08,LF,4.548323785991382,-13.530873918321747,0.6967877164530605,1.0003434133035225,1.00089330622261
2024-06-09,LF,4.284768140984535,-14.337969301575198,0.90302353457751,0.9997472684900872,0.9998668688487372
2024-06-10,LF,4.430604395521901,-16.587066613721117,1.0734256995098355,1.0004517123701635,1.0004595842703952
2024-06-11,LF,0.9723573675184495,-14.046995270391582,1.060761324935573,1.0002312737265884,1.0004415097268256
2024-06-12,LF,3.8809122329192434,-14.94053256703282,1.052140626290934,0.9996436221267515,0.999491017806524
2024-06-13,LF,3.548954442353586,-13.248437503861581,0.9958768027609818,1.001752836163254,1.0017231202784247
2024-06-14,LF,3.0714782498522455,-14.570557485674605,1.258062493546467,1.0004328164537268,1.0006157853765647
2024-06-15,LF,3.7226761403204236,-16.704902339740137,1.5657543881913167,0.9999051428450956,0.9998282522032343
2024-06-16,LF,3.750093650386304,-16.5288328431721,1.5888641716656207,0.9997511701979319,0.9997673147912188
2024-06-17,LF,2.775829690465511,-12.123265802734627,1.2560028028571393,0.9995045040204342,0.9996217152616976
2024-06-18,LF,2.1216253615695364,-14.725166919179825,1.8450071518937576,0.9999698041452727,0.9999585850196989
2024-06-19,LF,1.7861127773328713,-13.545407068020257,1.8715616428707709,0.999697683357061,0.9998173830088215
2024-06-20,LF,1.6544486448952784,-14.435065299343371,2.174577150396155,1.000229069484941,1.0003100463370367
2024-06-21,LF,NA,NA,NA,NA,NA
2024-06-22,LF,2.7723800055831327,-17.91065834369754,2.8093830673056193,1.0007662041119971,1.0010609779969968
2024-06-23,LF,2.7698847025315496,-19.177517187821856,3.1998470054804944,1.0006430046833974,1.000922765324614
2024-06-24,LF,2.8256989345680794,-19.51089579892605,3.409846471489016,1.0000542818687377,1.0000565244688613
2024-06-25,LF,NA,NA,NA,NA,NA
2024-06-26,LF,NA,NA,NA,NA,NA
2024-06-27,LF,NA,NA,NA,NA,NA
2024-06-28,LF,NA,NA,NA,NA,NA
2024-06-29,LF,NA,NA,NA,NA,NA
2024-06-30,LF,NA,NA,NA,NA,NA
2024-07-01,LF,NA,NA,NA,NA,NA
2024-07-02,LF,NA,NA,NA,NA,NA
2024-07-03,LF,NA,NA,NA,NA,NA
2024-07-04,LF,NA,NA,NA,NA,NA
2024-07-05,LF,NA,NA,NA,NA,NA
2024-07-06,LF,NA,NA,NA,NA,NA
2024-07-07,LF,NA,NA,NA,NA,NA
2024-07-08,LF,NA,NA,NA,NA,NA
2024-07-09,LF,NA,NA,NA,NA,NA
2024-07-10,LF,NA,NA,NA,NA,NA
2024-07-11,LF,NA,NA,NA,NA,NA
2024-07-12,LF,NA,NA,NA,NA,NA
2024-07-13,LF,NA,NA,NA,NA,NA
2024-07-14,LF,NA,NA,NA,NA,NA
2024-07-15,LF,NA,NA,NA,NA,NA
2024-07-16,LF,NA,NA,NA,NA,NA
2024-07-17,LF,NA,NA,NA,NA,NA
2024-07-18,LF,NA,NA,NA,NA,NA
2024-07-19,LF,NA,NA,NA,NA,NA
2024-07-20,LF,NA,NA,NA,NA,NA
2024-07-21,LF,NA,NA,NA,NA,NA
2024-07-22,LF,NA,NA,NA,NA,NA
2024-07-23,LF,NA,NA,NA,NA,NA
2024-07-24,LF,NA,NA,NA,NA,NA
2024-07-25,LF,NA,NA,NA,NA,NA
2024-07-26,LF,NA,NA,NA,NA,NA
2024-07-27,LF,NA,NA,NA,NA,NA
2024-07-28,LF,NA,NA,NA,NA,NA
2024-07-29,LF,NA,NA,NA,NA,NA
2024-07-30,LF,NA,NA,NA,NA,NA
2024-07-31,LF,NA,NA,NA,NA,NA
2024-08-01,LF,NA,NA,NA,NA,NA
2024-08-02,LF,NA,NA,NA,NA,NA
2024-08-03,LF,NA,NA,NA,NA,NA
2024-08-04,LF,NA,NA,NA,NA,NA
2024-08-05,LF,NA,NA,NA,NA,NA
2024-08-06,LF,NA,NA,NA,NA,NA
2024-08-07,LF,NA,NA,NA,NA,NA
2024-08-08,LF,NA,NA,NA,NA,NA
2024-08-09,LF,NA,NA,NA,NA,NA
2024-08-10,LF,NA,NA,NA,NA,NA
2024-08-11,LF,NA,NA,NA,NA,NA
2024-08-12,LF,NA,NA,NA,NA,NA
2024-08-13,LF,NA,NA,NA,NA,NA
2024-08-14,LF,NA,NA,NA,NA,NA
2024-08-15,LF,NA,NA,NA,NA,NA
2024-08-16,LF,NA,NA,NA,NA,NA
2024-08-17,LF,NA,NA,NA,NA,NA
2024-08-18,LF,NA,NA,NA,NA,NA
2024-08-19,LF,NA,NA,NA,NA,NA
2024-08-20,LF,NA,NA,NA,NA,NA
2024-08-21,LF,NA,NA,NA,NA,NA
2024-08-22,LF,NA,NA,NA,NA,NA
2024-08-23,LF,NA,NA,NA,NA,NA
2024-08-24,LF,NA,NA,NA,NA,NA
2024-08-25,LF,NA,NA,NA,NA,NA
2024-08-26,LF,NA,NA,NA,NA,NA
2024-08-27,LF,NA,NA,NA,NA,NA
2024-08-28,LF,NA,NA,NA,NA,NA
2024-08-29,LF,NA,NA,NA,NA,NA
2024-08-30,LF,NA,NA,NA,NA,NA
2024-08-31,LF,NA,NA,NA,NA,NA
2024-09-01,LF,NA,NA,NA,NA,NA
2024-09-02,LF,NA,NA,NA,NA,NA
2024-09-03,LF,NA,NA,NA,NA,NA
2024-09-04,LF,NA,NA,NA,NA,NA
2024-09-05,LF,NA,NA,NA,NA,NA
2024-09-06,LF,NA,NA,NA,NA,NA
2024-09-07,LF,NA,NA,NA,NA,NA
2024-09-08,LF,NA,NA,NA,NA,NA
2024-09-09,LF,NA,NA,NA,NA,NA
2024-09-10,LF,NA,NA,NA,NA,NA
2024-09-11,LF,NA,NA,NA,NA,NA
2024-09-12,LF,NA,NA,NA,NA,NA
2024-09-13,LF,NA,NA,NA,NA,NA
2024-09-14,LF,NA,NA,NA,NA,NA
2024-09-15,LF,NA,NA,NA,NA,NA
2024-09-16,LF,NA,NA,NA,NA,NA
2024-09-17,LF,NA,NA,NA,NA,NA
2024-09-18,LF,NA,NA,NA,NA,NA
2024-09-19,LF,NA,NA,NA,NA,NA
2024-09-20,LF,NA,NA,NA,NA,NA
2024-09-21,LF,NA,NA,NA,NA,NA
2024-09-22,LF,NA,NA,NA,NA,NA
2024-09-23,LF,NA,NA,NA,NA,NA
2024-09-24,LF,NA,NA,NA,NA,NA
2024-09-25,LF,NA,NA,NA,NA,NA
2024-09-26,LF,NA,NA,NA,NA,NA
2024-09-27,LF,NA,NA,NA,NA,NA
2024-09-28,LF,NA,NA,NA,NA,NA
2024-09-29,LF,NA,NA,NA,NA,NA
2024-09-30,LF,NA,NA,NA,NA,NA
2024-10-01,LF,NA,NA,NA,NA,NA
2024-10-02,LF,NA,NA,NA,NA,NA
2024-10-03,LF,NA,NA,NA,NA,NA
2024-10-04,LF,NA,NA,NA,NA,NA
2022-04-01,OS,NA,NA,NA,NA,NA
2022-04-02,OS,NA,NA,NA,NA,NA
2022-04-03,OS,NA,NA,NA,NA,NA
2022-04-04,OS,NA,NA,NA,NA,NA
2022-04-05,OS,NA,NA,NA,NA,NA
2022-04-06,OS,NA,NA,NA,NA,NA
2022-04-07,OS,NA,NA,NA,NA,NA
2022-04-08,OS,NA,NA,NA,NA,NA
2022-04-09,OS,NA,NA,NA,NA,NA
2022-04-10,OS,NA,NA,NA,NA,NA
2022-04-11,OS,NA,NA,NA,NA,NA
2022-04-12,OS,NA,NA,NA,NA,NA
2022-04-13,OS,NA,NA,NA,NA,NA
2022-04-14,OS,NA,NA,NA,NA,NA
2022-04-15,OS,NA,NA,NA,NA,NA
2022-04-16,OS,NA,NA,NA,NA,NA
2022-04-17,OS,NA,NA,NA,NA,NA
2022-04-18,OS,NA,NA,NA,NA,NA
2022-04-19,OS,NA,NA,NA,NA,NA
2022-04-20,OS,NA,NA,NA,NA,NA
2022-04-21,OS,NA,NA,NA,NA,NA
2022-04-22,OS,NA,NA,NA,NA,NA
2022-04-23,OS,NA,NA,NA,NA,NA
2022-04-24,OS,NA,NA,NA,NA,NA
2022-04-25,OS,NA,NA,NA,NA,NA
2022-04-26,OS,NA,NA,NA,NA,NA
2022-04-27,OS,NA,NA,NA,NA,NA
2022-04-28,OS,NA,NA,NA,NA,NA
2022-04-29,OS,NA,NA,NA,NA,NA
2022-04-30,OS,NA,NA,NA,NA,NA
2022-05-01,OS,NA,NA,NA,NA,NA
2022-05-02,OS,NA,NA,NA,NA,NA
2022-05-03,OS,NA,NA,NA,NA,NA
2022-05-04,OS,NA,NA,NA,NA,NA
2022-05-05,OS,NA,NA,NA,NA,NA
2022-05-06,OS,NA,NA,NA,NA,NA
2022-05-07,OS,NA,NA,NA,NA,NA
2022-05-08,OS,NA,NA,NA,NA,NA
2022-05-09,OS,NA,NA,NA,NA,NA
2022-05-10,OS,NA,NA,NA,NA,NA
2022-05-11,OS,NA,NA,NA,NA,NA
2022-05-12,OS,NA,NA,NA,NA,NA
2022-05-13,OS,NA,NA,NA,NA,NA
2022-05-14,OS,NA,NA,NA,NA,NA
2022-05-15,OS,NA,NA,NA,NA,NA
2022-05-16,OS,NA,NA,NA,NA,NA
2022-05-17,OS,NA,NA,NA,NA,NA
2022-05-18,OS,NA,NA,NA,NA,NA
2022-05-19,OS,NA,NA,NA,NA,NA
2022-05-20,OS,NA,NA,NA,NA,NA
2022-05-21,OS,NA,NA,NA,NA,NA
2022-05-22,OS,NA,NA,NA,NA,NA
2022-05-23,OS,NA,NA,NA,NA,NA
2022-05-24,OS,NA,NA,NA,NA,NA
2022-05-25,OS,NA,NA,NA,NA,NA
2022-05-26,OS,NA,NA,NA,NA,NA
2022-05-27,OS,NA,NA,NA,NA,NA
2022-05-28,OS,NA,NA,NA,NA,NA
2022-05-29,OS,NA,NA,NA,NA,NA
2022-05-30,OS,NA,NA,NA,NA,NA
2022-05-31,OS,NA,NA,NA,NA,NA
2022-06-01,OS,NA,NA,NA,NA,NA
2022-06-02,OS,NA,NA,NA,NA,NA
2022-06-03,OS,NA,NA,NA,NA,NA
2022-06-04,OS,NA,NA,NA,NA,NA
2022-06-05,OS,NA,NA,NA,NA,NA
2022-06-06,OS,NA,NA,NA,NA,NA
2022-06-07,OS,NA,NA,NA,NA,NA
2022-06-08,OS,NA,NA,NA,NA,NA
2022-06-09,OS,NA,NA,NA,NA,NA
2022-06-10,OS,NA,NA,NA,NA,NA
2022-06-11,OS,NA,NA,NA,NA,NA
2022-06-12,OS,NA,NA,NA,NA,NA
2022-06-13,OS,NA,NA,NA,NA,NA
2022-06-14,OS,NA,NA,NA,NA,NA
2022-06-15,OS,NA,NA,NA,NA,NA
2022-06-16,OS,NA,NA,NA,NA,NA
2022-06-17,OS,NA,NA,NA,NA,NA
2022-06-18,OS,NA,NA,NA,NA,NA
2022-06-19,OS,NA,NA,NA,NA,NA
2022-06-20,OS,NA,NA,NA,NA,NA
2022-06-21,OS,NA,NA,NA,NA,NA
2022-06-22,OS,NA,NA,NA,NA,NA
2022-06-23,OS,NA,NA,NA,NA,NA
2022-06-24,OS,NA,NA,NA,NA,NA
2022-06-25,OS,NA,NA,NA,NA,NA
2022-06-26,OS,NA,NA,NA,NA,NA
2022-06-27,OS,NA,NA,NA,NA,NA
2022-06-28,OS,NA,NA,NA,NA,NA
2022-06-29,OS,NA,NA,NA,NA,NA
2022-06-30,OS,NA,NA,NA,NA,NA
2022-07-01,OS,NA,NA,NA,NA,NA
2022-07-02,OS,NA,NA,NA,NA,NA
2022-07-03,OS,NA,NA,NA,NA,NA
2022-07-04,OS,NA,NA,NA,NA,NA
2022-07-05,OS,NA,NA,NA,NA,NA
2022-07-06,OS,NA,NA,NA,NA,NA
2022-07-07,OS,NA,NA,NA,NA,NA
2022-07-08,OS,NA,NA,NA,NA,NA
2022-07-09,OS,NA,NA,NA,NA,NA
2022-07-10,OS,NA,NA,NA,NA,NA
2022-07-11,OS,NA,NA,NA,NA,NA
2022-07-12,OS,NA,NA,NA,NA,NA
2022-07-13,OS,NA,NA,NA,NA,NA
2022-07-14,OS,NA,NA,NA,NA,NA
2022-07-15,OS,NA,NA,NA,NA,NA
2022-07-16,OS,NA,NA,NA,NA,NA
2022-07-17,OS,NA,NA,NA,NA,NA
2022-07-18,OS,NA,NA,NA,NA,NA
2022-07-19,OS,NA,NA,NA,NA,NA
2022-07-20,OS,NA,NA,NA,NA,NA
2022-07-21,OS,NA,NA,NA,NA,NA
2022-07-22,OS,NA,NA,NA,NA,NA
2022-07-23,OS,NA,NA,NA,NA,NA
2022-07-24,OS,NA,NA,NA,NA,NA
2022-07-25,OS,NA,NA,NA,NA,NA
2022-07-26,OS,3.637742744586282,-7.135628486394499,0.7622399075551345,1.00013172555381,1.0815681945794908
2022-07-27,OS,4.776512884539573,-6.915678801893859,0.7638276662924873,0.9996909938697399,1.095390073917629
2022-07-28,OS,NA,NA,NA,NA,NA
2022-07-29,OS,7.757277854834196,-9.395150136117845,0.753333129691956,1.0004150203447177,1.0872687089623148
2022-07-30,OS,7.859718981587624,-9.37527612842756,0.7571731147502594,1.0027377945143379,1.0874965582725962
2022-07-31,OS,6.717417751956556,-8.945027271568891,0.7711148982282875,1.0000876417090308,1.1031425646318214
2022-08-01,OS,6.641745715967365,-8.63932010226168,0.7843030756021793,1.0001594596776167,1.1036106000846684
2022-08-02,OS,7.966915711649609,-9.889043333664663,0.7924876997917302,1.0043287385523854,1.0898574627738316
2022-08-03,OS,7.253036266647986,-9.7816380429264,0.802241102215926,1.000881614023947,1.0911595481354812
2022-08-04,OS,7.9012882081642015,-11.626043811987788,0.8107343953856561,1.003927082845216,1.0980767876384867
2022-08-05,OS,10.611982388118443,-14.324430417060286,0.8200586215876197,1.0030131375155331,1.0993175778417195
2022-08-06,OS,8.915861722967565,-13.477339106383836,0.8326339075076881,1.0032306555913393,1.0956599953189363
2022-08-07,OS,NA,NA,NA,NA,NA
2022-08-08,OS,8.081675896613906,-12.728054369626282,0.8768065657289461,1.0065483297054694,1.1022511166432307
2022-08-09,OS,6.763335972296583,-11.168403767622362,0.9074716076229642,1.0062983574109443,1.0942999927581447
2022-08-10,OS,6.640988626239614,-10.546073956816429,0.9451589114888226,1.0092267095197003,1.1025538374373869
2022-08-11,OS,6.047052384243776,-10.212020200159106,0.9676809626068422,1.0049648697883062,1.1094941361076511
2022-08-12,OS,8.056353895387355,-11.158672736065391,0.9683623808624611,1.0015813176830344,1.111033289235132
2022-08-13,OS,8.485146657730906,-12.588149214752969,0.9384914792978096,1.0045572133142286,1.1010589881832336
2022-08-14,OS,10.974321247450062,-13.33982246949711,0.9060495466070958,1.0005424454924003,1.0970573770602388
2022-08-15,OS,11.757563999502725,-14.04117557582851,0.8997365866569003,1.001602905479454,1.1052068871628826
2022-08-16,OS,9.87184415929787,-12.747799730434725,0.9052889638522007,1.0134832218501224,1.1054269234637506
2022-08-17,OS,NA,NA,NA,NA,NA
2022-08-18,OS,6.415204219904335,-11.596555366629993,0.9035325354481534,1.00513913451499,1.100781496821425
2022-08-19,OS,8.720222525965818,-12.62410035009597,0.9073454344602849,1.0027740917683072,1.0989220023641038
2022-08-20,OS,6.9530854742345864,-11.665841168918401,0.9035688853243764,1.007944076246966,1.0986393380471478
2022-08-21,OS,9.22346692976627,-13.504958378765087,0.9050397356754496,1.0117757451513598,1.102158225965807
2022-08-22,OS,10.470742352388788,-13.974938154452582,0.9313651338990909,1.0037082355713753,1.1026304864642698
2022-08-23,OS,11.427569894158534,-14.489081964937359,0.966614555679763,1.0023419479637323,1.109581686892595
2022-08-24,OS,10.029954021134335,-13.183470408729544,0.9921607486290637,1.000480563887252,1.116341607617393
2022-08-25,OS,8.401310177116333,-12.067783304640331,0.9936517621954835,1.0102472192038643,1.1165992837242176
2022-08-26,OS,9.342312427515651,-12.839423593671855,0.9858870392596276,1.0039426643583034,1.1128944497146163
2022-08-27,OS,NA,NA,NA,NA,NA
2022-08-28,OS,10.406525360796051,-12.898371305792232,0.9659469621054154,1.003415757875015,1.1095378313284212
2022-08-29,OS,9.139103609285378,-11.08291534523046,0.9054077079162751,1.0089803715468089,1.0975116330941406
2022-08-30,OS,2.4673499044255043,-6.148332691200924,0.8574855239499544,1.0082553108207202,1.0946228685250865
2022-08-31,OS,3.1014502057461075,-6.123363303456542,0.8046776040405871,1.0021863778737512,1.0904722465091008
2022-09-01,OS,2.234370427102821,-7.74823005568051,0.7525640331351339,1.0025122789422716,1.0852042576635665
2022-09-02,OS,NA,NA,NA,NA,NA
2022-09-03,OS,0.5063985917096243,-7.4656777738113815,0.6739614371056266,1.0021107397967142,1.0675072794185887
2022-09-04,OS,0.23806675114387035,-7.4135487263530075,0.6564442104818693,1.0032151469882964,1.0666462829299226
2022-09-05,OS,-0.08152234249725196,-6.484068036863072,0.6491792648078187,1.0002842030086212,1.056768341494945
2022-09-06,OS,-0.14722232658408835,-6.250053464584287,0.6457188510602593,1.002875433815859,1.0573061283087855
2022-09-07,OS,0.3740067757462266,-8.105276217981224,0.6450191170651132,1.0043309500516908,1.051819461432185
2022-09-08,OS,0.9056846101518683,-9.78291407394013,0.6440812156846042,1.0039443116162703,1.0671701415519892
2022-09-09,OS,1.9231535009092677,-9.359415114286433,0.6500406558619809,1.0035542591671722,1.0548919195054958
2022-09-10,OS,0.6562090430468119,-8.752053752439837,0.6608375325822059,1.0022284422406496,1.0599177522993757
2022-09-11,OS,1.1186163988031315,-9.242074577427472,0.6602667050604567,1.004244538724966,1.0612723312779069
2022-09-12,OS,0.3793349016337217,-8.546709054323756,0.6527761648726071,1.0026918729952494,1.0753785754229763
2022-09-13,OS,1.813201228480273,-10.3126067919888,0.6443189185706014,1.0016807296263275,1.0535571631987424
2022-09-14,OS,1.9390318572173844,-9.63445812945973,0.6309537782188027,1.0088029695816207,1.0410963399737718
2022-09-15,OS,2.1827633663785826,-9.126550251124206,0.6174565983135573,1.0045631682860148,1.0507992966343243
2022-09-16,OS,0.9781681733413286,-9.397765021025547,0.6116042631583406,1.0037078209635493,1.047821883445507
2022-09-17,OS,0.8603101950723343,-8.500711999371065,0.6088615844418607,1.0008292952409412,1.055532817828275
2022-09-18,OS,1.1692585693258404,-9.042980143915589,0.6100223851607466,1.0032966980224156,1.0521475746173872
2022-09-19,OS,0.679531256376184,-8.608565644328744,0.6111742556894865,1.0018181888660591,1.0517333380624152
2022-09-20,OS,0.9683819750025332,-8.757264913077869,0.6176559191701286,0.9995740925791592,1.055720604460647
2022-09-21,OS,0.37739885056176353,-6.738333739349015,0.6281496453124313,1.0015339039364912,1.045800092501873
2022-09-22,OS,2.95276973662155,-9.356522493217055,0.6374602142865248,1.0014726628439428,1.0527306836507864
2022-09-23,OS,0.6045841544364304,-7.752498724607075,0.6471621437185816,1.002870121985488,1.0668970346558095
2022-09-24,OS,1.0573860188696689,-6.99482736132756,0.6593883756651209,1.0047508531195788,1.0556186670536927
2022-09-25,OS,-0.4850540259287058,-5.915376167179876,0.6805013178214503,1.0065806485346005,1.067572682249033
2022-09-26,OS,0.2882157907588018,-7.022432644204491,0.7061880292887188,1.0041277476929449,1.073479350623459
2022-09-27,OS,6.196756574042763,-9.818130184796708,0.7167784792206459,1.0031327047175986,1.0891955465284464
2022-09-28,OS,NA,NA,NA,NA,NA
2022-09-29,OS,NA,NA,NA,NA,NA
2022-09-30,OS,NA,NA,NA,NA,NA
2022-10-01,OS,NA,NA,NA,NA,NA
2022-10-02,OS,NA,NA,NA,NA,NA
2022-10-03,OS,NA,NA,NA,NA,NA
2022-10-04,OS,0.7644713315047702,-4.89063121462614,0.8841956032286081,1.0045277763708578,1.1063269363843191
2022-10-05,OS,NA,NA,NA,NA,NA
2022-10-06,OS,NA,NA,NA,NA,NA
2022-10-07,OS,1.9259795413909182,-7.028769121067593,0.9059660258790917,1.0020554197611666,1.0965889617819393
2022-10-08,OS,2.386745671599007,-7.152632397069353,0.9487707501720181,1.004432639430188,1.1091387009449785
2022-10-09,OS,3.430862715946053,-7.650102010361056,0.9946573229172005,1.0015765388428532,1.1137496843559063
2022-10-10,OS,3.5805817464718603,-7.477313421800667,1.0286923333059905,1.007021424319196,1.1181468655496616
2022-10-11,OS,4.118044136804631,-9.783165262978468,1.06635043023785,1.0009281462627075,1.1225658719569105
2022-10-12,OS,NA,NA,NA,NA,NA
2022-10-13,OS,-0.33573853922831204,-5.0057343026203345,1.0761674158412184,1.0062265729200155,1.1248573563099125
2022-10-14,OS,3.7314130859952646,-8.30514846872338,1.138265662878572,1.0062007655083338,1.1183632608830647
2022-10-15,OS,NA,NA,NA,NA,NA
2022-10-16,OS,5.230478158023329,-10.597562409801132,1.3202450162387098,1.0136418331790549,1.102899701758822
2022-10-17,OS,4.594721891500692,-10.312981087388623,1.2908944775270061,1.002432701590889,1.1043963362749412
2022-10-18,OS,5.6194557423774665,-8.65845013737055,1.3911840144761192,1.0129279631727006,1.098882657657004
2022-10-19,OS,5.023314184934087,-11.08660636735397,2.6561688111282296,1.002411976309804,1.024136220485471
2022-10-20,OS,5.101864788182176,-11.415774053169805,2.7577525399245646,0.9995118663826179,1.0266210667321969
2022-10-21,OS,5.002257005526581,-11.184603096702658,2.72966112970352,1.0007436049587857,1.0240968786972748
2022-10-22,OS,NA,NA,NA,NA,NA
2022-10-23,OS,5.003008514457383,-10.867040935421949,2.023887385377139,1.0010630997531933,1.0507306758033617
2022-10-24,OS,5.127736900494592,-9.872855368863545,1.3787944330031827,1.007120804950925,1.099734065899778
2022-10-25,OS,4.167197783411119,-8.76640051859929,1.2895388184369367,1.003319016006879,1.1022689598508473
2022-10-26,OS,1.9793992082269478,-7.060161491051241,1.2791218370599453,1.0015150671257231,1.1054314573383768
2022-10-27,OS,4.341877028064136,-8.909219809597827,1.3623199574202651,1.0026913241035942,1.0991962394860262
2022-10-28,OS,6.316765498689562,-12.792413098524902,1.929331752213201,1.0062669054919868,1.0615619292046947
2022-10-29,OS,5.081832578758986,-14.454574088353729,2.64383084959937,1.0000317727597223,1.024808421973995
2022-10-30,OS,4.889199194450704,-14.512644731616323,2.739886893947497,0.9998523098685024,1.0252833242395165
2022-10-31,OS,4.546749738492647,-13.591967617574353,2.7534371708640992,1.0057976620682725,1.026494077609579
2022-11-01,OS,5.382394199230718,-13.631690790803184,2.640070746016158,1.0014663448894678,1.022336016495787
2022-11-02,OS,5.30257655255665,-13.683119030066944,2.616049187982517,1.0027995685069127,1.0266435217456389
2022-11-03,OS,5.018539340936279,-12.208112367787217,2.640648599424879,1.005042044592743,1.0223055698374086
2022-11-04,OS,4.596284236139592,-12.576628503342711,2.641909803984982,1.0027392964988495,1.0209881545188204
2022-11-05,OS,NA,NA,NA,NA,NA
2022-11-06,OS,NA,NA,NA,NA,NA
2022-11-07,OS,NA,NA,NA,NA,NA
2022-11-08,OS,NA,NA,NA,NA,NA
2022-11-09,OS,NA,NA,NA,NA,NA
2022-11-10,OS,NA,NA,NA,NA,NA
2022-11-11,OS,NA,NA,NA,NA,NA
2022-11-12,OS,NA,NA,NA,NA,NA
2022-11-13,OS,NA,NA,NA,NA,NA
2022-11-14,OS,NA,NA,NA,NA,NA
2022-11-15,OS,NA,NA,NA,NA,NA
2022-11-16,OS,NA,NA,NA,NA,NA
2022-11-17,OS,NA,NA,NA,NA,NA
2022-11-18,OS,NA,NA,NA,NA,NA
2022-11-19,OS,NA,NA,NA,NA,NA
2022-11-20,OS,NA,NA,NA,NA,NA
2022-11-21,OS,NA,NA,NA,NA,NA
2022-11-22,OS,NA,NA,NA,NA,NA
2022-11-23,OS,NA,NA,NA,NA,NA
2022-11-24,OS,NA,NA,NA,NA,NA
2022-11-25,OS,NA,NA,NA,NA,NA
2022-11-26,OS,NA,NA,NA,NA,NA
2022-11-27,OS,NA,NA,NA,NA,NA
2022-11-28,OS,NA,NA,NA,NA,NA
2022-11-29,OS,NA,NA,NA,NA,NA
2022-11-30,OS,NA,NA,NA,NA,NA
2022-12-01,OS,NA,NA,NA,NA,NA
2022-12-02,OS,NA,NA,NA,NA,NA
2022-12-03,OS,NA,NA,NA,NA,NA
2022-12-04,OS,NA,NA,NA,NA,NA
2022-12-05,OS,NA,NA,NA,NA,NA
2022-12-06,OS,NA,NA,NA,NA,NA
2022-12-07,OS,NA,NA,NA,NA,NA
2022-12-08,OS,NA,NA,NA,NA,NA
2022-12-09,OS,NA,NA,NA,NA,NA
2022-12-10,OS,NA,NA,NA,NA,NA
2022-12-11,OS,NA,NA,NA,NA,NA
2022-12-12,OS,NA,NA,NA,NA,NA
2022-12-13,OS,NA,NA,NA,NA,NA
2022-12-14,OS,5.626492727433147,-13.489041124874142,2.1490882281511468,1.0016799876260298,1.0352242317185305
2022-12-15,OS,2.522952206729682,-6.701461495598209,1.5524092396511446,1.0053392125346048,1.0935096271245501
2022-12-16,OS,4.069249691949966,-9.253922869796428,2.2252460956839504,1.000943221726832,1.0301936753271494
2022-12-17,OS,3.1654493896233045,-10.390556892718605,2.7723221724691323,1.0019235325601552,1.0279673646002079
2022-12-18,OS,3.0291949543039722,-8.107020034396871,2.7437744867726077,1.0056239692343127,1.0276496438860663
2022-12-19,OS,2.1840267894532945,-8.969753032009235,2.7720595742782437,1.002830601313001,1.028284731170823
2022-12-20,OS,NA,NA,NA,NA,NA
2022-12-21,OS,NA,NA,NA,NA,NA
2022-12-22,OS,NA,NA,NA,NA,NA
2022-12-23,OS,NA,NA,NA,NA,NA
2022-12-24,OS,NA,NA,NA,NA,NA
2022-12-25,OS,NA,NA,NA,NA,NA
2022-12-26,OS,NA,NA,NA,NA,NA
2022-12-27,OS,NA,NA,NA,NA,NA
2022-12-28,OS,NA,NA,NA,NA,NA
2022-12-29,OS,NA,NA,NA,NA,NA
2022-12-30,OS,NA,NA,NA,NA,NA
2022-12-31,OS,NA,NA,NA,NA,NA
2023-01-01,OS,NA,NA,NA,NA,NA
2023-01-02,OS,NA,NA,NA,NA,NA
2023-01-03,OS,NA,NA,NA,NA,NA
2023-01-04,OS,NA,NA,NA,NA,NA
2023-01-05,OS,7.560542815324316,-12.554567678809848,2.7502070224703488,1.0062276790274327,1.0267892277503703
2023-01-06,OS,5.352444346066016,-9.323361577564372,2.694870001981209,1.00328616663906,1.0248602483812308
2023-01-07,OS,5.011821768251165,-9.436288939913283,2.683355651047285,1.0039881771038144,1.025729996468094
2023-01-08,OS,6.265706327489383,-11.701722267013855,2.762151120944071,1.0018539206459391,1.0279991093681815
2023-01-09,OS,7.191785663952284,-11.977752453948302,2.7500269182783,1.003519492142962,1.026425088154041
2023-01-10,OS,NA,NA,NA,NA,NA
2023-01-11,OS,5.819854654241228,-10.810224155608077,2.468204993399933,1.0012133615903194,1.072347003370178
2023-01-12,OS,5.815511187738296,-9.95711066694004,2.4680755289823795,1.002829585517067,1.0706600574200986
2023-01-13,OS,6.166811180551311,-12.38182186503496,2.7283580890387786,1.0035056336425672,1.0241262614602875
2023-01-14,OS,1.7325358089358875,-3.5016025082992224,1.2333976716285668,1.0009268168474896,1.1161055236213677
2023-01-15,OS,0.08463963639776978,-4.1855611446275125,1.2188035794344063,1.0011972434664025,1.1074495187014446
2023-01-16,OS,3.678534057669367,-7.717077326248731,1.6924220891372281,1.008876084769606,1.0830151565395625
2023-01-17,OS,5.863060690738495,-11.674788988434242,2.4684216930502125,1.0032176641447643,1.0728326007949076
2023-01-18,OS,NA,NA,NA,NA,NA
2023-01-19,OS,6.79347822361589,-12.787650288162567,2.4674399373865197,1.0040082437029456,1.0718672642487586
2023-01-20,OS,7.028316791286018,-11.139695465508629,2.468036237477171,1.0034008231671117,1.0711265774263214
2023-01-21,OS,4.181071401007936,-11.25041287999727,2.467622705442545,1.0048030302182303,1.072135918235444
2023-01-22,OS,7.499203296393893,-12.957501977022767,2.467534663321683,1.0052658022043808,1.0736241017881258
2023-01-23,OS,8.15996966627599,-11.749423303134582,2.4687198064212335,1.0034348774906272,1.072995042128601
2023-01-24,OS,5.050076104099069,-11.110708611489587,2.5587746629704227,1.0018398533832675,1.0226572661155438
2023-01-25,OS,5.545079553603447,-12.975681192431969,2.7478935819861356,0.9996368315578924,1.0267243841202265
2023-01-26,OS,7.587280414377852,-11.23684846160134,2.777456170728278,1.0007262734806346,1.0288381996917177
2023-01-27,OS,3.36493438646409,-8.951635633912867,2.7058217604653123,1.0024680385154323,1.0250420442376915
2023-01-28,OS,NA,NA,NA,NA,NA
2023-01-29,OS,7.351580166794134,-13.903759276395187,2.6957869339746585,1.0018824772768526,1.024820361783928
2023-01-30,OS,7.035678188593715,-11.681009575722577,2.4070030058903784,1.0030670976396912,1.0213347273455773
2023-01-31,OS,8.034486394991161,-11.999121090355782,1.9780735953536777,1.0011813737529394,1.0541417049271433
2023-02-01,OS,6.04668509221974,-5.686391113929434,1.3771273650140001,1.0011264785732896,1.1005437059292305
2023-02-02,OS,7.156653934998196,-9.266481928807366,1.2451522335280831,1.0039409287401784,1.1088394117577025
2023-02-03,OS,1.7290438683062208,-7.452111251506853,1.2341478638273597,1.0023387651989117,1.110501389238443
2023-02-04,OS,NA,NA,NA,NA,NA
2023-02-05,OS,6.430086669951301,-5.904043435289363,1.2240174454951447,1.0019883310362343,1.1154789341194522
2023-02-06,OS,3.8713798911159993,-6.698294142157643,1.0860556993787789,1.0014741390588688,1.1231422324413913
2023-02-07,OS,4.030235810752012,-5.977702192671351,1.0320264304243865,1.0032514317140704,1.11484531262493
2023-02-08,OS,3.7597013838981166,-6.174821682682608,0.9998692175281637,1.0048503066088028,1.1192903203287519
2023-02-09,OS,NA,NA,NA,NA,NA
2023-02-10,OS,2.721559900586075,-5.483922578335901,0.9275475002234218,1.000743295071487,1.1032538522191382
2023-02-11,OS,-0.604647123595577,-3.1795746903061666,0.8798947354791983,1.0044405410942805,1.100921310593803
2023-02-12,OS,1.9488298501682675,-6.134632568661436,0.8571800599724526,1.0019731951225757,1.0985199672719934
2023-02-13,OS,-0.16062830619526403,-2.635009881250189,0.8878736737746478,1.00218350691724,1.106281032734142
2023-02-14,OS,NA,NA,NA,NA,NA
2023-02-15,OS,-1.7290624358448208,1.621887665699162,0.8045629159362495,1.0032768339913998,1.08835111656627
2023-02-16,OS,5.733658668965383,-8.678358520580828,0.7471412876515515,1.0026541852814077,1.0932113399500467
2023-02-17,OS,0.7730795069544517,-3.739848107223657,0.7049080626947514,1.0046853707849344,1.067723723684419
2023-02-18,OS,NA,NA,NA,NA,NA
2023-02-19,OS,NA,NA,NA,NA,NA
2023-02-20,OS,NA,NA,NA,NA,NA
2023-02-21,OS,NA,NA,NA,NA,NA
2023-02-22,OS,-7.885493539166595,-1.6461544784521847,0.5878043227980819,1.008719428220516,1.0505655833542724
2023-02-23,OS,1.849186614225343,-11.275915243112877,0.5888347011927373,1.0104775673285977,1.0588052749156243
2023-02-24,OS,1.4541067041848283,-12.2334953955569,0.5895582208196191,1.0035702675103437,1.0502644278506974
2023-02-25,OS,0.772611806436364,-10.344403738026347,0.5897653071219159,1.0025145237042383,1.0474678462132387
2023-02-26,OS,0.20127283882545546,-9.238628342742558,0.5926523129125526,1.0016368239194773,1.0478218463560973
2023-02-27,OS,0.17927411602123544,-9.077104573598525,0.5957611829512877,1.004417412519357,1.04782644670702
2023-02-28,OS,0.24212051047698233,-9.28075955896855,0.6022305213346121,1.009974764246226,1.054669372010931
2023-03-01,OS,0.2087994856123045,-9.183460728683613,0.6165818458871738,1.0064604014150258,1.0560911821167058
2023-03-02,OS,0.15877612793191737,-9.132537938493464,0.6288361708513732,1.0067379294008665,1.0625824218371767
2023-03-03,OS,0.16769681280703097,-9.012100023680265,0.6339940507782912,1.0008647061108873,1.0507295833445116
2023-03-04,OS,0.16171780260208854,-9.19173541379487,0.6420152188456041,1.0051619028857341,1.061472118406096
2023-03-05,OS,0.1267835455493,-9.032044545935895,0.6638421330043592,1.0033442903039496,1.06533389478553
2023-03-06,OS,-0.4056645151405868,-8.50642014221238,0.6908438459301997,1.0056390443801844,1.0632144142322384
2023-03-07,OS,-1.7722255864616903,-10.314439940487478,0.711568688016116,1.008792756869957,1.082393990680622
2023-03-08,OS,NA,NA,NA,NA,NA
2023-03-09,OS,NA,NA,NA,NA,NA
2023-03-10,OS,NA,NA,NA,NA,NA
2023-03-11,OS,NA,NA,NA,NA,NA
2023-03-12,OS,NA,NA,NA,NA,NA
2023-03-13,OS,NA,NA,NA,NA,NA
2023-03-14,OS,NA,NA,NA,NA,NA
2023-03-15,OS,NA,NA,NA,NA,NA
2023-03-16,OS,NA,NA,NA,NA,NA
2023-03-17,OS,NA,NA,NA,NA,NA
2023-03-18,OS,NA,NA,NA,NA,NA
2023-03-19,OS,NA,NA,NA,NA,NA
2023-03-20,OS,NA,NA,NA,NA,NA
2023-03-21,OS,NA,NA,NA,NA,NA
2023-03-22,OS,NA,NA,NA,NA,NA
2023-03-23,OS,NA,NA,NA,NA,NA
2023-03-24,OS,NA,NA,NA,NA,NA
2023-03-25,OS,2.409411154911077,-5.361107721909524,0.7678082365478925,1.0013037697073268,1.0922984336441977
2023-03-26,OS,4.757264439416724,-8.362359780859379,0.7666717793914957,1.0039112198304436,1.0966705103503918
2023-03-27,OS,6.276395631701539,-8.741165670131831,0.7523669684200005,1.0052915208441011,1.0866471707258005
2023-03-28,OS,5.155354361145221,-10.754448959631636,0.7469051957730516,1.0015524302026526,1.0827163748397968
2023-03-29,OS,9.39106847987264,-8.948808233020346,0.8194024194248124,1.004859307477582,1.1045451451723143
2023-03-30,OS,5.1776141428500315,-7.572871397122891,0.9160826459895333,1.000803327716949,1.1021332089049924
2023-03-31,OS,4.32864295292207,-8.618690633074259,0.8985920430340482,1.0041334853312047,1.1029081529069606
2023-04-01,OS,NA,NA,NA,NA,NA
2023-04-02,OS,3.0661395787027037,-6.0695053453774275,0.8603006204624375,1.0057734390183997,1.0938653886552736
2023-04-03,OS,2.1175979684107498,-6.767797105445429,0.865685247152324,1.0022508103171244,1.0908174376315811
2023-04-04,OS,2.581910075806328,-7.086978375499418,0.8669530280787969,1.0014378243017443,1.0984183413035558
2023-04-05,OS,1.9847165283992307,-5.699538454900592,0.8775968095745418,1.004358114708951,1.0963261863040359
2023-04-06,OS,3.00356191436841,-7.141462597122266,0.8864491133885619,1.0022784534652278,1.0915375188653453
2023-04-07,OS,NA,NA,NA,NA,NA
2023-04-08,OS,3.157010282271018,-9.285077673386562,0.9069202918129774,1.003553819970873,1.101272987549228
2023-04-09,OS,4.671473630765304,-8.834873430687187,0.993045220349701,1.0001180677612724,1.116532910310498
2023-04-10,OS,6.046893841879542,-10.241198794993798,1.1113624607618708,0.9998063444014429,1.124339472857874
2023-04-11,OS,6.995056803071411,-9.876999457312486,1.1330993049987337,1.0033336847419645,1.131930733929596
2023-04-12,OS,6.1519285937782975,-9.332963994802991,1.0707693794228095,1.0009932890562712,1.1194527856595529
2023-04-13,OS,4.539347406297463,-9.418914622192936,0.9926241382455838,1.0072969723853855,1.1159613259180277
2023-04-14,OS,1.1610651179968425,-5.2254218476296765,0.9900668653360488,1.0037301492450192,1.1140262598124717
2023-04-15,OS,3.1814275656100217,-6.6778430394327,1.0199812530696037,1.0016944623720734,1.1176285425833394
2023-04-16,OS,2.260973187193408,-6.642440235188286,1.0433993020968226,1.0057374275573066,1.1205784958875624
2023-04-17,OS,9.66958537154999,-15.103942859074218,1.1610942105489201,1.002739370372635,1.1147331306151627
2023-04-18,OS,9.107205422852966,-12.922954611910605,1.2824107930258553,1.0060531731851574,1.1036434318350687
2023-04-19,OS,5.816029768579721,-11.3001909285566,1.2430003575063928,1.0037162850343617,1.1103231302397365
2023-04-20,OS,4.160340498715967,-6.908227384773823,1.2186082456549983,1.0013151336146382,1.106977255098088
2023-04-21,OS,6.591068148017724,-9.121634481620568,1.203577898304188,1.002389468948498,1.114463187672233
2023-04-22,OS,5.673026707323837,-8.517743202830562,1.2204496606219144,1.003349425612056,1.1136273072924212
2023-04-23,OS,NA,NA,NA,NA,NA
2023-04-24,OS,8.022246927685623,-13.521235962260667,2.1085515493721867,1.0029777271728395,1.0406771838550188
2023-04-25,OS,11.234875835861386,-13.498279024070877,2.22455129384935,1.0027987700205208,1.0301414436237581
2023-04-26,OS,11.31689162842899,-17.04664503970774,2.513905273168717,1.0022004194805922,1.0219647665358715
2023-04-27,OS,13.08953575891796,-17.12432401783403,2.3503895633709617,1.002553343760006,1.0227543123596903
2023-04-28,OS,13.324407066674468,-18.48533323786682,2.3966848646036802,0.9996749018904043,1.0214668714160593
2023-04-29,OS,5.442349521144022,-6.544054905008708,1.3498245084320921,1.0079355983481373,1.103066711517883
2023-04-30,OS,NA,NA,NA,NA,NA
2023-05-01,OS,NA,NA,NA,NA,NA
2023-05-02,OS,12.235038114979542,-16.160048456142654,2.6007774917593673,1.0089172138723732,1.0293432984598316
2023-05-03,OS,11.987337786487219,-15.602221752986933,2.5297733574542938,1.001801518061411,1.0569881272884583
2023-05-04,OS,NA,NA,NA,NA,NA
2023-05-05,OS,NA,NA,NA,NA,NA
2023-05-06,OS,12.809112496019347,-15.557746426600024,2.545493844396193,1.001608308523462,1.0465409129783283
2023-05-07,OS,NA,NA,NA,NA,NA
2023-05-08,OS,NA,NA,NA,NA,NA
2023-05-09,OS,11.63086102887039,-15.74141386457464,2.7254206500195113,1.0069188017895372,1.026502966810301
2023-05-10,OS,10.9693591461636,-15.441841485423199,2.5333147433217253,1.0014633503665626,1.055567825444484
2023-05-11,OS,10.214911697023695,-16.044313468981557,2.467953741730161,1.006521338732145,1.0711124362368818
2023-05-12,OS,10.91509794481441,-16.082137809571734,2.4674548776351135,1.0038249561097339,1.0734566546363467
2023-05-13,OS,10.276998507342917,-15.717456528125693,2.4681870403405637,1.003364162642276,1.0729468611076476
2023-05-14,OS,NA,NA,NA,NA,NA
2023-05-15,OS,9.182960259318815,-14.493099870933383,2.4684646107179087,1.0054938876811532,1.0733050965835904
2023-05-16,OS,8.97628374669631,-14.999145274557803,2.465137897580868,1.002286200923395,1.0710072625909637
2023-05-17,OS,10.716471099060525,-15.012524773434054,2.4709827131455673,1.0041541788022896,1.069842876545262
2023-05-18,OS,8.21977467144095,-13.643018006732868,2.4671159160386242,1.0053491326686481,1.0730349982158427
2023-05-19,OS,9.869230602466194,-14.411775337888484,2.4652732896715728,1.0010176761727039,1.0693799000791226
2023-05-20,OS,NA,NA,NA,NA,NA
2023-05-21,OS,NA,NA,NA,NA,NA
2023-05-22,OS,7.5973599099369915,-13.139253437623525,2.4660821972710774,1.0015818359762907,1.0704402415782586
2023-05-23,OS,7.585120156266296,-13.307975019626047,2.4669068269114365,1.0048903582678623,1.0680759378867846
2023-05-24,OS,NA,NA,NA,NA,NA
2023-05-25,OS,9.235380109811162,-13.33337075912154,2.4673317846141423,1.0002655986288311,1.0722438000057317
2023-05-26,OS,2.4575659598183237,-9.575926518235137,2.466418098368667,1.0035590105476726,1.0702736113110602
2023-05-27,OS,7.861397546603835,-13.43176200143474,2.468553209067361,1.0055367310200602,1.0707058205863724
2023-05-28,OS,NA,NA,NA,NA,NA
2023-05-29,OS,8.945687566684205,-15.000108127385424,2.4822268306827118,1.0018304890382843,1.0646926410225386
2023-05-30,OS,11.049205581282294,-15.549637096928352,2.4660075396439196,1.004612936791868,1.0700494290002764
2023-05-31,OS,6.6029254877920645,-12.799131538778951,2.4641833244982077,1.0011089884082969,1.0681323141737216
2023-06-01,OS,7.810685290355557,-13.441825232606508,2.466528019100889,1.0028866790805082,1.0704911578199092
2023-06-02,OS,11.772985974200044,-14.701630952657082,2.46612249240923,1.0034775574504213,1.069858636494872
2023-06-03,OS,NA,NA,NA,NA,NA
2023-06-04,OS,NA,NA,NA,NA,NA
2023-06-05,OS,11.262600806497469,-13.366999746198756,2.464533596104052,1.003956957560249,1.0694956504005764
2023-06-06,OS,NA,NA,NA,NA,NA
2023-06-07,OS,7.754907705975991,-12.781551890591333,2.763172118619159,1.000185159612154,1.026682821755734
2023-06-08,OS,13.488709868946902,-16.794295466019356,2.714079844534925,1.0014073807970154,1.021870116561712
2023-06-09,OS,8.485784749755938,-14.657403652875892,2.4988101983367144,1.0040482565777546,1.0650534902395523
2023-06-10,OS,9.900836955123829,-15.217019698867029,2.467944542457419,1.0045234021546097,1.0707624163702962
2023-06-11,OS,12.032019402462586,-17.06322112733875,2.468032216169289,1.0089183060381883,1.0710849740676158
2023-06-12,OS,NA,NA,NA,NA,NA
2023-06-13,OS,NA,NA,NA,NA,NA
2023-06-14,OS,NA,NA,NA,NA,NA
2023-06-15,OS,NA,NA,NA,NA,NA
2023-06-16,OS,NA,NA,NA,NA,NA
2023-06-17,OS,NA,NA,NA,NA,NA
2023-06-18,OS,NA,NA,NA,NA,NA
2023-06-19,OS,NA,NA,NA,NA,NA
2023-06-20,OS,NA,NA,NA,NA,NA
2023-06-21,OS,NA,NA,NA,NA,NA
2023-06-22,OS,NA,NA,NA,NA,NA
2023-06-23,OS,NA,NA,NA,NA,NA
2023-06-24,OS,NA,NA,NA,NA,NA
2023-06-25,OS,NA,NA,NA,NA,NA
2023-06-26,OS,NA,NA,NA,NA,NA
2023-06-27,OS,1.827827842514955,-6.972343336854888,0.7300291840928227,1.008132611424769,1.096037420756942
2023-06-28,OS,-0.016463207317447905,-6.05349206397501,0.6955418772528605,0.9998939162014614,1.0754982094355163
2023-06-29,OS,-0.10746938978281596,-6.203585065245676,0.6760154145176044,1.001936343639437,1.0697709555306472
2023-06-30,OS,0.3153891641021741,-7.121871551375299,0.6643922493974667,1.0001306229430778,1.0636880563838838
2023-07-01,OS,0.8805915896544334,-7.6689097803396,0.6567266344553788,1.0017755578614917,1.0638108242664908
2023-07-02,OS,NA,NA,NA,NA,NA
2023-07-03,OS,-0.03802381337698806,-8.352844733685034,0.6527314573475526,1.006935267052912,1.062961065274497
2023-07-04,OS,0.05272385721402008,-7.786873284729226,0.6527055814979167,1.0013073981791212,1.0551385059417628
2023-07-05,OS,0.4939492326353759,-8.71436261625889,0.6635781778308677,1.0121887121904065,1.07581125620501
2023-07-06,OS,1.7828521557467523,-8.376648949306466,0.6741646416885534,1.0045984861114183,1.0623836806126705
2023-07-07,OS,2.0004117107388333,-8.978477907290115,0.6882649933277206,1.0009175783315296,1.0680121236690872
2023-07-08,OS,0.9103900229539033,-6.700839295209231,0.7047350778636988,1.0016576979658667,1.0844808157725467
2023-07-09,OS,0.523716734287176,-5.748997085301123,0.7220422882124377,1.0008501896267874,1.0716886941214305
2023-07-10,OS,-4.102322284154021,-3.7967365105960806,0.7440084128327406,1.0063569426407144,1.0863574242030212
2023-07-11,OS,1.304168462440872,-6.289294043014586,0.7648439096735121,1.0070393845029821,1.1080555805962629
2023-07-12,OS,-0.42738850624544894,-4.787982610894311,0.8061934172544217,1.0014175443075395,1.1035638014068647
2023-07-13,OS,-1.1899431954004924,-5.960796102702282,0.8380843172795049,1.00011410689762,1.0932260341342972
2023-07-14,OS,-1.0331348090051549,-7.552347412909426,0.8491020867662811,1.0034139909812259,1.0936389434039189
2023-07-15,OS,NA,NA,NA,NA,NA
2023-07-16,OS,NA,NA,NA,NA,NA
2023-07-17,OS,NA,NA,NA,NA,NA
2023-07-18,OS,NA,NA,NA,NA,NA
2023-07-19,OS,NA,NA,NA,NA,NA
2023-07-20,OS,NA,NA,NA,NA,NA
2023-07-21,OS,NA,NA,NA,NA,NA
2023-07-22,OS,NA,NA,NA,NA,NA
2023-07-23,OS,NA,NA,NA,NA,NA
2023-07-24,OS,NA,NA,NA,NA,NA
2023-07-25,OS,6.753914443476173,-11.809568530192834,1.1151497360892095,1.0013712132859622,1.1232387033553592
2023-07-26,OS,7.231978299872785,-12.448424360883667,1.1576196250545332,1.0063982399669402,1.1191864828559388
2023-07-27,OS,5.445035409105557,-10.713679187648879,1.1485131439307812,1.0016565120622294,1.11879679535794
2023-07-28,OS,5.28112783320535,-10.908282164651853,1.1194279586838505,1.0006944234393147,1.1239836898107642
2023-07-29,OS,NA,NA,NA,NA,NA
2023-07-30,OS,NA,NA,NA,NA,NA
2023-07-31,OS,NA,NA,NA,NA,NA
2023-08-01,OS,5.480830174495047,-9.92386691531388,1.041843173315698,1.001112930064018,1.1231037917867095
2023-08-02,OS,5.703449602139402,-9.901993144968838,1.0348729646003374,1.004769745631214,1.1245593380668688
2023-08-03,OS,5.940103900837301,-9.267205960434383,1.0115695233326634,1.0042756973708096,1.1166983659039946
2023-08-04,OS,3.992175773720748,-8.401335057753164,0.9618980085716615,1.0027338720219203,1.1083206985468272
2023-08-05,OS,2.5589785386946504,-8.033752838151383,0.9127968331712589,1.00218016115986,1.0939614988327184
2023-08-06,OS,3.1398794057807367,-7.35804354268291,0.8983735219501233,1.0030349778429286,1.09634725551217
2023-08-07,OS,2.0064120128512886,-7.3781132619365115,0.8913652504384119,1.00150627933837,1.0974586828005282
2023-08-08,OS,0.6514905418283325,-6.305420605546033,0.8849617631866386,1.0022854165737893,1.094465834333857
2023-08-09,OS,0.4851798252558465,-6.166800419241152,0.8794126594439832,1.0054916402668825,1.0969938134117254
2023-08-10,OS,-0.09533281171240231,-6.143329717674523,0.8756667823120827,1.0065628453289466,1.0990818909964006
2023-08-11,OS,-1.093405303458069,-5.330303627604517,0.8819449966341751,1.0036035882268097,1.0938957345931348
2023-08-12,OS,-0.1431226866789498,-6.062017613401774,0.9037350758548663,1.0044666207249184,1.0941855086798045
2023-08-13,OS,0.9677106371215427,-7.168296978027404,0.9361135548674115,1.003649395290021,1.104640032093849
2023-08-14,OS,4.277352139048961,-9.973491706212107,0.9477473569887626,1.004415761917633,1.1128621967655392
2023-08-15,OS,1.361318649826108,-6.6032762071978235,0.9584295001226171,1.0077210535300374,1.1102534688076449
2023-08-16,OS,5.287999068981588,-9.360908692710218,0.9600734028675724,1.0011547558862997,1.1106321212077677
2023-08-17,OS,3.9095077540123193,-9.851430129938414,0.9593327204798976,1.0019350567909642,1.1064656622135314
2023-08-18,OS,NA,NA,NA,NA,NA
2023-08-19,OS,6.185580072934425,-11.388137704986557,1.0051312445979257,1.0004092293477256,1.1154166307852635
2023-08-20,OS,NA,NA,NA,NA,NA
2023-08-21,OS,8.362544395712268,-12.46779228942906,1.0349024259241664,1.0010268537021805,1.1245279765947997
2023-08-22,OS,6.996000138895828,-12.077657572144265,1.0666978510287421,1.001346446827343,1.1266498996051484
2023-08-23,OS,7.597296678343788,-12.695872219299563,1.1120885941272205,1.0040677803746947,1.124594139097518
2023-08-24,OS,6.754710753414709,-12.055094131815126,1.1593768875179866,1.0054638043800896,1.1140425256026067
2023-08-25,OS,6.31514671875122,-11.847755537647354,1.1897956107858476,1.0016070911790265,1.1165296479002205
2023-08-26,OS,NA,NA,NA,NA,NA
2023-08-27,OS,4.317106372341141,-10.13309050583372,1.1809616221830146,1.0051870888488954,1.1118298859977271
2023-08-28,OS,3.4969561811325693,-8.71420551703962,1.1315961847986749,1.0062994352406311,1.1197182301258686
2023-08-29,OS,0.4117362279806249,-10.59413206046747,1.149930987042837,1.0077442887525097,1.1184368874118835
2023-08-30,OS,-0.443130450876675,-12.633326728657073,2.4667612020441005,1.0129562164502983,1.072515087259612
2023-08-31,OS,0.5654278234789188,-14.328441539671605,2.4659848097210606,1.0086521263321642,1.0694274831204342
2023-09-01,OS,2.932975948145023,-11.545810911716314,1.1311109812652016,1.0083136123020338,1.1212269858547503
2023-09-02,OS,4.649195226855319,-12.722029004929778,1.032344986912025,1.0113693335737386,1.112979826424562
2023-09-03,OS,0.14369121284908948,-8.930522293156175,0.954111617134144,1.0105768949282092,1.1047757625414447
2023-09-04,OS,0.25742916534734966,-8.98770016888071,0.866947526560882,1.0049955467876193,1.0993021589525052
2023-09-05,OS,0.3453296356419704,-9.25774688945512,0.8178821931222163,1.0116048299201799,1.09565630411984
2023-09-06,OS,0.18606305131340778,-9.02843318423254,0.7874315394900744,1.00917410289848,1.0893761467121823
2023-09-07,OS,0.18778850402574954,-9.081288588168931,0.7741395205456997,1.002686978710859,1.0848536505358983
2023-09-08,OS,0.20961796186840875,-9.149106811373485,0.7668613196727084,1.0084411039124055,1.0842283967944892
2023-09-09,OS,0.1237994014306082,-8.947586338663422,0.7612649780997827,1.0024469776747311,1.085803405960474
2023-09-10,OS,NA,NA,NA,NA,NA
2023-09-11,OS,0.22098870060856154,-9.025180017589012,0.7628083132666199,1.005703564731102,1.088033506143728
2023-09-12,OS,0.14726143841696124,-9.028755726126251,0.765407342714712,1.0035398144663374,1.0939811858668689
2023-09-13,OS,0.06747612379811542,-8.94134879707251,0.7726564524824425,1.0059427838380792,1.0873165715525217
2023-09-14,OS,0.27900684356849703,-9.294387020503674,0.7766645361291958,1.0029756792505875,1.088355420237108
2023-09-15,OS,NA,NA,NA,NA,NA
2023-09-16,OS,NA,NA,NA,NA,NA
2023-09-17,OS,NA,NA,NA,NA,NA
2023-09-18,OS,NA,NA,NA,NA,NA
2023-09-19,OS,NA,NA,NA,NA,NA
2023-09-20,OS,NA,NA,NA,NA,NA
2023-09-21,OS,NA,NA,NA,NA,NA
2023-09-22,OS,NA,NA,NA,NA,NA
2023-09-23,OS,NA,NA,NA,NA,NA
2023-09-24,OS,NA,NA,NA,NA,NA
2023-09-25,OS,NA,NA,NA,NA,NA
2023-09-26,OS,NA,NA,NA,NA,NA
2023-09-27,OS,NA,NA,NA,NA,NA
2023-09-28,OS,4.756009579573748,-9.648195638012027,1.0794941732983117,1.0018400141133375,1.131039900754909
2023-09-29,OS,5.378731613613822,-10.002876888371247,1.095072798693351,1.009000540084512,1.1299148541071227
2023-09-30,OS,3.9661892020719054,-8.467283399186888,1.0853121734816085,1.002795759305803,1.1188464967841145
2023-10-01,OS,3.2206316700126485,-7.4930409843160835,1.126027224344485,1.0065722555975414,1.1232389527505968
2023-10-02,OS,4.13212908856705,-9.246587709871635,1.1860303426068217,1.0049105607252848,1.1146786488311073
2023-10-03,OS,NA,NA,NA,NA,NA
2023-10-04,OS,5.9494739013286715,-13.67832037411371,1.206360997396232,1.0028145322486066,1.1139646904183016
2023-10-05,OS,6.174715936157849,-12.508343412832607,1.1804460714502496,1.00094193139529,1.118457982125657
2023-10-06,OS,0.48578861325497824,-11.238711307881227,1.1685218656758767,1.0124731568907919,1.1214771226811326
2023-10-07,OS,0.09050840765857637,-9.694330682153725,1.2296032084043738,1.0091531042632267,1.1170442987416356
2023-10-08,OS,0.07452462591969246,-10.130528407715467,1.3610581604083254,1.0228782813431105,1.1022561740079653
2023-10-09,OS,0.12668953473035727,-10.454338959519994,1.4258614089657584,1.0224839864560833,1.098131693259218
2023-10-10,OS,NA,NA,NA,NA,NA
2023-10-11,OS,NA,NA,NA,NA,NA
2023-10-12,OS,0.6667240235096938,-8.761928862356335,0.9815736951594978,1.0059053468304908,1.110974574953069
2023-10-13,OS,NA,NA,NA,NA,NA
2023-10-14,OS,5.585172260843191,-12.75343434621328,1.0951562762565386,1.0014431866281488,1.1206357687650752
2023-10-15,OS,-1.9608547714636704,-4.1548395784098995,1.1365793280599534,1.0059694884354164,1.1186038265169485
2023-10-16,OS,5.189442472807675,-10.618862653814183,1.2169542275203296,1.0073861065508412,1.1137094799374905
2023-10-17,OS,5.463670845304938,-11.403853980892999,1.242621495469906,1.0028630400800347,1.1115320977995942
2023-10-18,OS,0.5097940146266727,-6.253216871509414,1.1688383987260884,1.0033495228846163,1.1165547299534937
2023-10-19,OS,0.9631925707665574,-11.708100588608442,1.103363411750418,1.0029955039086362,1.1181461515507676
2023-10-20,OS,0.1854350004946223,-9.181657658980123,1.0314057352082857,1.0031455281321784,1.120397268815057
2023-10-21,OS,0.15715316759460443,-9.090290531925952,1.0164933588512028,1.0051468162582966,1.1170075457329092
2023-10-22,OS,0.25533784548618865,-9.022349148811404,1.0565193848583845,1.0021029179615928,1.1270754478869032
2023-10-23,OS,0.0769975550268418,-9.323717875034808,1.1182888218226623,1.0071524165444885,1.121151525243395
2023-10-24,OS,0.1898740152950724,-9.65720420133487,1.1690337490925646,1.0132266788180448,1.120140537948941
2023-10-25,OS,7.0171199995022535,-10.454085166751009,1.1706727754234694,1.0031894908254817,1.115892002662812
2023-10-26,OS,3.7479568113660426,-8.084188418610868,1.1331965451645332,1.0072570454889562,1.1217033093825926
2023-10-27,OS,5.071940084965505,-11.403277080328088,1.103719156000604,1.002640653488373,1.1248230026522272
2023-10-28,OS,5.251428250502213,-13.372985974108383,1.112227517250842,1.001038942383089,1.1211006612156693
2023-10-29,OS,6.803933010461073,-15.241089444453165,1.120262309504857,1.0012506620290742,1.1215754275125285
2023-10-30,OS,2.695495611613899,-7.508142543589637,1.110221633285098,1.006204642728794,1.1283171515562105
2023-10-31,OS,2.9210326233440584,-7.987927254711846,1.166724774344267,1.0113885072709645,1.120201383180909
2023-11-01,OS,3.37743352801107,-9.17950948520432,1.5558782804416393,1.0008490847643121,1.0904417254062204
2023-11-02,OS,5.066400786014999,-19.823022788328313,2.4661171590803064,1.0053491143361133,1.07184315507577
2023-11-03,OS,-0.39650091476974286,-15.593989998264876,2.4655581479819997,1.0062279174951256,1.069750436218025
2023-11-04,OS,NA,NA,NA,NA,NA
2023-11-05,OS,1.6450129761428016,-13.74163728377642,2.497004428852086,1.00346933015969,1.0641883951666256
2023-11-06,OS,3.9400985579077057,-17.295306264606086,2.6797792121434894,1.0038424441790283,1.018954008431727
2023-11-07,OS,NA,NA,NA,NA,NA
2023-11-08,OS,-0.38403770580943025,-14.752967265291154,2.2421801965381474,1.0012668122653796,1.0283118400541247
2023-11-09,OS,5.200040839087521,-10.408582321668252,1.6543588105125502,1.0067536766837786,1.086091253584211
2023-11-10,OS,3.578756439577787,-13.103095905404114,1.5142413502683303,1.011212414922594,1.0932900264567829
2023-11-11,OS,NA,NA,NA,NA,NA
2023-11-12,OS,3.6255470338722833,-12.459984043806434,2.4664953171803425,1.0106598059439014,1.072726136637275
2023-11-13,OS,0.8180733677137306,-9.093156834589275,2.46749099408496,1.0060458742029939,1.0712360219491108
2023-11-14,OS,2.222773666565964,-11.812106350273112,2.4672932602504054,1.0068260691227844,1.071912988328996
2023-11-15,OS,-0.4444684889182368,-10.94736567974841,2.466640089005765,1.0130978061668474,1.0711817167103674
2023-11-16,OS,3.350392414086212,-13.924589603594383,2.4675819690787186,1.002757753196348,1.0695334030021124
2023-11-17,OS,-0.8318278355071742,-11.37795065872557,2.4665972822252047,1.0026552345722273,1.0717997147468823
2023-11-18,OS,4.600319560681563,-13.798831223703345,2.4664773046210664,1.0119002464173736,1.0705997046872098
2023-11-19,OS,3.5499233273412245,-14.041113566253374,2.465805699097473,1.0075991049503086,1.0692260912578322
2023-11-20,OS,NA,NA,NA,NA,NA
2023-11-21,OS,NA,NA,NA,NA,NA
2023-11-22,OS,NA,NA,NA,NA,NA
2023-11-23,OS,NA,NA,NA,NA,NA
2023-11-24,OS,NA,NA,NA,NA,NA
2023-11-25,OS,NA,NA,NA,NA,NA
2023-11-26,OS,NA,NA,NA,NA,NA
2023-11-27,OS,NA,NA,NA,NA,NA
2023-11-28,OS,NA,NA,NA,NA,NA
2023-11-29,OS,NA,NA,NA,NA,NA
2023-11-30,OS,NA,NA,NA,NA,NA
2023-12-01,OS,NA,NA,NA,NA,NA
2023-12-02,OS,NA,NA,NA,NA,NA
2023-12-03,OS,NA,NA,NA,NA,NA
2023-12-04,OS,NA,NA,NA,NA,NA
2023-12-05,OS,NA,NA,NA,NA,NA
2023-12-06,OS,NA,NA,NA,NA,NA
2023-12-07,OS,NA,NA,NA,NA,NA
2023-12-08,OS,3.968902090584504,-7.31295561217071,0.8062211630150401,1.000089488285909,1.100233353086791
2023-12-09,OS,NA,NA,NA,NA,NA
2023-12-10,OS,NA,NA,NA,NA,NA
2023-12-11,OS,NA,NA,NA,NA,NA
2023-12-12,OS,NA,NA,NA,NA,NA
2023-12-13,OS,NA,NA,NA,NA,NA
2023-12-14,OS,NA,NA,NA,NA,NA
2023-12-15,OS,NA,NA,NA,NA,NA
2023-12-16,OS,NA,NA,NA,NA,NA
2023-12-17,OS,NA,NA,NA,NA,NA
2023-12-18,OS,NA,NA,NA,NA,NA
2023-12-19,OS,1.9385772339664282,-7.576934040878215,0.7856527591181461,1.0030073277947884,1.0889846917022359
2023-12-20,OS,-0.55935755719404745,0.26754217586853296,0.7282311396762339,1.0033086687289317,1.0797073433191309
2023-12-21,OS,-0.013992545545806387,-3.1602333649441006,0.6605631419656176,1.0013294068080956,1.0620975050608992
2023-12-22,OS,0.4041336293928264,-2.976378328179389,0.6115017692521026,1.0010472709331837,1.0508292922631963
2023-12-23,OS,0.48810261553719553,-2.758322194236422,0.5920540497979228,1.0026644780040521,1.0439181094013485
2023-12-24,OS,2.4812859912344413e-4,-2.7679043292273526,0.5931893330157301,1.0033031700379598,1.046736896644007
2023-12-25,OS,0.9219853852461494,-6.9871771072379865,0.5912564830550747,1.0024740116280395,1.048712320342844
2023-12-26,OS,-0.9882729310564045,-5.2758269133340425,0.5929147936592881,0.9998835252215061,1.0495302853370114
2023-12-27,OS,-0.3654197235351422,-6.909748936389523,0.5904773642617146,1.0023318409255337,1.044172284234946
2023-12-28,OS,-0.46744930310801985,-6.732021310106006,0.591012568666934,1.0008129675268698,1.0484249886813186
2023-12-29,OS,-3.685281171401763,-0.4577317427622748,0.5924155215666845,1.0007543888710435,1.0493524433138484
2023-12-30,OS,-0.37502181888958336,-11.691154700148752,0.5890134803252746,1.0061422311623334,1.0462564457335468
2023-12-31,OS,-1.5559453128761662,-6.775169334325836,0.5910677201926477,1.0040958407327627,1.0542094550863486
2024-01-01,OS,5.706447719649834,-13.450712920992348,0.5907306106643438,1.005888160897407,1.0424112845213638
2024-01-02,OS,-0.4245313285470685,-7.969154043145457,0.593069284618561,1.000209335196591,1.0437383977933157
2024-01-03,OS,6.1788028820588385,-12.465756930231475,0.5929298858824453,1.0044729063749822,1.0434480080294608
2024-01-04,OS,-0.3009343746877773,-7.879767461817377,0.5901555173010725,1.0020689483129328,1.0533244527413261
2024-01-05,OS,5.86958717026625,-11.122109384075925,0.5920722265773591,1.0057237263281604,1.0468165345858915
2024-01-06,OS,0.12642835414536227,-11.072049139164664,0.5890203693524281,1.005817403718003,1.047051793912209
2024-01-07,OS,-0.13617141587298243,-10.205927440430381,0.5912723693405728,1.0039807417958895,1.0472402065516757
2024-01-08,OS,3.9912899809633355,-5.0783120474485175,0.5927754346974119,1.0053463148143493,1.0466483081815454
2024-01-09,OS,NA,NA,NA,NA,NA
2024-01-10,OS,3.8000743225989644,-8.9911114909762,0.5904903526651064,1.0011192650441614,1.0449848392060286
2024-01-11,OS,0.2610270933689285,-7.87763462264327,0.5910159947414257,1.0027948504298079,1.046053167117168
2024-01-12,OS,0.6691729113539131,-6.995450276526071,0.5902706396418511,1.0022786421287047,1.053504626375255
2024-01-13,OS,-0.7843020325370366,-9.064717738998311,0.5891177417935063,1.0052551036680577,1.0491379352415826
2024-01-14,OS,-0.43986904753031164,-2.5667082650856545,0.5944380187946392,1.0000961404619138,1.050510749425595
2024-01-15,OS,-0.8738961468711275,-9.183681666157279,0.5905542946662142,1.0038164641545642,1.050616062953571
2024-01-16,OS,-0.40155280595700943,-8.168674147020736,0.5927355396979201,1.0053121059999384,1.0453673531244547
2024-01-17,OS,-4.824142535024563,-1.3133286469148975,0.5914098308021848,1.0028291536116034,1.0440361028012155
2024-01-18,OS,0.3340756300502357,-9.219568340941091,0.5908326143182556,1.0005785837463628,1.0479784592065096
2024-01-19,OS,0.7974894791269317,-10.416222817816896,0.5901548323591435,1.0051812893269683,1.0477870480420297
2024-01-20,OS,0.7938322476684583,-5.286029947310358,0.5908779530318844,1.0009539741140028,1.049601854708683
2024-01-21,OS,-0.20630157924401868,-7.998497038674083,0.5908349450043828,1.0045326875638538,1.047380606832575
2024-01-22,OS,-0.20751188272703452,-7.797330328071952,0.5930391009891247,1.004264136354743,1.0456813066013995
2024-01-23,OS,0.45155213281141865,-8.1181159281445,0.5908678105072233,1.0045829130290913,1.0478174762197645
2024-01-24,OS,0.37166146803926187,-9.175889657646154,0.5912733251084419,1.0013231025564584,1.0419990249861966
2024-01-25,OS,0.5831063992358408,-10.543252069090324,0.5913586166744599,1.0041348033012678,1.047280692723203
2024-01-26,OS,-0.357744247370605,-8.57940826150893,0.5910216965907636,1.0032991781570544,1.0477775732327776
2024-01-27,OS,0.8622013253821709,-8.568590077131356,0.5906722011598361,1.0030033155794422,1.0469375714141982
2024-01-28,OS,-4.00838149467977,-1.5430622645854986,0.5949348800726398,1.0003961852904788,1.047418035656341
2024-01-29,OS,-3.1042028694037733,-0.8671781168822112,0.5929770775380323,1.0048334077714909,1.0411916064402111
2024-01-30,OS,-6.061292457051062,-5.833570944293076,0.5916631284625935,1.0137161563335135,1.0478223867525474
2024-01-31,OS,0.34432703663422454,-11.009265515157376,0.592510915457449,1.0031236982588039,1.047015640732309
2024-02-01,OS,0.16010606937848346,-6.33675634895023,0.5934188868660247,1.0054560028412973,1.0457662104688876
2024-02-02,OS,4.113455664857655,-10.126393964167079,0.5889189881483312,1.0030979521729322,1.04675216577409
2024-02-03,OS,3.633632634180714,-9.547756782012996,0.5919549712020963,1.0035928753986658,1.0507561060858828
2024-02-04,OS,0.5181885606536404,-11.658248692148858,0.5898467658991877,1.0020066403129648,1.0492094927011626
2024-02-05,OS,-1.6137327107592678,-1.2576912306236168,0.5917176535468306,1.0047829890353903,1.0439457383417707
2024-02-06,OS,-1.222751292433413,-5.267788952917784,0.5902866516660698,1.0019559296214904,1.0475277498573288
2024-02-07,OS,-1.149679952568047,-4.35234787825497,0.5914639911747285,1.0044716042263044,1.0509444795846232
2024-02-08,OS,-0.2907973756533767,-6.248023872110805,0.5951103673531948,1.00220347749979,1.0482168328110566
2024-02-09,OS,0.6575622422663793,-6.43702475645083,0.5956929147477251,1.0020010702133884,1.048579599320235
2024-02-10,OS,1.412996435194903,-6.734563491159826,0.5914117695836821,1.0017431771384537,1.0469036895849422
2024-02-11,OS,2.710655464390491,-5.940174208996093,0.5921575687804558,1.0061416773615561,1.0509582417782326
2024-02-12,OS,-0.5368071442965467,-6.602302579470657,0.5933237578479011,1.0015366775578245,1.0474372387164657
2024-02-13,OS,1.748674636275293,-1.705704649476325,0.5946548268692007,1.0030713281462527,1.0499745195655337
2024-02-14,OS,0.6570089984186833,-3.6218879822434564,0.6062726650886159,1.0011971509912176,1.0453206706061584
2024-02-15,OS,1.039226189699429,-6.279449082059956,0.6149153431982537,1.0005827957594362,1.0564599315271646
2024-02-16,OS,0.041360208819779885,-4.9949892518963,0.6186153726493211,1.0019170598906821,1.0513432660077542
2024-02-17,OS,-0.10399563900092285,-1.8429884278451392,0.6200902366726705,1.0051052056338483,1.0504705892450203
2024-02-18,OS,0.2010368402725103,-4.505394730650723,0.6238675100413865,0.9995689279924805,1.0615418637485188
2024-02-19,OS,0.6593770004350985,-4.296072936730252,0.6265713951114608,1.001106614407759,1.0587180254069934
2024-02-20,OS,1.6304313695280432,-4.686446458069735,0.6287772700898863,1.0025420781361762,1.0682985426139187
2024-02-21,OS,0.9789726240861354,-3.7037526456840584,0.6240165972865105,0.9998036580435198,1.0579441475415012
2024-02-22,OS,1.3771913760203212,-3.672331008714889,0.6158190197654889,1.001034682231977,1.0465858670220671
2024-02-23,OS,4.590949519926496,-7.412623518487349,0.5992077101472949,1.0015817514546095,1.0502406448547768
2024-02-24,OS,3.068862772508249,-9.531467330522517,0.5904917828612876,1.0030897823096292,1.0589573878660306
2024-02-25,OS,0.3840805083519964,-0.5156493381551909,0.5933741997165457,0.9999413993091081,1.0451486048506446
2024-02-26,OS,3.949115089220226,-9.060809229920533,0.5938149332698365,1.0042675007235513,1.0457993263099825
2024-02-27,OS,1.0081930436643014,-2.8301976826388473,0.5938276029664772,1.0011925610679162,1.0468044382287698
2024-02-28,OS,3.299603576675191,-6.181286449053908,0.5927651387446419,1.004684539640643,1.0464393969782286
2024-02-29,OS,-1.1870798781191916,0.12693189294148088,0.593418926216408,1.002537172647086,1.0477049806896324
2024-03-01,OS,2.3322711796370705,-10.707521724059934,0.6034341254837327,1.001678310270992,1.0513831163857943
2024-03-02,OS,-0.11815032767712444,-5.330802587574544,0.6160498607233426,1.0060108280283633,1.0572208287005587
2024-03-03,OS,2.5161735127466818,-6.081889797399381,0.6258520687070382,1.0038141341215485,1.0599055072575918
2024-03-04,OS,3.0098686533271795,-8.375529573311411,0.643977277021094,1.0033126381636235,1.0539798823223678
2024-03-05,OS,NA,NA,NA,NA,NA
2024-03-06,OS,2.051107330951032,-4.920576601859289,0.6603697626582626,1.0020990054820056,1.0615589597532222
2024-03-07,OS,2.9401936592411566,-9.989535758375583,0.6625546500110039,1.0004502289106842,1.0640905113458687
2024-03-08,OS,2.30443091064424,-9.290792875008206,0.661758586546099,1.0021698908750094,1.0859232226525868
2024-03-09,OS,-0.7394549502052221,-5.087741983569027,0.6534134321311348,0.9993680087394134,1.0637260675353863
2024-03-10,OS,-4.57108663331113,0.5505902804567526,0.6515826704380827,1.000666517969605,1.0520686296833117
2024-03-11,OS,-0.19211341388797368,-4.5123641252931,0.6598477465864889,1.0036128370139785,1.0547589970997386
2024-03-12,OS,0.13643114464609793,-6.377955727866569,0.651724062667858,0.9994177593433405,1.0497727361628533
2024-03-13,OS,1.0548967851383793,-6.401071309881629,0.6345718517057085,1.0035439073526788,1.0538754010686937
2024-03-14,OS,1.3907252497943576,-6.127893654281439,0.6190490718966241,1.0014125010567236,1.047367149195802
2024-03-15,OS,-0.7035057515256531,-10.189960500010825,0.6046092096276944,1.0020926634174057,1.0578271033786282
2024-03-16,OS,0.7865872561707818,-9.94032696240518,0.5898241653424355,1.0043686462802046,1.0495278016578662
2024-03-17,OS,NA,NA,NA,NA,NA
2024-03-18,OS,-0.7204190458903407,-7.386382424924318,0.5926791400472443,1.0032700744755418,1.043816688314864
2024-03-19,OS,-8.379384894433237,1.761095230651277,0.5930791438785092,1.0073688067469897,1.04551079434245
2024-03-20,OS,-1.0705675786005988,-6.22875694504888,0.5935983440305955,1.0021111798387023,1.0434427622137297
2024-03-21,OS,2.172115815901342,-8.541279895392577,0.5911804174885164,1.0011122812026632,1.0472050022003263
2024-03-22,OS,-0.10154837460920851,-11.576810027331645,0.5917162471529368,1.0018071422409505,1.0477056322849478
2024-03-23,OS,0.6974763715955009,-10.805331726406568,0.5881674507634308,1.0040892290621817,1.0507137837305145
2024-03-24,OS,0.1353440379656761,-9.60169102115746,0.5911200194844682,1.0075489974146394,1.045169940068047
2024-03-25,OS,5.328879371863139,-9.545128131362935,0.5903273316268288,1.0027517582711887,1.0538748031634095
2024-03-26,OS,-0.0024997702087190916,-10.898978075401024,0.5894477945845111,1.0028154751321383,1.0515957493787738
2024-03-27,OS,NA,NA,NA,NA,NA
2024-03-28,OS,0.13570692066932213,-10.067779564400267,0.5904170380767843,1.0019162781598638,1.0504214034013255
2024-03-29,OS,6.854146556998735,-10.925257997630387,0.5914637637969156,1.0086558363197091,1.0537878244888463
2024-03-30,OS,5.117782465629948,-12.157454779846278,0.5912058051203795,1.007234504178498,1.0441394204828738
2024-03-31,OS,-0.18058828397398638,-9.40782995439478,0.5926251771241524,1.0076511222782385,1.048409444167943
2024-04-01,OS,0.3280065560292253,-11.447063486357532,0.5890688662505031,1.0025459078694932,1.0552240183379458
2024-04-02,OS,1.015720109245263,-11.17084796628693,0.589861964049802,1.0099815118143873,1.0513557429861013
2024-04-03,OS,-0.47309324979411743,-9.057592452905133,0.5915117620111973,1.002665052706476,1.0394746584656045
2024-04-04,OS,-1.958387782665572,-4.236433231309674,0.5919016906162053,1.0049776245683215,1.0454352894370804
2024-04-05,OS,0.5011907317123553,-11.591310070450927,0.5894807114363784,1.0068542248127685,1.0465211318025012
2024-04-06,OS,NA,NA,NA,NA,NA
2024-04-07,OS,-1.968678723932946,-5.864730204218528,0.5915745130567996,1.0033329521689467,1.0455888249420502
2024-04-08,OS,0.8923986328324008,-8.317431371176223,0.5905642453996649,1.0063677412107208,1.0475629247283054
2024-04-09,OS,2.843498222163594,-15.078691883121179,0.5870985703002538,1.0031011603696909,1.0491243311801517
2024-04-10,OS,0.7338269353263621,-11.79871337775007,0.5891762184226819,1.0045450263446825,1.0515834346624837
2024-04-11,OS,1.1837146786408808,-12.599093632695253,0.5885452701101752,1.004653039293101,1.0469147281147744
2024-04-12,OS,-1.3106336675757648,-1.6790165812151328,0.5993421247867312,1.0007261366620954,1.0489328997076497
2024-04-13,OS,-0.8016545758202712,-5.832202872892701,0.5923971609795275,1.0045421793374498,1.0425965991102415
2024-04-14,OS,-0.1679942296762556,-8.210975588658366,0.5933964791279565,1.0019676045768675,1.0478464979932987
2024-04-15,OS,-0.8667246153249808,-6.125347298082345,0.59132017080758,1.0022095360326244,1.0546681573574133
2024-04-16,OS,-1.8849934716478516,-6.684994985120319,0.5923427944828152,1.0026952474791861,1.042691053500801
2024-04-17,OS,-1.4281927991006615,-7.258378717853521,0.5926729055802844,1.00313302351562,1.046492578291643
2024-04-18,OS,-5.099523099523522,-4.677817690658711,0.5937784703926596,1.0005266753325184,1.0414955924696265
2024-04-19,OS,-2.803497325262684,-6.815361312372381,0.5918294015840067,1.00597063091419,1.047570516984379
2024-04-20,OS,-3.3861209957461242,-6.886539839333618,0.5941350477704259,1.0130703391730704,1.0520925283137446
2024-04-21,OS,-1.0143304756706775,-9.409642568117196,0.5917957128475138,1.0023339982901762,1.0523695788818577
2024-04-22,OS,-1.070806382729569,-9.368819117131014,0.59053296254366,1.0017173236365087,1.0496293538558552
2024-04-23,OS,-0.535846174865937,-10.476735094537275,0.5896848498293376,1.0077379540116513,1.0555267045654992
2024-04-24,OS,-0.00977395833290041,-11.386800876084788,0.5889005961375899,1.0005171039056326,1.0488293378557747
2024-04-25,OS,0.07382652076505107,-11.544257226049567,0.5906166816714784,1.0057048501743766,1.0494709130150197
2024-04-26,OS,-1.195377641942773,-10.086694876477488,0.588991094570303,1.003883472876813,1.049192848153269
2024-04-27,OS,-1.2663586134971643,-9.105639037809588,0.5922111676058319,1.005628476601692,1.0449444726501327
2024-04-28,OS,-0.6734119670679944,-9.809276334907814,0.5915139344414927,1.004756117197949,1.0459111285816578
2024-04-29,OS,-0.10308364156029591,-9.894373594419292,0.5899630453438636,1.00100902780771,1.0467979173462305
2024-04-30,OS,0.23129154742241617,-9.83356051477199,0.5925834883233673,1.0015098393400423,1.0476213785807722
2024-05-01,OS,-0.13427164082620302,-9.874142814324058,0.5914776121893499,1.0048110217292718,1.0451699590224417
2024-05-02,OS,-0.5582328414399141,-9.671282007423116,0.5900933348876631,1.004634807604488,1.0484124845724254
2024-05-03,OS,-0.4174298090742418,-9.882062253624792,0.5923284826742224,1.0039959331829555,1.046702236753924
2024-05-04,OS,-1.768069431560903,-8.15056238257814,0.5913054036170889,1.002230213532994,1.0471060751398964
2024-05-05,OS,-2.174904845560749,-8.071163406577202,0.5942918471943498,1.0028648257317352,1.042036794983335
2024-05-06,OS,-1.791117626791509,-8.496434987829277,0.5920236826284192,1.0037569091926613,1.045517333510705
2024-05-07,OS,-1.136337109240171,-9.176615064458538,0.5918706636024892,1.0026087502875278,1.0372993386844827
2024-05-08,OS,-0.9342102321993121,-9.843966913420063,0.5915598183736996,1.002214385236216,1.048818727485726
2024-05-09,OS,0.552441575555412,-13.602322299722239,0.5871338604985085,1.0049132994065253,1.04666629360826
2024-05-10,OS,0.09685975170073431,-11.414817353011054,0.5907135703597702,1.0048949325287677,1.0516443111924334
2024-05-11,OS,-0.046638092183776216,-10.964393148841143,0.5906947639653666,1.0030307405216035,1.0434715395250385
2024-05-12,OS,0.07108154459430283,-10.853368762741852,0.5894572886167814,1.0153139218280571,1.0508996258233976
2024-05-13,OS,0.15374558768424693,-10.766230823783298,0.5909617136405388,1.001446522576144,1.0444418730453882
2024-05-14,OS,0.040260970386549196,-10.597809890151291,0.590445265213471,1.0065731443698418,1.042771119345731
2024-05-15,OS,-0.017857076876745894,-10.458959044153213,0.5900623090746815,1.004735925402773,1.0490519439425305
2024-05-16,OS,-0.02977926410937437,-10.289117022942017,0.5910324045332452,1.0025666627054317,1.0412038608975471
2024-05-17,OS,0.03064336388944544,-10.366133234243804,0.5906035864721655,1.0065823123577904,1.0533115647907865
2024-05-18,OS,0.057223528781194764,-10.467419810803364,0.589283032122396,1.006062087104023,1.0547242111959176
2024-05-19,OS,0.08479522719859071,-10.80684587629986,0.5913348529882001,1.0023152005228528,1.0464157200588107
2024-05-20,OS,0.10801826659764698,-10.990280073391178,0.5901195630668905,1.0013554124313242,1.0407357943831654
2024-05-21,OS,0.028967823464039,-11.176689605631072,0.5902993155742802,1.0028019382753484,1.0441282910163117
2024-05-22,OS,0.018816457588917996,-11.356336873147491,0.5889469961385224,1.0110783327226172,1.0542933280870042
2024-05-23,OS,-0.025611048018974156,-11.639456228787576,0.5904581257326306,1.007678511581227,1.0522156801827334
2024-05-24,OS,NA,NA,NA,NA,NA
2024-05-25,OS,-0.15528119273192575,-12.024705915681652,0.5886217519179662,1.0017926874015097,1.0551967817112222
2024-05-26,OS,0.5294883335649523,-6.737077612564617,0.5915754422626437,1.0030459185575396,1.0444292289607533
2024-05-27,OS,-2.1707511629375813,-7.775047056513651,0.5925659726095737,1.0049185042432691,1.0425962103229958
2024-05-28,OS,-2.5077488176637215,-7.360405214681917,0.5922193778869922,1.0043841898588879,1.0407200121551168
2024-05-29,OS,NA,NA,NA,NA,NA
2024-05-30,OS,-1.234972461008526,-9.308175437964534,0.5910504587423214,1.0077362372384149,1.049772033289826
2024-05-31,OS,NA,NA,NA,NA,NA
2024-06-01,OS,NA,NA,NA,NA,NA
2024-06-02,OS,-0.8032771474340421,-8.928207785048285,0.5927554060598015,1.0063769789056531,1.0443332812907689
2024-06-03,OS,-0.334837762180478,-8.468941617088575,0.5932557076626287,1.0077259299838204,1.046161087441015
2024-06-04,OS,-1.4739767647398403,-8.372082998575614,0.5918436015536006,1.0014426049871075,1.0498868049486476
2024-06-05,OS,-3.182030314355935,-6.874129448838512,0.5919460816599752,1.0048808155323823,1.0426219404574975
2024-06-06,OS,3.9402616012001697,-14.999550732820133,0.5862800459964645,1.003669963786737,1.0544987889680906
2024-06-07,OS,1.8206181524293266,-14.728703677573646,0.5863589849933735,1.006533062519966,1.0591982587273252
2024-06-08,OS,0.651978496485167,-13.271135255197922,0.5885480152417202,1.0045446106879043,1.0493069550170653
2024-06-09,OS,-0.15636008662669015,-11.738154458697988,0.5875703569729014,1.0050105036922063,1.054022470504022
2024-06-10,OS,-0.09512694043935582,-11.528861375154877,0.5888800692844525,1.006491747218248,1.0439009733514328
2024-06-11,OS,-0.0668657965898324,-11.253421057787495,0.5899529702349727,1.0032194428601955,1.047601772910235
2024-06-12,OS,0.02309959565014492,-11.010176997739274,0.5891623949979043,1.001440238486361,1.048350139871541
2024-06-13,OS,-0.013470723619518213,-10.564753489906023,0.5904730573576977,1.0077806554935964,1.048522117673818
2024-06-14,OS,0.04543003017415064,-10.28031353298847,0.5903022820908379,1.008629098135754,1.0453147658050201
2024-06-15,OS,0.1479025870186654,-9.917748617167303,0.5915815636582917,1.0058460942846632,1.043132216990845
2024-06-16,OS,0.13138384948594312,-9.533879673348189,0.591530788967073,1.0021465895037402,1.0523778855902206
2024-06-17,OS,0.131902383113131,-9.43623803945596,0.6108765852827042,1.0020757964995826,1.0503779877540416
2024-06-18,OS,0.19948804996270725,-9.325396649558723,0.6358938909311553,1.0061467079674653,1.0564272323073494
2024-06-19,OS,0.1258319589946551,-9.30188611494251,0.6638968405542417,1.0029436064141142,1.0631824218622685
2024-06-20,OS,2.302739068225884,-10.474268689065369,0.6882724063615548,1.003179954591842,1.0657763256618198
2024-06-21,OS,NA,NA,NA,NA,NA
2024-06-22,OS,1.714188728441335,-10.286567264070955,0.7234006869475739,1.004752453861685,1.0795860002828919
2024-06-23,OS,2.226401557694463,-9.594439857000568,0.7376476210468623,1.0011719949485505,1.08384941017253
2024-06-24,OS,2.9041280599702115,-10.403405042867053,0.7541028486498168,1.0054797577060646,1.0894066923076209
2024-06-25,OS,NA,NA,NA,NA,NA
2024-06-26,OS,NA,NA,NA,NA,NA
2024-06-27,OS,NA,NA,NA,NA,NA
2024-06-28,OS,NA,NA,NA,NA,NA
2024-06-29,OS,NA,NA,NA,NA,NA
2024-06-30,OS,NA,NA,NA,NA,NA
2024-07-01,OS,NA,NA,NA,NA,NA
2024-07-02,OS,NA,NA,NA,NA,NA
2024-07-03,OS,NA,NA,NA,NA,NA
2024-07-04,OS,NA,NA,NA,NA,NA
2024-07-05,OS,NA,NA,NA,NA,NA
2024-07-06,OS,NA,NA,NA,NA,NA
2024-07-07,OS,NA,NA,NA,NA,NA
2024-07-08,OS,NA,NA,NA,NA,NA
2024-07-09,OS,NA,NA,NA,NA,NA
2024-07-10,OS,NA,NA,NA,NA,NA
2024-07-11,OS,NA,NA,NA,NA,NA
2024-07-12,OS,NA,NA,NA,NA,NA
2024-07-13,OS,NA,NA,NA,NA,NA
2024-07-14,OS,NA,NA,NA,NA,NA
2024-07-15,OS,NA,NA,NA,NA,NA
2024-07-16,OS,NA,NA,NA,NA,NA
2024-07-17,OS,NA,NA,NA,NA,NA
2024-07-18,OS,NA,NA,NA,NA,NA
2024-07-19,OS,NA,NA,NA,NA,NA
2024-07-20,OS,NA,NA,NA,NA,NA
2024-07-21,OS,NA,NA,NA,NA,NA
2024-07-22,OS,NA,NA,NA,NA,NA
2024-07-23,OS,NA,NA,NA,NA,NA
2024-07-24,OS,NA,NA,NA,NA,NA
2024-07-25,OS,NA,NA,NA,NA,NA
2024-07-26,OS,NA,NA,NA,NA,NA
2024-07-27,OS,NA,NA,NA,NA,NA
2024-07-28,OS,NA,NA,NA,NA,NA
2024-07-29,OS,NA,NA,NA,NA,NA
2024-07-30,OS,NA,NA,NA,NA,NA
2024-07-31,OS,NA,NA,NA,NA,NA
2024-08-01,OS,NA,NA,NA,NA,NA
2024-08-02,OS,NA,NA,NA,NA,NA
2024-08-03,OS,NA,NA,NA,NA,NA
2024-08-04,OS,NA,NA,NA,NA,NA
2024-08-05,OS,NA,NA,NA,NA,NA
2024-08-06,OS,NA,NA,NA,NA,NA
2024-08-07,OS,NA,NA,NA,NA,NA
2024-08-08,OS,NA,NA,NA,NA,NA
2024-08-09,OS,NA,NA,NA,NA,NA
2024-08-10,OS,NA,NA,NA,NA,NA
2024-08-11,OS,NA,NA,NA,NA,NA
2024-08-12,OS,NA,NA,NA,NA,NA
2024-08-13,OS,NA,NA,NA,NA,NA
2024-08-14,OS,NA,NA,NA,NA,NA
2024-08-15,OS,NA,NA,NA,NA,NA
2024-08-16,OS,NA,NA,NA,NA,NA
2024-08-17,OS,NA,NA,NA,NA,NA
2024-08-18,OS,NA,NA,NA,NA,NA
2024-08-19,OS,NA,NA,NA,NA,NA
2024-08-20,OS,NA,NA,NA,NA,NA
2024-08-21,OS,NA,NA,NA,NA,NA
2024-08-22,OS,NA,NA,NA,NA,NA
2024-08-23,OS,NA,NA,NA,NA,NA
2024-08-24,OS,NA,NA,NA,NA,NA
2024-08-25,OS,NA,NA,NA,NA,NA
2024-08-26,OS,NA,NA,NA,NA,NA
2024-08-27,OS,NA,NA,NA,NA,NA
2024-08-28,OS,NA,NA,NA,NA,NA
2024-08-29,OS,NA,NA,NA,NA,NA
2024-08-30,OS,NA,NA,NA,NA,NA
2024-08-31,OS,NA,NA,NA,NA,NA
2024-09-01,OS,NA,NA,NA,NA,NA
2024-09-02,OS,NA,NA,NA,NA,NA
2024-09-03,OS,NA,NA,NA,NA,NA
2024-09-04,OS,NA,NA,NA,NA,NA
2024-09-05,OS,NA,NA,NA,NA,NA
2024-09-06,OS,NA,NA,NA,NA,NA
2024-09-07,OS,NA,NA,NA,NA,NA
2024-09-08,OS,NA,NA,NA,NA,NA
2024-09-09,OS,NA,NA,NA,NA,NA
2024-09-10,OS,NA,NA,NA,NA,NA
2024-09-11,OS,NA,NA,NA,NA,NA
2024-09-12,OS,NA,NA,NA,NA,NA
2024-09-13,OS,NA,NA,NA,NA,NA
2024-09-14,OS,NA,NA,NA,NA,NA
2024-09-15,OS,NA,NA,NA,NA,NA
2024-09-16,OS,NA,NA,NA,NA,NA
2024-09-17,OS,NA,NA,NA,NA,NA
2024-09-18,OS,NA,NA,NA,NA,NA
2024-09-19,OS,NA,NA,NA,NA,NA
2024-09-20,OS,NA,NA,NA,NA,NA
2024-09-21,OS,NA,NA,NA,NA,NA
2024-09-22,OS,NA,NA,NA,NA,NA
2024-09-23,OS,NA,NA,NA,NA,NA
2024-09-24,OS,NA,NA,NA,NA,NA
2024-09-25,OS,NA,NA,NA,NA,NA
2024-09-26,OS,NA,NA,NA,NA,NA
2024-09-27,OS,NA,NA,NA,NA,NA
2024-09-28,OS,NA,NA,NA,NA,NA
2024-09-29,OS,NA,NA,NA,NA,NA
2024-09-30,OS,NA,NA,NA,NA,NA
2024-10-01,OS,NA,NA,NA,NA,NA
2024-10-02,OS,NA,NA,NA,NA,NA
2024-10-03,OS,NA,NA,NA,NA,NA
2024-10-04,OS,NA,NA,NA,NA,NA
