"",".id","X..i.."
"1","AM",20.3423106030601
"2","GB",9.86706158471471
"3","ID",14.2313271511621
"4","IU",8.79409376550011
"5","LF",2.20645186784728
"6","OS",0.673441943926201
