methodology,ID,date,GPP,ER,NEP,n_obs,depth,velocity,discharge,K600,DO,Temp,VentDO,VentTemp,DO.deficit.from.sat,change.DO.flux,K.flux,travel.time.hr,reach.km,w,km,m,area,pct_reach_pass,reach_test_mode
AMLF_powerVel_linearK600_ID_powerVel_freewaterK600,AM,2022-04-01,-10.007932550957541,-8.050918929062002,-18.05885148001954,20,1.2854483041346025,0.01648013128380332,30189.90503338835,1.0626172089944432,1.6775,70.071,1.046,22.93,7.37750855052104,1.1280404126844517,10.059615471599447,17.266007479224843,1.355172690513925,16.5,1.0239199852555598,1023.9199852555598,16894.679756716738,1,passes
AMLF_powerVel_linearK600_ID_powerVel_freewaterK600,AM,2022-04-02,-11.316165271943973,-10.887948394213637,-22.20411366615761,24,1.2227656322646532,0.017539258685669516,30568.862042889796,1.4198951107288662,1.90875,69.05083333333333,1.046,22.93,7.311663468548503,1.561938595249037,12.681837798233273,16.21972215445097,1.0699018999744556,16.5,1.0239199852555598,1023.9199852555598,16894.679756716738,1,passes
AMLF_powerVel_linearK600_ID_powerVel_freewaterK600,AM,2022-04-03,-10.660768425513282,-11.359932484986855,-22.02070091050014,24,1.1959590646182192,0.018028697822635328,30738.08712610162,1.5726868465580361,2.3670833333333334,68.35666666666667,1.046,22.93,7.116931504326791,2.4036879892229686,13.384906608661638,15.776151375265485,0.9904951541337614,16.5,1.0239199852555598,1023.9199852555598,16894.679756716738,1,passes
AMLF_powerVel_linearK600_ID_powerVel_freewaterK600,AM,2022-04-04,-9.381742327805377,-8.200212879077602,-17.58195520688298,24,1.2039704710801684,0.017879233083710033,30686.89951993828,1.5270235331529316,3.0083333333333333,69.30958333333334,1.046,22.93,6.749127611031666,3.5647058544718404,12.40491385161032,15.908395481640687,1.0118744047351185,16.5,1.0239199852555598,1023.9199852555598,16894.679756716738,1,passes
AMLF_powerVel_linearK600_ID_powerVel_freewaterK600,AM,2022-04-05,-9.209978526152472,-7.55088780088651,-16.760866327038983,24,1.221448905185638,0.0175599595592577,30576.527583536244,1.4274001751097125,2.88375,70.43916666666667,1.046,22.93,6.756840067639821,3.326573209414951,11.776135153153858,16.19759109693583,1.06318622590284,16.5,1.0239199852555598,1023.9199852555598,16894.679756716738,1,passes
AMLF_powerVel_linearK600_ID_powerVel_freewaterK600,AM,2022-04-06,-9.271237345100337,-7.508612553237591,-16.77984989833793,24,1.2382275120622734,0.01726327303130726,30472.471447369797,1.331765683469848,2.62625,71.75958333333334,1.046,22.93,6.823162619407116,2.8514256489891054,11.24135059815807,16.476212245558298,1.1205851515494683,16.5,1.0239199852555598,1023.9199852555598,16894.679756716738,1,passes
AMLF_powerVel_linearK600_ID_powerVel_freewaterK600,AM,2022-04-07,-8.186205744616435,-8.571252806346783,-16.757458550963218,24,1.2714078040537335,0.016704471743525944,30272.205742375478,1.1426450740893215,2.085,72.71625,1.046,22.93,7.049557797112323,1.8609841808880825,10.23971345636969,17.030204292977,1.2686483991225128,16.5,1.0239199852555598,1023.9199852555598,16894.679756716738,1,passes
AMLF_powerVel_linearK600_ID_powerVel_freewaterK600,AM,2022-04-08,-3.5024190865242293,-3.879846724478287,-7.382265811002516,24,1.3337033211252867,0.01573699637518797,29912.812712552484,0.7875738723868372,2.9458333333333333,70.65833333333333,1.046,22.93,6.715550975720111,3.363220684101111,7.03862743802095,18.079797408943957,1.759002995295004,16.5,1.0239199852555598,1023.9199852555598,16894.679756716738,1,passes
AMLF_powerVel_linearK600_ID_powerVel_freewaterK600,AM,2022-04-09,2.9755668697192434,1.095071349166494,4.070638218885738,24,1.3959575508072009,0.014862447458591905,29573.122098561442,0.4327380000265483,4.36125,67.99166666666667,1.046,22.93,6.13784031365825,5.797857730038792,3.762538620595923,19.140443155931322,3.0810707071628713,16.5,1.0239199852555598,1023.9199852555598,16894.679756716738,0.5416666666666666,passes
AMLF_powerVel_linearK600_ID_powerVel_freewaterK600,AM,2022-04-10,6.728933821310277,6.445752946723633,13.174686768033911,24,1.4395537244880545,0.014300680878961657,29346.358163395616,0.18424907969684354,5.68875,66.98083333333334,1.046,22.93,5.5253416507548305,8.064365954938902,1.46522336781417,19.89032508448871,7.4902139762127655,16.5,1.0239199852555598,1023.9199852555598,16894.679756716738,0,too fast
AMLF_powerVel_linearK600_ID_powerVel_freewaterK600,AM,2022-04-11,7.410997214236662,6.1292504310773674,13.540247645314029,24,1.4656290775057677,0.013982523616703794,29214.768876815244,0.055739354430065224,5.2629166666666665,66.16125,1.046,22.93,5.7806212651598115,7.2923885078156845,0.46885856919369917,20.34154980820301,22.29718965741271,16.5,1.0239199852555598,1023.9199852555598,16894.679756716738,0,too fast
AMLF_powerVel_linearK600_ID_powerVel_freewaterK600,AM,2022-04-12,3.173867830575196,3.3291509351915662,6.503018765766763,24,1.4622834033950005,0.014022696517460104,29231.503579029657,0.06741381549967165,3.3045833333333334,67.94708333333334,1.046,22.93,6.668598784795322,3.9069867392591395,0.6619474857347736,20.283551685977955,19.817627429068054,16.5,1.0239199852555598,1023.9199852555598,16894.679756716738,0,too fast
AMLF_powerVel_linearK600_ID_powerVel_freewaterK600,AM,2022-04-13,0.25542804690952586,0.9834256897834391,1.238853736692965,24,1.4276935420295993,0.014449943653356197,29407.248678626493,0.25184959793473477,2.805,69.40416666666667,1.046,22.93,6.846054889945838,3.0603741654213716,2.4712805321946356,19.685792919091632,5.432363781821926,16.5,1.0239199852555598,1023.9199852555598,16894.679756716738,0,too fast
AMLF_powerVel_linearK600_ID_powerVel_freewaterK600,AM,2022-04-14,-2.796626033684984,-1.9227569247304694,-4.719382958415453,24,1.3791292091458178,0.015089447204400178,29662.910542798025,0.5286559693645994,2.5770833333333334,70.30499999999999,1.046,22.93,6.916453438916526,2.687000950235924,5.046692429443651,18.852456739355166,2.5263494233491643,16.5,1.0239199852555598,1023.9199852555598,16894.679756716738,0.875,passes
AMLF_powerVel_linearK600_ID_powerVel_freewaterK600,AM,2022-04-15,-5.778553485790701,-4.736584542092821,-10.515138027883522,24,1.3226109463453095,0.015902062084387533,29975.31014341915,0.8507980501127709,2.4595833333333332,70.97375,1.046,22.93,6.9433439433380855,2.506877083890623,7.807861470486462,17.892023916529734,1.639036600893045,16.5,1.0239199852555598,1023.9199852555598,16894.679756716738,1,passes
AMLF_powerVel_linearK600_ID_powerVel_freewaterK600,AM,2022-04-16,-9.388533265034576,-7.035152042911361,-16.423685307945938,24,1.2312983814945595,0.01740328540720242,30518.845686890047,1.3712602543970893,2.7608333333333333,71.36958333333334,1.046,22.93,6.7740307292338695,3.0956095955622756,11.405509800457045,16.362966537072293,1.1135583652285999,16.5,1.0239199852555598,1023.9199852555598,16894.679756716738,1,passes
AMLF_powerVel_linearK600_ID_powerVel_freewaterK600,AM,2022-04-17,-14.990754836889574,-13.008950835089687,-27.99970567197926,24,1.1005373216488454,0.020038844344038836,31389.859076156987,2.116570492403124,2.2275,71.99916666666667,1.046,22.93,7.011387998614887,2.1935965286933334,16.276024531424625,14.221584543665582,0.823383419498135,16.5,1.0239199852555598,1023.9199852555598,16894.679756716738,1,passes
AMLF_powerVel_linearK600_ID_powerVel_freewaterK600,AM,2022-04-18,-15.526171328314488,-15.604736654820858,-31.130907983135344,24,0.9886703607168219,0.02288949398148324,32238.823659007416,2.754188383965288,2.615,71.83291666666666,1.046,22.93,6.825353280857839,2.9960608268467115,18.558241263143284,12.43684744187708,0.7187336629017713,16.5,1.0239199852555598,1023.9199852555598,16894.679756716738,1,passes
AMLF_powerVel_linearK600_ID_powerVel_freewaterK600,AM,2022-04-19,-10.92291694074176,-15.427063754417967,-26.34998069515973,24,0.9404462735415346,0.02434764417494274,32641.62744841449,3.029055427201595,3.6916666666666664,70.3925,1.046,22.93,6.355233101015772,5.112955766623769,18.100273330300457,11.68227988003461,0.6945061942112699,16.5,1.0239199852555598,1023.9199852555598,16894.679756716738,1,passes
AMLF_powerVel_linearK600_ID_powerVel_freewaterK600,AM,2022-04-20,-9.931008961173637,-13.154526716347531,-23.085535677521168,24,0.9332258059166724,0.024582297544940564,32704.422281352232,3.0702105574089416,4.23125,69.39958333333334,1.046,22.93,6.133930008025996,6.166083590807717,17.574538189769388,11.5702186799671,0.6917805204660998,16.5,1.0239199852555598,1023.9199852555598,16894.679756716738,1,passes
AMLF_powerVel_linearK600_ID_powerVel_freewaterK600,AM,2022-04-21,-10.757517686291969,-14.808035484530452,-25.56555317082242,24,0.9235979790589234,0.0249040018506143,32789.45584244666,3.1250871233781714,3.8516666666666666,70.73916666666666,1.046,22.93,6.2587177732281045,5.446695833564643,18.06070084404925,11.421255915151576,0.688540954399635,16.5,1.0239199852555598,1023.9199852555598,16894.679756716738,1,passes
AMLF_powerVel_linearK600_ID_powerVel_freewaterK600,AM,2022-04-22,-11.051053694396165,-15.501494671603371,-26.552548365999534,24,0.899053026455688,0.025759155627396342,33011.31779685031,3.264988134337772,3.79625,70.61958333333334,1.046,22.93,6.294136043221378,5.377019262535813,18.467858404818614,11.043241767354152,0.6816860221828108,16.5,1.0239199852555598,1023.9199852555598,16894.679756716738,1,passes
AMLF_powerVel_linearK600_ID_powerVel_freewaterK600,AM,2022-04-23,NA,-13.167277619720831,NA,24,0.864985883398446,0.02703568693297297,33331.93358406117,3.459163606226247,4.186,62.6,1.046,22.93,6.511904481897878,6.169368406366812,19.336646026087642,10.522782834426614,0.6752998858344342,16.5,1.0239199852555598,1023.9199852555598,16894.679756716738,1,passes
AMLF_powerVel_linearK600_ID_powerVel_freewaterK600,AM,2022-04-27,-10.96470026862469,-15.01704452336594,-25.98174479199063,24,0.7275185259874383,0.03356256697971095,34805.3383343831,4.24269831442567,4.385,72.295,1.046,22.93,5.919065907299061,6.893785580902945,18.26372027500176,8.475633341435246,0.683464347893519,16.5,1.0239199852555598,1023.9199852555598,16894.679756716738,1,passes
AMLF_powerVel_linearK600_ID_powerVel_freewaterK600,AM,2022-04-28,-10.04748402200977,-15.02066567902704,-25.06814970103681,24,0.6994242078003556,0.03525986835423985,35150.09296386675,4.402829954528143,4.125,71.52791666666667,1.046,22.93,6.0847495761430554,6.408587194149138,18.735446142291824,8.068605950689996,0.6918936916563774,16.5,1.0239199852555598,1023.9199852555598,16894.679756716738,1,passes
AMLF_powerVel_linearK600_ID_powerVel_freewaterK600,AM,2022-04-29,-9.340857695796732,-13.879727696621929,-23.220585392418663,24,0.6641258162365514,0.037622092017381294,35608.53138367974,4.604023281109392,4.32,71.39333333333333,1.046,22.93,5.993715435967903,6.903160370265428,18.324333483107043,7.562959001429341,0.7059609633396061,16.5,1.0239199852555598,1023.9199852555598,16894.679756716738,1,passes
AMLF_powerVel_linearK600_ID_powerVel_freewaterK600,AM,2022-04-30,-9.255048162811638,-13.829213112806013,-23.08426127561765,24,0.63249667712884206,0.03998111150889677,36044.82727890846,4.784302648866946,4.255833333333333,71.62041666666667,1.046,22.93,6.015070463346981,6.850159321389193,18.201699752948254,7.115304599039286,0.7219875597180775,16.5,1.0239199852555598,1023.9199852555598,16894.679756716738,1,passes
AMLF_powerVel_linearK600_ID_powerVel_freewaterK600,AM,2022-05-01,-8.917303930600356,-13.345567684830918,-22.262871615431273,24,0.6157037824813328,0.04134321528230617,36287.56112241436,4.880018577762849,4.317916666666667,71.65583333333333,1.046,22.93,5.982418708249091,7.028410065649263,17.975334883605292,6.879854343860078,0.7319672353214575,16.5,1.0239199852555598,1023.9199852555598,16894.679756716738,1,passes
AMLF_powerVel_linearK600_ID_powerVel_freewaterK600,AM,2022-05-02,-9.468897285866841,-13.08531852910484,-22.554215814971684,24,0.6036790548231253,0.04237631394266948,36467.02471378221,4.94855696865285,4.220833333333333,71.93,1.046,22.93,6.018662240070754,6.853248857202304,17.979672546219895,6.7123351921915555,0.7398609702768643,16.5,1.0239199852555598,1023.9199852555598,16894.679756716738,1,passes
AMLF_powerVel_linearK600_ID_powerVel_freewaterK600,AM,2022-05-03,-9.57897596306316,-12.599515586051877,-22.178491549115037,23,0.5871574292151279,0.04387371880281436,36721.027897489796,5.042726721702208,4.125652173913044,73.88695652173914,1.046,22.93,5.983988958888347,6.69440367709697,17.717985546806908,6.483528092752142,0.7516916382502952,16.5,1.0239199852555598,1023.9199852555598,16894.679756716738,1,passes
AMLF_powerVel_linearK600_ID_powerVel_freewaterK600,AM,2022-05-09,-8.47793482403133,-10.210595039860502,-18.68852986389183,24,0.48327269357133035,0.055980099551138085,38553.837523115246,5.6348476263448335,4.489090909090909,72.25636363636363,1.846,22.58,5.498549298676006,6.053739627239923,14.846703581422013,5.083055013113505,0.8582598351905828,16.5,1.0239199852555598,1023.9199852555598,16894.679756716738,1,passes
AMLF_powerVel_linearK600_ID_powerVel_freewaterK600,AM,2022-05-10,-7.093281307611697,-9.55584373698465,-16.649125044596346,24,0.4541030080492291,0.060512321638391944,39158.67048413461,5.80110863160657,4.553333333333334,71.43541666666667,1.846,22.58,5.503759863255094,6.275840001810289,14.497795756217924,4.7025091843771785,0.9011527048981884,16.5,1.0239199852555598,1023.9199852555598,16894.679756716738,1,passes
AMLF_powerVel_linearK600_ID_powerVel_freewaterK600,AM,2022-05-11,-6.468247451313055,-8.704561268092627,-15.172808719405683,24,0.42912946786121237,0.064938186062297,39715.79191109406,5.943452500670844,4.602916666666666,71.42916666666666,1.846,22.58,5.479290239475588,6.481229220578847,13.974453837915872,4.381442003323465,0.9439329951048883,16.5,1.0239199852555598,1023.9199852555598,16894.679756716738,1,passes
AMLF_powerVel_linearK600_ID_powerVel_freewaterK600,AM,2022-05-12,-5.83499103537688,-8.212383265152303,-14.047374300529182,24,0.4108314364648162,0.06855998971236547,40149.90437260707,6.047747389005194,4.636666666666667,71.55916666666667,1.846,22.58,5.456269646404134,6.632392429338795,13.557021570029411,4.14908439802503,0.9794406629113229,16.5,1.0239199852555598,1023.9199852555598,16894.679756716738,1,passes
AMLF_powerVel_linearK600_ID_powerVel_freewaterK600,AM,2022-05-13,-5.750791873264732,-7.887893646799565,-13.638685520064296,24,0.40047548625370327,0.07077769491666229,40406.611109358666,6.106774103271125,4.619166666666667,71.57583333333334,1.846,22.58,5.464026043525127,6.6326094863290885,13.362906339130618,4.018732658984122,1.0013679504600013,16.5,1.0239199852555598,1023.9199852555598,16894.679756716738,1,passes
AMLF_powerVel_linearK600_ID_powerVel_freewaterK600,AM,2022-05-14,-5.165750316548814,-7.4632487574316935,-12.628999073980507,24,0.3881293093984667,0.07361697330604204,40725.003477470535,6.177144686235947,4.672083333333333,71.62333333333333,1.846,22.58,5.43542757298933,6.812659173848519,13.03142960913532,3.864552550041102,1.0296288007688505,16.5,1.0239199852555598,1023.9199852555598,16894.679756716738,1,passes
AMLF_powerVel_linearK600_ID_powerVel_freewaterK600,AM,2022-05-15,-4.493314484896453,-6.919875261678465,-11.413189746574918,24,0.3698460587795037,0.07819542148256652,41219.29567612133,6.2813553272816955,4.7004166666666665,71.84875,1.846,22.58,5.410798178736631,6.964971053226109,12.570459227480985,3.638367240205429,1.0755170527967346,16.5,1.0239199852555598,1023.9199852555598,16894.679756716738,1,passes
AMLF_powerVel_linearK600_ID_powerVel_freewaterK600,AM,2022-05-16,-4.619095567964473,-6.3657359082817475,-10.984831476246221,24,0.35726225169699033,0.08163937268933917,41576.74403898172,6.353080352015788,4.681666666666667,71.62833333333333,1.846,22.58,5.43034352178504,6.978538388711252,12.325400765141257,3.4842263233023796,1.110250428889136,16.5,1.0239199852555598,1023.9199852555598,16894.679756716738,1,passes
AMLF_powerVel_linearK600_ID_powerVel_freewaterK600,AM,2022-05-17,-3.752604559941811,-6.001911473647269,-9.75451603358908,24,0.3455656119005128,0.0851187190234933,41924.74018971987,6.419748711853721,4.761666666666667,71.94625,1.846,22.58,5.375605293368528,7.235602003436042,11.925417777421794,3.3422738241436676,1.1455171569017826,16.5,1.0239199852555598,1023.9199852555598,16894.679756716738,1,passes
AMLF_powerVel_linearK600_ID_powerVel_freewaterK600,AM,2022-05-18,-2.8630416625075816,-5.368951405642563,-8.231993068150144,24,0.32840130202429907,0.09072807144385793,42462.7330239187,6.517581628580952,4.835416666666666,72.00666666666666,1.846,22.58,5.336017945203385,7.5143068750238875,11.421477597171044,3.136116660305036,1.2026487320779304,16.5,1.0239199852555598,1023.9199852555598,16894.679756716738,1,passes
AMLF_powerVel_linearK600_ID_powerVel_freewaterK600,AM,2022-05-19,-2.2590943122492617,-4.723575688180138,-6.982670000429399,24,0.3121156641186556,0.09667137826086114,43005.46440846239,6.610406301903857,4.867083333333333,72.00874999999999,1.846,22.58,5.320008726431419,7.690866134439871,10.976827686660332,2.942896761014517,1.2634702469966466,16.5,1.0239199852555598,1023.9199852555598,16894.679756716738,1,passes
AMLF_powerVel_linearK600_ID_powerVel_freewaterK600,AM,2022-05-20,-1.8796405090734443,-4.153987771318,-6.033628280391444,24,0.30157456259177035,0.10089695261105526,43375.61554375678,6.670488339301829,4.903333333333333,71.89041666666667,1.846,22.58,5.30741127575184,7.849908866300648,10.677194067975991,2.8191388530881523,1.3068600787267575,16.5,1.0239199852555598,1023.9199852555598,16894.679756716738,1,passes
AMLF_powerVel_linearK600_ID_powerVel_freewaterK600,AM,2022-05-21,-1.6113314119557258,-4.003708289784462,-5.615039701740187,24,0.29754368300233186,0.10260203946523505,43521.46578712937,6.693463495894493,4.930416666666667,71.77374999999999,1.846,22.58,5.299119527561629,7.945740729953407,10.553895841004438,2.7720984605977907,1.324398422563931,16.5,1.0239199852555598,1023.9199852555598,16894.679756716738,1,passes
AMLF_powerVel_linearK600_ID_powerVel_freewaterK600,AM,2022-05-22,-1.3396212376854135,-3.9235923201689378,-5.2632135578543515,24,0.29657373759658484,0.10302152662340548,43556.997115351034,6.698991978472281,4.970833333333333,71.94208333333333,1.846,22.58,5.2711917608043075,8.0564389012127,10.472714756599581,2.7608071548299855,1.328716046515447,16.5,1.0239199852555598,1023.9199852555598,16894.679756716738,1,passes
AMLF_powerVel_linearK600_ID_powerVel_freewaterK600,AM,2022-05-23,-1.8553548267089903,-3.691832490763488,-5.547187317472478,24,0.29789054379608493,0.10245576885072394,43508.936119174476,6.691486463121494,4.784166666666667,71.65833333333333,1.697,22.28,5.477055658727356,7.958114195025587,10.8847476590997,2.776147609295909,1.3228940308914832,16.5,1.0239199852555598,1023.9199852555598,16894.679756716738,1,passes
AMLF_powerVel_linearK600_ID_powerVel_freewaterK600,AM,2022-06-30,6.7669121573314275,1.7559105140806488,8.522822671412076,24,0.194616755039335,0.1757889714330964,48436.12702232256,7.0175097612390775,5.654,74.103,1.239,22.07,5.187683832177471,12.431230802047915,7.668719302016799,1.6320396220733921,2.1643243327869293,16.5,1.0239199852555598,1023.9199852555598,16894.679756716738,1,passes
AMLF_powerVel_linearK600_ID_powerVel_freewaterK600,AM,2022-07-01,3.138581055715041,0.20890427987213264,3.3474853355871734,24,0.2546547789741982,0.12563050245980442,45287.93316405278,6.921521795267597,5.47375,72.10791666666667,1.239,22.07,5.358014215494583,11.347347177456953,9.429464778343124,2.28396474766601,1.5666715871811925,16.5,1.0239199852555598,1023.9199852555598,16894.679756716738,1,passes
AMLF_powerVel_linearK600_ID_powerVel_freewaterK600,AM,2022-07-02,2.547219916922578,-1.461617045823549,1.085602871099029,24,0.28893722343100603,0.1064427670473232,43842.26086377852,6.742518485499676,5.5625,72.20208333333333,1.239,22.07,5.309295148857408,11.217429171917455,10.34055798947243,2.6722545535989415,1.3639641545894041,16.5,1.0239199852555598,1023.9199852555598,16894.679756716738,1,passes
AMLF_powerVel_linearK600_ID_powerVel_freewaterK600,AM,2022-07-03,2.6182588622067873,-0.995440919833151,1.6228179423736364,24,0.27453660802777574,0.11356216393449563,44410.29605816186,6.824598931362372,5.48,72.0675,1.239,22.07,5.356774189596119,11.150647242327032,10.038096622636887,2.507060378428134,1.4374910372446603,16.5,1.0239199852555598,1023.9199852555598,16894.679756716738,1,passes
AMLF_powerVel_linearK600_ID_powerVel_freewaterK600,AM,2022-07-04,3.686071963163124,0.007922697163517966,3.693994660326642,24,0.252808820583445,0.12586737879112553,45334.20146524371,6.94844269991691,5.525416666666667,72.33041666666666,1.239,22.07,5.322054959489664,11.503680461699773,9.35017069270315,2.2615010170219163,1.5649177929633644,16.5,1.0239199852555598,1023.9199852555598,16894.679756716738,1,passes
AMLF_powerVel_linearK600_ID_powerVel_freewaterK600,AM,2022-07-05,4.852375529353342,0.7208402816093837,5.573215810962726,24,0.23460004938166484,0.1381793418351143,46188.69765947867,7.016458796326484,5.573333333333333,72.37125,1.239,22.07,5.2962068056151415,11.852304969991428,8.721402460531403,2.059737694019122,1.7015170836399838,16.5,1.0239199852555598,1023.9199852555598,16894.679756716738,1,passes
AMLF_powerVel_linearK600_ID_powerVel_freewaterK600,AM,2022-07-06,5.721307605489913,1.4923672279062112,7.213674833396124,24,0.21934442834866866,0.15027449804485085,46970.89359654867,7.0175097612390775,5.5408333333333335,72.38374999999999,1.239,22.07,5.311909736382635,11.9620475854109,8.179004319646852,1.8936695360517029,1.8501886100380123,16.5,1.0239199852555598,1023.9199852555598,16894.679756716738,1,passes
AMLF_powerVel_linearK600_ID_powerVel_freewaterK600,AM,2022-07-07,6.754977243361317,2.2307507867655882,8.985728030126905,24,0.20682236343281665,0.1617037035831291,47665.26742639578,7.0175097612390775,5.6120833333333335,72.41125,1.239,22.07,5.275059192606912,12.339863922404124,7.6584904716491815,1.7594826409027338,1.9909056723727976,16.5,1.0239199852555598,1023.9199852555598,16894.679756716738,1,passes
AMLF_powerVel_linearK600_ID_powerVel_freewaterK600,AM,2022-07-08,6.372367372277753,2.476774690543996,8.849142062821748,24,0.20297413535313147,0.16550654414955518,47888.34788069154,7.0175097612390775,5.579583333333334,72.13958333333333,1.239,22.07,5.3035498109266195,12.30405891975995,7.554855164871261,1.7186126376669562,2.037726472930002,16.5,1.0239199852555598,1023.9199852555598,16894.679756716738,1,passes
AMLF_powerVel_linearK600_ID_powerVel_freewaterK600,AM,2022-07-09,5.7076415723537925,1.8710509687519197,7.5786925411057124,24,0.21672940652656406,0.15268300361281306,47116.694786821674,7.0175097612390775,5.555416666666667,72.08,1.239,22.07,5.318378091564552,12.03636440617258,8.087160193802982,1.865681073387919,1.8798422746786145,16.5,1.0239199852555598,1023.9199852555598,16894.679756716738,1,passes
AMLF_powerVel_linearK600_ID_powerVel_freewaterK600,AM,2022-07-10,3.4136726062548832,0.5389731503682885,3.9526457566231716,24,0.24370973728976192,0.13188693800676995,45756.06145785408,6.9876087052829465,5.440416666666667,71.95,1.239,22.07,5.381875024135123,11.376004336169062,9.160123169866926,2.1604342092280078,1.6304855008384491,16.5,1.0239199852555598,1023.9199852555598,16894.679756716738,1,passes
AMLF_powerVel_linearK600_ID_powerVel_freewaterK600,AM,2022-07-11,2.5591202119260728,-0.6427214615821937,1.916398750343879,24,0.26988439053446067,0.11603479287857135,44601.31587343507,6.851115581894952,5.459583333333334,72.11958333333334,1.239,22.07,5.364553754836986,11.141299695848565,9.916280181217603,2.454118196476627,1.463066565935258,16.5,1.0239199852555598,1023.9199852555598,16894.679756716738,1,passes
AMLF_powerVel_linearK600_ID_powerVel_freewaterK600,AM,2022-07-12,1.185538573713568,-2.2236399522984653,-1.0381013785848974,24,0.30238374129743795,0.10076997863949888,43356.65221422015,6.665876192731419,5.389166666666666,72.04791666666667,1.239,22.07,5.402995179527843,10.646846709322359,10.881799188113805,2.829256009400476,1.3056214930979222,16.5,1.0239199852555598,1023.9199852555598,16894.679756716738,1,passes
AMLF_powerVel_linearK600_ID_powerVel_freewaterK600,AM,2022-07-13,0.15186472852469532,-3.5274328011180387,-3.3755680725933432,24,0.3503241812154658,0.08387400757229915,41792.62304157011,6.392625878550898,5.505416666666667,72.30541666666666,1.239,22.07,5.333199793473175,10.54927053533272,11.930446444159164,3.4007931143541406,1.1329970185078027,16.5,1.0239199852555598,1023.9199852555598,16894.679756716738,1,passes
AMLF_powerVel_linearK600_ID_powerVel_freewaterK600,AM,2022-07-14,-1.3724981980158895,-4.906858200143824,-6.279356398159713,24,0.4032478538513346,0.0703187924412301,40346.48453994188,6.090972197440223,5.5225,72.25708333333333,1.239,22.07,5.326902140965464,10.225911044884235,13.071059243786763,4.054491430550084,0.996962000495536,16.5,1.0239199852555598,1023.9199852555598,16894.679756716738,1,passes
AMLF_powerVel_linearK600_ID_powerVel_freewaterK600,AM,2022-07-15,-2.5119357711885955,-6.444420915763103,-8.956356686951699,24,0.46782838148439965,0.05847062816796687,38880.80863680552,5.722876921388263,5.589583333333334,72.18833333333333,1.239,22.07,5.296535842672554,10.008271773732128,14.158743021826767,4.882416742958712,0.8819861802466086,16.5,1.0239199852555598,1023.9199852555598,16894.679756716738,1,passes
AMLF_powerVel_linearK600_ID_powerVel_freewaterK600,AM,2022-07-16,-4.081260087842744,-8.00836079869056,-12.089620886533304,24,0.5624217782693994,0.04650379864451004,37136.48400957929,5.18371467266672,5.629583333333334,72.05583333333334,1.239,22.07,5.282553616324818,9.645781957080816,15.363334007776817,6.1469474422705215,0.7741345363087704,16.5,1.0239199852555598,1023.9199852555598,16894.679756716738,1,passes
AMLF_powerVel_linearK600_ID_powerVel_freewaterK600,AM,2022-07-17,-6.252649018629437,-9.531668164854175,-15.784317183483612,24,0.6789263380674444,0.03672055708217129,35425.82922364363,4.519663453639259,5.449166666666667,72.08333333333333,1.239,22.07,5.37151572553521,8.822964405754089,16.441871401977167,7.7770549417462895,0.7013516807081032,16.5,1.0239199852555598,1023.9199852555598,16894.679756716738,1,passes
AMLF_powerVel_linearK600_ID_powerVel_freewaterK600,AM,2022-07-20,-6.8844821276437935,-9.71622769328773,-16.600709820931524,24,1.0053179655451214,0.02242353962986513,32105.614781412594,2.659300576146583,4.8875,72.04125,1.342,22.28,5.585064728667241,6.734220449337124,14.916585961234388,12.699582522403063,0.7296356142557628,16.5,1.0239199852555598,1023.9199852555598,16894.679756716738,1,passes
AMLF_powerVel_linearK600_ID_powerVel_freewaterK600,AM,2022-07-21,-7.581141564872563,-8.511446810342287,-16.09258837521485,24,1.0861627904171798,0.020341794062304346,31488.19108083157,2.198502264034058,4.467083333333333,72.08833333333334,1.342,22.28,5.793165929750561,5.823176578112303,13.83070804715849,13.987555580675298,0.8002730776267258,16.5,1.0239199852555598,1023.9199852555598,16894.679756716738,1,passes
AMLF_powerVel_linearK600_ID_powerVel_freewaterK600,AM,2022-07-22,-6.667738278622126,-7.930204501499811,-14.597942780121937,24,1.11701588138309,0.019635228392602757,31267.307376181983,2.0226462056772614,4.494166666666667,72.42625,1.342,22.28,5.764358591061387,5.833162741294976,13.026928612782806,14.485406820647679,0.8387675873840047,16.5,1.0239199852555598,1023.9199852555598,16894.679756716738,1,passes
AMLF_powerVel_linearK600_ID_powerVel_freewaterK600,AM,2022-07-23,-6.5824633209663,-8.613442587808644,-15.195905908774943,24,1.111335509451395,0.019760956516680295,31307.21625553024,2.055023117896922,4.4575000000000005,72.43541666666667,1.342,22.28,5.782276481359418,5.77375608057689,13.202460762727501,14.393404780673027,0.8308711385809848,16.5,1.0239199852555598,1023.9199852555598,16894.679756716738,1,passes
AMLF_powerVel_linearK600_ID_powerVel_freewaterK600,AM,2022-07-24,-7.003182748483423,-9.161804531928876,-16.164987280412298,24,1.097832695711241,0.020065165937965125,31403.02108060221,2.1319862851754654,4.40375,72.42583333333333,1.342,22.28,5.809573838565137,5.691600946168874,13.59420943775457,14.175135827917059,0.8131910506881014,16.5,1.0239199852555598,1023.9199852555598,16894.679756716738,1,passes
AMLF_powerVel_linearK600_ID_powerVel_freewaterK600,AM,2022-07-25,-7.77915960002634,-9.5978611615599565,-17.377020761586294,24,1.0926645875155183,0.020183613973955405,31440.041114602427,2.161443403020333,4.220833333333333,72.11125,1.342,22.28,5.915219035990492,5.357355464426833,13.970086613489414,14.091754348268761,0.8068080886351323,16.5,1.0239199852555598,1023.9199852555598,16894.679756716738,1,passes
AMLF_powerVel_linearK600_ID_powerVel_freewaterK600,AM,2022-07-26,-7.105574490695402,-9.544685335253192,-16.650259825948595,24,1.0971510288450697,0.020080522135316133,31407.857573286794,2.135871641372994,4.304166666666666,72.455,1.342,22.28,5.858018778116489,5.506338107022397,13.729838401473453,14.164116981356072,0.8123004428807341,16.5,1.0239199852555598,1023.9199852555598,16894.679756716738,1,passes
AMLF_powerVel_linearK600_ID_powerVel_freewaterK600,AM,2022-07-27,-7.810694646896551,-10.326021527639064,-18.136716174535614,24,1.0838578306859923,0.020390780344916093,31504.043460404548,2.211640044408984,4.160416666666666,72.31125,1.342,22.28,5.936362546283628,5.2569089058671254,14.220461706437328,13.950076732485051,0.7968211117714578,16.5,1.0239199852555598,1023.9199852555598,16894.679756716738,1,passes
AMLF_powerVel_linearK600_ID_powerVel_freewaterK600,AM,2022-07-28,-8.082397625319427,-11.195627812210091,-19.278025437529518,24,1.038265811016975,0.021521120476797283,31845.135138415517,2.471504862503796,4.315833333333333,72.52416666666667,1.342,22.28,5.84898904401364,5.608301907983289,14.987878777840494,13.220827865481306,0.7528316627884855,16.5,1.0239199852555598,1023.9199852555598,16894.679756716738,1,passes
AMLF_powerVel_linearK600_ID_powerVel_freewaterK600,AM,2022-07-29,-8.974909600032648,-11.976224987826694,-20.951134587859343,24,0.9827496170485401,0.023051917582232042,32285.693951806938,2.7879353639743716,4.35125,72.35416666666667,1.342,22.28,5.838883408935363,5.753777319086778,15.979234997366945,12.343216269801971,0.7146716884158992,16.5,1.0239199852555598,1023.9199852555598,16894.679756716738,1,passes
AMLF_powerVel_linearK600_ID_powerVel_freewaterK600,AM,2022-07-30,-8.345973092517212,-12.144216573676088,-20.490189666193302,24,0.9295936796350817,0.024711777714619944,32737.696564426038,3.09091290493193,4.597916666666666,72.41833333333334,1.342,22.28,5.71279767661904,6.312284878827718,16.39911956687608,11.514442514948543,0.6909147936248271,16.5,1.0239199852555598,1023.9199852555598,16894.679756716738,1,passes
AMLF_powerVel_linearK600_ID_powerVel_freewaterK600,AM,2022-07-31,-8.709792203994386,-12.857581232028867,-21.567373436023253,24,0.8758953922426108,0.026621811527310347,33228.550543216275,3.396981725452512,4.637083333333333,72.45125,1.342,22.28,5.691652611962982,6.483703305736038,16.921740938078123,10.689221140807152,0.6771792267276247,16.5,1.0239199852555598,1023.9199852555598,16894.679756716738,1,passes
AMLF_powerVel_linearK600_ID_powerVel_freewaterK600,AM,2022-08-01,-8.674177969423301,-12.523818206443158,-21.197996175866457,24,0.8189147656930802,0.028961954175877398,33792.6531564676,3.721759181259862,4.66875,72.27125,0.995,22.48,5.840920010268178,7.350729815206981,17.789326226597716,9.827386678020316,0.6723479588392326,16.5,1.0239199852555598,1023.9199852555598,16894.679756716738,1,passes
AMLF_powerVel_linearK600_ID_powerVel_freewaterK600,AM,2022-08-02,-7.729817331553684,-12.426483698424706,-20.15630102997839,24,0.7557794592564204,0.03202557822887296,34478.2470060126,4.0816170037829576,4.8933333333333335,72.35583333333334,0.995,22.48,5.724734857537426,7.9597020383099055,17.646463689393183,8.889906391547127,0.677831575143039,16.5,1.0239199852555598,1023.9199852555598,16894.679756716738,1,passes
AMLF_powerVel_linearK600_ID_powerVel_freewaterK600,AM,2022-08-03,-6.1912488846029214,-11.750895644999774,-17.942144529602697,24,0.6902303033673655,0.03587598893186949,35269.61983503013,4.45523325493915,5.090416666666667,72.34208333333333,0.995,22.48,5.626847420851378,8.553633741658768,17.293054058110247,7.936940402241356,0.6955765567988267,16.5,1.0239199852555598,1023.9199852555598,16894.679756716738,1,passes
AMLF_powerVel_linearK600_ID_powerVel_freewaterK600,AM,2022-08-04,-6.3440773645110875,-11.31504192653714,-17.659119291048228,24,0.6271854260523261,0.040442410277072176,36124.62598145179,4.814575650696532,5.03875,72.31541666666666,0.995,22.48,5.653979888577073,8.650064083138162,17.06537668182677,7.041426184665992,0.7255445369867843,16.5,1.0239199852555598,1023.9199852555598,16894.679756716738,1,passes
AMLF_powerVel_linearK600_ID_powerVel_freewaterK600,AM,2022-08-05,-4.599961625839938,-10.04142576902499,-14.641387394864928,24,0.571099243913663,0.04545451156377423,36979.478733484924,5.134254963543482,5.20625,72.42708333333333,0.995,22.48,5.5650756439526505,9.221393941867477,16.31535996666723,6.263160445759318,0.7647365346804761,16.5,1.0239199852555598,1023.9199852555598,16894.679756716738,1,passes
AMLF_powerVel_linearK600_ID_powerVel_freewaterK600,AM,2022-08-06,-4.726813640165619,-9.031025946128429,-13.757839586294047,24,0.535396116184737,0.04924329154604082,37578.43146193705,5.337755200208762,5.1674999999999995,72.25916666666667,0.995,22.48,5.59219590685509,9.282310156383476,15.981887770115382,5.7772102253820155,0.7970342558862542,16.5,1.0239199852555598,1023.9199852555598,16894.679756716738,1,passes
AMLF_powerVel_linearK600_ID_powerVel_freewaterK600,AM,2022-08-07,-3.6166548606663182,-8.619286964142644,-12.235941824808961,24,0.5244214192864934,0.0505243527282284,37772.624170499155,5.400308639030114,5.327916666666667,72.36166666666666,0.995,22.48,5.507278378707811,9.687991288390467,15.597519196483434,5.629436147153885,0.8083424619333169,16.5,1.0239199852555598,1023.9199852555598,16894.679756716738,1,passes
AMLF_powerVel_linearK600_ID_powerVel_freewaterK600,AM,2022-08-08,-3.994470771264711,-8.609065983119281,-12.603536754383992,24,0.5269988557291998,0.05021635682562669,37726.416782421824,5.385617799334983,5.2875,72.31083333333333,0.995,22.48,5.5298747270944295,9.585133518629824,15.69462709532788,5.66404990728829,0.8056033297359451,16.5,1.0239199852555598,1023.9199852555598,16894.679756716738,1,passes
AMLF_powerVel_linearK600_ID_powerVel_freewaterK600,AM,2022-08-09,-4.3968213230595845,-8.715269464848573,-13.112090787908159,24,0.5346482176501837,0.04932000982489872,37590.76750370562,5.342018062833538,5.255416666666667,72.18833333333333,0.995,22.48,5.551544283208184,9.47920645513308,15.85531650984595,5.767001692626494,0.7976807925313057,16.5,1.0239199852555598,1023.9199852555598,16894.679756716738,1,passes
AMLF_powerVel_linearK600_ID_powerVel_freewaterK600,AM,2022-08-10,-4.350984272103391,-8.640656246700468,-12.991640518803859,24,0.5456221254643789,0.04808799591791579,37400.74420860993,5.279469121623482,5.32875,71.98833333333333,0.995,22.48,5.523800871800288,9.593811619859238,15.91089554698629,5.9154050763284705,0.7869476408068252,16.5,1.0239199852555598,1023.9199852555598,16894.679756716738,1,passes
AMLF_powerVel_linearK600_ID_powerVel_freewaterK600,AM,2022-08-11,-4.860602852659037,-9.197185323644089,-14.057788176303125,24,0.5795784959823336,0.04462442989113833,36843.45210888245,5.085925029655896,5.37125,72.00416666666666,0.995,22.48,5.501800608783054,9.539672328224455,16.20718454379393,6.379603617712545,0.7579069938270317,16.5,1.0239199852555598,1023.9199852555598,16894.679756716738,1,passes
AMLF_powerVel_linearK600_ID_powerVel_freewaterK600,AM,2022-08-12,-5.220597435672573,-10.281078463751129,-15.501675899423702,24,0.6251430766369412,0.040577432176001606,36151.09955359742,4.826216608108991,5.334583333333334,72.27416666666667,0.995,22.48,5.507894713796771,9.28312935568817,16.61226055306014,7.01219512527117,0.7263548904603744,16.5,1.0239199852555598,1023.9199852555598,16894.679756716738,1,passes
AMLF_powerVel_linearK600_ID_powerVel_freewaterK600,AM,2022-08-13,-6.240287792860242,-10.272326255306528,-16.512614048166768,24,0.6361587155935502,0.03968711012152786,35992.18887416843,4.763429808260275,5.163333333333333,72.14,0.995,22.48,5.59963432737319,8.88011941294226,16.96842483442372,7.166704910657201,0.7198502179812684,16.5,1.0239199852555598,1023.9199852555598,16894.679756716738,1,passes
AMLF_powerVel_linearK600_ID_powerVel_freewaterK600,AM,2022-08-14,-5.1525060374137555,-10.681698495689494,-15.83420453310325,24,0.624835866624824,0.040588931209966365,36154.215773033924,4.827967639857427,5.3,72.26375,0.995,22.48,5.525756933356506,9.21382366941234,16.67015989777432,7.007632119140613,0.726362305941243,16.5,1.0239199852555598,1023.9199852555598,16894.679756716738,1,passes
AMLF_powerVel_linearK600_ID_powerVel_freewaterK600,AM,2022-08-15,-4.9200414444901455,-10.461590546669596,-15.381631991159741,24,0.6203077146829331,0.04095842925637298,36219.89171433597,4.853777143126368,5.37375,72.20708333333333,0.947,22.03,5.5530835772034655,9.490528189990194,16.71954842705511,6.944188387431164,0.7290828707727055,16.5,1.0239199852555598,1023.9199852555598,16894.679756716738,1,passes
AMLF_powerVel_linearK600_ID_powerVel_freewaterK600,AM,2022-08-16,-4.478521198310651,-10.095187700287733,-14.573708898598383,24,0.6102133856458476,0.04181298124380027,36369.315504940176,4.911312672327632,5.39,72.19916666666667,0.947,22.03,5.545166561801705,9.564883869830698,16.617710548214177,6.80333139078761,0.7355466578374265,16.5,1.0239199852555598,1023.9199852555598,16894.679756716738,1,passes
AMLF_powerVel_linearK600_ID_powerVel_freewaterK600,AM,2022-08-17,-3.691417456359729,-9.63715976833321,-13.328577224692939,24,0.5802434864294204,0.04454494820043256,36831.462314427066,5.082134725501319,5.457083333333333,72.20333333333333,0.947,22.03,5.511447472999797,9.83395657236714,16.250505921714712,6.388506345788597,0.7571946026083007,16.5,1.0239199852555598,1023.9199852555598,16894.679756716738,1,passes
AMLF_powerVel_linearK600_ID_powerVel_freewaterK600,AM,2022-08-18,-3.4410221273102195,-9.055616048220083,-12.496638175530302,24,0.5444388615534208,0.04823283308703372,37422.267783364405,5.286213474324054,5.420833333333333,72.10833333333333,0.947,22.03,5.533876650400422,9.9116136768451355,15.925991351239043,5.899566518797757,0.7882467517208909,16.5,1.0239199852555598,1023.9199852555598,16894.679756716738,1,passes
AMLF_powerVel_linearK600_ID_powerVel_freewaterK600,AM,2022-08-19,-3.30655124674717,-8.393558469616222,-11.700109716363393,24,0.516315251084141,0.05153079111659162,37921.064156263674,5.44651207420677,5.389166666666666,72.08083333333333,0.947,22.03,5.550966345828907,9.972223867507875,15.61032009140336,5.5210335472912515,0.8173945605586656,16.5,1.0239199852555598,1023.9199852555598,16894.679756716738,1,passes
AMLF_powerVel_linearK600_ID_powerVel_freewaterK600,AM,2022-08-20,-2.4695428793473364,-7.896313394628398,-10.365856273975734,24,0.494492918978953,0.05438447104397815,38332.3008604059,5.570894727225604,5.454583333333334,72.21416666666667,0.947,22.03,5.5121179789022205,10.228602635545307,15.185415334396463,5.230863092769926,0.8434188336569507,16.5,1.0239199852555598,1023.9199852555598,16894.679756716738,1,passes
AMLF_powerVel_linearK600_ID_powerVel_freewaterK600,AM,2022-08-21,-1.3863928998709767,-7.407935643763961,-8.794328543634938,24,0.47903058485449235,0.05658091271079995,38637.421150453396,5.659026744051011,5.5841666666666665,72.34458333333333,0.947,22.03,5.441530048472872,10.606204709120304,14.752471366608898,5.027151957846445,0.8638437805220838,16.5,1.0239199852555598,1023.9199852555598,16894.679756716738,1,passes
AMLF_powerVel_linearK600_ID_powerVel_freewaterK600,AM,2022-08-22,-1.7160367771105682,-7.351495648182706,-9.067532425293274,24,0.4762311515681887,0.05699583308623393,38693.98664311387,5.674982918552494,5.5325,72.13625,0.947,22.03,5.476672299369355,10.502633210564577,14.801588636916541,4.990445521169299,0.8677364311657957,16.5,1.0239199852555598,1023.9199852555598,16894.679756716738,1,passes
AMLF_powerVel_linearK600_ID_powerVel_freewaterK600,AM,2022-08-23,-2.3864152822717095,-7.906653453821893,-10.293068736093602,24,0.4990297271875012,0.05379255487834839,38246.89925080014,5.545035885077257,5.494166666666667,72.08166666666666,0.947,22.03,5.498356024998806,10.292643097297729,15.20916754152994,5.291198817688794,0.8380232025197707,16.5,1.0239199852555598,1023.9199852555598,16894.679756716738,1,passes
AMLF_powerVel_linearK600_ID_powerVel_freewaterK600,AM,2022-08-24,-2.596855884630147,-8.565447062142995,-11.162302946773142,24,0.5353187317515066,0.04925522027355356,37580.042303836,5.338196275024285,5.5600000000000005,72.25708333333333,0.947,22.03,5.4576061649580865,10.25815331050992,15.590613484833456,5.776204467208559,0.7971476784365416,16.5,1.0239199852555598,1023.9199852555598,16894.679756716738,1,passes
AMLF_powerVel_linearK600_ID_powerVel_freewaterK600,AM,2022-08-25,-3.161719538358666,-8.810014482962613,-11.971734021321279,24,0.5365023638659995,0.04911859678607181,37559.229286603855,5.3314498236418535,5.45375,72.18708333333333,0.947,22.03,5.513789371857344,10.01898055268691,15.769501940655719,5.792162225050983,0.7959461493259218,16.5,1.0239199852555598,1023.9199852555598,16894.679756716738,1,passes
AMLF_powerVel_linearK600_ID_powerVel_freewaterK600,AM,2022-08-26,-3.037543211529534,-8.491578112403111,-11.529121323932646,24,0.516713129505201,0.05147055628525643,37912.89198143878,5.444244251805761,5.413333333333333,72.25083333333333,0.947,22.03,5.531151760273565,10.025470862229747,15.562780069993003,5.526225241175242,0.8168252216127159,16.5,1.0239199852555598,1023.9199852555598,16894.679756716738,1,passes
AMLF_powerVel_linearK600_ID_powerVel_freewaterK600,AM,2022-08-27,-3.61278279801079,-9.012731063719068,-12.625513861729857,24,0.5655089962088141,0.04617942211509901,37085.13910335089,5.166118186832813,5.476666666666667,72.26541666666667,0.947,22.03,5.498751850872046,9.941313100292986,16.029072186753403,6.189080502465734,0.7713940273896854,16.5,1.0239199852555598,1023.9199852555598,16894.679756716738,1,passes
AMLF_powerVel_linearK600_ID_powerVel_freewaterK600,AM,2022-08-28,-6.1207735241688495,-10.177058552730088,-16.29783207689894,24,0.7376860151607657,0.033338874684233834,34725.81410288227,4.184745788003524,5.39875,72.28041666666667,0.947,22.03,5.537036056106446,9.141627246258668,16.952519532328033,8.634088846675944,0.6870340189390608,16.5,1.0239199852555598,1023.9199852555598,16894.679756716738,1,passes
AMLF_powerVel_linearK600_ID_powerVel_freewaterK600,AM,2022-08-29,-8.609840151119943,-9.666615679871443,-18.276455830991388,24,0.9641796586384,0.02374467678923817,32460.71148969329,2.893780178468488,4.589583333333334,72.49416666666667,1.096,23.44,5.741594312831026,6.720690703776141,15.858918619271833,12.059990194603625,0.7127053800217242,16.5,1.0239199852555598,1023.9199852555598,16894.679756716738,1,passes
AMLF_powerVel_linearK600_ID_powerVel_freewaterK600,AM,2022-08-30,-6.7572249113518446,-13.251733180390413,-20.008958091742258,24,1.1508254937959579,0.018959511432927213,31042.86537123965,1.8299386037041792,3.1025,72.45791666666666,1.096,23.44,6.4867081472327595,3.6707582546015263,13.675237300472656,15.039252218851145,0.9074484948055526,16.5,1.0239199852555598,1023.9199852555598,16894.679756716738,1,passes
AMLF_powerVel_linearK600_ID_powerVel_freewaterK600,AM,2022-08-31,-4.413094127442226,-5.93961929670001,-10.352713424142236,24,1.2953289720931882,0.016337537921976723,30135.1205855326,1.0062995025108674,3.01875,72.3175,1.096,23.44,6.534888452899373,3.4152192103369607,8.591575922408078,17.433759819863475,1.4645182884766226,16.5,1.0239199852555598,1023.9199852555598,16894.679756716738,1,passes
AMLF_powerVel_linearK600_ID_powerVel_freewaterK600,AM,2022-09-01,1.2140992670090542,0.908777508821263,2.122876775830317,24,1.4210649288136203,0.014543124414013793,29443.47399910299,0.29307402275795547,3.2775,72.3075,1.096,23.44,6.406074577525395,3.7941971633804723,2.7327587754653138,19.572936944426232,7.860191033762967,16.5,1.0239199852555598,1023.9199852555598,16894.679756716738,0.2916666666666667,too fast
AMLF_powerVel_linearK600_ID_powerVel_freewaterK600,AM,2022-09-02,2.0281574023554563,3.56042126582089,5.588578668176346,24,1.4975445641611562,0.013611688566286936,29058.023374938526,0.05,3.0058333333333334,72.61541666666666,1.096,23.44,6.527873007099039,3.282895555012597,0.488606220924424,20.896844679098127,23.520997842543824,16.5,1.0239199852555598,1023.9199852555598,16894.679756716738,0,too fast
AMLF_powerVel_linearK600_ID_powerVel_freewaterK600,AM,2022-09-03,1.149971913875002,1.671743207387591,2.821715121262593,24,1.4812043914460638,0.013801440564633234,29138.247228147728,0.05871202539763635,2.2458333333333336,72.56333333333333,1.096,23.44,6.910122181928671,1.987448766370308,0.5983316763020361,20.612522598563714,21.709950190378468,16.5,1.0239199852555598,1023.9199852555598,16894.679756716738,0,too fast
AMLF_powerVel_linearK600_ID_powerVel_freewaterK600,AM,2022-09-04,-1.9827230768846176,-1.7313623067304948,-3.7140853836151124,24,1.41952910700606,0.01455518528484558,29449.72647534874,0.29838514160315305,1.7408333333333332,72.35041666666666,1.096,23.44,7.1723448880687855,1.1263355599885438,2.9938516172191885,19.545368951367447,4.771564175732793,16.5,1.0239199852555598,1023.9199852555598,16894.679756716738,0.125,too fast
AMLF_powerVel_linearK600_ID_powerVel_freewaterK600,AM,2022-09-05,-2.8558211097534767,-3.7461628779366767,-6.601983987690153,24,1.3834824262632726,0.01502794378954668,29639.073931717834,0.5038435573993679,2.006666666666667,72.42625,1.096,23.44,7.035969163253175,1.5979485752749418,4.898940569120018,18.926564545318318,2.5839278806274595,16.5,1.0239199852555598,1023.9199852555598,16894.679756716738,1,passes
AMLF_powerVel_linearK600_ID_powerVel_freewaterK600,AM,2022-09-06,-3.6030675293016676,-4.647682431263806,-8.250749960565473,24,1.3757054261981216,0.01513398942634071,29680.82149918359,0.5481708041834618,1.8091666666666666,72.46833333333333,1.096,23.44,7.1329162881601755,1.2529346190449169,5.378309599327654,18.793639863748464,2.3858701916831175,16.5,1.0239199852555598,1023.9199852555598,16894.679756716738,1,passes
AMLF_powerVel_linearK600_ID_powerVel_freewaterK600,AM,2022-09-07,-4.940802570570487,-5.885782217034797,-10.826584787605285,24,1.365429753713694,0.015276717381132628,29736.550748860518,0.6067399524763648,1.4616666666666667,72.37458333333333,1.096,23.44,7.31079449893895,0.6434783497353159,6.0567707435379585,18.61836757909479,2.179229887082401,16.5,1.0239199852555598,1023.9199852555598,16894.679756716738,1,passes
AMLF_powerVel_linearK600_ID_powerVel_freewaterK600,AM,2022-09-08,-7.608576818766771,-7.380497147185926,-14.989073965952697,24,1.342961897693764,0.015597370005906374,29860.249782611663,0.7348019545544875,1.0579166666666666,72.12208333333334,1.096,23.44,7.52422765681375,-0.06858543429624049,7.43545486832931,18.236281482237416,1.840209182277611,16.5,1.0239199852555598,1023.9199852555598,16894.679756716738,1,passes
AMLF_powerVel_linearK600_ID_powerVel_freewaterK600,AM,2022-09-09,-8.440178624787592,-8.774444163301977,-17.21462278808957,24,1.3119747199861531,0.016059613852451603,30035.093619285235,0.9114222788287382,1.2579166666666668,72.10541666666667,1.096,23.44,7.425035173032611,0.2871655084767944,8.880549171750147,17.711893650320313,1.5271021354378411,16.5,1.0239199852555598,1023.9199852555598,16894.679756716738,1,passes
AMLF_powerVel_linearK600_ID_powerVel_freewaterK600,AM,2022-09-10,-11.668878838218582,-10.437623102493374,-22.106501940711958,24,1.2793754341112586,0.01657251407168923,30224.55746939259,1.097231276881462,0.89375,72.05375,1.096,23.44,7.609423644829842,-0.36313202012380336,10.690118950232174,17.16347803826494,1.3070791603064211,16.5,1.0239199852555598,1023.9199852555598,16894.679756716738,1,passes
AMLF_powerVel_linearK600_ID_powerVel_freewaterK600,AM,2022-09-11,-8.60129022094285,-10.4622828585736,-19.063573079516452,24,1.262393429595429,0.016850614532018228,30325.479271135857,1.1940250918172426,1.78875,72.34958333333333,1.096,23.44,7.148358794700048,1.2434270758453412,10.775213615603567,16.879064730819735,1.219346726187656,16.5,1.0239199852555598,1023.9199852555598,16894.679756716738,1,passes
AMLF_powerVel_linearK600_ID_powerVel_freewaterK600,AM,2022-09-12,-10.932952777303493,-10.847407428173405,-21.780360205476896,24,1.2800519818889147,0.016562110171639322,30220.673772403632,1.093375098400023,1.06,72.14375,1.24,22.07,7.562594640820668,-0.32077511823320776,10.56940498450524,17.174886645057704,1.3120191339542333,16.5,1.0239199852555598,1023.9199852555598,16894.679756716738,1,passes
AMLF_powerVel_linearK600_ID_powerVel_freewaterK600,AM,2022-09-13,-8.534106845982333,-8.82018978486563,-17.354296630847962,24,1.3207269291034305,0.01592716460127138,29985.31275470646,0.8615365478016789,1.15875,72.07083333333333,1.24,22.07,7.516600284521819,-0.1428052861244795,8.534343029299501,17.85976721475265,1.6050237467840043,16.5,1.0239199852555598,1023.9199852555598,16894.679756716738,1,passes
AMLF_powerVel_linearK600_ID_powerVel_freewaterK600,AM,2022-09-14,-7.699541842354166,-7.862296989655788,-15.561838832009954,24,1.3439510560310706,0.015582309207142934,29854.602786793144,0.7291639623519651,1.0379166666666666,72.20625,1.24,22.07,7.57090397212873,-0.3569393876026691,7.417198563931407,18.252979913259367,1.846914933432735,16.5,1.0239199852555598,1023.9199852555598,16894.679756716738,1,passes
AMLF_powerVel_linearK600_ID_powerVel_freewaterK600,AM,2022-09-15,-8.378536308777402,-8.068564986580071,-16.447101295357474,24,1.3302445477735112,0.015784220163810942,29931.406053800663,0.8072881450691043,1.1483333333333334,72.14916666666666,1.24,22.07,7.518354245403368,-0.16280511506688333,8.073661004370075,18.020708504225457,1.6952068014130346,16.5,1.0239199852555598,1023.9199852555598,16894.679756716738,1,passes
AMLF_powerVel_linearK600_ID_powerVel_freewaterK600,AM,2022-09-16,-10.664329260457329,-10.184273217091535,-20.848602477548866,24,1.287440085355588,0.01644478223621103,30177.51112258575,1.0512644795379804,1.1129166666666668,72.28583333333333,1.24,22.07,7.529638910373669,-0.22863984455830955,10.195661394216122,17.299046223051825,1.3584972284719665,16.5,1.0239199852555598,1023.9199852555598,16894.679756716738,1,passes
AMLF_powerVel_linearK600_ID_powerVel_freewaterK600,AM,2022-09-17,-12.464651696577267,-12.568279743840296,-25.032931440417563,24,1.236281365525539,0.017299934635829316,30484.98152531275,1.3428583049291698,1.1945833333333333,72.35958333333333,1.24,22.07,7.485510109038626,-0.08344211044766914,12.428705774458486,16.444132958345893,1.1162811577428864,16.5,1.0239199852555598,1023.9199852555598,16894.679756716738,1,passes
AMLF_powerVel_linearK600_ID_powerVel_freewaterK600,AM,2022-09-18,-13.17429160391283,-14.49068816714696,-27.66497977105979,24,1.1879721131847965,0.018183634238039377,30790.23757938802,1.6182107715002985,1.4241666666666666,72.24041666666666,1.24,22.07,7.376109051100498,0.3360552633579522,14.168545148887846,15.644882460221227,0.9724458707095318,16.5,1.0239199852555598,1023.9199852555598,16894.679756716738,1,passes
AMLF_powerVel_linearK600_ID_powerVel_freewaterK600,AM,2022-09-19,-16.120015062704724,-15.153460770271263,-31.273475832975986,24,1.139384674849124,0.019158865946698897,31113.492011991133,1.8951488390931364,1.4104166666666667,72.16958333333334,1.24,22.07,7.386290741887025,0.31209279665676254,15.948830713144757,14.849269493614102,0.8745258861612194,16.5,1.0239199852555598,1023.9199852555598,16894.679756716738,1,passes
AMLF_powerVel_linearK600_ID_powerVel_freewaterK600,AM,2022-09-20,-16.333965445980553,-16.855587676909963,-33.189553122890516,24,1.0872584785928505,0.020314875487166043,31480.03455792734,2.1922570744038024,1.6345833333333333,72.29458333333334,1.24,22.07,7.2685235037611164,0.7361900495015935,17.309232351324795,14.005098329659521,0.80135962106651,16.5,1.0239199852555598,1023.9199852555598,16894.679756716738,1,passes
AMLF_powerVel_linearK600_ID_powerVel_freewaterK600,AM,2022-09-21,-15.936408233076161,-16.891482284203363,-32.82789051727953,24,1.0336989407526038,0.021639590724282707,31880.174205851905,2.497535051978377,2.142916666666667,72.07833333333333,1.24,22.07,7.024362393082892,1.7051170640026028,18.119062322642364,13.148148950824218,0.7490371653418981,16.5,1.0239199852555598,1023.9199852555598,16894.679756716738,1,passes
AMLF_powerVel_linearK600_ID_powerVel_freewaterK600,AM,2022-09-22,-21.283691839193065,-21.159546416051253,-42.44323825524432,24,0.9817319937503305,0.023080739869419446,32293.893201531577,2.7937356004016687,1.01875,72.11166666666666,1.24,22.07,7.584961335862275,-0.4243232757492855,20.79729585187287,12.327179786356703,0.7140412359568244,16.5,1.0239199852555598,1023.9199852555598,16894.679756716738,1,passes
AMLF_powerVel_linearK600_ID_powerVel_freewaterK600,AM,2022-09-23,-25.612454730633456,-25.228017880104552,-50.840472610738004,24,0.9322939106397272,0.024620651197296346,32713.71842082242,3.0755221623429803,0.050416666666666665,72.19041666666666,1.24,22.07,8.065309433739799,-2.303603675794029,23.116632629574976,11.556176845386704,0.6917895940598408,16.5,1.0239199852555598,1023.9199852555598,16894.679756716738,1,passes
AMLF_powerVel_linearK600_ID_powerVel_freewaterK600,AM,2022-09-24,-24.20494607369434,-23.996797274670634,-48.20174334836497,24,0.8863524953109495,0.02622512970705465,33129.46203111159,3.337378461408055,0.6729166666666667,71.74375,1.24,22.07,7.775028567501549,-1.1108132731398772,22.99005840104261,10.84876133559353,0.6789855046743156,16.5,1.0239199852555598,1023.9199852555598,16894.679756716738,1,passes
AMLF_powerVel_linearK600_ID_powerVel_freewaterK600,AM,2022-09-25,-26.446817336776743,-22.789912567637415,-49.23672990441416,24,0.8461688320135574,0.027789603880517315,33515.74332994286,3.5664167981382024,0.7079166666666666,71.7375,1.24,22.07,7.757796866000749,-1.0576492228527703,23.408344697306838,10.237441483777733,0.6732461852417884,16.5,1.0239199852555598,1023.9199852555598,16894.679756716738,1,passes
AMLF_powerVel_linearK600_ID_powerVel_freewaterK600,AM,2022-09-26,-13.39667920931729,-21.31093052798727,-34.70760973730456,24,0.8099549848749578,0.029351308152762823,33884.2183612655,3.772828026846736,2.68875,72.36041666666667,1.056,23.01,6.755224819404352,3.2805887280471735,20.634393596699454,9.692744231013666,0.6721588646611748,16.5,1.0239199852555598,1023.9199852555598,16894.679756716738,1,passes
AMLF_powerVel_linearK600_ID_powerVel_freewaterK600,AM,2022-09-27,-5.9862953440778295,-15.298560756387332,-21.284856100465163,24,0.7705010244978494,0.03124710169100382,34310.49500326588,3.9977072120845962,4.63125,71.59875,1.056,23.01,5.8168238417230995,7.266865106097891,17.90929315633047,9.106380669177451,0.6752922829081504,16.5,1.0239199852555598,1023.9199852555598,16894.679756716738,1,passes
AMLF_powerVel_linearK600_ID_powerVel_freewaterK600,AM,2022-09-28,-8.135003714203098,-13.451512403706197,-21.586516117909294,24,0.7208358825550096,0.033968745772249925,34887.63689715866,4.280787961091195,4.5408333333333335,70.67583333333333,1.056,23.01,5.905357847158174,7.199926843940041,18.21470609829065,8.378891383099111,0.6855130289289056,16.5,1.0239199852555598,1023.9199852555598,16894.679756716738,1,passes
AMLF_powerVel_linearK600_ID_powerVel_freewaterK600,AM,2022-09-29,-5.836624842733906,-13.313278325300653,-19.14990316803456,24,0.6771766246362496,0.036715047759093476,35435.41647732638,4.529636448163659,4.874583333333334,70.76958333333333,1.056,23.01,5.734238605974983,8.01242833298099,17.58737991699827,7.749117181669656,0.7002705428848283,16.5,1.0239199852555598,1023.9199852555598,16894.679756716738,1,passes
AMLF_powerVel_linearK600_ID_powerVel_freewaterK600,AM,2022-09-30,-6.23250123198836,-13.36375750178211,-19.59625873377047,24,0.6528064133285756,0.03842991614027665,35760.91414210244,4.668541470892987,4.740833333333334,71.32916666666667,1.056,23.01,5.774742311665549,7.800961055611821,17.599090422497056,7.401976868888657,0.7111963763675,16.5,1.0239199852555598,1023.9199852555598,16894.679756716738,1,passes
AMLF_powerVel_linearK600_ID_powerVel_freewaterK600,AM,2022-10-01,-6.279001150255706,-12.73289277629046,-19.011893926546165,24,0.6267473470864182,0.040445785216452854,36127.764002031385,4.817072607655518,4.752916666666667,71.34166666666667,1.056,23.01,5.768238169618532,7.907359420298862,17.413306383571943,7.034661081791152,0.7253821263963663,16.5,1.0239199852555598,1023.9199852555598,16894.679756716738,1,passes
AMLF_powerVel_linearK600_ID_powerVel_freewaterK600,AM,2022-10-02,-5.621344994324925,-11.581611149811662,-17.202956144136586,24,0.5902615096855724,0.04360189778002672,36674.19158497294,5.025034123026833,4.818333333333333,71.27833333333334,1.056,23.01,5.738489057851751,8.168935408305167,17.01875790351874,6.5266730926641605,0.7495869102463769,16.5,1.0239199852555598,1023.9199852555598,16894.679756716738,1,passes
AMLF_powerVel_linearK600_ID_powerVel_freewaterK600,AM,2022-10-03,-5.29251933953695,-11.19078075380928,-16.48330009334623,24,0.5540135906613712,0.04719301227746297,37259.52711854396,5.231639554238749,4.7804166666666665,71.15583333333333,1.056,23.01,5.763150861086096,8.216877012081946,16.704287951016408,6.029536523564174,0.7792991524312878,16.5,1.0239199852555598,1023.9199852555598,16894.679756716738,1,passes
AMLF_powerVel_linearK600_ID_powerVel_freewaterK600,AM,2022-10-04,-4.072029176531807,-11.286165588509164,-15.35819476504097,24,0.5253052931664698,0.05043073458210334,37757.77716947668,5.395270745848232,4.8741666666666665,71.0625,1.056,23.01,5.720682164295772,8.536402252105175,16.21549963462566,5.641455447654666,0.8075426409466909,16.5,1.0239199852555598,1023.9199852555598,16894.679756716738,1,passes
AMLF_powerVel_linearK600_ID_powerVel_freewaterK600,AM,2022-10-05,-3.5561494169984087,-9.142070646281013,-12.698220063279422,24,0.5019280642768864,0.05338386631446577,38189.92169986006,5.528515979927665,5.120833333333334,71.02,1.056,23.01,5.599654485474786,9.18887676091565,15.53798679255536,5.329408540821934,0.8342279657995689,16.5,1.0239199852555598,1023.9199852555598,16894.679756716738,1,passes
AMLF_powerVel_linearK600_ID_powerVel_freewaterK600,AM,2022-10-06,-3.1901590030782025,-10.639865341613813,-13.830024344692015,24,0.47733622908429796,0.056847569323038284,38672.83061170902,5.668684211678151,4.820833333333333,71.205,1.056,23.01,5.740880322266695,8.61847687191343,15.533489044259438,5.005087146505272,0.8663742381313239,16.5,1.0239199852555598,1023.9199852555598,16894.679756716738,1,passes
AMLF_powerVel_linearK600_ID_powerVel_freewaterK600,AM,2022-10-07,-1.705537361020207,-8.447337582092285,-10.152874943112492,24,0.4531725854594314,0.06065919724487514,39178.14498519857,5.806411842537,5.099166666666667,71.25583333333333,1.056,23.01,5.599353577831919,9.378440053548863,14.735785867649778,4.690395840270628,0.9025470994976341,16.5,1.0239199852555598,1023.9199852555598,16894.679756716738,1,passes
AMLF_powerVel_linearK600_ID_powerVel_freewaterK600,AM,2022-10-08,-0.8124338517158006,-7.027613357080224,-7.840047208796024,24,0.43193137595551967,0.06440735681550987,39650.91044663022,5.9274822202899475,5.2825,71.27541666666667,1.056,23.01,5.506709424157103,9.920493365555448,14.099482782676978,4.41719412901269,0.938755912298895,16.5,1.0239199852555598,1023.9199852555598,16894.679756716738,1,passes
AMLF_powerVel_linearK600_ID_powerVel_freewaterK600,AM,2022-10-09,0.46129981993169394,-6.493939500443606,-6.032639680511912,24,0.41373116015041445,0.06796357705127443,40079.61785699176,6.031219580552013,5.3966666666666665,71.23208333333334,1.056,23.01,5.451645311330295,10.299030631088774,13.6051521096937,4.185747456259457,0.973568267055674,16.5,1.0239199852555598,1023.9199852555598,16894.679756716738,1,passes
AMLF_powerVel_linearK600_ID_powerVel_freewaterK600,AM,2022-10-10,0.35733326080337074,-5.556192653332567,-5.198859392529196,24,0.39988426165893926,0.07091472075509074,40421.92900382087,6.1101439577519505,5.4675,71.0975,1.084,22.42,5.457114718239583,10.488564652777917,13.334391262131513,4.011356986383596,1.0027328775689137,16.5,1.0239199852555598,1023.9199852555598,16894.679756716738,1,passes
AMLF_powerVel_linearK600_ID_powerVel_freewaterK600,AM,2022-10-11,-0.16130834076680664,-5.268432638980667,-5.429740979747474,24,0.3848351510092394,0.07440531453120895,40811.85685894194,6.195920688633002,5.375,71.46041666666666,1.084,22.42,5.485920454137096,10.366267439001788,13.081137928875526,3.8235966163807493,1.0375021487866576,16.5,1.0239199852555598,1023.9199852555598,16894.679756716738,1,passes
AMLF_powerVel_linearK600_ID_powerVel_freewaterK600,AM,2022-10-12,1.0838779630601205,-5.228076519476211,-4.14419855641609,24,0.36918226001532883,0.07836072194673357,41237.19638939663,6.285138839097055,5.4125,71.9075,1.084,22.42,5.44618176561153,10.56659158542214,12.638690863630185,3.6301525107413792,1.0771732985744409,16.5,1.0239199852555598,1023.9199852555598,16894.679756716738,1,passes
AMLF_powerVel_linearK600_ID_powerVel_freewaterK600,AM,2022-10-13,0.9662342256475432,-5.032180295888578,-4.065946070241035,24,0.3602484907496323,0.08079005835689503,41490.07761778111,6.336059424365817,5.346666666666667,71.96,1.084,22.42,5.476780227456053,10.469205492447466,12.502178527567983,3.5206472638193396,1.1016640430513498,16.5,1.0239199852555598,1023.9199852555598,16894.679756716738,1,passes
AMLF_powerVel_linearK600_ID_powerVel_freewaterK600,AM,2022-10-14,1.4469983079073618,-4.049274686383906,-2.602276378476544,24,0.352264252339932,0.08309661979635541,41723.80593959761,6.381567885649718,5.5008333333333335,71.28666666666666,1.084,22.42,5.4312644156332635,10.908509163951267,12.20964735318954,3.423436224398666,1.1250044368449736,16.5,1.0239199852555598,1023.9199852555598,16894.679756716738,1,passes
AMLF_powerVel_linearK600_ID_powerVel_freewaterK600,AM,2022-10-15,2.969350868408867,-2.733869457621356,0.23548141078751117,24,0.32686931135736164,0.09135660430721869,42517.39146856892,6.526313649642462,5.602916666666666,71.12625,1.084,22.42,5.388057532609561,11.373823314125767,11.49371678898327,3.1182058244207713,1.2091097007873202,16.5,1.0239199852555598,1023.9199852555598,16894.679756716738,1,passes
AMLF_powerVel_linearK600_ID_powerVel_freewaterK600,AM,2022-10-16,4.242825167964906,-1.5615267066058007,2.681298461359105,24,0.295388211965527,0.10362533506072584,43604.69659986395,6.705749222496523,5.629166666666666,71.27833333333334,1.084,22.42,5.36768930550191,11.734036644561272,10.635235408655499,2.7472763078291553,1.3349576979783735,16.5,1.0239199852555598,1023.9199852555598,16894.679756716738,1,passes
AMLF_powerVel_linearK600_ID_powerVel_freewaterK600,AM,2022-10-17,5.352057708552711,-1.2949588688675673,4.0570988396851435,24,0.2839259890043392,0.10879206060831426,44034.23909043262,6.771081456216264,5.68625,71.50416666666666,1.084,22.42,5.328367915877692,11.994872602965552,10.243282207182158,2.6144373400649967,1.3881968751082123,16.5,1.0239199852555598,1023.9199852555598,16894.679756716738,1,passes
AMLF_powerVel_linearK600_ID_powerVel_freewaterK600,AM,2022-10-18,5.276931786703369,-0.8137522897343579,4.463179496969012,24,0.27847826214579957,0.11146125767175918,44248.12023472027,6.8021323409851755,5.70875,70.79958333333333,1.084,22.42,5.3502870178145265,12.113609314451834,10.135798069152232,2.5518915048284847,1.4157584723561796,16.5,1.0239199852555598,1023.9199852555598,16894.679756716738,1,passes
AMLF_powerVel_linearK600_ID_powerVel_freewaterK600,AM,2022-10-19,5.818131360171687,0.43243179324871023,6.250563153420398,24,0.27280614272349596,0.11436590728634868,44476.34138213949,6.834462215655996,5.932083333333333,69.74416666666667,1.084,22.42,5.2893591863294995,12.763487040873024,9.862609612784615,2.487087911457496,1.44578053412254,16.5,1.0239199852555598,1023.9199852555598,16894.679756716738,1,passes
AMLF_powerVel_linearK600_ID_powerVel_freewaterK600,AM,2022-10-20,5.861377983112178,0.7805331588478239,6.641911141960002,24,0.2681106488887458,0.11687180321135213,44669.65377796629,6.861225532133109,5.93875,69.7225,1.084,22.42,5.2874350458029555,12.836217681807392,9.726963978505074,2.4336880573152575,1.4717029540035598,16.5,1.0239199852555598,1023.9199852555598,16894.679756716738,1,passes
AMLF_powerVel_linearK600_ID_powerVel_freewaterK600,AM,2022-10-21,6.116306671630375,0.8736936482682366,6.990000319898612,24,0.264667616982031,0.11877525497547954,44814.20960195028,6.880850081925561,5.943333333333333,69.85625,1.084,22.42,5.278570448150578,12.889844124323988,9.613286173681438,2.394685321765494,1.4914065325644736,16.5,1.0239199852555598,1023.9199852555598,16894.679756716738,1,passes
AMLF_powerVel_linearK600_ID_powerVel_freewaterK600,AM,2022-10-22,6.178064377191225,0.9597284332060733,7.137792810397298,24,0.2603993552546768,0.12121588972139738,44996.80142325449,6.905178266230888,5.910833333333334,70.05083333333333,1.084,22.42,5.285561134398158,12.856012079532842,9.504546338666907,2.346515047449724,1.51668587493555,16.5,1.0239199852555598,1023.9199852555598,16894.679756716738,1,passes
AMLF_powerVel_linearK600_ID_powerVel_freewaterK600,AM,2022-10-23,6.324350135444307,1.0828214813957429,7.40717161684005,24,0.2574510099500082,0.12294881389464103,45124.87288004973,6.921983207574582,5.906666666666666,70.36916666666667,1.084,22.42,5.272423957859607,12.881390251949075,9.396201470781074,2.3133426980471175,1.5346432449850076,16.5,1.0239199852555598,1023.9199852555598,16894.679756716738,1,passes
AMLF_powerVel_linearK600_ID_powerVel_freewaterK600,AM,2022-10-24,6.375379031195424,0.9814160850211253,7.356795116216549,24,0.2587724247230423,0.12216613947724915,45067.226247944025,6.914451424334551,5.8525,70.81916666666666,0.975,22.31,5.341533889495647,13.010693618780156,9.557044516762476,2.3281973837907426,1.526531793130104,16.5,1.0239199852555598,1023.9199852555598,16894.679756716738,1,passes
AMLF_powerVel_linearK600_ID_powerVel_freewaterK600,AM,2022-10-25,6.141147740066902,0.5341297304823347,6.675277470549236,24,0.26137168928440174,0.12064867119996835,44954.74042589795,6.8996361690043075,5.776666666666666,71.14541666666666,0.975,22.31,5.363726012889602,12.776408081607569,9.672395096732307,2.357464033945045,1.5108088126726833,16.5,1.0239199852555598,1023.9199852555598,16894.679756716738,1,passes
AMLF_powerVel_linearK600_ID_powerVel_freewaterK600,AM,2022-10-26,6.285616378760755,0.12072738074141522,6.40634375950217,24,0.26281007740304146,0.1198231285695828,44893.0792492485,6.891437662565821,5.74125,71.46791666666667,0.975,22.31,5.366075938201103,12.665149039054437,9.718847534220826,2.3736903551529296,1.5022575409422683,16.5,1.0239199852555598,1023.9199852555598,16894.679756716738,1,passes
AMLF_powerVel_linearK600_ID_powerVel_freewaterK600,AM,2022-10-27,5.7010208930087884,0.49424253654345346,6.1952634295522415,24,0.2646022583493359,0.11880989311588816,44816.8911482988,6.881222612235022,5.755,70.99249999999999,0.975,22.31,5.381968674266265,12.679885595569967,9.799202978979903,2.3939416061254954,1.4917648104463734,16.5,1.0239199852555598,1023.9199852555598,16894.679756716738,1,passes
AMLF_powerVel_linearK600_ID_powerVel_freewaterK600,AM,2022-10-28,5.606354813631176,0.019953909860265257,5.626308723491442,24,0.26576841357910413,0.11815800099166454,44767.62652461384,6.874575775379493,5.6725,71.465,0.975,22.31,5.400580255495369,12.447271532383018,9.866883874961086,2.407135451205714,1.48501538488536,16.5,1.0239199852555598,1023.9199852555598,16894.679756716738,1,passes
AMLF_powerVel_linearK600_ID_powerVel_freewaterK600,AM,2022-10-29,4.895644220937901,0.1710808742638094,5.06672509520171,24,0.2652714938794861,0.11843488714725212,44788.581423945085,6.877408112009596,5.602916666666666,71.2725,0.975,22.31,5.444199415035737,12.269025118917954,9.93251937742852,2.4015113013551113,1.4878819848952396,16.5,1.0239199852555598,1023.9199852555598,16894.679756716738,1,passes
AMLF_powerVel_linearK600_ID_powerVel_freewaterK600,AM,2022-10-30,5.281139876194581,0.1960208812775432,5.477160757472125,24,0.2649812451228959,0.11859688350074893,44800.83237297456,6.879062468207921,5.649166666666667,71.43208333333332,0.975,22.31,5.413648266394331,12.39484587869936,9.868145458084841,2.398226863746264,1.4895591818824803,16.5,1.0239199852555598,1023.9199852555598,16894.679756716738,1,passes
AMLF_powerVel_linearK600_ID_powerVel_freewaterK600,AM,2022-10-31,5.5094119291922,0.019024588590490603,5.528436517782691,24,0.2655343184259738,0.1182883637553398,44777.49501768605,6.875910067977775,5.65125,71.71416666666667,0.975,22.31,5.3995598727376874,12.393779331304914,9.858327211605307,2.4044857845067926,1.486365015238877,16.5,1.0239199852555598,1023.9199852555598,16894.679756716738,1,passes
AMLF_powerVel_linearK600_ID_powerVel_freewaterK600,AM,2022-11-01,5.473963384849459,0.1774059947174082,5.651369379566868,24,0.2659487321270254,0.11805783628688699,44760.03559249105,6.873547997996634,5.680416666666667,71.51083333333334,0.975,22.31,5.394570443455738,12.466306073084448,9.861311274556517,2.4091770008173587,1.4839784384746748,16.5,1.0239199852555598,1023.9199852555598,16894.679756716738,1,passes
AMLF_powerVel_linearK600_ID_powerVel_freewaterK600,AM,2022-11-02,5.9523511259486535,0.452924418613939,6.405275544562593,24,0.2655511602642849,0.11827892185917871,44776.78238425997,6.875814073080403,5.7825,71.38041666666666,0.975,22.31,5.349760749903877,12.741587043983845,9.768092051174827,2.404676270902006,1.4862672526087375,16.5,1.0239199852555598,1023.9199852555598,16894.679756716738,1,passes
AMLF_powerVel_linearK600_ID_powerVel_freewaterK600,AM,2022-11-03,5.857209123406657,0.4016206951840561,6.258829818590713,24,0.2648113176624056,0.11869206807056171,44808.01915068496,6.880031018601832,5.75125,71.49249999999999,0.975,22.31,5.359999140639939,12.66770858664116,9.76560986185508,2.3963047462184814,1.4905447201913788,16.5,1.0239199852555598,1023.9199852555598,16894.679756716738,1,passes
AMLF_powerVel_linearK600_ID_powerVel_freewaterK600,AM,2022-11-04,5.661726917060123,0.6454264773260457,6.307153394386169,24,0.26445930066946727,0.11888955120169367,44822.9197156134,6.882037440613848,5.7683333333333335,71.11375,0.975,22.31,5.3694535127496446,12.717165379805493,9.772601200934663,2.392323616390855,1.4925895105752187,16.5,1.0239199852555598,1023.9199852555598,16894.679756716738,1,passes
AMLF_powerVel_linearK600_ID_powerVel_freewaterK600,AM,2022-11-05,5.69593254054894,0.2468906438054946,5.942823184354435,24,0.2645108320130346,0.11886060949782035,44820.737082379346,6.881743722912384,5.70125,71.5875,0.975,22.31,5.380523087472224,12.53853426870049,9.794166088887582,2.392906336663503,1.492289834865463,16.5,1.0239199852555598,1023.9199852555598,16894.679756716738,1,passes
AMLF_powerVel_linearK600_ID_powerVel_freewaterK600,AM,2022-11-06,6.448402412625012,0.08655078196830135,6.534953194593314,24,0.2655182143444853,0.11829759912148154,44778.18514433823,6.876001857818124,5.903529411764706,71.8335294117647,0.975,22.31,5.267837473236667,13.064926889919969,9.610337009368703,2.404304110196278,1.4864606779241718,16.5,1.0239199852555598,1023.9199852555598,16894.679756716738,1,passes
AMLF_powerVel_linearK600_ID_powerVel_freewaterK600,AM,2022-11-08,5.617953409272556,0.014167318859677636,5.632120728132234,24,0.2672335029244839,0.11734924775844358,44706.164720000546,6.866225077625946,5.833636363636364,71.37272727272727,0.975,22.31,5.324524864184308,12.852718613162455,9.781940699532118,2.4237346317896757,1.4766437972160913,16.5,1.0239199852555598,1023.9199852555598,16894.679756716738,1,passes
AMLF_powerVel_linearK600_ID_powerVel_freewaterK600,AM,2022-11-09,6.252636739239282,0.16210012116386258,6.414736860403145,24,0.27147504556742963,0.11506782088811149,44530.77873143839,6.842049186420592,5.86375,70.56833333333333,0.975,22.31,5.347343017049488,12.885056201239669,9.931460130124574,2.4719297635036264,1.4530398067289745,16.5,1.0239199852555598,1023.9199852555598,16894.679756716738,1,passes
AMLF_powerVel_linearK600_ID_powerVel_freewaterK600,AM,2022-11-10,0.19867535210057904,-1.070280365717502,-0.8716050136169229,24,0.2732454507378359,0.11413106266802284,44458.23678770552,6.8319582533822745,4.91375,70.74041666666666,0.975,22.31,5.81394241973887,10.364530487224753,10.853206148942302,2.492082834475555,1.44335107339772,16.5,1.0239199852555598,1023.9199852555598,16894.679756716738,1,passes
AMLF_powerVel_linearK600_ID_powerVel_freewaterK600,AM,2022-11-11,3.7971465341750448,-1.1893423947168231,2.6078041394582216,24,0.2693152480823466,0.11621883627122012,44619.628622968135,6.854359572857896,5.298333333333333,71.38,0.975,22.31,5.591534843284394,11.419186805295375,10.323055107603427,2.4473636292517953,1.4649462497633188,16.5,1.0239199852555598,1023.9199852555598,16894.679756716738,1,passes
AMLF_powerVel_linearK600_ID_powerVel_freewaterK600,AM,2022-11-12,4.563011469663595,-0.6817488264989179,3.8812626431646766,24,0.26840175118909365,0.11671088125937537,44657.431767427275,6.859566310916852,5.46625,71.27583333333334,0.975,22.31,5.512702431190914,11.871748046580322,10.149648404004754,2.4369856209330076,1.4700371677706947,16.5,1.0239199852555598,1023.9199852555598,16894.679756716738,1,passes
AMLF_powerVel_linearK600_ID_powerVel_freewaterK600,AM,2022-11-13,5.260355205535818,-0.262214343077923,4.998140862457896,24,0.26926817445268353,0.11624152748294661,44621.46290853597,6.854627882537929,5.649583333333333,70.45708333333333,0.975,22.31,5.459793949661403,12.34618847888842,10.077225112185046,2.4468225896063993,1.4651804921781615,16.5,1.0239199852555598,1023.9199852555598,16894.679756716738,1,passes
AMLF_powerVel_linearK600_ID_powerVel_freewaterK600,AM,2022-11-14,5.776746430453282,0.34039692507582586,6.117143355529108,24,0.2692020064390179,0.11627740855056186,44624.21139772121,6.855005026146826,5.81625,70.08541666666667,0.975,22.31,5.394642573221744,12.78718351395022,9.955126398909727,2.446071435402756,1.4655517817147237,16.5,1.0239199852555598,1023.9199852555598,16894.679756716738,1,passes
AMLF_powerVel_linearK600_ID_powerVel_freewaterK600,AM,2022-11-15,4.130863959120329,-0.4176213083363018,3.713242650784027,24,0.2678380745623848,0.11701823474724293,44680.91743844476,6.862779147837159,5.45,71.0425,0.975,22.31,5.531629008580512,11.8350576581696,10.167956552254946,2.43059054036804,1.4732179257534146,16.5,1.0239199852555598,1023.9199852555598,16894.679756716738,1,passes
AMLF_powerVel_linearK600_ID_powerVel_freewaterK600,AM,2022-11-16,6.2764916525499945,-0.10412526282062934,6.1723663897293655,24,0.26671238892068794,0.11763553922314306,44727.967958899644,6.869195316645541,5.77,70.66541666666666,0.975,22.31,5.389577089025592,12.694767591793276,9.874443435069036,2.417827377193947,1.479607003663899,16.5,1.0239199852555598,1023.9199852555598,16894.679756716738,1,passes
AMLF_powerVel_linearK600_ID_powerVel_freewaterK600,AM,2022-11-17,7.534059418302684,0.770770878293569,8.304830296596252,24,0.2668227116910678,0.11757477046602322,44723.345351997596,6.868566500311792,6.090833333333333,69.66041666666666,0.975,22.31,5.277468651398645,13.542484811123172,9.671873351992092,2.4190776110853967,1.478977997396976,16.5,1.0239199852555598,1023.9199852555598,16894.679756716738,1,passes
AMLF_powerVel_linearK600_ID_powerVel_freewaterK600,AM,2022-11-18,6.391776755211056,1.2331452584309561,7.624922013642012,24,0.26756306884565195,0.1171681817114927,44692.37543088614,6.864346621949353,6.034166666666667,69.20708333333333,0.975,22.31,5.328078334266558,13.383080715972946,9.785562688184445,2.4274705104656227,1.4747697051111195,16.5,1.0239199852555598,1023.9199852555598,16894.679756716738,1,passes
AMLF_powerVel_linearK600_ID_powerVel_freewaterK600,AM,2022-11-19,6.686240014502188,1.2419772263616211,7.928217240863809,24,0.2664253896034871,0.1177942725286782,44740.02073708572,6.870831151730259,6.05375,69.4675,0.975,22.31,5.305503997640064,13.4495927651326,9.712328427539886,2.4145764288399043,1.4812501462463092,16.5,1.0239199852555598,1023.9199852555598,16894.679756716738,1,passes
AMLF_powerVel_linearK600_ID_powerVel_freewaterK600,AM,2022-11-20,3.919342227210683,1.1230806172636512,5.042422844474334,24,0.2658214654662744,0.11812852003952493,44765.39270587344,6.874273390902798,5.67375,69.42291666666667,0.975,22.31,5.497346037074149,12.450116161639627,10.04541563981692,2.407736074135262,1.4847101837673218,16.5,1.0239199852555598,1023.9199852555598,16894.679756716738,1,passes
AMLF_powerVel_linearK600_ID_powerVel_freewaterK600,AM,2022-11-21,7.198804830907412,1.4110011495282573,8.60980598043567,24,0.26478996398007587,0.11870473434365424,44808.95182562137,6.880152730050777,6.114166666666667,69.97166666666666,0.975,22.31,5.2511677728225665,13.630234497307917,9.566489993814214,2.396064786002732,1.4906759967284082,16.5,1.0239199852555598,1023.9199852555598,16894.679756716738,1,passes
AMLF_powerVel_linearK600_ID_powerVel_freewaterK600,AM,2022-11-22,6.18961709733739,0.7382042681139929,6.927821365451383,24,0.2630558873113406,0.11968303493321102,44882.58272815238,6.89003659835393,5.845833333333333,70.62625,0.975,22.31,5.353540704742671,12.940103127174606,9.703334645666557,2.3764654690190965,1.5008065742364225,16.5,1.0239199852555598,1023.9199852555598,16894.679756716738,1,passes
AMLF_powerVel_linearK600_ID_powerVel_freewaterK600,AM,2022-11-23,6.572381749101099,0.7389716515051551,7.311353400606254,24,0.2625556255127337,0.11996807234247556,44903.94166537377,6.892887984237656,5.88375,70.85875,0.975,22.31,5.3234659319448445,13.046740941536383,9.634122995299753,2.3708175101159856,1.5037587276037216,16.5,1.0239199852555598,1023.9199852555598,16894.679756716738,1,passes
AMLF_powerVel_linearK600_ID_powerVel_freewaterK600,AM,2022-11-24,6.64184250022065,0.5759496276056163,7.217792127826266,24,0.2614367808732674,0.12061052975771652,44951.917642871995,6.899265160787895,5.8445833333333335,71.2925,0.975,22.31,5.3225355112326485,12.956828482470428,9.600677954916254,2.358196625492623,1.5104135920203507,16.5,1.0239199852555598,1023.9199852555598,16894.679756716738,1,passes
AMLF_powerVel_linearK600_ID_powerVel_freewaterK600,AM,2022-11-25,5.945274056273057,0.21084174354777255,6.15611579982083,24,0.2607389625551978,0.12101374481601364,44981.944348896606,6.903242576827036,5.683333333333334,71.63166666666666,0.975,22.31,5.387259728996668,12.536003519870626,9.696880299657098,2.3503305146932947,1.5145907190231418,16.5,1.0239199852555598,1023.9199852555598,16894.679756716738,1,passes
AMLF_powerVel_linearK600_ID_powerVel_freewaterK600,AM,2022-11-26,5.236175550997221,-0.046448766107731604,5.18972678488949,24,0.2617266957659847,0.12044344727224811,44939.46085957287,6.897612707542658,5.5720833333333335,71.30666666666667,0.975,22.31,5.458088187266397,12.227772680237281,9.853018634338575,2.361465619963913,1.5086827687187518,16.5,1.0239199852555598,1023.9199852555598,16894.679756716738,1,passes
AMLF_powerVel_linearK600_ID_powerVel_freewaterK600,AM,2022-11-27,4.39924939204932,0.17940416484113358,4.578653556890454,24,0.2620761594723758,0.12024243941166986,44924.461741731524,6.895620838721067,5.505416666666666,71.20083333333334,0.975,22.31,5.496565190810943,12.046907631833903,9.933407737855685,2.3654069248610536,1.506600578213714,16.5,1.0239199852555598,1023.9199852555598,16894.679756716738,1,passes
AMLF_powerVel_linearK600_ID_powerVel_freewaterK600,AM,2022-11-28,0.7360526515520793,0.11927563786818318,0.8553282894202625,24,0.2623957654537931,0.12005967705457514,44910.788612872384,6.893799152583318,5.045416666666667,70.51291666666667,0.975,22.31,5.759505395517733,10.820090038389575,10.418124935916273,2.369013832027095,1.5047075773513559,16.5,1.0239199852555598,1023.9199852555598,16894.679756716738,1,passes
AMLF_powerVel_linearK600_ID_powerVel_freewaterK600,AM,2022-11-29,7.111143626781168,1.2371401040925234,8.34828373087369,24,0.26366915234621285,0.11933509259722948,44856.46079476384,6.886541118050844,6.0441666666666665,70.75958333333334,0.975,22.31,5.2482529873625845,13.458737263262059,9.529345544603906,2.383392504247319,1.4972031757750872,16.5,1.0239199852555598,1023.9199852555598,16894.679756716738,1,passes
AMLF_powerVel_linearK600_ID_powerVel_freewaterK600,AM,2022-11-30,5.198473146412115,1.127186121613761,6.325659268025876,24,0.2634982893097455,0.11943177859672718,44863.728045379816,6.8875150010288975,5.78,70.73,0.975,22.31,5.3814131364647135,12.759699180886855,9.766506506240514,2.38146198448339,1.4982044398430883,16.5,1.0239199852555598,1023.9199852555598,16894.679756716738,1,passes
AMLF_powerVel_linearK600_ID_powerVel_freewaterK600,AM,2022-12-01,7.389607544709815,1.8334122234130388,9.223019768122853,24,0.2634807128657738,0.11944173624930325,44864.47610569473,6.887615183022339,6.191666666666666,69.80875,0.975,22.31,5.220024343936228,13.853045728620492,9.47304398294643,2.3812634205174965,1.498307561751999,16.5,1.0239199852555598,1023.9199852555598,16894.679756716738,1,passes
AMLF_powerVel_linearK600_ID_powerVel_freewaterK600,AM,2022-12-02,7.3464027415547815,1.618817689846617,8.965220431401399,24,0.26251351452648003,0.11999268880184356,44905.765504756244,6.893128007905439,6.13375,70.1625,0.975,22.31,5.232182151500223,13.711835457655964,9.467874619109772,2.3703434434984865,1.5040137933251434,16.5,1.0239199852555598,1023.9199852555598,16894.679756716738,1,passes
AMLF_powerVel_linearK600_ID_powerVel_freewaterK600,AM,2022-12-03,7.292364979749948,1.7150403672649075,9.007405347014856,24,0.26157631753734556,0.1205296864453458,44945.90451256259,6.8984698314716795,6.11875,70.64791666666666,0.975,22.31,5.216416201123379,13.68424888684586,9.412934738858642,2.3597690728837084,1.509576053786683,16.5,1.0239199852555598,1023.9199852555598,16894.679756716738,1,passes
AMLF_powerVel_linearK600_ID_powerVel_freewaterK600,AM,2022-12-04,7.3794795287524915,1.4157715267809363,8.795251055533427,24,0.261626824660679,0.12050091922846531,44943.74848398565,6.898181951607773,6.079166666666667,70.88625,0.975,22.31,5.224621277650634,13.578013163004274,9.42887546865304,2.3603393165900495,1.5092781111488687,16.5,1.0239199852555598,1023.9199852555598,16894.679756716738,1,passes
AMLF_powerVel_linearK600_ID_powerVel_freewaterK600,AM,2022-12-05,6.960966618000152,1.294742252052024,8.255708870052176,24,0.25831809484753504,0.12243689715397475,45087.114177209536,6.917041008022899,5.9679166666666665,71.09708333333333,0.975,22.2,5.279225062913879,13.325542394339314,9.433780641227731,2.323093527227377,1.5293381368216994,16.5,1.0239199852555598,1023.9199852555598,16894.679756716738,1,passes
AMLF_powerVel_linearK600_ID_powerVel_freewaterK600,AM,2022-12-06,8.104722739491626,1.7263537258612283,9.831076465352854,24,0.2549838360725545,0.12443808594107532,45233.6423883919,6.93604557409239,6.1425,71.06791666666666,0.975,22.2,5.193732867714906,13.836102221988863,9.18632936488037,2.2856662811170665,1.550082312242083,16.5,1.0239199852555598,1023.9199852555598,16894.679756716738,1,passes
AMLF_powerVel_linearK600_ID_powerVel_freewaterK600,AM,2022-12-07,7.592280845301738,1.8270462393116564,9.419327084613395,24,0.25496522610657757,0.12444877479549454,45234.440836258334,6.936151646941507,6.0929166666666665,71.01083333333334,0.975,22.2,5.221137547889824,13.702843750860078,9.2333983171363,2.2854564050193042,1.550193035619185,16.5,1.0239199852555598,1023.9199852555598,16894.679756716738,1,passes
AMLF_powerVel_linearK600_ID_powerVel_freewaterK600,AM,2022-12-08,7.732035143577977,1.8484911402490172,9.580526283826995,24,0.2550393062381569,0.12440359967708438,45231.15633692407,6.935729405942818,6.114583333333333,71.03208333333333,0.975,22.2,5.209387526337582,13.75992658744259,9.214811112334468,2.2862864833619954,1.549724638569118,16.5,1.0239199852555598,1023.9199852555598,16894.679756716738,1,passes
AMLF_powerVel_linearK600_ID_powerVel_freewaterK600,AM,2022-12-09,8.101882125624845,1.9535843161145563,10.055466441739402,24,0.2551986693279113,0.12430649385848815,45224.093709775225,6.9348210702158495,6.1850000000000005,70.81875,0.975,22.2,5.184163989257095,13.946164290518555,9.174610145045115,2.288072324613354,1.5487178113402267,16.5,1.0239199852555598,1023.9199852555598,16894.679756716738,1,passes
AMLF_powerVel_linearK600_ID_powerVel_freewaterK600,AM,2022-12-10,9.42114791092204,1.9717087343771709,11.39285664529921,24,0.25471514093134806,0.12460160332279398,45245.541931995685,6.937577079265871,6.349583333333333,70.91375000000001,0.975,22.2,5.09736243767128,14.393746579800434,9.007711556173533,2.282654823826546,1.551777684928715,16.5,1.0239199852555598,1023.9199852555598,16894.679756716738,1,passes
AMLF_powerVel_linearK600_ID_powerVel_freewaterK600,AM,2022-12-11,7.481445754825879,2.0215429645014904,9.50298871932737,24,0.2543656259429218,0.12481556445557312,45261.07158628909,6.9395692403841585,6.107083333333334,70.75083333333333,0.975,22.2,5.2260279845424105,13.748935694665182,9.2249372845983455,2.278740133005356,1.553996264225924,16.5,1.0239199852555598,1023.9199852555598,16894.679756716738,1,passes
AMLF_powerVel_linearK600_ID_powerVel_freewaterK600,AM,2022-12-12,9.420938792784655,2.2717659289127154,11.692704721697371,24,0.25400378186332606,0.12503788804430183,45277.181884852005,6.941631674700634,6.3933333333333335,70.63416666666667,0.975,22.2,5.088735317144669,14.521096348538936,8.972626190351583,2.2746890055228257,1.5563016812737858,16.5,1.0239199852555598,1023.9199852555598,16894.679756716738,1,passes
AMLF_powerVel_linearK600_ID_powerVel_freewaterK600,AM,2022-12-13,9.540708421302956,2.3518373273849185,11.892545748687875,24,0.2540459763173836,0.12501189985541286,45275.300729704315,6.9413911752841155,6.3429166666666665,70.39625,0.975,22.2,5.125261070415991,14.385144447393111,9.037944164209012,2.275161277688801,1.5560321831742183,16.5,1.0239199852555598,1023.9199852555598,16894.679756716738,1,passes
AMLF_powerVel_linearK600_ID_powerVel_freewaterK600,AM,2022-12-14,9.390156235389833,2.074934239093108,11.465090474482942,24,0.2536805140569544,0.12523729694135735,45291.606320065024,6.943474232462026,6.265,70.84916666666666,0.975,22.2,5.142753674948649,14.181447371285715,9.058503967068972,2.271071359089783,1.558369602594711,16.5,1.0239199852555598,1023.9199852555598,16894.679756716738,1,passes
AMLF_powerVel_linearK600_ID_powerVel_freewaterK600,AM,2022-12-15,7.0404277900433,1.8515037203066458,8.891931510349947,24,0.25247603976416505,0.12598444184588278,45345.517735316265,6.9503394798291716,5.9425,70.70416666666667,0.975,22.2,5.3107348259024745,13.333119950409946,9.319564534379694,2.257600602077571,1.5661183230904785,16.5,1.0239199852555598,1023.9199852555598,16894.679756716738,1,passes
AMLF_powerVel_linearK600_ID_powerVel_freewaterK600,AM,2022-12-16,9.297889839791713,3.085976304767025,12.383866144558738,24,0.2533704682737062,0.12542934109131437,45305.472544754644,6.9452414275029515,6.452916666666667,69.30333333333334,0.975,22.2,5.123325038459325,14.689487716504697,9.015214105477385,2.2676032691905843,1.5603612708049426,16.5,1.0239199852555598,1023.9199852555598,16894.679756716738,1,passes
AMLF_powerVel_linearK600_ID_powerVel_freewaterK600,AM,2022-12-17,9.469011619395358,3.078337149336405,12.547348768731762,24,0.2537581795859322,0.1251894804582301,45288.14451930352,6.943031555460512,6.47625,69.31208333333333,0.975,22.2,5.11141969670854,14.746676573678359,9.005558395150723,2.2719406886919966,1.5578737475220468,16.5,1.0239199852555598,1023.9199852555598,16894.679756716738,1,passes
AMLF_powerVel_linearK600_ID_powerVel_freewaterK600,AM,2022-12-18,9.659192748137487,3.142393653846854,12.801586401984341,24,0.2539100136450943,0.12509740756089407,45281.43345755853,6.9421661336070555,6.5175,69.02833333333334,0.975,22.2,5.104324767109683,14.855442729294074,8.99771611949279,2.273643056593102,1.5569191726208622,16.5,1.0239199852555598,1023.9199852555598,16894.679756716738,1,passes
AMLF_powerVel_linearK600_ID_powerVel_freewaterK600,AM,2022-12-19,9.54014648276791,3.3435870687479414,12.883733551515851,24,0.2570841358211701,0.12316923379925827,45141.005049281805,6.924074312102224,6.58875,68.92958333333333,0.975,21.92,5.097658007981388,14.998692917628903,9.073206093039307,2.309225014668873,1.5369281400833388,16.5,1.0239199852555598,1023.9199852555598,16894.679756716738,1,passes
AMLF_powerVel_linearK600_ID_powerVel_freewaterK600,AM,2022-12-20,7.486294693842648,2.7751861427287574,10.261480836571405,24,0.25316089349988097,0.12557119098198422,45315.32850545559,6.946435959152848,6.193333333333333,69.53416666666666,0.975,21.92,5.2648870356149535,13.997673695701595,9.259525656675383,2.265283204742092,1.5618342152506488,16.5,1.0239199852555598,1023.9199852555598,16894.679756716738,1,passes
AMLF_powerVel_linearK600_ID_powerVel_freewaterK600,AM,2022-12-21,7.911960318404237,2.9886913769839536,10.900651695388191,24,0.24968651429177394,0.12774879293233238,45471.73041402382,6.966239181898005,6.23875,69.42666666666666,0.975,21.92,5.247424191288576,14.168332241399767,9.128278805490694,2.226469963713629,1.584421702259299,16.5,1.0239199852555598,1023.9199852555598,16894.679756716738,1,passes
AMLF_powerVel_linearK600_ID_powerVel_freewaterK600,AM,2022-12-22,9.393253966242195,2.6165501593632903,12.009804125605486,24,0.25682695242015185,0.12333803579880456,45152.89421470798,6.925540202804321,6.42625,69.85916666666667,0.975,21.92,5.132709083130562,14.567042808206864,9.12686606264403,2.306368051235312,1.5386802640330952,16.5,1.0239199852555598,1023.9199852555598,16894.679756716738,1,passes
AMLF_powerVel_linearK600_ID_powerVel_freewaterK600,AM,2022-12-23,9.54174994403866,2.5896633304579386,12.131413274496598,24,0.2627751446935177,0.11984688647221257,44894.731085367246,6.891636771582528,6.53,69.03625,0.975,21.92,5.121569815282115,14.759971503249467,9.273605417132893,2.3733044391355986,1.5025042928750996,16.5,1.0239199852555598,1023.9199852555598,16894.679756716738,1,passes
AMLF_powerVel_linearK600_ID_powerVel_freewaterK600,AM,2022-12-24,10.315052082220943,3.99619743282854,14.311249515049482,23,0.2698914999059226,0.11592811074306159,44596.6235189506,6.851075059989251,7.0117391304347825,67.22043478260869,0.975,21.92,4.971290044673593,15.934048286641074,9.190522745381054,2.453956707858393,1.461942213436919,16.5,1.0239199852555598,1023.9199852555598,16894.679756716738,1,passes
AMLF_powerVel_linearK600_ID_powerVel_freewaterK600,AM,2022-12-25,10.071181889951717,3.586760343361021,13.657942233312738,24,0.28004642593671253,0.11068401529908534,44186.157198930516,6.793194140808327,6.99125,67.53458333333333,0.975,21.92,4.9657093718357626,15.733525456911364,9.444922802470886,2.5698725848809736,1.4077307122354592,16.5,1.0239199852555598,1023.9199852555598,16894.679756716738,1,passes
AMLF_powerVel_linearK600_ID_powerVel_freewaterK600,AM,2022-12-26,10.16855850742664,3.3971468526915953,13.565705360118235,24,0.2817020122779478,0.10986522645090584,44120.8186834767,6.783757650682891,6.983333333333333,67.795,0.975,21.92,4.956707876378217,15.690790034957637,9.472221659459773,2.5888606454221614,1.3992742517870929,16.5,1.0239199852555598,1023.9199852555598,16894.679756716738,1,passes
AMLF_powerVel_linearK600_ID_powerVel_freewaterK600,AM,2022-12-27,10.115647584630699,3.3358737665136555,13.451521351144354,24,0.2787184771755266,0.11133746336018593,44238.41949959446,6.800763166391533,6.922083333333333,68.23958333333333,0.975,21.92,4.965134967311321,15.572526331022452,9.411746806960027,2.554633806910742,1.4144787666457745,16.5,1.0239199852555598,1023.9199852555598,16894.679756716738,1,passes
AMLF_powerVel_linearK600_ID_powerVel_freewaterK600,AM,2022-12-28,9.9919940147821,3.271229102762926,13.263223117545024,24,0.27592396733798874,0.11274869647772967,44349.99430219776,6.8166912782819,6.855416666666667,68.6375,0.975,21.92,4.978981188056069,15.436601493634166,9.365053677529918,2.522657733903956,1.4290607520767304,16.5,1.0239199852555598,1023.9199852555598,16894.679756716738,1,passes
AMLF_powerVel_linearK600_ID_powerVel_freewaterK600,AM,2022-12-29,10.251223811826081,2.8549282101711984,13.10615202199728,24,0.27167589260732644,0.11496138962300322,44522.54230109685,6.84090440099835,6.74375,69.64875,0.975,21.92,4.985339466005666,15.202485702587602,9.265767658393536,2.474215697209064,1.4519389738872353,16.5,1.0239199852555598,1023.9199852555598,16894.679756716738,1,passes
AMLF_powerVel_linearK600_ID_powerVel_freewaterK600,AM,2022-12-30,11.12753487443807,2.645422669395704,13.772957543833773,24,0.26447199374671593,0.1188938870885923,44822.86238148529,6.8819650927724005,6.715833333333333,70.18541666666667,0.975,21.92,4.972792573561924,15.231905949291304,9.052269861127948,2.3924927912230687,1.4926365164133286,16.5,1.0239199852555598,1023.9199852555598,16894.679756716738,1,passes
AMLF_powerVel_linearK600_ID_powerVel_freewaterK600,AM,2022-12-31,7.4423948013537595,2.2013390319634962,9.643733833317256,24,0.25885033650558126,0.12212016775685824,45063.83461990688,6.9140073437400975,6.130833333333333,70.82958333333333,0.975,21.92,5.233931039411253,13.753294998993198,9.36818272978376,2.329073610666385,1.5260553830654078,16.5,1.0239199852555598,1023.9199852555598,16894.679756716738,1,passes
AMLF_powerVel_linearK600_ID_powerVel_freewaterK600,AM,2023-01-01,9.425899024226707,2.407531573341186,11.833430597567894,24,0.258846966533142,0.12212090230846911,45063.929851142675,6.91402655186646,6.399583333333333,70.70375,0.975,21.92,5.105635092942995,14.46905139127422,9.137200046730733,2.329033045689051,1.526062784667946,16.5,1.0239199852555598,1023.9199852555598,16894.679756716738,1,passes
AMLF_powerVel_linearK600_ID_powerVel_freewaterK600,AM,2023-01-02,10.299739618475893,2.293855258817957,12.59359487729385,24,0.2590932010641299,0.12197637019261318,45053.24164751174,6.912623067395529,6.480833333333333,70.92958333333333,0.975,21.92,5.054573591489802,14.682362126891517,9.052721718216086,2.331803865730303,1.5245651067499324,16.5,1.0239199852555598,1023.9199852555598,16894.679756716738,1,passes
AMLF_powerVel_linearK600_ID_powerVel_freewaterK600,AM,2023-01-03,11.62695619292538,2.5132359998197686,14.140192192745149,24,0.2559442644010232,0.12385725739732857,45191.2564111712,6.930571336831516,6.576666666666666,70.83733333333333,0.975,22.56,4.957750649199945,14.975341178302934,8.81661710124092,2.296437998320386,1.544060773577195,16.5,1.0239199852555598,1023.9199852555598,16894.679756716738,1,passes
AMLF_powerVel_linearK600_ID_powerVel_freewaterK600,AM,2023-01-04,4.92301106431961,1.3761429063328199,6.29915397065243,24,0.254531395300674,0.1247149264859554,45253.74004638945,6.938624390291736,5.620833333333334,70.94166666666666,0.975,22.56,5.430161536523016,12.444565969970451,9.590561331143135,2.280598521468855,1.552952872759514,16.5,1.0239199852555598,1023.9199852555598,16894.679756716738,1,passes
AMLF_powerVel_linearK600_ID_powerVel_freewaterK600,AM,2023-01-05,9.128416009063903,1.3304607613555146,10.458876770419417,24,0.2629732074015917,0.11978550352269227,44888.42326831181,6.890507856259656,6.215,70.46125,0.975,22.56,5.1562810448800365,13.920771389798764,9.341162608564753,2.3756546862141557,1.501877817385464,16.5,1.0239199852555598,1023.9199852555598,16894.679756716738,1,passes
AMLF_powerVel_linearK600_ID_powerVel_freewaterK600,AM,2023-01-06,8.24680074406309,1.2776863015464346,9.524487045609526,24,0.2888034938174928,0.10665147125477695,43854.05663522344,6.743280715862396,6.427083333333333,68.9925,0.975,22.56,5.121711639371717,14.14703039896617,9.965546413037794,2.671117749015173,1.3661549191797073,16.5,1.0239199852555598,1023.9199852555598,16894.679756716738,1,passes
AMLF_powerVel_linearK600_ID_powerVel_freewaterK600,AM,2023-01-07,7.4512208154230155,0.529271623821692,7.980492439244707,24,0.31738508847791613,0.09469560675770454,42827.17104654334,6.580371703469207,6.508333333333333,68.95833333333333,0.975,22.56,5.083139142902446,14.022960529144765,10.609543408822521,3.005223249561666,1.2432297611209744,16.5,1.0239199852555598,1023.9199852555598,16894.679756716738,1,passes
AMLF_powerVel_linearK600_ID_powerVel_freewaterK600,AM,2023-01-08,8.178095311058051,-0.11460209764864374,8.063493213409407,24,0.3255349485452689,0.09169663716047512,42554.28539677688,6.533919233952047,6.555416666666667,69.40458333333333,0.975,22.56,5.037803565561431,14.054616083967158,10.71392759465468,3.101822020802269,1.2125291866221073,16.5,1.0239199852555598,1023.9199852555598,16894.679756716738,1,passes
AMLF_powerVel_linearK600_ID_powerVel_freewaterK600,AM,2023-01-09,7.665949197444276,-0.25861542986769187,7.407333767576585,24,0.31931007534473393,0.09393955678926097,42760.31663438578,6.569399687629328,6.399583333333333,69.83625,0.975,22.56,5.0942473560288875,13.730974034124586,10.687687535945624,3.0278712148753133,1.235471420962539,16.5,1.0239199852555598,1023.9199852555598,16894.679756716738,1,passes
AMLF_powerVel_linearK600_ID_powerVel_freewaterK600,AM,2023-01-10,8.228042118365043,0.4094574650618869,8.63749958342693,24,0.3168026790663715,0.0948659764961327,42844.47338536351,6.5836913132800134,6.570833333333334,69.08291666666666,0.975,22.56,5.0455555414817805,14.19119442652118,10.523993355916312,2.9981668212963055,1.2449568292773137,16.5,1.0239199852555598,1023.9199852555598,16894.679756716738,1,passes
AMLF_powerVel_linearK600_ID_powerVel_freewaterK600,AM,2023-01-11,8.2962456326593,0.1568158723946707,8.45306150505397,24,0.31947448814234547,0.09387538102677027,42754.62464357419,6.5684625696412695,6.552083333333333,69.5,0.975,22.56,5.034968345954186,14.113437523683956,10.565192584512356,3.0298066308851226,1.234812990776108,16.5,1.0239199852555598,1023.9199852555598,16894.679756716738,1,passes
AMLF_powerVel_linearK600_ID_powerVel_freewaterK600,AM,2023-01-12,8.0024003656182785,-0.33100700798768695,7.671393357630592,24,0.32022775528454395,0.09359892891578189,42729.43615776563,6.564169107094418,6.425416666666667,70.20708333333333,0.975,22.56,5.063555514498068,13.784977045006313,10.64373098065818,3.0387369613781314,1.2319831829276842,16.5,1.0239199852555598,1023.9199852555598,16894.679756716738,1,passes
AMLF_powerVel_linearK600_ID_powerVel_freewaterK600,AM,2023-01-13,6.361172166182723,-0.3255659502749574,6.035606215907766,24,0.32022300623320415,0.09360111734809697,42729.61758457508,6.564196175677287,6.265,69.15625,0.975,22.56,5.194381084073713,13.379574739441177,10.918999807858768,3.03868227096375,1.232005761112521,16.5,1.0239199852555598,1023.9199852555598,16894.679756716738,1,passes
AMLF_powerVel_linearK600_ID_powerVel_freewaterK600,AM,2023-01-14,8.601301504147507,0.5921756243670195,9.193477128514527,24,0.3280058797032255,0.09085216869001665,42474.867846402754,6.5198354517342665,6.783333333333333,68.02708333333334,0.975,22.56,4.9914105217593425,14.601450535569992,10.6721391279611,3.1313490366593486,1.2039103911299782,16.5,1.0239199852555598,1023.9199852555598,16894.679756716738,1,passes
AMLF_powerVel_linearK600_ID_powerVel_freewaterK600,AM,2023-01-15,7.983968269321647,0.1263237470918678,8.110292016413515,24,0.3458286344575342,0.08504994207394742,41917.4317255648,6.418249539203959,6.800833333333333,68.06625,0.975,22.56,4.981198656139485,14.452353340423956,11.052011042403013,3.345507007828862,1.1448252499980538,16.5,1.0239199852555598,1023.9199852555598,16894.679756716738,1,passes
AMLF_powerVel_linearK600_ID_powerVel_freewaterK600,AM,2023-01-16,7.000212528534214,-0.5139267535624052,6.486285774971809,24,0.3612363676409111,0.08051953751154389,41462.00233021364,6.330428736133185,6.7941666666666665,68.47749999999999,0.975,22.56,4.9643541713455175,14.279351450275094,11.349297699543216,3.5327460243253945,1.0989355591538845,16.5,1.0239199852555598,1023.9199852555598,16894.679756716738,1,passes
AMLF_powerVel_linearK600_ID_powerVel_freewaterK600,AM,2023-01-17,7.111300715181816,-1.3274147729724939,5.783885942209322,24,0.3664073352204994,0.07909358539611608,41314.48399249963,6.300955320408261,6.7004166666666665,69.43416666666667,0.975,22.56,4.964212862751649,14.000220420151832,11.459890594386934,3.596029337289721,1.0845470973832632,16.5,1.0239199852555598,1023.9199852555598,16894.679756716738,1,passes
AMLF_powerVel_linearK600_ID_powerVel_freewaterK600,AM,2023-01-18,6.9247779433065855,-2.2105610578548713,4.714216885451714,24,0.364411131077012,0.07963561478488466,41370.946743405686,6.312333259582559,6.52625,70.50791666666666,0.975,21.94,5.050279328277857,13.593960182966617,11.617490865289154,3.571557776751835,1.0900109723748472,16.5,1.0239199852555598,1023.9199852555598,16894.679756716738,1,passes
AMLF_powerVel_linearK600_ID_powerVel_freewaterK600,AM,2023-01-19,6.753332668830245,-2.1775811361473103,4.5757515326829346,24,0.36389101809062435,0.07977775542960808,41385.71103242378,6.315297793015769,6.5008333333333335,70.645,0.975,21.94,5.0566698414531395,13.535951659899164,11.620197302098427,3.565186262380355,1.0914444101967784,16.5,1.0239199852555598,1023.9199852555598,16894.679756716738,1,passes
AMLF_powerVel_linearK600_ID_powerVel_freewaterK600,AM,2023-01-20,7.766049809129897,-1.8941441562169292,5.871905652912968,24,0.36223246383664093,0.08023627567442154,41433.09431882015,6.324751199612816,6.679583333333333,69.94833333333334,0.975,21.94,5.000566965557874,13.991057315073459,11.457612570506425,3.544894532724012,1.096071840223826,16.5,1.0239199852555598,1023.9199852555598,16894.679756716738,1,passes
AMLF_powerVel_linearK600_ID_powerVel_freewaterK600,AM,2023-01-21,3.199554750640352,-1.422914145378758,1.7766406052615942,24,0.3577964560383087,0.08148047887415698,41560.84617771055,6.350035500855652,6.159166666666667,68.99291666666667,0.975,21.94,5.306800047329359,12.753476544262092,12.057759112298758,3.4907085382980516,1.1086398032892166,16.5,1.0239199852555598,1023.9199852555598,16894.679756716738,1,passes
AMLF_powerVel_linearK600_ID_powerVel_freewaterK600,AM,2023-01-22,5.4912987238674384,-2.140023540993298,3.3512751828741405,24,0.3580926745217367,0.08139607613581389,41552.24027673712,6.348347118483668,6.302083333333333,70.42458333333333,0.975,21.94,5.166255734821823,13.101529187160777,11.74386335675957,3.49432050061988,1.107786410491362,16.5,1.0239199852555598,1023.9199852555598,16894.679756716738,1,passes
AMLF_powerVel_linearK600_ID_powerVel_freewaterK600,AM,2023-01-23,7.671769625091544,-1.8854771461604165,5.786292478931127,24,0.36139027864426215,0.08047353719553145,41457.40916828183,6.329551476139463,6.672916666666667,69.58166666666666,0.975,21.94,5.021657037931487,13.982915346981986,11.487987722985254,3.534612526583886,1.098469144281533,16.5,1.0239199852555598,1023.9199852555598,16894.679756716738,1,passes
AMLF_powerVel_linearK600_ID_powerVel_freewaterK600,AM,2023-01-24,7.627412683099307,-2.097386851167843,5.530025831931464,24,0.38663959518670166,0.07409389888622842,40771.69241913357,6.18563574049202,6.858333333333333,69.08958333333334,0.975,21.94,4.9536336002066825,14.196886801114685,11.837073865743417,3.8467362371002367,1.0344913427219813,16.5,1.0239199852555598,1023.9199852555598,16894.679756716738,1,passes
AMLF_powerVel_linearK600_ID_powerVel_freewaterK600,AM,2023-01-25,-0.7407645351704872,-4.8242440885415085,-5.565008623711996,24,0.4609480008883576,0.05966456555936778,39032.44258518828,5.762093627842453,5.877916666666667,70.25458333333333,0.975,21.94,5.386236410577051,11.322145660054417,14.274794953300875,4.793732491053773,0.8934894433581005,16.5,1.0239199852555598,1023.9199852555598,16894.679756716738,1,passes
AMLF_powerVel_linearK600_ID_powerVel_freewaterK600,AM,2023-01-26,3.058892256605255,-5.480485712447563,-2.421593455842308,24,0.5684321800112169,0.0458983414888466,37038.66273729763,5.149456660702062,6.761666666666667,69.07833333333333,0.975,21.94,5.001943948234885,12.674011520833826,14.596423079509382,6.229284755375127,0.7690981697767019,16.5,1.0239199852555598,1023.9199852555598,16894.679756716738,1,passes
AMLF_powerVel_linearK600_ID_powerVel_freewaterK600,AM,2023-01-27,1.2101130326521925,-6.489508547072093,-5.2793955144199005,24,0.6828592806867902,0.036439181035441914,35372.86496698472,4.497246516952241,6.8620833333333335,68.37541666666667,0.975,21.94,4.986880579348051,12.317641689940608,15.278157012972404,7.833002031010131,0.6995332626374448,16.5,1.0239199852555598,1023.9199852555598,16894.679756716738,1,passes
AMLF_powerVel_linearK600_ID_powerVel_freewaterK600,AM,2023-01-28,-0.2944968119612007,-6.347290008949672,-6.641786820910873,24,0.7872505874184909,0.03045846081179033,34131.533944018505,3.902238264818416,6.80625,68.61541666666666,0.975,21.94,5.003254830110593,11.776049166611502,15.349142293608125,9.35585889075926,0.6742878009752266,16.5,1.0239199852555598,1023.9199852555598,16894.679756716738,1,passes
AMLF_powerVel_linearK600_ID_powerVel_freewaterK600,AM,2023-01-29,-2.103602147435971,-6.772051551037238,-8.87565369847321,24,0.874835754930255,0.02667680886562384,33240.63867303954,3.4030214328271984,6.3725,70.56208333333333,0.975,21.94,5.124691889750671,10.614591442252223,15.246937016638881,10.673710736090698,0.6774552443586379,16.5,1.0239199852555598,1023.9199852555598,16894.679756716738,1,passes
AMLF_powerVel_linearK600_ID_powerVel_freewaterK600,AM,2023-01-30,-1.33083462897181,-8.015161641103251,-9.345996270075062,24,0.955202856133849,0.023898198105379864,32517.830721178805,2.944946044048763,6.068333333333333,71.27666666666667,0.975,21.94,5.242851829700961,9.79629669465796,14.747808455200968,11.912953962384462,0.701620394530253,16.5,1.0239199852555598,1023.9199852555598,16894.679756716738,1,passes
AMLF_powerVel_linearK600_ID_powerVel_freewaterK600,AM,2023-01-31,-2.1490860941676315,-7.934712331573281,-10.083798425740913,24,1.0261520196992724,0.02183637425202148,31938.24322383833,2.540550897315727,5.60875,71.45625,0.975,21.94,5.464083842916031,8.75057427758385,14.274609010238109,13.028113247216934,0.7428733022446128,16.5,1.0239199852555598,1023.9199852555598,16894.679756716738,1,passes
AMLF_powerVel_linearK600_ID_powerVel_freewaterK600,AM,2023-02-01,-1.9818014500043764,-12.470769678941686,-14.452571128946062,24,0.934137670147103,0.024624013988332166,32707.010929787095,3.0650131251809265,5.16875,70.885,0.975,21.94,5.710879432511813,8.139474003933572,16.239840254151378,11.588082333746387,0.6953354310494323,16.5,1.0239199852555598,1023.9199852555598,16894.679756716738,1,passes
AMLF_powerVel_linearK600_ID_powerVel_freewaterK600,AM,2023-02-02,0.6037760980391266,-12.59620643817353,-11.992430340134403,24,0.8084621018514079,0.029428828864303834,33901.116248890445,3.7813371426562132,5.850833333333333,71.26875,0.975,21.94,5.35217293094424,9.797328601000338,16.343543043409735,9.670787889130121,0.6724232862654278,16.5,1.0239199852555598,1023.9199852555598,16894.679756716738,1,passes
AMLF_powerVel_linearK600_ID_powerVel_freewaterK600,AM,2023-02-03,-2.635841726400385,-14.094542653469437,-16.73038437986982,24,0.8340125161711059,0.028301394843888907,33637.79766330026,3.635705213699412,5.2575,69.67625,0.975,21.94,5.724684133410032,8.517313060070183,17.359951121966304,10.054111056763672,0.6725744233821407,16.5,1.0239199852555598,1023.9199852555598,16894.679756716738,1,passes
AMLF_powerVel_linearK600_ID_powerVel_freewaterK600,AM,2023-02-04,2.332677152563998,-10.581389784428842,-8.248712631864844,24,0.8697799059027903,0.026846442950387423,33285.48533091162,3.4318386972821395,6.305833333333333,68.53291666666667,0.975,21.94,5.257949142568442,10.498559067773739,15.699087628455565,10.595596351502174,0.6758998100364967,16.5,1.0239199852555598,1023.9199852555598,16894.679756716738,1,passes
AMLF_powerVel_linearK600_ID_powerVel_freewaterK600,AM,2023-02-05,0.5803137995997593,-12.665081054565329,-12.08476725496557,24,0.8956520103851027,0.02588075275513211,33042.50548956388,3.2843732027979167,5.8075,69.67333333333333,0.975,21.94,5.4502257965852445,9.445959810190843,16.040234889930506,10.99101420236649,0.680853434390754,16.5,1.0239199852555598,1023.9199852555598,16894.679756716738,1,passes
AMLF_powerVel_linearK600_ID_powerVel_freewaterK600,AM,2023-02-06,1.2390711211411216,-12.864755618709612,-11.625684497568491,24,0.9207103555451144,0.02500236142705948,32815.233209041246,3.1415459634249574,5.80625,69.65166666666667,0.975,21.94,5.452093545647799,9.378786664246316,15.779288360524342,11.376673520339725,0.6876477189590965,16.5,1.0239199852555598,1023.9199852555598,16894.679756716738,1,passes
AMLF_powerVel_linearK600_ID_powerVel_freewaterK600,AM,2023-02-07,0.1127585532575905,-12.165910459915345,-12.053151906657755,24,0.9388890820208207,0.024397786584206077,32655.100734522974,3.037931087771291,5.65,69.10130434782609,0.975,21.94,5.5579091697333975,9.033533319724048,15.860892034781594,11.658087472700853,0.6938960797167735,16.5,1.0239199852555598,1023.9199852555598,16894.679756716738,1,passes
AMLF_powerVel_linearK600_ID_powerVel_freewaterK600,AM,2023-02-08,0.2983995988903564,-12.881129798887232,-12.582730199996876,24,0.951511443672978,0.023993549575876766,32546.21767794667,2.965986310187906,5.475652173913043,69.96173913043478,0.975,21.94,5.602654609007597,8.66795670888929,15.818856334829745,11.854305523181951,0.698946445312718,16.5,1.0239199852555598,1023.9199852555598,16894.679756716738,1,passes
AMLF_powerVel_linearK600_ID_powerVel_freewaterK600,AM,2023-02-09,0.7922555921892905,-13.798999360171662,-13.006743767982371,24,0.9613747762996004,0.023686290707916998,32462.431697794906,2.909767411410591,5.434166666666667,70.40416666666667,0.975,21.94,5.601916745326433,8.565674291580645,15.677015131920204,12.008105222692343,0.7033292304440768,16.5,1.0239199852555598,1023.9199852555598,16894.679756716738,1,passes
AMLF_powerVel_linearK600_ID_powerVel_freewaterK600,AM,2023-02-10,-9.51738073677895,-15.152929036683302,-24.67030977346225,24,0.9785505590996206,0.023168974968905597,32319.239191651384,2.8118691014570976,3.638333333333333,70.32208333333334,0.975,21.94,6.50267743143421,5.092508391814401,17.897292303537554,12.276936594735343,0.7119618136638878,16.5,1.0239199852555598,1023.9199852555598,16894.679756716738,1,passes
AMLF_powerVel_linearK600_ID_powerVel_freewaterK600,AM,2023-02-11,-9.044969221122358,-12.519899408994757,-21.564868630117115,24,1.0127626859735765,0.022198939486901915,32043.455825759316,2.6168672526405854,4.02625,69.24916666666667,0.975,21.94,6.3607767531938135,5.785399005197871,16.85741083591246,12.8160489759013,0.7332176623331961,16.5,1.0239199852555598,1023.9199852555598,16894.679756716738,1,passes
AMLF_powerVel_linearK600_ID_powerVel_freewaterK600,AM,2023-02-12,-0.7051123697710427,-12.169074822517933,-12.874187192288975,24,1.086442010512241,0.020351480378578847,31488.966984589304,2.196910768861476,4.928333333333334,68.55625,0.975,21.94,5.943870467679057,7.345329770868816,14.260088469211091,13.9933001613839,0.8033874357012659,16.5,1.0239199852555598,1023.9199852555598,16894.679756716738,1,passes
AMLF_powerVel_linearK600_ID_powerVel_freewaterK600,AM,2023-02-13,0.5857464058390703,-4.911007191704694,-4.325260785865623,24,1.2269489013922503,0.017501741308756574,30550.00128348492,1.3960513661705751,5.269166666666667,64.775,0.975,21.94,5.969943572625476,7.733199171505573,10.353892364233698,16.292968561091374,1.1205285578084987,16.5,1.0239199852555598,1023.9199852555598,16894.679756716738,1,passes
AMLF_powerVel_linearK600_ID_powerVel_freewaterK600,AM,2023-02-14,8.170027524813124,6.669180736395884,14.839208261209007,24,1.4150290631634048,0.014644246439496439,29480.086332959698,0.3622816807842058,6.70375,60.382083333333334,0.975,21.94,5.497306480291716,9.997774840401373,2.703241275498306,19.472551225663175,9.359885118166739,16.5,1.0239199852555598,1023.9199852555598,16894.679756716738,0.4166666666666667,too fast
AMLF_powerVel_linearK600_ID_powerVel_freewaterK600,AM,2023-02-15,10.203949778676188,10.345328228148597,20.549278006824785,24,1.6113720417073063,0.012440116533415839,28535.696395676223,0.05,7.317083333333334,60.01375,0.975,21.94,5.226144189399411,10.706934572260792,0.42051403139236493,22.904747671129215,21.496521369742567,16.5,1.0239199852555598,1023.9199852555598,16894.679756716738,0,too fast
AMLF_powerVel_linearK600_ID_powerVel_freewaterK600,AM,2023-02-16,10.419494922010795,10.645764954027541,21.065259876038336,24,1.779742665294045,0.010977923496483712,27832.995654282935,0.05,7.658333333333333,58.10875,0.975,21.94,5.156650652370539,11.010320935988656,0.458835161968092,25.93206435149573,18.969851801923852,16.5,1.0239199852555598,1023.9199852555598,16894.679756716738,0,too fast
AMLF_powerVel_linearK600_ID_powerVel_freewaterK600,AM,2023-02-17,10.15435913074278,10.159316674815907,20.313675805558688,24,1.9112971885111945,0.010038036356219245,27340.117594039315,0.05,7.557083333333333,58.67375,0.975,21.94,5.172581943564239,10.65154601235994,0.4942949809078363,28.348662911763274,17.345726823546855,16.5,1.0239199852555598,1023.9199852555598,16894.679756716738,0,too fast
AMLF_powerVel_linearK600_ID_powerVel_freewaterK600,AM,2023-02-18,10.29245336048638,10.05124136393302,20.3436947244194,24,2.019729908142836,0.009367317877014262,26965.03921772588,0.05,7.659166666666667,58.71208333333333,0.975,21.94,5.119300713998213,10.668755842034646,0.5170094795377241,30.37244237398075,16.186725291480645,16.5,1.0239199852555598,1023.9199852555598,16894.679756716738,0,too fast
AMLF_powerVel_linearK600_ID_powerVel_freewaterK600,AM,2023-02-19,9.907502073995127,9.556999324569684,19.464501398564813,24,2.1050475447177353,0.008894030858485632,26687.204719950125,0.05,7.464583333333334,58.80833333333334,0.975,21.94,5.210732645745877,10.251531988751514,0.5484898519212297,31.984075455504975,15.36888532346317,16.5,1.0239199852555598,1023.9199852555598,16894.679756716738,0,too fast
AMLF_powerVel_linearK600_ID_powerVel_freewaterK600,AM,2023-02-20,9.304983501918793,9.029865623939815,18.334849125858607,24,2.165629188013588,0.008583379696657244,26498.33784156821,0.05,7.18125,58.98875,0.975,21.94,5.341386834435266,9.734356387392895,0.5783950693793811,33.13843790702204,14.832080115823718,16.5,1.0239199852555598,1023.9199852555598,16894.679756716738,0,too fast
AMLF_powerVel_linearK600_ID_powerVel_freewaterK600,AM,2023-02-21,9.033030705159398,9.148144397723,18.1811751028824,24,2.197188468359487,0.008429135406287194,26402.53346699732,0.05,7.169583333333334,59.307916666666664,0.975,21.94,5.328072534843956,9.68072033360994,0.5853363783119258,33.74298671688208,14.56554598206427,16.5,1.0239199852555598,1023.9199852555598,16894.679756716738,0,too fast
AMLF_powerVel_linearK600_ID_powerVel_freewaterK600,AM,2023-02-22,8.810598604216901,8.276716318334923,17.087314922551826,24,2.1973411758863834,0.008428403008445757,26402.074716867803,0.05,6.81125,60.24375,0.975,21.94,5.4516282899938595,9.120339510219152,0.5989271441883216,33.745918082709515,14.564280398594267,16.5,1.0239199852555598,1023.9199852555598,16894.679756716738,0,too fast
AMLF_powerVel_linearK600_ID_powerVel_freewaterK600,AM,2023-02-23,7.844852097568936,7.980632787196378,15.825484884765315,24,2.1624864796050782,0.00859912788084893,26508.01143740198,0.05,6.403333333333333,61.37625,0.975,21.94,5.589696654933283,8.517140183239063,0.6043977408564052,33.0784031086261,14.859292978106952,16.5,1.0239199852555598,1023.9199852555598,16894.679756716738,0,too fast
AMLF_powerVel_linearK600_ID_powerVel_freewaterK600,AM,2023-02-24,6.944501498551218,6.925066641457206,13.869568140008424,24,2.091587765352118,0.008966031049660428,26730.16442475394,0.05,5.744583333333333,62.64333333333334,0.975,21.94,5.847211967919292,7.545381408681857,0.611407124389896,31.7288079181161,15.493301653813218,16.5,1.0239199852555598,1023.9199852555598,16894.679756716738,0,too fast
AMLF_powerVel_linearK600_ID_powerVel_freewaterK600,AM,2023-02-25,4.678156317731316,4.04445233533024,8.722608653061556,24,2.005312139403618,0.009451008480222237,27013.192243079753,0.05,4.101666666666667,64.05791666666667,0.975,21.94,6.590738326993454,4.995253310121919,0.6603533161911866,30.10147397161486,16.331342653824024,16.5,1.0239199852555598,1023.9199852555598,16894.679756716738,0,too fast
AMLF_powerVel_linearK600_ID_powerVel_freewaterK600,AM,2023-02-26,-0.8009715405019497,-1.4922459914545179,-2.2932175319564676,24,1.9234759599829918,0.009956206139685352,27295.996569692095,0.05,0.7508333333333334,66.41416666666666,0.975,21.94,8.141379172817006,-0.36376733564019753,0.7828414303380363,28.573855867026978,17.20432420937629,16.5,1.0239199852555598,1023.9199852555598,16894.679756716738,0,too fast
AMLF_powerVel_linearK600_ID_powerVel_freewaterK600,AM,2023-02-27,-1.7068144845690552,-1.624814560641199,-3.331629045210254,24,1.839257532343336,0.010530040931896818,27603.428164842873,0.05,0.4175,68.255,0.975,21.94,8.214191528355846,-0.9103375340595796,0.7554769885455475,27.018891390385424,18.1959107303177,16.5,1.0239199852555598,1023.9199852555598,16894.679756716738,0,too fast
AMLF_powerVel_linearK600_ID_powerVel_freewaterK600,AM,2023-02-28,-0.30127754466786316,-1.2171887706238367,-1.5184663152917,24,1.745388333906483,0.01124350704273733,27967.515657417192,0.05,0.9329166666666666,69.46708333333333,0.975,21.94,7.8968127799769645,-0.07010204709922414,0.6891311105466258,25.306599151274046,19.428780169850107,16.5,1.0239199852555598,1023.9199852555598,16894.679756716738,0,too fast
AMLF_powerVel_linearK600_ID_powerVel_freewaterK600,AM,2023-03-01,0.7197379499662945,-1.181986361685929,-0.4622484117196345,24,1.6504740679456886,0.012057586402567882,28361.20617612156,0.05,1.17,70.09708333333333,0.975,21.94,7.747943894144433,0.32923592140459595,0.6395986402499225,23.598300557158286,20.8355093036373,16.5,1.0239199852555598,1023.9199852555598,16894.679756716738,0,too fast
AMLF_powerVel_linearK600_ID_powerVel_freewaterK600,AM,2023-03-02,1.3375896430222858,-0.41082438858775416,0.9267652544345316,24,1.5617053193867638,0.012919982767987039,28755.79784228979,0.05,1.59,70.53166666666667,0.975,21.94,7.516982582661055,1.0507338034081992,0.5873511761909334,22.02257993065606,22.3257302230816,16.5,1.0239199852555598,1023.9199852555598,16894.679756716738,0,too fast
AMLF_powerVel_linearK600_ID_powerVel_freewaterK600,AM,2023-03-03,1.5376410767590603,-0.06439201887556308,1.4732490578834971,24,1.4805687193966999,0.013810645639832385,29141.796353983562,0.06637948727605009,1.81125,70.47208333333333,0.975,21.94,7.409308802860144,1.4471823568949636,0.710557827953215,20.60176528782785,20.583391085116755,16.5,1.0239199852555598,1023.9199852555598,16894.679756716738,0,too fast
AMLF_powerVel_linearK600_ID_powerVel_freewaterK600,AM,2023-03-04,-0.9969668627259171,-3.164697174957149,-4.1616640376830665,24,1.40513593929354,0.014743572862935213,29525.243812712273,0.3804231372123688,1.9158333333333333,71.07166666666666,0.975,21.94,7.328389956361688,1.6502737539312584,3.8214278691157593,19.298224943318857,3.7466651549933148,16.5,1.0239199852555598,1023.9199852555598,16894.679756716738,0.4166666666666667,too fast
AMLF_powerVel_linearK600_ID_powerVel_freewaterK600,AM,2023-03-05,-2.776136016079524,-5.735697751899001,-8.511833767978525,24,1.331406588830006,0.01577145152088043,29925.811887467753,0.8006647581264567,2.7016666666666667,70.42375,0.975,21.94,6.966941793574787,3.066360376976383,7.322277260965645,18.040953620396163,1.7361816329498252,16.5,1.0239199852555598,1023.9199852555598,16894.679756716738,1,passes
AMLF_powerVel_linearK600_ID_powerVel_freewaterK600,AM,2023-03-06,-3.690646766846258,-8.120055916371138,-11.810702683217396,24,1.2615785687083856,0.016869580770430773,30331.44563336667,1.198669625613318,3.255,70.70708333333333,0.975,21.94,6.6766974498011376,4.10165663119011,10.007007972798808,16.866042785567636,1.2239837380598357,16.5,1.0239199852555598,1023.9199852555598,16894.679756716738,1,passes
AMLF_powerVel_linearK600_ID_powerVel_freewaterK600,AM,2023-03-07,-4.963039338910292,-9.970883039444042,-14.933922378354334,24,1.1999350090823881,0.017958968001794907,30713.52850635504,1.5500248084988089,3.5041666666666664,71.18333333333334,0.975,21.94,6.5293502189601025,4.605968743805986,12.072929932983152,15.842217986027546,1.003831827912207,16.5,1.0239199852555598,1023.9199852555598,16894.679756716738,1,passes
AMLF_powerVel_linearK600_ID_powerVel_freewaterK600,AM,2023-03-08,-3.359039420205023,-11.325544039113327,-14.68458345931835,24,1.1417989758700346,0.019109819726620552,31097.31868616505,1.8813878366155172,4.195,70.52375,0.975,21.94,6.215163936469773,5.937204579020541,13.279496308679716,14.888746797967205,0.8790911042564882,16.5,1.0239199852555598,1023.9199852555598,16894.679756716738,1,passes
AMLF_powerVel_linearK600_ID_powerVel_freewaterK600,AM,2023-03-09,-3.3264414979455363,-10.379595001049612,-13.706036498995148,24,1.082648687739337,0.02042434257837363,31513.708644747774,2.218531902110492,4.877083333333333,69.74958333333333,0.975,21.94,5.911629883323146,7.288215135034984,14.141233384532558,13.931012971408698,0.7962592914476184,16.5,1.0239199852555598,1023.9199852555598,16894.679756716738,1,passes
AMLF_powerVel_linearK600_ID_powerVel_freewaterK600,AM,2023-03-10,-5.736967277799284,-12.426240470916085,-18.16320774871537,24,1.0297756436683896,0.021741193365917257,31910.248484634845,2.519897011166031,4.501666666666667,70.15791666666667,0.975,21.94,6.079300574017624,6.666340915797881,15.747944790155566,13.085701739786805,0.7457675758058989,16.5,1.0239199852555598,1023.9199852555598,16894.679756716738,1,passes
AMLF_powerVel_linearK600_ID_powerVel_freewaterK600,AM,2023-03-11,2.986972002541535,-13.57222411505796,-10.585252112516425,24,0.9872035204402347,0.022917452778584278,32248.51132937909,2.762549061654426,6.00625,67.24541666666667,0.975,21.94,5.48372663964149,9.618825816205309,14.911451872463521,12.41290743167506,0.7168849839486748,16.5,1.0239199852555598,1023.9199852555598,16894.679756716738,1,passes
AMLF_powerVel_linearK600_ID_powerVel_freewaterK600,AM,2023-03-12,4.516534079916483,6.491446878235993,11.007980958152476,24,0.9647187997903571,0.02358365360323492,32434.258369338142,2.890707188537402,9.507916666666667,64.42541666666666,0.975,21.94,3.90026191861426,16.38048416657721,10.876493687500975,12.060334765116792,0.7048980005296961,16.5,1.0239199852555598,1023.9199852555598,16894.679756716738,1,passes
AMLF_powerVel_linearK600_ID_powerVel_freewaterK600,AM,2023-03-13,5.347725432679281,5.286748512457168,10.634473945136449,24,0.9598801310241007,0.0237320081099204,32475.000199863724,2.9182865716814823,9.467083333333333,63.73833333333334,0.975,21.94,3.930031601405621,16.323518863397478,11.00882259583851,11.984751928872143,0.7026196757607818,16.5,1.0239199852555598,1023.9199852555598,16894.679756716738,1,passes
AMLF_powerVel_linearK600_ID_powerVel_freewaterK600,AM,2023-03-14,7.170315409965789,7.696973737708265,14.867289147674054,24,0.9673237719581113,0.023505233133996706,32412.546371505647,2.8758594010642913,10.537916666666666,55.18083333333333,0.975,21.94,3.9152097521281295,18.34641112914963,10.890822458323331,12.10110888016028,0.7062079277288439,16.5,1.0239199852555598,1023.9199852555598,16894.679756716738,1,passes
AMLF_powerVel_linearK600_ID_powerVel_freewaterK600,AM,2023-03-15,-3.3325681615803155,8.878286061486868,5.545717899906553,24,0.9945308674663781,0.0227045294047646,32188.62790658549,2.720784741585046,8.84125,59.830416666666665,0.975,21.94,4.52308591591584,14.995593484589737,12.22273453463646,12.528050615752145,0.7210542047065779,16.5,1.0239199852555598,1023.9199852555598,16894.679756716738,1,passes
AMLF_powerVel_linearK600_ID_powerVel_freewaterK600,AM,2023-03-16,-5.954219879362454,-10.666031384499819,-16.620251263862272,24,1.0050474225159907,0.022406636852682186,32103.890309862265,2.6608426138883257,4.94,68.85083333333333,0.975,21.94,5.925073857655967,7.53444555417269,15.844571186103826,12.693778309106412,0.7275724438364777,16.5,1.0239199852555598,1023.9199852555598,16894.679756716738,1,passes
AMLF_powerVel_linearK600_ID_powerVel_freewaterK600,AM,2023-03-17,-5.946499749408613,-12.16007425826682,-18.106574007675434,24,0.990450924653624,0.022820913033156406,32221.63093578773,2.744039548118525,4.73375,69.99125000000001,0.975,21.94,5.972121304102318,7.170509067254079,16.223796071091794,12.463806144560815,0.7185845904926879,16.5,1.0239199852555598,1023.9199852555598,16894.679756716738,1,passes
AMLF_powerVel_linearK600_ID_powerVel_freewaterK600,AM,2023-03-18,-10.857575277646196,-15.00102924359269,-25.858604521238888,24,0.9807890893371168,0.023101324167198393,32300.539936314854,2.7991099550716174,3.617916666666667,69.55541666666667,0.975,21.94,6.550134125222931,5.052935543115033,17.982237803734478,12.311958725259204,0.7130683224360836,16.5,1.0239199852555598,1023.9199852555598,16894.679756716738,1,passes
AMLF_powerVel_linearK600_ID_powerVel_freewaterK600,AM,2023-03-19,-6.431768339792951,-12.900310270353316,-19.33207861014627,24,0.9949065024847437,0.022693970438816092,32185.61424364816,2.7186437018498855,4.58125,68.68625,0.975,21.94,6.1112449503255135,6.868226223650093,16.53426552872323,12.53397535660509,0.7212936211774726,16.5,1.0239199852555598,1023.9199852555598,16894.679756716738,1,passes
AMLF_powerVel_linearK600_ID_powerVel_freewaterK600,AM,2023-03-20,-8.127619094773769,-14.61252716081242,-22.74014625558619,24,1.0213202310141376,0.021962590088771026,31975.464828523905,2.5680910654602935,3.9316666666666666,68.12208333333334,0.975,21.94,6.464448217029284,5.593256466569939,16.96332959436303,12.951284484316604,0.7389839037822096,16.5,1.0239199852555598,1023.9199852555598,16894.679756716738,1,passes
AMLF_powerVel_linearK600_ID_powerVel_freewaterK600,AM,2023-03-21,-6.69088772393628,-12.043923443042768,-18.73481116697905,24,1.0364516732694313,0.021561162394942802,31857.90201978336,2.4818450619331416,4.45375,68.3975,0.975,21.94,6.190573336494987,6.559213290306293,15.926618873795817,13.191480068749819,0.7506110852905291,16.5,1.0239199852555598,1023.9199852555598,16894.679756716738,1,passes
AMLF_powerVel_linearK600_ID_powerVel_freewaterK600,AM,2023-03-22,-7.812138074447518,-15.617237110354885,-23.429375184802403,24,1.0343974480421225,0.02161499483936809,31873.754087764733,2.4935537089484687,3.6441666666666666,70.38833333333334,0.975,21.94,6.497415726223704,5.037275761514315,16.751963353915517,13.158827292460435,0.7489706972224213,16.5,1.0239199852555598,1023.9199852555598,16894.679756716738,1,passes
AMLF_powerVel_linearK600_ID_powerVel_freewaterK600,AM,2023-03-23,-9.017436884689678,-15.998970792156257,-25.016407676845937,24,1.0148381815158962,0.022137815375516415,32026.35500785036,2.6050373693523055,3.515833333333333,70.44958333333334,0.975,21.94,6.558830514069329,4.819291614207524,17.32749545263049,12.848603347102516,0.7342973562402223,16.5,1.0239199852555598,1023.9199852555598,16894.679756716738,1,passes
AMLF_powerVel_linearK600_ID_powerVel_freewaterK600,AM,2023-03-24,-9.311171181574654,-15.91086311757164,-25.222034299146294,24,0.9951526656075119,0.022685812011569325,32183.443870045823,2.717240624390623,3.5929166666666665,70.63916666666667,0.975,21.94,6.510995559022615,4.988710870880545,17.599728020453693,12.537781744468868,0.7213614420681687,16.5,1.0239199852555598,1023.9199852555598,16894.679756716738,1,passes
AMLF_powerVel_linearK600_ID_powerVel_freewaterK600,AM,2023-03-25,-9.726236583089927,-17.687342201247635,-27.41357878433756,24,0.9783820349307984,0.023174093340619217,32320.650565934608,2.8128296533868755,3.3254166666666665,71.15375,0.975,21.94,6.619982142920499,4.499726755046679,18.20651614721546,12.274301215822152,0.7118791728550126,16.5,1.0239199852555598,1023.9199852555598,16894.679756716738,1,passes
AMLF_powerVel_linearK600_ID_powerVel_freewaterK600,AM,2023-03-26,-11.412479997800467,-18.78507339545656,-30.197553393257028,24,0.9439885357265955,0.024238593535473845,32611.727182313603,3.008865285921442,3.149166666666667,71.44166666666666,0.975,21.94,6.694192298601068,4.202396244903199,18.99398154996271,11.737581097549649,0.6961349832672203,16.5,1.0239199852555598,1023.9199852555598,16894.679756716738,1,passes
AMLF_powerVel_linearK600_ID_powerVel_freewaterK600,AM,2023-03-27,-9.726231613836935,-19.334433932943142,-29.06066554678008,24,0.898618423687508,0.025778262283262694,33015.81206371334,3.2674652777088373,3.3970833333333332,71.45416666666667,0.975,21.94,6.569858800403112,4.740695333930603,19.271028107320642,11.036738482331495,0.6817091013046325,16.5,1.0239199852555598,1023.9199852555598,16894.679756716738,1,passes
AMLF_powerVel_linearK600_ID_powerVel_freewaterK600,AM,2023-03-28,-12.225329100523979,-20.45177268388614,-32.67710178441012,24,0.8743119979516145,0.02667009471561886,33241.92286413588,3.406006736241445,2.966666666666667,71.06083333333333,0.975,21.94,6.803452732575272,3.91985512218553,20.258406014390587,10.664540399386551,0.6765399514911881,16.5,1.0239199852555598,1023.9199852555598,16894.679756716738,1,passes
AMLF_powerVel_linearK600_ID_powerVel_freewaterK600,AM,2023-03-29,-5.721378474670724,-17.41358676926425,-23.13496524393497,24,0.89088728643584425,0.026054788206073,33086.72048964458,3.3115311162076497,4.255217391304348,70.63695652173914,0.975,21.94,6.179636252770028,6.417687047227179,18.23934811038148,10.918018410567303,0.6798162428999404,16.5,1.0239199852555598,1023.9199852555598,16894.679756716738,1,passes
AMLF_powerVel_linearK600_ID_powerVel_freewaterK600,AM,2023-03-30,-5.0940889896002055,-12.645268937871348,-17.739357927471552,24,0.9272600776832541,0.024784938157605147,32757.59697883832,3.1042139398744437,5.025416666666667,70.37791666666666,0.975,21.94,5.807504763296035,7.8501971391330905,16.719876102868866,11.47808631931939,0.6899158554620782,16.5,1.0239199852555598,1023.9199852555598,16894.679756716738,1,passes
AMLF_powerVel_linearK600_ID_powerVel_freewaterK600,AM,2023-03-31,-5.446486801320836,-12.997171479150577,-18.44365828047141,24,0.9610311423533997,0.023698626531903116,32465.598852810894,2.9117260518386514,4.877083333333333,70.85166666666667,0.975,21.94,5.859252329603605,7.495306345575929,16.402523624235396,12.002838537024893,0.7032654152294687,16.5,1.0239199852555598,1023.9199852555598,16894.679756716738,1,passes
AMLF_powerVel_linearK600_ID_powerVel_freewaterK600,AM,2023-04-01,-6.875637087717404,-12.9455381536965,-19.821175241413904,24,0.97790505470464,0.0231866466001814,32324.346584004328,2.815548339257897,4.48875,71.12875,0.975,21.94,6.039644630695411,6.721728881676211,16.632316502383162,12.266729334582804,0.7115274099829587,16.5,1.0239199852555598,1023.9199852555598,16894.679756716738,1,passes
AMLF_powerVel_linearK600_ID_powerVel_freewaterK600,AM,2023-04-02,-4.981791700592505,-13.099499784389591,-18.081291484982096,24,0.9738541229453365,0.0233078123062513,32357.989661360836,2.8386377889551926,4.752083333333333,71.5075,0.975,21.94,5.890048969051428,7.235972553554362,16.27661829604541,12.203277031276778,0.7094436632387866,16.5,1.0239199852555598,1023.9199852555598,16894.679756716738,1,passes
AMLF_powerVel_linearK600_ID_powerVel_freewaterK600,AM,2023-04-03,-5.266749154070171,-13.1386909425923,-18.40544009666247,24,0.9489247908192352,0.024078582189424304,32568.860680407437,2.980729681466303,4.924166666666666,70.84166666666667,0.975,21.94,5.835576631482854,7.617084887377133,16.491807361186613,11.814215169774021,0.6980221712411715,16.5,1.0239199852555598,1023.9199852555598,16894.679756716738,1,passes
AMLF_powerVel_linearK600_ID_powerVel_freewaterK600,AM,2023-04-04,-6.248943081128664,-13.811561133981133,-20.0605042151098,23,0.913866299425404,0.025239440556828464,32876.9012039939,3.1805556280875615,4.629130434782609,71.35173913043478,0.975,21.94,5.9591853932103005,7.114534711563192,17.309191559397494,11.27120336674253,0.6856865379052609,16.5,1.0239199852555598,1023.9199852555598,16894.679756716738,1,passes
AMLF_powerVel_linearK600_ID_powerVel_freewaterK600,AM,2023-04-05,-5.809063837414042,-13.962450433541807,-19.771514270955848,24,0.8814944897656127,0.026402107311314458,33174.47718899662,3.365068060081404,4.79125,71.67333333333333,0.975,21.94,5.863023842684759,7.497168639636979,17.382925775114902,10.774314939809589,0.6779123220298754,16.5,1.0239199852555598,1023.9199852555598,16894.679756716738,1,passes
AMLF_powerVel_linearK600_ID_powerVel_freewaterK600,AM,2023-04-06,-6.079089410200266,-13.615397519848075,-19.694486930048342,24,0.8514076147596666,0.027573996848973187,33463.79780618262,3.536556850383332,4.862916666666667,71.57875,0.975,21.94,5.831354828299917,7.7042410920930235,17.551484557117195,10.3166435815739,0.6736600004966091,16.5,1.0239199852555598,1023.9199852555598,16894.679756716738,1,passes
AMLF_powerVel_linearK600_ID_powerVel_freewaterK600,AM,2023-04-07,-7.02972408094479,-14.078170295841495,-21.107894376786284,24,0.818875295526577,0.028950727205293233,33791.379647782254,3.7219841528165722,4.79125,71.4475,0.975,21.94,5.873367983533837,7.635460366957091,17.895722296396205,9.826306504535975,0.6720460664211808,16.5,1.0239199852555598,1023.9199852555598,16894.679756716738,1,passes
AMLF_powerVel_linearK600_ID_powerVel_freewaterK600,AM,2023-04-08,-10.479073125051713,-15.582235837943413,-26.061308962995128,24,0.7908770168791306,0.03023507190067742,34086.230063003255,3.8815683879635587,4.0425,71.12958333333333,0.975,21.94,6.262174002253631,6.190654307447448,19.221308788945013,9.408077071970585,0.6729989504884799,16.5,1.0239199852555598,1023.9199852555598,16894.679756716738,1,passes
AMLF_powerVel_linearK600_ID_powerVel_freewaterK600,AM,2023-04-09,-8.839853006984825,-17.418859949642034,-26.25871295662686,24,0.772740920695807,0.03112266229461553,34284.22957232997,3.984940280014924,4.085,69.59958333333333,0.975,21.94,6.314219493348112,6.313006705769494,19.44236318408292,9.139116428282625,0.6747872938073496,16.5,1.0239199852555598,1023.9199852555598,16894.679756716738,1,passes
AMLF_powerVel_linearK600_ID_powerVel_freewaterK600,AM,2023-04-10,-4.413728285743376,-15.056767550423274,-19.47049583616665,24,0.7620450124946586,0.03166900572495107,34403.81424794593,4.045904682540374,5.017916666666666,70,0.975,21.94,5.828555833886251,8.234505203273066,17.969753121356394,8.981249747523334,0.6762878648976008,16.5,1.0239199852555598,1023.9199852555598,16894.679756716738,1,passes
AMLF_powerVel_linearK600_ID_powerVel_freewaterK600,AM,2023-04-11,-5.561458887866977,-16.815493589923445,-22.37695247779042,24,0.7518377394248574,0.03220784601510089,34520.04309885278,4.104083968713355,4.594166666666666,70.35375,0.975,21.94,6.023556802571895,7.397059230902783,18.585535469797993,8.831145431947316,0.6780427686772005,16.5,1.0239199852555598,1023.9199852555598,16894.679756716738,1,passes
AMLF_powerVel_linearK600_ID_powerVel_freewaterK600,AM,2023-04-12,-4.288421709712542,-16.17045908715355,-20.45888079686609,24,0.7364594146068362,0.03305211267130007,34699.003829291105,4.191737150354565,4.234375,70.36625,0.975,21.94,6.202911647377401,6.690393194070458,19.147715600773694,8.605977235099845,0.6812604664746518,16.5,1.0239199852555598,1023.9199852555598,16894.679756716738,1,passes
AMLF_powerVel_linearK600_ID_powerVel_freewaterK600,AM,2023-04-14,-12.592516180857459,NA,NA,24,0.6841885200986634,0.03624560994965792,35344.314428053265,4.489670134934543,4.07,71.92,0.975,21.94,6.211163939364988,6.479376348463386,19.071892529320845,7.849549640806597,0.6974703069297028,16.5,1.0239199852555598,1023.9199852555598,16894.679756716738,1,passes
AMLF_powerVel_linearK600_ID_powerVel_freewaterK600,AM,2023-04-19,-15.590119487079818,NA,NA,24,0.5700378339994967,0.045526407036964714,36993.61332747126,5.140304774371589,2.954,71.212,0.975,21.94,6.803146608979995,4.335306456669382,19.9254259437492,6.248094984910556,0.7652024844933739,16.5,1.0239199852555598,1023.9199852555598,16894.679756716738,1,passes
AMLF_powerVel_linearK600_ID_powerVel_freewaterK600,AM,2023-04-20,-8.607829234209014,NA,NA,24,0.5467750702584334,0.04797270864644804,37382.00226179923,5.272897581442648,4.716,72.422,0.975,21.94,5.865991320503836,8.283937968036659,16.891767202245674,5.931189919249664,0.7859874377529157,16.5,1.0239199852555598,1023.9199852555598,16894.679756716738,1,passes
AMLF_powerVel_linearK600_ID_powerVel_freewaterK600,AM,2023-04-21,-15.497328269305745,NA,NA,24,0.5140620075345098,0.051827803580187674,37963.727647046595,5.459355083342996,2.685,71.98,0.975,21.94,6.9012453534103475,3.8454283359050225,19.342756605210766,5.491103488904768,0.8201093553426144,16.5,1.0239199852555598,1023.9199852555598,16894.679756716738,1,passes
AMLF_powerVel_linearK600_ID_powerVel_freewaterK600,AM,2023-04-23,-7.414830155356478,NA,NA,24,0.44102146411495785,0.06279447810462759,39447.9614514609,5.875670650564217,4.395,73.58000000000001,0.975,21.94,5.972915003308757,7.997805413302283,15.41263556865876,4.534035120340978,0.9231623254955609,16.5,1.0239199852555598,1023.9199852555598,16894.679756716738,1,passes
AMLF_powerVel_linearK600_ID_powerVel_freewaterK600,AM,2023-04-24,-7.830293920448289,-8.184718387282533,-16.01501230773082,24,0.4039335270438483,0.07007441134682335,40323.272075063986,6.08706400603439,4.039230769230769,70.84384615384616,0.975,21.94,6.277396519069661,7.347857783227937,15.25994196525336,4.062498904246848,0.9944507148669212,16.5,1.0239199852555598,1023.9199852555598,16894.679756716738,1,passes
AMLF_powerVel_linearK600_ID_powerVel_freewaterK600,AM,2023-04-25,1.0505657265141113,-5.123655148097742,-4.0730894215836315,24,0.37566080811102204,0.07669912286049234,41059.68627891974,6.248212492455083,5.558333333333334,71.1525,0.975,21.94,5.503732114025099,11.141230982834418,12.920516490517407,3.7100828865924624,1.0604897851694615,16.5,1.0239199852555598,1023.9199852555598,16894.679756716738,1,passes
AMLF_powerVel_linearK600_ID_powerVel_freewaterK600,AM,2023-04-26,1.1980287493007629,-4.447739038256228,-3.249710288955465,24,0.3570176118271202,0.08171841028930188,41584.379464354286,6.354474747257413,5.488695652173913,71.67565217391304,1.362,24.19,5.1388485569104505,10.158964199790336,11.661085261929873,3.4812875416871454,1.1110552450952689,16.5,1.0239199852555598,1023.9199852555598,16894.679756716738,1,passes
AMLF_powerVel_linearK600_ID_powerVel_freewaterK600,AM,2023-04-27,-1.8165787376105205,-4.160372355682802,-5.976951093293323,24,0.3456811072209637,0.08507046761112051,41920.543875200034,6.419090413084382,5.019583333333333,71.2325,1.362,24.19,5.392824645380501,9.075171680756064,11.965989159983048,3.3436149401714705,1.1450204016775618,16.5,1.0239199852555598,1023.9199852555598,16894.679756716738,1,passes
AMLF_powerVel_linearK600_ID_powerVel_freewaterK600,AM,2023-04-28,2.647498418928691,-3.632505275116918,-0.9850068561882268,24,0.3378086595923528,0.08755515918579893,42162.61690244279,6.463961690685627,5.683333333333334,71.59458333333333,1.362,24.19,5.044344286804131,10.785608073769106,11.016444681277987,3.2487036229674047,1.1702848216702053,16.5,1.0239199852555598,1023.9199852555598,16894.679756716738,1,passes
AMLF_powerVel_linearK600_ID_powerVel_freewaterK600,AM,2023-04-29,0.78376856480342,-4.413073789258553,-3.629305224455133,24,0.33410989880446573,0.08876344952985898,42278.55210705298,6.485043840726322,5.305652173913043,71.51826086956521,1.362,24.19,5.236396055689271,9.869754181949936,11.345482292825634,3.204281900026606,1.1825914955835086,16.5,1.0239199852555598,1023.9199852555598,16894.679756716738,1,passes
AMLF_powerVel_linearK600_ID_powerVel_freewaterK600,AM,2023-04-30,-6.037345514175449,-9.520992732106793,-15.558338246282242,24,0.3379096128039752,0.08751995421053861,42159.33326463684,6.46338627884459,3.4144444444444444,71.36888888888889,1.362,24.19,6.188974118773929,5.1247242844452545,13.484501277241598,3.249906840503391,1.169925168189227,16.5,1.0239199852555598,1023.9199852555598,16894.679756716738,1,passes
AMLF_powerVel_linearK600_ID_powerVel_freewaterK600,AM,2023-05-01,-4.348083359639822,-6.984036381654752,-11.332119741294573,24,0.3428124867075213,0.0859580698968395,42007.78792390464,6.435440940069598,4.316315789473684,71.36526315789473,1.362,24.19,5.738988343210634,7.346127542480429,12.665351489178382,3.3089546672788255,1.1540364421047848,16.5,1.0239199852555598,1023.9199852555598,16894.679756716738,1,passes
AMLF_powerVel_linearK600_ID_powerVel_freewaterK600,AM,2023-05-02,-9.541535840355216,-8.036861497382851,-17.578397337738068,24,0.34945225603730823,0.08392332476572664,41806.93261891167,6.39759566667301,3.4466666666666668,71.74666666666667,1.362,24.19,6.1565761889097015,5.167265531465427,13.7056851431724,3.389266584500905,1.1333785254414042,16.5,1.0239199852555598,1023.9199852555598,16894.679756716738,1,passes
AMLF_powerVel_linearK600_ID_powerVel_freewaterK600,AM,2023-05-04,6.343996593065533,-1.3990433243731535,4.94495326869238,24,0.318763200544379,0.09431157608466322,42787.22309842524,6.572516757711912,6.524166666666667,72.06166666666667,1.362,24.19,4.6028322595369104,13.15946243264092,9.396479145388282,3.021993854214991,1.2393465808724415,16.5,1.0239199852555598,1023.9199852555598,16894.679756716738,1,passes
AMLF_powerVel_linearK600_ID_powerVel_freewaterK600,AM,2023-05-05,7.314326778847966,-0.6452131750486859,6.66911360379928,24,0.28693271468384807,0.10741240353935294,43920.417464144324,6.753943759149126,6.317083333333334,71.0225,1.362,24.19,4.754724030857284,12.886067736882678,9.219863436904012,2.649210320471786,1.3739736144362416,16.5,1.0239199852555598,1023.9199852555598,16894.679756716738,1,passes
AMLF_powerVel_linearK600_ID_powerVel_freewaterK600,AM,2023-05-06,6.8136189865503844,-0.032074414661747236,6.781544571888637,24,0.2747946062355895,0.113340195238372,44396.009638609095,6.82312839643479,6.18625,71.42708333333333,1.362,24.19,4.800541039426704,12.679984190764245,9.00397467976942,2.5097875225984136,1.4351772856461458,16.5,1.0239199852555598,1023.9199852555598,16894.679756716738,1,passes
AMLF_powerVel_linearK600_ID_powerVel_freewaterK600,AM,2023-05-07,6.489563505302583,0.296049473077243,6.7856129783798265,24,0.271831182832901,0.11487405163660865,44515.95688823031,6.840019279731212,6.1466666666666665,71.50958333333334,1.362,24.19,4.817108295907617,12.605953225524678,8.955083651658708,2.4759710578399137,1.4510345870349834,16.5,1.0239199852555598,1023.9199852555598,16894.679756716738,1,passes
AMLF_powerVel_linearK600_ID_powerVel_freewaterK600,AM,2023-05-08,7.806149428998884,-0.1909269189412233,7.61522251005766,24,0.27071917713666427,0.11547493613878153,44562.056446606926,6.8463574757591745,6.265416666666667,71.82083333333334,1.362,24.19,4.743884958541232,12.932941293131968,8.792118523605634,2.463342302919712,1.4572519871951763,16.5,1.0239199852555598,1023.9199852555598,16894.679756716738,1,passes
AMLF_powerVel_linearK600_ID_powerVel_freewaterK600,AM,2023-05-09,8.903287603929773,0.07166328732530904,8.974950891255082,24,0.25565094565971186,0.12409629921204567,45206.701936395875,6.932243191289993,6.284166666666667,72.78083333333333,1.362,24.19,4.691374649966595,13.176096641690345,8.32063684953762,2.2932754744342003,1.546548809245936,16.5,1.0239199852555598,1023.9199852555598,16894.679756716738,1,passes
AMLF_powerVel_linearK600_ID_powerVel_freewaterK600,AM,2023-05-10,8.348901203886617,1.1360995350140142,9.48500073890063,24,0.24432054036710768,0.1312746928170247,45719.705661378975,6.996824092326584,6.181666666666667,74.28625,1.362,24.19,4.679326450008259,13.046366125770604,8.003332353450595,2.166838711809179,1.6210182308056738,16.5,1.0239199852555598,1023.9199852555598,16894.679756716738,1,passes
AMLF_powerVel_linearK600_ID_powerVel_freewaterK600,AM,2023-05-11,8.980185697395566,2.7618013479386656,11.74198704533423,24,0.23948440279335317,0.13458979686279673,45948.51107168895,7.016957026459914,6.4383333333333335,73.88625,1.362,24.19,4.567261002399733,13.808590973711462,7.678498103150308,2.1133474202982567,1.657207021785162,16.5,1.0239199852555598,1023.9199852555598,16894.679756716738,1,passes
AMLF_powerVel_linearK600_ID_powerVel_freewaterK600,AM,2023-05-12,7.872882850998222,4.134403968462174,12.007286819460397,24,0.23605260479185255,0.13703518498627226,46114.413060163606,7.0175097612390775,6.4037500000000005,73.88708333333334,1.362,24.19,4.588994612719053,13.762187989307339,7.602774626138138,2.075552821006038,1.6871853956243545,16.5,1.0239199852555598,1023.9199852555598,16894.679756716738,1,passes
AMLF_powerVel_linearK600_ID_powerVel_freewaterK600,AM,2023-05-13,10.685476259999328,6.103155604324032,16.78863186432336,24,0.23593395577441864,0.13712087304364856,46120.19190880479,7.0175097612390775,7.088333333333333,73.69541666666666,1.362,24.19,4.256270873301225,15.632384439308039,7.047138479826556,2.0742480922311812,1.6882403921130242,16.5,1.0239199852555598,1023.9199852555598,16894.679756716738,1,passes
AMLF_powerVel_linearK600_ID_powerVel_freewaterK600,AM,2023-05-14,7.8750026169820995,2.6691708306003266,10.544173447582427,24,0.23620156531436834,0.13692662589222446,46107.12119432315,7.0175097612390775,6.220416666666667,73.75291666666666,1.362,24.19,4.687660352945369,13.259066806722226,7.770070425165105,2.0771892178422684,1.6858488095639352,16.5,1.0239199852555598,1023.9199852555598,16894.679756716738,1,passes
AMLF_powerVel_linearK600_ID_powerVel_freewaterK600,AM,2023-05-15,7.952470404748275,0.528394630512188,8.480865035260463,24,0.2352767885638155,0.1376000470902502,46152.37030766628,7.0175097612390775,5.97375,72.13,1.362,24.19,4.874679608602513,12.598574712667872,8.048805704444472,2.067029211496592,1.6941400116411733,16.5,1.0239199852555598,1023.9199852555598,16894.679756716738,1,passes
AMLF_powerVel_linearK600_ID_powerVel_freewaterK600,AM,2023-05-16,8.784967253287865,1.226583443638391,10.011550696926257,24,0.23289221199289561,0.13936543572655077,46270.122598171925,7.0175097612390775,6.158333333333333,72.14291666666666,1.362,24.19,4.781596506918468,13.137778033433307,7.817070026234783,2.0408791648359266,1.7158755821449523,16.5,1.0239199852555598,1023.9199852555598,16894.679756716738,1,passes
AMLF_powerVel_linearK600_ID_powerVel_freewaterK600,AM,2023-05-17,5.922329683255049,1.175545860110313,7.097875543365363,24,0.23242721259891141,0.13971698639053243,46293.354137549046,7.0175097612390775,5.721666666666667,71.54291666666667,1.362,24.19,5.027069179341967,11.944836388881116,8.198115957900738,2.035791744492696,1.7202038949512675,16.5,1.0239199852555598,1023.9199852555598,16894.679756716738,1,passes
AMLF_powerVel_linearK600_ID_powerVel_freewaterK600,AM,2023-05-18,6.9933817245695895,0.1563559678579921,7.149737692427582,24,0.2406913402666881,0.13376391556529463,45891.46068510551,7.011014285700537,5.85875,71.695,1.362,24.19,4.951820751481094,12.210955290184973,8.351210370774867,2.1266991824535206,1.6484156786373951,16.5,1.0239199852555598,1023.9199852555598,16894.679756716738,1,passes
AMLF_powerVel_linearK600_ID_powerVel_freewaterK600,AM,2023-05-19,8.533474184072453,-0.2648176034188135,8.268656580653639,24,0.2489975833074371,0.1282087562179102,45503.85751488764,6.970165942024542,6.130833333333333,71.86958333333334,1.362,24.19,4.807605024921794,12.841998901562038,8.34107512008975,2.2188283198311596,1.5891968488980297,16.5,1.0239199852555598,1023.9199852555598,16894.679756716738,1,passes
AMLF_powerVel_linearK600_ID_powerVel_freewaterK600,AM,2023-05-20,10.213712212333727,4.567538618937351,14.781250831271077,24,0.2634244234682296,0.11957704812552267,44871.19260030766,6.887936020619788,7.140416666666667,72.92,1.362,24.19,4.257910122808362,15.321700754747477,7.695818106053757,2.380857304638235,1.4997276282074377,16.5,1.0239199852555598,1023.9199852555598,16894.679756716738,1,passes
AMLF_powerVel_linearK600_ID_powerVel_freewaterK600,AM,2023-05-21,10.735286262227339,13.259754327038829,23.995040589266168,24,0.2872394822518227,0.10728496327195436,43909.40287085231,6.752195249238229,8.4975,75.35583333333334,1.362,24.19,3.4868755892699452,18.549290364388902,6.762142408490108,2.6527935621350407,1.3726632315634397,16.5,1.0239199852555598,1023.9199852555598,16894.679756716738,1,passes
AMLF_powerVel_linearK600_ID_powerVel_freewaterK600,AM,2023-05-22,11.396436821655747,12.473765256152252,23.870202077808,24,0.2976731499864413,0.10254640165335654,43516.739818645765,6.692725561613031,8.659166666666668,73.1525,1.362,24.19,3.488850901119233,18.795958165006265,6.950634495643639,2.7736066712708802,1.3238258688570532,16.5,1.0239199852555598,1023.9199852555598,16894.679756716738,1,passes
AMLF_powerVel_linearK600_ID_powerVel_freewaterK600,AM,2023-05-23,11.277291464602689,12.73662348052676,24.01391494512945,24,0.30010866762213934,0.10151836012320954,43428.720667308226,6.678843628942312,8.699166666666667,73.05375000000001,1.362,24.19,3.4799482226874767,18.860462752425292,6.975116281187573,2.802036128353943,1.3132522351097369,16.5,1.0239199852555598,1023.9199852555598,16894.679756716738,1,passes
AMLF_powerVel_linearK600_ID_powerVel_freewaterK600,AM,2023-05-24,7.845719213594396,7.541792274189357,15.387511487783753,24,0.3292619861210564,0.09061331364894813,42444.43069633961,6.512675912232682,7.8341666666666665,71.38791666666667,1.362,24.19,3.9823499288604514,16.294150691875476,8.57506770303318,3.1470969909959465,1.2015575622672134,16.5,1.0239199852555598,1023.9199852555598,16894.679756716738,1,passes
AMLF_powerVel_linearK600_ID_powerVel_freewaterK600,AM,2023-05-25,4.659480332356292,-4.307192521437522,0.35228781091876993,24,0.37698181173168777,0.07644304285498944,41028.400033340135,6.240683052696129,6.320416666666667,71.55583333333334,1.362,24.19,4.730329815108188,12.03149762826364,11.108130984988104,3.7268230943439775,1.0579787580523994,16.5,1.0239199852555598,1023.9199852555598,16894.679756716738,1,passes
AMLF_powerVel_linearK600_ID_powerVel_freewaterK600,AM,2023-05-26,2.208396697832672,-5.50406326130504,-3.295666563472368,24,0.4021996347337713,0.07040485696053302,40363.63676973979,6.09694682353239,5.8975,71.09,1.362,24.19,4.9604685287340065,10.832534177923531,12.15901496136231,4.040410361252165,0.997677921183338,16.5,1.0239199852555598,1023.9199852555598,16894.679756716738,1,passes
AMLF_powerVel_linearK600_ID_powerVel_freewaterK600,AM,2023-05-27,3.965493559033204,-5.072137157126731,-1.1066435980935267,24,0.4099034743021272,0.06874709750909094,40172.154355280145,6.053036576024253,6.266666666666667,71.21125,1.362,24.19,4.7717892467048175,11.661603162338885,11.838357014878984,4.137326691768294,0.9812790695884226,16.5,1.0239199852555598,1023.9199852555598,16894.679756716738,1,passes
AMLF_powerVel_linearK600_ID_powerVel_freewaterK600,AM,2023-05-28,4.139325217188787,-5.201298055472639,-1.061972838283852,24,0.41438076052844836,0.06781851713045293,40063.12047881985,6.0275169965187185,6.307083333333333,71.21000000000001,1.362,24.19,4.75184369894079,11.725715819989945,11.86750960277098,4.193882051094203,0.9721278312085022,16.5,1.0239199852555598,1023.9199852555598,16894.679756716738,1,passes
AMLF_powerVel_linearK600_ID_powerVel_freewaterK600,AM,2023-05-29,4.938547664823488,-5.534760017685161,-0.5962123528616736,24,0.40813018623529224,0.06912895358463934,40216.25009274337,6.063143940959237,6.32625,71.6775,1.362,24.19,4.719362827340204,11.818240926287867,11.679959282614178,4.115020665739842,0.9850567832251168,16.5,1.0239199852555598,1023.9199852555598,16894.679756716738,1,passes
AMLF_powerVel_linearK600_ID_powerVel_freewaterK600,AM,2023-05-30,5.623608771813282,-5.220809766658602,0.40279900515467926,24,0.38931563349263354,0.0733469506704179,40694.57980974407,6.170382891141758,6.3254166666666665,72.00333333333333,1.362,24.19,4.704704252571743,11.959006587987515,11.305756312973847,3.879383333160308,1.0269434780010598,16.5,1.0239199852555598,1023.9199852555598,16894.679756716738,1,passes
AMLF_powerVel_linearK600_ID_powerVel_freewaterK600,AM,2023-05-31,4.458964226759178,-4.621696513737421,-0.16273228697824305,24,0.36567271048890604,0.0793379928817451,41337.86296712584,6.305142525178511,6.162083333333333,71.66708333333334,1.362,24.19,4.801238113560883,11.747516424860303,11.072160839974707,3.587248904087382,1.0870404914203247,16.5,1.0239199852555598,1023.9199852555598,16894.679756716738,1,passes
AMLF_powerVel_linearK600_ID_powerVel_freewaterK600,AM,2023-06-01,5.874083124754103,-3.685173583291858,2.1889095414622446,24,0.3391073502760342,0.08719260245100821,42125.22281089711,6.456559429923189,6.277916666666666,71.85666666666667,1.362,24.19,4.73455624464802,12.262394395865696,10.371334899464077,3.264557426157217,1.166622238872262,16.5,1.0239199852555598,1023.9199852555598,16894.679756716738,1,passes
AMLF_powerVel_linearK600_ID_powerVel_freewaterK600,AM,2023-06-02,7.521271757773324,-2.7379760744647235,4.7832956833086,24,0.3156559948076131,0.09533998972060752,42885.48157687562,6.590227169740809,6.45,71.89291666666666,1.362,24.19,4.647342469218084,12.92124228188796,9.67465712088049,2.9847584022575164,1.2498295834056197,16.5,1.0239199852555598,1023.9199852555598,16894.679756716738,1,passes
AMLF_powerVel_linearK600_ID_powerVel_freewaterK600,AM,2023-06-03,6.541459659202945,-2.289356709412208,4.252102949790737,24,0.3012611921060016,0.10103578869431884,43387.2541374235,6.672274484440205,6.209583333333334,71.85541666666667,1.362,24.19,4.769133887967834,12.452323765119402,9.590370926172772,2.815501301143396,1.3082900867995,16.5,1.0239199852555598,1023.9199852555598,16894.679756716738,1,passes
AMLF_powerVel_linearK600_ID_powerVel_freewaterK600,AM,2023-06-04,6.489031197140967,-1.6249184521647122,4.864112744976255,24,0.2918807971299326,0.10510981445199934,43731.646479501236,6.725740741294147,6.191666666666666,71.70791666666666,1.362,24.19,4.784826620576145,12.502886526807044,9.394667683543442,2.7063474345192335,1.3502271608228704,16.5,1.0239199852555598,1023.9199852555598,16894.679756716738,1,passes
AMLF_powerVel_linearK600_ID_powerVel_freewaterK600,AM,2023-06-05,8.773973264756075,-0.9294342405408959,7.8445390242151785,24,0.2799712924345233,0.11074865177846074,44190.33970229748,6.79362238579552,6.52375,71.89166666666667,1.362,24.19,4.610823492943489,13.50410670123892,8.77321989702325,2.5690815529303594,1.4084046806303612,16.5,1.0239199852555598,1023.9199852555598,16894.679756716738,1,passes
AMLF_powerVel_linearK600_ID_powerVel_freewaterK600,AM,2023-06-06,9.122457419864087,-0.24276810252279796,8.87968931734129,24,0.2631526333453947,0.11969201069168399,44881.1226796734,6.889485166530481,6.4783333333333335,72.27708333333334,1.362,24.19,4.616939639588671,13.595947451297008,8.375667332427454,2.3776991576483955,1.5009110379788062,16.5,1.0239199852555598,1023.9199852555598,16894.679756716738,1,passes
AMLF_powerVel_linearK600_ID_powerVel_freewaterK600,AM,2023-06-07,9.718597630681858,0.32031508322222213,10.03891271390408,24,0.2488132133148418,0.12833035762161682,45512.39680563797,6.971216811780603,6.3741666666666665,72.36291666666666,1.362,24.19,4.664408021629201,13.506000084791172,8.09494862169498,2.2167804590581346,1.5904590639749605,16.5,1.0239199852555598,1023.9199852555598,16894.679756716738,1,passes
AMLF_powerVel_linearK600_ID_powerVel_freewaterK600,AM,2023-06-08,9.85868557936614,0.5499204293433649,10.408606008709505,24,0.24346273328108356,0.13184168439899913,45759.480019933806,7.0017134103254,6.35125,73.01833333333333,1.362,24.19,4.646738012083935,13.514685696239189,7.922517477300154,2.1573125976437324,1.626903702949904,16.5,1.0239199852555598,1023.9199852555598,16894.679756716738,1,passes
AMLF_powerVel_linearK600_ID_powerVel_freewaterK600,AM,2023-06-09,7.531085837317393,0.1403898307532671,7.67147566807066,24,0.24569546162559777,0.13035204818522034,45655.41875205954,6.988987333496287,6.065833333333333,72.53916666666666,1.362,24.19,4.810193703326574,12.710687179782111,8.259058011866438,2.1820821642381087,1.6114392022454322,16.5,1.0239199852555598,1023.9199852555598,16894.679756716738,1,passes
AMLF_powerVel_linearK600_ID_powerVel_freewaterK600,AM,2023-06-10,8.001417722969583,-0.038314955257094496,7.963102767712488,24,0.25205097934059456,0.1262584363801352,45364.95521670398,6.952762233864907,6.203333333333333,72.03333333333333,1.362,24.19,4.763978837495886,12.997582928748914,8.346053821707113,2.252867208707269,1.5689615025387564,16.5,1.0239199852555598,1023.9199852555598,16894.679756716738,1,passes
AMLF_powerVel_linearK600_ID_powerVel_freewaterK600,AM,2023-06-11,7.8961008816038145,-0.2729794903305736,7.623121391273241,24,0.254886690599099,0.1244968240886793,45237.92922123519,6.9365992826354965,6.18375,72.3,1.362,24.19,4.7615512130357,12.910748355079148,8.418430961781329,2.284576724094205,1.5506912581371899,16.5,1.0239199852555598,1023.9199852555598,16894.679756716738,1,passes
AMLF_powerVel_linearK600_ID_powerVel_freewaterK600,AM,2023-06-12,6.094016116396461,-0.2520905544035818,5.84192556199288,24,0.2550367864393744,0.12440516874751735,45231.26936847329,6.935743768260106,5.899583333333333,71.99291666666666,1.362,24.19,4.917502282908288,12.148283448428684,8.698478444865573,2.2862583148996607,1.5497409125310535,16.5,1.0239199852555598,1023.9199852555598,16894.679756716738,1,passes
AMLF_powerVel_linearK600_ID_powerVel_freewaterK600,AM,2023-06-13,7.45934264860174,-0.14184130452167612,7.317501344080064,24,0.2539973370609634,0.12504237058178444,45277.489851178805,6.941668408703773,6.11,72.64666666666666,1.362,24.19,4.7825061903301656,12.724785618868934,8.432602950735284,2.2746179069417902,1.5563482443372378,16.5,1.0239199852555598,1023.9199852555598,16894.679756716738,1,passes
AMLF_powerVel_linearK600_ID_powerVel_freewaterK600,AM,2023-06-14,7.610697100501392,0.27499803209285717,7.8856951325942495,24,0.2544111627598615,0.12479062958661624,45259.166871549154,6.939309690209883,6.19,72.565,1.362,24.19,4.7465444605348095,12.933067302232837,8.378911480235002,2.279256137599894,1.5537381708972169,16.5,1.0239199852555598,1023.9199852555598,16894.679756716738,1,passes
AMLF_powerVel_linearK600_ID_powerVel_freewaterK600,AM,2023-06-15,3.327895533811993,0.019279040286534866,3.347174574098528,24,0.2529457635304401,0.12572495778282916,45325.770664395684,6.947662154236578,5.475416666666667,71.10875,1.362,24.19,5.170606338258571,11.036204419021201,9.086899090844815,2.262917730312514,1.5634320209033497,16.5,1.0239199852555598,1023.9199852555598,16894.679756716738,1,passes
AMLF_powerVel_linearK600_ID_powerVel_freewaterK600,AM,2023-06-16,5.196026586887286,-0.16131086029154282,5.034715726595743,24,0.2773747290102859,0.1128059820347279,44327.16657143827,6.808422245218497,5.997083333333333,71.83208333333333,1.362,24.19,4.876094102454656,12.160486471484864,9.196683820922091,2.5413107140449602,1.4298344189000685,16.5,1.0239199852555598,1023.9199852555598,16894.679756716738,1,passes
AMLF_powerVel_linearK600_ID_powerVel_freewaterK600,AM,2023-06-17,-0.5957673969606345,-4.887643760306477,-5.483411157267112,24,0.4394518843921384,0.0653050550260141,39634.89023899413,5.884616921251869,5.760416666666667,72.38791666666667,1.362,24.19,4.969375818291714,10.304172766039134,12.688221981060536,4.530891793153721,0.9504046805492818,16.5,1.0239199852555598,1023.9199852555598,16894.679756716738,1,passes
AMLF_powerVel_linearK600_ID_powerVel_freewaterK600,AM,2023-06-18,-5.92875016566055,-10.78018739308619,-16.70893755874674,24,0.6810858584200327,0.036874714805121986,35429.43562405887,4.50735464679825,5.2525,72.50874999999999,1.362,24.19,5.2178925401140575,8.141070193634096,15.889109319579262,7.81483130033786,0.704795498810185,16.5,1.0239199852555598,1023.9199852555598,16894.679756716738,1,passes
AMLF_powerVel_linearK600_ID_powerVel_freewaterK600,AM,2023-06-19,-9.196948846162183,-14.212302476508475,-23.409251322670656,24,0.8365961047035694,0.028235717957688124,33617.536966134525,3.6209793084007558,4.3029166666666665,71.65708333333333,1.362,24.19,5.731085379624636,5.842635017904949,17.338287611309184,10.09476769909677,0.6737939078065728,16.5,1.0239199852555598,1023.9199852555598,16894.679756716738,1,passes
AMLF_powerVel_linearK600_ID_powerVel_freewaterK600,AM,2023-06-20,-8.043697400315965,-13.004806728007114,-21.04850412832308,24,0.90834405101015,0.025434195559330575,32927.154464433224,3.212031269884574,4.529166666666667,72.52916666666667,1.362,24.19,5.5782932491216295,6.1682628013885505,16.279089088242493,11.18626970084695,0.6842316603632235,16.5,1.0239199852555598,1023.9199852555598,16894.679756716738,1,passes
AMLF_powerVel_linearK600_ID_powerVel_freewaterK600,AM,2023-06-21,-9.21176518183298,-14.947002085001824,-24.158767266834804,24,0.9474080615025358,0.024129012025523984,32582.222981102197,2.9893747160764064,4.000416666666667,71.51125,1.362,24.19,5.889101211159894,5.083541040828967,16.684988265648965,11.790738176416196,0.6975080356511799,16.5,1.0239199852555598,1023.9199852555598,16894.679756716738,1,passes
AMLF_powerVel_linearK600_ID_powerVel_freewaterK600,AM,2023-06-22,-9.490554381657262,-10.659068927158586,-20.149623308815848,24,1.009059858279836,0.022313608251332547,32074.85673121476,2.6379725831799177,4.2125,71.45875,1.362,24.19,5.7855803131551,5.41006541164804,15.387500853930852,12.758321039724127,0.731722736584994,16.5,1.0239199852555598,1023.9199852555598,16894.679756716738,1,passes
AMLF_powerVel_linearK600_ID_powerVel_freewaterK600,AM,2023-06-23,-8.880088481671578,-9.433656386116589,-18.313744867788166,24,1.1268199516196538,0.01946456461942076,31206.69317301261,1.9667650899225952,3.637391304347826,72.1413043478261,1.362,24.19,6.041600921488804,4.203821065542855,13.32459124479922,14.648079456055786,0.8644067310833448,16.5,1.0239199852555598,1023.9199852555598,16894.679756716738,1,passes
AMLF_powerVel_linearK600_ID_powerVel_freewaterK600,AM,2023-06-24,-5.186576684158877,-9.572514280009251,-14.759090964168127,24,1.3021054484197707,0.016252386963016043,30100.172601311475,0.9676750282999158,2.09375,72.39208333333333,1.362,24.19,6.801765090507396,1.3005259626515246,8.49732404490849,17.55035819331639,1.6133115916938086,16.5,1.0239199852555598,1023.9199852555598,16894.679756716738,1,passes
AMLF_powerVel_linearK600_ID_powerVel_freewaterK600,AM,2023-06-25,-0.8495707492338502,-0.85429721049062,-1.7038679597244704,24,1.4849148483215935,0.013776458019898834,29124.27971556194,0.11671087188111624,1.5266666666666666,72.54583333333333,1.362,24.19,7.07811119868264,0.29173998495370357,1.14347702893024,20.68009520567369,17.400955534501623,16.5,1.0239199852555598,1023.9199852555598,16894.679756716738,0,too fast
AMLF_powerVel_linearK600_ID_powerVel_freewaterK600,AM,2023-06-26,-0.5621463225324654,-0.28243217157978046,-0.8445784941122458,24,1.6279344199976262,0.012269558117766142,28459.614166703912,0.05,1.4375,73.645,1.362,24.19,7.072581209654697,0.1303961296148413,0.5759948892503546,23.196772551236787,21.201796427499893,16.5,1.0239199852555598,1023.9199852555598,16894.679756716738,0,too fast
AMLF_powerVel_linearK600_ID_powerVel_freewaterK600,AM,2023-06-27,-0.556775900947456,0.007531704941299266,-0.5492441960061567,24,1.7143585147711013,0.011495863485801075,28092.50126978705,0.05,1.5279166666666666,74.66125,1.362,24.19,6.9822081996367045,0.2769371903669563,0.5985849221940976,24.744862594025953,19.86485210346426,16.5,1.0239199852555598,1023.9199852555598,16894.679756716738,0,too fast
AMLF_powerVel_linearK600_ID_powerVel_freewaterK600,AM,2023-06-28,-2.1905373158235046,-2.196256854029153,-4.386794169852658,24,1.7428100067474679,0.01126030696630423,27976.75013605473,0.05,0.43125,75.85249999999999,1.362,24.19,7.47838003669319,-1.5412487005314477,0.6516717562110774,25.25888413177242,19.45781043777371,16.5,1.0239199852555598,1023.9199852555598,16894.679756716738,0,too fast
AMLF_powerVel_linearK600_ID_powerVel_freewaterK600,AM,2023-06-29,-2.085778785244825,-2.6328343594043875,-4.718613144649213,24,1.7276899286404999,0.011383995898973629,28037.857230854243,0.05,0.3620833333333333,74.40291666666667,1.362,24.19,7.576519867553246,-1.6592109705036813,0.6545076373076282,24.985355548680534,19.67154491342643,16.5,1.0239199852555598,1023.9199852555598,16894.679756716738,0,too fast
AMLF_powerVel_linearK600_ID_powerVel_freewaterK600,AM,2023-06-30,-1.3470286444116075,-2.242946792262315,-3.5899754366739227,24,1.6930124438610719,0.01167642723530022,28180.38698435364,0.05,0.7079166666666666,73.64833333333334,1.362,24.19,7.437219970417226,-1.0907427813739152,0.6295850913088205,24.36013087213499,20.17686626259878,16.5,1.0239199852555598,1023.9199852555598,16894.679756716738,0,too fast
AMLF_powerVel_linearK600_ID_powerVel_freewaterK600,AM,2023-07-01,-0.4597709708909857,-1.782412654252253,-2.2421836251432388,24,1.6574145155342759,0.011990685290655119,28330.46863785247,0.05,1.1170833333333334,73.385,1.362,24.19,7.244578128151534,-0.41049504011556703,0.6003766321759466,23.72156580853335,20.719904182252044,16.5,1.0239199852555598,1023.9199852555598,16894.679756716738,0,too fast
AMLF_powerVel_linearK600_ID_powerVel_freewaterK600,AM,2023-07-02,-0.2172937684513488,-1.7576521086456303,-1.974945877096979,24,1.6242113822499176,0.01229783875151696,28474.139677778297,0.05,1.1995833333333332,73.26041666666667,1.362,24.19,7.208956535642832,-0.27366380290067316,0.5854459406316262,23.129047497006766,21.250665362621305,16.5,1.0239199852555598,1023.9199852555598,16894.679756716738,0,too fast
AMLF_powerVel_linearK600_ID_powerVel_freewaterK600,AM,2023-07-03,-0.011587305868122824,-1.612934519834188,-1.6245218257023109,24,1.5871537722912856,0.012658263560000473,28639.01304296601,0.05,1.2966666666666666,73.07333333333334,1.362,24.19,7.168981194818586,-0.10980933225958023,0.5690059794277365,22.471411443214038,21.873479431680813,16.5,1.0239199852555598,1023.9199852555598,16894.679756716738,0,too fast
AMLF_powerVel_linearK600_ID_powerVel_freewaterK600,AM,2023-07-04,0.4789734589820585,-1.327358423031371,-0.8483849640493126,24,1.5347272834922818,0.013202424140335326,28880.82916751004,0.05,1.5179166666666668,72.94583333333334,1.362,24.19,7.0642593576411326,0.26861904485950105,0.5422838700497049,21.547702891300332,22.81378891449944,16.5,1.0239199852555598,1023.9199852555598,16894.679756716738,0,too fast
AMLF_powerVel_linearK600_ID_powerVel_freewaterK600,AM,2023-07-05,0.4005156605614946,-0.8294966908585832,-0.4289810302970886,24,1.4672949132282929,0.013966453930968141,29207.35011475993,0.09008045462381274,1.805,72.64541666666666,1.362,24.19,6.934446021181775,0.7691394020168102,0.8811288878803479,20.371064348361884,17.914815391112093,16.5,1.0239199852555598,1023.9199852555598,16894.679756716738,0,too fast
AMLF_powerVel_linearK600_ID_powerVel_freewaterK600,AM,2023-07-06,-2.0831477748933627,-3.9911762668130915,-6.074324041706454,24,1.3924681876681249,0.014911923453273216,29592.270902435208,0.4526266279922652,2.111666666666667,72.62625,1.362,24.19,6.782115454648084,1.3177186774580447,4.195878323984628,19.08107176569861,3.087876296478813,16.5,1.0239199852555598,1023.9199852555598,16894.679756716738,0.5833333333333334,passes
AMLF_powerVel_linearK600_ID_powerVel_freewaterK600,AM,2023-07-07,-5.536009796989509,-7.090725094834588,-12.626734891824096,24,1.3138090778805978,0.016037331972115123,30025.79952328616,0.9009668288613709,2.335,72.20541666666666,1.362,24.19,6.689640597990882,1.7337310944400497,7.8527591281214635,17.743559163145054,1.566891172972161,16.5,1.0239199852555598,1023.9199852555598,16894.679756716738,1,passes
AMLF_powerVel_linearK600_ID_powerVel_freewaterK600,AM,2023-07-08,-7.089476472219054,-9.534969479964559,-16.624445952183613,24,1.2270454307154612,0.017472398859772642,30544.031946947656,1.3955011695528519,2.8958333333333335,72.11625,1.362,24.19,6.413418664375564,2.780762448510905,10.88919434062392,16.2917035565974,1.0925998598423057,16.5,1.0239199852555598,1023.9199852555598,16894.679756716738,1,passes
AMLF_powerVel_linearK600_ID_powerVel_freewaterK600,AM,2023-07-09,-8.694314259516089,-12.062186575093307,-20.756500834609398,24,1.1268590778592176,0.019439280954399497,31202.056559127268,1.9665420786763115,3.2895833333333333,72.33833333333334,1.362,24.19,6.206335248239693,3.5694598321390667,13.667054223145662,14.646660611439104,0.8578928118074727,16.5,1.0239199852555598,1023.9199852555598,16894.679756716738,1,passes
AMLF_powerVel_linearK600_ID_powerVel_freewaterK600,AM,2023-07-10,-11.396934666381455,-12.712753784292252,-24.10968845067371,24,1.0307418456225548,0.021729758343557098,31905.059509886814,2.514389865466306,3.44125,72.045,1.362,24.19,6.143827433928817,3.932005256481237,15.877197888658857,13.101991451718321,0.7478960289032839,16.5,1.0239199852555598,1023.9199852555598,16894.679756716738,1,passes
AMLF_powerVel_linearK600_ID_powerVel_freewaterK600,AM,2023-07-11,-10.480274372096149,-13.775627035920952,-24.255901408017102,24,0.9487228761205471,0.024098281080041594,32572.591594182522,2.9818805523166443,3.8775,72.24541666666667,1.362,24.19,5.916636018859282,4.855078786423861,16.708416768447012,11.811798349512793,0.6986090921378815,16.5,1.0239199852555598,1023.9199852555598,16894.679756716738,1,passes
AMLF_powerVel_linearK600_ID_powerVel_freewaterK600,AM,2023-07-12,-9.084769037764696,-14.057683617219851,-23.142452654984545,24,0.8865748102221488,0.02622067914420529,33127.91424297448,3.336111313684002,4.279166666666667,72.315,1.362,24.19,5.7127383679067,5.7244276723569305,16.881244451561276,10.852335997545671,0.6791563410285485,16.5,1.0239199852555598,1023.9199852555598,16894.679756716738,1,passes
AMLF_powerVel_linearK600_ID_powerVel_freewaterK600,AM,2023-07-13,-8.58546962296113,-13.409021990191453,-21.994491613152583,24,0.8362742526679197,0.028205377678512205,33614.98738888187,3.622813796570061,4.535833333333334,72.28125,1.362,24.19,5.586090852431053,6.318527933239391,16.913811042546488,10.088191757451312,0.6726821594064147,16.5,1.0239199852555598,1023.9199852555598,16894.679756716738,1,passes
AMLF_powerVel_linearK600_ID_powerVel_freewaterK600,AM,2023-07-14,-8.089093070181018,-13.52257912907826,-21.611672199259278,24,0.7916181503874296,0.03020682097069254,34079.14326962971,3.877344084550017,4.652083333333334,72.04458333333334,1.362,24.19,5.5386131853766205,6.640133305903097,16.99317890062463,9.41934538516608,0.6730913958038052,16.5,1.0239199852555598,1023.9199852555598,16894.679756716738,1,passes
AMLF_powerVel_linearK600_ID_powerVel_freewaterK600,AM,2023-07-15,-8.402800983708037,-12.986110911655892,-21.38891189536393,24,0.7525960706850175,0.03217396493335034,34512.141397748186,4.0997616417708835,4.675,71.81416666666667,1.362,24.19,5.537657373123716,6.770177739461932,17.082691193148243,8.842485110194849,0.6780224689215152,16.5,1.0239199852555598,1023.9199852555598,16894.679756716738,1,passes
AMLF_powerVel_linearK600_ID_powerVel_freewaterK600,AM,2023-07-16,-9.121266188722137,-12.272146434417774,-21.39341262313991,24,0.7262248621600007,0.03363506737284543,34820.56836657858,4.250071923176356,4.620416666666666,71.99416666666666,1.362,24.19,5.556851348955161,6.716369606574748,17.150502564336733,8.456736207803228,0.6837610817123438,16.5,1.0239199852555598,1023.9199852555598,16894.679756716738,1,passes
AMLF_powerVel_linearK600_ID_powerVel_freewaterK600,AM,2023-07-17,-7.105870563405848,-12.089586176430196,-19.195456739836043,24,0.7145161030038498,0.034323898191595585,34962.16359024797,4.316809360787543,4.95,72.16,1.362,24.19,5.384498926284613,7.425524038586734,16.60794277408606,8.286610555693418,0.686982420821726,16.5,1.0239199852555598,1023.9199852555598,16894.679756716738,1,passes
AMLF_powerVel_linearK600_ID_powerVel_freewaterK600,AM,2023-07-18,-5.004695523999423,-12.017288747600482,-17.021984271599905,24,0.6982484764261119,0.03533076811397068,35164.51065278407,4.409531373371052,5.1970833333333335,72.11916666666667,1.362,24.19,5.2627941234265725,7.983950590347458,16.2027513418307,8.051571340904038,0.6922456216844226,16.5,1.0239199852555598,1023.9199852555598,16894.679756716738,1,passes
AMLF_powerVel_linearK600_ID_powerVel_freewaterK600,AM,2023-07-19,-5.016923975419085,-11.580586951963234,-16.59751092738232,24,0.6650949773447985,0.03755665444740434,35595.87659559831,4.598499268860593,5.1866666666666665,72.28208333333333,1.362,24.19,5.260596015624485,8.061109323535952,16.086378829871105,7.576825519971855,0.7055652042689028,16.5,1.0239199852555598,1023.9199852555598,16894.679756716738,1,passes
AMLF_powerVel_linearK600_ID_powerVel_freewaterK600,AM,2023-07-20,-4.033022461049881,-11.231442666984458,-15.264465128034338,24,0.6231654471958353,0.04074269606707475,36180.16728698457,4.837488675429166,5.348333333333334,72.60833333333333,1.362,24.19,5.166246525816084,8.540846163526147,15.573210377048769,6.984561023076358,0.7275939185531461,16.5,1.0239199852555598,1023.9199852555598,16894.679756716738,1,passes
AMLF_powerVel_linearK600_ID_powerVel_freewaterK600,AM,2023-07-21,-3.654218220705434,-10.774077928767975,-14.42829614947341,24,0.5929473938733449,0.0433407181294919,36631.238500916035,5.009725154243563,5.375416666666666,72.44958333333334,1.362,24.19,5.158707097744207,8.704356144274833,15.325182576672992,6.563573953922089,0.7474426301478111,16.5,1.0239199852555598,1023.9199852555598,16894.679756716738,1,passes
AMLF_powerVel_linearK600_ID_powerVel_freewaterK600,AM,2023-07-22,-4.248678103592796,-10.469023407005395,-14.71770151059819,24,0.5802927305684648,0.044519163871076815,36828.746852908895,5.081854044379319,5.2820833333333335,72.18458333333334,1.362,24.19,5.217418866275252,8.546127865147318,15.386616511828697,6.388848854490822,0.7568974374098448,16.5,1.0239199852555598,1023.9199852555598,16894.679756716738,1,passes
AMLF_powerVel_linearK600_ID_powerVel_freewaterK600,AM,2023-07-23,-5.810197433756269,-10.287143201249036,-16.097340635005303,24,0.5803145796949027,0.04451718104905799,36828.41056265418,5.0817295090043,5.0725,71.67041666666667,1.362,24.19,5.345590435422927,8.088234936298564,15.763826439843486,6.389151336439433,0.7568817457319345,16.5,1.0239199852555598,1023.9199852555598,16894.679756716738,1,passes
AMLF_powerVel_linearK600_ID_powerVel_freewaterK600,AM,2023-07-24,-4.330691082303742,-10.833622051685971,-15.164313133989713,24,0.5914285547454409,0.04347693711785501,36654.45474263423,5.018382214328933,5.264583333333333,72.20875,1.362,24.19,5.225002971427559,8.465954352082,15.506200004961672,6.542515740973596,0.748512344092883,16.5,1.0239199852555598,1023.9199852555598,16894.679756716738,1,passes
AMLF_powerVel_linearK600_ID_powerVel_freewaterK600,AM,2023-07-25,-4.0590950400244825,-11.111550120920786,-15.170645160945268,24,0.610395172613683,0.04179764722373944,36366.63075249811,4.910276525263486,5.341666666666667,72.06125,1.362,24.19,5.193180485030978,8.564497148075672,15.562115138473613,6.805869451787258,0.7354310618174225,16.5,1.0239199852555598,1023.9199852555598,16894.679756716738,1,passes
AMLF_powerVel_linearK600_ID_powerVel_freewaterK600,AM,2023-07-26,-3.8831354175818857,-11.626436444853914,-15.509571862435799,24,0.6252370296424762,0.04055546987459687,36148.325209293216,4.825681095954232,5.345833333333333,72.275,1.362,24.19,5.181387053256924,8.52267003374137,15.632180879353267,7.013238744341314,0.7261117441581347,16.5,1.0239199852555598,1023.9199852555598,16894.679756716738,1,passes
AMLF_powerVel_linearK600_ID_powerVel_freewaterK600,AM,2023-07-27,-3.452397388453686,-11.659543794988501,-15.111941183442188,24,0.6162998280832164,0.04129726774611392,36279.17753275251,4.87662124456651,5.390416666666667,72.1375,1.362,24.19,5.165269039981975,8.652240786577428,15.524282511087288,6.888254815510097,0.7316437074913992,16.5,1.0239199852555598,1023.9199852555598,16894.679756716738,1,passes
AMLF_powerVel_linearK600_ID_powerVel_freewaterK600,AM,2023-07-28,-3.7107761218918593,-11.253701553379296,-14.964477675271155,24,0.5910815036010144,0.043516283753914385,36660.52949463752,5.020360332060298,5.321666666666666,72.00083333333333,1.362,24.19,5.205847380479203,8.594553104976933,15.44821482332189,6.53784137592017,0.7488592061865174,16.5,1.0239199852555598,1023.9199852555598,16894.679756716738,1,passes
AMLF_powerVel_linearK600_ID_powerVel_freewaterK600,AM,2023-07-29,-3.261055535765496,-10.850710973282427,-14.111766509047921,24,0.5659991077263122,0.04593495032757176,37059.61452915077,5.163324655393201,5.262083333333333,72.04083333333332,1.362,24.19,5.233861565042989,8.557617939873682,15.29726555116777,6.192842452808852,0.7686173094666984,16.5,1.0239199852555598,1023.9199852555598,16894.679756716738,1,passes
AMLF_powerVel_linearK600_ID_powerVel_freewaterK600,AM,2023-07-30,-3.071618235295123,-10.62067374851683,-13.692291983811954,24,0.5567194228344909,0.04688768812780367,37212.518402362606,5.216216886180447,5.280833333333334,72.10583333333334,1.362,24.19,5.221570309154292,8.632831546001103,15.16443355818951,6.066098700321007,0.7766328044612568,16.5,1.0239199852555598,1023.9199852555598,16894.679756716738,1,passes
AMLF_powerVel_linearK600_ID_powerVel_freewaterK600,AM,2023-07-31,-3.358772992543305,-10.909263402434467,-14.268036394977772,24,0.5747970105448684,0.045068287744391006,36917.95382021964,5.113178479984491,5.357083333333334,72.08125,1.362,24.19,5.184589770653726,8.728592894433772,15.233403557765062,6.3135640513770825,0.7614624533268766,16.5,1.0239199852555598,1023.9199852555598,16894.679756716738,1,passes
AMLF_powerVel_linearK600_ID_powerVel_freewaterK600,AM,2023-08-01,-3.3983334605159174,-11.802347747678425,-15.200681208194343,22,0.6137596745408116,0.04153051373697861,36318.550600577684,4.8910995796572125,5.278636363636363,72.36454545454545,1.362,24.19,5.210831300353047,8.414948026482872,15.633287981163566,6.853144352844709,0.733504730743515,16.5,1.0239199852555598,1023.9199852555598,16894.679756716738,1,passes
AMLF_powerVel_linearK600_ID_powerVel_freewaterK600,AM,2023-08-02,-3.9418088198747356,-12.265559331448863,-16.2073681513236,24,0.65315610275571,0.03840897587967141,35756.620360430315,4.666548315511154,5.237916666666667,72.24666666666667,1.362,24.19,5.236556848245462,8.199511388558046,15.95637252623759,7.407035279038378,0.7110896424946758,16.5,1.0239199852555598,1023.9199852555598,16894.679756716738,1,passes
AMLF_powerVel_linearK600_ID_powerVel_freewaterK600,AM,2023-08-04,-3.2018572554412446,-13.251921240772958,-16.453778496214202,24,0.6929629047164745,0.03566414333586878,35230.95138037009,4.4396580082695145,5.292916666666667,72.39541666666666,1.362,24.19,5.202095417933123,8.194979618272212,16.003116200323824,7.975365421290221,0.6940521993466083,16.5,1.0239199852555598,1023.9199852555598,16894.679756716738,1,passes
AMLF_powerVel_linearK600_ID_powerVel_freewaterK600,AM,2023-08-05,-7.557572084684664,-13.753846390213832,-21.311418474898495,24,0.6993968132640335,0.035253229370775074,35149.51091835407,4.402986097560406,4.609583333333333,71.81333333333333,1.362,24.19,5.570410022055897,6.75596462547581,17.153495766861344,8.067998472362914,0.6917753712524375,16.5,1.0239199852555598,1023.9199852555598,16894.679756716738,1,passes
AMLF_powerVel_linearK600_ID_powerVel_freewaterK600,AM,2023-08-06,-5.959415238429996,-13.40625291818716,-19.365668156617154,24,0.7076855629554705,0.03474352525350047,35046.77913580821,4.35574198671742,4.886666666666667,72.22708333333333,1.362,24.19,5.41311206899079,7.311228380283479,16.683777555268843,8.187841739870182,0.68914466339218,16.5,1.0239199852555598,1023.9199852555598,16894.679756716738,1,passes
AMLF_powerVel_linearK600_ID_powerVel_freewaterK600,AM,2023-08-07,-6.352466004521452,-13.606210241557855,-19.958676246079307,24,0.7488452734717177,0.03238669605537604,34556.596432051156,4.121140388372167,4.913333333333333,72.38875,1.362,24.19,5.392411784882777,7.259319586354848,16.634179022974802,8.787770630332824,0.6789270551411052,16.5,1.0239199852555598,1023.9199852555598,16894.679756716738,1,passes
AMLF_powerVel_linearK600_ID_powerVel_freewaterK600,AM,2023-08-08,-6.069308799744094,-13.649316240947226,-19.71862504069132,24,0.7902128761053105,0.030266733227525166,34093.37520042563,3.8853538491611768,4.867083333333333,72.48333333333333,1.362,24.19,5.4111882526929005,7.070328536110568,16.613807413072763,9.39819859855937,0.6730470030129859,16.5,1.0239199852555598,1023.9199852555598,16894.679756716738,1,passes
AMLF_powerVel_linearK600_ID_powerVel_freewaterK600,AM,2023-08-09,-6.64523860395648,-13.76642551290178,-20.41166411685826,24,0.7969985791948802,0.029942286729965857,34020.2432927291,3.846676784363042,4.764583333333333,72.37875,1.362,24.19,5.467205124006196,6.851938378763514,16.76105431598659,9.499090672068892,0.6725318024319341,16.5,1.0239199852555598,1023.9199852555598,16894.679756716738,1,passes
AMLF_powerVel_linearK600_ID_powerVel_freewaterK600,AM,2023-08-10,-8.216896036245217,-14.240788726756952,-22.45768476300217,24,0.78493481378135,0.030520570375911087,34150.4428757652,3.9154376821579664,4.4783333333333335,72.10666666666667,1.362,24.19,5.622502282761075,6.30050920568115,17.278356058410914,9.319773154678895,0.6734778166140387,16.5,1.0239199852555598,1023.9199852555598,16894.679756716738,1,passes
AMLF_powerVel_linearK600_ID_powerVel_freewaterK600,AM,2023-08-11,-7.200770021245656,-13.999134907896517,-21.19990492914217,24,0.7555999068065238,0.03201675108172493,34478.101255281574,4.082640414569968,4.7370833333333335,72.22666666666666,1.362,24.19,5.48775847098457,6.890541274036039,16.923963331386222,8.886701327528035,0.6775312223332164,16.5,1.0239199852555598,1023.9199852555598,16894.679756716738,1,passes
AMLF_powerVel_linearK600_ID_powerVel_freewaterK600,AM,2023-08-12,-5.3571831690044345,-13.488257525782643,-18.84544069478708,23,0.7105155103003865,0.03458378536529953,35013.309713217815,4.339611888569909,4.917826086956522,72.34869565217392,1.362,24.19,5.391936086462808,7.373705143535402,16.619663004912024,8.229135317500198,0.6884707058121496,16.5,1.0239199852555598,1023.9199852555598,16894.679756716738,1,passes
AMLF_powerVel_linearK600_ID_powerVel_freewaterK600,AM,2023-08-13,-5.029725015424844,-12.735452360239833,-17.765177375664678,24,0.6615658268253054,0.037813156614182816,35643.868473768496,4.618614676434881,5.029583333333333,72.32916666666667,1.362,24.19,5.336923621782687,7.741740483310259,16.303257198441973,7.526735279522961,0.7072617637077611,16.5,1.0239199852555598,1023.9199852555598,16894.679756716738,1,passes
AMLF_powerVel_linearK600_ID_powerVel_freewaterK600,AM,2023-08-14,-6.117776448356238,-12.532521790126133,-18.65029823848237,24,0.6164645696837406,0.04130078922549192,36278.44467688069,4.875682252471761,4.797083333333333,71.97083333333333,1.362,24.19,5.4695039445240505,7.378873378938682,16.436741442272787,6.890877782114276,0.7317638958268973,16.5,1.0239199852555598,1023.9199852555598,16894.679756716738,1,passes
AMLF_powerVel_linearK600_ID_powerVel_freewaterK600,AM,2023-08-15,-6.0905632042293565,-11.321693805243951,-17.412257009473308,24,0.5780540158860424,0.044750341202773436,36865.775076823804,5.09461424206166,4.83625,71.80666666666667,1.362,24.19,5.45748082371085,7.582519467321822,16.070684197016202,6.3583009615723345,0.7588491336215685,16.5,1.0239199852555598,1023.9199852555598,16894.679756716738,1,passes
AMLF_powerVel_linearK600_ID_powerVel_freewaterK600,AM,2023-08-16,-4.152442976709345,-10.897038573204602,-15.049481549913947,23,0.560094436645496,0.046534770099141434,37156.33603186257,5.19698002507117,5.144347826086957,72.05956521739131,1.362,24.19,5.291783897128968,8.319901378277875,15.404777223028635,6.112100587433126,0.7736403853451184,16.5,1.0239199852555598,1023.9199852555598,16894.679756716738,1,passes
AMLF_powerVel_linearK600_ID_powerVel_freewaterK600,AM,2023-08-17,-5.012636768842796,-11.060976093443198,-16.073612862285994,24,0.5770838132411087,0.044844661893360574,36881.2827072987,5.100144190848117,5.019166666666667,71.96833333333333,1.362,24.19,5.358538413747591,7.98185516490142,15.766647457519401,6.344968584068803,0.759622834208226,16.5,1.0239199852555598,1023.9199852555598,16894.679756716738,1,passes
AMLF_powerVel_linearK600_ID_powerVel_freewaterK600,AM,2023-08-18,-5.55572006231255,-13.085154613787141,-18.640874676099692,24,0.6080603028414964,0.042001588944316624,36401.7977753084,4.9235847865124756,4.867916666666667,72.12125,1.362,24.19,5.427299450889535,7.5507694396003044,16.243753898360602,6.773400951464645,0.7370062283280131,16.5,1.0239199852555598,1023.9199852555598,16894.679756716738,1,passes
AMLF_powerVel_linearK600_ID_powerVel_freewaterK600,AM,2023-08-19,-5.286950582850392,-11.534393391005276,-16.82134397385567,24,0.6241902918255084,0.04064064196003199,36163.48319327816,4.831647278947965,5.06125,72.1775,1.362,24.19,5.328028326936999,7.917403887943597,16.067765757864976,6.998568369015883,0.7267374872424682,16.5,1.0239199852555598,1023.9199852555598,16894.679756716738,1,passes
AMLF_powerVel_linearK600_ID_powerVel_freewaterK600,AM,2023-08-20,-4.712597942825199,-11.528200706159902,-16.240798648985102,24,0.621674401656545,0.040847248778480005,36200.102626204,4.84598731796906,5.1375,72.25041666666667,1.362,24.19,5.286590898028444,8.090105149454313,15.926521025474583,6.963343254505798,0.7282661433475698,16.5,1.0239199852555598,1023.9199852555598,16894.679756716738,1,passes
AMLF_powerVel_linearK600_ID_powerVel_freewaterK600,AM,2023-08-21,-4.055389229971607,-11.606470052536833,-15.661859282508441,24,0.604538726357397,0.0423044797873995,36454.38758761141,4.943657023695453,5.175833333333333,72.21583333333334,1.362,24.19,5.268953925322588,8.230863902962472,15.747165176609808,6.724346882106406,0.7393222282707548,16.5,1.0239199852555598,1023.9199852555598,16894.679756716738,1,passes
AMLF_powerVel_linearK600_ID_powerVel_freewaterK600,AM,2023-08-22,-3.9935776788487205,-11.107293187419572,-15.100870866268291,24,0.5810001196471948,0.04446093041553086,36818.40735647978,5.077822077039399,5.172083333333333,72.15125,1.362,24.19,5.273838761778948,8.304998814955566,15.559029435232594,6.398737221520698,0.7564626972289757,16.5,1.0239199852555598,1023.9199852555598,16894.679756716738,1,passes
AMLF_powerVel_linearK600_ID_powerVel_freewaterK600,AM,2023-08-23,-2.773966825349649,-10.670772195522813,-13.444739020872461,24,0.551052401523818,0.0475145774339071,37309.854549411815,5.248517702698961,5.290416666666666,72.22583333333333,1.362,24.19,5.211159331923832,8.678641676457772,15.071977629803454,5.9893395269563205,0.7820659958447596,16.5,1.0239199852555598,1023.9199852555598,16894.679756716738,1,passes
AMLF_powerVel_linearK600_ID_powerVel_freewaterK600,AM,2023-08-24,-2.496942867204477,-9.683959434634478,-12.180902301838955,24,0.510825963589339,0.05225308740330931,38024.88019339871,5.477799845765533,5.2825,72.02416666666667,1.362,24.19,5.224298355824706,8.827371565531251,14.618363692807812,5.44809819730341,0.8239927171405004,16.5,1.0239199852555598,1023.9199852555598,16894.679756716738,1,passes
AMLF_powerVel_linearK600_ID_powerVel_freewaterK600,AM,2023-08-25,-1.0333947482912191,-8.63933571048515,-9.67273045877637,24,0.4711411576719726,0.05780149078811336,38800.67203550063,5.7039948014992525,5.33125,72.19208333333333,1.362,24.19,5.1924053788273925,9.119492078375966,13.955857307764152,4.924194571360432,0.8753883734777761,16.5,1.0239199852555598,1023.9199852555598,16894.679756716738,1,passes
AMLF_powerVel_linearK600_ID_powerVel_freewaterK600,AM,2023-08-26,-1.1075116836814602,-8.08599199062152,-9.193503674302981,24,0.44285474378186407,0.06243001260319716,39404.295038170654,5.86522134626456,5.30875,72.22958333333334,1.362,24.19,5.201847304324414,9.20744436671273,13.513426191075052,4.557285068059963,0.9195853794730621,16.5,1.0239199852555598,1023.9199852555598,16894.679756716738,1,passes
AMLF_powerVel_linearK600_ID_powerVel_freewaterK600,AM,2023-08-27,-0.7345852496696726,-7.642092682319931,-8.376677931989605,24,0.4278848206645617,0.06515699000721487,39743.46029217868,5.9505467250482225,5.324166666666667,72.26666666666667,1.362,24.19,5.192575849918107,9.321587173745218,13.22211333004626,4.365433602758646,0.9460463274387877,16.5,1.0239199852555598,1023.9199852555598,16894.679756716738,1,passes
AMLF_powerVel_linearK600_ID_powerVel_freewaterK600,AM,2023-08-28,-0.5892890760932137,-7.47713188662345,-8.066420962716665,24,0.4190545248062446,0.06687760954163016,39951.168714148684,6.000877533895989,5.3116666666666665,72.15375,1.362,24.19,5.203800143699538,9.340535672804494,13.086752703724066,4.253114920749133,0.9628850344533455,16.5,1.0239199852555598,1023.9199852555598,16894.679756716738,1,passes
AMLF_powerVel_linearK600_ID_powerVel_freewaterK600,AM,2023-08-29,0.04929765198188169,-7.370751661896458,-7.321454009914576,24,0.41278233209590603,0.06814724236761945,40101.864725821804,6.036627698717824,5.377916666666667,72.15833333333333,1.362,24.19,5.170564140455647,9.53183651962109,12.88339480316678,4.1736724583454405,0.97536454432742,16.5,1.0239199852555598,1023.9199852555598,16894.679756716738,1,passes
AMLF_powerVel_linearK600_ID_powerVel_freewaterK600,AM,2023-08-30,-7.883433287956316,-8.661710506595345,-16.54514379455166,24,0.417496951397525,0.06722702175379518,39990.8610055192,6.0097553711461185,4.056666666666667,72.235,1.362,24.19,5.8273837629120715,6.378082730887399,14.618226410719936,4.233629513401331,0.9663570611267913,16.5,1.0239199852555598,1023.9199852555598,16894.679756716738,1,passes
AMLF_powerVel_linearK600_ID_powerVel_freewaterK600,AM,2023-08-31,-6.184481263838295,-11.80824536222334,-17.992726626061636,24,0.5064312348529912,0.05342063211743303,38155.43151826138,5.502848865132032,4.411666666666667,72.37375,1.362,24.19,5.643891416843143,6.880216065429099,15.64225587436054,5.396485779868947,0.8360469539158196,16.5,1.0239199852555598,1023.9199852555598,16894.679756716738,1,passes
AMLF_powerVel_linearK600_ID_powerVel_freewaterK600,AM,2023-09-01,-12.269532682193011,-15.379038049921947,-27.64857073211496,21,0.7230339385205995,0.03440743552368111,34926.13658726928,4.2682595094497255,3.625238095238095,72.12238095238095,1.362,24.19,6.048514161045093,4.6768387876611905,18.427088311629884,8.426649444006163,0.6943946867779649,16.5,1.0239199852555598,1023.9199852555598,16894.679756716738,1,passes
AMLF_powerVel_linearK600_ID_powerVel_freewaterK600,AM,2023-09-02,-8.707148891522026,-16.622951662052515,-25.33010055357454,24,0.9894762512875958,0.022998612702331698,32252.84896259645,2.749594979064632,3.419583333333333,72.53416666666666,1.362,24.19,6.1325783863568395,3.9098543206744525,16.574904597461725,12.457404470120698,0.728261082726844,16.5,1.0239199852555598,1023.9199852555598,16894.679756716738,1,passes
AMLF_powerVel_linearK600_ID_powerVel_freewaterK600,AM,2023-09-03,-7.451057489873765,-13.995569030718752,-21.446626520592517,24,1.1897686421455096,0.018187632341722243,30785.80184416765,1.6079709384118113,2.442083333333333,72.78125,1.362,24.19,6.610262130366497,1.95256131465339,12.675874574949649,15.67810786720857,0.9976264051878414,16.5,1.0239199852555598,1023.9199852555598,16894.679756716738,1,passes
AMLF_powerVel_linearK600_ID_powerVel_freewaterK600,AM,2023-09-04,-4.778473236772048,-9.233719409350181,-14.01219264612223,24,1.3219947399133114,0.015916901444531686,29979.965853506208,0.8543102957540594,1.8441666666666667,72.76333333333334,1.362,24.19,6.9099893663010254,0.8483804678168929,7.854476790878007,17.88229614288608,1.6610989559833782,16.5,1.0239199852555598,1023.9199852555598,16894.679756716738,1,passes
AMLF_powerVel_linearK600_ID_powerVel_freewaterK600,AM,2023-09-05,-2.615742619845631,-5.746563253136011,-8.362305872981642,24,1.3908369865262589,0.014929918047863347,29600.090370342903,0.4619241276662069,1.57625,72.5875,1.362,24.19,7.05200389908948,0.37322288321122943,4.5543758197020505,19.05258695511914,2.844634093983023,16.5,1.0239199852555598,1023.9199852555598,16894.679756716738,0.6666666666666666,passes
AMLF_powerVel_linearK600_ID_powerVel_freewaterK600,AM,2023-09-06,-1.9543467775304024,-4.9676107852779,-6.921957562808302,24,1.405732415254852,0.014731035400789272,29521.061368342864,0.3770233510587931,1.5204166666666667,72.765,1.362,24.19,7.071786929157041,0.27748784294768797,3.7384666243518394,19.307778594986644,3.380017565959214,16.5,1.0239199852555598,1023.9199852555598,16894.679756716738,0,too fast
AMLF_powerVel_linearK600_ID_powerVel_freewaterK600,AM,2023-09-07,-2.3455945389372728,-6.0314396107492385,-8.377034149686512,24,1.384342514464174,0.015016971469467452,29634.62249170108,0.49894123753077524,1.6995833333333334,72.825,1.362,24.19,6.979302024189571,0.594837000513692,4.7833540753569475,18.941370930661112,2.6272600257098193,16.5,1.0239199852555598,1023.9199852555598,16894.679756716738,1,passes
AMLF_powerVel_linearK600_ID_powerVel_freewaterK600,AM,2023-09-08,-4.347995327487219,-6.959855150758839,-11.307850478246058,24,1.3496570700144852,0.015500930456588466,29823.198820232363,0.6966408958896539,1.8854166666666667,72.18916666666667,1.362,24.19,6.915213604050367,0.9263981313704305,6.4714958778571425,18.350021923247585,1.932218055979744,16.5,1.0239199852555598,1023.9199852555598,16894.679756716738,1,passes
AMLF_powerVel_linearK600_ID_powerVel_freewaterK600,AM,2023-09-09,-5.022381071710369,-8.694218273514673,-13.716599345225042,24,1.3295087887047654,0.01579420333176269,29935.348876677683,0.8114818153199351,1.8054166666666667,72.27083333333333,1.362,24.19,6.951488686611861,0.7864019023812573,7.491708358251933,18.008132184105353,1.6821850061481913,16.5,1.0239199852555598,1023.9199852555598,16894.679756716738,1,passes
AMLF_powerVel_linearK600_ID_powerVel_freewaterK600,AM,2023-09-10,-5.756190623288712,-8.720789408059957,-14.47698003134867,24,1.3196411654841214,0.015942267552253624,29991.210895839777,0.8677251695708844,1.8195833333333333,72.3725,1.362,24.19,6.9398105348109285,0.8138519143388239,7.92881698064769,17.841257665900947,1.5891689974626573,16.5,1.0239199852555598,1023.9199852555598,16894.679756716738,1,passes
AMLF_powerVel_linearK600_ID_powerVel_freewaterK600,AM,2023-09-11,-6.39962673333031,-9.754388033773438,-16.154014767103746,24,1.2892433568240809,0.016415173735659244,30166.778105549183,1.0409862155887772,1.9675,72.53833333333333,1.362,24.19,6.858298784885401,1.0849057226975403,9.161913106249413,17.329237391994404,1.367461503617748,16.5,1.0239199852555598,1023.9199852555598,16894.679756716738,1,passes
AMLF_powerVel_linearK600_ID_powerVel_freewaterK600,AM,2023-09-12,-8.431608148425031,-11.161818266087035,-19.593426414512066,24,1.243003595856536,0.01718290346584092,30443.65305180328,1.304543021358982,2.04875,72.25666666666666,1.362,24.19,6.830604629656086,1.241071212837673,11.037784420093706,16.555956643769274,1.1413576540484724,16.5,1.0239199852555598,1023.9199852555598,16894.679756716738,1,passes
AMLF_powerVel_linearK600_ID_powerVel_freewaterK600,AM,2023-09-13,-8.917824186373421,-13.034015425893257,-21.951839612266678,24,1.1870446063509632,0.018204100514793653,30796.757827219575,1.6234973632416945,2.4183333333333334,72.37375,1.362,24.19,6.640647318273047,1.9321685007508744,12.736580338570887,15.629873352382424,0.9715992744444527,16.5,1.0239199852555598,1023.9199852555598,16894.679756716738,1,passes
AMLF_powerVel_linearK600_ID_powerVel_freewaterK600,AM,2023-09-14,-9.979752015694512,-14.214067772458614,-24.193819788153128,24,1.1190587418016193,0.0195993155045664,31254.603071693295,2.0110023356555304,2.69375,72.45333333333333,1.362,24.19,6.499165330431768,2.4711078526152663,14.56801774669183,14.519259393413344,0.8437482906283569,16.5,1.0239199852555598,1023.9199852555598,16894.679756716738,1,passes
AMLF_powerVel_linearK600_ID_powerVel_freewaterK600,AM,2023-09-15,-10.37374002188551,-15.708488368145991,-26.082228390031503,24,1.05044669498629,0.021212212438206732,31752.85129551998,2.402076413843269,2.9545833333333333,72.3325,1.362,24.19,6.37424541569346,2.999973022690803,16.041087217706554,13.415172213199227,0.7637487941872038,16.5,1.0239199852555598,1023.9199852555598,16894.679756716738,1,passes
AMLF_powerVel_linearK600_ID_powerVel_freewaterK600,AM,2023-09-16,-9.493083423137453,-15.695356100750331,-25.188439523887784,24,0.9916018543555355,0.022794294439227317,32213.29688438197,2.7374794935344466,3.4545833333333333,72.35041666666666,1.362,24.19,6.123302719307222,3.996811057945203,16.591030819889095,12.482307492507944,0.7197140179585335,16.5,1.0239199852555598,1023.9199852555598,16894.679756716738,1,passes
AMLF_powerVel_linearK600_ID_powerVel_freewaterK600,AM,2023-09-17,-10.373936132761603,-17.382248775521973,-27.756184908283576,24,0.9445536824286256,0.024220327371195362,32606.828085050307,3.0056440698843794,3.37625,72.33791666666667,1.362,24.19,6.163097084521113,3.8925684091706096,17.478647836530715,11.74635832269526,0.6963550722178824,16.5,1.0239199852555598,1023.9199852555598,16894.679756716738,1,passes
AMLF_powerVel_linearK600_ID_powerVel_freewaterK600,AM,2023-09-18,-8.978683615301223,-17.28477354302672,-26.263457158327945,24,0.9029849574179075,0.02562149840187345,32975.67996353656,3.2425769638812696,3.6687499999999997,72.08,1.362,24.19,6.028980867399545,4.507191512570779,17.63892009173475,11.103763481586233,0.6827570390783436,16.5,1.0239199852555598,1023.9199852555598,16894.679756716738,1,passes
AMLF_powerVel_linearK600_ID_powerVel_freewaterK600,AM,2023-09-19,-8.46011519746233,-16.141272017748506,-24.601387215210835,24,0.865792714365574,0.02700306886754787,33324.011763798204,3.454564841266324,4.020416666666667,71.72125,1.362,24.19,5.8700475409695505,5.247389334153375,17.548082941758793,10.535004589015212,0.6753788947086121,16.5,1.0239199852555598,1023.9199852555598,16894.679756716738,1,passes
AMLF_powerVel_linearK600_ID_powerVel_freewaterK600,AM,2023-09-20,-6.587333482659883,-16.885510530117944,-23.472844012777827,24,0.8375899958970887,0.028142110286633906,33600.73230393828,3.6153143399241463,3.0258333333333334,71.01083333333334,1.362,24.19,6.39990953093913,3.304875414737688,19.33220452423413,10.107720348341916,0.6725539643745223,16.5,1.0239199852555598,1023.9199852555598,16894.679756716738,1,passes
AMLF_powerVel_linearK600_ID_powerVel_freewaterK600,AM,2023-10-02,-6.7222776374897535,-15.634810397526522,-22.357088035016275,24,0.7066697338057981,0.03486916967407806,35066.43355232497,4.3615319968795365,5.13,72.38181818181818,1.362,24.19,5.284364581274513,7.871388438254857,16.214126577569477,8.174800088006396,0.6904509228363799,16.5,1.0239199852555598,1023.9199852555598,16894.679756716738,1,passes
AMLF_powerVel_linearK600_ID_powerVel_freewaterK600,AM,2023-10-03,-4.041304712706058,-14.35475580538958,-18.396060518095638,24,0.6272516640175577,0.040423815027343456,36122.37107546128,4.814198108378581,4.79625,71.74583333333334,1.362,24.19,5.480720170542299,7.351462973154153,16.54949323220197,7.042106523884348,0.7253335278615178,16.5,1.0239199852555598,1023.9199852555598,16894.679756716738,1,passes
AMLF_powerVel_linearK600_ID_powerVel_freewaterK600,AM,2023-10-04,-3.431596847497497,-14.273029246252307,-17.704626093749802,24,0.603251430014816,0.042413709593428814,36473.47001153267,4.9509943391363445,4.694583333333333,71.89916666666666,1.362,24.19,5.52427394600211,7.195747205079514,16.49978660190253,6.706389606913893,0.7401500566644038,16.5,1.0239199852555598,1023.9199852555598,16894.679756716738,1,passes
AMLF_powerVel_linearK600_ID_powerVel_freewaterK600,AM,2023-10-05,-4.244161160099306,-14.074344523545708,-18.318505683645014,24,0.5876492516596286,0.043826996725229814,36713.26599276207,5.039923438342467,4.573333333333333,71.84541666666667,1.362,24.19,5.587335377531989,6.979988368026774,16.548832183326216,6.490303618609903,0.7513127494567227,16.5,1.0239199852555598,1023.9199852555598,16894.679756716738,1,passes
AMLF_powerVel_linearK600_ID_powerVel_freewaterK600,AM,2023-10-06,-4.646808354577847,-13.79480396119319,-18.44161231577104,24,0.5721858516903633,0.04531204127578882,36958.77326509276,5.128061530256637,4.515,71.69375,1.362,24.19,5.623350719912468,6.898880221695532,16.500852863190023,6.277525604341427,0.763421691718522,16.5,1.0239199852555598,1023.9199852555598,16894.679756716738,1,passes
AMLF_powerVel_linearK600_ID_powerVel_freewaterK600,AM,2023-10-07,-2.9391198341737215,-13.567134205788658,-16.50625403996238,24,0.5569816919697316,0.04686396461572362,37208.47893689514,5.214722007874638,4.70375,71.71833333333333,1.362,24.19,5.528088006292364,7.361313840195108,16.057274792326922,6.069726683622078,0.7764445614881641,16.5,1.0239199852555598,1023.9199852555598,16894.679756716738,1,passes
AMLF_powerVel_linearK600_ID_powerVel_freewaterK600,AM,2023-10-08,-3.152072990060531,-13.378745959073472,-16.530818949134,24,0.5408204066106387,0.04862173339947975,37483.43105233408,5.306837898122708,4.789166666666667,70.78291666666667,1.362,24.19,5.529386090731908,7.605833017283225,15.871242491850225,5.850397863588981,0.7915809674240282,16.5,1.0239199852555598,1023.9199852555598,16894.679756716738,1,passes
AMLF_powerVel_linearK600_ID_powerVel_freewaterK600,AM,2023-10-09,-3.5001336350394534,-12.197839345286257,-15.69797298032571,24,0.5243439133171276,0.05053960040094057,37774.51065138855,5.400750406575766,4.8375,70.56,1.362,24.19,5.515897658174582,7.771930932866848,15.620917423029702,5.6284693007363495,0.8084943338911363,16.5,1.0239199852555598,1023.9199852555598,16894.679756716738,1,passes
AMLF_powerVel_linearK600_ID_powerVel_freewaterK600,AM,2023-10-10,-3.6489401812116533,-12.495604786498113,-16.144544967709766,24,0.5061414411567634,0.052822690318062464,38109.69950888862,5.504500627583049,4.672083333333333,71.01208333333334,1.362,24.19,5.5774865742598,7.4672946202151085,15.539567104069992,5.3853164285259005,0.8290862774529333,16.5,1.0239199852555598,1023.9199852555598,16894.679756716738,1,passes
AMLF_powerVel_linearK600_ID_powerVel_freewaterK600,AM,2023-10-11,-9.591775603885116,-14.007625587735898,-23.599401191621013,24,0.49672419518871946,0.05406989163375782,38288.446342062,5.5581769272557935,3.5966666666666667,71.145,1.362,24.19,6.1082198180942635,5.064724840730279,16.864425436540785,5.260281257772339,0.8404979263063651,16.5,1.0239199852555598,1023.9199852555598,16894.679756716738,1,passes
AMLF_powerVel_linearK600_ID_powerVel_freewaterK600,AM,2023-10-12,-5.966611827444347,-11.93996724636203,-17.906579073806377,24,0.5044107646520096,0.053046799444386394,38142.14180052917,5.514365115674469,4.400833333333333,71.58458333333333,1.362,24.19,5.685616771682881,6.860822924985299,15.814112461888488,5.362280520971464,0.83112517554571,16.5,1.0239199852555598,1023.9199852555598,16894.679756716738,1,passes
AMLF_powerVel_linearK600_ID_powerVel_freewaterK600,AM,2023-10-13,-6.058591818906046,-13.335454631639726,-19.394046450545773,24,0.5371640338236834,0.04910092265923378,37552.6065271934,5.327678445570853,4.337083333333333,71.90083333333334,1.362,24.19,5.702755222245768,6.61025972440521,16.307282949678097,5.801861885166326,0.7959651686738035,16.5,1.0239199852555598,1023.9199852555598,16894.679756716738,1,passes
AMLF_powerVel_linearK600_ID_powerVel_freewaterK600,AM,2023-10-14,-8.357945504733733,-13.964407488999786,-22.322352993733517,24,0.6152397058768596,0.04149009825435762,36304.894826060176,4.8826637157339015,4.225416666666667,71.61916666666667,1.362,24.19,5.771551451934657,6.147260049337478,17.308436546204238,6.875356467471949,0.7336504485526197,16.5,1.0239199852555598,1023.9199852555598,16894.679756716738,1,passes
AMLF_powerVel_linearK600_ID_powerVel_freewaterK600,AM,2023-10-15,-8.04316063136482,-14.56482061903843,-22.60798125040325,24,0.6920784189420305,0.03574892150004481,35245.24171598399,4.444699389119759,4.29625,71.21791666666667,1.362,24.19,5.755228245160251,6.116438723398901,17.69216518142026,7.963328171850564,0.6947881905390056,16.5,1.0239199852555598,1023.9199852555598,16894.679756716738,1,passes
AMLF_powerVel_linearK600_ID_powerVel_freewaterK600,AM,2023-10-16,-7.501927561378037,-14.297308917924353,-21.79923647930239,24,0.7330717606438037,0.03324538724747443,34739.2781519879,4.211046057642782,4.475416666666667,70.5725,1.362,24.19,5.6962041525265965,6.399480915280933,17.582240044788225,8.556586994383997,0.6820933474546496,16.5,1.0239199852555598,1023.9199852555598,16894.679756716738,1,passes
AMLF_powerVel_linearK600_ID_powerVel_freewaterK600,AM,2023-10-17,-7.616238518704074,-13.897452385894312,-21.513690904598384,24,0.7459206666652881,0.032526546482031696,34588.17702276457,4.137810025323305,4.534583333333333,70.42083333333333,1.362,24.19,5.674182552129542,6.494699053904805,17.513261750670257,8.744325683144774,0.6791739776251148,16.5,1.0239199852555598,1023.9199852555598,16894.679756716738,1,passes
AMLF_powerVel_linearK600_ID_powerVel_freewaterK600,AM,2023-10-18,-7.628634734056397,-13.705497878753828,-21.334132612810226,24,0.7393553913167553,0.03288892568460265,34664.81019891312,4.175230698866053,4.553333333333334,70.545,1.362,24.19,5.6590147374007955,6.548562389148837,17.468831326583008,8.648256663248025,0.6805823137497892,16.5,1.0239199852555598,1023.9199852555598,16894.679756716738,1,passes
AMLF_powerVel_linearK600_ID_powerVel_freewaterK600,AM,2023-10-19,-7.363935995886413,-13.81270737328747,-21.17664336917388,24,0.727480686558734,0.033561005001489994,34805.359624591816,4.242913991123663,4.550833333333333,70.84166666666667,1.362,24.19,5.6460727966488475,6.570152333626868,17.42717282560552,8.474977358970884,0.6834122779483348,16.5,1.0239199852555598,1023.9199852555598,16894.679756716738,1,passes
AMLF_powerVel_linearK600_ID_powerVel_freewaterK600,AM,2023-10-20,-7.956642083602301,-14.172842703116817,-22.129484786719118,24,0.7205032781641647,0.03396730675223378,34889.26136443752,4.28268373539889,4.402083333333334,71.17833333333333,1.362,24.19,5.704454579041709,6.278357662636077,17.602108415142073,8.373482908508349,0.6852644234308906,16.5,1.0239199852555598,1023.9199852555598,16894.679756716738,1,passes
AMLF_powerVel_linearK600_ID_powerVel_freewaterK600,AM,2023-10-21,-7.5983902250671225,-14.4421806607093,-22.04057088577642,24,0.7134463702207404,0.034388209376811994,34975.256940425956,4.322906610198973,4.397916666666667,71.23458333333333,1.362,24.19,5.703699843186097,6.285552243449227,17.590995621155862,8.271105130789977,0.6872989243715883,16.5,1.0239199852555598,1023.9199852555598,16894.679756716738,1,passes
AMLF_powerVel_linearK600_ID_powerVel_freewaterK600,AM,2023-10-22,-6.579655853448235,-13.60879494689466,-20.188450800342896,24,0.7027575569386473,0.03504370264163177,35107.5363156886,4.383830573194367,4.64375,71.13958333333333,1.362,24.19,5.585437557481743,6.820122816389847,17.207229012121562,8.116514825329121,0.690663982424407,16.5,1.0239199852555598,1023.9199852555598,16894.679756716738,1,passes
AMLF_powerVel_linearK600_ID_powerVel_freewaterK600,AM,2023-10-23,-7.032247374645006,-13.719486061930787,-20.751733436575794,24,0.6896131530567915,0.03588128908360346,35273.70430320292,4.458750880487629,4.54875,71.21416666666667,1.362,24.19,5.629296569703314,6.654228513037703,17.308730176629172,7.927216458679576,0.695285736314195,16.5,1.0239199852555598,1023.9199852555598,16894.679756716738,1,passes
AMLF_powerVel_linearK600_ID_powerVel_freewaterK600,AM,2023-10-24,-7.35646789423818,-13.407989510094735,-20.764457404332916,24,0.6724784904831181,0.037029314923267276,35496.43180514974,4.556414813894147,4.5225,71.30208333333333,1.362,24.19,5.6382722191306565,6.641206851470367,17.275582287630847,7.681820734394269,0.7021436404425012,16.5,1.0239199852555598,1023.9199852555598,16894.679756716738,1,passes
AMLF_powerVel_linearK600_ID_powerVel_freewaterK600,AM,2023-10-25,-7.726036320907673,-14.138455138999063,-21.864491459906738,24,0.6528470521894407,0.03842678469985969,35760.34332302327,4.668309838026907,4.319166666666667,71.53041666666667,1.362,24.19,5.729071461673585,6.2609046353568,17.460334482730644,7.402549964460192,0.7111744270382961,16.5,1.0239199852555598,1023.9199852555598,16894.679756716738,1,passes
AMLF_powerVel_linearK600_ID_powerVel_freewaterK600,AM,2023-10-26,-6.657491642036116,-13.299756462605052,-19.957248104641167,24,0.632890990446723,0.03994791768627101,36039.00499260728,4.782055146796027,4.53,71.56875,1.362,24.19,5.621864513925622,6.758967856422133,17.01435294293309,7.12080856524868,0.7217369821554332,16.5,1.0239199852555598,1023.9199852555598,16894.679756716738,1,passes
AMLF_powerVel_linearK600_ID_powerVel_freewaterK600,AM,2023-10-27,-6.238064632500017,-12.793165494263333,-19.03123012676335,24,0.6111481105474311,0.0417338591364178,36355.48068706873,4.905984939134805,4.601666666666667,71.47541666666666,1.362,24.19,5.590421615459767,6.972498098306587,16.761242364261733,6.816375162077947,0.7349483290858388,16.5,1.0239199852555598,1023.9199852555598,16894.679756716738,1,passes
AMLF_powerVel_linearK600_ID_powerVel_freewaterK600,AM,2023-10-28,-6.0179448254322825,-12.206540197543347,-18.224485022975628,24,0.5879531843664937,0.04380263564020945,36708.88928904936,5.038191086537131,4.64375,71.44666666666667,1.362,24.19,5.570839625375344,7.131692600198069,16.501793252190513,6.494564951527303,0.7511345602186895,16.5,1.0239199852555598,1023.9199852555598,16894.679756716738,1,passes
AMLF_powerVel_linearK600_ID_powerVel_freewaterK600,AM,2023-10-29,-5.86694627564862,-11.706344389533948,-17.57329066518257,24,0.5652308003048823,0.04601460396175238,37072.34247167943,5.167703844333727,4.654166666666667,71.46041666666667,1.362,24.19,5.565030537023217,7.225023140298845,16.25497672763535,6.182359958313479,0.7692902066264037,16.5,1.0239199852555598,1023.9199852555598,16894.679756716738,1,passes
AMLF_powerVel_linearK600_ID_powerVel_freewaterK600,AM,2023-10-30,-5.335717393591585,-11.263245026681432,-16.59896242027302,24,0.544540301209801,0.04820855129722227,37419.39931895854,5.285635289851328,4.70125,71.50874999999999,1.362,24.19,5.5392070851443895,7.396844214990378,15.943305743172296,5.90076295298012,0.7879950948443637,16.5,1.0239199852555598,1023.9199852555598,16894.679756716738,1,passes
AMLF_powerVel_linearK600_ID_powerVel_freewaterK600,AM,2023-10-31,-4.521480233842548,-10.828689138105252,-15.3501693719478,22,0.526499336780157,0.05028153204254494,37735.8290332064,5.388464951134141,4.785,71.41954545454546,1.362,24.19,5.501456140304586,7.647091313829817,15.60886731363384,5.657410065053137,0.806197969433416,16.5,1.0239199852555598,1023.9199852555598,16894.679756716738,1,passes
AMLF_powerVel_linearK600_ID_powerVel_freewaterK600,AM,2023-11-01,-3.461975432301392,-9.950946902671943,-13.412922334973334,24,0.5054497837944316,0.052917743549103245,38123.10360110504,5.5084429274844595,4.92125,70.26583333333333,1.362,24.19,5.487945991019523,8.033099152530383,15.28030794254793,5.376171937824511,0.8299638945170973,16.5,1.0239199852555598,1023.9199852555598,16894.679756716738,1,passes
AMLF_powerVel_linearK600_ID_powerVel_freewaterK600,AM,2023-11-02,-3.1211770923242104,-9.027522775580643,-12.148699867904853,24,0.4855012851353906,0.05564322683641577,38508.30446095308,5.622145128284725,5.074166666666667,70.19166666666666,1.362,24.19,5.41537523675839,8.462326108278837,14.782773779033615,5.112210332181359,0.8550869735060447,16.5,1.0239199852555598,1023.9199852555598,16894.679756716738,1,passes
AMLF_powerVel_linearK600_ID_powerVel_freewaterK600,AM,2023-11-03,-3.293252233283099,-9.30810117781559,-12.601353411098689,24,0.4799019143464283,0.05644922666461236,38619.621575028956,5.654060351213704,4.9558333333333335,70.86791666666667,1.362,24.19,5.442085767880119,8.214966212004562,14.766261623576094,5.038551618091112,0.8626035761045115,16.5,1.0239199852555598,1023.9199852555598,16894.679756716738,1,passes
AMLF_powerVel_linearK600_ID_powerVel_freewaterK600,AM,2023-11-04,-3.294311102569232,-9.296466114078259,-12.59077721664749,24,0.4773874122028498,0.056822885165395104,38670.50376101203,5.668392478785234,4.94375,70.85625,1.362,24.19,5.4486084389274,8.197906409742753,14.743384810212708,5.005590950409273,0.8661109496913308,16.5,1.0239199852555598,1023.9199852555598,16894.679756716738,1,passes
AMLF_powerVel_linearK600_ID_powerVel_freewaterK600,AM,2023-11-05,-3.111929255702782,-8.748236517678189,-11.86016577338097,24,0.4660118646210353,0.058564689240276226,38904.54453825271,5.733230681271928,4.991666666666666,70.62375,1.362,24.19,5.43583378473489,8.358996481026656,14.523925503632784,4.856969667622542,0.8825541778967972,16.5,1.0239199852555598,1023.9199852555598,16894.679756716738,1,passes
AMLF_powerVel_linearK600_ID_powerVel_freewaterK600,AM,2023-11-06,-2.8274576219388643,-8.41168131803502,-11.239138939973884,24,0.45428807003605015,0.060461203694834764,39153.220676042314,5.800053817630558,5.0075,70.63625,1.362,24.19,5.427442426397914,8.448661668368887,14.300907125693168,4.704729044225521,0.9006322831355493,16.5,1.0239199852555598,1023.9199852555598,16894.679756716738,1,passes
AMLF_powerVel_linearK600_ID_powerVel_freewaterK600,AM,2023-11-07,-2.5022655119385164,-8.11841331207766,-10.620678824016176,24,0.4400294524619959,0.06292194397805381,39466.72376348424,5.881324906059287,4.998333333333333,70.78916666666666,1.362,24.19,5.424784024900938,8.495180119494824,14.039525689842044,4.52089576960321,0.9243288682141515,16.5,1.0239199852555598,1023.9199852555598,16894.679756716738,1,passes
AMLF_powerVel_linearK600_ID_powerVel_freewaterK600,AM,2023-11-08,-2.1092871543885576,-7.676536565064148,-9.785823719452706,24,0.42514210412239556,0.06568912632632659,39807.8221101083,5.966179626167538,5.017916666666666,70.75375,1.362,24.19,5.416653594078817,8.61470851091077,13.73958909608194,4.330530653081559,0.9512514016180316,16.5,1.0239199852555598,1023.9199852555598,16894.679756716738,1,passes
AMLF_powerVel_linearK600_ID_powerVel_freewaterK600,AM,2023-11-09,-1.3881457609998227,-7.458899371249632,-8.847045132249454,24,0.4085482794301266,0.06904688033856117,40206.36907059803,6.0607608986458885,5.01875,71.02291666666666,1.362,24.19,5.4032758610289,8.702837810273031,13.379308443491501,4.120332754420518,0.9842527281390155,16.5,1.0239199852555598,1023.9199852555598,16894.679756716738,1,passes
AMLF_powerVel_linearK600_ID_powerVel_freewaterK600,AM,2023-11-10,-0.861886449521655,-7.098196804681487,-7.960083254203142,24,0.38846447043537813,0.07354670427535484,40716.77859259002,6.175234339589281,4.914583333333334,71.23958333333333,1.362,24.19,5.445086012872372,8.563061052898941,13.062795209597166,3.8687777801587617,1.0289352075745037,16.5,1.0239199852555598,1023.9199852555598,16894.679756716738,1,passes
AMLF_powerVel_linearK600_ID_powerVel_freewaterK600,AM,2023-11-11,-0.6596970143917676,-6.527539857206639,-7.187236871598406,24,0.36783661057338574,0.07873256463617351,41275.63396373732,6.2928087547969636,4.867916666666667,71.32666666666667,1.362,24.19,5.4641843593469925,8.566707179240135,12.649312518607244,3.6136889789061684,1.080925924541207,16.5,1.0239199852555598,1023.9199852555598,16894.679756716738,1,passes
AMLF_powerVel_linearK600_ID_powerVel_freewaterK600,AM,2023-11-12,0.059344878157837934,-5.929566829132112,-5.8702219509742735,24,0.354763856780986,0.08235666836958093,41649.63275113725,6.36732067181495,4.9558333333333335,70.8525,1.362,24.19,5.442394119092403,8.860619770269226,12.294806721363859,3.4537871075016864,1.1175062263693407,16.5,1.0239199852555598,1023.9199852555598,16894.679756716738,1,passes
AMLF_powerVel_linearK600_ID_powerVel_freewaterK600,AM,2023-11-13,0.3699782552788292,-5.489903120034525,-5.1199248647556965,24,0.3475485518869732,0.08449997893947521,41864.15036364464,6.408446375554181,5.00625,70.72833333333334,1.362,24.19,5.423111091849191,9.030575049617857,12.078860929938486,3.366210489013613,1.139229420077687,16.5,1.0239199852555598,1023.9199852555598,16894.679756716738,1,passes
AMLF_powerVel_linearK600_ID_powerVel_freewaterK600,AM,2023-11-14,-0.9476722613981675,-5.376664305639964,-6.324336567038132,24,0.3364787907065356,0.08799984088689866,42204.84552252097,6.471541660570964,4.777916666666666,70.65416666666667,1.362,24.19,5.540754245178347,8.532924771520888,12.064175725393437,3.23277361339616,1.1748189165777694,16.5,1.0239199852555598,1023.9199852555598,16894.679756716738,1,passes
AMLF_powerVel_linearK600_ID_powerVel_freewaterK600,AM,2023-11-15,-1.3766600975045766,-5.23884897542883,-6.615509072933406,24,0.32564544926868805,0.09165913207171555,42550.74706262326,6.533289403323812,4.64875,70.83458333333333,1.362,24.19,5.596779421327186,8.278927034959203,11.90853064458626,3.1031434248419556,1.212146514569973,16.5,1.0239199852555598,1023.9199852555598,16894.679756716738,1,passes
AMLF_powerVel_linearK600_ID_powerVel_freewaterK600,AM,2023-11-16,-0.3394153932717498,-5.3168327156508575,-5.6562481089226075,24,0.33015325082916336,0.09010906097520835,42405.3736956721,6.507595892901932,4.746,71.06466666666667,1.362,24.19,5.537249380587443,8.506400955932675,11.832266742631889,3.15697481382905,1.1963220584055476,16.5,1.0239199852555598,1023.9199852555598,16894.679756716738,1,passes
AMLF_powerVel_linearK600_ID_powerVel_freewaterK600,AM,2023-11-30,-0.08152782045115892,-5.1201066648413764,-5.201634485292535,24,0.3568753998044898,0.0817436981851716,41587.649099260176,6.355285325548527,5.135555555555555,70.69555555555556,1.362,24.19,5.3600923608564495,9.285643413664207,12.166381703221044,3.4794812247769125,1.111301673671957,16.5,1.0239199852555598,1023.9199852555598,16894.679756716738,1,passes
AMLF_powerVel_linearK600_ID_powerVel_freewaterK600,AM,2023-12-01,1.879409205064087,-5.300588367122101,-3.421179162058014,24,0.358489780241562,0.08128547276576858,41540.848067690815,6.346083700315401,5.292916666666667,71.08,1.362,24.19,5.263442106487557,9.665967417014917,11.974890129059439,3.4991748533316445,1.1066696621939618,16.5,1.0239199852555598,1023.9199852555598,16894.679756716738,1,passes
AMLF_powerVel_linearK600_ID_powerVel_freewaterK600,AM,2023-12-02,-3.0874474482339913,-5.676532070799273,-8.763979519033263,24,0.371730032823806,0.07770815400242011,41167.436239916795,6.27061707580979,4.770416666666667,70.83541666666666,1.362,24.19,5.535954872783095,8.304021981616588,12.901768793013659,3.6615899386256423,1.0706216618574107,16.5,1.0239199852555598,1023.9199852555598,16894.679756716738,1,passes
AMLF_powerVel_linearK600_ID_powerVel_freewaterK600,AM,2023-12-03,-3.840134859075815,-7.866874228492158,-11.707009087567972,24,0.4267369198221132,0.06577758357357599,39797.40972658638,5.9570895157773744,4.7508333333333335,71.38833333333334,1.362,24.19,5.519672442158518,7.97835415579003,13.99963950663303,4.35380805297674,0.9525903658396666,16.5,1.0239199852555598,1023.9199852555598,16894.679756716738,1,passes
AMLF_powerVel_linearK600_ID_powerVel_freewaterK600,AM,2023-12-04,-4.866585369469697,-10.417160377762162,-15.283745747231858,24,0.5785485548127518,0.04530269050881474,36912.37244133894,5.091795475330923,5,71.1725,1.362,24.19,5.405276432924589,7.933789463840593,15.806936296135374,6.3744267418317255,0.7658022189713249,16.5,1.0239199852555598,1023.9199852555598,16894.679756716738,1,passes
AMLF_powerVel_linearK600_ID_powerVel_freewaterK600,AM,2023-12-05,-6.570832329523994,-11.404864076984248,-17.97569640650824,24,0.7609497273320468,0.031895632439473666,34436.46758465889,4.052147575081884,4.98625,70.15708333333333,1.362,24.19,5.460622598860679,7.377514758912978,16.768198941122122,8.970347738854757,0.6795463727117589,16.5,1.0239199852555598,1023.9199852555598,16894.679756716738,1,passes
AMLF_powerVel_linearK600_ID_powerVel_freewaterK600,AM,2023-12-06,-7.482964936665933,-11.440771391316357,-18.92373632798229,24,0.8732411229806643,0.026732064827371945,33255.01476342422,3.4121104958807082,4.823333333333333,69.50041666666667,1.362,24.19,5.573989756674958,6.808746017167555,16.600431385712902,10.649141901249193,0.6770061431390204,16.5,1.0239199852555598,1023.9199852555598,16894.679756716738,1,passes
AMLF_powerVel_linearK600_ID_powerVel_freewaterK600,AM,2023-12-07,-7.454233252136511,-11.233469517989112,-18.687702770125625,24,0.9135515046686079,0.025246607771119815,32879.19671191567,3.182349891267958,4.7804166666666665,69.21541666666667,1.362,24.19,5.609644007666226,6.651582260376569,16.310370000927097,11.266166777849813,0.6854488314226366,16.5,1.0239199852555598,1023.9199852555598,16894.679756716738,1,passes
AMLF_powerVel_linearK600_ID_powerVel_freewaterK600,AM,2023-12-08,-8.235673590828176,-11.896698757059903,-20.13237234788808,24,0.9118466537160376,0.025305451182956504,32894.52791670668,3.192067179203099,4.53625,70.13416666666667,1.362,24.19,5.68696490878095,6.180530836323157,16.551802440786506,11.239884123248586,0.6849527880911203,16.5,1.0239199852555598,1023.9199852555598,16894.679756716738,1,passes
AMLF_powerVel_linearK600_ID_powerVel_freewaterK600,AM,2023-12-09,-8.281594681234562,-12.21926565967518,-20.500860340909743,24,0.8939722774085781,0.02594015488806157,33057.81666036326,3.293947323610315,4.492083333333333,70.87916666666666,1.362,24.19,5.673512532663539,6.1254809855455115,16.704050404203766,10.965189073640376,0.6804200082268745,16.5,1.0239199852555598,1023.9199852555598,16894.679756716738,1,passes
AMLF_powerVel_linearK600_ID_powerVel_freewaterK600,AM,2023-12-10,-11.628014443079982,-12.691828998452488,-24.31984344153247,24,0.8784107106606623,0.026514977876594247,33203.1293702442,3.382644945290047,4.060833333333333,70.47958333333334,1.362,24.19,5.907695292251373,5.304374940471688,17.552947874185634,10.727084517915946,0.6772526022924852,16.5,1.0239199852555598,1023.9199852555598,16894.679756716738,1,passes
AMLF_powerVel_linearK600_ID_powerVel_freewaterK600,AM,2023-12-11,-7.144181216949261,-11.274953972711007,-18.419135189660267,24,0.8831325672227528,0.026339902788878527,33158.94448420736,3.3557313668724786,4.879583333333334,69.34958333333333,1.362,24.19,5.5532729545563475,6.903108465628129,16.45690712343841,10.799302216038848,0.6781913098046619,16.5,1.0239199852555598,1023.9199852555598,16894.679756716738,1,passes
AMLF_powerVel_linearK600_ID_powerVel_freewaterK600,AM,2023-12-12,-6.298668928177931,-10.973504403867212,-17.272173332045142,24,0.9313305955053905,0.024660810417084254,32723.400731100286,3.0810128537834935,4.913333333333333,69.20458333333333,1.362,24.19,5.543649260903275,6.875657461359475,15.901313750356154,11.541685827149651,0.6918175607210307,16.5,1.0239199852555598,1023.9199852555598,16894.679756716738,1,passes
AMLF_powerVel_linearK600_ID_powerVel_freewaterK600,AM,2023-12-13,-7.113690570526549,-10.766103326124965,-17.879793896651513,24,0.9965939346727939,0.022653616306037454,32173.19086985454,2.709025697168838,4.593333333333334,69.25208333333333,1.362,24.19,5.7008323243356145,6.149675593130921,15.393940271089878,12.561024206036848,0.7228722634714148,16.5,1.0239199852555598,1023.9199852555598,16894.679756716738,1,passes
AMLF_powerVel_linearK600_ID_powerVel_freewaterK600,AM,2023-12-14,-5.733052875789891,-10.136899976932837,-15.869952852722728,24,1.0408013974635917,0.02145077484342908,31824.92799542992,2.4570525588880043,4.656666666666666,69.26291666666667,1.362,24.19,5.669467407647563,6.203811294199532,14.505774978989475,13.260866513504364,0.7544558084729439,16.5,1.0239199852555598,1023.9199852555598,16894.679756716738,1,passes
AMLF_powerVel_linearK600_ID_powerVel_freewaterK600,AM,2023-12-15,-5.997338889198022,-10.433730063249682,-16.431068952447703,24,1.0621072566192562,0.020912568497231034,31663.842048592294,2.33561369186622,4.417916666666667,69.69416666666667,1.362,24.19,5.767201502517217,5.726158912087955,14.311392652816112,13.600924430031416,0.7736551159078775,16.5,1.0239199852555598,1023.9199852555598,16894.679756716738,1,passes
AMLF_powerVel_linearK600_ID_powerVel_freewaterK600,AM,2023-12-16,-9.119601072908372,-10.787670747986382,-19.907271820894756,24,1.0798849830040318,0.020483515577125938,31532.79242334218,2.234284431468079,3.796666666666667,69.95708333333333,1.362,24.19,6.064915333277208,4.543360237948594,14.636001954652473,13.88610959861098,0.7922040215426402,16.5,1.0239199852555598,1023.9199852555598,16894.679756716738,1,passes
AMLF_powerVel_linearK600_ID_powerVel_freewaterK600,AM,2023-12-17,-6.2207532371418814,-6.268440428631338,-12.48919366577322,24,1.1348417165313014,0.01927283113292368,31147.83981920336,1.9210427355566788,4.6499999999999995,69.08291666666666,1.362,24.19,5.681338560963937,6.068426446308345,12.316997211819077,14.776857053086548,0.8724212283418402,16.5,1.0239199852555598,1023.9199852555598,16894.679756716738,1,passes
AMLF_powerVel_linearK600_ID_powerVel_freewaterK600,AM,2023-12-18,5.360945623846696,-2.7040533397423308,2.6568922841043654,24,1.3405724154686756,0.01572477951276583,29893.22472798388,0.7612068828695239,5.036666666666667,64.705,1.362,24.19,5.7225456417704,6.438064960056694,6.117743688453141,18.20775267805403,5.168144416878799,16.5,1.0239199852555598,1023.9199852555598,16894.679756716738,0.7083333333333334,passes
AMLF_powerVel_linearK600_ID_powerVel_freewaterK600,AM,2023-12-19,10.116130061102462,9.801590154181863,19.917720215284326,24,1.659967642514035,0.01201857501800798,28332.915197913822,0.05,7.5075,58.19541666666667,1.362,24.19,4.850588299103846,10.309419341050058,0.4029825512279962,23.77841026896786,20.76809763111779,16.5,1.0239199852555598,1023.9199852555598,16894.679756716738,0,too fast
AMLF_powerVel_linearK600_ID_powerVel_freewaterK600,AM,2023-12-20,9.92782538485678,9.825671310996913,19.75349669585369,24,1.919505016199493,0.00999283048274708,27313.397702531984,0.05,7.752083333333333,56.318333333333335,1.362,24.19,4.846171200018829,10.328929881569188,0.4649507928748247,28.50356731823328,17.267611074186956,16.5,1.0239199852555598,1023.9199852555598,16894.679756716738,0,too fast
AMLF_powerVel_linearK600_ID_powerVel_freewaterK600,AM,2023-12-21,10.327083391471131,10.103753212147641,20.430836603618772,24,2.081503052723187,0.009022592869504041,26763.212854838726,0.05,8.10625,54.79833333333333,1.362,24.19,4.768144698139945,10.683801274605147,0.49629924521119656,31.53856153882826,15.591040478502983,16.5,1.0239199852555598,1023.9199852555598,16894.679756716738,0,too fast
AMLF_powerVel_linearK600_ID_powerVel_freewaterK600,AM,2023-12-22,10.379922673476118,10.062061495081545,20.441984168557664,24,2.1777182405653317,0.008524370351336259,26461.66516288904,0.05,8.20625,53.18333333333334,1.362,24.19,4.827176494063028,10.720160603269944,0.5256569505239941,33.37004840234332,14.730111967109055,16.5,1.0239199852555598,1023.9199852555598,16894.679756716738,0,too fast
AMLF_powerVel_linearK600_ID_powerVel_freewaterK600,AM,2023-12-23,10.402111609218387,9.041897714464357,19.444009323682742,24,2.223910576235964,0.008302824993019738,26322.904515552065,0.05,7.922499999999999,52.61541666666667,1.362,24.19,5.008224350155185,10.22231613742916,0.5569870545358735,34.256775895177924,14.347281587938106,16.5,1.0239199852555598,1023.9199852555598,16894.679756716738,0,too fast
AMLF_powerVel_linearK600_ID_powerVel_freewaterK600,AM,2023-12-24,8.317962973927406,7.122096166023158,15.440059139950563,24,2.2401494441620033,0.008227524897265009,26275.027019572386,0.05,6.665,53.163333333333334,1.362,24.19,5.599095753056848,8.247539229884527,0.6271652272345994,34.56966765020889,14.217163022473935,16.5,1.0239199852555598,1023.9199852555598,16894.679756716738,0,too fast
AMLF_powerVel_linearK600_ID_powerVel_freewaterK600,AM,2023-12-25,4.737610067221808,2.552089553953618,7.289699621175426,24,2.2451369825562306,0.00820467033038162,26260.418640085198,0.05,4.082916666666667,54.062083333333334,1.362,24.19,6.82905434062856,4.229338624702857,0.7666155235541597,34.6658943721335,14.177670330899439,16.5,1.0239199852555598,1023.9199852555598,16894.679756716738,0,too fast
AMLF_powerVel_linearK600_ID_powerVel_freewaterK600,AM,2023-12-26,-0.5049250700175442,-2.0147148280671936,-2.519639898084738,24,2.2425411709429577,0.00821655047318243,26268.016479385817,0.05,1.0654166666666667,55.477916666666665,1.362,24.19,8.243852189422995,-0.46129890912796123,0.9243368530852117,34.61580537614922,14.198199217659239,16.5,1.0239199852555598,1023.9199852555598,16894.679756716738,0,too fast
AMLF_powerVel_linearK600_ID_powerVel_freewaterK600,AM,2023-12-27,-2.734850841253964,-3.0068755390496995,-5.741726380303664,24,2.2345056246656485,0.008253509835376902,26291.60127914209,0.05,0.12291666666666666,56.655,1.362,24.19,8.63917663087109,-1.9283223037856714,0.9652096111824716,34.46083640644946,14.262064995531286,16.5,1.0239199852555598,1023.9199852555598,16894.679756716738,0,too fast
AMLF_powerVel_linearK600_ID_powerVel_freewaterK600,AM,2023-12-28,-3.0260229915276167,-2.996504015942274,-6.022527007469891,24,2.2216380864870655,0.008313348467692931,26329.599663048124,0.05,0.045,57.75333333333334,1.362,24.19,8.609090579421967,-2.0524849047399663,0.9563186843628669,34.21298317234635,14.365466152173386,16.5,1.0239199852555598,1023.9199852555598,16894.679756716738,0,too fast
AMLF_powerVel_linearK600_ID_powerVel_freewaterK600,AM,2023-12-29,-3.0115418910720972,-3.0087527815900246,-6.020294672662121,24,2.1993638682427035,0.008418809939906569,26396.035939840196,0.05,0.0375,58.75,1.362,24.19,8.551621078657599,-2.0693819188939404,0.9404167787518615,33.78479375061655,14.547703576158549,16.5,1.0239199852555598,1023.9199852555598,16894.679756716738,0,too fast
AMLF_powerVel_linearK600_ID_powerVel_freewaterK600,AM,2023-12-30,-2.2892154577702892,-0.2653164669549809,-2.55453192472527,24,2.16892384455563,0.008566849830372647,26488.18939264309,0.05,1.19625,61.102916666666665,1.362,24.19,7.833044018220652,-0.2590103704062416,0.8495973427217846,33.201366072208636,14.803516506883934,16.5,1.0239199852555598,1023.9199852555598,16894.679756716738,0,too fast
AMLF_powerVel_linearK600_ID_powerVel_freewaterK600,AM,2023-12-31,-1.369386615745654,2.8062833818040476,1.4368967660583936,24,2.1336246957279297,0.008744417225304241,26597.0761297349,0.05,2.5254166666666666,60.669583333333335,1.362,24.19,7.193995104543202,1.834217210126248,0.7677963273012427,32.52733716420304,15.11035296532573,16.5,1.0239199852555598,1023.9199852555598,16894.679756716738,0,too fast
AMLF_powerVel_linearK600_ID_powerVel_freewaterK600,AM,2024-01-01,5.385742212738003,5.58778570363458,10.973527916372582,24,2.0987590858486134,0.008926361164950115,26706.841105751962,0.05,5.235,58.35041666666667,1.362,24.19,5.9772220866098955,6.122420123138377,0.6272376861647276,31.864295718394825,15.424752093033797,16.5,1.0239199852555598,1023.9199852555598,16894.679756716738,0,too fast
AMLF_powerVel_linearK600_ID_powerVel_freewaterK600,AM,2024-01-02,6.021807605512398,3.679915895084407,9.701723500596806,24,2.0634789681884387,0.00911757310234015,26820.272108444977,0.05,4.705,57.68,1.362,24.19,6.283624297015361,5.3035589300322545,0.6478548222695176,31.196187654266836,15.755166320843779,16.5,1.0239199852555598,1023.9199852555598,16894.679756716738,0,too fast
AMLF_powerVel_linearK600_ID_powerVel_freewaterK600,AM,2024-01-03,1.8374466817214805,2.674560629003627,4.5120073107251075,24,2.027376343955321,0.009320975320162104,26938.87370525635,0.05,3.267916666666667,57.08833333333334,1.362,24.19,7.039159233761264,3.0393554829055724,0.7135923319361734,30.515440405630216,16.106645353240115,16.5,1.0239199852555598,1023.9199852555598,16894.679756716738,0,too fast
AMLF_powerVel_linearK600_ID_powerVel_freewaterK600,AM,2024-01-04,1.6295538304566801,1.7677259560775862,3.3972797865342663,24,1.9897901975494388,0.009541687548064068,27065.221360635314,0.05,2.8766666666666665,56.930416666666666,1.362,24.19,7.2448164332498965,2.4249946365091266,0.7205975713411223,29.809970994308355,16.48803608305471,16.5,1.0239199852555598,1023.9199852555598,16894.679756716738,0,too fast
AMLF_powerVel_linearK600_ID_powerVel_freewaterK600,AM,2024-01-05,-0.6124178484760358,2.2566206584312627,1.6442028099552268,24,1.9539276794122298,0.009760880461296629,27188.48676685137,0.05,2.4745833333333334,56.481249999999996,1.362,24.19,7.474377273996567,1.7915391399925045,0.7303511927726162,29.1398416547071,16.866801437120575,16.5,1.0239199852555598,1023.9199852555598,16894.679756716738,0,too fast
AMLF_powerVel_linearK600_ID_powerVel_freewaterK600,AM,2024-01-06,0.21691703795286102,2.786172253440949,3.00308929139381,24,1.93453473102518,0.009883113256912891,27256.2938254522,0.05,2.86125,56.62416666666667,1.362,24.19,7.271951217614601,2.419082206213979,0.7034329592264001,28.77870394954897,17.078019707945476,16.5,1.0239199852555598,1023.9199852555598,16894.679756716738,0,too fast
AMLF_powerVel_linearK600_ID_powerVel_freewaterK600,AM,2024-01-07,-0.45175729016955696,-0.015590654910826257,-0.46734794508038324,24,1.9333724039384816,0.009890528061523818,27260.385189091052,0.05,1.7083333333333333,57.01375,1.362,24.19,7.823670536276421,0.5589973312242895,0.756324084159587,28.75708800097278,17.090832490313158,16.5,1.0239199852555598,1023.9199852555598,16894.679756716738,0,too fast
AMLF_powerVel_linearK600_ID_powerVel_freewaterK600,AM,2024-01-08,-0.25471304997107536,0.8249119967312135,0.5701989467601382,24,1.9498407186275426,0.009786385174465576,27202.69793931095,0.05,2.05875,56.89333333333333,1.362,24.19,7.656059206824206,1.1214167479917183,0.7463485207197917,29.063649617543753,16.910873581476512,16.5,1.0239199852555598,1023.9199852555598,16894.679756716738,0,too fast
AMLF_powerVel_linearK600_ID_powerVel_freewaterK600,AM,2024-01-09,4.9383464729832,5.249669139744912,10.188015612728112,24,1.9758492782970227,0.009625663051749132,27112.75328538078,0.05,4.932916666666666,57.465833333333336,1.362,24.19,6.183036145256086,5.73080470919092,0.6108533472633879,29.549050406983472,16.6331457534225,16.5,1.0239199852555598,1023.9199852555598,16894.679756716738,0,too fast
AMLF_powerVel_linearK600_ID_powerVel_freewaterK600,AM,2024-01-10,1.4803821833328268,2.0359317951346676,3.5163139784674944,24,2.009086592110378,0.009427370968738259,27000.036172487304,0.05,2.9425,57.23458333333333,1.362,24.19,7.19271914713765,2.527161229895202,0.7227084396779683,30.171796336730647,16.29049703397971,16.5,1.0239199852555598,1023.9199852555598,16894.679756716738,0,too fast
AMLF_powerVel_linearK600_ID_powerVel_freewaterK600,AM,2024-01-11,-0.5892146560998752,0.7297524856058771,0.1405378295060019,24,2.067192443043324,0.009098064014882714,26808.534431683503,0.05,2.0120833333333334,56.76375,1.362,24.19,7.687657974853422,1.029464346711831,0.794324539245611,31.266745206071896,15.721454617717328,16.5,1.0239199852555598,1023.9199852555598,16894.679756716738,0,too fast
AMLF_powerVel_linearK600_ID_powerVel_freewaterK600,AM,2024-01-12,-0.8234336124430369,4.5214267135631285,3.6979931011200917,24,2.1379034278522506,0.008723186705268863,26583.976268953626,0.05,3.236086956521739,58.35956521739131,1.362,24.19,6.979229950502778,2.9427242405927894,0.7451498426845151,32.60915857612251,15.073666626704595,16.5,1.0239199852555598,1023.9199852555598,16894.679756716738,0,too fast
AMLF_powerVel_linearK600_ID_powerVel_freewaterK600,AM,2024-01-13,8.833979963343323,8.904284643195789,17.73826460653911,24,2.1914091839587497,0.008457246877645331,26420.03163953169,0.05,7.387083333333333,56.47333333333333,1.362,24.19,5.018651059797996,9.421946544045344,0.5498848791152683,33.63222167265157,14.614122604571131,16.5,1.0239199852555598,1023.9199852555598,16894.679756716738,0,too fast
AMLF_powerVel_linearK600_ID_powerVel_freewaterK600,AM,2024-01-14,8.359568663238155,6.440328232662043,14.799896895900197,24,2.2279653452794665,0.008283993328314986,26310.93932170075,0.05,6.4025,56.93333333333334,1.362,24.19,5.482139009467139,7.85084051566368,0.6108287702615903,34.33488997633305,14.314740471328294,16.5,1.0239199852555598,1023.9199852555598,16894.679756716738,0,too fast
AMLF_powerVel_linearK600_ID_powerVel_freewaterK600,AM,2024-01-15,5.183312521190903,4.32147938039575,9.504791901586653,24,2.2605026421378827,0.008135214233865715,26215.753233637406,0.05,4.826666666666666,58.72541666666667,1.362,24.19,6.158835705374345,5.376752063069662,0.696175540675932,34.96280143531704,14.057650196119956,16.5,1.0239199852555598,1023.9199852555598,16894.679756716738,0,too fast
AMLF_powerVel_linearK600_ID_powerVel_freewaterK600,AM,2024-01-16,7.016033168016599,8.221932262898232,15.23796543091483,24,2.2903318794229692,0.008002925702393629,26129.9590306699,0.05,6.7195833333333335,56.01875,1.362,24.19,5.381751029569761,8.28541952522449,0.6161910141470072,35.54041009992858,13.82905561373619,16.5,1.0239199852555598,1023.9199852555598,16894.679756716738,0,too fast
AMLF_powerVel_linearK600_ID_powerVel_freewaterK600,AM,2024-01-17,8.477733772100054,6.760753642803021,15.238487414903075,24,2.314552280367676,0.007898356986367499,26061.32775906755,0.05,6.660416666666666,56.03625,1.362,24.19,5.410484082278647,8.173939079391264,0.6262362106604358,36.010809834817636,13.648360872443035,16.5,1.0239199852555598,1023.9199852555598,16894.679756716738,0,too fast
AMLF_powerVel_linearK600_ID_powerVel_freewaterK600,AM,2024-01-18,4.755547869011686,4.466278816922471,9.221826685934158,24,2.338853736119962,0.007795898810540643,25993.368598352306,0.05,4.81875,57.18291666666667,1.362,24.19,6.257920733048247,5.318665826899526,0.7318582382732155,36.48402948573017,13.47131314461423,16.5,1.0239199852555598,1023.9199852555598,16894.679756716738,0,too fast
AMLF_powerVel_linearK600_ID_powerVel_freewaterK600,AM,2024-01-19,4.177338700286846,5.198501263660072,9.375839963946918,24,2.3542458038886296,0.007732158214245522,25950.751414234466,0.05,4.944583333333333,57.10333333333333,1.362,24.19,6.200571127119943,5.5028908711015445,0.729874008846983,36.784354953025975,13.361169394216262,16.5,1.0239199852555598,1023.9199852555598,16894.679756716738,0,too fast
AMLF_powerVel_linearK600_ID_powerVel_freewaterK600,AM,2024-01-20,7.666910576018875,7.052732398959751,14.719642974978626,24,2.3476749158659342,0.007759271450915154,25968.90846524695,0.05,6.539166666666667,55.16083333333333,1.362,24.19,5.52856245469125,7.957578611597002,0.6489386388626163,36.656094665510025,13.408021067181386,16.5,1.0239199852555598,1023.9199852555598,16894.679756716738,0,too fast
AMLF_powerVel_linearK600_ID_powerVel_freewaterK600,AM,2024-01-21,5.932268049613475,6.814876028039055,12.747144077652528,24,2.3200164890351713,0.007875231945117205,26046.014865261674,0.05,5.966666666666667,58.182500000000005,1.362,24.19,5.621816860081647,7.09934032631259,0.6522176226175271,36.11716880271576,13.60840080116253,16.5,1.0239199852555598,1023.9199852555598,16894.679756716738,0,too fast
AMLF_powerVel_linearK600_ID_powerVel_freewaterK600,AM,2024-01-22,6.604803963714657,8.392126387103893,14.99693035081855,24,2.2797965492485606,0.008049402300565785,26160.171919523687,0.05,6.635833333333333,59.435833333333335,1.362,24.19,5.2118467110868085,8.167236493609423,0.5942995505589302,35.33628649833574,13.909367175377675,16.5,1.0239199852555598,1023.9199852555598,16894.679756716738,0,too fast
AMLF_powerVel_linearK600_ID_powerVel_freewaterK600,AM,2024-01-23,5.932386513200221,5.946127392835685,11.878513906035906,24,2.233848020040686,0.008256970480627061,26293.685645261667,0.05,5.57375,63.73125,1.362,24.19,5.49697458574266,6.5543401347478785,0.6139381084269708,34.44835631200937,14.268044990523562,16.5,1.0239199852555598,1023.9199852555598,16894.679756716738,0,too fast
AMLF_powerVel_linearK600_ID_powerVel_freewaterK600,AM,2024-01-24,3.0691771520597366,4.0655316207822345,7.134708772841972,24,2.185169899609163,0.008487550557736832,26438.90650419705,0.05,4.089583333333334,67.49458333333334,1.362,24.19,6.04069174764485,4.268976290619074,0.6601071346679844,33.51261922415334,14.666487363769246,16.5,1.0239199852555598,1023.9199852555598,16894.679756716738,0,too fast
AMLF_powerVel_linearK600_ID_powerVel_freewaterK600,AM,2024-01-25,3.679674100775519,2.92432275701105,6.603996857786569,24,2.1406394709233365,0.008708688978978522,26575.287579783373,0.05,3.8325,70.10458333333334,1.362,24.19,6.039827745025538,3.88542603640815,0.6463735528285711,32.661097084498785,15.048614555674886,16.5,1.0239199852555598,1023.9199852555598,16894.679756716738,0,too fast
AMLF_powerVel_linearK600_ID_powerVel_freewaterK600,AM,2024-01-26,2.883917808602866,2.8177497708012207,5.701667579404086,24,2.103672315211008,0.008900311627833784,26691.235927214402,0.05,3.5725000000000002,71.08333333333333,1.362,24.19,6.123162861541421,3.4921155563170823,0.6440387681901077,31.957565654816502,15.379738492896777,16.5,1.0239199852555598,1023.9199852555598,16894.679756716738,0,too fast
AMLF_powerVel_linearK600_ID_powerVel_freewaterK600,AM,2024-01-27,2.9060415520025322,3.346968967738818,6.25301051974135,24,2.0696849499722436,0.009083365699086337,26800.130793880406,0.05,3.7379166666666666,71.28958333333333,1.362,24.19,6.030699578989217,3.7689663516168803,0.6240891160905268,31.3134909536547,15.69605592802119,16.5,1.0239199852555598,1023.9199852555598,16894.679756716738,0,too fast
AMLF_powerVel_linearK600_ID_powerVel_freewaterK600,AM,2024-01-28,2.9947104819369237,4.757088688538985,7.751799170475909,24,2.0365466717903673,0.009268507005704418,26908.48842686433,0.05,4.239130434782608,70.56347826086956,1.362,24.19,5.814692842101281,4.583068542800359,0.5922312484361829,30.688057828135648,16.015980105857235,16.5,1.0239199852555598,1023.9199852555598,16894.679756716738,0,too fast
AMLF_powerVel_linearK600_ID_powerVel_freewaterK600,AM,2024-01-29,4.350590335363046,3.306361878442614,7.65695221380566,24,1.9991748508189093,0.009485743341145518,27033.408977528296,0.05,4.102916666666666,67.84791666666666,1.362,24.19,6.015823377727995,4.386366069911853,0.6013994820473744,29.98581966515517,16.391364493499452,16.5,1.0239199852555598,1023.9199852555598,16894.679756716738,0,too fast
AMLF_powerVel_linearK600_ID_powerVel_freewaterK600,AM,2024-01-30,4.560380200374508,4.019158656494365,8.579538856868872,24,1.955033839175716,0.009754388781546145,27184.76775907874,0.05,4.372083333333333,67.42541666666666,1.362,24.19,5.902574136567923,4.844315648710935,0.5770971179381703,29.160600003683264,16.855583814511736,16.5,1.0239199852555598,1023.9199852555598,16894.679756716738,0,too fast
AMLF_powerVel_linearK600_ID_powerVel_freewaterK600,AM,2024-01-31,3.145494954444179,2.6040448798314793,5.749539834275659,24,1.906327244052734,0.010067021551803303,27356.790366537636,0.05,3.49375,67.96916666666667,1.362,24.19,6.314370031091574,3.4543867280520564,0.6021772306897565,28.255387374615356,17.39581324151611,16.5,1.0239199852555598,1023.9199852555598,16894.679756716738,0,too fast
AMLF_powerVel_linearK600_ID_powerVel_freewaterK600,AM,2024-02-01,4.553022957478051,4.150885413945745,8.703908371423797,24,1.855720534918194,0.010411429467397138,27541.429215929427,0.05,4.355,67.98958333333333,1.362,24.19,5.882894538743113,4.881306862170093,0.5461084074387077,27.32095284034729,17.990950119662255,16.5,1.0239199852555598,1023.9199852555598,16894.679756716738,0,too fast
AMLF_powerVel_linearK600_ID_powerVel_freewaterK600,AM,2024-02-02,4.524713504937722,3.6577036805234897,8.182417185461212,24,1.8048549556358606,0.010779519153719502,27733.450922008735,0.05,4.1575,68.85083333333333,1.362,24.19,5.9388202736253515,4.591299888868326,0.5362167054883129,26.38812090591818,18.627009097627298,16.5,1.0239199852555598,1023.9199852555598,16894.679756716738,0,too fast
AMLF_powerVel_linearK600_ID_powerVel_freewaterK600,AM,2024-02-03,3.806237441544005,3.9324572504888544,7.738694692032859,24,1.7555664620954612,0.011159056983586674,27926.053028352562,0.05,4.022916666666666,69.13708333333334,1.362,24.19,5.9922151348424135,4.400884829927271,0.5262783252048062,25.490429189307342,19.282850467637772,16.5,1.0239199852555598,1023.9199852555598,16894.679756716738,0,too fast
AMLF_powerVel_linearK600_ID_powerVel_freewaterK600,AM,2024-02-04,2.6764945420111004,2.1700695603245452,4.846564102335646,24,1.7090180902025165,0.011540261435946752,28114.27881468142,0.05,3.1208333333333336,69.92625,1.362,24.19,6.404333985400277,2.9285166850699307,0.5474367157093207,24.648425267654133,19.941571761315988,16.5,1.0239199852555598,1023.9199852555598,16894.679756716738,0,too fast
AMLF_powerVel_linearK600_ID_powerVel_freewaterK600,AM,2024-02-05,2.529018398068274,3.1180975702973255,5.6471159683656,24,1.6669337791384127,0.011905223170175585,28289.957412594402,0.05,3.3754166666666667,69.49166666666666,1.362,24.19,6.29813589020829,3.373214754109752,0.5251118044174082,23.892004176411355,20.572225638063408,16.5,1.0239199852555598,1023.9199852555598,16894.679756716738,0,too fast
AMLF_powerVel_linearK600_ID_powerVel_freewaterK600,AM,2024-02-06,3.24510764260127,4.589193574568075,7.834301217169345,24,1.6390711696781306,0.01215826156683042,28409.292015504805,0.05,4.015416666666667,69.41208333333333,1.362,24.19,5.982237424736781,4.463597873286028,0.4904436842027393,23.393771803785167,21.00947598748296,16.5,1.0239199852555598,1023.9199852555598,16894.679756716738,0,too fast
AMLF_powerVel_linearK600_ID_powerVel_freewaterK600,AM,2024-02-07,3.4913140954949147,4.155262908278885,7.6465770037738,24,1.6221974260197904,0.01231645317628504,28482.850887632303,0.05,3.9204545454545454,68.99136363636363,1.362,24.19,6.050528324390107,4.314233590818966,0.4909450889320664,23.093106429162066,21.282831088620547,16.5,1.0239199852555598,1023.9199852555598,16894.679756716738,0,too fast
AMLF_powerVel_linearK600_ID_powerVel_freewaterK600,AM,2024-02-08,3.1740817491615707,4.403117626082885,7.577199375244456,24,1.6094657856648347,0.012438304061863113,28538.99378056083,0.05,3.921666666666667,69.54375,1.362,24.19,6.023345435859164,4.324607180845595,0.48479766501831184,22.8667679577988,21.493389418899458,16.5,1.0239199852555598,1023.9199852555598,16894.679756716738,0,too fast
AMLF_powerVel_linearK600_ID_powerVel_freewaterK600,AM,2024-02-09,3.221174813663454,3.7510262642507737,6.972201077914228,24,1.602268504295604,0.012508127292621352,28570.971780020685,0.05,3.7370833333333335,70.40625,1.362,24.19,6.073498991248303,4.016853572661213,0.4865987461551559,22.739010125040284,21.614043961649696,16.5,1.0239199852555598,1023.9199852555598,16894.679756716738,0,too fast
AMLF_powerVel_linearK600_ID_powerVel_freewaterK600,AM,2024-02-10,3.0924964583407055,2.988143138604319,6.080639596945025,24,1.6011234042162847,0.01251930168232725,28576.076162743615,0.05,3.4483333333333333,70.54541666666667,1.362,24.19,6.211040001113667,3.5288535526312206,0.4972298641367406,22.71869690148886,21.633353307061487,16.5,1.0239199852555598,1023.9199852555598,16894.679756716738,0,too fast
AMLF_powerVel_linearK600_ID_powerVel_freewaterK600,AM,2024-02-11,2.671627374911603,2.791273925596839,5.462901300508442,24,1.6023404223260944,0.012507420597246842,28570.649958579124,0.05,3.2808333333333333,70.78791666666666,1.362,24.19,6.2832893326093915,3.2448049618711,0.5033837657264425,22.740284909769592,21.612822792042543,16.5,1.0239199852555598,1023.9199852555598,16894.679756716738,0,too fast
AMLF_powerVel_linearK600_ID_powerVel_freewaterK600,AM,2024-02-12,1.049231366552659,1.2768421463295148,2.3260735128821737,24,1.6039993690581107,0.012491250285689804,28563.25973510119,0.05,2.3741666666666665,71.19,1.362,24.19,6.7172449655443565,1.7112442498899414,0.5387237109581522,22.76971711240124,21.584880493671978,16.5,1.0239199852555598,1023.9199852555598,16894.679756716738,0,too fast
AMLF_powerVel_linearK600_ID_powerVel_freewaterK600,AM,2024-02-13,2.681683092500305,4.666386071505653,7.348069164005958,24,1.5998313624906841,0.012531972100951446,28581.851295583583,0.05,3.8670833333333334,70.02666666666667,1.362,24.19,6.026378356384179,4.238871408733105,0.4821408692715696,22.695789553846378,21.655247790444097,16.5,1.0239199852555598,1023.9199852555598,16894.679756716738,0,too fast
AMLF_powerVel_linearK600_ID_powerVel_freewaterK600,AM,2024-02-14,2.6717604609079624,3.7162200904741116,6.387980551382074,24,1.5929081293405636,0.01260008153166715,28612.85134504785,0.05,3.5681818181818183,69.1959090909091,1.362,24.19,6.216769430885202,3.7366698621888106,0.4952041487902214,22.573086920151283,21.772940886720836,16.5,1.0239199852555598,1023.9199852555598,16894.679756716738,0,too fast
AMLF_powerVel_linearK600_ID_powerVel_freewaterK600,AM,2024-02-15,2.601155524471319,2.3525850052036668,4.953740529674986,24,1.5842078148944345,0.012686692487102065,28652.06552059285,0.05,3.1154166666666665,69.78208333333333,1.362,24.19,6.414472990807081,2.974711547158691,0.5081983872906838,22.41909102104211,21.922604617712366,16.5,1.0239199852555598,1023.9199852555598,16894.679756716738,0,too fast
AMLF_powerVel_linearK600_ID_powerVel_freewaterK600,AM,2024-02-16,2.4385502788981515,2.778483392047247,5.217033670945399,24,1.5717561662189443,0.012812442528422664,28708.63763722642,0.05,3.1991666666666667,70.05625,1.362,24.19,6.358927656987867,3.122476409616838,0.49979569442959293,22.199047816262734,22.139900689114363,16.5,1.0239199852555598,1023.9199852555598,16894.679756716738,0,too fast
AMLF_powerVel_linearK600_ID_powerVel_freewaterK600,AM,2024-02-17,1.4032337998033575,1.5622288391407189,2.9654626389440764,24,1.5675029464690449,0.012855843725482902,28728.07317737464,0.05,2.5458333333333334,70.15291666666667,1.362,24.19,6.6807726630373745,2.0129568801222684,0.5236007673445067,22.12397239456609,22.214897957634452,16.5,1.0239199852555598,1023.9199852555598,16894.679756716738,0,too fast
AMLF_powerVel_linearK600_ID_powerVel_freewaterK600,AM,2024-02-18,1.8561890140722859,2.4679563766273542,4.32414539069964,24,1.5761676240396432,0.012767703668669184,28688.54808210634,0.05,2.9545833333333333,68.70041666666667,1.362,24.19,6.547318464949221,2.70346797874486,0.5159049766219121,22.27696989354855,22.06259193946035,16.5,1.0239199852555598,1023.9199852555598,16894.679756716738,0,too fast
AMLF_powerVel_linearK600_ID_powerVel_freewaterK600,AM,2024-02-19,3.3336897382833834,4.671062396653205,8.004752134936588,24,1.5992698977542663,0.012538026338522931,28584.499834010265,0.05,4.0775,68.91541666666667,1.362,24.19,5.975908935661076,4.5913679148281386,0.4775441258290261,22.685945338982314,21.665709512967624,16.5,1.0239199852555598,1023.9199852555598,16894.679756716738,0,too fast
AMLF_powerVel_linearK600_ID_powerVel_freewaterK600,AM,2024-02-20,3.6261661531207583,4.660903013844125,8.287069166964883,24,1.6382576451393056,0.012166628643633364,28413.03061910782,0.05,4.1433333333333335,68.57833333333333,1.362,24.19,5.9598915441193725,4.674513024804853,0.4878644054589385,23.379434186319607,21.02393429619845,16.5,1.0239199852555598,1023.9199852555598,16894.679756716738,0,too fast
AMLF_powerVel_linearK600_ID_powerVel_freewaterK600,AM,2024-02-21,3.8904523119862837,3.6872894421579567,7.57774175414424,24,1.6842990980994608,0.011752437211362288,28216.880850874324,0.05,3.933333333333333,68.36291666666666,1.362,24.19,6.0752868607074015,4.291732537382962,0.5113267798870214,24.203622834197983,20.308211501234034,16.5,1.0239199852555598,1023.9199852555598,16894.679756716738,0,too fast
AMLF_powerVel_linearK600_ID_powerVel_freewaterK600,AM,2024-02-22,3.4831647301629634,3.431270926850999,6.9144356570139625,23,1.7321261873135472,0.011348215438330827,28020.06836602387,0.05,3.7686956521739132,67.75695652173913,1.362,24.19,6.187777009554717,3.98952207736877,0.5356886273386559,25.06573481298374,19.609716277435666,16.5,1.0239199852555598,1023.9199852555598,16894.679756716738,0,too fast
AMLF_powerVel_linearK600_ID_powerVel_freewaterK600,AM,2024-02-23,5.621160222355266,3.943062549441343,9.56422277179661,22,1.7758720199419737,0.010999371944482448,27845.76933933715,0.05,4.537272727272727,65.30681818181819,1.362,24.19,5.932954034511992,5.2325739788827415,0.5267397599350695,25.859382578742785,19.00691472006567,16.5,1.0239199852555598,1023.9199852555598,16894.679756716738,0,too fast
AMLF_powerVel_linearK600_ID_powerVel_freewaterK600,AM,2024-02-24,6.676605106563667,2.9095244529839293,9.586129559547595,24,1.7969952446372408,0.010837499760786337,27763.44326530479,0.05,4.505833333333333,66.20208333333333,1.362,24.19,5.905026245640397,5.1666936765069345,0.530590590632292,26.244294564492755,18.72719958663879,16.5,1.0239199852555598,1023.9199852555598,16894.679756716738,0,too fast
AMLF_powerVel_linearK600_ID_powerVel_freewaterK600,AM,2024-02-25,4.924197299974925,3.4661052373801304,8.390302537355055,24,1.78789822630618,0.010906612590548261,27798.728834417845,0.05,4.1970833333333335,68.40583333333333,1.362,24.19,5.941035779252467,4.665577704072243,0.5311802713361653,26.078368570157405,18.846626556467395,16.5,1.0239199852555598,1023.9199852555598,16894.679756716738,0,too fast
AMLF_powerVel_linearK600_ID_powerVel_freewaterK600,AM,2024-02-26,4.551648080944038,4.1554878638514925,8.707135944795532,24,1.765464375236725,0.011080204836507552,27886.635707580466,0.05,4.303333333333334,68.61166666666666,1.362,24.19,5.87795617552535,4.856045950748521,0.5189846540629446,25.670014780422978,19.14659395748505,16.5,1.0239199852555598,1023.9199852555598,16894.679756716738,0,too fast
AMLF_powerVel_linearK600_ID_powerVel_freewaterK600,AM,2024-02-27,4.073806204815796,3.7720228151668405,7.845829019982636,24,1.7412280266919042,0.011273403238680145,27983.186509829324,0.05,4.035,69.8325,1.362,24.19,5.952178977301149,4.428698292452187,0.5183580903629085,25.230304284008817,19.48044079643929,16.5,1.0239199852555598,1023.9199852555598,16894.679756716738,0,too fast
AMLF_powerVel_linearK600_ID_powerVel_freewaterK600,AM,2024-02-28,3.4460218083711585,3.5964510713848936,7.042472879756052,24,1.7043623730273754,0.011579839914376987,28133.500127792086,0.05,3.7845833333333334,70.5325,1.362,24.19,6.0438291092709715,4.036552877404043,0.5153164375260171,24.5645587544833,20.009963372043433,16.5,1.0239199852555598,1023.9199852555598,16894.679756716738,0,too fast
AMLF_powerVel_linearK600_ID_powerVel_freewaterK600,AM,2024-02-29,2.709716874632532,3.7148790301417733,6.424595904774305,24,1.6419829494791691,0.012134041005907847,28397.397901983823,0.05,3.5945833333333335,70.63083333333333,1.362,24.19,6.133655641040317,3.7583012177803465,0.5041215089136422,23.44631439809369,20.96762285820876,16.5,1.0239199852555598,1023.9199852555598,16894.679756716738,0,too fast
AMLF_powerVel_linearK600_ID_powerVel_freewaterK600,AM,2024-03-01,2.8122926950599827,3.087741013333945,5.900033708393927,24,1.5620813023446456,0.012915839093291808,28754.00388248922,0.05,3.38,70.43166666666667,1.362,24.19,6.250742072188251,3.4386482643124565,0.4886314101154928,22.029158542462234,22.318569953208243,16.5,1.0239199852555598,1023.9199852555598,16894.679756716738,0,too fast
AMLF_powerVel_linearK600_ID_powerVel_freewaterK600,AM,2024-03-02,2.194623053091636,2.8130534564882073,5.007676509579843,24,1.4819897511369995,0.013794025292002191,29134.792523727952,0.06380701719049207,3.1566666666666667,71.30166666666666,1.362,24.19,6.320831368931297,3.0990991562810897,0.5952609014911684,20.626473030249674,20.88135073815926,16.5,1.0239199852555598,1023.9199852555598,16894.679756716738,0,too fast
AMLF_powerVel_linearK600_ID_powerVel_freewaterK600,AM,2024-03-03,0.2873382886927821,1.0002249692005218,1.287563257893304,24,1.4126181749488562,0.014644397797304339,29485.70976174166,0.3377759848899505,3.3962499999999998,71.72333333333333,1.362,24.19,6.181530527003168,3.5546016438331467,2.8811164031986722,19.426520872322314,4.131851327253932,16.5,1.0239199852555598,1023.9199852555598,16894.679756716738,0.2916666666666667,too fast
AMLF_powerVel_linearK600_ID_powerVel_freewaterK600,AM,2024-03-04,-1.1593190194082377,-1.162786922308571,-2.3221059417168086,24,1.366948606688731,0.015256188694752218,29728.43648363965,0.5980828134652811,3.5279166666666666,71.59583333333333,1.362,24.19,6.121774865381404,3.8134841977426723,4.974537168601077,18.644352005397423,2.2194152293136056,16.5,1.0239199852555598,1023.9199852555598,16894.679756716738,1,passes
AMLF_powerVel_linearK600_ID_powerVel_freewaterK600,AM,2024-03-05,-3.5908950550530916,-3.4921830298697656,-7.083078084922857,24,1.3474150097695732,0.015532310333181053,29835.410874457328,0.7094201625668356,2.8608333333333333,71.07791666666667,1.362,24.19,6.47921862694757,2.647263870157496,6.188802912618924,18.31181279809488,1.8928084438409114,16.5,1.0239199852555598,1023.9199852555598,16894.679756716738,1,passes
AMLF_powerVel_linearK600_ID_powerVel_freewaterK600,AM,2024-03-06,-2.1111487732152296,-2.461325374251147,-4.572474147466377,24,1.343704539656364,0.015585862451022139,29855.967561020385,0.7305690532721654,3.4795833333333333,71.74458333333334,1.362,24.19,6.1389455827248245,3.741985272554557,6.028222346287745,18.248792383358044,1.843635125004489,16.5,1.0239199852555598,1023.9199852555598,16894.679756716738,1,passes
AMLF_powerVel_linearK600_ID_powerVel_freewaterK600,AM,2024-03-07,-1.1192509490221862,-1.1946929078018018,-2.313943856823988,24,1.359761537359621,0.015356644656568611,29767.55043709369,0.6390475804881627,3.6966666666666668,71.38125,1.362,24.19,6.0475939684941995,4.112264177192176,5.26923610560417,18.521846512471186,2.0832888831927074,16.5,1.0239199852555598,1023.9199852555598,16894.679756716738,1,passes
AMLF_powerVel_linearK600_ID_powerVel_freewaterK600,AM,2024-03-08,-0.693802162780419,-1.2244676353822534,-1.9182697981626724,24,1.383679406327029,0.015025346093004948,29638.035820010246,0.5027208129189095,3.30125,71.21375,1.362,24.19,6.25297204526364,3.4010979758816218,4.360232874962958,18.929943603882013,2.591082563727925,16.5,1.0239199852555598,1023.9199852555598,16894.679756716738,1,passes
AMLF_powerVel_linearK600_ID_powerVel_freewaterK600,AM,2024-03-09,-1.5438344756048468,-1.1987786106077603,-2.7426130862126072,24,1.3991808955555822,0.014817512229283653,29555.600827390437,0.414365620325541,2.745833333333333,71.73375,1.362,24.19,6.506025545516101,2.4203978933968124,3.7773271087949043,19.195394607465506,3.103918721856432,16.5,1.0239199852555598,1023.9199852555598,16894.679756716738,0.5,passes
AMLF_powerVel_linearK600_ID_powerVel_freewaterK600,AM,2024-03-10,2.5038177601248686,1.8876768529760388,4.391494613100908,24,1.4415370121354543,0.014279473114644121,29337.03361039036,0.1852981518134086,3.6,71.04958333333333,1.362,24.19,6.11115935546596,3.879363733588957,1.7092889648363712,19.925111055966724,10.606206218612225,16.5,1.0239199852555598,1023.9199852555598,16894.679756716738,0,too fast
AMLF_powerVel_linearK600_ID_powerVel_freewaterK600,AM,2024-03-11,3.572459873297006,3.628762750830473,7.201222624127479,24,1.5383618579249447,0.013169460689503054,28865.222175546154,0.05,3.7504166666666667,69.51208333333334,1.362,24.19,6.109919826187538,4.07209097111626,0.4691337058219592,21.612604621210014,22.75682807146128,16.5,1.0239199852555598,1023.9199852555598,16894.679756716738,0,too fast
AMLF_powerVel_linearK600_ID_powerVel_freewaterK600,AM,2024-03-12,2.3120634728322815,2.1107588142112594,4.422822287043541,24,1.6451016600220543,0.012107436228129698,28384.488789422343,0.05,2.99375,69.05875,1.362,24.19,6.510898045397621,2.7382044113045074,0.5351809618919463,23.502454281436506,20.92164980220812,16.5,1.0239199852555598,1023.9199852555598,16894.679756716738,0,too fast
AMLF_powerVel_linearK600_ID_powerVel_freewaterK600,AM,2024-03-13,1.2534294320537198,0.879957105797983,2.133386537851703,24,1.7394740277442018,0.01129082135759131,27991.1205398727,0.05,2.3533333333333335,69.57541666666667,1.362,24.19,6.805250263750178,1.6430977956960504,0.5919658736975215,25.199334303306642,19.51053930591778,16.5,1.0239199852555598,1023.9199852555598,16894.679756716738,0,too fast
AMLF_powerVel_linearK600_ID_powerVel_freewaterK600,AM,2024-03-14,1.4654905429418907,0.9777095586621679,2.4432001016040585,24,1.8223009242931,0.010651768453651825,27667.154956880368,0.05,2.484166666666667,68.99291666666667,1.362,24.19,6.768241325048388,1.838397602629425,0.6167975518273957,26.707640950321455,18.40625588791035,16.5,1.0239199852555598,1023.9199852555598,16894.679756716738,0,too fast
AMLF_powerVel_linearK600_ID_powerVel_freewaterK600,AM,2024-03-15,5.0488674931272435,5.180344873847144,10.229212366974387,24,1.886388985243827,0.010200401908845422,27428.846330623765,0.05,4.850833333333333,65.22208333333333,1.362,24.19,5.777404645246605,5.665104563983742,0.5450201562998861,27.8865365946844,17.62629449848489,16.5,1.0239199852555598,1023.9199852555598,16894.679756716738,0,too fast
AMLF_powerVel_linearK600_ID_powerVel_freewaterK600,AM,2024-03-16,4.662573699471057,5.428816808504888,10.091390507975945,24,1.9332379879629276,0.009891833568771604,27260.995471132668,0.05,4.835,65.52416666666667,1.362,24.19,5.769358518821401,5.603279735950314,0.5575844819623411,28.754732836148165,17.093088406837328,16.5,1.0239199852555598,1023.9199852555598,16894.679756716738,0,too fast
AMLF_powerVel_linearK600_ID_powerVel_freewaterK600,AM,2024-03-17,4.948314046383577,5.263198507668654,10.21151255405223,24,1.9649407308579263,0.009692481679774762,27150.293948987415,0.05,4.894583333333333,66.72958333333334,1.362,24.19,5.676853859888176,5.676548291617928,0.5576718287049354,29.345264114836187,16.748608342650787,16.5,1.0239199852555598,1023.9199852555598,16894.679756716738,0,too fast
AMLF_powerVel_linearK600_ID_powerVel_freewaterK600,AM,2024-03-18,4.181364822972817,2.2713759776110063,6.452740800583824,24,1.9828548397037828,0.00958298965401784,27088.71858732668,0.05,3.7041666666666666,69.28916666666666,1.362,24.19,6.144492319081675,3.756038590044207,0.6092510583090374,29.680004142700472,16.559406122142825,16.5,1.0239199852555598,1023.9199852555598,16894.679756716738,0,too fast
AMLF_powerVel_linearK600_ID_powerVel_freewaterK600,AM,2024-03-19,1.1849185506855766,2.2961056886487485,3.4810242393343254,24,1.987563304129509,0.009554592710598712,27072.65379022233,0.05,2.88625,68.37833333333333,1.362,24.19,6.5979368642464475,2.4425011574408146,0.6556895736918531,29.76811588090115,16.510336203914573,16.5,1.0239199852555598,1023.9199852555598,16894.679756716738,0,too fast
AMLF_powerVel_linearK600_ID_powerVel_freewaterK600,AM,2024-03-20,3.2675781296664295,3.9184152660192404,7.18599339568567,24,1.9843603803402978,0.009573891694410785,27083.576188881947,0.05,4.0008333333333335,66.22541666666666,1.362,24.19,6.149688247826803,4.230277445879203,0.6101625340216678,29.708171851469018,16.543684847941833,16.5,1.0239199852555598,1023.9199852555598,16894.679756716738,0,too fast
AMLF_powerVel_linearK600_ID_powerVel_freewaterK600,AM,2024-03-21,3.8168454837266697,3.7629889770852003,7.57983446081187,24,1.9679300704162144,0.009674035305757648,27139.96414504078,0.05,4.092083333333333,67.24833333333333,1.362,24.19,6.051497050896671,4.385330036440076,0.5954128060341409,29.401063138590796,16.716733008349212,16.5,1.0239199852555598,1023.9199852555598,16894.679756716738,0,too fast
AMLF_powerVel_linearK600_ID_powerVel_freewaterK600,AM,2024-03-22,2.8149330225579914,1.510762915782474,4.325695938340465,24,1.9467310271634473,0.009805832759770023,27213.52388576309,0.05,3.09375,69.65666666666667,1.362,24.19,6.430800324767927,2.7887122778764635,0.6258643087062307,29.005690522882553,16.9444790088826,16.5,1.0239199852555598,1023.9199852555598,16894.679756716738,0,too fast
AMLF_powerVel_linearK600_ID_powerVel_freewaterK600,AM,2024-03-23,0.7547054835708601,1.1903221582487493,1.9450276418196095,24,1.9398397112571988,0.009849313779250727,27237.633436525004,0.05,2.3725,70.11375,1.362,24.19,6.769390041104426,1.6290842068170162,0.6565703859072114,28.87737511338519,17.019614210545253,16.5,1.0239199852555598,1023.9199852555598,16894.679756716738,0,too fast
AMLF_powerVel_linearK600_ID_powerVel_freewaterK600,AM,2024-03-24,2.880234839441678,2.1479812254099793,5.028216064851657,24,1.9498984113842548,0.009785926936114773,27202.46700148897,0.05,3.305833333333333,69.83583333333334,1.362,24.19,6.3161558348564935,3.129919258169207,0.6158112257433787,29.06469276350255,16.910081745606323,16.5,1.0239199852555598,1023.9199852555598,16894.679756716738,0,too fast
AMLF_powerVel_linearK600_ID_powerVel_freewaterK600,AM,2024-03-25,3.1204220791816395,2.771514123465368,5.891936202647008,24,1.9697678704017096,0.009662733066058435,27133.62544813965,0.05,3.5770833333333334,69.13958333333333,1.362,24.19,6.214350679088048,3.5580786649514087,0.6121105636279048,29.43538036761278,16.697202738148974,16.5,1.0239199852555598,1023.9199852555598,16894.679756716738,0,too fast
AMLF_powerVel_linearK600_ID_powerVel_freewaterK600,AM,2024-03-26,2.15890908393496,1.7736642511251839,3.9325733350601437,24,1.9884366377570029,0.009549423762613052,27069.7049702719,0.05,2.9908333333333332,69.7925,1.362,24.19,6.475678707609667,2.6101508716811264,0.6438642041510545,29.784492975375432,16.50140426179535,16.5,1.0239199852555598,1023.9199852555598,16894.679756716738,0,too fast
AMLF_powerVel_linearK600_ID_powerVel_freewaterK600,AM,2024-03-27,3.3818379680855397,4.423199566149503,7.805037534235042,24,2.0064562758146143,0.009442381550793815,27008.739870532507,0.05,4.18,67.32791666666667,1.362,24.19,6.003767941454784,4.504811135302929,0.6022923681854074,30.122272748532364,16.316435319771713,16.5,1.0239199852555598,1023.9199852555598,16894.679756716738,0,too fast
AMLF_powerVel_linearK600_ID_powerVel_freewaterK600,AM,2024-03-28,3.599943319550822,2.9520668440774864,6.552010163628308,24,2.033386577317573,0.00928653921584678,26918.943688746178,0.05,3.808333333333333,68.77125,1.362,24.19,6.117316442614731,3.8979537122048344,0.6219486303906804,30.628556359471887,16.047139764983232,16.5,1.0239199852555598,1023.9199852555598,16894.679756716738,0,too fast
AMLF_powerVel_linearK600_ID_powerVel_freewaterK600,AM,2024-03-29,3.2392367224387817,2.842099983884802,6.081336706323583,24,2.0844888835574236,0.009003565020848342,26752.676907597765,0.05,3.67875,68.59166666666667,1.362,24.19,6.19059514169412,3.6694344606432114,0.6453134715878358,31.594005093954582,15.558160356025933,16.5,1.0239199852555598,1023.9199852555598,16894.679756716738,0,too fast
AMLF_powerVel_linearK600_ID_powerVel_freewaterK600,AM,2024-03-30,1.577155869916329,1.4199777830792626,2.9971336529955916,24,2.1581326718489215,0.008621445668308839,26521.58401310268,0.05,2.776666666666667,67.37541666666667,1.362,24.19,6.7027521115875075,2.222032430304061,0.7234656038062652,32.99544553152061,14.897858114837673,16.5,1.0239199852555598,1023.9199852555598,16894.679756716738,0,too fast
AMLF_powerVel_linearK600_ID_powerVel_freewaterK600,AM,2024-03-31,1.9976292499004251,0.7059476152819365,2.7035768651823617,24,2.2317395000735423,0.008267277766437885,26300.08946368614,0.05,2.714583333333333,66.7975,1.362,24.19,6.763151816823237,2.106622990866499,0.754834558275318,34.40797386024015,14.285855980404664,16.5,1.0239199852555598,1023.9199852555598,16894.679756716738,0,too fast
AMLF_powerVel_linearK600_ID_powerVel_freewaterK600,AM,2024-04-01,-0.817068742718627,0.1276565604597605,-0.6894121822588665,24,2.301885526792617,0.007953420377970937,26097.35754746104,0.05,1.6554166666666665,67.25541666666666,1.362,24.19,7.269340540422528,0.4524642208186026,0.8365338662471353,35.76498857771434,13.743510413133778,16.5,1.0239199852555598,1023.9199852555598,16894.679756716738,0,too fast
AMLF_powerVel_linearK600_ID_powerVel_freewaterK600,AM,2024-04-02,1.6982172562605518,2.1284476454609313,3.8266649017214833,24,2.3687579725346914,0.007673740288178442,25911.19798740153,0.05,3.1158333333333332,67.07249999999999,1.362,24.19,6.548520983391344,2.688764744263748,0.7754322934030061,37.06840478847468,13.260223217972348,16.5,1.0239199852555598,1023.9199852555598,16894.679756716738,0,too fast
AMLF_powerVel_linearK600_ID_powerVel_freewaterK600,AM,2024-04-03,2.570804009713379,2.561974852228892,5.1327788619422705,24,2.4403591210566002,0.007393415112666818,25719.053798726294,0.05,3.555416666666667,67.1775,1.362,24.19,6.323374320067836,3.338183566481366,0.771426253948377,38.47426593733012,12.77582131468826,16.5,1.0239199852555598,1023.9199852555598,16894.679756716738,0,too fast
AMLF_powerVel_linearK600_ID_powerVel_freewaterK600,AM,2024-04-04,2.9570385310038136,1.3228308660242483,4.279869397028062,24,2.510856228305962,0.00713465980101743,25536.532596297617,0.05,3.3545833333333333,67.47208333333333,1.362,24.19,6.408777633306625,3.0127598731478846,0.8047331885930383,39.86840294394317,12.32869213615812,16.5,1.0239199852555598,1023.9199852555598,16894.679756716738,0,too fast
AMLF_powerVel_linearK600_ID_powerVel_freewaterK600,AM,2024-04-05,1.3717459744394194,0.561756514893011,1.9335024893324304,24,2.5691634933663052,0.006932595513534322,25390.30965300169,0.05,2.5883333333333334,66.88,1.362,24.19,6.822176371262534,1.8431533047454876,0.8764020600792723,41.028843030757734,11.979525047387307,16.5,1.0239199852555598,1023.9199852555598,16894.679756716738,0,too fast
AMLF_powerVel_linearK600_ID_powerVel_freewaterK600,AM,2024-04-06,-0.3409666762157601,0.4340333589754828,0.09306668275972269,24,2.6039903270725993,0.006816631402286054,25304.88584768849,0.05,1.9920833333333334,66.55708333333332,1.362,24.19,7.136864910028823,0.9434027514406784,0.9291610781937855,41.72504461703973,11.779139063150302,16.5,1.0239199852555598,1023.9199852555598,16894.679756716738,0,too fast
AMLF_powerVel_linearK600_ID_powerVel_freewaterK600,AM,2024-04-07,0.7813198745779216,0.7861368570757965,1.567456731653718,24,2.6050012907512388,0.006813319524739684,25302.428422763667,0.05,2.4879166666666666,65.73916666666666,1.362,24.19,6.9315074534325865,1.68637655078035,0.9028488925575691,41.74529056657607,11.773416138750173,16.5,1.0239199852555598,1023.9199852555598,16894.679756716738,0,too fast
AMLF_powerVel_linearK600_ID_powerVel_freewaterK600,AM,2024-04-08,-0.714970542386735,0.21599223613722687,-0.4989783062495081,24,2.570502801227172,0.006928061918214907,25386.994388862717,0.05,1.8179166666666666,65.60041666666666,1.362,24.19,7.273808283006649,0.6854392195080786,0.9349283726328327,41.05556738499834,11.97169099467536,16.5,1.0239199852555598,1023.9199852555598,16894.679756716738,0,too fast
AMLF_powerVel_linearK600_ID_powerVel_freewaterK600,AM,2024-04-09,-1.3041262846912833,-1.3123288078454631,-2.6164550925367465,24,2.51743422570099,0.007111163565349201,25519.75619453423,0.05,1.12875,66.15375,1.362,24.19,7.589358875111461,-0.3526443284671561,0.9552414460031263,39.998877955713674,12.288090640923418,16.5,1.0239199852555598,1023.9199852555598,16894.679756716738,0,too fast
AMLF_powerVel_linearK600_ID_powerVel_freewaterK600,AM,2024-04-10,-2.7285351208400153,-2.586338489605003,-5.314873610445018,24,2.4747710061494095,0.007264454005479967,25628.91952176583,0.05,0.26125,66.96333333333334,1.362,24.19,7.981381491717139,-1.6698287387127657,0.9876080665097433,39.153201142655604,12.552976521469382,16.5,1.0239199852555598,1023.9199852555598,16894.679756716738,0,too fast
AMLF_powerVel_linearK600_ID_powerVel_freewaterK600,AM,2024-04-11,-2.910903943366206,-1.9099074234278144,-4.82081136679402,24,2.4978698458739452,0.007181502179567205,25569.833357252457,0.05,0.39083333333333337,68.2525,1.362,24.19,7.851460231576256,-1.4718840333128476,0.9802298384149287,39.611097414324675,12.40963576629213,16.5,1.0239199852555598,1023.9199852555598,16894.679756716738,0,too fast
AMLF_powerVel_linearK600_ID_powerVel_freewaterK600,AM,2024-04-12,2.970027904463094,4.398550378654805,7.368578283117898,24,2.657891103787489,0.006650343249937422,25178.173234216072,0.05,4.284583333333334,68.02291666666666,1.362,24.19,5.916040089301141,4.350519736285577,0.7852741342426027,42.81175112060192,11.491793135891864,16.5,1.0239199852555598,1023.9199852555598,16894.679756716738,0,too fast
AMLF_powerVel_linearK600_ID_powerVel_freewaterK600,AM,2024-04-13,4.231997083803886,4.54271188844054,8.774708972244426,24,2.9259587176152357,0.005899001859526383,24581.207487222262,0.05,4.915,68.50125,1.362,24.19,5.576943239490186,5.179303127698544,0.8178415419627187,48.27656687846376,10.19347521326159,16.5,1.0239199852555598,1023.9199852555598,16894.679756716738,0,too fast
AMLF_powerVel_linearK600_ID_powerVel_freewaterK600,AM,2024-04-14,2.2885500241088512,2.653769993752935,4.942320017861786,24,3.2049918096168977,0.005262425405028658,24026.934225907455,0.05,3.77,68.38708333333334,1.362,24.19,6.155100915372773,3.4278173524338187,0.987092340973266,54.096317514147614,9.09347109988952,16.5,1.0239199852555598,1023.9199852555598,16894.679756716738,0,too fast
AMLF_powerVel_linearK600_ID_powerVel_freewaterK600,AM,2024-04-15,-0.630671967720417,3.375175203100209,2.744503235379792,24,3.4440366647289844,0.004808057147314319,23597.743184155806,0.05,3.1391666666666667,68.20458333333333,1.362,24.19,6.479643552834952,2.489991115062667,1.1177394973727708,59.18335563030023,8.308322750559142,16.5,1.0239199852555598,1023.9199852555598,16894.679756716738,0,too fast
AMLF_powerVel_linearK600_ID_powerVel_freewaterK600,AM,2024-04-16,-2.827282759423345,-2.2338990824981533,-5.061181841921498,24,3.6190992854813295,0.004518088232784538,23306.48416779635,0.05,0.5475,68.16333333333333,1.362,24.19,7.7774939980313,-1.1230734020637279,1.4075175188970213,62.96568789563748,7.8072564662516815,16.5,1.0239199852555598,1023.9199852555598,16894.679756716738,0,too fast
AMLF_powerVel_linearK600_ID_powerVel_freewaterK600,AM,2024-04-17,-3.3023439770564265,-3.3234739231656336,-6.62581790022206,24,3.7542435193124652,0.004315441743679652,23093.705510096213,0.05,0.04083333333333333,68.21958333333333,1.362,24.19,8.028055628657658,-1.8059605868080892,1.5069483633029408,65.91783868657654,7.4570833330784385,16.5,1.0239199852555598,1023.9199852555598,16894.679756716738,0,too fast
AMLF_powerVel_linearK600_ID_powerVel_freewaterK600,AM,2024-04-18,-3.371671410708845,-3.3681737297816245,-6.73984514049047,24,3.876135667775879,0.004146362511556204,22909.91195708533,0.05,0.025416666666666667,68.21291666666667,1.362,24.19,8.036133210506815,-1.8124676596831515,1.5574549105620834,68.6035955133635,7.164914419969121,16.5,1.0239199852555598,1023.9199852555598,16894.679756716738,0,too fast
AMLF_powerVel_linearK600_ID_powerVel_freewaterK600,AM,2024-04-19,-3.4052673254730204,-3.4061084561965123,-6.811375781669533,24,3.9817485001419604,0.0040091885207339615,22756.373034243352,0.05,0.020833333333333332,68.32708333333333,1.362,24.19,8.032663631573623,-1.8064888741638654,1.599199016670901,70.94768346434758,6.927877763828286,16.5,1.0239199852555598,1023.9199852555598,16894.679756716738,0,too fast
AMLF_powerVel_linearK600_ID_powerVel_freewaterK600,AM,2024-04-20,-3.4232288594491127,-3.42656262321191,-6.849791482661023,24,4.0599934558466035,0.003912698769474069,22645.849027528315,0.05,0.02125,68.60833333333333,1.362,24.19,8.01844324105724,-1.7971590582042107,1.6277366831263007,72.69434649376626,6.761143473651191,16.5,1.0239199852555598,1023.9199852555598,16894.679756716738,0,too fast
AMLF_powerVel_linearK600_ID_powerVel_freewaterK600,AM,2024-04-21,-3.4358076430086313,-3.4376322241851005,-6.873439867193731,24,4.107871586306703,0.0038556986837980415,22579.527270774888,0.05,0.02,69.0025,1.362,24.19,7.999669681845617,-1.7935661423433014,1.6430777670378784,73.76730474407816,6.662647325603015,16.5,1.0239199852555598,1023.9199852555598,16894.679756716738,0,too fast
AMLF_powerVel_linearK600_ID_powerVel_freewaterK600,AM,2024-04-22,-3.4344154865491623,-3.4346375292617486,-6.869053015810911,24,4.11473518479952,0.0038476478803874847,22570.09769195614,0.05,0.02,69.41208333333333,1.362,24.19,7.979606799813288,-1.7928171198725007,1.6417001362532635,73.92137241277588,6.648735537309573,16.5,1.0239199852555598,1023.9199852555598,16894.679756716738,0,too fast
AMLF_powerVel_linearK600_ID_powerVel_freewaterK600,AM,2024-04-23,-3.415846174819072,-3.414633745904356,-6.830479920723428,24,4.05834065130055,0.003914804860761221,22648.22746686111,0.05,0.02,69.70791666666666,1.362,24.19,7.965156859311039,-1.7990232249560127,1.6162672532771476,72.65759210467043,6.764782799395389,16.5,1.0239199852555598,1023.9199852555598,16894.679756716738,0,too fast
AMLF_powerVel_linearK600_ID_powerVel_freewaterK600,AM,2024-04-24,-3.3835471620307325,-3.3852542079861982,-6.768801370016931,24,3.9425318983406994,0.004059407600033588,22812.940132390733,0.05,0.02,69.49125000000001,1.362,24.19,7.9757274213390295,-1.8121068939171172,1.572222664176537,70.07590723832506,7.01465633285804,16.5,1.0239199852555598,1023.9199852555598,16894.679756716738,0,too fast
AMLF_powerVel_linearK600_ID_powerVel_freewaterK600,AM,2024-04-25,-3.343590053882464,-3.3492730118669067,-6.692863065749371,24,3.798575397000473,0.004252735529284094,23026.129060651874,0.05,0.02,69.26375,1.362,24.19,7.9867838128469835,-1.8290411919237255,1.516916761118923,66.89250985555866,7.348726994602913,16.5,1.0239199852555598,1023.9199852555598,16894.679756716738,0,too fast
AMLF_powerVel_linearK600_ID_powerVel_freewaterK600,AM,2024-04-26,-3.302803228074431,-3.313321763017558,-6.616124991091989,24,3.654388259977378,0.004463550493525278,23249.98020011444,0.05,0.02,69.10166666666667,1.362,24.19,7.994795986200372,-1.8468224244469007,1.4608017988097965,63.733953842296316,7.71301525281168,16.5,1.0239199852555598,1023.9199852555598,16894.679756716738,0,too fast
AMLF_powerVel_linearK600_ID_powerVel_freewaterK600,AM,2024-04-27,-3.2608712248716776,-3.276263531868397,-6.537134756740075,24,3.5055428018154253,0.004701923301223751,23493.04784058744,0.05,0.02,69.12,1.362,24.19,7.993913036867526,-1.8661300868715218,1.401154599248789,60.506131921773175,8.124923464514643,16.5,1.0239199852555598,1023.9199852555598,16894.679756716738,0,too fast
AMLF_powerVel_linearK600_ID_powerVel_freewaterK600,AM,2024-04-28,-3.2108028441441467,-3.2315731830170726,-6.442376027161219,24,3.3420754194717457,0.004991504928084801,23775.368028654542,0.05,0.02,69.51166666666667,1.362,24.19,7.974725175002391,-1.8885557083003877,1.332632305280222,57.00064075900194,8.625320515730534,16.5,1.0239199852555598,1023.9199852555598,16894.679756716738,0,too fast
AMLF_powerVel_linearK600_ID_powerVel_freewaterK600,AM,2024-04-29,-3.1668137560917113,-3.178590949478217,-6.345404705569928,24,3.170301497936451,0.005332008377335532,24091.137830317017,0.05,0.02,70.17166666666667,1.362,24.19,7.942780048192409,-1.9136383425931487,1.2590640101918156,53.36265079255929,9.213710476035798,16.5,1.0239199852555598,1023.9199852555598,16894.679756716738,0,too fast
AMLF_powerVel_linearK600_ID_powerVel_freewaterK600,AM,2024-04-30,-3.1295370034750882,-3.132772144133366,-6.262309147608454,24,3.0039794586113633,0.005703521379370716,24417.852150199542,0.05,0.02,70.37083333333334,1.362,24.19,7.933203753402155,-1.9395903359778137,1.191564237826413,49.886526604114714,9.855684943552598,16.5,1.0239199852555598,1023.9199852555598,16894.679756716738,0,too fast
AMLF_powerVel_linearK600_ID_powerVel_freewaterK600,AM,2024-05-01,-3.0936218277497183,-3.0938617669706265,-6.187483594720344,24,2.8476548265313792,0.006097514653360007,24746.23392287627,0.05,0.02,70.59,1.362,24.19,7.922739933860596,-1.9656747806241803,1.128067016735992,46.662889289858065,10.536505321006091,16.5,1.0239199852555598,1023.9199852555598,16894.679756716738,0,too fast
AMLF_powerVel_linearK600_ID_powerVel_freewaterK600,AM,2024-05-02,-3.0620010777301205,-3.058860199651489,-6.120861277381609,24,2.6989973432346965,0.006520214443231641,25080.151607651092,0.05,0.019583333333333335,70.82041666666666,1.362,24.19,7.912036719149585,-1.9928208299262162,1.0677406786845314,43.638163299387,11.266930557904276,16.5,1.0239199852555598,1023.9199852555598,16894.679756716738,0,too fast
AMLF_powerVel_linearK600_ID_powerVel_freewaterK600,AM,2024-05-03,-3.031571885032202,-3.0255520458155267,-6.0571239308477285,24,2.5577619348871856,0.0069731184680724995,25419.31402406586,0.05,0.02,71.21916666666667,1.362,24.19,7.892958248764836,-2.019139747631757,1.0094222177921073,40.802593140697525,12.049548712829278,16.5,1.0239199852555598,1023.9199852555598,16894.679756716738,0,too fast
AMLF_powerVel_linearK600_ID_powerVel_freewaterK600,AM,2024-05-04,-3.0060583183286997,-2.9816059155014907,-5.98766423383019,24,2.4356887268723306,0.007412176309074942,25731.772590096025,0.05,0.02666666666666667,71.35791666666667,1.362,24.19,7.883131860734756,-2.0337880027462214,0.9600441141688738,38.38284570873677,12.8082406620815,16.5,1.0239199852555598,1023.9199852555598,16894.679756716738,0,too fast
AMLF_powerVel_linearK600_ID_powerVel_freewaterK600,AM,2024-05-05,-2.818308736424586,-2.9604100550320487,-5.778718791456635,24,2.3294737475493354,0.007836862802884823,26020.122529767108,0.05,0.08791666666666667,71.27333333333333,1.362,24.19,7.85640619903029,-1.9624798247871542,0.9150377943905411,36.3021034252905,13.542098923384975,16.5,1.0239199852555598,1023.9199852555598,16894.679756716738,0,too fast
AMLF_powerVel_linearK600_ID_powerVel_freewaterK600,AM,2024-05-06,-2.8851960866727024,-2.9483078598654635,-5.8335039465381655,24,2.22961950188549,0.008277912764658777,26306.623775169628,0.05,0.05291666666666667,71.67625,1.362,24.19,7.8550893372805906,-2.0384463280366325,0.8756759880160854,34.367495993855435,14.304233257330365,16.5,1.0239199852555598,1023.9199852555598,16894.679756716738,0,too fast
AMLF_powerVel_linearK600_ID_powerVel_freewaterK600,AM,2024-05-07,-2.6540273192592116,-2.5128189050409757,-5.166846224300187,24,2.141040454926787,0.00870771096025623,26574.4030819109,0.05,0.24333333333333335,71.77791666666667,1.362,24.19,7.755153608236525,-1.7590208151219429,0.8302859809539106,32.66918714073319,15.046924539322763,16.5,1.0239199852555598,1023.9199852555598,16894.679756716738,0,too fast
AMLF_powerVel_linearK600_ID_powerVel_freewaterK600,AM,2024-05-08,-2.174660730225017,-2.4523774325820447,-4.627038162807062,24,2.072988801707668,0.00906580038738246,26789.620146975834,0.05,0.41875,71.82583333333334,1.362,24.19,7.665261128057726,-1.4958983059816577,0.7944777168921209,31.376187300131924,15.66570306939689,16.5,1.0239199852555598,1023.9199852555598,16894.679756716738,0,too fast
AMLF_powerVel_linearK600_ID_powerVel_freewaterK600,AM,2024-05-09,-2.1360265587557246,-2.493253516752285,-4.62928007550801,24,2.0219776511725187,0.009352325875186878,26956.91001582654,0.05,0.40625,71.98333333333333,1.362,24.19,7.664162937649428,-1.524903567875366,0.774852013295449,30.413985716495283,16.160819112322923,16.5,1.0239199852555598,1023.9199852555598,16894.679756716738,0,too fast
AMLF_powerVel_linearK600_ID_powerVel_freewaterK600,AM,2024-05-10,-1.895340775234039,-1.7346942176106597,-3.6300349928446987,24,1.9782030651478633,0.009611600645192937,27104.764247006955,0.05,0.6875,71.49249999999999,1.362,24.19,7.5464252264375835,-1.0819698248296936,0.7464348847279373,29.593143707885094,16.608845914893394,16.5,1.0239199852555598,1023.9199852555598,16894.679756716738,0,too fast
AMLF_powerVel_linearK600_ID_powerVel_freewaterK600,AM,2024-05-11,-1.8828288203663348,-2.003233173594214,-3.8860619939605487,24,1.9426228444937694,0.009831980699244439,27227.96641877596,0.05,0.61875,71.71916666666667,1.362,24.19,7.570272101885687,-1.197658966581933,0.7353383342960182,28.92927091800039,16.989662648294388,16.5,1.0239199852555598,1023.9199852555598,16894.679756716738,0,too fast
AMLF_powerVel_linearK600_ID_powerVel_freewaterK600,AM,2024-05-12,-1.4431541067252602,-1.513893459115544,-2.957047565840804,24,1.912618945767993,0.01002509216969084,27334.09951293513,0.05,0.8908333333333334,71.17875,1.362,24.19,7.459578915041925,-0.7621953649121377,0.7133809449920026,28.371828357035326,17.323359269225772,16.5,1.0239199852555598,1023.9199852555598,16894.679756716738,0,too fast
AMLF_powerVel_linearK600_ID_powerVel_freewaterK600,AM,2024-05-13,-1.7157149230640811,-1.8326323101067223,-3.5483472331708032,24,1.8923765460344957,0.010159092785912587,27406.831692428947,0.05,0.7116666666666667,71.16583333333334,1.362,24.19,7.5496844105885765,-1.0549575371347149,0.7143445216572435,27.996920518576783,17.554912334056947,16.5,1.0239199852555598,1023.9199852555598,16894.679756716738,0,too fast
AMLF_powerVel_linearK600_ID_powerVel_freewaterK600,AM,2024-05-14,-2.000494377102097,-2.4435634082648705,-4.444057785366967,24,1.9040847963729743,0.010081463345748939,27364.726078951495,0.05,0.45208333333333334,71.49333333333333,1.362,24.19,7.664133115946415,-1.473936643400764,0.7296310396509376,28.213729752050682,17.420768661454165,16.5,1.0239199852555598,1023.9199852555598,16894.679756716738,0,too fast
AMLF_powerVel_linearK600_ID_powerVel_freewaterK600,AM,2024-05-15,-2.831180722803168,-2.8986257281689336,-5.729806450972101,24,1.9664433405054171,0.009685356160067306,27145.770652035528,0.05,0.06083333333333333,71.79833333333333,1.362,24.19,7.845453807442718,-2.090720034748259,0.7713729821808848,29.374036592443353,16.736295444596305,16.5,1.0239199852555598,1023.9199852555598,16894.679756716738,0,too fast
AMLF_powerVel_linearK600_ID_powerVel_freewaterK600,AM,2024-05-16,-2.8882661364571818,-2.886982216128496,-5.7752483525856775,24,2.070045881164368,0.009084387820963371,26799.946645756576,0.05,0.05333333333333334,71.92791666666666,1.362,24.19,7.843201028418907,-2.075857950596935,0.8118197223762659,31.321466860215963,15.697822154624705,16.5,1.0239199852555598,1023.9199852555598,16894.679756716738,0,too fast
AMLF_powerVel_linearK600_ID_powerVel_freewaterK600,AM,2024-05-17,-2.9547201278949657,-2.9649315933804816,-5.919651721275447,24,2.187117353313962,0.008480590801646908,26433.88059107343,0.05,0.019583333333333335,72.03125,1.362,24.19,7.855184510988003,-2.1003781603851994,0.8590222225239612,33.55104878545133,14.654460905245855,16.5,1.0239199852555598,1023.9199852555598,16894.679756716738,0,too fast
AMLF_powerVel_linearK600_ID_powerVel_freewaterK600,AM,2024-05-18,-2.972772749225376,-2.9775243763722146,-5.95029712559759,24,2.3087990320225122,0.007925562166036987,26078.495568588405,0.05,0.02291666666666667,71.77958333333333,1.362,24.19,7.865285880961429,-2.066988990741629,0.9079615875927144,35.90026384915477,13.695371422911913,16.5,1.0239199852555598,1023.9199852555598,16894.679756716738,0,too fast
AMLF_powerVel_linearK600_ID_powerVel_freewaterK600,AM,2024-05-19,-2.9974711855521727,-3.0096898215782533,-6.007161007130426,24,2.437031364022391,0.0074077770961474354,25728.499952507966,0.05,0.02,71.82083333333333,1.362,24.19,7.864922405023218,-2.0436994032123454,0.9583537708496072,38.40969998875545,12.800638822142767,16.5,1.0239199852555598,1023.9199852555598,16894.679756716738,0,too fast
AMLF_powerVel_linearK600_ID_powerVel_freewaterK600,AM,2024-05-20,-3.024134389596893,-3.0314152954965072,-6.0555496850934,24,2.568759304948539,0.006935676757710164,25392.006901322362,0.05,0.02,71.81041666666667,1.362,24.19,7.86527203086146,-2.016970653026267,1.010197447362132,41.02190312098126,11.984849437323163,16.5,1.0239199852555598,1023.9199852555598,16894.679756716738,0,too fast
AMLF_powerVel_linearK600_ID_powerVel_freewaterK600,AM,2024-05-21,-3.0499530073530146,-3.054650465874204,-6.104603473227218,24,2.6912112977738216,0.00654302037446448,25097.937005784646,0.05,0.02,71.82124999999999,1.362,24.19,7.864852672034646,-1.9936117136740892,1.0582985680627544,43.48028694238351,11.30633920707462,16.5,1.0239199852555598,1023.9199852555598,16894.679756716738,0,too fast
AMLF_powerVel_linearK600_ID_powerVel_freewaterK600,AM,2024-05-22,-3.0767805687538163,-3.078643042107799,-6.155423610861615,24,2.812508199096624,0.006192365114195317,24822.935538073427,0.05,0.02,71.8625,1.362,24.19,7.8628280125111845,-1.9717674422831657,1.105711553978394,45.94366050031193,10.700406917329508,16.5,1.0239199852555598,1023.9199852555598,16894.679756716738,0,too fast
AMLF_powerVel_linearK600_ID_powerVel_freewaterK600,AM,2024-05-23,-3.1088818573572605,-3.1056266727443442,-6.214508530101605,24,2.9505848246473536,0.00583251374375278,24527.422245873888,0.05,0.02,71.97291666666666,1.362,24.19,7.8576696245169755,-1.9482938491850716,1.1592316812501404,48.780338456053656,10.078583749204803,16.5,1.0239199852555598,1023.9199852555598,16894.679756716738,0,too fast
AMLF_powerVel_linearK600_ID_powerVel_freewaterK600,AM,2024-05-24,-3.1393278794403225,-3.1317232689104197,-6.271051148350742,24,3.0907726858552773,0.00550336910917051,24244.288316684007,0.05,0.02,72.48041666666667,1.362,24.19,7.834288074314897,-1.92580358962145,1.210672560870159,51.69395996454644,9.50982182064664,16.5,1.0239199852555598,1023.9199852555598,16894.679756716738,0,too fast
AMLF_powerVel_linearK600_ID_powerVel_freewaterK600,AM,2024-05-25,-3.1590583679811592,-3.151639614333682,-6.310697982314841,24,3.2074188427924093,0.00525378674427104,24020.530079997137,0.05,0.02,73.63666666666667,1.362,24.19,7.781663625410113,-1.9080297366714174,1.2479374839566264,54.143345593394756,9.078543494100357,16.5,1.0239199852555598,1023.9199852555598,16894.679756716738,0,too fast
AMLF_powerVel_linearK600_ID_powerVel_freewaterK600,AM,2024-05-26,-3.171204835023772,-3.167396896134917,-6.338601731158689,24,3.2834020812560607,0.005101833434124796,23880.133280262267,0.05,0.02,74.28625,1.362,24.19,7.752605396091006,-1.8968775569345218,1.2727406368855605,55.75083118853622,8.815968174167647,16.5,1.0239199852555598,1023.9199852555598,16894.679756716738,0,too fast
AMLF_powerVel_linearK600_ID_powerVel_freewaterK600,AM,2024-05-27,-3.172041883712629,-3.1730681405850523,-6.345110024297681,24,3.3083787499109225,0.005053589260257527,23834.8626034984,0.05,0.02,74.72291666666666,1.362,24.19,7.733277321395893,-1.8932815581294566,1.2792306933163664,56.2812617226024,8.732602241725006,16.5,1.0239199852555598,1023.9199852555598,16894.679756716738,0,too fast
AMLF_powerVel_linearK600_ID_powerVel_freewaterK600,AM,2024-05-28,-3.163652492262286,-3.1672830500025695,-6.3309355422648554,24,3.283707011210347,0.005101212777731497,23879.564137733738,0.05,0.02,74.88916666666667,1.362,24.19,7.7259454638976814,-1.8968323480708862,1.2684841498223633,55.75726864229756,8.814895679920028,16.5,1.0239199852555598,1023.9199852555598,16894.679756716738,0,too fast
AMLF_powerVel_linearK600_ID_powerVel_freewaterK600,AM,2024-05-29,-3.157456297397257,-3.159792061754127,-6.3172483591513835,24,3.2199238681123887,0.005228085206557195,23997.069696702656,0.05,0.02,73.69875,1.362,24.19,7.778926436098419,-1.9061662012369158,1.2523606548239066,54.407093356821434,9.034131236930833,16.5,1.0239199852555598,1023.9199852555598,16894.679756716738,0,too fast
AMLF_powerVel_linearK600_ID_powerVel_freewaterK600,AM,2024-05-30,-3.1371306782736044,-3.142455471605829,-6.279586149879433,24,3.128293801828652,0.005420471813558686,24171.014965699494,0.05,0.02,73.2925,1.362,24.19,7.797144070878304,-1.91998324626856,1.219587962282314,52.47901837131529,9.366575293829408,16.5,1.0239199852555598,1023.9199852555598,16894.679756716738,0,too fast
AMLF_powerVel_linearK600_ID_powerVel_freewaterK600,AM,2024-05-31,-3.115020486360798,-3.118354670977749,-6.233375157338547,24,3.0265895243195415,0.005649133100605539,24371.559903769758,0.05,0.02,73.19,1.362,24.19,7.80176781670248,-1.9359131905330136,1.1806354637772205,50.35514217052658,9.761701997846371,16.5,1.0239199852555598,1023.9199852555598,16894.679756716738,0,too fast
AMLF_powerVel_linearK600_ID_powerVel_freewaterK600,AM,2024-06-01,-3.0972785945372596,-3.098409721408052,-6.195688315945311,24,2.9369083334745105,0.0058653143618351816,24555.38063954067,0.05,0.02,72.94666666666667,1.362,24.19,7.812889297245675,-1.9505146763828114,1.1472823513035615,48.49680235052255,10.135263217251193,16.5,1.0239199852555598,1023.9199852555598,16894.679756716738,0,too fast
AMLF_powerVel_linearK600_ID_powerVel_freewaterK600,AM,2024-06-02,-3.0853103381764657,-3.0851768521563163,-6.170487190332782,24,2.8681594150071543,0.006041379773125064,24701.121109641368,0.05,0.02,72.52958333333333,1.362,24.19,7.831971144739376,-1.9620913214386242,1.1231633975627793,47.08178698672745,10.43950424796011,16.5,1.0239199852555598,1023.9199852555598,16894.679756716738,0,too fast
AMLF_powerVel_linearK600_ID_powerVel_freewaterK600,AM,2024-06-03,-3.0743325021456918,-3.0735068816557987,-6.14783938380149,24,2.8073601528033167,0.006205407777744387,24833.7930450523,0.05,0.02,72.22541666666666,1.362,24.19,7.84599895265736,-1.9726298897858985,1.1013242029685921,45.83761877072794,10.7229446399423,16.5,1.0239199852555598,1023.9199852555598,16894.679756716738,0,too fast
AMLF_powerVel_linearK600_ID_powerVel_freewaterK600,AM,2024-06-04,-3.062673383121431,-3.0589904593275965,-6.121663842449028,24,2.737168046639045,0.006405176822516007,24991.576319967782,0.05,0.019583333333333335,72.00874999999999,1.362,24.19,7.85634569532503,-1.98577990499766,1.07520547138493,44.409733564942215,11.068145549307658,16.5,1.0239199852555598,1023.9199852555598,16894.679756716738,0,too fast
AMLF_powerVel_linearK600_ID_powerVel_freewaterK600,AM,2024-06-05,-3.045909907634931,-3.0408602520391272,-6.086770159674058,24,2.6514257276959894,0.0066654519508200566,25191.33492141314,0.05,0.019583333333333335,71.90375,1.362,24.19,7.861082810912731,-2.0016524336564974,1.0421534508135153,42.67793288589628,11.517900971017056,16.5,1.0239199852555598,1023.9199852555598,16894.679756716738,0,too fast
AMLF_powerVel_linearK600_ID_powerVel_freewaterK600,AM,2024-06-06,-3.0272767918000842,-3.0248280279462443,-6.0521048197463285,24,2.5529582411316953,0.006988652793425186,25430.909744637625,0.05,0.018333333333333333,71.88,1.362,24.19,7.862893561990495,-2.022575362023001,1.0036811115046498,40.70626494379267,12.076392027038722,16.5,1.0239199852555598,1023.9199852555598,16894.679756716738,0,too fast
AMLF_powerVel_linearK600_ID_powerVel_freewaterK600,AM,2024-06-07,-3.0092058665449315,-3.005917943903171,-6.015123810448102,24,2.450772541178746,0.0073548235949700185,25691.94688587803,0.05,0.0175,71.93583333333333,1.362,24.19,7.860661326590037,-2.0446000626893723,0.9632358360881589,38.67997433085533,12.70913517210819,16.5,1.0239199852555598,1023.9199852555598,16894.679756716738,0,too fast
AMLF_powerVel_linearK600_ID_powerVel_freewaterK600,AM,2024-06-08,-2.9669722354522783,-2.876158534683544,-5.843130770135822,24,2.351419895530167,0.007745360122328338,25959.13410492349,0.05,0.05291666666666667,72.02791666666667,1.362,24.19,7.83870539450655,-2.0112887914160074,0.9216283062479955,36.73000667656486,13.383982291383367,16.5,1.0239199852555598,1023.9199852555598,16894.679756716738,0,too fast
AMLF_powerVel_linearK600_ID_powerVel_freewaterK600,AM,2024-06-09,-2.91633910612209,-2.78339725521277,-5.69973636133486,24,2.248586120186752,0.008191159248315873,26251.13284932115,0.05,0.08291666666666667,72.11958333333334,1.362,24.19,7.81940037006451,-1.9873439512771123,0.8791419607539829,34.73352000736098,14.154323181089826,16.5,1.0239199852555598,1023.9199852555598,16894.679756716738,0,too fast
AMLF_powerVel_linearK600_ID_powerVel_freewaterK600,AM,2024-06-10,-2.7642670340521946,-2.4128629195220577,-5.177129953574252,24,2.134735469009162,0.008741591427124345,26594.583033162144,0.05,0.21458333333333332,72.31333333333333,1.362,24.19,7.7446370825542745,-1.805796928956547,0.8266935621468462,32.549688637331876,15.105469986070865,16.5,1.0239199852555598,1023.9199852555598,16894.679756716738,0,too fast
AMLF_powerVel_linearK600_ID_powerVel_freewaterK600,AM,2024-06-11,-1.796454193742199,-2.242603395118746,-4.0390575888609455,23,2.014906721050489,0.009397002677168378,26981.68555154788,0.05,0.6160869565217392,72.38521739130435,1.362,24.19,7.540684939947204,-1.1920475703057163,0.7595889543500642,30.282397126450782,16.23802062614696,16.5,1.0239199852555598,1023.9199852555598,16894.679756716738,0,too fast
AMLF_powerVel_linearK600_ID_powerVel_freewaterK600,AM,2024-06-12,-1.2693701089462701,-1.3763752494821593,-2.6457453584284294,23,1.8897009021278077,0.010182598944961234,27418.179005575475,0.05,0.9852173913043478,72.32217391304347,1.362,24.19,7.359041963284901,-0.6112159459037092,0.695373342359392,27.94913174376077,17.59553097689301,16.5,1.0239199852555598,1023.9199852555598,16894.679756716738,0,too fast
AMLF_powerVel_linearK600_ID_powerVel_freewaterK600,AM,2024-06-13,-1.828265543198894,-1.5786261324889985,-3.406891675687892,23,1.7653734400193344,0.011086907415885259,27888.66817807067,0.05,0.7204347826086956,72.17999999999999,1.362,24.19,7.497967572646738,-1.0577215585357884,0.6620051104414117,25.669900995732863,19.158176014649726,16.5,1.0239199852555598,1023.9199852555598,16894.679756716738,0,too fast
AMLF_powerVel_linearK600_ID_powerVel_freewaterK600,AM,2024-06-14,-1.6084102609208966,-1.210120843203518,-2.8185311041244145,24,1.644096857499637,0.012119073785425299,28389.445768742105,0.05,0.8670833333333333,72.05916666666667,1.362,24.19,7.430254126458976,-0.8316271193093617,0.6108292175626271,23.485026473324425,20.941759501214914,16.5,1.0239199852555598,1023.9199852555598,16894.679756716738,0,too fast
AMLF_powerVel_linearK600_ID_powerVel_freewaterK600,AM,2024-06-15,-1.3197764692294105,-1.6480540703833342,-2.967830539612745,24,1.525895219660977,0.013304526051352853,28924.09968370891,0.05,0.8425,72.10291666666667,1.362,24.19,7.440574789692395,-0.888803412569602,0.5677553904739433,21.393977516951303,22.99022101673773,16.5,1.0239199852555598,1023.9199852555598,16894.679756716738,0,too fast
AMLF_powerVel_linearK600_ID_powerVel_freewaterK600,AM,2024-06-16,-3.933546724721865,-3.5478013062392995,-7.481348030961165,24,1.4182305909685677,0.014576807756852406,29457.579211662858,0.30651953987234554,1.0154166666666666,71.99083333333333,1.362,24.19,7.359222651790637,-0.6045867368060612,3.1682327302147346,19.52376203121854,6.488374266129092,16.5,1.0239199852555598,1023.9199852555598,16894.679756716738,0.2916666666666667,too fast
AMLF_powerVel_linearK600_ID_powerVel_freewaterK600,AM,2024-06-17,-5.841594344320987,-6.901602374344135,-12.743196718665121,24,1.3286645891414428,0.015814105185370096,29941.650412949843,0.8162935733326558,1.9875,72.01125,1.362,24.19,6.872294272902087,1.1157931860629466,7.354890541642614,17.994770733119857,1.718284743071099,16.5,1.0239199852555598,1023.9199852555598,16894.679756716738,1,passes
AMLF_powerVel_linearK600_ID_powerVel_freewaterK600,AM,2024-06-18,-7.340669875402944,-6.895510237208805,-14.236180112611748,24,1.2481083045140418,0.017099368488041316,30413.323347481284,1.275447267401602,3.004583333333333,71.93291666666667,1.362,24.19,6.36740615928611,2.957463229250621,10.112649922072674,16.64144948151002,1.167103812220392,16.5,1.0239199852555598,1023.9199852555598,16894.679756716738,1,passes
AMLF_powerVel_linearK600_ID_powerVel_freewaterK600,AM,2024-06-19,-9.332823565866372,-9.06333931142932,-18.396162877295694,24,1.1769439828497534,0.018400693783211172,30862.820388520726,1.6810687695501045,3.1325,71.89208333333333,1.362,24.19,6.30523946044357,3.235047489131563,12.455585948982497,15.463912602053682,0.9486372654893858,16.5,1.0239199852555598,1023.9199852555598,16894.679756716738,1,passes
AMLF_powerVel_linearK600_ID_powerVel_freewaterK600,AM,2024-06-20,-10.828655157738897,-10.663894142401748,-21.492549300140645,24,1.1083196980995158,0.01983646112758015,31329.941291655916,2.0722126013647246,3.27125,71.92541666666666,1.362,24.19,6.234448639663665,3.541135248263278,14.30113998294503,14.345263067172251,0.8284822130976316,16.5,1.0239199852555598,1023.9199852555598,16894.679756716738,1,passes
AMLF_powerVel_linearK600_ID_powerVel_freewaterK600,AM,2024-06-21,-11.800044348941254,-11.618967055283788,-23.419011404225042,24,1.0450910672407832,0.021346232022187505,31793.127509135644,2.4326023532504997,3.435,71.95791666666666,1.362,24.19,6.151053482257897,3.901309271732027,15.625904748316003,13.32959811965403,0.7587434572037762,16.5,1.0239199852555598,1023.9199852555598,16894.679756716738,1,passes
AMLF_powerVel_linearK600_ID_powerVel_freewaterK600,AM,2024-06-22,-12.174931087299072,-12.403965717597675,-24.578896804896747,24,0.9917822085472444,0.02278842705987116,32211.72436164588,2.7364515129895763,3.567083333333333,72.19833333333334,1.362,24.19,6.073961541648581,4.204746734485539,16.47510891774236,12.485103312860996,0.7197723820255147,16.5,1.0239199852555598,1023.9199852555598,16894.679756716738,1,passes
AMLF_powerVel_linearK600_ID_powerVel_freewaterK600,AM,2024-06-23,-12.400757962766734,-12.958734737599274,-25.359492700366008,24,0.9442708128905205,0.024229919077795443,32609.347634102345,3.007256366106347,3.6766666666666667,72.24875,1.362,24.19,6.016860977392836,4.46821837984545,17.078217633174386,11.741989543626762,0.6962673441188082,16.5,1.0239199852555598,1023.9199852555598,16894.679756716738,1,passes
AMLF_powerVel_linearK600_ID_powerVel_freewaterK600,AM,2024-06-24,-12.219073826582836,-13.066026586194788,-25.285100412777624,23,0.9015210905641581,0.025674053695033307,32989.1336912193,3.2509206936924575,3.832173913043478,72.16391304347826,1.362,24.19,5.943000137592804,4.823961288853462,17.411275445702362,11.08129314630949,0.6824049934776311,16.5,1.0239199852555598,1023.9199852555598,16894.679756716738,1,passes
AMLF_powerVel_linearK600_ID_powerVel_freewaterK600,AM,2024-06-25,-12.01475290184249,-13.017233090194523,-25.031985992037015,24,0.8575648419105238,0.027331587899610647,33404.231252534955,3.5014619648059493,3.9770833333333333,72.28708333333333,1.362,24.19,5.864892862673957,5.171252888608341,17.603705868930845,10.410190611648934,0.6744503308489104,16.5,1.0239199852555598,1023.9199852555598,16894.679756716738,1,passes
AMLF_powerVel_linearK600_ID_powerVel_freewaterK600,AM,2024-06-26,-11.956976835691208,-13.765141208950247,-25.722118044641455,24,0.8130032047628076,0.029216305091218364,33852.73677480781,3.755453821614775,3.985,72.26208333333334,1.362,24.19,5.862114958673484,5.257095397598575,17.892133873261923,9.73845486204517,0.6721634407971762,16.5,1.0239199852555598,1023.9199852555598,16894.679756716738,1,passes
AMLF_powerVel_linearK600_ID_powerVel_freewaterK600,AM,2024-06-27,-11.732536799060455,-13.124910159385474,-24.857446958445927,24,0.7784652859337619,0.03084011127704171,34221.43583159093,3.9523126153036747,4.109166666666667,72.01291666666667,1.362,24.19,5.811395098229735,5.565157176419402,17.877849542281947,9.223927921124627,0.6741743434336522,16.5,1.0239199852555598,1023.9199852555598,16894.679756716738,1,passes
AMLF_powerVel_linearK600_ID_powerVel_freewaterK600,AM,2024-06-28,-11.958220037042661,-12.632010214332391,-24.590230251375054,24,0.7531361580609978,0.03214173301688582,34505.54758642077,4.096683258564057,4.127083333333333,72.11708333333333,1.362,24.19,5.797676072983054,5.6471654792113,17.886131423458014,8.850313531475326,0.6778628929905591,16.5,1.0239199852555598,1023.9199852555598,16894.679756716738,1,passes
AMLF_powerVel_linearK600_ID_powerVel_freewaterK600,AM,2024-06-29,-11.42726729364197,-12.850255008361186,-24.277522302003156,24,0.7251948146610022,0.03369795959804119,34833.28872151094,4.255942974906449,4.15375,72.64625,1.362,24.19,5.760302990455578,5.75640543769893,17.77658427914057,8.441833943194018,0.6840822033088215,16.5,1.0239199852555598,1023.9199852555598,16894.679756716738,1,passes
AMLF_powerVel_linearK600_ID_powerVel_freewaterK600,AM,2024-06-30,-11.662337940573451,-12.509736785908094,-24.172074726481547,24,0.7039984707656877,0.03496713916282448,35092.12738391497,4.376757628229959,4.11125,73.2825,1.362,24.19,5.7530697694898825,5.710572937661507,17.725993730457727,8.134449788239962,0.6902660785065539,16.5,1.0239199852555598,1023.9199852555598,16894.679756716738,1,passes
AMLF_powerVel_linearK600_ID_powerVel_freewaterK600,AM,2024-07-01,-11.848100979071782,-12.696938209181912,-24.545039188253696,24,0.6909173257685104,0.03579663897684659,35257.04735983737,4.451317373330994,3.9870833333333335,74.54166666666667,1.362,24.19,5.760332384988448,5.478126855436294,17.715278231641886,7.94595985185025,0.6948038729008505,16.5,1.0239199852555598,1023.9199852555598,16894.679756716738,1,passes
AMLF_powerVel_linearK600_ID_powerVel_freewaterK600,AM,2024-07-02,-10.829865478132279,-12.778450817513134,-23.608316295645412,24,0.680608551624839,0.03647389306682587,35389.5987523157,4.510075194043335,4.00625,77.59416666666667,1.362,24.19,5.623521225209781,5.539092673127446,17.262059765142617,7.798002342766141,0.6987336513226764,16.5,1.0239199852555598,1023.9199852555598,16894.679756716738,1,passes
AMLF_powerVel_linearK600_ID_powerVel_freewaterK600,AM,2024-07-03,-11.206631205627165,-12.326323682576023,-23.532954888203186,24,0.6948868227784679,0.035548603957812674,35207.40747112027,4.428692084389879,4.14875,74.51875,1.362,24.19,5.681082359355247,5.807007019813626,17.480176757502814,8.00324981232976,0.6934825508882598,16.5,1.0239199852555598,1023.9199852555598,16894.679756716738,1,passes
AMLF_powerVel_linearK600_ID_powerVel_freewaterK600,AM,2024-07-04,-10.781384404219809,-12.390848446430361,-23.17223285065017,24,0.7458365955814936,0.03256485786170195,34593.140217224485,4.138289212625292,4.3220833333333335,72.59708333333333,1.362,24.19,5.678175389734349,6.060038876117223,17.512033297924763,8.744104029310831,0.6797832023306561,16.5,1.0239199852555598,1023.9199852555598,16894.679756716738,1,passes
AMLF_powerVel_linearK600_ID_powerVel_freewaterK600,AM,2024-07-05,-11.137841791394363,-12.545219983637233,-23.683061775031597,24,0.8315135812428294,0.02844162099809161,33667.495431656,3.6499486114537056,4.195,72.40625,1.362,24.19,5.750486906380125,5.644763005154216,17.427653134659895,10.017794359581197,0.6733041247053813,16.5,1.0239199852555598,1023.9199852555598,16894.679756716738,1,passes
AMLF_powerVel_linearK600_ID_powerVel_freewaterK600,AM,2024-07-06,-10.84248330948544,-12.55936308032971,-23.401846389815148,24,0.9211581995444335,0.025006632677556557,32814.07644254766,3.1389933478518204,4.060833333333333,72.47333333333333,1.362,24.19,5.81456516954412,5.240775734774245,16.798625615444795,11.384569865452322,0.6885847262119228,16.5,1.0239199852555598,1023.9199852555598,16894.679756716738,1,passes
AMLF_powerVel_linearK600_ID_powerVel_freewaterK600,AM,2024-07-07,-10.5836625769139,-12.225825228219168,-22.809487805133067,24,0.9726776270855143,0.023344337120933825,32367.96559654927,2.845343565203349,3.9370833333333333,72.43416666666667,1.362,24.19,5.878201192876765,4.9327780317002805,16.26909849046243,12.184925724676523,0.7089166848740971,16.5,1.0239199852555598,1023.9199852555598,16894.679756716738,1,passes
AMLF_powerVel_linearK600_ID_powerVel_freewaterK600,AM,2024-07-08,-10.876505838109548,-11.922251197082105,-22.798757035191652,24,0.9749428788678279,0.02327508037891173,32348.921892287504,2.8324321116940876,3.9370833333333333,72.34041666666667,1.362,24.19,5.882461868237591,4.930810628746905,16.243043699761685,12.220321278511827,0.7099938645109721,16.5,1.0239199852555598,1023.9199852555598,16894.679756716738,1,passes
AMLF_powerVel_linearK600_ID_powerVel_freewaterK600,AM,2024-07-09,-11.235671901521192,-12.088607549543141,-23.324279451064335,24,0.9624668073241652,0.0236524358464221,32453.17990825661,2.903543066764037,3.9175,72.06958333333333,1.362,24.19,5.904587423415996,4.909059426111079,16.500121180974748,12.025142339704235,0.7038228455591223,16.5,1.0239199852555598,1023.9199852555598,16894.679756716738,1,passes
AMLF_powerVel_linearK600_ID_powerVel_freewaterK600,AM,2024-07-10,-11.092181420408542,-11.835670763375543,-22.927852183784083,24,0.9625372949473535,0.023650190086840762,32452.57348854452,2.9031413022993187,3.9729166666666664,72.11041666666667,1.362,24.19,5.8750468602209995,5.015212330794778,16.41718097743957,12.026238605684984,0.7038513169924682,16.5,1.0239199852555598,1023.9199852555598,16894.679756716738,1,passes
AMLF_powerVel_linearK600_ID_powerVel_freewaterK600,AM,2024-07-11,-10.186220241046685,-11.774695899185273,-21.96091614023196,24,0.9704853742427595,0.023408750766212794,32385.99455216283,2.8578389402785507,4.1,72.28416666666666,1.362,24.19,5.8035825915145365,5.24834402949881,16.09642912810324,12.150520521454405,0.7077215708648864,16.5,1.0239199852555598,1023.9199852555598,16894.679756716738,1,passes
AMLF_powerVel_linearK600_ID_powerVel_freewaterK600,AM,2024-07-12,-9.94702254835715,-11.585602910873263,-21.532625459230413,24,0.9907786730503454,0.02281278671241616,32219.17178508914,2.742171451944827,4.074166666666667,72.28958333333333,1.362,24.19,5.816335963625396,5.171842916752966,15.801607282825163,12.469041400635723,0.7188677195943913,16.5,1.0239199852555598,1023.9199852555598,16894.679756716738,1,passes
AMLF_powerVel_linearK600_ID_powerVel_freewaterK600,AM,2024-07-13,-9.371053677545717,-11.278040516590758,-20.649094194136474,24,1.028824369902421,0.021766120964091234,31917.588167735365,2.525319069367145,4.013333333333334,72.41833333333334,1.362,24.19,5.840813545270534,5.007921939932349,15.173553467080167,13.070579816460905,0.7450028256218346,16.5,1.0239199852555598,1023.9199852555598,16894.679756716738,1,passes
AMLF_powerVel_linearK600_ID_powerVel_freewaterK600,AM,2024-07-14,-8.997595977524728,-10.622176245650946,-19.619772223175673,24,1.0749698543756723,0.02060372459042888,31569.294565042564,2.2622996195688425,3.85625,72.36375,1.362,24.19,5.9218296418116365,4.659582359662652,14.401777626745229,13.80738057781069,0.7873069174188392,16.5,1.0239199852555598,1023.9199852555598,16894.679756716738,1,passes
AMLF_powerVel_linearK600_ID_powerVel_freewaterK600,AM,2024-07-15,-8.767193181395191,-9.862994307236448,-18.63018748863164,24,1.1074673527829044,0.019847685598147227,31334.588337024008,2.0770707884391997,3.78625,72.22125,1.362,24.19,5.963238529023391,4.495661272560365,13.719438256389411,14.330843814384306,0.8257234243378055,16.5,1.0239199852555598,1023.9199852555598,16894.679756716738,1,passes
AMLF_powerVel_linearK600_ID_powerVel_freewaterK600,AM,2024-07-16,-9.24429589157927,-9.769884365803621,-19.01418025738289,24,1.111112874155735,0.01976596220483364,31308.794109631155,2.0562920917442784,3.68,72.08083333333333,1.362,24.19,6.022765870663477,4.295810733305628,13.759101822478378,14.389805129437397,0.8305774974284419,16.5,1.0239199852555598,1023.9199852555598,16894.679756716738,1,passes
AMLF_powerVel_linearK600_ID_powerVel_freewaterK600,AM,2024-07-17,-9.636257778233734,-10.21668067635009,-19.852938454583825,24,1.0795768121738873,0.02049492338026223,31535.742089660595,2.236040939674975,3.78625,72.0225,1.362,24.19,5.9723277626476055,4.526261219295935,14.404361871744818,13.881463867602159,0.7924807202652678,16.5,1.0239199852555598,1023.9199852555598,16894.679756716738,1,passes
AMLF_powerVel_linearK600_ID_powerVel_freewaterK600,AM,2024-07-18,-10.468426769550662,-11.318348509196573,-21.786775278747236,24,1.018766896700635,0.022042061938926577,31997.19515147176,2.5826445281436885,3.8716666666666666,72.05,1.362,24.19,5.928406143728078,4.754854123615558,15.577414951352017,12.911516219179273,0.7380428366503948,16.5,1.0239199852555598,1023.9199852555598,16894.679756716738,1,passes
AMLF_powerVel_linearK600_ID_powerVel_freewaterK600,AM,2024-07-24,-11.069390999096322,-12.558543485064325,-23.627934484160647,24,0.8786518454305243,0.026515645891509104,33202.21153881194,3.381270528373195,4.150416666666667,72.18916666666667,1.362,24.19,5.782703491619865,5.481090225988455,17.170961427571445,10.73120590146106,0.6776080171128328,16.5,1.0239199852555598,1023.9199852555598,16894.679756716738,1,passes
AMLF_powerVel_linearK600_ID_powerVel_freewaterK600,AM,2024-07-25,-3.8477770068268704,-11.356301273416411,-15.204078280243282,24,0.8444550935569973,0.027855310848960528,33532.09054105789,3.576184742956377,4.673333333333334,71.95583333333333,1.362,24.19,5.531992824391038,6.5663410077367015,16.671221570054858,10.211335732529248,0.6729831725565141,16.5,1.0239199852555598,1023.9199852555598,16894.679756716738,1,passes
AMLF_powerVel_linearK600_ID_powerVel_freewaterK600,ID,2022-11-08,7.437037206413358,-12.56326658535864,-5.126229378945283,24,0.9826430230630084,0.30894970066795685,1311349.285994288,3.896527808336452,6.05625,71.20541666666666,5.020833333333333,21.883333333333333,3.2342997913025804,9.016226778212571,12.412687459009046,2.7084144018315697,6.850523196729769,50,3.0119984844307854,3011.9984844307855,150599.9242215393,1,passes
AMLF_powerVel_linearK600_ID_powerVel_freewaterK600,ID,2022-11-09,7.556591804437945,-14.545872877219573,-6.989281072781628,24,0.9679142976395282,0.3137980281482407,1312047.8557971295,4.413173685654982,6.25,70.25375,5.225,21.416666666666668,3.119972293518521,8.930740244704568,13.346316809497777,2.666391862210837,6.143458554585337,50,3.0119984844307854,3011.9984844307855,150599.9242215393,1,passes
AMLF_powerVel_linearK600_ID_powerVel_freewaterK600,ID,2022-11-10,-6.636871519341548,-13.692811395684437,-20.329682915025984,24,0.9930183223883826,0.3057620919356251,1310874.077021462,4.120768586918433,5.196666666666666,70.43833333333333,4.525,21.4375,3.985753673964288,5.844793675933588,16.303632628294203,2.738051276389382,6.410902283399912,50,3.0119984844307854,3011.9984844307855,150599.9242215393,1,passes
AMLF_powerVel_linearK600_ID_powerVel_freewaterK600,ID,2022-11-11,6.513519312720207,-8.626833616656281,-2.1133143039360744,24,1.0278476186593462,0.2948921916931307,1309266.6147761543,2.6991389589350545,5.555833333333333,71.51708333333333,4.575,21.929166666666667,3.688423782863637,8.526323436963011,10.213828627655069,2.837515972084749,9.439560448691797,50,3.0119984844307854,3011.9984844307855,150599.9242215393,0,too fast
AMLF_powerVel_linearK600_ID_powerVel_freewaterK600,ID,2022-11-12,5.214571888904859,-14.037258969778025,-8.822687080873166,24,1.0238752392700654,0.29605216920789856,1309443.8986897683,3.8409856606440824,5.869166666666667,71.57083333333333,4.9624999999999995,22,3.3298490185083787,7.883305481505583,13.096808641053952,2.8261588472672923,6.659464439467132,50,3.0119984844307854,3011.9984844307855,150599.9242215393,1,passes
AMLF_powerVel_linearK600_ID_powerVel_freewaterK600,ID,2022-11-13,7.471682577410489,-12.37467597676772,-4.902993399357232,24,1.0183309645594958,0.29771616272036144,1309694.796064303,3.5156972476124433,5.98,70.68666666666667,4.9875,21.741666666666667,3.325052673762099,8.631185477221235,11.909613783323945,2.8103151187281825,7.316522057326705,50,3.0119984844307854,3011.9984844307855,150599.9242215393,1,passes
AMLF_powerVel_linearK600_ID_powerVel_freewaterK600,ID,2022-11-14,5.923135802721662,-13.158028183877935,-7.234892381156273,24,1.0071375775763334,0.30115153369689396,1310207.1232478882,4.112890394360911,6.27875,69.86666666666667,5.304166666666666,21.15,3.1087241158506487,8.478871086451516,12.891365776471304,2.778340466441037,6.3263277200594406,50,3.0119984844307854,3011.9984844307855,150599.9242215393,1,passes
AMLF_powerVel_linearK600_ID_powerVel_freewaterK600,ID,2022-11-15,4.3377496134471345,-10.922510341027493,-6.584760727580359,24,1.0069983692617142,0.3011873435276427,1310212.9714511423,3.3111067649400057,5.746666666666667,70.99541666666667,4.858333333333333,21.683333333333334,3.4967341582989375,7.728748428412508,11.656972956972462,2.7779416962059544,7.859180729637342,50,3.0119984844307854,3011.9984844307855,150599.9242215393,1,passes
AMLF_powerVel_linearK600_ID_powerVel_freewaterK600,ID,2022-11-16,7.507025492283311,-14.171487721313616,-6.664462229030305,24,1.0158580485552509,0.29846904275969294,1309807.5210550798,3.904129888549483,6.032916666666667,71.07458333333334,5.041666666666667,21.866666666666667,3.2424663812820027,8.6205318383135765,12.8560343367286,2.8032500864925374,6.605242661129415,50,3.0119984844307854,3011.9984844307855,150599.9242215393,1,passes
AMLF_powerVel_linearK600_ID_powerVel_freewaterK600,ID,2022-11-17,6.244168502938124,-13.054637256446163,-6.810468753508039,24,1.0023648454964638,0.3026432180489134,1310427.6015909803,4.18472250548882,6.340833333333333,69.26666666666667,5.325,21.02916666666667,3.105837472796785,8.838762390491457,13.048113673886489,2.7647111348602396,6.248532371054245,50,3.0119984844307854,3011.9984844307855,150599.9242215393,1,passes
AMLF_powerVel_linearK600_ID_powerVel_freewaterK600,ID,2022-11-18,5.246405468650747,-13.111796636160436,-7.8653911675096895,24,0.9902618100426948,0.30646160306336806,1310989.3805116806,4.471592517960739,6.405,68.97291666666666,5.379166666666666,20.875,3.074812639893395,8.929247384003562,13.626868055458871,2.7301545267018152,5.92144351219873,50,3.0119984844307854,3011.9984844307855,150599.9242215393,1,passes
AMLF_powerVel_linearK600_ID_powerVel_freewaterK600,ID,2022-11-19,4.555211321723733,-11.887170462331618,-7.331959140607885,24,0.9844400294208399,0.3083349762950089,1311262.3420149211,4.141430190187717,6.31875,68.93875,5.345833333333333,20.78333333333333,3.1443530581525585,8.47061797774664,12.821696789052888,2.7135378939076382,6.432594714503992,50,3.0119984844307854,3011.9984844307855,150599.9242215393,1,passes
AMLF_powerVel_linearK600_ID_powerVel_freewaterK600,ID,2022-11-20,-2.314043224206441,-12.915372069125317,-15.229415293331758,24,0.9839563470598093,0.30849058880011565,1311285.0180341813,4.744543792701205,5.917916666666667,69.08416666666668,4.958333333333333,20.9625,3.515070265507759,8.35507141658524,16.41150109845607,2.712157355074916,5.617734399107598,50,3.0119984844307854,3011.9984844307855,150599.9242215393,1,passes
AMLF_powerVel_linearK600_ID_powerVel_freewaterK600,ID,2022-11-21,10.82973672254896,-5.333915302650711,5.495821419898249,24,0.9776028515417988,0.3105676841941769,1311585.318192847,2.416533158038205,6.396521739130435,69.78739130434782,5.358333333333333,21.066666666666666,3.01981839782269,8.83042472691105,7.136665235996685,2.694028075529199,11.1039436082725,50,3.0119984844307854,3011.9984844307855,150599.9242215393,0,too fast
AMLF_powerVel_linearK600_ID_powerVel_freewaterK600,ID,2022-11-22,6.922691085923014,-11.090741396565475,-4.168050310642461,24,0.9794442480695384,0.30996256010779805,1311498.0538216927,3.750945416760054,6.149583333333333,70.51666666666667,5.125,21.508333333333333,3.199576278942261,8.922511674623639,11.757096516715222,2.6992819050248293,7.139737377582559,50,3.0119984844307854,3011.9984844307855,150599.9242215393,1,passes
AMLF_powerVel_linearK600_ID_powerVel_freewaterK600,ID,2022-11-23,6.895824840125778,-12.979223565356872,-6.083398725231094,24,0.9792644854800954,0.3100246947548111,1311506.7975653103,4.196062046577955,6.194583333333333,70.87791666666666,5.1625,21.670833333333334,3.1274224476763064,8.988152158518918,12.857978538029576,2.698769472918615,6.383636211638188,50,3.0119984844307854,3011.9984844307855,150599.9242215393,1,passes
AMLF_powerVel_linearK600_ID_powerVel_freewaterK600,ID,2022-11-24,7.994441857318009,-11.016035680699693,-3.021593823381684,24,0.9776202533410305,0.3105618365612198,1311584.4842474905,3.5506152900815016,6.054583333333333,71.3475,5.033333333333333,21.858333333333334,3.2239634217929103,8.89426372444988,11.197163866891458,2.6940777073174758,7.557152912016404,50,3.0119984844307854,3011.9984844307855,150599.9242215393,1,passes
AMLF_powerVel_linearK600_ID_powerVel_freewaterK600,ID,2022-11-25,5.134700969802002,-13.79851853386563,-8.663817564063628,24,0.9751199659591927,0.3113855865247161,1311703.1277778603,4.248776057318106,5.940416666666667,71.78875,4.970833333333333,22.058333333333334,3.274666185118826,8.444606284442779,13.565399212460745,2.686944262743615,6.332109368154724,50,3.0119984844307854,3011.9984844307855,150599.9242215393,1,passes
AMLF_powerVel_linearK600_ID_powerVel_freewaterK600,ID,2022-11-26,5.311947743226467,-10.574339028974789,-5.262391285748322,24,0.9703076383882954,0.3129867672181636,1311932.6293721003,3.513124949736047,5.804166666666666,71.52083333333333,4.841666666666667,21.995833333333334,3.424951957230752,8.384352591077118,11.677476849459664,2.673216799791515,7.697436633923623,50,3.0119984844307854,3011.9984844307855,150599.9242215393,1,passes
AMLF_powerVel_linearK600_ID_powerVel_freewaterK600,ID,2022-11-27,5.826618853050241,-11.539386790878336,-5.712767937828095,24,0.9702255710548525,0.313024693303117,1311937.3148737068,3.9010785344895247,5.959583333333334,71.62666666666667,4.945833333333334,22.079166666666666,3.2834711992165246,8.831563680144765,12.411531217555835,2.672984267341099,6.932783655156105,50,3.0119984844307854,3011.9984844307855,150599.9242215393,1,passes
AMLF_powerVel_linearK600_ID_powerVel_freewaterK600,ID,2022-11-28,7.130613488480065,-11.665842335915592,-4.535228847435527,24,0.9639482467298968,0.31512602526869005,1312237.6066674413,4.316276766875744,6.232083333333334,70.42541666666666,5.170833333333333,21.483333333333334,3.1427575987864036,9.247151381410717,13.08113712382812,2.655079690696814,6.307957078230294,50,3.0119984844307854,3011.9984844307855,150599.9242215393,1,passes
AMLF_powerVel_linearK600_ID_powerVel_freewaterK600,ID,2022-11-29,7.922267236948981,-12.939054232702786,-5.0167869957538045,24,0.9511524763672661,0.3195145287991387,1312857.3178453345,4.620047564621777,6.295833333333333,70.66708333333334,5.241666666666667,21.570833333333333,3.0564042293521894,9.190249708905,13.437086662586216,2.6185981417906024,5.9752751247931295,50,3.0119984844307854,3011.9984844307855,150599.9242215393,1,passes
AMLF_powerVel_linearK600_ID_powerVel_freewaterK600,ID,2022-11-30,-1.2610034685977098,-17.56264903419949,-18.823652502797202,24,0.9577260018743081,0.31728125240494015,1312540.482556521,5.955210309448164,5.917916666666667,70.77583333333334,4.945833333333333,21.675,3.3785147665388173,8.47256274592468,19.24285946112343,2.637342751858049,4.603212780629244,50,3.0119984844307854,3011.9984844307855,150599.9242215393,1,passes
AMLF_powerVel_linearK600_ID_powerVel_freewaterK600,ID,2022-12-01,7.541347734289825,-11.960535526374112,-4.419187792084287,24,0.9540285877459048,0.31853740389302015,1312718.6851127937,4.837166994319476,6.4075,69.87958333333333,5.216666666666667,21.295833333333334,3.0740184687690877,10.37893021113601,14.213681045566815,2.626799428863288,5.689617854557626,50,3.0119984844307854,3011.9984844307855,150599.9242215393,1,passes
AMLF_powerVel_linearK600_ID_powerVel_freewaterK600,ID,2022-12-02,7.010936345681392,-12.912881144603807,-5.901944798922415,24,0.9366933943213488,0.32462301221512163,1313568.245923582,5.007337250036619,6.425833333333333,70.04833333333333,5.341666666666667,21.2625,2.997696163287487,9.45608621214317,14.06737673579481,2.577395639160748,5.601266073137254,50,3.0119984844307854,3011.9984844307855,150599.9242215393,1,passes
AMLF_powerVel_linearK600_ID_powerVel_freewaterK600,ID,2022-12-03,7.177978913699812,-12.771355331399253,-5.5933764176994405,24,0.935933308523747,0.3248950925437072,1313605.8680091295,4.82272274099818,6.297083333333333,70.71375,5.225,21.5875,3.060390291295698,9.351556090553913,13.810688819828556,2.5752301973956984,5.82055770221747,50,3.0119984844307854,3011.9984844307855,150599.9242215393,1,passes
AMLF_powerVel_linearK600_ID_powerVel_freewaterK600,ID,2022-12-04,5.991154144648227,-14.808175393430064,-8.817021248781838,24,0.9403550953998407,0.3233127539799265,1313387.0360340748,5.172746627332917,6.19875,70.80958333333334,5.154166666666667,21.633333333333333,3.1361397891995626,9.110034347133979,15.251822433031421,2.5878276862211167,5.400268746251856,50,3.0119984844307854,3011.9984844307855,150599.9242215393,1,passes
AMLF_powerVel_linearK600_ID_powerVel_freewaterK600,ID,2022-12-05,8.901376303467043,-9.622054640578767,-0.7206783371117247,24,0.937555778297072,0.32431326841159897,1313525.486536941,3.8288411590937583,6.082916666666667,71.1525,4.958333333333333,21.795833333333334,3.26156852734972,9.808960813955204,11.712919227848216,2.579852376931726,7.31831518374983,50,3.0119984844307854,3011.9984844307855,150599.9242215393,1,passes
AMLF_powerVel_linearK600_ID_powerVel_freewaterK600,ID,2022-12-06,8.001290705012217,-14.113555433304931,-6.112264728292715,24,0.936891901260637,0.32454939615686257,1313558.2404671016,4.969864417968749,6.2275,71.30583333333333,5.141666666666667,21.8625,3.085085274792555,9.470712366686396,14.369748575692514,2.5779608208786704,5.642219881606688,50,3.0119984844307854,3011.9984844307855,150599.9242215393,1,passes
AMLF_powerVel_linearK600_ID_powerVel_freewaterK600,ID,2022-12-07,6.866894858113646,-13.37662775443923,-6.509732896325584,24,0.9350703983567916,0.3252053898597995,1313648.6785919415,4.970082002840115,6.213333333333333,71.10249999999999,5.116666666666667,21.8,3.119822447878795,9.566334624189691,14.508161290065223,2.572772008830637,5.6533766782581125,50,3.0119984844307854,3011.9984844307855,150599.9242215393,1,passes
AMLF_powerVel_linearK600_ID_powerVel_freewaterK600,ID,2022-12-08,7.19612919632189,-13.694973573459217,-6.498844377137327,24,0.9296463017489656,0.3271698620907857,1313918.7593689503,5.081968715028689,6.24,71.04583333333333,5.129166666666666,21.758333333333333,3.1063387263623943,9.691909628330556,14.682257047714314,2.557322202326474,5.562308166331225,50,3.0119984844307854,3011.9984844307855,150599.9242215393,1,passes
AMLF_powerVel_linearK600_ID_powerVel_freewaterK600,ID,2022-12-09,8.633373778230276,-13.895724118995174,-5.262350340764899,24,0.9266573946495044,0.3282613196964055,1314068.210586933,5.1496315827446235,6.305833333333333,70.94083333333333,5.1375,21.683333333333334,3.0805480371318,10.194231552167473,14.70283154731871,2.548809923641012,5.50753535783104,50,3.0119984844307854,3011.9984844307855,150599.9242215393,1,passes
AMLF_powerVel_linearK600_ID_powerVel_freewaterK600,ID,2022-12-10,7.8966361749755825,-15.484607341770475,-7.587971166794893,24,0.9218597837766093,0.33003095405266647,1314309.3292141093,5.371356466295504,6.357083333333334,70.825,5.329166666666667,21.604166666666668,2.9713103088190627,8.971031057907595,14.71345360103388,2.535148915438284,5.308654268074722,50,3.0119984844307854,3011.9984844307855,150599.9242215393,1,passes
AMLF_powerVel_linearK600_ID_powerVel_freewaterK600,ID,2022-12-11,6.286618320942798,-11.322991599720279,-5.03637327877748,24,0.9201128709591089,0.33067933494960156,1314397.4041088682,4.189470712693478,6.0775,70.71083333333333,5.108333333333333,21.5875,3.227815322672902,8.458719877504606,12.444374010281935,2.530175188121147,6.819642980933269,50,3.0119984844307854,3011.9984844307855,150599.9242215393,1,passes
AMLF_powerVel_linearK600_ID_powerVel_freewaterK600,ID,2022-12-12,8.063978078249383,-14.260836361891718,-6.196858283642335,24,0.9161688229977207,0.3321541640493423,1314597.0087035608,5.11142023572637,6.39875,70.65083333333334,5.391666666666667,21.5125,2.935171889494053,8.790900970663738,13.749731315829997,2.5189473347740847,5.6145099503416125,50,3.0119984844307854,3011.9984844307855,150599.9242215393,1,passes
AMLF_powerVel_linearK600_ID_powerVel_freewaterK600,ID,2022-12-13,6.092407695989956,-13.426648712709817,-7.334241016719861,24,0.9106882084915325,0.3342235494276156,1314875.748530981,5.161624850564331,6.310833333333333,70.2625,5.2625,21.395833333333332,3.072173606653088,9.15323250720102,14.446941049619266,2.503347831812713,5.594539608470154,50,3.0119984844307854,3011.9984844307855,150599.9242215393,1,passes
AMLF_powerVel_linearK600_ID_powerVel_freewaterK600,ID,2022-12-14,7.998141693517709,-13.512780183590689,-5.514638490072979,24,0.907644557623682,0.3353859631597998,1315031.4471852314,4.802318537887811,6.31625,70.85208333333334,5.345833333333333,21.545833333333334,2.987372473710897,8.474292369804715,13.02418843793357,2.4946863877830068,6.034032725732458,50,3.0119984844307854,3011.9984844307855,150599.9242215393,1,passes
AMLF_powerVel_linearK600_ID_powerVel_freewaterK600,ID,2022-12-15,4.824446940495433,-8.25435572654293,-3.4299087860474966,24,0.925130800216077,0.3288812279793204,1314148.8738658454,3.502999642121903,5.816666666666666,70.91333333333333,4.854166666666667,21.729166666666668,3.4637457877887505,8.398556820368432,11.203411435645377,2.5444706288758905,8.111715957870041,50,3.0119984844307854,3011.9984844307855,150599.9242215393,1,passes
AMLF_powerVel_linearK600_ID_powerVel_freewaterK600,ID,2022-12-16,6.665504812926113,-12.721508993183303,-6.056004180257189,24,0.92670739307136,0.32827067221926537,1314067.6297078084,5.163214156200477,6.557916666666666,69.29458333333334,5.4875,21.008333333333333,2.916823045913018,9.339349803214208,13.982936377185254,2.548956039764446,5.493203501095155,50,3.0119984844307854,3011.9984844307855,150599.9242215393,1,passes
AMLF_powerVel_linearK600_ID_powerVel_freewaterK600,ID,2022-12-17,4.290100166913078,-15.722010382776148,-11.43191021586307,24,0.9055127121100264,0.33621135821388576,1315141.2649253113,5.925034627751046,6.524583333333333,69.08791666666667,5.575,20.795833333333334,2.9188992742169493,8.292123479433725,15.675754466506028,2.4886211517971666,4.902699000884265,50,3.0119984844307854,3011.9984844307855,150599.9242215393,1,passes
AMLF_powerVel_linearK600_ID_powerVel_freewaterK600,ID,2022-12-18,5.935514396881211,-13.045879940352142,-7.110365543470931,24,0.9037103838688781,0.33689838331358835,1315233.3746583865,5.218952596900959,6.4991666666666665,69.0925,5.4875,20.9375,2.961896997392753,8.834668965620404,13.971634598791981,2.483492023629108,5.577368212843805,50,3.0119984844307854,3011.9984844307855,150599.9242215393,1,passes
AMLF_powerVel_linearK600_ID_powerVel_freewaterK600,ID,2022-12-19,4.875613566175176,-13.636442822339879,-8.760829256164703,24,0.8984118330332418,0.3389597847515122,1315506.9863383751,5.426849264106201,6.6345833333333335,68.66458333333333,5.733333333333333,20.554166666666667,2.8273564999496195,7.871665413259847,13.794751407051786,2.4684185573033752,5.396524572044487,50,3.0119984844307854,3011.9984844307855,150599.9242215393,1,passes
AMLF_powerVel_linearK600_ID_powerVel_freewaterK600,ID,2022-12-20,0.8062355862939522,-14.868530064157968,-14.062294477864015,24,0.899188409405518,0.33865983774986874,1315467.0325686927,5.579791409749758,6.197916666666667,69.47708333333334,5.3375,21.029166666666665,3.1606549203287706,7.5157100531464485,15.85308776294945,2.4706280628686668,5.243961258204259,50,3.0119984844307854,3011.9984844307855,150599.9242215393,1,passes
AMLF_powerVel_linearK600_ID_powerVel_freewaterK600,ID,2022-12-21,2.226450504151196,-13.959147051847458,-11.73269654769626,24,0.9081986106624571,0.33517929246728956,1315003.4417974555,5.021260812603904,6.1379166666666665,69.23916666666666,5.266666666666667,20.895833333333332,3.2491431460132554,7.607205630825907,14.822353701007259,2.496263722963359,5.767374360734736,50,3.0119984844307854,3011.9984844307855,150599.9242215393,1,passes
AMLF_powerVel_linearK600_ID_powerVel_freewaterK600,ID,2022-12-22,4.171868197398069,-15.299962253809245,-11.128094056411175,24,0.9037223686663172,0.33689508061388435,1315232.8481202745,5.213331184488871,6.239583333333333,69.63333333333334,5.3875,21.058333333333334,3.104615546846607,7.440408728371435,14.627108294177631,2.4835262930114403,5.58332742252081,50,3.0119984844307854,3011.9984844307855,150599.9242215393,1,passes
AMLF_powerVel_linearK600_ID_powerVel_freewaterK600,ID,2022-12-23,5.612709111160067,-18.773182994919324,-13.160473883759257,24,0.9139189572781117,0.333018643841028,1314712.4615149105,6.071600502794332,6.369166666666667,69.22291666666666,5.429166666666666,21.108333333333334,3.035034788046187,8.203901505763957,16.8162961231502,2.5125454917658416,4.738916998017691,50,3.0119984844307854,3011.9984844307855,150599.9242215393,1,passes
AMLF_powerVel_linearK600_ID_powerVel_freewaterK600,ID,2022-12-31,-9.594244614620328,-18.28179010966148,-27.87603472428181,24,0.8791394664057398,0.34665911808845923,1316515.677229078,4.069577732575474,4.895,70.83166666666666,4.9875,21.59166666666667,3.8735109423843577,-0.8086829068210568,13.85329657990661,2.4136171200474763,7.359817104141628,50,3.0119984844307854,3011.9984844307855,150599.9242215393,1,passes
AMLF_powerVel_linearK600_ID_powerVel_freewaterK600,ID,2023-01-04,-3.2143029289384644,-17.647576489108687,-20.861879418047153,24,0.8934627426796552,0.3410002583249451,1315770.2868706211,5.627573674869519,5.6433333333333335,70.94416666666666,4.975,21.8,3.482479175508856,5.840939279604818,17.474651785309245,2.45435372667594,5.235368565824841,50,3.0119984844307854,3011.9984844307855,150599.9242215393,1,passes
AMLF_powerVel_linearK600_ID_powerVel_freewaterK600,ID,2023-01-05,5.399386838119074,-14.139791529491907,-8.740404691372833,24,0.8979516881811285,0.33914080382222844,1315530.8822454715,4.881346066092522,6.1225,70.525,5.225,21.620833333333334,3.1532012198489032,7.839784672668254,13.838251882322252,2.467109776181847,6.002804360416175,50,3.0119984844307854,3011.9984844307855,150599.9242215393,1,passes
AMLF_powerVel_linearK600_ID_powerVel_freewaterK600,ID,2023-01-06,4.292019113232125,-13.368772773405615,-9.076753660173491,24,0.8905084448888847,0.3420690121883397,1315917.4255080856,4.96939782876538,6.377083333333333,69.05041666666666,5.55,20.979166666666668,2.9906026253172593,7.227009842521962,13.23711932982852,2.4459391179235617,5.947352913062159,50,3.0119984844307854,3011.9984844307855,150599.9242215393,1,passes
AMLF_powerVel_linearK600_ID_powerVel_freewaterK600,ID,2023-01-07,4.084294392899838,-13.50059433762829,-9.41629994472845,24,0.888963297862372,0.34268404423950005,1315998.1482929732,5.076172124206212,6.47625,68.77666666666667,5.679166666666667,20.758333333333333,2.909890064693875,6.9647063703822765,13.13826373695718,2.4415451846217486,5.832722117736059,50,3.0119984844307854,3011.9984844307855,150599.9242215393,1,passes
AMLF_powerVel_linearK600_ID_powerVel_freewaterK600,ID,2023-01-08,5.659471569967697,-12.684898327729023,-7.025426757761326,24,0.8900457110672236,0.34225168059362077,1315941.4985372499,4.773525081037802,6.483333333333333,69.19916666666667,5.658333333333333,20.9125,2.8828130475423834,7.208455013256416,12.249865883611806,2.4446230534542024,6.194697776021734,50,3.0119984844307854,3011.9984844307855,150599.9242215393,1,passes
AMLF_powerVel_linearK600_ID_powerVel_freewaterK600,ID,2023-01-09,5.312717711908165,-14.535765473859044,-9.223047761950879,24,0.8934046909805228,0.3409207840511182,1315766.424294138,4.991697872746243,6.287083333333333,69.93875,5.475,21.354166666666668,2.9971723467940405,7.094744606197279,13.360308752653319,2.4541757400988704,5.900909168168722,50,3.0119984844307854,3011.9984844307855,150599.9242215393,1,passes
AMLF_powerVel_linearK600_ID_powerVel_freewaterK600,ID,2023-01-10,5.417000154795684,-14.196617446404161,-8.779617291608478,24,0.8949542959717314,0.3403113653103778,1315685.9637779184,5.1044525954939814,6.4695833333333335,69.13875,5.645833333333333,20.970833333333335,2.8929396853773803,7.1958435051117275,13.220120284349287,2.4585832743385514,5.760245866280043,50,3.0119984844307854,3011.9984844307855,150599.9242215393,1,passes
AMLF_powerVel_linearK600_ID_powerVel_freewaterK600,ID,2023-01-11,5.026958434780987,-14.591524265751818,-9.564565830970832,24,0.8909028692913118,0.34191341871297726,1315896.913293003,5.180306987640936,6.480833333333333,69.22583333333333,5.704166666666667,20.916666666666668,2.8595745057243867,6.786315401618707,13.203471875481856,2.4470609159916408,5.702619448476756,50,3.0119984844307854,3011.9984844307855,150599.9242215393,1,passes
AMLF_powerVel_linearK600_ID_powerVel_freewaterK600,ID,2023-01-12,6.232749197479829,-14.074877889918653,-7.842128692438824,24,0.888780084157869,0.34275962821160944,1316007.8974060402,4.851803415075974,6.35,69.85666666666667,5.541666666666667,21.3,2.941201517608285,7.06332771410341,12.67669431760603,2.441024509972341,6.103798803031125,50,3.0119984844307854,3011.9984844307855,150599.9242215393,1,passes
AMLF_powerVel_linearK600_ID_powerVel_freewaterK600,ID,2023-01-13,3.2477798375583973,-13.56451014425761,-10.316730306699213,24,0.9093673106093518,0.33473911327318107,1314944.0726752507,4.326409418579964,6.047916666666667,69.23666666666666,5.341666666666667,21.15,3.2347529302704783,6.164899659492116,12.724288977993057,2.4995903228839143,6.6848641884418765,50,3.0119984844307854,3011.9984844307855,150599.9242215393,1,passes
AMLF_powerVel_linearK600_ID_powerVel_freewaterK600,ID,2023-01-14,5.950262511928016,-12.530026250889655,-6.579763738961639,24,0.8982686463991258,0.339023692015628,1315514.9314906274,4.810087026508446,6.714166666666666,67.76875,5.895833333333333,20.358333333333334,2.767507842016629,7.147999002204093,11.977904935253052,2.468012247211677,6.0896293203685605,50,3.0119984844307854,3011.9984844307855,150599.9242215393,1,passes
AMLF_powerVel_linearK600_ID_powerVel_freewaterK600,ID,2023-01-15,5.521226974224258,-13.497934597355075,-7.9767076231308165,24,0.8910880010700079,0.34183980031926636,1315887.2459352517,5.147802543483784,6.741666666666667,67.83624999999999,5.945833333333333,20.329166666666666,2.7287674064655194,6.953101118089138,12.52638506061949,2.4475873826518653,5.73739153708813,50,3.0119984844307854,3011.9984844307855,150599.9242215393,1,passes
AMLF_powerVel_linearK600_ID_powerVel_freewaterK600,ID,2023-01-16,5.277304371929427,-13.524175287949541,-8.246870916020114,24,0.8923554023626366,0.3413348263384123,1315821.0003085926,5.143967828623576,6.682916666666666,68.28,5.891666666666667,20.5375,2.7450684536450853,6.912756181825394,12.602981611492032,2.4511914293778805,5.733186905161909,50,3.0119984844307854,3011.9984844307855,150599.9242215393,1,passes
AMLF_powerVel_linearK600_ID_powerVel_freewaterK600,ID,2023-01-17,5.819556844869142,-14.034102419108264,-8.214545574239121,24,0.895289518387772,0.34017751080103753,1315668.421739315,4.958235509679219,6.547916666666667,68.96333333333334,5.779166666666667,20.804166666666667,2.811325834961916,6.716049936350441,12.477794328801451,2.4595364902012524,5.927781541605547,50,3.0119984844307854,3011.9984844307855,150599.9242215393,1,passes
AMLF_powerVel_linearK600_ID_powerVel_freewaterK600,ID,2023-01-18,6.227546003821724,-15.036112816697385,-8.808566812875661,24,0.9001317582399694,0.3382855589341133,1315417.8276018943,4.9060285463773825,6.28625,70.29916666666666,5.495833333333334,21.445833333333333,2.9620320331254835,6.903856433982374,13.080111408796796,2.473310802826294,5.957542239229179,50,3.0119984844307854,3011.9984844307855,150599.9242215393,1,passes
AMLF_powerVel_linearK600_ID_powerVel_freewaterK600,ID,2023-01-19,3.6424045386010766,-17.575829965942752,-13.933425427341675,24,0.9040150226016616,0.3367801588243488,1315217.6631610233,5.412539386012262,6.183333333333334,70.51916666666666,5.508333333333333,21.495833333333334,2.992829211212954,5.895297937392599,14.630196859775422,2.4843587051492997,5.37599888836316,50,3.0119984844307854,3011.9984844307855,150599.9242215393,1,passes
AMLF_powerVel_linearK600_ID_powerVel_freewaterK600,ID,2023-01-20,8.191456135044122,-14.347431479636192,-6.15597534459207,24,0.9132711870495323,0.33324511453894307,1314744.164374561,4.736403673387412,6.344166666666666,70.39583333333333,5.458333333333333,21.6125,2.9327433438968074,7.733177625497905,12.689405932350635,2.510699364930618,6.078953544002461,50,3.0119984844307854,3011.9984844307855,150599.9242215393,1,passes
AMLF_powerVel_linearK600_ID_powerVel_freewaterK600,ID,2023-01-21,-3.3771817527905497,-14.910911880619562,-18.28809363341011,24,0.9084314875944403,0.3350902130925013,1314991.5185572586,5.192898225362461,5.947916666666667,68.89541666666666,5.3,20.916666666666668,3.342660644259605,5.657323695939754,15.762514689963893,2.496926409217228,5.575267057958044,50,3.0119984844307854,3011.9984844307855,150599.9242215393,1,passes
AMLF_powerVel_linearK600_ID_powerVel_freewaterK600,ID,2023-01-22,5.253667236781522,-15.055349109523899,-9.801681872742378,24,0.9130455493151529,0.33335246956964465,1314757.1612406392,4.8020226654157625,6.2004166666666665,70.42458333333333,5.433333333333334,21.375,3.0365961253768528,6.697676747599326,13.290935712829299,2.5100600425768604,5.99781704035827,50,3.0119984844307854,3011.9984844307855,150599.9242215393,1,passes
AMLF_powerVel_linearK600_ID_powerVel_freewaterK600,ID,2023-01-23,8.19019002296782,-15.656129604972367,-7.465939582004546,24,0.9215249931932277,0.3301625876394955,1314326.7183688434,4.795308421744813,6.385833333333333,69.86375,5.570833333333333,21.395833333333332,2.8997900377867047,7.111681345679941,12.831844439010563,2.5341966991349882,5.94874094911146,50,3.0119984844307854,3011.9984844307855,150599.9242215393,1,passes
AMLF_powerVel_linearK600_ID_powerVel_freewaterK600,ID,2023-01-24,7.417406978648103,-14.544791173403974,-7.127384194755871,24,0.906685581119973,0.33576025531250936,1315081.050734092,4.947795340671151,6.664583333333334,69.05083333333333,5.9,20.820833333333333,2.686677400972616,6.67581150819379,12.069686784909399,2.4919584242240846,5.863154003266786,50,3.0119984844307854,3011.9984844307855,150599.9242215393,1,passes
AMLF_powerVel_linearK600_ID_powerVel_freewaterK600,ID,2023-01-25,2.953718060473175,-14.492258920665693,-11.538540860192517,24,0.9168599282274306,0.33209302995360335,1314575.6680947484,4.548857825876548,6.0129166666666665,70.29041666666667,5.325,21.445833333333333,3.1842843549682733,6.0075154804537645,13.230617325644928,2.520941055043371,6.307701600337953,50,3.0119984844307854,3011.9984844307855,150599.9242215393,1,passes
AMLF_powerVel_linearK600_ID_powerVel_freewaterK600,ID,2023-01-26,7.5688068667321184,-15.703356150508322,-8.134549283776202,24,0.9563633022851661,0.3177116973457017,1312603.82504296,5.080317066589802,6.51875,69.41666666666667,5.620833333333334,21.195833333333333,2.8473146017641318,7.8252264604909385,13.831848020482411,2.6334522699313605,5.403263278820278,50,3.0119984844307854,3011.9984844307855,150599.9242215393,1,passes
AMLF_powerVel_linearK600_ID_powerVel_freewaterK600,ID,2023-01-29,8.51440803899397,-14.699630526748313,-6.185222487754343,24,1.0621848428311205,0.2850955687735351,1307752.483935535,3.735127928597687,6.345833333333333,70.41083333333333,5.620833333333334,21.416666666666668,2.8673751519392483,6.296770895037665,11.323885352726693,2.935727912016822,6.594755952918952,50,3.0119984844307854,3011.9984844307855,150599.9242215393,1,passes
AMLF_powerVel_linearK600_ID_powerVel_freewaterK600,ID,2023-01-30,5.591445318180896,-18.73492768343943,-13.143482365258535,24,1.1332693172944808,0.26658452519099024,1304760.739968581,4.326337312444628,6.25625,71.40875,5.5125,21.933333333333334,2.875054944971716,6.444525777060329,14.029865834757109,3.1393701169840624,5.323880528281473,50,3.0119984844307854,3011.9984844307855,150599.9242215393,1,passes
AMLF_powerVel_linearK600_ID_powerVel_freewaterK600,ID,2023-02-01,2.529397166421872,-19.186027757795692,-16.65663059137382,24,1.2421777483376386,0.24238519586600338,1300533.0770661705,4.129762439451342,6.122916666666667,70.79875,5.383333333333334,21.724999999999998,3.0519833326298604,6.387398694098211,15.62052336162752,3.4522336602158803,5.071013461395359,50,3.0119984844307854,3011.9984844307855,150599.9242215393,1,passes
AMLF_powerVel_linearK600_ID_powerVel_freewaterK600,ID,2023-02-02,4.84663423438634,-20.11508369668075,-15.26844946229441,24,1.2934877654169006,0.23243993187288553,1298674.3911373331,3.923395750152904,6.272916666666666,71.12958333333333,5.6125,21.804166666666667,2.840812090133289,5.695546538386651,14.369842849994985,3.5999795961389,5.118731678555403,50,3.0119984844307854,3011.9984844307855,150599.9242215393,1,passes
AMLF_powerVel_linearK600_ID_powerVel_freewaterK600,ID,2023-02-03,7.0550471871325815,-10.66822280517507,-3.6131756180424883,24,1.3512153692913116,0.22217808551516804,1296673.3040270805,1.8503133422674245,5.930416666666667,70.03833333333333,5.283333333333333,21.520833333333332,3.251935643817396,5.569115773615719,8.114173165649783,3.76645493354961,10.374559892102917,50,3.0119984844307854,3011.9984844307855,150599.9242215393,0,too fast
AMLF_powerVel_linearK600_ID_powerVel_freewaterK600,ID,2023-02-05,5.089883941386528,-18.04760788335261,-12.957723941966083,24,1.3982522995153701,0.21441758952425147,1295103.45074241,3.223400526055309,6.372916666666667,69.97291666666666,5.766666666666667,21.27916666666667,2.814057612586601,5.213810017254805,12.656734147601977,3.90227586468685,5.747247227004223,50,3.0119984844307854,3011.9984844307855,150599.9242215393,1,passes
AMLF_powerVel_linearK600_ID_powerVel_freewaterK600,ID,2023-03-04,3.952457881667002,-15.403397354129115,-11.450939472462114,24,2.23379345906516,0.13201355592928365,1273839.360436689,1.0156656439241134,5.26625,71.90875,4.979166666666667,22.2125,3.589055996759549,2.4297615172246867,8.155231253455744,6.338192590898412,11.230045340730575,50,3.0119984844307854,3011.9984844307855,150599.9242215393,0,too fast
AMLF_powerVel_linearK600_ID_powerVel_freewaterK600,ID,2023-03-10,-2.6397684939788686,-32.61404858861566,-35.25381708259453,24,1.8504875451752598,0.16041865534643449,1282341.4029536375,3.710439066836453,5.91375,70.84375,5.479166666666667,21.7875,3.1018506287729024,3.701364098982148,21.328272640279412,5.215779767289984,3.735453290639596,50,3.0119984844307854,3011.9984844307855,150599.9242215393,1,passes
AMLF_powerVel_linearK600_ID_powerVel_freewaterK600,ID,2023-03-12,-5.363371326167991,-33.99358131633384,-39.35695264250183,24,1.7611452865020072,0.16885216505844183,1284585.8914139615,4.133991478073068,5.875416666666666,70.49125,5.491666666666667,21.6,3.1487175443439446,3.274334149975049,22.952810471225966,4.95528715646259,3.528993017626999,50,3.0119984844307854,3011.9984844307855,150599.9242215393,1,passes
AMLF_powerVel_linearK600_ID_powerVel_freewaterK600,ID,2023-03-13,6.174837039872155,-8.765229688176335,-2.5903926483041806,24,1.781728197919811,0.16682905982193097,1284057.9961139788,0.5394723017888646,5.34875,70.64291666666666,5.095833333333333,21.75,3.587895280095279,2.156523637415263,3.4517199615673535,5.015257564612231,26.718759648676293,50,3.0119984844307854,3011.9984844307855,150599.9242215393,0,too fast
AMLF_powerVel_linearK600_ID_powerVel_freewaterK600,ID,2023-03-14,-2.725839040463705,-30.178743979170935,-32.90458301963464,24,1.7432584835441978,0.1706520814704134,1285050.150048176,3.868074590967201,6.095416666666667,69.77875,5.629166666666666,21.379166666666666,3.022235662747552,3.9798969260701647,20.432188435887483,4.903193344856925,3.811803390109118,50,3.0119984844307854,3011.9984844307855,150599.9242215393,1,passes
AMLF_powerVel_linearK600_ID_powerVel_freewaterK600,ID,2023-03-16,-3.047009043776301,-28.476980252470316,-31.52398929624662,24,1.7312983954085486,0.17186083502162128,1285361.2664546897,3.888661881058453,6.2025,69.61166666666666,5.729166666666667,21.21666666666667,2.94275867598628,4.041029683567316,19.803024331690622,4.868363233000489,3.8184796210223344,50,3.0119984844307854,3011.9984844307855,150599.9242215393,1,passes
AMLF_powerVel_linearK600_ID_powerVel_freewaterK600,ID,2023-03-17,-1.72404691442797,-27.536660541228386,-29.260707455656355,24,1.745481984482549,0.17041490206702622,1284990.6761351558,3.413955811636039,5.99625,70.49791666666667,5.591666666666667,21.604166666666668,3.0376551490876835,3.4525187736394916,18.08287250146767,4.909662357353781,4.312840690089392,50,3.0119984844307854,3011.9984844307855,150599.9242215393,1,passes
AMLF_powerVel_linearK600_ID_powerVel_freewaterK600,ID,2023-03-18,-6.947212501237816,-18.45466847970164,-25.401880980939453,24,1.7648275035273062,0.16848298488521188,1284490.491074847,1.8823488080838109,4.897916666666666,70.17291666666667,4.841666666666667,21.666666666666668,3.9700321155514455,0.4797828307267098,13.180723321196437,4.966011947090558,7.733385986469179,50,3.0119984844307854,3011.9984844307855,150599.9242215393,1,passes
AMLF_powerVel_linearK600_ID_powerVel_freewaterK600,ID,2023-03-19,0.5294093677747399,-22.924856208420213,-22.395446840645473,24,1.7579458874125173,0.16916637468538306,1284667.9122644414,3.0782400529466294,6.263333333333334,69.22833333333334,5.7,21.1,2.953437137946493,4.806252657764445,16.00397607808718,4.945965244519912,4.74815950719179,50,3.0119984844307854,3011.9984844307855,150599.9242215393,1,passes
AMLF_powerVel_linearK600_ID_powerVel_freewaterK600,ID,2023-03-21,-3.0043516296787574,-24.36627116778176,-27.37062279746052,24,1.7509624059654716,0.16986501895850356,1284848.6361958075,3.3549312757385965,6.235833333333334,69.24166666666666,5.841666666666667,21.066666666666666,2.9005662514705475,3.364406857353148,17.04971825608341,4.925624400010682,4.374556863250105,50,3.0119984844307854,3011.9984844307855,150599.9242215393,1,passes
AMLF_powerVel_linearK600_ID_powerVel_freewaterK600,ID,2023-03-22,-4.301734664512342,-28.291858541955758,-32.5935932064681,24,1.7591118058732023,0.16904894221566286,1284637.6344957943,3.3380275366859573,5.754166666666666,71.38458333333334,5.5125,21.954166666666666,3.1267205048000415,2.063163141735104,18.359959744969153,4.949360816050627,4.375586614223725,50,3.0119984844307854,3011.9984844307855,150599.9242215393,1,passes
AMLF_powerVel_linearK600_ID_powerVel_freewaterK600,ID,2023-03-23,-2.687393342124119,-25.518279081486618,-28.205672423610736,24,1.7491983797437827,0.17005510119813103,1284896.068043764,2.874507529853119,5.675416666666667,71.51291666666667,5.445833333333334,22.041666666666668,3.1863170691764893,1.9599132593534705,16.06274947115884,4.92049311073351,5.111401028150825,50,3.0119984844307854,3011.9984844307855,150599.9242215393,1,passes
AMLF_powerVel_linearK600_ID_powerVel_freewaterK600,ID,2023-03-24,-2.469335152387588,-24.055070873409957,-26.524406025797546,24,1.734539450487672,0.17153841214021823,1285277.620784332,2.8347361282897365,5.6762500000000005,71.62125,5.383333333333334,22.116666666666667,3.2055630503340455,2.500023803486922,15.762226816385693,4.877804317199019,5.228323956154842,50,3.0119984844307854,3011.9984844307855,150599.9242215393,1,passes
AMLF_powerVel_linearK600_ID_powerVel_freewaterK600,ID,2023-03-25,-1.175445150703609,-18.460793339232186,-19.636238489935796,24,1.731943673052563,0.1718073932423328,1285346.004261061,1.867703447086622,5.370416666666666,71.73375,5.220833333333333,22.145833333333332,3.4307611808795992,1.2768097848033835,11.094929029771283,4.8702481549159895,7.947813556425426,50,3.0119984844307854,3011.9984844307855,150599.9242215393,1,passes
AMLF_powerVel_linearK600_ID_powerVel_freewaterK600,ID,2023-03-26,-0.019735344871176713,-20.098079932740053,-20.11781527761123,24,1.7181091123746517,0.17325235882843248,1285711.9356550213,2.12420555098336,5.48875,72.28333333333333,5.25,22.383333333333333,3.3115572093816175,2.0381485387701637,12.097056177575778,4.8299820731516485,7.0468716155303115,50,3.0119984844307854,3011.9984844307855,150599.9242215393,1,passes
AMLF_powerVel_linearK600_ID_powerVel_freewaterK600,ID,2023-03-27,0.3624265333646762,-21.228931892915707,-20.86650535955103,24,1.6895022995153701,0.1762926950691732,1286475.3226658867,2.4506421333720647,5.659166666666667,72.25958333333334,5.333333333333333,22.370833333333334,3.187151068360308,2.7834090155314164,13.216661695306932,4.746745817402497,6.215386835375216,50,3.0119984844307854,3011.9984844307855,150599.9242215393,1,passes
AMLF_powerVel_linearK600_ID_powerVel_freewaterK600,ID,2023-03-28,-3.82091920612976,-21.73641647276767,-25.557335678897427,24,1.6557174015583356,0.18000807486732429,1287392.6939234377,2.486534592434115,5.332916666666667,71.75874999999999,5.154166666666667,22.25,3.4723421543818818,1.5283597871034755,14.307027626552191,4.648501391872512,6.254768269003647,50,3.0119984844307854,3011.9984844307855,150599.9242215393,1,passes
AMLF_powerVel_linearK600_ID_powerVel_freewaterK600,ID,2023-03-29,0.4440917693690474,-20.10706995121142,-19.662978181842373,24,1.6247680609584174,0.1835664652040951,1288252.3014206472,2.6567023482946865,5.82625,71.37708333333333,5.379166666666666,21.991666666666667,3.1533564551393116,3.8247932392391757,13.656282330160362,4.558572054260471,5.969860569368751,50,3.0119984844307854,3011.9984844307855,150599.9242215393,1,passes
AMLF_powerVel_linearK600_ID_powerVel_freewaterK600,ID,2023-03-30,-0.5466860498189907,-19.25188391652776,-19.79856996634675,24,1.5976307503771288,0.18678764333832726,1289018.3596771895,2.6376213902505263,5.895833333333333,71.05,5.541666666666667,21.866666666666667,3.0642859219536174,3.0319224914916316,12.931207474665007,4.479762988037222,6.118562900681744,50,3.0119984844307854,3011.9984844307855,150599.9242215393,1,passes
AMLF_powerVel_linearK600_ID_powerVel_freewaterK600,ID,2023-03-31,0.681959073463755,-17.879167389039974,-17.19720831557622,24,1.6030830820278665,0.1861351338891946,1288863.7953989625,2.379803489176669,5.879166666666666,71.46333333333334,5.525,22.004166666666666,3.0503621125940494,3.0319163472579644,11.630520505046075,4.495594714852681,6.757732577991246,50,3.0119984844307854,3011.9984844307855,150599.9242215393,1,passes
AMLF_powerVel_linearK600_ID_powerVel_freewaterK600,ID,2023-04-01,1.0385910436236847,-17.13682266072571,-16.098231617102023,24,1.6305051372114425,0.18291583720833526,1288094.036101523,2.126592414723839,5.727916666666666,71.83875,5.391666666666667,22.2,3.1578047112203906,2.8753621359499975,10.92447794450101,4.5752460094885565,7.431573735229597,50,3.0119984844307854,3011.9984844307855,150599.9242215393,1,passes
AMLF_powerVel_linearK600_ID_powerVel_freewaterK600,ID,2023-04-02,0.8690710958422038,-19.900802539675055,-19.03173144383285,24,1.6437569782283095,0.18136814271908078,1287723.0325216982,2.3120286623464863,5.670833333333333,72.21666666666667,5.379166666666666,22.391666666666666,3.1584895174889103,2.4936249591355057,12.00949068105193,4.613741396776358,6.777687399006909,50,3.0119984844307854,3011.9984844307855,150599.9242215393,1,passes
AMLF_powerVel_linearK600_ID_powerVel_freewaterK600,ID,2023-04-03,-3.3523308025274674,-20.179085128786827,-23.531415931314296,24,1.635234630168561,0.18233996875909778,1287958.759423399,2.073103728613918,5.439583333333333,71.49333333333334,5.520833333333333,22.083333333333332,3.2631199134739752,-0.694729344700547,11.0709786209566,4.588974592055399,7.5993174308356135,50,3.0119984844307854,3011.9984844307855,150599.9242215393,1,passes
AMLF_powerVel_linearK600_ID_powerVel_freewaterK600,ID,2023-04-04,-1.41490072473443,-21.65336236068465,-23.06826308541908,24,1.6122218501125043,0.18503666736330848,1288604.1680163997,2.3039099510543606,5.472083333333333,71.91,5.391666666666667,22.1625,3.285818424954868,0.6890360722273687,12.223167614936909,4.522128716279119,6.9391462339374375,50,3.0119984844307854,3011.9984844307855,150599.9242215393,1,passes
AMLF_powerVel_linearK600_ID_powerVel_freewaterK600,ID,2023-04-05,1.5075320203050793,-17.45536740506791,-15.947835384762831,24,1.5818553250520093,0.1887168860061182,1289470.5030618676,1.8089211714337097,5.474166666666667,72.43083333333334,5.308333333333334,22.458333333333332,3.2774615749109266,1.4204519391186476,9.394369631500064,4.433973597995,9.013736589751742,50,3.0119984844307854,3011.9984844307855,150599.9242215393,0.5833333333333334,passes
AMLF_powerVel_linearK600_ID_powerVel_freewaterK600,ID,2023-04-06,-0.181327335920383,-20.115930218721143,-20.297257554641526,24,1.5537540535577827,0.1922529757837231,1290287.6845715367,2.3030083279651055,5.515833333333333,72.32125,5.341666666666667,22.416666666666668,3.2480978065244797,1.492754065255327,11.64138284257609,4.352447807031615,7.212590986325498,50,3.0119984844307854,3011.9984844307855,150599.9242215393,1,passes
AMLF_powerVel_linearK600_ID_powerVel_freewaterK600,ID,2023-04-07,-3.3230544917825138,-24.883501672049203,-28.206556163831717,24,1.5249336345608975,0.196023579360185,1291142.5320180687,3.028167672316229,5.56125,72.27083333333333,5.366666666666667,22.40833333333333,3.2158265881022867,1.6682366928870132,14.873162808958426,4.268892079279869,5.592965479274598,50,3.0119984844307854,3011.9984844307855,150599.9242215393,1,passes
AMLF_powerVel_linearK600_ID_powerVel_freewaterK600,ID,2023-04-08,-9.11077614217197,-24.937367418697693,-34.04814356086966,24,1.499214822505917,0.1994961858454901,1291917.7321176098,3.3099203900253005,5.2375,71.56791666666666,5.075,22.1625,3.5756568435338365,1.3944950052722207,17.75912548251848,4.194369398914933,5.207518135177442,50,3.0119984844307854,3011.9984844307855,150599.9242215393,1,passes
AMLF_powerVel_linearK600_ID_powerVel_freewaterK600,ID,2023-04-09,-3.4679133666856585,-17.953588752229145,-21.421502118914802,24,1.4798719399899456,0.20220879854191912,1292512.1026846147,2.4813469816889087,5.522916666666666,69.95458333333333,5.2,21.5375,3.5000133404283673,2.7712709031495506,12.878452154875973,4.1383584427630264,7.04086946442711,50,3.0119984844307854,3011.9984844307855,150599.9242215393,1,passes
AMLF_powerVel_linearK600_ID_powerVel_freewaterK600,ID,2023-04-10,-5.82158502457079,-23.30296766728576,-29.12455269185655,24,1.4379493863401167,0.20832278599505988,1293826.1468613222,3.572738652032219,5.820833333333333,70.06708333333333,5.5125,21.408333333333335,3.200586436055017,2.649460175071458,16.483345577553276,4.017045800657554,5.037896824536848,50,3.0119984844307854,3011.9984844307855,150599.9242215393,1,passes
AMLF_powerVel_linearK600_ID_powerVel_freewaterK600,ID,2023-04-11,0.17496978755222822,-17.15224701218979,-16.97727722463756,24,1.415897020203559,0.21168708256144023,1294533.381633984,2.4433248661766376,5.8533333333333335,70.70833333333333,5.4875,21.625,3.14819575112643,3.145351967441999,10.912023213104863,3.95328199842423,7.485604631007834,50,3.0119984844307854,3011.9984844307855,150599.9242215393,1,passes
AMLF_powerVel_linearK600_ID_powerVel_freewaterK600,ID,2023-04-12,-1.1063681664715312,-22.72501280368867,-23.8313809701602,24,1.402514647992068,0.2137865924358378,1294968.7265268436,3.600203617218102,6.022916666666666,70.86958333333334,5.520833333333333,21.733333333333334,3.0297359371572075,4.3175736897272925,15.332487314923346,3.914606112061293,5.130588030665098,50,3.0119984844307854,3011.9984844307855,150599.9242215393,1,passes
AMLF_powerVel_linearK600_ID_powerVel_freewaterK600,ID,2023-04-13,1.5899077415799716,-17.52049909158307,-15.930591350003098,24,1.3948947107251284,0.2149659919263974,1295214.9532967373,2.627325991958989,5.838333333333333,71.75333333333333,5.329166666666667,22.0125,3.153085590091389,4.378816290442057,11.547845014061812,3.892579103523574,7.069188124840295,50,3.0119984844307854,3011.9984844307855,150599.9242215393,1,passes
AMLF_powerVel_linearK600_ID_powerVel_freewaterK600,ID,2023-04-14,0.9987341160967145,-17.97620234867691,-16.977468232580197,24,1.3843539835146,0.21667377210000546,1295563.521927289,2.6462381122673966,5.796666666666667,71.815,5.35,22.175,3.1473222668865315,3.842401943986677,11.540513707577874,3.8621328025211477,7.074425321990373,50,3.0119984844307854,3011.9984844307855,150599.9242215393,1,passes
AMLF_powerVel_linearK600_ID_powerVel_freewaterK600,ID,2023-04-15,0.4559811028394512,-18.66126973382737,-18.20528863098792,24,1.3571283735052013,0.22117011711490894,1296472.6559364633,2.9311926129077452,5.852916666666666,71.90708333333333,5.379166666666666,22.108333333333334,3.107344745882102,4.078444704473018,12.384536901772528,3.7835193063816277,6.51922293832881,50,3.0119984844307854,3011.9984844307855,150599.9242215393,1,passes
AMLF_powerVel_linearK600_ID_powerVel_freewaterK600,ID,2023-04-16,2.311680317250808,-18.542708423172073,-16.231028105921265,24,1.3261070801076271,0.22654094867920158,1297533.6789039401,2.794319521883703,5.83625,72.10708333333334,5.3375,22.270833333333332,3.11218349354424,4.296513179538902,11.543094368315248,3.694019026248608,7.004616978336249,50,3.0119984844307854,3011.9984844307855,150599.9242215393,1,passes
AMLF_powerVel_linearK600_ID_powerVel_freewaterK600,ID,2023-04-17,0.5438095158622425,-21.409664186787246,-20.865854670925003,24,1.2955377348472719,0.2321215961426562,1298607.7320594257,3.5339059438115004,5.94875,71.56458333333333,5.429166666666667,22.116666666666667,3.0476582472527967,4.480529777198097,13.99872904171687,3.6059033155305653,5.675110267675889,50,3.0119984844307854,3011.9984844307855,150599.9242215393,1,passes
AMLF_powerVel_linearK600_ID_powerVel_freewaterK600,ID,2023-04-18,0.7342764999275303,-18.121869528828714,-17.387593028901183,24,1.2526352571675683,0.24036054653216093,1300154.3780813378,3.3380348047762403,6.119166666666667,70.76,5.595833333333333,21.645833333333332,2.959323828366938,4.520064612747379,12.428188375999795,3.482345849209573,6.221370487408922,50,3.0119984844307854,3011.9984844307855,150599.9242215393,1,passes
AMLF_powerVel_linearK600_ID_powerVel_freewaterK600,ID,2023-04-19,3.871567701685144,-17.015924406912657,-13.144356705227512,24,1.2260708393466768,0.24569988596914613,1301134.629028833,3.069447169244833,6.21125,71.09583333333333,5.616666666666667,21.8,2.873151532728332,5.137848985530466,10.839715166952647,3.405902598005314,6.916056533058688,50,3.0119984844307854,3011.9984844307855,150599.9242215393,1,passes
AMLF_powerVel_linearK600_ID_powerVel_freewaterK600,ID,2023-04-20,1.8821958323071264,-18.597766068827298,-16.715570236520172,24,1.207482242366299,0.24962711077643523,1301838.1717126502,3.2816993517713597,6.022083333333334,71.62,5.525,22.041666666666668,2.968734634620854,4.297348492726069,11.801801865105555,3.3524572363862406,6.572138413423638,50,3.0119984844307854,3011.9984844307855,150599.9242215393,1,passes
AMLF_powerVel_linearK600_ID_powerVel_freewaterK600,ID,2023-04-21,1.5934871114534375,-18.271436560393685,-16.677949448940247,24,1.1900829581712062,0.25338934192724416,1302504.5393233527,3.3503669280139308,5.968333333333334,71.57083333333334,5.429166666666666,22.008333333333333,3.048265802379821,4.663501391759296,12.174770963235789,3.3024516074070984,6.5344601391143105,50,3.0119984844307854,3011.9984844307855,150599.9242215393,1,passes
AMLF_powerVel_linearK600_ID_powerVel_freewaterK600,ID,2023-04-22,0.7855544896896377,-19.41295055032804,-18.627396060638404,24,1.1685881455208296,0.2582087754599189,1303343.0905331853,3.675891960585816,5.874583333333334,71.89416666666666,5.295833333333333,22.145833333333332,3.134580114573101,5.008701963964458,13.480795617616257,3.24071431690769,6.069067981035448,50,3.0119984844307854,3011.9984844307855,150599.9242215393,1,passes
AMLF_powerVel_linearK600_ID_powerVel_freewaterK600,ID,2023-04-23,3.501523949591363,-18.838188824382172,-15.33666487479081,24,1.1300785960848905,0.2673952106646888,1304893.401408788,3.77389570618436,6.016666666666667,71.58458333333333,5.4,22.05,3.0340443887403827,5.341874503996356,13.010206941391761,3.1302256750406547,6.121776540769222,50,3.0119984844307854,3011.9984844307855,150599.9242215393,1,passes
AMLF_powerVel_linearK600_ID_powerVel_freewaterK600,ID,2023-04-24,0.5394506253118257,-16.40058500969931,-15.861134384387483,24,1.0865958915820102,0.2784782560093065,1306703.7059494895,3.649586065542443,5.746666666666667,70.8,5.116666666666666,21.766666666666666,3.3699345645937018,5.465768066024224,13.396335258217967,3.0056108704920823,6.592671302198194,50,3.0119984844307854,3011.9984844307855,150599.9242215393,1,passes
AMLF_powerVel_linearK600_ID_powerVel_freewaterK600,ID,2023-04-25,2.2480251430472253,-16.096947213889052,-13.848922070841827,24,1.0513303697082608,0.2882177656402806,1308233.034761504,3.755814998378727,5.9575,71.59833333333333,5.229166666666667,21.991666666666667,3.1522449571903,6.327302172644807,12.487389359860044,2.904685800914067,6.6302560062382465,50,3.0119984844307854,3011.9984844307855,150599.9242215393,1,passes
AMLF_powerVel_linearK600_ID_powerVel_freewaterK600,ID,2023-04-26,4.248000699033174,-16.742795850427274,-12.4947951513941,24,1.0028244639040444,0.30287581423539506,1310434.6422361627,3.5699548315983347,5.99375,71.99958333333333,5.35,22.195833333333333,3.0386250261776766,5.603364038651155,10.97614509145402,2.766083296767265,7.330196482688278,50,3.0119984844307854,3011.9984844307855,150599.9242215393,1,passes
AMLF_powerVel_linearK600_ID_powerVel_freewaterK600,ID,2023-04-27,1.1095145796481538,-19.64507131479909,-18.535556735150937,24,0.9520354243556365,0.3193557067443655,1312824.8054881953,4.718904184571271,5.89,71.68375,5.2125,22.108333333333334,3.180347732411927,5.909583506554976,14.312587461861808,2.6211358805424676,5.8471907848707545,50,3.0119984844307854,3011.9984844307855,150599.9242215393,1,passes
AMLF_powerVel_linearK600_ID_powerVel_freewaterK600,ID,2023-04-28,5.684722884194028,-15.35274283734479,-9.668019953150761,24,0.9506695134740335,0.31994091388950513,1312899.1051708246,3.5761191613403724,6.01125,71.94833333333334,5.2625,22.1375,3.080581535009723,6.526970705103977,10.484419609948574,2.61725745446266,7.729858461901016,50,3.0119984844307854,3011.9984844307855,150599.9242215393,1,passes
AMLF_powerVel_linearK600_ID_powerVel_freewaterK600,ID,2023-04-29,-2.760209355437238,-22.320100334491926,-25.080309689929162,24,0.930662610737311,0.32702000451637725,1313883.2404979852,5.422534666379279,5.676666666666667,71.80333333333333,5.095833333333333,22.233333333333334,3.329006385627409,5.068256127346074,16.793415514850043,2.560246120271171,5.2105758890576235,50,3.0119984844307854,3011.9984844307855,150599.9242215393,1,passes
AMLF_powerVel_linearK600_ID_powerVel_freewaterK600,ID,2023-04-30,3.017720683866038,-14.915576239049598,-11.89785555518356,24,0.9651073593454421,0.31497660987838094,1312199.2906048638,3.910519116165803,5.964583333333334,71.78958333333333,5.204166666666667,22.104166666666668,3.1426935335692274,6.622094080162316,11.82380115263261,2.6584202099683996,6.959173011325144,50,3.0119984844307854,3011.9984844307855,150599.9242215393,1,passes
AMLF_powerVel_linearK600_ID_powerVel_freewaterK600,ID,2023-05-01,4.748474853844679,-17.018603830201883,-12.270128976357203,24,0.9441770492107014,0.3221100834660471,1313209.494410114,3.962337977377854,6.10125,71.56833333333333,5.416666666666667,22.004166666666666,2.98807579885953,5.969541006126724,11.197643882470052,2.5987390735949147,7.023709580141283,50,3.0119984844307854,3011.9984844307855,150599.9242215393,1,passes
AMLF_powerVel_linearK600_ID_powerVel_freewaterK600,ID,2023-05-02,5.171280806590174,-17.223760135225664,-12.05247932863549,24,0.923568107952716,0.3295255622792268,1314232.0864385653,4.07563709411108,6.112916666666667,71.65416666666667,5.4125,22.083333333333332,2.9733740485133087,6.114121621385352,11.207234579794104,2.540029897436715,6.985658419407159,50,3.0119984844307854,3011.9984844307855,150599.9242215393,1,passes
AMLF_powerVel_linearK600_ID_powerVel_freewaterK600,ID,2023-05-03,7.2181832465137585,-18.039300565367434,-10.821117318853675,24,0.9119560891760586,0.33393867910224495,1314824.4155449162,4.1459088580930805,6.44,71.80315789473684,5.458333333333333,21.954166666666666,2.6768390882446718,6.691756612579762,10.108303392121242,2.5069814637242582,6.959222419497335,50,3.0119984844307854,3011.9984844307855,150599.9242215393,1,passes
AMLF_powerVel_linearK600_ID_powerVel_freewaterK600,ID,2023-05-04,7.807683898657443,-21.415862557418926,-13.608178658761483,24,0.9028074463782348,0.3374124423446772,1315290.931881582,4.09408886342955,7.038571428571428,72.72071428571428,5.5,21.9375,2.206905390227377,9.696769985945767,8.151274613590402,2.480943759149488,7.120616086031801,50,3.0119984844307854,3011.9984844307855,150599.9242215393,1,passes
AMLF_powerVel_linearK600_ID_powerVel_freewaterK600,ID,2023-05-05,9.36231982675989,-20.19906017093129,-10.8367403441714,24,0.890858239805407,0.3420797809439469,1315909.1377368725,4.018313861772903,7.195714285714286,72.49714285714286,5.5375,21.958333333333332,2.110877507123618,10.575625558485878,7.54788715980267,2.4469523299642733,7.355247521784393,50,3.0119984844307854,3011.9984844307855,150599.9242215393,1,passes
AMLF_powerVel_linearK600_ID_powerVel_freewaterK600,ID,2023-05-06,9.033664394264179,-19.292366670093266,-10.258702275829087,24,0.8825133054414539,0.3455042395904545,1316351.6977394281,3.896288577569303,7.017857142857143,72.86428571428571,5.425,22.225,2.252439690411882,10.70820721573657,7.744406620977558,2.4232335863527883,7.661538848141004,50,3.0119984844307854,3011.9984844307855,150599.9242215393,1,passes
AMLF_powerVel_linearK600_ID_powerVel_freewaterK600,ID,2023-05-07,8.723800150944678,-18.621998263175787,-9.898198112231109,24,0.8704168853425699,0.3505435393218823,1316998.2268668704,4.016698409156703,7.007857142857143,73.08642857142857,5.425,22.179166666666667,2.260187200173429,10.750686604234986,7.886700399173265,2.388861317422968,7.540262850794743,50,3.0119984844307854,3011.9984844307855,150599.9242215393,1,passes
AMLF_powerVel_linearK600_ID_powerVel_freewaterK600,ID,2023-05-08,8.16824134265536,-20.170961080869453,-12.002719738214093,24,0.8576586980382028,0.35588991869699416,1317682.207663009,4.337377286262172,7.093846153846154,73.37538461538462,5.404166666666667,22.28333333333333,2.239641864961982,12.128622392041684,8.320258345313219,2.3526124657021135,7.089281597155872,50,3.0119984844307854,3011.9984844307855,150599.9242215393,1,passes
AMLF_powerVel_linearK600_ID_powerVel_freewaterK600,ID,2023-05-09,11.282723520186547,-20.647350831720697,-9.36462731153415,24,0.8433475499993447,0.36212571221476625,1318464.843002448,3.990570544689763,7.187857142857143,73.35357142857143,5.416666666666667,22.341666666666665,2.0924270684043162,11.465492189586948,7.02492745909481,2.3119789062095744,7.8403980546065455,50,3.0119984844307854,3011.9984844307855,150599.9242215393,1,passes
AMLF_powerVel_linearK600_ID_powerVel_freewaterK600,ID,2023-05-10,8.564725677637307,-20.09872742840543,-11.534001750768121,24,0.8343706172735905,0.3661455966047544,1318962.618585201,4.59506496832279,7.090769230769231,73.97,5.379166666666666,22.55,2.216589740229127,12.653360692195866,8.498397030872825,2.2865027757770857,6.884555444750899,50,3.0119984844307854,3011.9984844307855,150599.9242215393,1,passes
AMLF_powerVel_linearK600_ID_powerVel_freewaterK600,ID,2023-05-12,10.205841997977746,-22.64806117719538,-12.442219179217634,24,0.8359258305167471,0.36552907878143903,1318881.3012854175,4.728961358572862,7.18,73.94285714285715,5.45,22.504166666666666,2.0455692646098114,11.27457565973187,8.108855770719792,2.2909247854164323,6.678361274714936,50,3.0119984844307854,3011.9984844307855,150599.9242215393,1,passes
AMLF_powerVel_linearK600_ID_powerVel_freewaterK600,ID,2023-05-14,8.844894055046803,-18.8935353214668,-10.048641266419997,24,0.8356521114215011,0.36549820046442305,1318887.0160552056,4.842142007173787,7.183076923076923,73.84615384615385,5.345833333333333,22.525,2.1804474936256173,13.394547847512554,8.817104465775536,2.2901318286361616,6.521709704783708,50,3.0119984844307854,3011.9984844307855,150599.9242215393,1,passes
AMLF_powerVel_linearK600_ID_powerVel_freewaterK600,ID,2023-05-15,9.257032969590536,-24.51328831559909,-15.256255346008555,24,0.8347340737193375,0.3658920306907974,1318936.867730769,5.081006805622807,7.245384615384616,73.73923076923077,5.4,22.525,2.0962666577421007,12.929837532521914,8.868238606806704,2.2875247009202417,6.221812459826041,50,3.0119984844307854,3011.9984844307855,150599.9242215393,1,passes
AMLF_powerVel_linearK600_ID_powerVel_freewaterK600,ID,2023-05-16,9.20163272964066,-22.600162515242452,-13.398529785601792,24,0.8356479413452456,0.3654949983466228,1318886.9309950438,4.845090330788803,7.1984615384615385,73.67923076923077,5.291666666666667,22.458333333333332,2.1487119451492798,12.987334157125524,8.678285311313035,2.2901194474983524,6.517684026751064,50,3.0119984844307854,3011.9984844307855,150599.9242215393,1,passes
AMLF_powerVel_linearK600_ID_powerVel_freewaterK600,ID,2023-05-17,10.399333473484301,-20.151940975837807,-9.752607502353506,24,0.8355233541035496,0.36571040621922124,1318903.6920036299,4.19126097039307,7.006428571428572,73.25642857142857,5.2625,22.40416666666667,2.29692466477576,11.881244257098025,8.028612451325603,2.2897827097101286,7.538871790743542,50,3.0119984844307854,3011.9984844307855,150599.9242215393,1,passes
AMLF_powerVel_linearK600_ID_powerVel_freewaterK600,ID,2023-05-18,7.846066710684851,-16.897211314988414,-9.051144604303563,24,0.8368904155257071,0.36497580047226164,1318820.3309112024,4.179837872226691,6.706428571428571,72.74857142857142,5.129166666666666,22.21666666666667,2.63728805241048,11.753872556157175,9.209936850973737,2.2936494568758756,7.54429002386272,50,3.0119984844307854,3011.9984844307855,150599.9242215393,1,passes
AMLF_powerVel_linearK600_ID_powerVel_freewaterK600,ID,2023-05-19,8.025356441965869,-24.700019341871347,-16.674662899905478,24,0.8906087296210361,0.3448965628542876,1316107.5946304782,4.315272449362916,7.273333333333333,73.98416666666667,5.354166666666667,22.5125,2.065445637175316,13.137982870680457,7.83974107736769,2.4465961497507798,6.905488211992229,50,3.0119984844307854,3011.9984844307855,150599.9242215393,1,passes
AMLF_powerVel_linearK600_ID_powerVel_freewaterK600,ID,2023-05-20,3.540843261835948,-24.55954727471536,-21.01870401287941,24,1.012729359390698,0.2994834892392283,1309954.8285127366,5.038499643914526,7.082307692307692,73.86307692307693,5.283333333333333,22.516666666666666,2.2577633386917144,12.894171000968706,11.514896241944397,2.79432150812863,5.13553146749181,50,3.0119984844307854,3011.9984844307855,150599.9242215393,1,passes
AMLF_powerVel_linearK600_ID_powerVel_freewaterK600,ID,2023-05-21,7.4337143102684715,-24.08190648356508,-16.64819217329661,24,0.9126727929198942,0.33665804890134876,1314993.0804587507,5.137258064964816,7.1875,73.92166666666667,5.254166666666666,22.520833333333332,2.276559077668555,15.056200735254922,10.248788157805913,2.509414540136086,5.662019516490018,50,3.0119984844307854,3011.9984844307855,150599.9242215393,1,passes
AMLF_powerVel_linearK600_ID_powerVel_freewaterK600,ID,2023-05-22,8.769640432975507,-17.58159564960434,-8.811955216628832,24,0.8366068692765127,0.36512712680422627,1318837.5627255705,4.6110491406912555,6.9835714285714285,72.79928571428572,5.091666666666667,22.283333333333335,2.3731432119335896,12.240378137356124,9.117431150647727,2.292847354596013,6.841606496337588,50,3.0119984844307854,3011.9984844307855,150599.9242215393,1,passes
AMLF_powerVel_linearK600_ID_powerVel_freewaterK600,ID,2023-05-23,5.902517191894499,-25.55004051398749,-19.64752332209299,24,0.8357274207223441,0.3655847473761212,1318890.2640764357,5.4871115984415555,6.975833333333333,72.94416666666666,5.195833333333333,22.266666666666666,2.530488526151366,14.826342001343,11.544871284938669,2.2903582389394024,5.756493485984146,50,3.0119984844307854,3011.9984844307855,150599.9242215393,1,passes
AMLF_powerVel_linearK600_ID_powerVel_freewaterK600,ID,2023-05-24,9.066265206544067,-17.85858271469054,-8.792317508146475,24,0.8355208612656829,0.3655653692263052,1318894.8290290365,4.441565660266004,6.995,72.69571428571429,5.1125,22.183333333333334,2.3662250735113393,12.092177015566405,8.795522077858324,2.28976029260906,7.111196888004839,50,3.0119984844307854,3011.9984844307855,150599.9242215393,1,passes
AMLF_powerVel_linearK600_ID_powerVel_freewaterK600,ID,2023-05-25,9.272899121552571,-21.137671668528,-11.864772546975429,24,0.8365970426291665,0.3651679583196941,1318840.3447232698,4.659658968733103,7.223571428571429,73.29642857142858,5.5125,22.329166666666666,2.18786393923743,13.467998174783656,8.53946630895688,2.2928232670834796,6.770991570526828,50,3.0119984844307854,3011.9984844307855,150599.9242215393,1,passes
AMLF_powerVel_linearK600_ID_powerVel_freewaterK600,ID,2023-05-26,6.048689936254329,-15.093534210611093,-9.044844274356764,24,0.8393407530581309,0.3638590188079187,1318683.2658673124,4.21390707477176,6.594285714285714,71.67428571428572,5.070833333333333,22.0375,2.7992059397361264,11.398570633783951,9.880357300429354,2.3006013897280355,7.460396887538612,50,3.0119984844307854,3011.9984844307855,150599.9242215393,1,passes
AMLF_powerVel_linearK600_ID_powerVel_freewaterK600,ID,2023-05-27,7.931933757833533,-20.07850843977547,-12.146574681941935,24,0.8557932858761543,0.356680804917138,1317782.826383162,4.6336757979445045,7.1607692307692306,73.09538461538462,5.429166666666666,22.070833333333333,2.2145584526711803,12.37731681263882,8.754681854437441,2.347313548304127,6.650707319340559,50,3.0119984844307854,3011.9984844307855,150599.9242215393,1,passes
AMLF_powerVel_linearK600_ID_powerVel_freewaterK600,ID,2023-05-28,4.657100027123546,-22.682348899907154,-18.025248872783607,24,0.8655602649999518,0.35254727830733273,1317256.5387323645,4.698953091543627,7.095384615384615,73.05692307692308,5.4375,22.075,2.245250000731491,11.66587970225941,9.11181420798438,2.3750588371625905,6.482313028527654,50,3.0119984844307854,3011.9984844307855,150599.9242215393,1,passes
AMLF_powerVel_linearK600_ID_powerVel_freewaterK600,ID,2023-05-29,7.700557885874648,-22.2329239336213,-14.532366047746653,24,0.8738567830619615,0.349135434402742,1316815.9557841788,4.321270609491376,7.172142857142857,73.25928571428571,5.433333333333334,22.204166666666666,2.1246781408254862,11.43399498593193,8.009648788556703,2.3986386603644,6.980655519730906,50,3.0119984844307854,3011.9984844307855,150599.9242215393,1,passes
AMLF_powerVel_linearK600_ID_powerVel_freewaterK600,ID,2023-05-30,8.68378464790459,-22.457613148437584,-13.773828500532995,24,0.8796058436058227,0.3467444507793901,1316508.988565314,4.256460025074461,7.232857142857143,73.34428571428572,5.4375,22.370833333333334,2.076923521425977,11.965359753769766,7.730346219628344,2.414975398589727,7.038412288816271,50,3.0119984844307854,3011.9984844307855,150599.9242215393,1,passes
AMLF_powerVel_linearK600_ID_powerVel_freewaterK600,ID,2023-05-31,8.633872185450901,-22.550235624187124,-13.916363438736223,24,0.870362238212464,0.35043635139342655,1316992.7858343588,4.172064385124677,7.266153846153846,72.94846153846154,5.3875,22.325,2.199663051931049,14.169189523503047,7.934094861870455,2.3886910980977434,7.257246764538425,50,3.0119984844307854,3011.9984844307855,150599.9242215393,1,passes
AMLF_powerVel_linearK600_ID_powerVel_freewaterK600,ID,2023-06-01,6.760456107520776,-21.918884217818558,-15.158428110297782,24,0.8569427625879092,0.3561043950657313,1317715.1886296072,4.39627110314898,7.013571428571429,73.39142857142858,5.345833333333333,22.416666666666668,2.2294827833805138,10.99762191168317,8.334214422068014,2.3505688793094537,6.998526481144661,50,3.0119984844307854,3011.9984844307855,150599.9242215393,1,passes
AMLF_powerVel_linearK600_ID_powerVel_freewaterK600,ID,2023-06-02,11.74256965713616,-20.52484147469883,-8.7822718175626715,24,0.8378196707449721,0.36455990863795407,1318768.8556824615,4.342002782521077,7.252857142857143,73.57357142857143,5.4375,22.3875,2.0579089226918326,12.227858772950272,7.399734358350182,2.2962868023483125,7.254250557626475,50,3.0119984844307854,3011.9984844307855,150599.9242215393,1,passes
AMLF_powerVel_linearK600_ID_powerVel_freewaterK600,ID,2023-06-03,5.649236921279838,-18.138973288056214,-12.489736366776375,24,0.8349199740448764,0.36579463032972176,1318925.6856765044,4.687803232723143,6.2815,72.893,5.345833333333333,22.458333333333332,2.8551917928502335,8.509115637956407,11.185752289944187,2.288050784561962,6.74189049571708,50,3.0119984844307854,3011.9984844307855,150599.9242215393,1,passes
AMLF_powerVel_linearK600_ID_powerVel_freewaterK600,ID,2023-06-04,-0.7959993250347984,-19.249362525241587,-20.045361850276386,24,0.8379252277747922,0.3644226564656632,1318757.371851677,5.488949831543546,5.782916666666667,72.18958333333333,5.029166666666667,22.3625,3.280844148325212,6.5997398665964155,15.084640525050709,2.2965766064174016,5.736273510406471,50,3.0119984844307854,3011.9984844307855,150599.9242215393,1,passes
AMLF_powerVel_linearK600_ID_powerVel_freewaterK600,ID,2023-06-05,5.066787878565943,-18.57651653144442,-13.509728652878476,24,0.837489098303687,0.3646412763988358,1318783.0168112842,4.947620516602324,6.230833333333333,72.45916666666666,5.429166666666666,22.35,2.84660054839921,7.020564264570846,11.80515322350922,2.295341427859138,6.367708714753011,50,3.0119984844307854,3011.9984844307855,150599.9242215393,1,passes
AMLF_powerVel_linearK600_ID_powerVel_freewaterK600,ID,2023-06-06,5.867745148721097,-19.246622662684338,-13.378877513963241,24,0.8349286498983675,0.3658164083582407,1318926.7972518676,4.862518168976856,6.2491666666666665,72.63333333333334,5.475,22.416666666666668,2.801937557948244,6.782425449069784,11.379000221767617,2.2880781429736428,6.500034875715943,50,3.0119984844307854,3011.9984844307855,150599.9242215393,1,passes
AMLF_powerVel_linearK600_ID_powerVel_freewaterK600,ID,2023-06-07,5.236615714460514,-19.47712047238819,-14.240504757927676,24,0.8353048103560509,0.3657618982474868,1318912.9749181487,4.698916641765101,6.12875,72.54166666666667,5.408333333333333,22.466666666666665,2.894289222313944,6.307404471323085,11.368178834716199,2.289157697975828,6.725343396751969,50,3.0119984844307854,3011.9984844307855,150599.9242215393,1,passes
AMLF_powerVel_linearK600_ID_powerVel_freewaterK600,ID,2023-06-08,4.600352047730653,-19.615276590764097,-15.014924543033445,25,0.8379477375774671,0.36480664660240913,1318781.0399220805,5.040021260535639,6.1120833333333335,72.9325,5.28,22.548,2.9112195886668513,6.7815307799905264,12.271023998299352,2.296684213844578,6.253801846680776,50,3.0119984844307854,3011.9984844307855,150599.9242215393,1,passes
AMLF_powerVel_linearK600_ID_powerVel_freewaterK600,ID,2023-06-09,-0.7519754461137605,-22.850340259372306,-23.602315705486067,24,0.8343943467925673,0.36616966482114893,1318963.4456593853,5.777653648145391,5.792916666666667,72.48083333333334,5.183333333333334,22.495833333333334,3.17463656179393,5.339983455179476,15.299610906817628,2.286573783150288,5.475762475084098,50,3.0119984844307854,3011.9984844307855,150599.9242215393,1,passes
AMLF_powerVel_linearK600_ID_powerVel_freewaterK600,ID,2023-06-10,0.9690919411947465,-15.95790178663743,-14.988809845442685,24,0.833712781081667,0.36650981987297737,1319003.3802555804,5.311776159506232,5.9191666666666665,72.27708333333334,4.970833333333333,22.266666666666666,3.2461360277029536,8.305778128668841,14.389600240737503,2.284643160441719,5.961555511023052,50,3.0119984844307854,3011.9984844307855,150599.9242215393,1,passes
AMLF_powerVel_linearK600_ID_powerVel_freewaterK600,ID,2023-06-11,4.361263930378837,-19.577268001565077,-15.21600407118624,24,0.8311735207850156,0.36762589506564874,1319142.9233384018,4.921572492272227,6.0625,73.01958333333333,5.333333333333333,22.5875,2.933642709347196,6.387573249292729,12.000697623890522,2.2774347697265998,6.453806661091675,50,3.0119984844307854,3011.9984844307855,150599.9242215393,1,passes
AMLF_powerVel_linearK600_ID_powerVel_freewaterK600,ID,2023-06-12,4.329715845297216,-16.24179990083857,-11.912084055541353,24,0.831603465973992,0.3673144665735003,1319111.7712299703,4.351340233518576,5.905,72.31541666666666,5.070833333333334,22.375,3.1921899663424087,7.307372536160027,11.549121585086054,2.278642492676168,7.293378179781663,50,3.0119984844307854,3011.9984844307855,150599.9242215393,1,passes
AMLF_powerVel_linearK600_ID_powerVel_freewaterK600,ID,2023-06-13,4.945273179625337,-17.454978026729684,-12.509704847104347,24,0.8306076747055611,0.36780724368676354,1319169.91169502,4.4773890126463805,6.024166666666667,73.17,5.2625,22.675,2.9739602302583807,6.671362642654017,11.059527465676606,2.2758215338171985,7.097561941742811,50,3.0119984844307854,3011.9984844307855,150599.9242215393,1,passes
AMLF_powerVel_linearK600_ID_powerVel_freewaterK600,ID,2023-06-14,4.346628857343279,-16.2375645991935,-11.890935741850221,24,0.8303201976961079,0.3680412004922812,1319192.3077007951,4.1850117443145,5.995416666666666,73.01375,5.295833333333333,22.654166666666665,2.9804229456558375,6.1306257701400515,10.360744186353765,2.2750166465493846,7.598248622774579,50,3.0119984844307854,3011.9984844307855,150599.9242215393,1,passes
AMLF_powerVel_linearK600_ID_powerVel_freewaterK600,ID,2023-06-15,-2.590292101724403,-15.812952514876256,-18.40324461660066,24,0.829529671906167,0.36844269251647394,1319239.0863222457,4.499591481513713,5.452916666666667,71.60291666666666,4.854166666666667,22.204166666666666,3.573385480312645,5.244955630313725,13.3446895708514,2.272778220494427,7.074741954732792,50,3.0119984844307854,3011.9984844307855,150599.9242215393,1,passes
AMLF_powerVel_linearK600_ID_powerVel_freewaterK600,ID,2023-06-16,3.1724531907008253,-13.326367448743074,-10.15391425804225,24,0.8310949523791729,0.36768098816813816,1319148.5122496386,4.621602595948541,6.063478260869565,72.30217391304348,5.129166666666666,22.2,3.0749128538427133,7.7922647373518314,11.793211824670093,2.277213908736915,6.87372761249004,50,3.0119984844307854,3011.9984844307855,150599.9242215393,1,passes
AMLF_powerVel_linearK600_ID_powerVel_freewaterK600,ID,2023-06-17,3.418492619564963,-16.477981827671364,-13.0594892081064,24,0.8379250355114313,0.364734288272414,1318776.8078005936,4.479589534004346,5.942916666666667,72.81083333333333,5.179166666666666,22.5,3.0869003670663773,6.693771128062219,11.565476194845726,2.2966096251376884,7.034805815917418,50,3.0119984844307854,3011.9984844307855,150599.9242215393,1,passes
AMLF_powerVel_linearK600_ID_powerVel_freewaterK600,ID,2023-06-18,4.835366568363079,-16.556937868049253,-11.721571299686175,24,0.9290809836338513,0.32818119961092507,1314002.9306059056,3.838465411186643,5.977916666666667,73.125,5.225,22.645833333333332,3.0204629026101575,6.573596846966013,10.651690460441406,2.55582066880928,7.3870290881735885,50,3.0119984844307854,3011.9984844307855,150599.9242215393,1,passes
AMLF_powerVel_linearK600_ID_powerVel_freewaterK600,ID,2023-06-19,-0.8005500088250871,-20.35305754022042,-21.153607549045507,24,1.0648170530372403,0.2847336625519022,1307667.3879699204,4.441865425691928,5.788333333333333,72.36458333333333,5.0625,22.416666666666664,3.2485216096781655,6.302542347431573,15.249970494338049,2.943326133472981,5.5384362394662485,50,3.0119984844307854,3011.9984844307855,150599.9242215393,1,passes
AMLF_powerVel_linearK600_ID_powerVel_freewaterK600,ID,2023-06-20,4.738769361951123,-6.848867341292675,-2.1100979793415524,24,1.2193776166485961,0.24744707650477915,1301418.045602965,0.6840114318327818,5.6075,72.82708333333333,5.3125,22.5,3.1870323392626623,2.5488176984015647,2.638230296135357,3.386735786182885,31.25595043452356,50,3.0119984844307854,3011.9984844307855,150599.9242215393,0,too fast
AMLF_powerVel_linearK600_ID_powerVel_freewaterK600,ID,2023-06-21,-5.819515148784844,-18.01474942383017,-23.834264572615016,24,1.289122736515069,0.2336137066019438,1298863.4705937018,3.227995006505317,5.312916666666666,71.79041666666666,4.820833333333334,22.2375,3.648254597734383,4.245472256607383,15.146335019994446,3.587494117141573,6.252867247232744,50,3.0119984844307854,3011.9984844307855,150599.9242215393,1,passes
AMLF_powerVel_linearK600_ID_powerVel_freewaterK600,ID,2023-06-22,-11.978124361972082,-21.544675535313772,-33.52279989728585,24,1.4096116916803707,0.212818230783773,1294753.054120109,3.8715408100282094,5.4075,71.47875,5.1,22.075,3.4895737367474258,2.641497885392863,19.004291535146553,3.935162803118063,4.749399797643877,50,3.0119984844307854,3011.9984844307855,150599.9242215393,1,passes
AMLF_powerVel_linearK600_ID_powerVel_freewaterK600,ID,2023-06-23,-1.7030610088333038,-18.64951110131102,-20.352572110144322,25,1.5042136415239944,0.1988828186074874,1291773.9694267036,2.978363136994193,5.88375,72.60666666666667,5.284,22.451999999999998,3.0586204006033357,4.86421698483835,13.628298865537369,4.208876325928392,5.769436008071441,50,3.0119984844307854,3011.9984844307855,150599.9242215393,1,passes
AMLF_powerVel_linearK600_ID_powerVel_freewaterK600,ID,2023-06-24,-1.0913414802190167,-20.46290815221947,-21.554249632438488,24,1.60715123935886,0.18575119955804037,1288760.88448624,2.9857464592641585,5.875416666666666,73.00750000000001,5.2375,22.683333333333334,3.0672905202361447,5.458916557417645,14.621744150970182,4.5074507276818165,5.375172962867706,50,3.0119984844307854,3011.9984844307855,150599.9242215393,1,passes
AMLF_powerVel_linearK600_ID_powerVel_freewaterK600,ID,2023-06-25,-2.684860289980436,-21.02556721342617,-23.710427503406606,24,1.7514645447879085,0.16995151202544279,1284853.5862164772,2.6800587364668487,5.7275,73.09375,5.220833333333333,22.725,3.142490141000088,4.322249270892222,14.649070778975048,4.927155749595213,5.478913741404074,50,3.0119984844307854,3011.9984844307855,150599.9242215393,1,passes
AMLF_powerVel_linearK600_ID_powerVel_freewaterK600,ID,2023-06-26,0.3306789988291828,-17.576229615035437,-17.245550616206256,24,1.9104511609766917,0.1553204490221572,1280913.0848599032,1.9417363113034296,5.730833333333333,73.06916666666666,5.2,22.604166666666668,3.1619199262479403,4.513980335042488,11.644513258656897,5.390932223937537,6.911178782306515,50,3.0119984844307854,3011.9984844307855,150599.9242215393,1,passes
AMLF_powerVel_linearK600_ID_powerVel_freewaterK600,ID,2023-06-27,5.16115805792564,-12.237750876451496,-7.076592818525857,24,2.065960393786008,0.14318145333806218,1277367.779684177,1.1231789035819324,5.533333333333333,73.48708333333333,4.85,22.670833333333334,3.411871855393741,5.793777193302593,7.882164524700761,5.845857921193227,11.014164821789812,50,3.0119984844307854,3011.9984844307855,150599.9242215393,0,too fast
AMLF_powerVel_linearK600_ID_powerVel_freewaterK600,ID,2023-07-04,4.619905350158614,-5.2320313570147965,-0.6121260068561822,24,2.2332634209007916,0.1320519049498071,1273851.0266115123,0.45441488096972144,5.5625,73.34,5.108333333333333,22.670833333333334,3.273859751000435,3.8419011397546137,3.3269694175849205,6.336640371741938,25.107638559978312,50,3.0119984844307854,3011.9984844307855,150599.9242215393,0,too fast
AMLF_powerVel_linearK600_ID_powerVel_freewaterK600,ID,2023-07-05,4.367819970154739,-7.973581176032688,-3.6057612058779496,24,2.1923694954712203,0.134603907363288,1274683.3999284818,0.7056045588250519,5.677083333333333,73.37,5.1875,22.720833333333335,3.171728189443804,4.144480271324129,4.918910778747485,6.21654780038321,16.482004616797806,50,3.0119984844307854,3011.9984844307855,150599.9242215393,0,too fast
AMLF_powerVel_linearK600_ID_powerVel_freewaterK600,ID,2023-07-07,-2.3646617771925813,-19.12220512907036,-21.48686690626294,24,2.089151594387496,0.14149401895141717,1276857.3833147923,1.8816588467419944,5.4470833333333335,73.02375,5.070833333333334,22.679166666666667,3.363504749754688,3.1907988546205237,13.236001334757086,5.913781791947092,6.496971147862224,50,3.0119984844307854,3011.9984844307855,150599.9242215393,1,passes
AMLF_powerVel_linearK600_ID_powerVel_freewaterK600,ID,2023-07-08,-4.807920907128133,-23.975325035084104,-28.783245942212236,24,2.036017774083183,0.14532933035534268,1278021.9687042679,2.4216934390661544,5.402916666666667,72.87625,5.008333333333333,22.616666666666667,3.4292939827876827,3.3489971234651814,16.941978255906466,5.75813801720856,5.1849891237858685,50,3.0119984844307854,3011.9984844307855,150599.9242215393,1,passes
AMLF_powerVel_linearK600_ID_powerVel_freewaterK600,ID,2023-07-09,-0.3257396157578296,-16.694896255982904,-17.020635871740733,24,1.968359438665103,0.15050945318795728,1279549.9507444138,1.6562974091534892,5.48625,72.84166666666667,5.025,22.579166666666666,3.383542719501074,3.919007167516204,11.06522871670115,5.560149888701789,7.851257077124622,50,3.0119984844307854,3011.9984844307855,150599.9242215393,1,passes
AMLF_powerVel_linearK600_ID_powerVel_freewaterK600,ID,2023-07-10,-2.092311847573516,-14.184504575506697,-16.276816423080213,24,1.898840915823405,0.15619858561337796,1281174.07563541,1.4776511862213877,5.18375,72.23083333333334,4.804166666666666,22.354166666666668,3.6910059012234226,3.229563376532946,10.360288860745287,5.356953672277228,9.133114718031901,50,3.0119984844307854,3011.9984844307855,150599.9242215393,0.125,too fast
AMLF_powerVel_linearK600_ID_powerVel_freewaterK600,ID,2023-07-11,-1.0100123542256312,-19.775822161564466,-20.785834515790096,24,1.843802374487949,0.16104175013717004,1282508.3040753359,2.1853150626449,5.6866666666666665,72.79083333333334,5.208333333333333,22.583333333333332,3.193763142590679,4.074420528787944,12.90352030273809,5.196284000821856,6.367048600768478,50,3.0119984844307854,3011.9984844307855,150599.9242215393,1,passes
AMLF_powerVel_linearK600_ID_powerVel_freewaterK600,ID,2023-07-12,-2.005722287196742,-22.808813308825606,-24.81453559602235,24,1.7815330942830436,0.16687373501507366,1284066.3898648098,2.6776647577196817,5.7025,73.03833333333333,5.166666666666667,22.7,3.1863800599272576,4.569211062040935,15.242887941583037,5.01470227852945,5.384501799090317,50,3.0119984844307854,3011.9984844307855,150599.9242215393,1,passes
AMLF_powerVel_linearK600_ID_powerVel_freewaterK600,ID,2023-07-14,-5.574787661522394,-23.033844587119113,-28.608632248641506,24,1.7100582233224002,0.1740747759647964,1285922.532387424,3.0169564959410757,5.523333333333333,72.5275,4.9625,22.508333333333333,3.4159841975886764,4.788850194906862,17.638244908761223,4.8065408787951664,4.985176506055975,50,3.0119984844307854,3011.9984844307855,150599.9242215393,1,passes
AMLF_powerVel_linearK600_ID_powerVel_freewaterK600,ID,2023-07-15,-4.5020860753697365,-24.701537635113645,-29.20362371048338,24,1.6736703570517928,0.1779934511681717,1286900.1528458742,3.2399472015741355,5.6779166666666665,72.675,5.129166666666666,22.566666666666666,3.244126654863089,4.68915851113522,17.607682736398253,4.7006890147590425,4.746569380346164,50,3.0119984844307854,3011.9984844307855,150599.9242215393,1,passes
AMLF_powerVel_linearK600_ID_powerVel_freewaterK600,ID,2023-07-16,-17.263353780369624,-37.66290462935466,-54.926258409724284,24,1.6415071130153038,0.18160284363677343,1287782.5798369516,5.1407080010645085,5.384166666666666,72.50666666666666,4.954166666666667,22.541666666666668,3.487857585793479,3.6775236392616737,29.44069027337506,4.607193488227933,3.052203254292624,50,3.0119984844307854,3011.9984844307855,150599.9242215393,1,passes
AMLF_powerVel_linearK600_ID_powerVel_freewaterK600,ID,2023-07-17,-1.1333349799303623,-23.33273597616141,-24.46607095609177,24,1.6224680541392393,0.18381191483930406,1288313.8800402218,3.371169071325199,5.9125,73.01,5.141666666666667,22.645833333333332,3.0995750384860776,6.594181580650593,16.977266975677225,4.551880828550993,4.710932351984633,50,3.0119984844307854,3011.9984844307855,150599.9242215393,1,passes
AMLF_powerVel_linearK600_ID_powerVel_freewaterK600,ID,2023-07-18,0.47428747401844873,-23.577951825232493,-23.103664351214043,24,1.5974354089441718,0.1867951817526792,1289022.0035897545,3.3034397885193534,6.02125,72.91083333333333,5.304166666666666,22.65833333333333,2.967117885196621,6.138077969257794,15.685556869927238,4.4791892171995435,4.885544988445287,50,3.0119984844307854,3011.9984844307855,150599.9242215393,1,passes
AMLF_powerVel_linearK600_ID_powerVel_freewaterK600,ID,2023-07-19,0.5773067075195122,-24.090464719435555,-23.513158011916044,24,1.5720569476586808,0.18992098209032113,1289752.041351151,3.326543907942736,5.99,73.19125,5.3125,22.758333333333333,2.9582541417187636,5.8025893332628575,15.503520720307957,4.40553552928113,4.932799117253142,50,3.0119984844307854,3011.9984844307855,150599.9242215393,1,passes
AMLF_powerVel_linearK600_ID_powerVel_freewaterK600,ID,2023-07-20,-0.09892794104114477,-23.2600366138896,-23.358964554930743,24,1.5395949137238596,0.1940697599525378,1290703.5516362,3.3330330328831685,5.923333333333333,73.19,5.245833333333334,22.7625,3.024606800804534,5.806781566758573,15.556171454819907,4.311384145056835,5.030741398141737,50,3.0119984844307854,3011.9984844307855,150599.9242215393,1,passes
AMLF_powerVel_linearK600_ID_powerVel_freewaterK600,ID,2023-07-21,-0.23325575680503063,-24.957195107659498,-25.190450864464527,24,1.5107767479955436,0.19789944191445763,1291565.2008055989,3.588713938350961,5.9375,73.29375,5.266666666666667,22.804166666666667,2.999153623870453,5.753718227659867,16.288615380654257,4.227857938204945,4.764523468612275,50,3.0119984844307854,3011.9984844307855,150599.9242215393,1,passes
AMLF_powerVel_linearK600_ID_powerVel_freewaterK600,ID,2023-07-22,-5.30917852992808,-29.20590679941958,-34.51508532934766,24,1.4944207598929673,0.20014195317599154,1292062.0750253934,4.279136968951518,5.717083333333333,73.16,5.120833333333334,22.808333333333334,3.187669279486531,5.115321674322862,20.381470316539065,4.180477698935332,4.04106362565035,50,3.0119984844307854,3011.9984844307855,150599.9242215393,1,passes
AMLF_powerVel_linearK600_ID_powerVel_freewaterK600,ID,2023-07-23,-6.000928518703381,-20.776748899821502,-26.77767741852488,24,1.4802828071545073,0.2021185520539706,1292495.8541219393,3.4853497622370813,5.430833333333333,72.05458333333334,4.754166666666666,22.354166666666668,3.600749301867142,5.807121041566397,18.58030056828225,4.139536577734723,5.010413326854852,50,3.0119984844307854,3011.9984844307855,150599.9242215393,1,passes
AMLF_powerVel_linearK600_ID_powerVel_freewaterK600,ID,2023-07-24,0.058755693035735405,-23.602165119404628,-23.543409426368893,24,1.4655172656998008,0.2042266536361136,1292953.7508666823,3.9126113979645543,5.98875,73.10333333333334,5.233333333333333,22.666666666666668,3.009991645794161,6.4859635879133375,17.271796600579435,4.096793649412066,4.509822489230521,50,3.0119984844307854,3011.9984844307855,150599.9242215393,1,passes
AMLF_powerVel_linearK600_ID_powerVel_freewaterK600,ID,2023-07-25,1.7715280018614756,-22.43229770527804,-20.660769703416562,24,1.4499688206596733,0.20649517267946488,1293441.27170499,3.7073938065476617,6.03125,72.97583333333333,5.245833333333334,22.6875,2.9861308505689523,6.746267798531953,16.068159912442756,4.051801323715564,4.812324735504572,50,3.0119984844307854,3011.9984844307855,150599.9242215393,1,passes
AMLF_powerVel_linearK600_ID_powerVel_freewaterK600,ID,2023-07-26,1.022181815024081,-24.715359644960234,-23.693177829936154,24,1.4445372457915464,0.20729779859549932,1293612.6864581555,4.054111601791532,6.0575,73.14041666666667,5.316666666666666,22.75,2.925631530993988,6.364268675297638,17.138460029433038,4.0360875300753,4.417867971551742,50,3.0119984844307854,3011.9984844307855,150599.9242215393,1,passes
AMLF_powerVel_linearK600_ID_powerVel_freewaterK600,ID,2023-07-28,-13.480388946081943,-36.71779516213314,-50.19818410821509,24,1.4344863369050371,0.2088033307989236,1293932.0804708276,6.2168169567499065,5.6875,72.41791666666667,5.1,22.475,3.272938920123139,5.048034754553369,29.17890154965878,4.007016643355237,2.9019042874407646,50,3.0119984844307854,3011.9984844307855,150599.9242215393,1,passes
AMLF_powerVel_linearK600_ID_powerVel_freewaterK600,ID,2023-07-29,-11.008573398000046,-35.47383718944057,-46.48241058744062,24,1.429813793172337,0.20951143820694182,1294081.446412896,6.0552269248242725,5.735,72.78041666666667,5.045833333333333,22.570833333333333,3.252581769533948,5.922341330011124,28.14416063242141,3.9935046855151763,2.989448370112917,50,3.0119984844307854,3011.9984844307855,150599.9242215393,1,passes
AMLF_powerVel_linearK600_ID_powerVel_freewaterK600,ID,2023-07-30,-1.1317658944634748,-26.165111000890082,-27.296876895353556,24,1.4166201958646625,0.21153311918841783,1294505.5750576686,4.562814440717171,5.989583333333333,73.01583333333333,5.158333333333333,22.641666666666666,3.0529911576681696,7.145218321289994,19.750600722865663,3.955359015455612,4.005523725616739,50,3.0119984844307854,3011.9984844307855,150599.9242215393,1,passes
AMLF_powerVel_linearK600_ID_powerVel_freewaterK600,ID,2023-07-31,-5.736504689302147,-31.020700976231797,-36.757205665533945,24,1.4076024209756455,0.21293413333963257,1294797.51025621,5.384228467564747,5.8741666666666665,72.64041666666667,5.1,22.570833333333333,3.1620292857279386,6.657106901831177,23.98220155597608,3.9292928541244008,3.416925791944585,50,3.0119984844307854,3011.9984844307855,150599.9242215393,1,passes
AMLF_powerVel_linearK600_ID_powerVel_freewaterK600,ID,2023-08-01,2.201871876001649,-22.432192862766097,-20.230320986764447,24,1.417863053305341,0.21134620684877126,1294466.0003957432,3.836421222323449,6.06,73.03083333333333,5.233333333333333,22.629166666666666,2.980408334605175,7.107227784541967,16.19596891380887,3.9589535663757482,4.759725591517517,50,3.0119984844307854,3011.9984844307855,150599.9242215393,1,passes
AMLF_powerVel_linearK600_ID_powerVel_freewaterK600,ID,2023-08-02,1.3848411289129705,-25.92082470120439,-24.535983572291418,24,1.449988858481088,0.20649177398393484,1293440.5916646514,4.020607086875053,6.014166666666666,73.08958333333334,5.304166666666666,22.7625,2.9542710698696206,6.098284551173542,17.22854026106436,4.051859144503107,4.4373620417802355,50,3.0119984844307854,3011.9984844307855,150599.9242215393,1,passes
AMLF_powerVel_linearK600_ID_powerVel_freewaterK600,ID,2023-08-04,-7.929888733728651,-26.944767076639963,-34.874655810368616,24,1.532822259207918,0.1950447322786188,1290914.706473811,4.327133852349656,5.707083333333333,72.27875,4.991666666666666,22.425,3.327688162818299,6.132396932777389,21.985151642719085,4.291783291498738,3.8944635049183924,50,3.0119984844307854,3011.9984844307855,150599.9242215393,1,passes
AMLF_powerVel_linearK600_ID_powerVel_freewaterK600,ID,2023-08-05,-6.3808484896607975,-24.47438333623035,-30.855231825891146,24,1.6713693906889155,0.17833954110111438,1286974.2629410403,3.3823992313300058,5.63,72.21666666666667,5.058333333333334,22.370833333333334,3.340237627165864,4.8831061624517025,18.802927504849812,4.69404024507379,4.55550492337282,50,3.0119984844307854,3011.9984844307855,150599.9242215393,1,passes
AMLF_powerVel_linearK600_ID_powerVel_freewaterK600,ID,2023-08-06,-0.43280474776633604,-22.168958491408826,-22.601763239175163,24,1.7608460645177153,0.16889057497203463,1284594.7505444128,2.79967670709232,5.8741666666666665,73.22583333333333,5.220833333333333,22.7125,3.064143311091275,5.5725441723665,15.06207964665054,4.954419897814918,5.21208239530587,50,3.0119984844307854,3011.9984844307855,150599.9242215393,1,passes
AMLF_powerVel_linearK600_ID_powerVel_freewaterK600,ID,2023-08-07,-2.001648429413304,-23.956826184130186,-25.95847461354349,24,1.7948502732492841,0.1655648877690914,1283724.8640968162,2.8406990944301933,5.738333333333333,73.22791666666667,5.158333333333333,22.754166666666666,3.159707142727017,4.943744662100247,16.093383822645585,5.053503364163081,5.035664048788966,50,3.0119984844307854,3011.9984844307855,150599.9242215393,1,passes
AMLF_powerVel_linearK600_ID_powerVel_freewaterK600,ID,2023-08-08,-0.9222178151542421,-22.552500089902516,-23.474717905056757,24,1.8132231545144077,0.16382729391617748,1283262.7964336732,2.6802149422109354,5.777083333333334,73.34666666666666,5.158333333333333,22.8,3.131233780155913,5.27237499805277,15.20721042768546,5.107070437190312,5.281172778882206,50,3.0119984844307854,3011.9984844307855,150599.9242215393,1,passes
AMLF_powerVel_linearK600_ID_powerVel_freewaterK600,ID,2023-08-09,0.34821173342465644,-21.842848565186756,-21.4946368317621,24,1.8173800901588066,0.16343801687406806,1283158.774137991,2.6189134873920072,5.76375,73.35166666666667,5.166666666666667,22.816666666666666,3.131963975130205,5.087491220673803,14.91018212411271,5.119192262423598,5.391947739358752,50,3.0119984844307854,3011.9984844307855,150599.9242215393,1,passes
AMLF_powerVel_linearK600_ID_powerVel_freewaterK600,ID,2023-08-10,-0.044561559652513176,-22.402624137028937,-22.44718569668145,24,1.8069711893875793,0.16441412379531423,1283419.428655761,2.7065667210476043,5.767083333333333,73.23291666666667,5.175,22.7875,3.133713081152224,5.04575964448102,15.337766552097728,5.088840133779298,5.248487016945516,50,3.0119984844307854,3011.9984844307855,150599.9242215393,1,passes
AMLF_powerVel_linearK600_ID_powerVel_freewaterK600,ID,2023-08-11,-1.5965111643817596,-22.705646530472364,-24.302157694854124,24,1.7858273214343756,0.16643217541536057,1283953.6666948865,2.7404125418050196,5.740833333333334,73.0075,5.125,22.65416666666667,3.192771331411928,5.250759005924842,15.642743239511022,5.027203899053928,5.247290229673117,50,3.0119984844307854,3011.9984844307855,150599.9242215393,1,passes
AMLF_powerVel_linearK600_ID_powerVel_freewaterK600,ID,2023-08-12,-2.2935215588978877,-25.855130097195953,-28.14865165609384,24,1.7466689956801242,0.17030089105982382,1284960.5770430171,3.077903494905419,5.912727272727273,73.45363636363636,5.195833333333333,22.775,2.982310398574246,5.18907608070314,16.050455289891232,4.91312213559126,4.780525774093812,50,3.0119984844307854,3011.9984844307855,150599.9242215393,1,passes
AMLF_powerVel_linearK600_ID_powerVel_freewaterK600,ID,2023-08-13,-0.9356602246932145,-24.893160626098346,-25.828820850791562,24,1.692041320749326,0.17600700890402798,1286405.5649874844,3.188572311663884,5.863333333333333,73.2725,5.191666666666666,22.775,3.076927967984844,5.737785916032717,16.655737974644737,4.754126147322928,4.769220855892268,50,3.0119984844307854,3011.9984844307855,150599.9242215393,1,passes
AMLF_powerVel_linearK600_ID_powerVel_freewaterK600,ID,2023-08-14,-26.51078306423678,-55.66398983506364,-82.17477289930042,24,1.6497505648006139,0.1806723649164741,1287555.740528469,7.751909393958656,5.444166666666667,72.76375,5,22.625,3.416747316090066,3.799176430562897,43.671845931428656,4.631153983936748,2.0137093373342148,50,3.0119984844307854,3011.9984844307855,150599.9242215393,1,passes
AMLF_powerVel_linearK600_ID_powerVel_freewaterK600,ID,2023-08-15,-30.09373992435483,-50.34139204605775,-80.43513197041258,24,1.6131645758641393,0.1849177440393745,1288576.7057462465,7.440364066860926,5.293333333333333,72.06916666666666,4.7,22.304166666666667,3.700000777819126,5.076184437794582,44.45009825126325,4.524863485494453,2.147326789580416,50,3.0119984844307854,3011.9984844307855,150599.9242215393,1,passes
AMLF_powerVel_linearK600_ID_powerVel_freewaterK600,ID,2023-08-16,-8.103621889598669,-30.527870951933362,-38.63149284153203,24,1.5756270894441589,0.18947254567106409,1289648.3107333549,4.82097877385672,5.76375,72.59083333333334,5,22.46666666666667,3.2779153263885625,6.540629510240482,24.922032220075884,4.415893297933428,3.3956648045732436,50,3.0119984844307854,3011.9984844307855,150599.9242215393,1,passes
AMLF_powerVel_linearK600_ID_powerVel_freewaterK600,ID,2023-08-17,-5.482797925248243,-22.635192332557622,-28.117990257805864,24,1.559788962445151,0.19147565175141718,1290110.0942474436,3.3128633327920207,5.634166666666666,72.77666666666667,5.266666666666667,22.5625,3.1932059255758705,3.1501174761731225,16.4944295047715,4.369948842757562,4.993715299864147,50,3.0119984844307854,3011.9984844307855,150599.9242215393,1,passes
AMLF_powerVel_linearK600_ID_powerVel_freewaterK600,ID,2023-08-18,-0.38202584054930483,-26.57164979911496,-26.953675639664265,24,1.5616807882142019,0.19122322081551124,1290053.3917476553,3.833518176459241,5.943333333333333,73.01,5.283333333333333,22.683333333333334,3.0099603450588654,5.654528978585303,18.040132466810533,4.375431555174331,4.309797297927545,50,3.0119984844307854,3011.9984844307855,150599.9242215393,1,passes
AMLF_powerVel_linearK600_ID_powerVel_freewaterK600,ID,2023-08-19,-1.3396882477254146,-26.564716623038866,-27.90440487076428,24,1.554964794527637,0.19207514534897457,1290249.5057284657,3.949036431069555,5.8825,73.20916666666666,5.183333333333334,22.758333333333333,3.07569050544794,5.989845337591993,18.89100492400274,4.355950312696181,4.202365019371761,50,3.0119984844307854,3011.9984844307855,150599.9242215393,1,passes
AMLF_powerVel_linearK600_ID_powerVel_freewaterK600,ID,2023-08-20,1.181508871651902,-24.00173283063871,-22.820223958986805,24,1.5474711698066224,0.19303883940905256,1290469.8598211901,3.522460048145081,5.95,72.99249999999999,5.229166666666667,22.7125,3.032318594046958,6.1771263673526615,16.53793660925062,4.334218556502819,4.734916932194881,50,3.0119984844307854,3011.9984844307855,150599.9242215393,1,passes
AMLF_powerVel_linearK600_ID_powerVel_freewaterK600,ID,2023-08-21,1.089352829095122,-25.52631218323898,-24.436959354143855,24,1.5380815489869992,0.19426088656286508,1290747.6501918794,3.837968849241912,6.041666666666667,73.03416666666666,5.304166666666666,22.691666666666666,2.949001512785206,6.321099802667746,17.430593437559086,4.30699399557739,4.373183123241555,50,3.0119984844307854,3011.9984844307855,150599.9242215393,1,passes
AMLF_powerVel_linearK600_ID_powerVel_freewaterK600,ID,2023-08-22,0.5852922963329209,-25.521712543882977,-24.936420247550057,24,1.5228207251538455,0.19627724009212116,1291202.6128555473,3.823571097220591,6.008333333333334,72.73375,5.304166666666666,22.591666666666665,2.987245105118866,6.037600338035487,17.418018593468187,4.262757848923457,4.435213341864244,50,3.0119984844307854,3011.9984844307855,150599.9242215393,1,passes
AMLF_powerVel_linearK600_ID_powerVel_freewaterK600,ID,2023-08-23,0.3312203840184353,-27.582820366060538,-27.2515999820421,24,1.5038455182389228,0.19884615212322326,1291775.3561111137,4.179978307277236,6.013333333333334,72.94166666666666,5.275,22.6625,2.984009790176713,6.333740238360099,18.79645519812786,4.207778137058587,4.110142752065486,50,3.0119984844307854,3011.9984844307855,150599.9242215393,1,passes
AMLF_powerVel_linearK600_ID_powerVel_freewaterK600,ID,2023-08-24,1.6401323258480667,-24.852826594155,-23.212694268306933,24,1.4721213273308615,0.20329119477222218,1292749.7684760198,3.885678556476961,6.042083333333333,72.85333333333334,5.275,22.6,2.978773660380363,6.584383748956254,17.08685759477626,4.115913523077822,4.5202810713825805,50,3.0119984844307854,3011.9984844307855,150599.9242215393,1,passes
AMLF_powerVel_linearK600_ID_powerVel_freewaterK600,ID,2023-08-25,-0.42208915328161495,-27.58105061977233,-28.003139773053945,24,1.4289090344990854,0.20966182940757236,1294111.7908468496,4.40541499637803,5.994166666666667,72.94958333333334,5.304166666666666,22.666666666666668,2.978648544775849,5.9299615338554474,18.799908025945307,3.990892707917067,4.111935442111029,50,3.0119984844307854,3011.9984844307855,150599.9242215393,1,passes
AMLF_powerVel_linearK600_ID_powerVel_freewaterK600,ID,2023-08-26,0.17782456497675742,-27.48368313734905,-27.305858572372294,24,1.3889672301424372,0.21590144361145566,1295408.3827376596,4.379895948550506,5.931666666666667,73.06166666666667,5.233333333333333,22.71666666666667,3.0359966162918943,6.0072353549502155,18.50760182020612,3.8754502036982186,4.258978968256799,50,3.0119984844307854,3011.9984844307855,150599.9242215393,1,passes
AMLF_powerVel_linearK600_ID_powerVel_freewaterK600,ID,2023-08-27,0.7493713102900827,-26.411785577295113,-25.66241426700503,24,1.353308147278279,0.22179279502320032,1296599.4051113436,4.4621049988773045,5.98625,73.01916666666666,5.225,22.695833333333333,3.0166235692040204,6.554315370116566,18.253807633303033,3.772486143244809,4.294586858629732,50,3.0119984844307854,3011.9984844307855,150599.9242215393,1,passes
AMLF_powerVel_linearK600_ID_powerVel_freewaterK600,ID,2023-08-28,-0.8184337601555658,-27.422599896526616,-28.241033656682184,24,1.3262700662603648,0.2264716738716406,1297524.03555627,4.893553945094511,5.97375,72.81541666666666,5.175,22.6375,3.0614137627223887,6.8833001889284,19.8953100949207,3.694477722439609,3.9985566404401496,50,3.0119984844307854,3011.9984844307855,150599.9242215393,1,passes
AMLF_powerVel_linearK600_ID_powerVel_freewaterK600,ID,2023-08-30,3.833423300986838,-6.678092182337226,-2.8446688813503878,24,1.3370210929442592,0.22481912318253064,1297177.1132795226,0.9721375282572802,5.002083333333333,72.38666666666667,4.529166666666667,22.46666666666667,3.9027697940031167,4.069998957264235,5.05435358613426,3.7255550657435212,19.98109493601394,50,3.0119984844307854,3011.9984844307855,150599.9242215393,0,too fast
AMLF_powerVel_linearK600_ID_powerVel_freewaterK600,ID,2023-08-31,3.395107212489434,-19.585185524125432,-16.190078311635997,24,1.350623638329098,0.22227308213807673,1296692.8066462076,3.337782921215688,5.93875,72.6875,5.129166666666666,22.504166666666666,3.1185129141388668,6.971445931964249,14.108972890423296,3.7647456353971487,5.753637893783458,50,3.0119984844307854,3011.9984844307855,150599.9242215393,1,passes
AMLF_powerVel_linearK600_ID_powerVel_freewaterK600,ID,2023-09-01,-9.176146373607947,-31.573321778375053,-40.749468151983,24,1.3543889773500144,0.22167623243057274,1296569.6335365716,5.574950443063517,5.677083333333333,72.43791666666667,5.05,22.504166666666666,3.2998666209746155,5.4013088907772495,24.842827324903453,3.7756255163376418,3.43551510952566,50,3.0119984844307854,3011.9984844307855,150599.9242215393,1,passes
AMLF_powerVel_linearK600_ID_powerVel_freewaterK600,ID,2023-09-02,-4.012858623724418,-28.31746267491176,-32.33032129863618,24,1.4595334587222064,0.20521468511717153,1293153.9711101817,4.759677788812706,5.891666666666667,72.39666666666666,5.104166666666667,22.425,3.1740963690266524,6.763864384217312,21.91633319806926,4.079518171705443,3.7251573700635894,50,3.0119984844307854,3011.9984844307855,150599.9242215393,1,passes
AMLF_powerVel_linearK600_ID_powerVel_freewaterK600,ID,2023-09-03,-1.3690732633970537,-22.859948435516685,-24.22902169891374,24,1.5975754323516682,0.18690847740674763,1289033.6013878805,3.365262522529445,5.787916666666667,72.69958333333334,5.095833333333333,22.504166666666666,3.2105226705347736,5.92364806098343,17.14270577826865,4.479649848595799,4.798702133884325,50,3.0119984844307854,3011.9984844307855,150599.9242215393,1,passes
AMLF_powerVel_linearK600_ID_powerVel_freewaterK600,ID,2023-09-04,-0.37989538060877664,-23.54046002832709,-23.920355408935865,24,1.7384366650269334,0.17120451911222478,1285184.0506313029,3.0902109845914434,5.74,72.78,5.133333333333333,22.575,3.206488661758752,5.1763072681917315,17.136484972659662,4.889183419834793,4.786750977539445,50,3.0119984844307854,3011.9984844307855,150599.9242215393,1,passes
AMLF_powerVel_linearK600_ID_powerVel_freewaterK600,ID,2023-09-05,0.6248723546648539,-22.95505384195346,-22.330181487288606,24,1.8490198640798754,0.1605789280679824,1282381.300058605,2.7580502628820303,5.817916666666667,72.56791666666666,5.270833333333333,22.483333333333334,3.1159929727391003,4.658447917656642,15.823538661300946,5.211512838879329,5.030372205971328,50,3.0119984844307854,3011.9984844307855,150599.9242215393,1,passes
AMLF_powerVel_linearK600_ID_powerVel_freewaterK600,ID,2023-09-06,0.5064492689230425,-21.04136023499784,-20.534910966074797,24,1.9292194251747363,0.15365203254299625,1280455.5745019894,2.303678676596313,5.6466666666666665,72.805,5.1625,22.5,3.243848246191452,4.116474413456808,14.383929896494205,5.445709741998904,5.7627549130808,50,3.0119984844307854,3011.9984844307855,150599.9242215393,1,passes
AMLF_powerVel_linearK600_ID_powerVel_freewaterK600,ID,2023-09-07,0.05657061521379682,-19.99176921928962,-19.935198604075822,24,1.9721595332186395,0.1501789617977032,1279458.2730027984,2.0451222207740827,5.6033333333333335,72.93041666666667,5.125,22.5375,3.2751535251098427,4.063965021384111,13.196216830317713,5.571244536091249,6.344590150905661,50,3.0119984844307854,3011.9984844307855,150599.9242215393,1,passes
AMLF_powerVel_linearK600_ID_powerVel_freewaterK600,ID,2023-09-08,3.952061278543662,-14.731936732560383,-10.779875454016722,24,1.9837949450533918,0.1492651073991782,1279192.0324562178,1.3866175602720712,5.5183333333333335,72.23291666666667,5.05,22.308333333333334,3.404900507164272,3.9785739924537515,9.368511719462113,5.605277750725995,9.300693752038267,50,3.0119984844307854,3011.9984844307855,150599.9242215393,0,too fast
AMLF_powerVel_linearK600_ID_powerVel_freewaterK600,ID,2023-09-09,-0.5588966520088736,-18.567230541860145,-19.126127193869017,24,1.9786121619150423,0.14966977630288297,1279310.27002011,1.9291724460268076,5.48375,72.11875,5.070833333333333,22.2375,3.4229797145131844,3.5081444126098944,13.071208009544405,5.590116725519729,6.703117027822921,50,3.0119984844307854,3011.9984844307855,150599.9242215393,1,passes
AMLF_powerVel_linearK600_ID_powerVel_freewaterK600,ID,2023-09-10,0.8846015219394163,-21.281298374276812,-20.396696852337396,24,1.9736089979285185,0.15006222393745886,1279424.6778207328,2.168709183272306,5.585416666666666,72.53833333333333,5.1125,22.379166666666666,3.3208615532137276,4.018001476932815,14.216349903101513,5.575482306998377,5.978383938335773,50,3.0119984844307854,3011.9984844307855,150599.9242215393,1,passes
AMLF_powerVel_linearK600_ID_powerVel_freewaterK600,ID,2023-09-11,1.8906284352401683,-17.270241791625033,-15.379613356384864,24,1.9665157415628576,0.1506237915492058,1279587.6450293243,1.7621537610930682,5.524166666666667,72.685,5.054166666666667,22.441666666666666,3.3686195917998396,3.9937731399785954,11.683579818171028,5.5547376304175495,7.385221356494356,50,3.0119984844307854,3011.9984844307855,150599.9242215393,1,passes
AMLF_powerVel_linearK600_ID_powerVel_freewaterK600,ID,2023-09-12,-4.757595228345707,-27.496462966185156,-32.25405819453086,24,1.9484990788123824,0.1520682063238899,1280004.2295811754,3.0141049739317896,5.494583333333333,72.70916666666666,5.054166666666666,22.466666666666665,3.3806295765782215,3.7441466543134565,19.87117575157889,5.502058232007476,4.359069488294943,50,3.0119984844307854,3011.9984844307855,150599.9242215393,1,passes
AMLF_powerVel_linearK600_ID_powerVel_freewaterK600,ID,2023-09-13,-0.803490245652005,-23.25741342846295,-24.060903674114954,24,1.924947920946047,0.1539948535140515,1280554.404740954,2.562785935010149,5.537083333333333,72.70625,4.975,22.420833333333334,3.402768930364858,4.7797527971378795,16.810204634195358,5.433220495270105,5.191676433779617,50,3.0119984844307854,3011.9984844307855,150599.9242215393,1,passes
AMLF_powerVel_linearK600_ID_powerVel_freewaterK600,ID,2023-09-14,0.6817227174117744,-22.194834560149477,-21.513111842737704,24,1.8885480706379036,0.15707463895142917,1281419.4177701988,2.4055172779472995,5.57875,72.88208333333333,5.066666666666666,22.525,3.319383246214776,4.357490297205458,15.114046218574309,5.326889357102312,5.641717450886172,50,3.0119984844307854,3011.9984844307855,150599.9242215393,1,passes
AMLF_powerVel_linearK600_ID_powerVel_freewaterK600,ID,2023-09-15,-0.21771978987338572,-24.159741536603534,-24.37746132647692,24,1.840407107520968,0.16133548217442134,1282589.9270916143,2.7487514362000027,5.628333333333333,72.82958333333333,5.108333333333333,22.525,3.276111572937291,4.429232482152648,16.61796314539111,5.186369749286236,5.071169941484572,50,3.0119984844307854,3011.9984844307855,150599.9242215393,1,passes
AMLF_powerVel_linearK600_ID_powerVel_freewaterK600,ID,2023-09-16,-1.3941421820570272,-26.245697998402758,-27.639840180459785,24,1.7821971633295384,0.1667972461804752,1284047.878077058,3.210664146216238,5.680416666666667,72.47458333333333,5.0875,22.366666666666667,3.2893909419793523,5.056005273650953,18.875925363880846,5.01663140657174,4.488567291280443,50,3.0119984844307854,3011.9984844307855,150599.9242215393,1,passes
AMLF_powerVel_linearK600_ID_powerVel_freewaterK600,ID,2023-09-17,0.4953857730653252,-22.388151794953984,-21.892766021888658,24,1.7337275939113497,0.17161566938716288,1285298.117791536,2.7376089481082104,5.622916666666667,72.6125,5.054166666666667,22.416666666666668,3.324539154596549,4.854436645794073,15.800819656738403,4.8754376805366535,5.416257075466271,50,3.0119984844307854,3011.9984844307855,150599.9242215393,1,passes
AMLF_powerVel_linearK600_ID_powerVel_freewaterK600,ID,2023-09-18,3.092467607576124,-21.94479085716804,-18.852323249591915,24,1.6892309781395152,0.17630664118046624,1286480.687103435,2.8242017752187127,5.821666666666667,72.45458333333333,5.1375,22.404166666666665,3.1919080426680013,5.845188191692307,15.271349816488264,4.745949483974538,5.3936988255071165,50,3.0119984844307854,3011.9984844307855,150599.9242215393,1,passes
AMLF_powerVel_linearK600_ID_powerVel_freewaterK600,ID,2023-09-19,-4.04525240141353,-32.912296065574516,-36.957548466988044,24,1.6400025685827557,0.18178818820389905,1287825.893699857,4.569926092840416,5.886666666666667,71.94833333333334,5.308333333333334,22.166666666666668,3.11802666679156,4.946318970845601,23.425093204339625,4.6028272142832805,3.4369263619873065,50,3.0119984844307854,3011.9984844307855,150599.9242215393,1,passes
AMLF_powerVel_linearK600_ID_powerVel_freewaterK600,ID,2023-10-03,4.658820946968193,-22.33220685463462,-17.67338590766643,24,1.3311233308597015,0.22561887493487298,1297356.7668520748,4.33209902318847,6.29,71.81208333333333,5.375,22.104166666666668,2.893851970598317,7.8833030275879326,16.719995981421146,3.708476292264287,4.499774979756956,50,3.0119984844307854,3011.9984844307855,150599.9242215393,1,passes
AMLF_powerVel_linearK600_ID_powerVel_freewaterK600,ID,2023-10-04,4.637873402999125,-22.267331188223725,-17.629457785224602,24,1.3120139007992913,0.22902165602671057,1298019.8415175006,4.203836848126804,6.174166666666666,72.11125,5.295833333333333,22.241666666666667,2.965576116779717,7.571021657300222,16.385750549912522,3.653370481356291,4.707002625357577,50,3.0119984844307854,3011.9984844307855,150599.9242215393,1,passes
AMLF_powerVel_linearK600_ID_powerVel_freewaterK600,ID,2023-10-05,2.9830394433833387,-22.612500405188893,-19.629460961805556,24,1.2948288936371588,0.2321671102288602,1298624.5470484977,4.411880010353549,6.114166666666667,72.09708333333333,5.25,22.2375,3.0195470471432517,7.452470792430331,17.267201273333107,3.6038378049540993,4.546641857144719,50,3.0119984844307854,3011.9984844307855,150599.9242215393,1,passes
AMLF_powerVel_linearK600_ID_powerVel_freewaterK600,ID,2023-10-06,3.0321811345671774,-22.255096061048445,-19.222914926481266,24,1.2817666431235863,0.23461450934593583,1299089.6831047265,4.36139736716678,6.1066666666666665,71.87416666666667,5.25,22.175,3.0383106661505552,7.390131719971669,17.001589183212303,3.5662035271784895,4.647752062238016,50,3.0119984844307854,3011.9984844307855,150599.9242215393,1,passes
AMLF_powerVel_linearK600_ID_powerVel_freewaterK600,ID,2023-10-07,3.9195757637340782,-21.91562043318685,-17.996044669452772,24,1.2677411504049696,0.23730094622271425,1299594.7520544135,4.484071519814855,6.1745833333333335,71.97916666666667,5.2375,22.208333333333332,3.003187302327236,8.086876379415958,17.084898714142344,3.5258094767863115,4.572362787489406,50,3.0119984844307854,3011.9984844307855,150599.9242215393,1,passes
AMLF_powerVel_linearK600_ID_powerVel_freewaterK600,ID,2023-10-08,4.229466270032417,-20.03251405597113,-15.803047785938713,24,1.2435791334597577,0.24209399201867127,1300480.4731195422,4.434595731700309,6.42,70.45375,5.495833333333334,21.620833333333334,2.8728800754061266,7.981509145647878,15.883033038617233,3.4562639871750243,4.71675935663999,50,3.0119984844307854,3011.9984844307855,150599.9242215393,1,passes
AMLF_powerVel_linearK600_ID_powerVel_freewaterK600,ID,2023-10-09,4.32645889699116,-19.05500662356098,-14.728547726569822,24,1.2160987875143534,0.24775072130069356,1301506.952881633,4.453814755180265,6.51125,69.93,5.583333333333333,21.316666666666666,2.8352501050142265,8.02017978621704,15.38445364950195,3.3772180443454176,4.806141139005128,50,3.0119984844307854,3011.9984844307855,150599.9242215393,1,passes
AMLF_powerVel_linearK600_ID_powerVel_freewaterK600,ID,2023-10-10,3.6682289160535224,-19.92634508468248,-16.25811616862896,24,1.1968314536152214,0.25188138811402055,1302241.703488402,4.69493672362736,6.466666666666667,70.495,5.566666666666666,21.46666666666667,2.827050542816269,7.78327003639511,15.912328120709589,3.321835638131457,4.635323799686353,50,3.0119984844307854,3011.9984844307855,150599.9242215393,1,passes
AMLF_powerVel_linearK600_ID_powerVel_freewaterK600,ID,2023-10-12,4.1682551895626085,-7.2917505526095905,-3.123495363046982,24,1.2459003782265514,0.2416583678426065,1300397.663102139,1.937268399363102,5.701666666666666,71.63041666666666,4.925,22.008333333333333,3.4287959245247333,6.7050114250395785,8.26675910656307,3.4629511836151905,10.777692439759765,50,3.0119984844307854,3011.9984844307855,150599.9242215393,0,too fast
AMLF_powerVel_linearK600_ID_powerVel_freewaterK600,ID,2023-10-13,2.1279040119154864,-21.280557856257612,-19.152653844342126,24,1.2372227623502652,0.2433690123140987,1300714.8085386911,4.387693860747583,5.979583333333333,72.30375,5.1125,22.316666666666666,3.1393170505082293,7.489564816862745,17.06589173903381,3.4379720123116684,4.79228572714403,50,3.0119984844307854,3011.9984844307855,150599.9242215393,1,passes
AMLF_powerVel_linearK600_ID_powerVel_freewaterK600,ID,2023-10-14,1.444756721196897,-19.476261978052538,-18.03150525685564,24,1.2335765933159528,0.24411767754739483,1300850.83652061,4.197677187879207,5.982083333333334,71.7175,5.125,22.1125,3.175590707736933,7.404013125965655,16.419765754393477,3.427483550165396,5.0246282398745175,50,3.0119984844307854,3011.9984844307855,150599.9242215393,1,passes
AMLF_powerVel_linearK600_ID_powerVel_freewaterK600,ID,2023-10-15,0.6033390232485383,-20.973963904177594,-20.370624880929057,24,1.2803760930182544,0.2349193467759112,1299143.4566362598,4.437924644025171,6.092083333333333,71.16916666666667,5.229166666666667,21.9125,3.1112840795299213,7.445044495957146,17.630356936421673,3.5622088291597946,4.573541281005043,50,3.0119984844307854,3011.9984844307855,150599.9242215393,1,passes
AMLF_powerVel_linearK600_ID_powerVel_freewaterK600,ID,2023-10-16,-0.1482487059161363,-20.359195699978926,-20.50744440589506,24,1.328610484423352,0.2260668110293258,1297444.0100861257,4.398154506652268,6.243333333333333,70.15625,5.366666666666666,21.475,3.0521527001920195,7.553257366443952,17.806979569391483,3.7012301562412406,4.440992794453009,50,3.0119984844307854,3011.9984844307855,150599.9242215393,1,passes
AMLF_powerVel_linearK600_ID_powerVel_freewaterK600,ID,2023-10-17,0.7988334918610425,-20.306252237074794,-19.50741874521375,24,1.3532518206300752,0.22179683001886516,1296600.75135603,4.543905127162793,6.402916666666667,69.7625,5.554166666666667,21.229166666666668,2.9197828676433537,7.307820308576837,17.94090825322271,3.7723219454901815,4.2173517222168435,50,3.0119984844307854,3011.9984844307855,150599.9242215393,1,passes
AMLF_powerVel_linearK600_ID_powerVel_freewaterK600,ID,2023-10-18,-0.32703890755004233,-20.4842753316083,-20.811314239158342,24,1.371678198991353,0.2187120138120029,1295981.1286045208,4.525789302009431,6.3425,70.00041666666667,5.525,21.308333333333334,2.9466998313026234,7.03580418942813,18.28134616000973,3.8255149648246016,4.175341964100491,50,3.0119984844307854,3011.9984844307855,150599.9242215393,1,passes
AMLF_powerVel_linearK600_ID_powerVel_freewaterK600,ID,2023-10-19,2.9476743393720994,-16.839522281726882,-13.891847942354783,24,1.383321328909006,0.2168030785726931,1295593.737839459,3.583751133830039,6.285,70.49458333333334,5.4875,21.520833333333332,2.9519803149606645,6.861202253387158,14.631592750443675,3.85913835518497,5.226865730674101,50,3.0119984844307854,3011.9984844307855,150599.9242215393,1,passes
AMLF_powerVel_linearK600_ID_powerVel_freewaterK600,ID,2023-10-20,0.16640505487507093,-18.990074198510804,-18.823669143635733,24,1.3901606646848377,0.21570102907812455,1295368.178191177,3.755294651513255,6.0675,70.75958333333334,5.379166666666666,21.6375,3.092076509826873,5.921030863763714,16.131052071139326,3.8788951487989904,4.962744775523823,50,3.0119984844307854,3011.9984844307855,150599.9242215393,1,passes
AMLF_powerVel_linearK600_ID_powerVel_freewaterK600,ID,2023-10-21,1.097385204177951,-19.952809729967598,-18.855424525789648,24,1.3938721714152218,0.21510427967209284,1295245.9085816003,3.794795403497734,5.998333333333333,71.22666666666666,5.266666666666667,21.9125,3.1367190529660327,6.292755873621224,16.597559592105444,3.889616982912298,4.897499808959047,50,3.0119984844307854,3011.9984844307855,150599.9242215393,1,passes
AMLF_powerVel_linearK600_ID_powerVel_freewaterK600,ID,2023-10-22,3.7428685837405755,-19.50512144929506,-15.762252865554485,24,1.3788649805367592,0.21753141607764048,1295741.7730447408,3.886137045519073,6.3116666666666665,70.70625,5.533333333333333,21.595833333333335,2.8991617046618305,6.697915178883415,15.547707863037141,3.8462684754292087,4.836348828917257,50,3.0119984844307854,3011.9984844307855,150599.9242215393,1,passes
AMLF_powerVel_linearK600_ID_powerVel_freewaterK600,ID,2023-10-23,3.3713193240358748,-18.054772421776228,-14.683453097740353,24,1.3637373244270157,0.2200338755426187,1296247.3853962836,3.56643080976642,6.155,70.98791666666666,5.408333333333333,21.783333333333335,3.0101575132272833,6.427159655316708,14.661640026929057,3.8025890988944244,5.33051890277029,50,3.0119984844307854,3011.9984844307855,150599.9242215393,1,passes
AMLF_powerVel_linearK600_ID_powerVel_freewaterK600,ID,2023-10-24,1.5349463320800705,-19.06529957860965,-17.53035324652958,24,1.3383062762567226,0.22437066067093567,1297110.6014052352,3.846953505653805,6.064583333333333,71.11416666666666,5.3375,21.829166666666666,3.0807464762890118,6.263791920523262,15.887312123400125,3.7291985058138963,5.039214810753003,50,3.0119984844307854,3011.9984844307855,150599.9242215393,1,passes
AMLF_powerVel_linearK600_ID_powerVel_freewaterK600,ID,2023-10-25,1.3105393389522157,-20.109982785191217,-18.799443446239003,24,1.3198832531321258,0.22761018730065838,1297745.7751206104,4.083240147359382,6.0529166666666665,71.37208333333334,5.320833333333334,21.9125,3.075707406287171,6.30928030771149,16.601523786003632,3.676060450465193,4.816155668800061,50,3.0119984844307854,3011.9984844307855,150599.9242215393,1,passes
AMLF_powerVel_linearK600_ID_powerVel_freewaterK600,ID,2023-10-26,1.6498360083890022,-20.142150017608145,-18.492314009219143,24,1.3009145176278678,0.2310456063149477,1298409.6605296815,4.172838682073672,6.034583333333333,71.44791666666667,5.25,21.9625,3.1122142136691457,6.765174614658846,16.9193310370183,3.6213764300529245,4.7838754158814725,50,3.0119984844307854,3011.9984844307855,150599.9242215393,1,passes
AMLF_powerVel_linearK600_ID_powerVel_freewaterK600,ID,2023-10-27,4.4950335357816416,-18.80091710803186,-14.30588357225022,24,1.284304128783662,0.23413904142767222,1298999.3208668362,4.035058924752546,6.100416666666667,71.46,5.325,21.96666666666667,3.0412297490349314,6.68855263566676,15.78282364210966,3.5735143832761147,5.013461651143417,50,3.0119984844307854,3011.9984844307855,150599.9242215393,1,passes
AMLF_powerVel_linearK600_ID_powerVel_freewaterK600,ID,2023-10-28,2.9222565530730416,-19.42743350685151,-16.50517695377847,24,1.2655208607590802,0.2377382205060507,1299675.848782162,4.301159301980144,6.054583333333333,71.40375,5.270833333333333,21.9375,3.09648487715768,6.764010536915974,16.879073185465586,3.519418045506085,4.775592069390784,50,3.0119984844307854,3011.9984844307855,150599.9242215393,1,passes
AMLF_powerVel_linearK600_ID_powerVel_freewaterK600,ID,2023-10-29,2.6488461742426654,-21.468242035108673,-18.81939586086601,24,1.2449876120621541,0.2417997616925574,1300427.4553238351,4.7649665130249845,6.06875,71.57458333333334,5.279166666666667,22.025,3.06982615051355,6.818023033140081,18.237478314352362,3.460314314721108,4.384395851078968,50,3.0119984844307854,3011.9984844307855,150599.9242215393,1,passes
AMLF_powerVel_linearK600_ID_powerVel_freewaterK600,ID,2023-10-30,1.3642809273310137,-20.160184833617883,-18.79590390628687,24,1.225600820034679,0.2457554878866842,1301148.4008464417,4.568583267562791,6.0633333333333335,71.42375,5.241666666666667,21.9625,3.10366237415597,7.099133058938776,17.393937752121747,3.404540699098136,4.647671479289215,50,3.0119984844307854,3011.9984844307855,150599.9242215393,1,passes
AMLF_powerVel_linearK600_ID_powerVel_freewaterK600,ID,2023-10-31,2.327972777587257,-19.933042928502392,-17.605070150915136,24,1.2080062409526615,0.24946365406989984,1301813.5661980659,4.4810394075797495,6.076666666666667,71.33625,5.2625,21.916666666666668,3.0945160268153615,7.038550847805846,16.76862824435048,3.3539515401821793,4.809968793218151,50,3.0119984844307854,3011.9984844307855,150599.9242215393,1,passes
AMLF_powerVel_linearK600_ID_powerVel_freewaterK600,ID,2023-11-01,1.2974083425463612,-20.91340781011192,-19.61599946756556,24,1.183778502037956,0.25478682835550553,1302749.0659756893,5.106569476806822,6.32,69.75208333333333,5.4625,21.383333333333333,2.99345185601593,7.41788455850151,18.151334965311715,3.2843404084757712,4.31083569310036,50,3.0119984844307854,3011.9984844307855,150599.9242215393,1,passes
AMLF_powerVel_linearK600_ID_powerVel_freewaterK600,ID,2023-11-02,2.682651884301195,-17.02789663244389,-14.345244748142697,24,1.1389132516279763,0.2651825671545905,1304528.7710372324,4.638527564147799,6.515416666666667,69.07625,5.691666666666666,20.9125,2.855841029190398,7.135672492756645,15.129567721692371,3.155551734980375,4.939449746778862,50,3.0119984844307854,3011.9984844307855,150599.9242215393,1,passes
AMLF_powerVel_linearK600_ID_powerVel_freewaterK600,ID,2023-11-03,2.948502855968994,-18.688333763972203,-15.73983090800321,24,1.1107954422531392,0.27210837700104906,1305679.4362864746,4.808765475160255,6.341666666666667,70.175,5.55,21.34583333333333,2.9224882914877677,6.8646092227603015,15.636059535926124,3.0749236648670015,4.889022742808464,50,3.0119984844307854,3011.9984844307855,150599.9242215393,1,passes
AMLF_powerVel_linearK600_ID_powerVel_freewaterK600,ID,2023-11-04,3.74061032899653,-19.897263264917814,-16.156652935921286,24,1.0966652559167207,0.27573318834106164,1306269.794304753,5.084473216092822,6.390833333333333,70.295,5.604166666666667,21.5625,2.845673332961078,6.823747112763082,15.886984980470155,3.034433956547189,4.685509483512403,50,3.0119984844307854,3011.9984844307855,150599.9242215393,1,passes
AMLF_powerVel_linearK600_ID_powerVel_freewaterK600,ID,2023-11-05,1.6369156887985525,-18.732675741056546,-17.095760052257994,24,1.082274772698285,0.27953092941699076,1306879.7620832035,5.026470787399026,6.307916666666666,69.99791666666667,5.541666666666667,21.404166666666665,2.946777046405103,6.650280035508595,16.046893037881553,2.993218671929926,4.804856791801889,50,3.0119984844307854,3011.9984844307855,150599.9242215393,1,passes
AMLF_powerVel_linearK600_ID_powerVel_freewaterK600,ID,2023-11-06,1.9088110140083236,-18.387102008304552,-16.478290994296227,24,1.0660172466254447,0.2839459756860602,1307578.973407456,5.115076141940288,6.3566666666666665,69.95875,5.570833333333334,21.358333333333334,2.9141694414244346,6.822894589400262,15.907703129144746,2.9466791824409437,4.796200802979561,50,3.0119984844307854,3011.9984844307855,150599.9242215393,1,passes
AMLF_powerVel_linearK600_ID_powerVel_freewaterK600,ID,2023-11-07,2.163660803535692,-17.971649795920978,-15.807988992385287,24,1.0504324176400512,0.28830621811594837,1308259.481476091,4.982205799965778,6.31125,70.19166666666666,5.554166666666667,21.470833333333335,2.924246551127323,6.576952756196408,15.319918527366413,2.902088444505958,4.9997246692196144,50,3.0119984844307854,3011.9984844307855,150599.9242215393,1,passes
AMLF_powerVel_linearK600_ID_powerVel_freewaterK600,ID,2023-11-08,2.128165527921472,-18.122922214218118,-15.994756686296647,24,1.0356659657206904,0.2925597234675317,1308913.8926151341,5.08545389737038,6.303333333333334,70.20208333333333,5.541666666666667,21.475,2.933638663608606,6.619592894053218,15.460766559790692,2.8598606142314624,4.970482599530637,50,3.0119984844307854,3011.9984844307855,150599.9242215393,1,passes
AMLF_powerVel_linearK600_ID_powerVel_freewaterK600,ID,2023-11-09,3.1502239012248423,-18.305363971485427,-15.155140070260584,24,1.0217055711288483,0.29670073903381605,1309541.8830860492,5.072362178047586,6.304166666666666,70.52208333333333,5.545833333333333,21.6,2.904785347609,6.593476033110098,15.065028896269984,2.819958210396266,5.0538472910049395,50,3.0119984844307854,3011.9984844307855,150599.9242215393,1,passes
AMLF_powerVel_linearK600_ID_powerVel_freewaterK600,ID,2023-11-10,3.508045542761413,-16.780853131348824,-13.272807588587412,24,1.0103848164309845,0.3001432886663794,1310057.613853438,4.5526922514184776,6.101666666666667,71.19458333333333,5.35,21.904166666666665,3.0459901802190523,6.5383321777408225,14.020106750122455,2.7876145436742092,5.696053831157916,50,3.0119984844307854,3011.9984844307855,150599.9242215393,1,passes
AMLF_powerVel_linearK600_ID_powerVel_freewaterK600,ID,2023-11-11,2.932297457741276,-18.63099150982956,-15.698694052088284,24,0.9960953834519289,0.3046091718212189,1310717.7074219096,5.168147257182447,6.1066666666666665,71.46625,5.3125,22.03333333333333,3.038394632711037,6.911195812311088,15.659013212004014,2.7468086623203125,5.092392135068805,50,3.0119984844307854,3011.9984844307855,150599.9242215393,1,passes
AMLF_powerVel_linearK600_ID_powerVel_freewaterK600,ID,2023-11-12,1.8237355325044964,-14.991447200028112,-13.167711667523616,24,0.9774961922905658,0.31061572231071966,1311591.3248559963,4.372463552597274,5.982083333333334,70.39541666666666,5.2375,21.683333333333334,3.2178250676401783,6.484413958259326,13.76890240587666,2.6937257128127174,6.137775211803581,50,3.0119984844307854,3011.9984844307855,150599.9242215393,1,passes
AMLF_powerVel_linearK600_ID_powerVel_freewaterK600,ID,2023-11-13,5.412290052695118,-12.742794648088012,-7.330504595392894,24,0.9589039521850676,0.31685526088105664,1312481.8496506622,3.991432134836965,6.252916666666667,70.11083333333333,5.433333333333334,21.466666666666665,3.0167024802953013,7.142399763741601,11.564113923970678,2.640697972455472,6.85876487819616,50,3.0119984844307854,3011.9984844307855,150599.9242215393,1,passes
AMLF_powerVel_linearK600_ID_powerVel_freewaterK600,ID,2023-11-14,-4.251538465940682,-18.34909414878958,-22.60063261473026,24,0.9481662050366867,0.32056596136319043,1313003.892351208,5.389403361631684,5.82875,70.03708333333333,5.241666666666667,21.45,3.329520215189388,5.119585408645585,17.007299869462752,2.6100879825587295,5.139140124296467,50,3.0119984844307854,3011.9984844307855,150599.9242215393,1,passes
AMLF_powerVel_linearK600_ID_powerVel_freewaterK600,ID,2023-11-15,-1.5872502574306173,-13.462376859069998,-15.049627116500616,24,0.9501486796340981,0.31986572787840345,1312906.4287825369,4.207214678231644,5.632916666666667,70.38958333333333,4.916666666666667,21.520833333333332,3.5670193091695537,6.243699499971721,14.263309999957004,2.6157372469414844,6.568811197509431,50,3.0119984844307854,3011.9984844307855,150599.9242215393,1,passes
AMLF_powerVel_linearK600_ID_powerVel_freewaterK600,ID,2023-11-16,-4.234024500874279,-15.99532894587955,-20.229353446753827,24,0.9554940646517649,0.31801351485148077,1312646.1891555786,4.8166312260632385,5.5725,70.6225,4.9,21.71666666666667,3.5776243725994283,5.861680675204334,16.46641175045647,2.6309745541292062,5.704478170238726,50,3.0119984844307854,3011.9984844307855,150599.9242215393,1,passes
AMLF_powerVel_linearK600_ID_powerVel_freewaterK600,ID,2023-11-17,2.1319311752019856,-13.253920647441243,-11.121989472239257,24,0.9440172283109916,0.3220227409689682,1313207.246570625,4.145431573289691,5.865833333333334,70.95625,5.0875,21.770833333333336,3.316843980285442,6.78708003805868,12.98915193345511,2.5982638107337737,6.711669057327978,50,3.0119984844307854,3011.9984844307855,150599.9242215393,1,passes
AMLF_powerVel_linearK600_ID_powerVel_freewaterK600,ID,2023-11-18,2.2595819904258474,-16.289988966589814,-14.030406976163967,24,0.932523661572946,0.3261259889050191,1313775.3644693259,5.0132253907750215,6.010833333333333,71.265,5.216666666666667,21.983333333333334,3.147363295221109,6.927437805052203,14.715540083009838,2.5655177331340693,5.62059018795434,50,3.0119984844307854,3011.9984844307855,150599.9242215393,1,passes
AMLF_powerVel_linearK600_ID_powerVel_freewaterK600,ID,2023-11-19,1.9367013377841125,-15.481884636234389,-13.545183298450276,24,0.9193803493090622,0.3309574090735038,1314434.7641679263,5.064926251147107,6.119166666666667,70.60791666666667,5.325,21.675,3.0968789106801196,6.93146353907598,14.429829603885223,2.5280904131225435,5.64563405784528,50,3.0119984844307854,3011.9984844307855,150599.9242215393,1,passes
AMLF_powerVel_linearK600_ID_powerVel_freewaterK600,ID,2023-11-20,2.837180090038173,-15.723730911076288,-12.886550821038115,24,0.9082435755960389,0.3351578411241876,1315000.8491205238,5.20308799801455,6.194166666666667,70.78,5.3875,21.729166666666668,3.015361521451707,7.043927410996839,14.260574113229,2.4963911242144152,5.565471405476858,50,3.0119984844307854,3011.9984844307855,150599.9242215393,1,passes
AMLF_powerVel_linearK600_ID_powerVel_freewaterK600,ID,2023-11-21,3.7999247049571636,-15.354414120360302,-11.554489415403138,24,0.9033576172291932,0.337031724239499,1315251.3264987003,4.8440763719635,6.07,71.19958333333334,5.270833333333333,21.925,3.098699003494548,6.979645072941358,13.554987231697822,2.4824879631992696,6.011371154846055,50,3.0119984844307854,3011.9984844307855,150599.9242215393,1,passes
AMLF_powerVel_linearK600_ID_powerVel_freewaterK600,ID,2023-11-22,2.181682769013906,-12.342399836570054,-10.16071706755615,24,0.9124884754741718,0.3335547998029707,1314784.9411007536,4.260839135393003,5.88,70.87583333333333,5.054166666666667,21.9,3.319214131004839,7.208862109268847,12.894390751612919,2.5084733775431287,6.763722775541608,50,3.0119984844307854,3011.9984844307855,150599.9242215393,1,passes
AMLF_powerVel_linearK600_ID_powerVel_freewaterK600,ID,2023-11-23,4.088602220661483,-14.180599857449202,-10.09199763678772,24,0.9040945495379987,0.33675619446125393,1315214.0291081476,4.970923880965839,6.4525,69.21666666666667,5.625,21.091666666666665,2.8971538705784265,7.226871147555277,13.03408671920375,2.484585837698353,5.853184618831682,50,3.0119984844307854,3011.9984844307855,150599.9242215393,1,passes
AMLF_powerVel_linearK600_ID_powerVel_freewaterK600,ID,2023-11-24,5.206045390283125,-12.401644182545425,-7.1955987922623,24,0.8957399319643162,0.34000121368884134,1315645.0908172373,4.249195691430975,6.302083333333333,69.5675,5.483333333333333,21.208333333333332,3.0156420293608894,7.152282135949167,11.483735264281506,2.4608177035292442,6.913333015459,50,3.0119984844307854,3011.9984844307855,150599.9242215393,1,passes
AMLF_powerVel_linearK600_ID_powerVel_freewaterK600,ID,2023-11-25,3.4353552648969323,-14.686631749145935,-11.251276484249003,24,0.8892075362556763,0.34259294831515014,1315985.7962628836,5.079791315018045,6.344166666666666,69.78541666666666,5.55,21.266666666666666,2.9464214077303343,6.939419131374684,13.32014016575097,2.442240480548417,5.827017075862658,50,3.0119984844307854,3011.9984844307855,150599.9242215393,1,passes
AMLF_powerVel_linearK600_ID_powerVel_freewaterK600,ID,2023-11-26,-5.82116798263561,-11.710641941479908,-17.531809924115517,24,0.9162217453301996,0.3324521240607416,1314616.1757030431,4.163447038511325,5.53625,69.51208333333334,4.975,21.279166666666665,3.6491532210714692,4.898902330191937,13.910202040534877,2.5191398814161965,6.8990582210260385,50,3.0119984844307854,3011.9984844307855,150599.9242215393,1,passes
AMLF_powerVel_linearK600_ID_powerVel_freewaterK600,ID,2023-11-27,4.088035277037013,-14.081627608274927,-9.993592331237913,24,0.9221924172231019,0.32992418000315865,1314293.7133745886,4.942659500225198,6.332083333333333,69.74125000000001,5.4125,21.3125,3.0186691214859684,8.024367793231537,13.778233245738491,2.5360982029462433,5.767228988963156,50,3.0119984844307854,3011.9984844307855,150599.9242215393,1,passes
AMLF_powerVel_linearK600_ID_powerVel_freewaterK600,ID,2023-11-28,3.7117037670054733,-14.698420487267265,-10.986716720261793,24,0.9084179689962293,0.33508905214115675,1314991.779270046,5.212716380225281,6.579583333333334,68.51083333333334,5.766666666666667,20.825,2.8206753562822193,7.098172403265576,13.35861927399117,2.4968871208147,5.55405128405331,50,3.0119984844307854,3011.9984844307855,150599.9242215393,1,passes
AMLF_powerVel_linearK600_ID_powerVel_freewaterK600,ID,2023-11-29,2.385605962879118,-13.55042523030052,-11.164819267421402,24,0.9108317305733271,0.33417647748548274,1314868.9346582384,5.224947842651276,6.655,68.01458333333333,5.85,20.5375,2.7920630589017477,7.028461841277966,13.274872774704486,2.5037572623769058,5.525959018969817,50,3.0119984844307854,3011.9984844307855,150599.9242215393,1,passes
AMLF_powerVel_linearK600_ID_powerVel_freewaterK600,ID,2023-12-01,4.943410453354976,-14.346135792894938,-9.402725339539963,24,0.9383446260887217,0.3240427289024988,1313487.2744687211,4.47712625138966,6.32,70.44291666666666,5.554166666666666,21.5,2.904794154912783,6.679483989800572,12.184577753164298,2.582101400096207,6.253406807209376,50,3.0119984844307854,3011.9984844307855,150599.9242215393,1,passes
AMLF_powerVel_linearK600_ID_powerVel_freewaterK600,ID,2023-12-02,0.5524215988931565,-11.147273056418086,-10.59485145752493,24,0.952053880057139,0.3192723223913583,1312818.4932717418,3.785361055491974,5.727083333333333,70.88208333333333,5.0375,21.808333333333334,3.41159543510243,6.012675966005773,12.285076249377509,2.621177857726743,7.287317708991483,50,3.0119984844307854,3011.9984844307855,150599.9242215393,1,passes
AMLF_powerVel_linearK600_ID_powerVel_freewaterK600,ID,2023-12-03,-1.0417479832027914,-14.147182879987271,-15.188930863190063,24,0.9912983483559128,0.3061366889741596,1310941.4228559537,4.267521032416238,5.6691666666666665,71.12333333333333,4.995833333333334,21.9125,3.441018853405253,5.86075203335126,14.547337039678332,2.733114371390032,6.198026846605013,50,3.0119984844307854,3011.9984844307855,150599.9242215393,1,passes
AMLF_powerVel_linearK600_ID_powerVel_freewaterK600,ID,2023-12-04,6.450359997963763,-12.434325840772072,-5.983965842808309,24,1.0165932074939863,0.2983393681794665,1309781.2062426198,3.6507969575196486,6.0720833333333335,70.93583333333333,5.275,21.9,3.109904259441712,6.933944099760697,11.499650841059504,2.805365866220834,7.0605190347858935,50,3.0119984844307854,3011.9984844307855,150599.9242215393,1,passes
AMLF_powerVel_linearK600_ID_powerVel_freewaterK600,ID,2023-12-05,3.9577298902179963,-15.24015621455864,-11.282426324340644,24,1.1151492549043753,0.2712493589172682,1305519.094503534,4.303320089359845,6.383333333333334,69.52,5.620833333333334,21.258333333333333,2.904365254435374,6.611373802365093,13.852410806600135,3.0874503928585275,5.446014733693274,50,3.0119984844307854,3011.9984844307855,150599.9242215393,1,passes
AMLF_powerVel_linearK600_ID_powerVel_freewaterK600,ID,2023-12-06,0.24784830885148282,-16.61890691588054,-16.371058607029056,24,1.2269726746159078,0.24561800996622354,1301110.466429132,4.332965597423227,6.369583333333333,68.76666666666667,5.670833333333333,20.929166666666667,2.951863996382473,6.037290006553226,15.62838224546209,3.4085215708351484,4.8976608708137155,50,3.0119984844307854,3011.9984844307855,150599.9242215393,1,passes
AMLF_powerVel_linearK600_ID_powerVel_freewaterK600,ID,2023-12-07,-0.5681431827186509,-16.825773803133455,-17.393916985852105,24,1.3090830919449958,0.22958836433691615,1298125.9371814337,4.174107044287524,6.452916666666667,68.46291666666667,5.795833333333333,20.708333333333332,2.8830487693329316,5.664001775506607,15.715762820133895,3.644931267927595,4.752258259849065,50,3.0119984844307854,3011.9984844307855,150599.9242215393,1,passes
AMLF_powerVel_linearK600_ID_powerVel_freewaterK600,ID,2023-12-08,-3.956447514815247,-22.119162974743844,-26.07561048955909,24,1.3622280338880304,0.22029314961468188,1296298.8109308511,4.680597760455013,6.175833333333333,69.44791666666667,5.633333333333333,21.120833333333334,3.017943049842348,4.669690630048401,19.221055496488663,3.798234065703782,4.066431063039742,50,3.0119984844307854,3011.9984844307855,150599.9242215393,1,passes
AMLF_powerVel_linearK600_ID_powerVel_freewaterK600,ID,2023-12-09,-1.4513137018896987,-19.47043134198613,-20.92174504387583,24,1.3930990456514043,0.2152332167373323,1295271.8617936685,3.902393072370828,5.988333333333333,70.59375,5.404166666666667,21.620833333333334,3.12798330007801,5.0243622235108125,16.98682788212343,3.8873850220686563,4.765319531178791,50,3.0119984844307854,3011.9984844307855,150599.9242215393,1,passes
AMLF_powerVel_linearK600_ID_powerVel_freewaterK600,ID,2023-12-10,-13.076220712249398,-30.10007335812416,-43.17629407037356,24,1.4187403449759215,0.211235839308409,1294440.3644022038,5.576075154844519,5.674166666666666,70.305,5.25,21.6375,3.3738332088993452,3.6472725409813984,26.654073963324407,3.961497885670151,3.2730506690517225,50,3.0119984844307854,3011.9984844307855,150599.9242215393,1,passes
AMLF_powerVel_linearK600_ID_powerVel_freewaterK600,ID,2023-12-11,-2.8317168808842075,-21.02590554616941,-23.85762242705362,24,1.4426504051916278,0.20758432355628392,1293673.0677068073,4.242455696213897,6.16375,68.78041666666667,5.4875,20.975,3.14198745101137,5.808647552811436,19.253641155112014,4.030631416901236,4.2275716800693885,50,3.0119984844307854,3011.9984844307855,150599.9242215393,1,passes
AMLF_powerVel_linearK600_ID_powerVel_freewaterK600,ID,2023-12-12,-0.21556320659229336,-17.828322509331624,-18.043885715923917,24,1.4295277052595314,0.20955346194695845,1294090.4482613786,3.84691647370066,6.448333333333333,68.4,5.829166666666667,20.666666666666668,2.8753540875372328,5.320983262526722,15.810656062383625,3.9926769381496734,4.706475754281232,50,3.0119984844307854,3011.9984844307855,150599.9242215393,1,passes
AMLF_powerVel_linearK600_ID_powerVel_freewaterK600,ID,2023-12-13,0.08427993816558622,-17.90634734977595,-17.822067411610362,24,1.4568888321392883,0.20548689588055924,1293224.4426589538,3.4681546570004733,6.332083333333333,68.88166666666667,5.733333333333333,20.933333333333334,2.933275778999237,5.141670311771768,14.802313487907847,4.071826131540279,5.119168422389618,50,3.0119984844307854,3011.9984844307855,150599.9242215393,1,passes
AMLF_powerVel_linearK600_ID_powerVel_freewaterK600,LF,2022-04-01,10.332701297980993,2.436074210258783,12.768775508239775,20,1.5838794913019407,0.01726116968297999,47242.79064261154,0.05,3.1935000000000002,73.11,2.18,22.8,5.9210390210428026,7.642932179852743,0.46888171696063424,5.04293288729668,29.82730121218942,20,0.31336877709312866,313.36877709312864,6267.375541862573,0,too fast
AMLF_powerVel_linearK600_ID_powerVel_freewaterK600,LF,2022-04-02,6.136742977511718,3.529391696322568,9.666134673834286,24,1.5891606113087673,0.017241564274725032,47346.53244401888,0.05,2.8841666666666668,72.00541666666666,2.18,22.8,6.126367668988809,5.319854383328642,0.4867870464114991,5.048665096415414,29.793423066724856,20,0.31336877709312866,313.36877709312864,6267.375541862573,0,too fast
AMLF_powerVel_linearK600_ID_powerVel_freewaterK600,LF,2022-04-03,14.113514468171731,6.6197940179806,20.733308486152332,24,1.5810187858072176,0.017271837344985042,47186.53115498625,0.05,3.6175,72.43916666666667,2.18,22.8,5.739807957345663,10.820416809767433,0.453762566691268,5.039820992126824,29.84573493213415,20,0.31336877709312866,313.36877709312864,6267.375541862573,0,too fast
AMLF_powerVel_linearK600_ID_powerVel_freewaterK600,LF,2022-04-04,12.009520514810896,5.2091454212764985,17.218665936087394,24,1.5608401079996062,0.01734772587171333,46788.834635548905,0.05,3.3945833333333333,72.66458333333333,2.18,22.8,5.841026533727094,9.065204719673082,0.4558717516293853,5.017778843846665,29.976870306320638,20,0.31336877709312866,313.36877709312864,6267.375541862573,0,too fast
AMLF_powerVel_linearK600_ID_powerVel_freewaterK600,LF,2022-04-05,8.939554215915972,1.5154617376847075,10.45501595360068,24,1.543481262211129,0.01741399409067426,46445.407985113765,0.05,2.94875,73.12041666666667,2.18,22.8,6.04295673232113,5.693895168725028,0.46638719192468747,4.998676962223376,30.091381788685116,20,0.31336877709312866,313.36877709312864,6267.375541862573,0,too fast
AMLF_powerVel_linearK600_ID_powerVel_freewaterK600,LF,2022-04-06,3.647478923263234,-2.6491539329480402,0.9983249903151936,24,1.537000018590311,0.017438993571820428,46316.84544607938,0.05,2.31375,73.32666666666667,2.18,22.8,6.351014620300259,0.9872476786198068,0.48808518346220997,4.9915085970445645,30.134580892105696,20,0.31336877709312866,313.36877709312864,6267.375541862573,0,too fast
AMLF_powerVel_linearK600_ID_powerVel_freewaterK600,LF,2022-04-07,5.58908682593857,-1.8802554915397496,3.7088313343988206,24,1.533877596063341,0.017451099017502216,46254.82829642112,0.05,2.4966666666666666,73.30250000000001,2.18,22.8,6.260662444782493,2.3345898851571767,0.48017421795776616,4.988046473431715,30.15549910224383,20,0.31336877709312866,313.36877709312864,6267.375541862573,0,too fast
AMLF_powerVel_linearK600_ID_powerVel_freewaterK600,LF,2022-04-08,15.454124881896748,4.819261541313243,20.273386423209992,24,1.5243268910168857,0.01748835208245992,46064.840377995366,0.05,3.6195833333333334,72.30833333333334,2.18,22.8,5.744696447657331,10.574583568761255,0.4378903571562603,4.977425083849493,30.21987239849074,20,0.31336877709312866,313.36877709312864,6267.375541862573,0,too fast
AMLF_powerVel_linearK600_ID_powerVel_freewaterK600,LF,2022-04-09,17.377375236944054,6.9217664073161105,24.299141644260164,24,1.505552723261398,0.017562486336268265,45690.207243034114,0.05,3.9058333333333333,71.94583333333333,2.18,22.8,5.618387943580234,12.572583328641914,0.4230125065118308,4.956420018185403,30.34797638907156,20,0.31336877709312866,313.36877709312864,6267.375541862573,0,too fast
AMLF_powerVel_linearK600_ID_powerVel_freewaterK600,LF,2022-04-10,15.529665205155345,9.55631302337956,25.085978228534906,24,1.4866564909939137,0.017638288400227818,45311.622985287446,0.05,3.9725,71.98541666666667,2.18,22.8,5.583429348810085,12.958037942970888,0.41504882870343585,4.935113994702625,30.47896235559367,20,0.31336877709312866,313.36877709312864,6267.375541862573,0,too fast
AMLF_powerVel_linearK600_ID_powerVel_freewaterK600,LF,2022-04-11,13.006699949276133,6.936073723463867,19.94277367274,24,1.4811273388700799,0.01766069428178317,45200.56084091153,0.05,3.6216666666666666,72.38625,2.18,22.8,5.740296884702648,10.396497665244945,0.4251108288749456,4.928848605221663,30.517679718921315,20,0.31336877709312866,313.36877709312864,6267.375541862573,0,too fast
AMLF_powerVel_linearK600_ID_powerVel_freewaterK600,LF,2022-04-12,10.553129751470765,3.669912688201888,14.223042439672653,24,1.4918966073632434,0.01761713796571807,45416.77298108792,0.05,3.2220833333333334,72.85625,2.18,22.8,5.91845003030355,7.552989727745088,0.44146850790876224,4.941040279664459,30.442414404760825,20,0.31336877709312866,313.36877709312864,6267.375541862573,0,too fast
AMLF_powerVel_linearK600_ID_powerVel_freewaterK600,LF,2022-04-13,11.467133071701488,2.416195686083572,13.88332875778506,23,1.510613532129485,0.01754237910108639,45791.35267648869,0.05,3.163913043478261,72.87260869565218,2.18,22.8,5.946679812944167,7.194015273034114,0.44911040252458256,4.962099356882633,30.313231086677284,20,0.31336877709312866,313.36877709312864,6267.375541862573,0,too fast
AMLF_powerVel_linearK600_ID_powerVel_freewaterK600,LF,2022-04-14,8.237539108949328,-0.011534391128481813,8.226004717820846,24,1.5294892603032368,0.017468195470874512,46167.55964548119,0.05,2.80125,73.05625,2.18,22.8,6.119567359206504,4.580953420672612,0.4679510617621892,4.9831690504006,30.185041773671156,20,0.31336877709312866,313.36877709312864,6267.375541862573,0,too fast
AMLF_powerVel_linearK600_ID_powerVel_freewaterK600,LF,2022-04-15,7.891827777562026,-0.9103501464811803,6.981477631080845,24,1.5404086794096534,0.017425822836058993,46384.48983882883,0.05,2.7154166666666666,73.17625,2.18,22.8,6.157033412937603,3.9649365086579866,0.47419769311756393,4.995281851206337,30.11182186070994,20,0.31336877709312866,313.36877709312864,6267.375541862573,0,too fast
AMLF_powerVel_linearK600_ID_powerVel_freewaterK600,LF,2022-04-16,8.038883050693192,-0.8071264156038809,7.231756635089312,23,1.5433519064786425,0.017414473123773366,46442.86817424698,0.05,2.706086956521739,73.22652173913043,2.18,22.8,6.159470488635461,3.898881484868995,0.47530772093949264,4.998536701606735,30.092209557880377,20,0.31336877709312866,313.36877709312864,6267.375541862573,0,too fast
AMLF_powerVel_linearK600_ID_powerVel_freewaterK600,LF,2022-04-17,7.557747672784566,-2.098211400484861,5.4595362722997045,24,1.543607353368627,0.017413489769088342,46447.93268465617,0.05,2.6129166666666666,73.30625,2.18,22.8,6.202364882729181,3.208468194879358,0.47870005872950516,4.998818954761907,30.090510320984656,20,0.31336877709312866,313.36877709312864,6267.375541862573,0,too fast
AMLF_powerVel_linearK600_ID_powerVel_freewaterK600,LF,2022-04-18,9.986348374542315,0.9801745197195746,10.966522894261889,24,1.538334749935925,0.01743385046489645,46343.31451571655,0.05,2.582173913043478,73.2004347826087,1.8,22.91,6.403535736028415,5.780046802059382,0.492571743076758,4.992984100363763,30.125693603341062,20,0.31336877709312866,313.36877709312864,6267.375541862573,0,too fast
AMLF_powerVel_linearK600_ID_powerVel_freewaterK600,LF,2022-04-19,16.023083955301118,4.845610326127227,20.868694281428347,24,1.5135221575700828,0.01753103115669343,45849.217135295665,0.05,3.2916666666666665,72.6,1.8,22.91,6.0762785168477045,10.894319772460088,0.45997263174591685,4.965334503578169,30.29362183876625,20,0.31336877709312866,313.36877709312864,6267.375541862573,0,too fast
AMLF_powerVel_linearK600_ID_powerVel_freewaterK600,LF,2022-04-20,15.423037208355748,8.1626873243943,23.58572453275005,24,1.4663897470026845,0.017721494131196402,44903.182720146055,0.05,3.5079166666666666,72.38958333333333,1.8,22.91,5.9779795706168235,12.23122678547577,0.4383645191007453,4.912001261994044,30.62274185870738,20,0.31336877709312866,313.36877709312864,6267.375541862573,0,too fast
AMLF_powerVel_linearK600_ID_powerVel_freewaterK600,LF,2022-04-21,13.216297166072415,5.214287474085394,18.43058464015781,24,1.4158414963787715,0.017934793388379864,43877.36389884429,0.05,3.2270833333333333,72.77416666666666,1.8,22.91,6.100590191979399,9.980673411680193,0.4319640211018303,4.853574461352652,30.991322975120408,20,0.31336877709312866,313.36877709312864,6267.375541862573,0,too fast
AMLF_powerVel_linearK600_ID_powerVel_freewaterK600,LF,2022-04-22,12.27490343938601,4.335619778462236,16.610523217848247,23,1.3707914750373722,0.018133687072608335,42952.54170343853,0.05,3.150434782608696,72.91217391304347,1.8,22.91,6.1326349242292295,9.243467143049955,0.42042616493515095,4.800332608760463,31.335011261467198,20,0.31336877709312866,313.36877709312864,6267.375541862573,0,too fast
AMLF_powerVel_linearK600_ID_powerVel_freewaterK600,LF,2022-04-23,11.478233462958503,3.634744602785818,15.112978065744322,23,1.324952534648479,0.01834532019784776,42000.75734001089,0.05,3.066086956521739,72.96347826086956,1.8,22.91,6.172513737180212,8.4770016221269,0.4089807070695643,4.744954992888765,31.70071330188093,20,0.31336877709312866,313.36877709312864,6267.375541862573,0,too fast
AMLF_powerVel_linearK600_ID_powerVel_freewaterK600,LF,2022-04-24,9.982634468245108,3.2012941700034827,13.18392863824859,24,1.288031047578078,0.01852293432784918,41226.0694447112,0.05,2.9070833333333335,73.03208333333333,1.8,22.91,6.248784405235513,7.276997880383847,0.4024777154994848,4.699440317418922,32.00763051852338,20,0.31336877709312866,313.36877709312864,6267.375541862573,0,too fast
AMLF_powerVel_linearK600_ID_powerVel_freewaterK600,LF,2022-04-25,9.393664249569868,2.2682852381932963,11.661949487763165,24,1.2585296345998074,0.01866988452598882,40601.555705347346,0.05,2.807916666666667,73.12791666666666,1.8,22.91,6.29398091724308,6.523969114741867,0.39610357871959334,4.662444612199471,32.261560460908676,20,0.31336877709312866,313.36877709312864,6267.375541862573,0,too fast
AMLF_powerVel_linearK600_ID_powerVel_freewaterK600,LF,2022-04-26,9.61727310830907,2.6631229161310754,12.280396024440144,24,1.2280711781714868,0.01882668613111965,39951.354568227085,0.05,2.87,73.1075,1.8,22.91,6.263901600313602,6.8146303326019,0.3846760623744109,4.6236253158446505,32.532513634574755,20,0.31336877709312866,313.36877709312864,6267.375541862573,0,too fast
AMLF_powerVel_linearK600_ID_powerVel_freewaterK600,LF,2022-04-27,9.625117853017217,2.285537773909884,11.9106556269271,24,1.1886155491346189,0.019037836744513925,39100.75144154667,0.05,2.8645833333333335,73.07833333333333,1.8,22.91,6.267907874762166,6.633713485356014,0.37256983526299203,4.572372917860145,32.89738189452006,20,0.31336877709312866,313.36877709312864,6267.375541862573,0,too fast
AMLF_powerVel_linearK600_ID_powerVel_freewaterK600,LF,2022-04-28,10.551755057897806,2.3965111122492857,12.948266170147091,24,1.1398282582204635,0.01931225300433675,38035.58863479498,0.05,2.9845833333333336,72.20458333333333,1.8,22.91,6.248453821959909,7.170157085222757,0.35622216908052345,4.50743151104177,33.37157319149391,20,0.31336877709312866,313.36877709312864,6267.375541862573,0,too fast
AMLF_powerVel_linearK600_ID_powerVel_freewaterK600,LF,2022-04-29,12.368066807916652,4.167662891159807,16.53572969907646,24,1.090472513081893,0.019605990034574205,36942.43422747374,0.05,2.940909090909091,67.70636363636363,1.8,22.91,6.496256849988104,6.762516153134978,0.3583794664960313,4.439886373709274,33.87915077974422,20,0.31336877709312866,313.36877709312864,6267.375541862573,0,too fast
AMLF_powerVel_linearK600_ID_powerVel_freewaterK600,LF,2022-05-02,5.345403326053827,-0.39579151899018866,4.949611807063638,24,0.9781650785820659,0.020346579821496975,34389.58738232201,0.21060890356308834,2.9433333333333334,73.74166666666667,1.943,22.86,6.1316342740049095,5.463611203827589,1.553506589034766,4.278275479445977,9.065437578374315,20,0.31336877709312866,313.36877709312864,6267.375541862573,0,too fast
AMLF_powerVel_linearK600_ID_powerVel_freewaterK600,LF,2022-05-03,4.661894860824337,-0.9155142876039988,3.7463805732203386,24,0.9394349408573763,0.02062895326575215,33486.31090174812,0.40493216584997105,2.7808333333333333,73.24416666666667,1.943,22.86,6.234845028327842,4.468345707621181,2.362763373159831,4.219713522252583,4.483865358892191,20,0.31336877709312866,313.36877709312864,6267.375541862573,0,too fast
AMLF_powerVel_linearK600_ID_powerVel_freewaterK600,LF,2022-05-04,3.6346118620467207,-1.9153799287751117,1.719231933271609,24,0.8983215099301675,0.020946706323155366,32513.12995155534,0.6112132815633461,2.8112500000000002,73.28291666666667,1.943,22.86,6.21790160697394,4.493016938759516,3.4021513141728015,4.155741955065213,2.9949725143250028,20,0.31336877709312866,313.36877709312864,6267.375541862573,0,too fast
AMLF_powerVel_linearK600_ID_powerVel_freewaterK600,LF,2022-05-05,2.810707165807464,-2.2085840891423674,0.6021230766650967,24,0.8547973664676876,0.021304356068853676,31466.703554056083,0.8295898235212591,2.9154166666666668,73.29166666666667,1.943,22.86,6.165422297304864,4.8747543003152405,4.364555626359782,4.085949744891513,2.227951730449296,20,0.31336877709312866,313.36877709312864,6267.375541862573,0,too fast
AMLF_powerVel_linearK600_ID_powerVel_freewaterK600,LF,2022-05-06,2.3812759672505557,-2.7981570156130653,-0.4168810483625096,24,0.8338125650872523,0.02148498917558479,30956.16035056094,0.9348782449484028,2.9183333333333334,73.15208333333334,1.943,22.86,6.170230160921599,4.816861293582701,4.809492110144638,4.051521608892077,1.9856658985914963,20,0.31336877709312866,313.36877709312864,6267.375541862573,0,too fast
AMLF_powerVel_linearK600_ID_powerVel_freewaterK600,LF,2022-05-07,2.2079670281373933,-3.3738828909455956,-1.1659158628082023,24,0.8295635593276645,0.021522587323849717,30852.05525267046,0.9561970604545128,2.8691666666666666,73.26791666666666,1.943,22.86,6.189596444613015,4.558569494710076,4.908950346152386,4.044455264266858,1.945583058258628,20,0.31336877709312866,313.36877709312864,6267.375541862573,0,too fast
AMLF_powerVel_linearK600_ID_powerVel_freewaterK600,LF,2022-05-08,1.4033271922407444,-2.9624781936288427,-1.5591510013880983,24,0.789790770661573,0.021888807539692794,29867.742193194157,1.1557516837502293,2.99125,73.16041666666666,1.943,22.86,6.1334955601578764,4.987572791204878,5.58523973415436,3.977012060611312,1.6451465789243893,20,0.31336877709312866,313.36877709312864,6267.375541862573,0,too fast
AMLF_powerVel_linearK600_ID_powerVel_freewaterK600,LF,2022-05-09,0.8633519844382483,-3.4727079915201133,-2.609356007081865,24,0.7219766155423253,0.022570387627902512,28151.86720617453,1.4960000956116808,3.149583333333333,73.04333333333334,1.943,22.86,6.059610269566906,5.405994981221932,6.530003819097932,3.856984022457166,1.3079848307131596,20,0.31336877709312866,313.36877709312864,6267.375541862573,0,too fast
AMLF_powerVel_linearK600_ID_powerVel_freewaterK600,LF,2022-05-10,0.7308737277064872,-3.05467995820715,-2.3238062305006633,24,0.6720311113062266,0.023126903490700998,26854.44492097288,1.7465949524829218,3.34375,72.93208333333334,1.943,22.86,5.9676655878268265,5.9958144239653945,6.999986135635991,3.7639813390974357,1.144861588330729,20,0.31336877709312866,313.36877709312864,6267.375541862573,0,too fast
AMLF_powerVel_linearK600_ID_powerVel_freewaterK600,LF,2022-05-11,0.5832882961298947,-3.034741360597099,-2.4514530644672043,24,0.6499923637679378,0.023390345354603118,26271.559556403776,1.8571714071498313,3.3979166666666667,72.91708333333334,1.943,22.86,5.941307464028229,6.096343151799317,7.1713184483359615,3.7214957936145185,1.088225215044243,20,0.31336877709312866,313.36877709312864,6267.375541862573,0,too fast
AMLF_powerVel_linearK600_ID_powerVel_freewaterK600,LF,2022-05-12,-0.10792989800867478,-3.7278972358326725,-3.8358271338413474,24,0.656058876303798,0.023316815871205484,26432.57927568665,1.8267334955923638,3.234583333333333,73.00750000000001,1.943,22.86,6.018806264587964,5.444202419693736,7.211284014205077,3.7332709776717747,1.1031513266189512,20,0.31336877709312866,313.36877709312864,6267.375541862573,0,too fast
AMLF_powerVel_linearK600_ID_powerVel_freewaterK600,LF,2022-05-13,-0.07673460244300821,-4.682699450117033,-4.759434052560041,24,0.6858829358147369,0.022966218462959678,27218.01523098282,1.677095284130253,3.055,73.06208333333333,1.943,22.86,6.106078569076052,4.8345069604125745,7.022308784706177,3.7902937109752655,1.1839175452770303,20,0.31336877709312866,313.36877709312864,6267.375541862573,0,too fast
AMLF_powerVel_linearK600_ID_powerVel_freewaterK600,LF,2022-05-14,0.18239912811898934,-3.929531067050506,-3.7471319389315165,24,0.7060548787664934,0.02273932514578314,27743.33896336985,1.575885270654071,3.08875,73.05208333333333,1.943,22.86,6.089657430008778,5.073954652263125,6.776190196930155,3.8280359311332517,1.2467508549592219,20,0.31336877709312866,313.36877709312864,6267.375541862573,0,too fast
AMLF_powerVel_linearK600_ID_powerVel_freewaterK600,LF,2022-05-15,0.15372949831060267,-4.155337706698201,-4.001608208387598,24,0.7047678895532474,0.02275347055207472,27710.01833002488,1.5823425661128103,3.0679166666666666,73.22125,1.943,22.86,6.0923829624092285,4.972499438050933,6.7937590753693655,3.8256550339831867,1.242422616785391,20,0.31336877709312866,313.36877709312864,6267.375541862573,0,too fast
AMLF_powerVel_linearK600_ID_powerVel_freewaterK600,LF,2022-05-16,0.21120428167082927,-3.741016613335393,-3.5298123316645635,24,0.704431871905855,0.022757156053740044,27701.323309308893,1.5840284895115706,3.0765217391304347,73.16565217391305,1.914,22.8,6.110035258596514,5.138937860312982,6.81792618060165,3.8250340454036684,1.241284408511849,20,0.31336877709312866,313.36877709312864,6267.375541862573,0,too fast
AMLF_powerVel_linearK600_ID_powerVel_freewaterK600,LF,2022-05-17,0.12393545545546993,-4.347498726105198,-4.223563270649728,24,0.7008269189806008,0.022797197161614012,27607.740090500476,1.6021158564557747,3.0375,73.28458333333333,1.914,22.8,6.124112111207341,4.950486341165414,6.875958218925249,3.8183304706130583,1.229592858436004,20,0.31336877709312866,313.36877709312864,6267.375541862573,0,too fast
AMLF_powerVel_linearK600_ID_powerVel_freewaterK600,LF,2022-05-18,0.39619935965910186,-4.617233682369902,-4.2210343227108,24,0.6730157163238959,0.023115564777992873,26880.24216030466,1.7416548290974179,3.13,73.44958333333334,1.914,22.8,6.070448043794926,5.208520013475092,7.110144131412617,3.7658451681032252,1.1476812185439862,20,0.31336877709312866,313.36877709312864,6267.375541862573,0,too fast
AMLF_powerVel_linearK600_ID_powerVel_freewaterK600,LF,2022-05-19,0.2931750354994937,-4.6980145813690735,-4.40483954586958,23,0.6376159529297057,0.023544809279868344,25940.60632193937,1.919268385647143,3.1952173913043476,73.39173913043479,1.914,22.8,6.040422880931464,5.29527156601348,7.389187216842432,3.6971252327740016,1.0602092116403252,20,0.31336877709312866,313.36877709312864,6267.375541862573,0,too fast
AMLF_powerVel_linearK600_ID_powerVel_freewaterK600,LF,2022-05-20,-0.12844820368868753,-4.727027838477757,-4.855476042166445,24,0.6286337513507789,0.023658425777628455,25699.59541064904,1.9643353752288188,3.19,73.31708333333333,1.914,22.8,6.046371653864211,5.229780217132406,7.465910753432751,3.679321311810029,1.0406144959096923,20,0.31336877709312866,313.36877709312864,6267.375541862573,0,too fast
AMLF_powerVel_linearK600_ID_powerVel_freewaterK600,LF,2022-05-21,-1.2860703591988525,-5.189787052527772,-6.475857411726625,24,0.6286620171366492,0.023658266452661534,25700.248375114577,1.9641935554459808,3.0129166666666665,73.18416666666667,1.914,22.8,6.1408293635943005,4.507058532328287,7.582332375969561,3.679362225429493,1.040760565562467,20,0.31336877709312866,313.36877709312864,6267.375541862573,0,too fast
AMLF_powerVel_linearK600_ID_powerVel_freewaterK600,LF,2022-05-22,-0.3923514169370662,-4.7898053070071605,-5.182156723944226,24,0.5957177871929887,0.024099787227914622,24803.25991560502,2.129486802830957,3.277083333333333,73.25333333333333,1.914,22.8,6.005721178661178,5.386594337637552,7.611218208770492,3.612187895625736,0.9786725047698056,20,0.31336877709312866,313.36877709312864,6267.375541862573,0.041666666666666664,too fast
AMLF_powerVel_linearK600_ID_powerVel_freewaterK600,LF,2022-05-23,-0.8703503977746441,-4.717107854034651,-5.587458251809295,24,0.5503331477615708,0.024758826817315525,23542.17427313524,2.3571981333384375,3.3220833333333335,73.32583333333334,1.914,22.8,5.979980025154345,5.280523190975802,7.75368919552545,3.5159377337810676,0.9078216327691134,20,0.31336877709312866,313.36877709312864,6267.375541862573,1,passes
AMLF_powerVel_linearK600_ID_powerVel_freewaterK600,LF,2022-05-24,-1.7677887063168978,-4.998179205299558,-6.765967911616456,24,0.5319588601635442,0.025045303386463828,23022.234523422823,2.4493886526086492,3.2683333333333335,73.38041666666666,1.9998333333333334,22.758333333333333,5.964840646335928,4.6581638030776995,7.771948550637372,3.4755787433677767,0.883453712423565,20,0.31336877709312866,313.36877709312864,6267.375541862573,1,passes
AMLF_powerVel_linearK600_ID_powerVel_freewaterK600,LF,2022-05-25,-1.4406980286083348,-5.422528533245997,-6.863226561854332,24,0.5398893593863897,0.0249196063835076,23247.594333660894,2.409598438292821,3.3429166666666665,73.39625000000001,2.12,22.7,5.871525635390061,4.537934550739828,7.637728622947189,3.493140232640365,0.8935945221372623,20,0.31336877709312866,313.36877709312864,6267.375541862573,1,passes
AMLF_powerVel_linearK600_ID_powerVel_freewaterK600,LF,2022-05-26,-1.4979733156870558,-5.55950723140455,-7.057480547091606,24,0.5616038392893805,0.02458693406054467,23859.32257833631,2.300648952917709,3.2845833333333334,73.31291666666667,2.12,22.7,5.9044428298944105,4.437510982988462,7.62779009689114,3.5404274474421493,0.9234878223367112,20,0.31336877709312866,313.36877709312864,6267.375541862573,1,passes
AMLF_powerVel_linearK600_ID_powerVel_freewaterK600,LF,2022-05-27,-2.9233449958590807,-5.297102024759878,-8.220447020618959,24,0.5765386339151088,0.0243670650865202,24275.82231543765,2.225715627508798,3.09875,73.14958333333334,2.12,22.7,6.004746661582854,3.7930059245081607,7.7054163490759064,3.5723210731198294,0.9459157996687215,20,0.31336877709312866,313.36877709312864,6267.375541862573,0,too fast
AMLF_powerVel_linearK600_ID_powerVel_freewaterK600,LF,2022-05-28,-1.534999437269689,-4.6901085314034425,-6.225107968673131,23,0.5600378094315615,0.024611150745554117,23815.0970294164,2.3085062973189423,3.352608695652174,73.3008695652174,2.12,22.7,5.871061324064635,4.680820691159041,7.587606691095579,3.5370011269141557,0.9213828744323341,20,0.31336877709312866,313.36877709312864,6267.375541862573,1,passes
AMLF_powerVel_linearK600_ID_powerVel_freewaterK600,LF,2022-05-29,-2.0321669598345493,-4.497650116407183,-6.5298170762417325,24,0.5292879822758513,0.025089061444691002,22945.69215532045,2.462789423553378,3.37125,73.31375,2.12,22.7,5.861217442124644,4.579660595371373,7.639112203777853,3.469567043111254,0.8802697825811736,20,0.31336877709312866,313.36877709312864,6267.375541862573,1,passes
AMLF_powerVel_linearK600_ID_powerVel_freewaterK600,LF,2022-05-30,-1.1431953367682073,-4.595864076191414,-5.739059412959621,24,0.519750703745159,0.02524444709718114,22672.76892987707,2.5106414371608934,3.4975,73.32291666666667,2.12,22.7,5.797654544197813,4.983594127287189,7.565401438815066,3.448159936791573,0.8687507247038047,20,0.31336877709312866,313.36877709312864,6267.375541862573,1,passes
AMLF_powerVel_linearK600_ID_powerVel_freewaterK600,LF,2022-05-31,-1.9947937051307292,-4.81595918662235,-6.810752891753079,24,0.5115677034168029,0.025382269679711893,22436.613338475883,2.551698541847797,3.37125,73.29875,2.12,22.7,5.861869425887928,4.480536121614445,7.650815444033349,3.4294904627994747,0.8595157798712623,20,0.31336877709312866,313.36877709312864,6267.375541862573,1,passes
AMLF_powerVel_linearK600_ID_powerVel_freewaterK600,LF,2022-06-01,-1.3160693606898919,-4.2163727654956045,-5.532442126185496,24,0.4867513613615616,0.025817077180204023,21713.23703557942,2.6762112038083945,3.55875,73.37125,2.12,22.7,5.7648325652215116,4.983472223436082,7.508001336128355,3.371766810105412,0.8335890236006586,20,0.31336877709312866,313.36877709312864,6267.375541862573,1,passes
AMLF_powerVel_linearK600_ID_powerVel_freewaterK600,LF,2022-06-02,-0.3706387657688192,-3.221459034345121,-3.59209780011394,23,0.48084663915938824,0.025923765181111252,21539.759753248603,2.705837354104593,3.49,73.35863636363636,1.738,23.74,5.906891419282249,6.018562718326484,7.685028878902713,3.357822339482141,0.8277917358623106,20,0.31336877709312866,313.36877709312864,6267.375541862573,1,passes
AMLF_powerVel_linearK600_ID_powerVel_freewaterK600,LF,2022-06-03,-0.7817244467173209,-3.679892827400441,-4.461617274117762,24,0.5019038022982396,0.025548057838385225,22156.416528792673,2.600185867277057,3.3741666666666665,73.47166666666666,1.738,23.74,5.959603772643009,5.787042509216738,7.7763371145520255,3.407242626519814,0.8489983231668431,20,0.31336877709312866,313.36877709312864,6267.375541862573,1,passes
AMLF_powerVel_linearK600_ID_powerVel_freewaterK600,LF,2022-06-04,-0.568668077533332,-3.7218880297382846,-4.290556107271617,24,0.5024670624811104,0.025538102436722526,22172.872668504,2.5973597849886385,3.399583333333333,73.42458333333333,1.738,23.74,5.949026975316243,5.880533137149764,7.763042861435159,3.408558530794531,0.8495753825559295,20,0.31336877709312866,313.36877709312864,6267.375541862573,1,passes
AMLF_powerVel_linearK600_ID_powerVel_freewaterK600,LF,2022-06-05,0.3109768632578491,-3.3898941871984403,-3.0789173239405914,23,0.4740684240261353,0.02605147690730995,21338.484407513093,2.7398461378207526,3.5904347826086958,73.37391304347827,1.738,23.74,5.855891712700871,6.3055697577884064,7.603667264294161,3.3414819754134926,0.82166015046284,20,0.31336877709312866,313.36877709312864,6267.375541862573,1,passes
AMLF_powerVel_linearK600_ID_powerVel_freewaterK600,LF,2022-06-06,-0.05418493843205071,-3.384838500068932,-3.4390234385009824,24,0.4504389807698132,0.02650833113790669,20632.243424595326,2.858403694528436,3.5908333333333333,73.39541666666666,1.738,23.74,5.854638829481993,6.095705715136075,7.537662970916827,3.283795959220169,0.8012886248477153,20,0.31336877709312866,313.36877709312864,6267.375541862573,1,passes
AMLF_powerVel_linearK600_ID_powerVel_freewaterK600,LF,2022-06-07,0.2514306073566487,-2.630468771340357,-2.3790381639837084,24,0.43917353246687296,0.026737871369603372,20290.99657103838,2.9149265677728566,3.7308333333333334,73.485,1.738,23.74,5.780689292217066,6.450806438609477,7.400167239043247,3.2555737217602396,0.7925306044193997,20,0.31336877709312866,313.36877709312864,6267.375541862573,1,passes
AMLF_powerVel_linearK600_ID_powerVel_freewaterK600,LF,2022-06-08,0.15304154678821755,-2.606679142026465,-2.4536375952382476,24,0.44013152269744493,0.02671821406109665,20320.067955812523,2.9101199805056743,3.7179166666666665,73.41791666666667,1.738,23.74,5.790105722422482,6.419008269745705,7.415850343296938,3.2579820412874523,0.7932648798959236,20,0.31336877709312866,313.36877709312864,6267.375541862573,1,passes
AMLF_powerVel_linearK600_ID_powerVel_freewaterK600,LF,2022-06-09,-0.13854396023798513,-3.0056829824759137,-3.1442269427138987,24,0.4570217507672784,0.02637772761029366,20830.298520441283,2.825375530521258,3.6054166666666667,73.535,1.738,23.74,5.841104243975527,6.208121098018124,7.541306317521912,3.3000727660204805,0.8066778529680814,20,0.31336877709312866,313.36877709312864,6267.375541862573,1,passes
AMLF_powerVel_linearK600_ID_powerVel_freewaterK600,LF,2022-06-10,-0.7463198060510807,-3.122992699638544,-3.8693125056896247,24,0.47217406163359676,0.026085223946612685,21283.015629324716,2.7493508466004735,3.4854166666666666,73.34833333333333,1.738,23.74,5.909418293389938,5.934483048350397,7.6710832267295865,3.3370378396603444,0.8197619134406259,20,0.31336877709312866,313.36877709312864,6267.375541862573,1,passes
AMLF_powerVel_linearK600_ID_powerVel_freewaterK600,LF,2022-06-11,-0.3877393514700604,-2.9615530019764083,-3.3492923534464687,24,0.4904481554556448,0.02575037401239308,21821.80765178176,2.6576630361392883,3.5225,73.415,1.738,23.74,5.887929597936069,6.212970509005493,7.673132214853198,3.380491084157248,0.837229689011812,20,0.31336877709312866,313.36877709312864,6267.375541862573,1,passes
AMLF_powerVel_linearK600_ID_powerVel_freewaterK600,LF,2022-06-12,-1.1406756392081885,-3.304861053479361,-4.44553669268755,24,0.5140742495774241,0.02533962374193021,22509.137133953784,2.5391222832641858,3.341666666666667,73.39750000000001,1.738,23.74,5.9790711262121174,5.761471403803877,7.803890965625054,3.4352376542702063,0.8622871620198777,20,0.31336877709312866,313.36877709312864,6267.375541862573,1,passes
AMLF_powerVel_linearK600_ID_powerVel_freewaterK600,LF,2022-06-13,-0.7139185041904155,-3.170698484181417,-3.8846169883718327,24,0.5042042267509469,0.025509212283962492,22222.852425711157,2.5886437966685754,3.430416666666667,73.46416666666667,1.738,23.74,5.931743322621915,6.002083865162566,7.739660694349232,3.4124980856205123,0.8515761722331928,20,0.31336877709312866,313.36877709312864,6267.375541862573,1,passes
AMLF_powerVel_linearK600_ID_powerVel_freewaterK600,LF,2022-06-14,0.11912832515462402,-2.8103126899762487,-2.6911843648216247,24,0.4699864356013125,0.026127988409594426,21217.435952558444,2.7603269662899783,3.6433333333333335,73.5775,1.738,23.74,5.820261228368596,6.447504095092005,7.548976192908579,3.331666961447065,0.8179265371120055,20,0.31336877709312866,313.36877709312864,6267.375541862573,1,passes
AMLF_powerVel_linearK600_ID_powerVel_freewaterK600,LF,2022-06-15,0.21624687307401422,-2.8672178860221633,-2.650971012948149,24,0.4564345361980265,0.026388413286006662,20813.004860333294,2.828321800724854,3.6725,73.62541666666667,1.738,23.74,5.803503261375888,6.42348110575374,7.492011215636467,3.298680041484937,0.8061187315907995,20,0.31336877709312866,313.36877709312864,6267.375541862573,1,passes
AMLF_powerVel_linearK600_ID_powerVel_freewaterK600,LF,2022-06-16,0.47306397322229904,-3.004925997007248,-2.531862023784949,24,0.4511570752904,0.0264937053879779,20653.994408156927,2.854800751753931,3.7020833333333334,73.705,1.738,23.74,5.785236730503627,6.4745490007604225,7.4506475151337686,3.2855946943582905,0.8018465133983531,20,0.31336877709312866,313.36877709312864,6267.375541862573,1,passes
AMLF_powerVel_linearK600_ID_powerVel_freewaterK600,LF,2022-06-17,1.2546498451448507,-2.9033734239770705,-1.6487235788322199,24,0.4367187002844154,0.02678948070414169,20216.040347019956,2.927243358419276,3.8525,73.71708333333333,1.738,23.74,5.709433463491475,6.820479935504338,7.298339785826954,3.249328421855715,0.7907359555232663,20,0.31336877709312866,313.36877709312864,6267.375541862573,1,passes
AMLF_powerVel_linearK600_ID_powerVel_freewaterK600,LF,2022-06-18,1.3944441014002438,-2.91200559004181,-1.517561488641566,23,0.4274312522033252,0.02698616381308199,19931.93309207258,2.973841881312909,3.867391304347826,73.6595652173913,1.738,23.74,5.704531078417099,6.773031252683022,7.25095658234454,3.225616001107478,0.7840403498802692,20,0.31336877709312866,313.36877709312864,6267.375541862573,1,passes
AMLF_powerVel_linearK600_ID_powerVel_freewaterK600,LF,2022-06-19,0.1840307869822506,-2.7118625828015506,-2.5278317958193,24,0.41527577045499386,0.02725450139182697,19556.14873526872,3.0348303777854793,3.7425,73.46791666666667,1.738,23.74,5.775621281649587,6.2550993293952715,7.2776907798229376,3.1939420276864623,0.7759643181106856,20,0.31336877709312866,313.36877709312864,6267.375541862573,1,passes
AMLF_powerVel_linearK600_ID_powerVel_freewaterK600,LF,2022-06-20,1.8601392258030187,-1.7264203678281562,0.1337188579748625,24,0.38132197401731177,0.028064137712798143,18485.862204285204,3.2051889894097556,4.165416666666666,73.6775,1.738,23.74,5.554749909161959,7.15177733149822,6.786037936374858,3.102072071570885,0.7566199885601737,20,0.31336877709312866,313.36877709312864,6267.375541862573,1,passes
AMLF_powerVel_linearK600_ID_powerVel_freewaterK600,LF,2022-06-21,2.4047889631013564,-0.961841936269622,1.4429470268317344,24,0.34375410385867017,0.02907189222537688,17265.73868577712,3.393680730345226,4.40875,73.595,1.738,23.74,5.436902254199161,7.345051988439017,6.343025900075569,2.9943809191899304,0.7401784512499353,20,0.31336877709312866,313.36877709312864,6267.375541862573,1,passes
AMLF_powerVel_linearK600_ID_powerVel_freewaterK600,LF,2022-06-22,1.7776110898838287,-0.6240462863088845,1.1535648035749442,24,0.337740286745519,0.0292455251443894,17066.691697909704,3.4238542496993607,4.3475,73.52583333333334,1.738,23.74,5.470541786849172,7.102607474123991,6.325686957653792,2.9765025600070776,0.738017009028955,20,0.31336877709312866,313.36877709312864,6267.375541862573,1,passes
AMLF_powerVel_linearK600_ID_powerVel_freewaterK600,LF,2022-06-23,1.4579685079486844,-1.2953686785107006,0.1625998294379838,24,0.3709222724599133,0.0283301522270428,18152.132209130712,3.2573680946793804,4.157916666666667,73.79958333333333,1.738,23.74,5.553130023280475,7.015204429604352,6.704459749347078,3.0729453204514035,0.751540765328859,20,0.31336877709312866,313.36877709312864,6267.375541862573,1,passes
AMLF_powerVel_linearK600_ID_powerVel_freewaterK600,LF,2022-06-24,0.5840438500736348,-1.6507681025614438,-1.066724252487809,24,0.3961649377813906,0.027694743822499535,18958.913975838535,3.1307164130108576,3.9454166666666666,73.62833333333333,1.738,23.74,5.66699435184528,6.68097572248608,7.028103519343728,3.1430922191397364,0.7643096725141574,20,0.31336877709312866,313.36877709312864,6267.375541862573,1,passes
AMLF_powerVel_linearK600_ID_powerVel_freewaterK600,LF,2022-06-25,1.9208289972106105,-0.682989615170314,1.2378393820402964,24,0.3734988107642846,0.02826512383748802,18234.54363450892,3.2444406599185855,4.31,73.50708333333334,1.738,23.74,5.490167266811161,7.483852913223299,6.647948337838074,3.080115400874484,0.7528338046538483,20,0.31336877709312866,313.36877709312864,6267.375541862573,1,passes
AMLF_powerVel_linearK600_ID_powerVel_freewaterK600,LF,2022-06-26,2.310409286725328,0.11678645352015912,2.427195740245487,24,0.3302791695544514,0.0294738636168847,16816.051983972506,3.4612894027364938,4.545833333333333,73.58666666666667,1.738,23.74,5.368716448598187,7.53163151062943,6.1352317377395895,2.9536773217074694,0.7357671879872939,20,0.31336877709312866,313.36877709312864,6267.375541862573,1,passes
AMLF_powerVel_linearK600_ID_powerVel_freewaterK600,LF,2022-06-27,2.65440301076072,0.19580834961824264,2.850211360378963,24,0.323489718993953,0.02967927437044638,16588.650254767726,3.495354558699275,4.622608695652174,73.5795652173913,1.68,23.49,5.379696967536109,7.770579999460161,6.078235769146498,2.933024845405332,0.7336413406549265,20,0.31336877709312866,313.36877709312864,6267.375541862573,1,passes
AMLF_powerVel_linearK600_ID_powerVel_freewaterK600,LF,2022-06-28,1.4902585802926838,-2.036115340853878,-0.5458567605611944,24,0.35771975931734223,0.028682402094906922,17723.89449063269,3.3236099304943454,4.104736842105263,73.85842105263158,1.68,23.49,5.626172116439987,6.90007190409922,6.709003715807902,3.0351952632486405,0.7456987736005771,20,0.31336877709312866,313.36877709312864,6267.375541862573,1,passes
AMLF_powerVel_linearK600_ID_powerVel_freewaterK600,LF,2022-06-29,2.142190258306833,-1.4238592044707885,0.7183310538360446,24,0.37451313451934476,0.02823118253325101,18269.62649414455,3.2393514267612056,4.220416666666667,73.79375,1.68,23.49,5.571243987110581,7.413786037214023,6.757449721731199,3.0833841922180434,0.7529892779283114,20,0.31336877709312866,313.36877709312864,6267.375541862573,1,passes
AMLF_powerVel_linearK600_ID_powerVel_freewaterK600,LF,2022-06-30,2.9101401639030318,-0.7901045978838868,2.120035566019145,24,0.351413268019158,0.028853938576457412,17518.303851337776,3.3552519032484405,4.466666666666667,73.8225,1.68,23.49,5.446750095787106,7.788987790241291,6.420616277082809,3.016988285378649,0.7430454883138099,20,0.31336877709312866,313.36877709312864,6267.375541862573,1,passes
AMLF_powerVel_linearK600_ID_powerVel_freewaterK600,LF,2022-07-01,2.063620288962205,-0.6977965005039171,1.365823788458288,24,0.3389867866489179,0.029207577450710634,17108.51614773928,3.4176001039126715,4.357916666666666,73.49458333333334,1.68,23.49,5.515593632261008,7.303789356834446,6.390759396816458,2.980306885648643,0.7383976338870902,20,0.31336877709312866,313.36877709312864,6267.375541862573,1,passes
AMLF_powerVel_linearK600_ID_powerVel_freewaterK600,LF,2022-07-02,1.9717014226529506,-0.7999506865166122,1.1717507361363384,23,0.3554934859723172,0.028738861612049933,17652.554387021883,3.334779957882908,4.290869565217391,73.37347826086956,1.68,23.49,5.554530158228336,7.350928071586159,6.5842927833547575,3.0289800349710463,0.7446076892392623,20,0.31336877709312866,313.36877709312864,6267.375541862573,1,passes
AMLF_powerVel_linearK600_ID_powerVel_freewaterK600,LF,2022-07-03,1.7813105146625514,-0.8437759409395923,0.9375345737229591,24,0.36702719608391976,0.028425913780755686,18028.327786618403,3.2769111170569416,4.248333333333333,73.43208333333334,1.68,23.49,5.573209595276086,7.390156336848215,6.702631845353223,3.062239256733642,0.749486591161025,20,0.31336877709312866,313.36877709312864,6267.375541862573,1,passes
AMLF_powerVel_linearK600_ID_powerVel_freewaterK600,LF,2022-07-04,2.541048838139405,-0.7167661911525802,1.8242826469868247,24,0.3563202362588708,0.028716073839619757,17679.59865944635,3.330631849401556,4.405,73.73833333333333,1.68,23.49,5.48123520805987,7.687682165956442,6.504056256688697,3.0313826292407855,0.7449436890585962,20,0.31336877709312866,313.36877709312864,6267.375541862573,1,passes
AMLF_powerVel_linearK600_ID_powerVel_freewaterK600,LF,2022-07-05,2.6455796947552357,-0.5999317487437567,2.045647946011479,24,0.3360003343990525,0.029297395740046736,17008.63184613723,3.432584226819311,4.47375,73.6775,1.68,23.49,5.44951459767214,7.5782222427494,6.284938982785412,2.971247955741526,0.737447153200389,20,0.31336877709312866,313.36877709312864,6267.375541862573,1,passes
AMLF_powerVel_linearK600_ID_powerVel_freewaterK600,LF,2022-07-06,2.769010223988633,-0.3643526794672165,2.4046575445214167,24,0.3199253816962019,0.02979023515014222,16468.39087882399,3.5132381421895627,4.550416666666667,73.84541666666667,1.68,23.49,5.403726130515868,7.537743340105226,6.07430099255653,2.922028626885313,0.7326262639304066,20,0.31336877709312866,313.36877709312864,6267.375541862573,1,passes
AMLF_powerVel_linearK600_ID_powerVel_freewaterK600,LF,2022-07-07,2.7952052065767488,-0.155627648557288,2.639577558019461,24,0.3206027664671721,0.02976836878713424,16491.458964922593,3.5098394551140326,4.57875,73.825,1.68,23.49,5.390559168597062,7.6307090981653065,6.06501758122774,2.924156158811819,0.7327952024089844,20,0.31336877709312866,313.36877709312864,6267.375541862573,1,passes
AMLF_powerVel_linearK600_ID_powerVel_freewaterK600,LF,2022-07-08,2.3838181004075807,-0.30065627742322104,2.08316182298436,24,0.3192772078326479,0.029810722605813703,16446.437331597794,3.5164902674618825,4.520416666666667,73.68666666666667,1.702,22.91,5.461685728998568,7.396882766465679,6.131595656820933,2.920014014615907,0.7324511324639416,20,0.31336877709312866,313.36877709312864,6267.375541862573,1,passes
AMLF_powerVel_linearK600_ID_powerVel_freewaterK600,LF,2022-07-09,2.971879619952266,-0.07933119207533723,2.8925484278769287,24,0.3117648467956166,0.030055023419735632,16190.140401296001,3.554182529611061,4.672083333333333,73.72833333333334,1.702,22.91,5.383965133099488,7.666735516124536,5.9661937345171046,2.896335210065468,0.7306276683085027,20,0.31336877709312866,313.36877709312864,6267.375541862573,1,passes
AMLF_powerVel_linearK600_ID_powerVel_freewaterK600,LF,2022-07-10,0.8402908703569051,-0.6206570989680765,0.21963377138882856,24,0.3434089700025295,0.029084808349903794,17253.462301532123,3.3954123930965348,4.17875,73.40541666666667,1.702,22.91,5.644958269314342,6.8113925569535985,6.579830007148769,2.993206491397455,0.7401554778679055,20,0.31336877709312866,313.36877709312864,6267.375541862573,1,passes
AMLF_powerVel_linearK600_ID_powerVel_freewaterK600,LF,2022-07-11,0.9178769986187135,-1.2049373998321928,-0.2870604012134793,24,0.36906184125115593,0.02837501557783315,18093.276637524974,3.2667025583034435,4.09,73.43041666666667,1.702,22.91,5.688335263824081,6.890122625942426,6.856751626678256,3.0678786461499885,0.7505221472095864,20,0.31336877709312866,313.36877709312864,6267.375541862573,1,passes
AMLF_powerVel_linearK600_ID_powerVel_freewaterK600,LF,2022-07-12,1.9281257142513561,-1.4550670389324392,0.473058675318917,24,0.40161534512382685,0.02757053542018628,19128.80093745539,3.1033697264820512,4.170833333333333,73.89333333333333,1.702,22.91,5.627397901624879,7.529116804063058,7.010654736971617,3.157520425395208,0.7676967959393165,20,0.31336877709312866,313.36877709312864,6267.375541862573,1,passes
AMLF_powerVel_linearK600_ID_powerVel_freewaterK600,LF,2022-07-13,1.4934437269742773,-1.9111999711152186,-0.41775624414094126,23,0.4121916000185693,0.027323373316595168,19460.52185759583,3.0503047885638517,4.018695652173913,73.67434782608696,1.702,22.91,5.713118226235687,7.195405342950975,7.182241484711261,3.185859850701298,0.773962409765659,20,0.31336877709312866,313.36877709312864,6267.375541862573,1,passes
AMLF_powerVel_linearK600_ID_powerVel_freewaterK600,LF,2022-07-14,2.7534360252345387,-1.4514322799591204,1.3020037452754183,24,0.39289584892136054,0.02777348853160478,18855.579681352243,3.147118627134196,4.3220833333333335,73.75666666666666,1.702,22.91,5.557716551503067,7.8741845820682554,6.8727770173310745,3.134200478392252,0.7624956274880799,20,0.31336877709312866,313.36877709312864,6267.375541862573,1,passes
AMLF_powerVel_linearK600_ID_powerVel_freewaterK600,LF,2022-07-15,3.0629943462488325,-1.4340361375955095,1.628958208653323,24,0.39382352370296675,0.027750691484810814,18885.05427227037,3.142464143559043,4.369166666666667,73.72,1.702,22.91,5.536000931266069,8.040011423198287,6.850779778551263,3.1367488082599397,0.7629880412460797,20,0.31336877709312866,313.36877709312864,6267.375541862573,1,passes
AMLF_powerVel_linearK600_ID_powerVel_freewaterK600,LF,2022-07-16,2.9280032967937157,-1.9481327412345277,0.979870555559188,24,0.3869053137978737,0.027919159246834725,18665.76799249823,3.1771753322333374,4.309166666666667,73.42875000000001,1.702,22.91,5.578850915524414,7.755247040802601,6.85896709318732,3.117830909110237,0.7592368512235346,20,0.31336877709312866,313.36877709312864,6267.375541862573,1,passes
AMLF_powerVel_linearK600_ID_powerVel_freewaterK600,LF,2022-07-17,3.0926660429433643,-1.7253371930339823,1.367328849909382,24,0.40997005850005946,0.027381027715379865,19388.82445045325,3.0614510746486383,4.315833333333333,73.51083333333334,1.702,22.91,5.571758909540179,8.072927759240967,6.987763064621498,3.1795771752934257,0.7729779145808713,20,0.31336877709312866,313.36877709312864,6267.375541862573,1,passes
AMLF_powerVel_linearK600_ID_powerVel_freewaterK600,LF,2022-07-18,1.0072583565833013,-2.582161777686248,-1.5749034211029467,24,0.463799334304297,0.02624876380771863,21032.06620785168,2.791369915754344,3.8024999999999998,73.44583333333334,1.702,22.91,5.83128965722113,7.056256897611438,7.5445902636404485,3.316491527593205,0.8126877544130254,20,0.31336877709312866,313.36877709312864,6267.375541862573,1,passes
AMLF_powerVel_linearK600_ID_powerVel_freewaterK600,LF,2022-07-19,1.4027816766176173,-3.1926146807197187,-1.7898330041021013,24,0.48482584999533024,0.025850725048981938,21657.13857305614,2.6858721983784717,3.756666666666667,73.59375,1.702,22.91,5.847620464426885,7.102560250042401,7.614527055648674,3.3672928583085264,0.8315777369339761,20,0.31336877709312866,313.36877709312864,6267.375541862573,1,passes
AMLF_powerVel_linearK600_ID_powerVel_freewaterK600,LF,2022-07-20,0.02849584090502352,-2.594505308321664,-2.5660094674166407,24,0.48271732029943687,0.02588917866428089,21595.043179517714,2.696451462827448,3.63,73.34666666666666,1.702,22.91,5.922057430771921,6.643811288336043,7.70823259294214,3.3622904540622156,0.8295462588892002,20,0.31336877709312866,313.36877709312864,6267.375541862573,1,passes
AMLF_powerVel_linearK600_ID_powerVel_freewaterK600,LF,2022-07-21,1.165771400029976,-2.258371021573764,-1.092599621543788,24,0.4941262405476977,0.0256842865562582,21929.71490473737,2.639208738374144,3.7983333333333333,73.59625,1.702,22.91,5.826711773899859,7.336827135488754,7.597781744460336,3.3891534680427426,0.8408802268899275,20,0.31336877709312866,313.36877709312864,6267.375541862573,1,passes
AMLF_powerVel_linearK600_ID_powerVel_freewaterK600,LF,2022-07-22,0.8715281641846264,-2.680390078130365,-1.8088619139457385,24,0.5133210549767968,0.025352713749148735,22487.223749095192,2.542901335974279,3.6733333333333333,73.63458333333334,1.702,22.91,5.887564516953677,7.075585945099335,7.684023715212621,3.433492288571418,0.8614925958788813,20,0.31336877709312866,313.36877709312864,6267.375541862573,1,passes
AMLF_powerVel_linearK600_ID_powerVel_freewaterK600,LF,2022-07-23,1.1331974573617036,-2.602974409000962,-1.4697769516392585,24,0.5404548321296773,0.0249118762519787,23263.0981963448,2.406761254779789,3.618333333333333,73.60583333333334,1.702,22.91,5.916309541381867,7.113898288259914,7.693112936314433,3.494307531615723,0.8945326521131581,20,0.31336877709312866,313.36877709312864,6267.375541862573,1,passes
AMLF_powerVel_linearK600_ID_powerVel_freewaterK600,LF,2022-07-24,-0.16270507917992583,-2.888012967140403,-3.0507180463203287,23,0.5725132754420922,0.02442675830262825,24163.35078006057,2.2459123228035858,3.3439130434782607,73.3104347826087,1.702,22.91,6.066684940423813,6.33205948757268,7.7981726870815296,3.5636935620062244,0.9399825364973767,20,0.31336877709312866,313.36877709312864,6267.375541862573,0.5217391304347826,passes
AMLF_powerVel_linearK600_ID_powerVel_freewaterK600,LF,2022-07-25,1.9605607531296863,-3.2191124662682378,-1.2585517131385515,24,0.6011975390944172,0.024022465891599017,24954.43993510768,2.1019928839201154,3.524583333333333,73.74958333333333,1.752,23.12,5.9148302804246855,7.05910300220654,7.472559141300903,3.6236488432666674,0.9877377684138899,20,0.31336877709312866,313.36877709312864,6267.375541862573,0,too fast
AMLF_powerVel_linearK600_ID_powerVel_freewaterK600,LF,2022-07-26,3.909734459326642,-3.5121680374294253,0.3975664218972166,24,0.6322459771110301,0.023613237097504663,25796.250837229036,1.9462115178121886,3.6258333333333335,73.7075,1.752,23.12,5.865924070832423,7.725552957698267,7.217523809384822,3.6864428457749105,1.0487116767620797,20,0.31336877709312866,313.36877709312864,6267.375541862573,0,too fast
AMLF_powerVel_linearK600_ID_powerVel_freewaterK600,LF,2022-07-27,1.8960190660095826,-3.739258777528236,-1.8432397115186534,24,0.6559537832393392,0.0233177408082306,26429.984847998923,1.8272607859230754,3.3024999999999998,73.62041666666667,1.752,23.12,6.031464033278901,6.542720750274312,7.229537362552896,3.7330944987117602,1.1026803338047266,20,0.31336877709312866,313.36877709312864,6267.375541862573,0,too fast
AMLF_powerVel_linearK600_ID_powerVel_freewaterK600,LF,2022-07-28,3.7220191096842,-3.797636257083834,-0.0756171473996341,23,0.6621332481263493,0.02324303911539393,26593.89384966421,1.796256151119891,3.5165217391304346,73.83217391304348,1.752,23.12,5.9150527547708025,7.487826649604328,7.035222916775795,3.7450735268968813,1.1179936483846533,20,0.31336877709312866,313.36877709312864,6267.375541862573,0,too fast
AMLF_powerVel_linearK600_ID_powerVel_freewaterK600,LF,2022-07-29,4.1883143394420035,-3.6086393398987973,0.5796749995432062,24,0.6592910874288701,0.023277172430827654,26518.63151092254,1.8105163105493174,3.5591666666666666,73.90791666666667,1.752,23.12,5.890445194205732,7.645724535760858,7.0310139660167215,3.7395816331993603,1.110815644011045,20,0.31336877709312866,313.36877709312864,6267.375541862573,0,too fast
AMLF_powerVel_linearK600_ID_powerVel_freewaterK600,LF,2022-07-30,4.359818966511014,-3.6630906871369486,0.6967282793740655,24,0.6610553784130793,0.02325598479984749,26565.350642066158,1.8016642175846103,3.567083333333333,73.87958333333333,1.752,23.12,5.887671662732027,7.69511680725198,7.012464765329616,3.7429906957719017,1.1152720201958568,20,0.31336877709312866,313.36877709312864,6267.375541862573,0,too fast
AMLF_powerVel_linearK600_ID_powerVel_freewaterK600,LF,2022-07-31,3.7627601834119657,-3.6606789067156713,0.10208127669629441,24,0.6658359206499136,0.023198873169077372,26691.773380999413,1.7776784892206834,3.48375,73.90125,1.752,23.12,5.928409276718101,7.377979332881793,7.017628732444994,3.752204284442188,1.127537432014986,20,0.31336877709312866,313.36877709312864,6267.375541862573,0,too fast
AMLF_powerVel_linearK600_ID_powerVel_freewaterK600,LF,2022-08-01,2.911765003250456,-3.617714529032158,-0.7059495257817021,24,0.6620458772139115,0.02324423849647043,26591.49594568582,1.7966945229339697,3.408333333333333,73.68958333333333,1.752,23.12,5.9755087731627885,7.026221398359125,7.107134514071534,3.7448928298629736,1.1178674317080144,20,0.31336877709312866,313.36877709312864,6267.375541862573,0,too fast
AMLF_powerVel_linearK600_ID_powerVel_freewaterK600,LF,2022-08-02,3.14958701150647,-3.666708446736318,-0.5171214352298481,24,0.6405511914117233,0.02350809825065166,26019.138980537886,1.9045412209396435,3.5004166666666667,73.79083333333334,1.752,23.12,5.924878848368963,7.2502097311093925,7.2247581379642005,3.7029110878977796,1.066813679652909,20,0.31336877709312866,313.36877709312864,6267.375541862573,0,too fast
AMLF_powerVel_linearK600_ID_powerVel_freewaterK600,LF,2022-08-03,2.7561145457855023,-3.6697668180676533,-0.913652272282151,24,0.6127787568088158,0.023866480209252087,25270.183929916646,2.0438856800801988,3.54125,73.70791666666666,1.752,23.12,5.908233794894898,7.207625213838485,7.396706293152346,3.647322791965115,1.0092205003620258,20,0.31336877709312866,313.36877709312864,6267.375541862573,0,too fast
AMLF_powerVel_linearK600_ID_powerVel_freewaterK600,LF,2022-08-04,2.8526732643568553,-3.5068136994634598,-0.6541404351066045,24,0.5808709931492196,0.024306829474279895,24394.908695440252,2.2039785971435677,3.66125,73.70208333333333,1.752,23.12,5.848451959365841,7.420584486322651,7.482676080383441,3.581317731885104,0.9533084478171479,20,0.31336877709312866,313.36877709312864,6267.375541862573,0.2916666666666667,too fast
AMLF_powerVel_linearK600_ID_powerVel_freewaterK600,LF,2022-08-05,2.947221483014743,-3.03680788761025,-0.0895864045955066,24,0.5383891810856596,0.024946046063412396,23203.74816339835,2.4171253813541167,3.8341666666666665,73.78583333333333,1.752,23.12,5.758351124910462,7.692659298140692,7.48811794332907,3.489635316230555,0.8921320790875557,20,0.31336877709312866,313.36877709312864,6267.375541862573,1,passes
AMLF_powerVel_linearK600_ID_powerVel_freewaterK600,LF,2022-08-06,2.673603076451272,-2.558142175079617,0.11546090137165477,24,0.5000205866323324,0.02558180565518816,22101.19947175758,2.6096346488535698,3.9458333333333333,73.60708333333334,1.752,23.12,5.7104082924534545,7.724813695622529,7.449093859456248,3.402812676341966,0.8471254652936313,20,0.31336877709312866,313.36877709312864,6267.375541862573,1,passes
AMLF_powerVel_linearK600_ID_powerVel_freewaterK600,LF,2022-08-07,4.33896938686145,-2.207418308204795,2.131551078656655,23,0.48150732358903847,0.02591140184405393,21559.345198568175,2.7025224587477936,4.211739130434783,73.77695652173914,1.752,23.12,5.570019989145167,8.456341225509066,7.248252910201036,3.359409813707307,0.8283964469663497,20,0.31336877709312866,313.36877709312864,6267.375541862573,1,passes
AMLF_powerVel_linearK600_ID_powerVel_freewaterK600,LF,2022-08-08,6.147670890283935,-1.781496709410979,4.366174180872957,24,0.4883914374524185,0.025786774120224253,21761.699024473433,2.6679823423816806,4.250666666666667,73.768,1.637,24.82,5.4746922508904365,9.047461088418647,7.128679584638665,3.3756830352848626,0.8351273966221265,20,0.31336877709312866,313.36877709312864,6267.375541862573,1,passes
AMLF_powerVel_linearK600_ID_powerVel_freewaterK600,LF,2022-08-24,4.369761427475461,-2.414782326179727,1.9549791012957338,24,0.44798528895987455,0.02655776940425672,20558.129386379165,2.8707147635089614,4.62,74.32636363636364,1.772375,23.034166666666668,5.341597779613613,9.403282363879358,6.883851051037131,3.2776827415898637,0.7993389127341801,20,0.31336877709312866,313.36877709312864,6267.375541862573,1,passes
AMLF_powerVel_linearK600_ID_powerVel_freewaterK600,LF,2022-08-25,4.1105743814421105,-2.3366089000672012,1.7739654813749093,24,0.464022318463759,0.02624108356536101,21040.050619061807,2.7902511226941957,4.25375,73.6075,1.768,23.02,5.556592576923782,8.34896285332166,7.193347475904651,3.3172443370522324,0.8125936063568878,20,0.31336877709312866,313.36877709312864,6267.375541862573,1,passes
AMLF_powerVel_linearK600_ID_powerVel_freewaterK600,LF,2022-08-26,4.9564331794376475,-2.5779660717192656,2.378467107718382,24,0.4776278365028417,0.025983150629211197,21444.68853905782,2.7219872639583627,4.303333333333334,73.89208333333333,1.768,23.02,5.519253346134127,8.678349989838315,7.175183133847586,3.3501423927869594,0.82475889522653,20,0.31336877709312866,313.36877709312864,6267.375541862573,1,passes
AMLF_powerVel_linearK600_ID_powerVel_freewaterK600,LF,2022-08-27,5.69078793714078,-2.9661691338576226,2.7246188032831578,23,0.4846414312693553,0.02585422466761886,21651.651276471748,2.686797494557715,4.300869565217392,73.71,1.768,23.02,5.528544048144156,8.749199508079332,7.1986953875030055,3.366846594549613,0.8314143819809697,20,0.31336877709312866,313.36877709312864,6267.375541862573,1,passes
AMLF_powerVel_linearK600_ID_powerVel_freewaterK600,LF,2022-08-28,4.921628430768241,-3.3717912069614724,1.5498372238067684,24,0.5014444533979836,0.02555623179057799,22142.971302624737,2.602490588666383,4.1525,73.72583333333334,1.768,23.02,5.601918731695415,8.429532895323895,7.30905513184844,3.4061657174928754,0.8485363297738194,20,0.31336877709312866,313.36877709312864,6267.375541862573,1,passes
AMLF_powerVel_linearK600_ID_powerVel_freewaterK600,LF,2022-08-29,5.143291267669643,-3.3211110787465845,1.8221801889230589,24,0.5314618223676535,0.025055345095127295,23007.13346409733,2.4518824729679762,4.1066666666666665,73.63541666666667,1.768,23.02,5.628740056251756,8.595643082338192,7.331869556775987,3.474330614438245,0.8831666695729431,20,0.31336877709312866,313.36877709312864,6267.375541862573,1,passes
AMLF_powerVel_linearK600_ID_powerVel_freewaterK600,LF,2022-08-30,2.9159583554314583,-3.6253861821661184,-0.7094278267346601,24,0.5731832130263981,0.02441933346877963,24180.844875181945,2.242551000986547,3.6887499999999998,73.53041666666667,1.768,23.02,5.8424002003843345,7.421644292975001,7.503802183942433,3.5649490693816492,0.9415894629376254,20,0.31336877709312866,313.36877709312864,6267.375541862573,0.5,passes
AMLF_powerVel_linearK600_ID_powerVel_freewaterK600,LF,2022-08-31,5.044230282403016,-3.412276038120716,1.6319542442823005,24,0.627639289538252,0.023674296209312645,25671.158740530474,1.9693249537581712,3.79125,73.77625,1.768,23.02,5.780242997309503,8.309061819831014,7.140730267668041,3.6770990137011355,1.0398635180936777,20,0.31336877709312866,313.36877709312864,6267.375541862573,0,too fast
AMLF_powerVel_linearK600_ID_powerVel_freewaterK600,LF,2022-09-01,3.9124671915447102,-4.427437415492647,-0.5149702239479366,24,0.6743354030084621,0.023100303224586203,26914.853207455722,1.7350334784695327,3.41375,73.52541666666667,1.768,23.02,5.980130167158701,7.086107475061705,6.99609656174245,3.7683482201705085,1.1514355726682204,20,0.31336877709312866,313.36877709312864,6267.375541862573,0,too fast
AMLF_powerVel_linearK600_ID_powerVel_freewaterK600,LF,2022-09-02,4.392317655381934,-3.5622030905603084,0.8301145648216255,23,0.7121982986494165,0.022673237012357905,27901.528496325624,1.5450614868159178,3.4478260869565216,73.60304347826087,1.768,23.02,5.959678866209863,7.492133376891481,6.558303002354,3.839281887041642,1.2690695552047302,20,0.31336877709312866,313.36877709312864,6267.375541862573,0,too fast
AMLF_powerVel_linearK600_ID_powerVel_freewaterK600,LF,2022-09-03,2.780127449355357,-3.128909718139182,-0.3487822687838249,24,0.745299474770319,0.022324173450853416,28749.5036768362,1.3789807830737781,3.1520833333333336,73.4725,1.768,23.02,6.1134028389831006,6.354123404829463,6.282304657242436,3.899280848425121,1.3999130285266237,20,0.31336877709312866,313.36877709312864,6267.375541862573,0,too fast
AMLF_powerVel_linearK600_ID_powerVel_freewaterK600,LF,2022-09-04,3.5107378548757286,-2.7066234379838554,0.8041144168918732,24,0.7791615182155329,0.021988604437530843,29603.366093413497,1.209082529761361,3.1275,73.52666666666667,1.768,23.02,6.123215385736645,6.428532494599295,5.767418565617543,3.958813490823748,1.5740545311033105,20,0.31336877709312866,313.36877709312864,6267.375541862573,0,too fast
AMLF_powerVel_linearK600_ID_powerVel_freewaterK600,LF,2022-09-05,4.5685266291733715,-2.6293395427140682,1.9391870864593033,24,0.8162429978213371,0.021642327347321664,30524.382240497198,1.0230311880737513,3.0791666666666666,73.72583333333334,1.768,23.02,6.13854920540774,6.397473046689789,5.127968412964827,4.022130788410889,1.831428338572653,20,0.31336877709312866,313.36877709312864,6267.375541862573,0,too fast
AMLF_powerVel_linearK600_ID_powerVel_freewaterK600,LF,2022-09-06,5.036178244112362,-2.3786665646387126,2.6575116794736493,24,0.8397632987409535,0.02143308634703909,31101.426151707376,0.9050212383762218,3.0404166666666668,73.71541666666667,1.768,23.02,6.158432783337441,6.320026762877131,4.682319056109011,4.061348220399071,2.04755505484094,20,0.31336877709312866,313.36877709312864,6267.375541862573,0,too fast
AMLF_powerVel_linearK600_ID_powerVel_freewaterK600,LF,2022-09-07,4.216076162436112,-2.216690708122895,1.999385454313217,24,0.8586364056286351,0.02127140012935763,31560.0411582323,0.8103279603410808,2.7742857142857145,73.39285714285714,1.768,23.02,6.305891660362203,5.054659219207222,4.514449839947686,4.0922398809554945,2.2727911040934172,20,0.31336877709312866,313.36877709312864,6267.375541862573,0,too fast
AMLF_powerVel_linearK600_ID_powerVel_freewaterK600,LF,2022-09-19,9.689385101845916,1.1504450080097044,10.83983010985562,24,0.9832890116833884,0.02030975498611668,34508.660582287965,0.18490025767428167,3.2263636363636365,73.71818181818182,1.669,22.94,6.121241756491222,8.562469758355368,1.2018865002829648,4.285969255248078,9.559285218319795,20,0.31336877709312866,313.36877709312864,6267.375541862573,0,too fast
AMLF_powerVel_linearK600_ID_powerVel_freewaterK600,LF,2022-09-20,8.100201742494093,1.126358960086632,9.226560702580725,24,0.9747040352034524,0.0203705809802844,34309.882053761205,0.22797422369258113,2.8220833333333335,73.41375000000001,1.669,22.94,6.337029865501942,6.310696276292662,1.406839142401989,4.2731687413348105,7.736548422353316,20,0.31336877709312866,313.36877709312864,6267.375541862573,0,too fast
AMLF_powerVel_linearK600_ID_powerVel_freewaterK600,LF,2022-09-21,8.018983300216519,1.2258123768757772,9.244795677092295,24,0.9645451376654255,0.020443565932218334,34073.82760049765,0.2789451271492228,2.88375,73.29541666666667,1.669,22.94,6.3116029166677245,6.6011593239462245,1.695712696927546,4.2579176844916695,6.357770329611307,20,0.31336877709312866,313.36877709312864,6267.375541862573,0,too fast
AMLF_powerVel_linearK600_ID_powerVel_freewaterK600,LF,2022-09-22,8.58166998611025,1.145358837945118,9.727028824055367,24,0.9516489743910594,0.02053768304371612,33772.97045276901,0.34364989366136345,2.9525,73.29291666666667,1.669,22.94,6.277339988144743,6.914595650557859,2.051081238530175,4.2384074028014185,5.181141981529707,20,0.31336877709312866,313.36877709312864,6267.375541862573,0,too fast
AMLF_powerVel_linearK600_ID_powerVel_freewaterK600,LF,2022-09-23,7.904105633626655,0.1608554552677117,8.064961088894366,24,0.9319674439882791,0.020684853821327155,33310.97246938201,0.4423993280644501,2.91625,73.29291666666667,1.669,22.94,6.295448925350389,6.622213573211272,2.5897330287640883,4.208274408673064,4.067963142793877,20,0.31336877709312866,313.36877709312864,6267.375541862573,0,too fast
AMLF_powerVel_linearK600_ID_powerVel_freewaterK600,LF,2022-09-24,7.867549759038369,0.5708964141224967,8.438446173160866,24,0.9050140207276081,0.020892933941466976,32673.12686879028,0.5776345078369676,3.10125,73.14541666666666,1.669,22.94,6.2096915542798605,7.460543352858522,3.2413202662780893,4.166356634991989,3.1350339378462007,20,0.31336877709312866,313.36877709312864,6267.375541862573,0,too fast
AMLF_powerVel_linearK600_ID_powerVel_freewaterK600,LF,2022-09-25,7.305377540853001,0.4127203947475287,7.71809793560053,24,0.8907801109733731,0.021006000842897964,32333.826305579503,0.6490512375734276,3.1125,73.13625,1.669,22.94,6.204494219103892,7.444996830751719,3.5859478629514534,4.1439072205107,2.796719381917388,20,0.31336877709312866,313.36877709312864,6267.375541862573,0,too fast
AMLF_powerVel_linearK600_ID_powerVel_freewaterK600,LF,2022-09-26,7.23856336726395,0.053990382808954,7.292553750072904,24,0.8903965253555272,0.021009087884992738,32324.652115910376,0.6509758268727478,3.0745833333333334,73.23375,1.669,22.94,6.219032139178499,7.252676742292172,3.6063998672557194,4.1432983402259245,2.788855732827006,20,0.31336877709312866,313.36877709312864,6267.375541862573,0,too fast
AMLF_powerVel_linearK600_ID_powerVel_freewaterK600,LF,2022-09-27,7.458051780801492,-1.2615176323587738,6.196534148442718,24,0.8698459718295319,0.021179088680315112,31829.715755559522,0.7540854680353934,3.0820833333333333,73.0475,1.669,22.94,6.223591790465233,7.165236261396384,4.066969187175024,4.110235698134356,2.4559060419130327,20,0.31336877709312866,313.36877709312864,6267.375541862573,0,too fast
AMLF_powerVel_linearK600_ID_powerVel_freewaterK600,LF,2022-09-28,-0.3701852940106696,-0.9925040937822897,-1.3626893877929591,24,0.7410961904103964,0.022391258877695233,28627.519407706463,1.4000701976001535,2.9416666666666664,72.4125,1.669,22.94,6.322804862456777,5.787868462323998,6.469213156220477,3.889717986310996,1.4260011010692144,20,0.31336877709312866,313.36877709312864,6267.375541862573,0,too fast
AMLF_powerVel_linearK600_ID_powerVel_freewaterK600,LF,2022-09-29,3.4139404315619863,-1.9798004845904624,1.434139946971524,24,0.5979745570089777,0.024074221360592445,24862.29552907861,2.1181637634968107,3.745416666666667,72.27916666666667,1.669,22.94,5.92718611979607,8.20286090017796,7.485790926692198,3.6164405425952157,0.9845543007269025,20,0.31336877709312866,313.36877709312864,6267.375541862573,0,too fast
AMLF_powerVel_linearK600_ID_powerVel_freewaterK600,LF,2022-09-30,2.8597767004113526,-2.564272371026644,0.2955043293847086,24,0.5995669927999298,0.024047454115680995,24908.439820716114,2.1101739308739607,3.607083333333333,72.68791666666667,1.669,22.94,5.9776785946898645,7.702843776110362,7.555091611418008,3.620091329168995,0.9857023728848691,20,0.31336877709312866,313.36877709312864,6267.375541862573,0,too fast
AMLF_powerVel_linearK600_ID_powerVel_freewaterK600,LF,2022-10-01,2.9202880702732843,-2.222909793558457,0.6973782767148271,24,0.6516056576683229,0.023371673901287665,26313.89555934689,1.849076921765378,3.482083333333333,72.74791666666667,1.669,22.94,6.03750041786176,7.622063332195867,7.273374193838454,3.724558460870035,1.0926654788488301,20,0.31336877709312866,313.36877709312864,6267.375541862573,0,too fast
AMLF_powerVel_linearK600_ID_powerVel_freewaterK600,LF,2022-10-02,3.469358072586154,-2.0203343911683644,1.4490236814177897,24,0.647156262987445,0.023427474916160047,26194.772666881152,1.8714011617599835,3.5766666666666667,72.76833333333333,1.669,22.94,5.989206574837225,7.97203633153731,7.247524490828415,3.715776546751953,1.0827031384109793,20,0.31336877709312866,313.36877709312864,6267.375541862573,0,too fast
AMLF_powerVel_linearK600_ID_powerVel_freewaterK600,LF,2022-10-03,3.2118856479162,-1.6985492266377382,1.5133364212784617,24,0.5853831381554415,0.024246931529627213,24517.51605481697,2.1813395158226263,3.78625,72.61708333333333,1.669,22.94,5.891322619738535,8.266209203247486,7.509540992608256,3.590480172276243,0.9618291626077361,20,0.31336877709312866,313.36877709312864,6267.375541862573,0.3333333333333333,too fast
AMLF_powerVel_linearK600_ID_powerVel_freewaterK600,LF,2022-10-04,3.982701664231903,-1.1290443499371607,2.8536573142947423,24,0.5518021686389993,0.02473460345755078,23584.36359351743,2.3498275184622743,4.039583333333334,72.385,1.669,22.94,5.775358381672281,8.914612486720385,7.487783829573013,3.519256878017953,0.9095070526440509,20,0.31336877709312866,313.36877709312864,6267.375541862573,1,passes
AMLF_powerVel_linearK600_ID_powerVel_freewaterK600,LF,2022-10-05,3.9661967662391353,-1.4714769918828294,2.494719774356306,23,0.5826444097518098,0.024282432336130488,24443.52233934086,2.195080717614744,3.928695652173913,72.34652173913044,1.669,22.94,5.8327634103693065,8.821000981940534,7.455430795672774,3.584981104278674,0.9564199971484699,20,0.31336877709312866,313.36877709312864,6267.375541862573,0.30434782608695654,too fast
AMLF_powerVel_linearK600_ID_powerVel_freewaterK600,LF,2022-10-06,4.249710978265952,-1.9251674698635142,2.3245435084024377,23,0.6047979764287204,0.02397250200506768,25053.355354943556,2.083928173346797,3.8404347826086958,72.67086956521739,1.669,22.94,5.861952587108281,8.68509243296774,7.388584190763708,3.6311181606213703,0.9939204547871957,20,0.31336877709312866,313.36877709312864,6267.375541862573,0,too fast
AMLF_powerVel_linearK600_ID_powerVel_freewaterK600,LF,2022-10-07,4.041971189914502,-2.306139296488857,1.7358318934256451,24,0.5913939552579989,0.024157004092067388,24685.882298529632,2.1511810486185676,3.7895833333333333,72.76583333333333,1.669,22.94,5.88300687164176,8.350901325341956,7.4829853786291345,3.603423305279899,0.9703819716322574,20,0.31336877709312866,313.36877709312864,6267.375541862573,0,too fast
AMLF_powerVel_linearK600_ID_powerVel_freewaterK600,LF,2022-10-08,3.786429476069653,-2.4865688832355124,1.2998605928341407,24,0.5666759143550362,0.024511771407194835,24001.007586736952,2.2752004977552627,3.815,72.79958333333333,1.669,22.94,5.868692365118829,8.214551706183485,7.564621409766414,3.551293898182067,0.9309958488000647,20,0.31336877709312866,313.36877709312864,6267.375541862573,0.75,passes
AMLF_powerVel_linearK600_ID_powerVel_freewaterK600,LF,2022-10-09,3.784852602403439,-2.4959619694054456,1.2888906329979934,24,0.5415505300407913,0.024893804128055454,23294.557305195773,2.401263737727768,3.8845833333333335,72.80041666666666,1.669,22.94,5.833918326527168,8.229482768600631,7.585037452101635,3.4967824022743392,0.8958118677165506,20,0.31336877709312866,313.36877709312864,6267.375541862573,1,passes
AMLF_powerVel_linearK600_ID_powerVel_freewaterK600,LF,2022-10-10,3.649792992394806,-2.6985853098549417,0.9512076825398643,24,0.5257980359336809,0.025145454230829256,22846.032260447006,2.4802997604191415,3.88625,72.80875,1.669,22.94,5.8326558486739675,8.081499450613984,7.605895609344053,3.4617653573104956,0.8759808944752323,20,0.31336877709312866,313.36877709312864,6267.375541862573,1,passes
AMLF_powerVel_linearK600_ID_powerVel_freewaterK600,LF,2022-10-11,2.0632590446402106,-3.1164102756288536,-1.053151230988643,24,0.5063809393229267,0.02547089107537375,22286.381170567005,2.5777224337998255,3.6966666666666668,72.89416666666666,1.669,22.94,5.923378373656533,7.203927238437913,7.730502853932235,3.417573326675914,0.8538263785579266,20,0.31336877709312866,313.36877709312864,6267.375541862573,1,passes
AMLF_powerVel_linearK600_ID_powerVel_freewaterK600,LF,2022-10-12,2.319164348782636,-3.6705848689153204,-1.3514205201326845,23,0.49731536959515427,0.025627694086916418,22022.981311631982,2.623207711867064,3.706086956521739,73.18260869565218,1.669,22.94,5.905415865080433,7.158006228805033,7.703504549356202,3.39661848159868,0.8441238610256602,20,0.31336877709312866,313.36877709312864,6267.375541862573,1,passes
AMLF_powerVel_linearK600_ID_powerVel_freewaterK600,LF,2022-10-13,1.9976292467917873,-3.9967562594662756,-1.9991270126744882,24,0.5115501584165736,0.025381953649829363,22436.372338766967,2.5517865715291173,3.564583333333333,73.3075,1.669,22.94,5.970647226864457,6.794104578094589,7.793668084431833,3.429491002074812,0.859415033752873,20,0.31336877709312866,313.36877709312864,6267.375541862573,1,passes
AMLF_powerVel_linearK600_ID_powerVel_freewaterK600,LF,2022-10-14,2.859119907368345,-2.969647955852396,-0.11052804848405096,24,0.4871536516701378,0.02581543210158047,21722.738827970883,2.6741927662364806,3.85375,72.89125,1.669,22.94,5.845016253425581,7.551278496724493,7.606542520966517,3.3723567133036223,0.8345748352538958,20,0.31336877709312866,313.36877709312864,6267.375541862573,1,passes
AMLF_powerVel_linearK600_ID_powerVel_freewaterK600,LF,2022-10-15,3.2868568389391806,-1.5193518826245782,1.7675049563146024,23,0.42532248109146276,0.027042218978423713,19863.304575644015,2.9844223570340738,4.194782608695652,72.68739130434783,1.669,22.94,5.683981105016291,7.986900370192747,7.20763069033031,3.219564430799725,0.7832414464810172,20,0.31336877709312866,313.36877709312864,6267.375541862573,1,passes
AMLF_powerVel_linearK600_ID_powerVel_freewaterK600,LF,2022-10-16,3.5513317011155356,-1.463640733057041,2.087690968058495,24,0.39295608451571756,0.027771677564600448,18857.60436177257,3.1468164031327106,4.267083333333333,72.81541666666666,1.669,22.94,5.642024130866427,7.812145537475468,6.9772572382034115,3.1343843415969657,0.762511193734236,20,0.31336877709312866,313.36877709312864,6267.375541862573,1,passes
AMLF_powerVel_linearK600_ID_powerVel_freewaterK600,LF,2022-10-17,2.3624082875700885,-2.2229620503544165,0.13944623721567195,24,0.41375840701160904,0.027288843372073338,19508.943869210347,3.0424435449910643,3.964166666666667,72.96208333333334,1.669,22.94,5.78663187749255,7.160018349332593,7.281352328138278,3.189939745750201,0.7750041573732644,20,0.31336877709312866,313.36877709312864,6267.375541862573,1,passes
AMLF_powerVel_linearK600_ID_powerVel_freewaterK600,LF,2022-10-18,4.440482462118382,-1.6046044776125423,2.8358779845058395,24,0.3797215016252796,0.02813063817915209,18426.43612719727,3.2132191445987344,4.400416666666667,72.40291666666667,1.669,22.94,5.594128921319082,7.977236951641225,6.811176581877093,3.096225260691727,0.7569215642061986,20,0.31336877709312866,313.36877709312864,6267.375541862573,1,passes
AMLF_powerVel_linearK600_ID_powerVel_freewaterK600,LF,2022-10-19,6.284110530928915,1.7920781044120553,8.076188635340971,24,0.27373404843518945,0.031475195427064916,14847.061621616562,3.7449969506003704,5.526666666666666,70.78083333333333,1.669,22.94,5.107024589977125,9.081909939577313,5.230983639678365,2.7681451230833596,0.7262391676654483,20,0.31336877709312866,313.36877709312864,6267.375541862573,1,passes
AMLF_powerVel_linearK600_ID_powerVel_freewaterK600,LF,2022-10-20,5.813675876602148,2.1793695971819402,7.993045473784088,24,0.24401125165105192,0.03268032919836695,13775.483500766073,3.8939199974138132,5.612916666666667,70.69541666666667,1.669,22.94,5.068510584856301,8.660755414057258,4.815662105474389,2.6638638389781177,0.7251201980824371,20,0.31336877709312866,313.36877709312864,6267.375541862573,1,passes
AMLF_powerVel_linearK600_ID_powerVel_freewaterK600,LF,2022-10-21,5.962475471274937,1.7383265694755996,7.700802040750537,24,0.27096929468640807,0.03152821851344012,14761.176984328336,3.758868731065034,5.449166666666667,70.92916666666667,1.669,22.94,5.139026852531658,8.907013438586391,5.232618622452761,2.7610118470568494,0.724697553530623,20,0.31336877709312866,313.36877709312864,6267.375541862573,1,passes
AMLF_powerVel_linearK600_ID_powerVel_freewaterK600,LF,2022-10-22,3.4719879313132367,1.0782131926328393,4.550201123946076,23,0.2919622361714847,0.030742260728703896,15503.368944377096,3.653539467756549,4.863478260869565,71.16826086956522,1.669,22.94,5.4207571905242675,7.898406664229593,5.779421846083538,2.831903759369515,0.7270255365481114,20,0.31336877709312866,313.36877709312864,6267.375541862573,1,passes
AMLF_powerVel_linearK600_ID_powerVel_freewaterK600,LF,2022-10-23,3.963577525092108,0.051534591711230565,4.015112116803339,24,0.34439560425250215,0.029069556130428987,17282.25029496228,3.3904620883105947,4.65875,71.86083333333333,1.669,22.94,5.490637293516041,8.244539218169521,6.399984948658722,2.9954692480574168,0.740975628704368,20,0.31336877709312866,313.36877709312864,6267.375541862573,1,passes
AMLF_powerVel_linearK600_ID_powerVel_freewaterK600,LF,2022-10-24,4.242328580277574,-1.1594310528492262,3.082897527428348,24,0.40143700996943676,0.02757773615028806,19122.17489066807,3.104264499158251,4.386666666666667,72.31708333333333,1.669,22.94,5.605344936973337,8.29496177666386,6.978586330996635,3.1568720556611916,0.7677493749976294,20,0.31336877709312866,313.36877709312864,6267.375541862573,1,passes
AMLF_powerVel_linearK600_ID_powerVel_freewaterK600,LF,2022-10-25,4.290038682570385,-2.5148948475633413,1.7751438350070439,24,0.4425078355003437,0.026671374961761977,20391.46047544751,2.8981971502963977,4.109166666666667,72.65166666666667,1.669,22.94,5.728571137730174,7.947597475704045,7.343564455289428,3.2638406413403787,0.7952237558794188,20,0.31336877709312866,313.36877709312864,6267.375541862573,1,passes
AMLF_powerVel_linearK600_ID_powerVel_freewaterK600,LF,2022-10-26,2.0678593432335384,-3.2987032859796006,-1.2308439427460622,24,0.4537000128435416,0.026442898269408228,20730.640976567105,2.8420419042478637,3.720833333333333,72.8475,1.669,22.94,5.913533551511874,6.785791245966371,7.624819993556617,3.2919042449777267,0.8038995257145453,20,0.31336877709312866,313.36877709312864,6267.375541862573,1,passes
AMLF_powerVel_linearK600_ID_powerVel_freewaterK600,LF,2022-10-27,4.167453015625303,-2.5898510977464415,1.5776019178788614,24,0.42739153557091947,0.026991549587432894,19929.073318872604,2.974041154179713,4.11625,72.78958333333333,1.669,22.94,5.718592299234024,7.772878935993582,7.265632315111307,3.2252482067058015,0.7842998931522347,20,0.31336877709312866,313.36877709312864,6267.375541862573,1,passes
AMLF_powerVel_linearK600_ID_powerVel_freewaterK600,LF,2022-10-28,3.883759872610399,-2.3040016654842126,1.5797582071261864,24,0.3811799503831757,0.028072266325439667,18479.861783953205,3.2059015739118646,4.204166666666667,72.91083333333333,1.669,22.94,5.668897789778939,7.45492515475206,6.922869448609576,3.1014315425154324,0.7567488381152749,20,0.31336877709312866,313.36877709312864,6267.375541862573,1,passes
AMLF_powerVel_linearK600_ID_powerVel_freewaterK600,LF,2022-10-29,2.5267148056426927,-1.5512512066345157,0.975463599008177,24,0.325135052647371,0.029639783152716134,16640.91922591782,3.487099318158812,4.22125,72.61916666666666,1.669,22.94,5.673551278668696,6.748955104588307,6.431138555595769,2.937528584916658,0.7344779763810098,20,0.31336877709312866,313.36877709312864,6267.375541862573,1,passes
AMLF_powerVel_linearK600_ID_powerVel_freewaterK600,LF,2022-10-30,3.410164089919965,-1.3238508213306068,2.086313268589358,24,0.30454788674071737,0.030295255378402983,15942.462258867918,3.5903926570222047,4.39875,72.82625,1.669,22.94,5.575449428095733,6.94225007747762,6.096344064485049,2.8733260917840133,0.7290350758659195,20,0.31336877709312866,313.36877709312864,6267.375541862573,1,passes
AMLF_powerVel_linearK600_ID_powerVel_freewaterK600,LF,2022-10-31,1.6292535148055078,-2.1079858326332186,-0.47873231782771075,24,0.3182677420586735,0.029843283689892378,16412.068465191205,3.5215551263518785,3.977692307692308,72.63,1.784,23.02,5.730947002353569,5.7189632385033375,6.3895493221216615,2.916844847571998,0.7321983514019784,20,0.31336877709312866,313.36877709312864,6267.375541862573,1,passes
AMLF_powerVel_linearK600_ID_powerVel_freewaterK600,LF,2022-11-08,4.897568537715846,-0.22690086823064065,4.670667669485205,24,0.24340329799822238,0.03278732309200251,13736.598761400768,3.857049588089027,5.153636363636363,72.77181818181818,1.784,23.02,5.13726173136935,6.9618672390818235,4.393602976796199,2.658445720202422,0.7342695664535682,20,0.31336877709312866,313.36877709312864,6267.375541862573,1,passes
AMLF_powerVel_linearK600_ID_powerVel_freewaterK600,LF,2022-11-09,6.101710456434564,0.7877687967618577,6.889479253196422,24,0.1810064716439814,0.036196744618918975,11313.049181536519,3.9337573131782992,5.580416666666666,71.19083333333333,1.784,23.02,4.996649710127482,6.798223637309886,3.5748982465313714,2.405435729056782,0.7950156774027836,20,0.31336877709312866,313.36877709312864,6267.375541862573,1,passes
AMLF_powerVel_linearK600_ID_powerVel_freewaterK600,LF,2022-11-10,2.5770665221060267,-1.6628686566736417,0.914197865432385,24,0.279222977650426,0.03149117331143134,14990.498578919647,3.6813813592710467,4.333333333333333,71.01166666666667,1.784,23.02,5.628435726972882,6.009823565951847,5.72938859901814,2.777208451121101,0.7389289594708989,20,0.31336877709312866,313.36877709312864,6267.375541862573,1,passes
AMLF_powerVel_linearK600_ID_powerVel_freewaterK600,LF,2022-11-11,0.14457743495586425,-5.6687002863020615,-5.524122851346197,24,0.4437547606267206,0.02666996416834756,20420.370638441153,2.891940871010549,3.16625,72.73,1.784,23.02,6.132054217303908,4.590477727203772,7.836978962981697,3.2655386813681653,0.7978426431474249,20,0.31336877709312866,313.36877709312864,6267.375541862573,1,passes
AMLF_powerVel_linearK600_ID_powerVel_freewaterK600,LF,2022-11-12,2.8046470300077484,-3.344795518212646,-0.5401484882048977,24,0.4363288963968826,0.02681060546068242,20199.364738925484,2.9291991470512695,3.8429166666666665,72.76708333333333,1.784,23.02,5.792145468685344,6.609857507411485,7.392385297198968,3.2475685573680466,0.7913331032408223,20,0.31336877709312866,313.36877709312864,6267.375541862573,1,passes
AMLF_powerVel_linearK600_ID_powerVel_freewaterK600,LF,2022-11-13,2.819180108081704,-1.9104825125017348,0.908697595579969,24,0.3576572830373256,0.02871092170052773,17713.78398025954,3.3239233968350717,4.264166666666667,71.8725,1.784,23.02,5.622833487062879,6.933517877210427,6.676238355278087,3.033628727537396,0.7466842919372828,20,0.31336877709312866,313.36877709312864,6267.375541862573,1,passes
AMLF_powerVel_linearK600_ID_powerVel_freewaterK600,LF,2022-11-14,2.6298494950136813,-1.4519531146924127,1.1778963803212685,24,0.28691667504039603,0.03092250092670279,15327.08679840309,3.6788548928146945,4.375,70.93208333333334,1.784,23.02,5.612370211667279,6.341006199622941,5.922133118200061,2.8152514914807436,0.7262459869157082,20,0.31336877709312866,313.36877709312864,6267.375541862573,1,passes
AMLF_powerVel_linearK600_ID_powerVel_freewaterK600,LF,2022-11-15,1.6098775505305296,-5.256068150558395,-3.6461906000278654,24,0.29652698225504354,0.030577976286726292,15663.155224454496,3.6306364675975034,3.569166666666667,72.27875,1.88475,22.900833333333335,5.910803211791327,4.243400753446595,6.352577124339233,2.8470244474636086,0.7276987819326987,20,0.31336877709312866,313.36877709312864,6267.375541862573,1,passes
AMLF_powerVel_linearK600_ID_powerVel_freewaterK600,LF,2022-11-16,4.039043796621605,-1.2615065900149058,2.7775372066066986,24,0.2939514070376821,0.030682723410542973,15570.065843435757,3.6435590701986262,4.74375,72.01541666666667,1.97,22.8,5.301388839057131,6.846690010003349,5.678777672809854,2.837954073812096,0.7276265215131106,20,0.31336877709312866,313.36877709312864,6267.375541862573,1,passes
AMLF_powerVel_linearK600_ID_powerVel_freewaterK600,LF,2022-11-18,7.112068327272874,2.8436580548609416,9.955726382133816,24,0.19378330128038596,0.03535135744296652,11835.179687435962,3.9337573131782992,6.408333333333333,68.1825,1.97,22.8,4.654211321155254,8.35606803251908,3.5560552694693346,2.4625100497648567,0.7764478181813721,20,0.31336877709312866,313.36877709312864,6267.375541862573,1,passes
AMLF_powerVel_linearK600_ID_powerVel_freewaterK600,LF,2022-11-19,6.765762457476399,2.6709441547207002,9.4367066121971,24,0.19509937640743544,0.03526518776934734,11888.849666064085,3.9337573131782992,6.267083333333334,68.60958333333333,1.97,22.8,4.703475022775428,8.155864201191742,3.6081283243746802,2.468363224312872,0.7745552103746435,20,0.31336877709312866,313.36877709312864,6267.375541862573,1,passes
AMLF_powerVel_linearK600_ID_powerVel_freewaterK600,LF,2022-11-20,5.769328938707453,2.409119006829189,8.178447945536641,24,0.1948920205002171,0.035277722348211346,11880.566352284968,3.9337573131782992,6.01125,68.47166666666666,1.97,22.8,4.837585829333031,7.658619189598258,3.7094039639915315,2.46747687068335,0.7748305165330134,20,0.31336877709312866,313.36877709312864,6267.375541862573,1,passes
AMLF_powerVel_linearK600_ID_powerVel_freewaterK600,LF,2022-11-21,8.017301640281612,2.595573315081806,10.612874955363418,24,0.20453966122934109,0.034710456538039544,12263.189625035262,3.9337573131782992,6.44625,69.82375,1.97,22.8,4.5557888144469905,8.747572693678718,3.6670405628803335,2.5081493403914914,0.7623712410625486,20,0.31336877709312866,313.36877709312864,6267.375541862573,1,passes
AMLF_powerVel_linearK600_ID_powerVel_freewaterK600,LF,2022-11-22,6.493988960791838,0.2752431273630699,6.769232088154908,24,0.24435695996431728,0.032689795001535515,13783.110098879084,3.8755998279595008,5.50125,71.37291666666667,1.97,22.8,4.952606543348333,7.799836867824751,4.674335233473496,2.664139800853528,0.7287013484492354,20,0.31336877709312866,313.36877709312864,6267.375541862573,1,passes
AMLF_powerVel_linearK600_ID_powerVel_freewaterK600,LF,2022-11-23,7.206578916780114,-0.9490010005762203,6.2575779162038945,24,0.29410043992514956,0.030669579214735822,15577.161565963668,3.642811317709684,5.1425,72.02625,1.97,22.8,5.101753401773968,7.905963085578189,5.456805787255936,2.8387937591570838,0.7274519691300053,20,0.31336877709312866,313.36877709312864,6267.375541862573,1,passes
AMLF_powerVel_linearK600_ID_powerVel_freewaterK600,LF,2022-11-24,5.717346551865102,-1.9413310483779593,3.7760155034871428,24,0.3350250688464948,0.02933099635329762,16974.80489714905,3.4374774906934604,4.680416666666667,72.51833333333333,1.97,22.8,5.309847648359688,7.358442696428644,6.108658078038661,2.968078040072701,0.7372768252609307,20,0.31336877709312866,313.36877709312864,6267.375541862573,1,passes
AMLF_powerVel_linearK600_ID_powerVel_freewaterK600,LF,2022-11-25,4.911692453885042,-3.530309739080088,1.3813827148049538,24,0.36637076814122993,0.02844544839899387,18006.40546668047,3.2802046560623155,4.255833333333333,73.11875,1.97,22.8,5.494619921655332,6.586334701747464,6.599143527092081,3.0602552956156943,0.749278575196006,20,0.31336877709312866,313.36877709312864,6267.375541862573,1,passes
AMLF_powerVel_linearK600_ID_powerVel_freewaterK600,LF,2022-11-26,3.1892150366166714,-3.2450754773487884,-0.055860440732117045,24,0.3761764310366674,0.028188122206822593,18323.175325242355,3.2310060599645753,4.09875,72.88541666666667,1.97,22.8,5.5835951967558755,6.222469628856266,6.786590725386112,3.0880713395981294,0.7537761985523309,20,0.31336877709312866,313.36877709312864,6267.375541862573,1,passes
AMLF_powerVel_linearK600_ID_powerVel_freewaterK600,LF,2022-11-27,2.7013010993835387,-2.1462476404326316,0.5550534589509071,24,0.3741777351174486,0.028241029875915195,18258.460511381134,3.241034248196255,4.23375,72.53791666666666,1.97,22.8,5.532311249243304,6.5831312452811215,6.709566910790349,3.082376818328675,0.7528797333954208,20,0.31336877709312866,313.36877709312864,6267.375541862573,1,passes
AMLF_powerVel_linearK600_ID_powerVel_freewaterK600,LF,2022-11-28,5.538064698907671,0.11923587996207516,5.657300578869746,24,0.3371907038337131,0.029272302437081444,17045.390171902025,3.426611708117877,5.0475,71.50583333333333,1.97,22.8,5.173723158693423,8.352821629649346,5.97574040845994,2.9743252207138053,0.7381832030856434,20,0.31336877709312866,313.36877709312864,6267.375541862573,1,passes
AMLF_powerVel_linearK600_ID_powerVel_freewaterK600,LF,2022-11-29,5.611660086813303,0.30763840500314377,5.919298491816447,24,0.306658500862045,0.03022449141567446,16015.03056175371,3.5798029342486735,5.155,71.64708333333333,1.97,22.8,5.113433204918061,8.13168442115998,5.61403698206927,2.8800791868358577,0.7294861341464197,20,0.31336877709312866,313.36877709312864,6267.375541862573,1,passes
AMLF_powerVel_linearK600_ID_powerVel_freewaterK600,LF,2022-11-30,3.465610842672815,-0.20682398416510672,3.258786858507708,24,0.3002713044446247,0.030452187490295716,15791.975115696345,3.6118498340950684,4.7716666666666665,71.90291666666667,1.97,22.8,5.292636479674266,7.0597040499152275,5.736346856231201,2.8590183662597948,0.7284895681932713,20,0.31336877709312866,313.36877709312864,6267.375541862573,1,passes
AMLF_powerVel_linearK600_ID_powerVel_freewaterK600,LF,2022-12-01,6.643874499675204,-1.178325878235476,5.465548621439728,24,0.23454255068633487,0.03319977116601589,13406.027829322675,3.8851893157613895,5.100416666666667,70.27208333333333,1.97,22.8,5.205708741854767,6.785410771676654,4.704486492449346,2.6252165602205495,0.7381375110127878,20,0.31336877709312866,313.36877709312864,6267.375541862573,1,passes
AMLF_powerVel_linearK600_ID_powerVel_freewaterK600,LF,2022-12-02,-8.866315935543533,-2.671269968791563,-11.537585904335096,24,0.2053771297190184,0.03466403973719254,12295.906021916424,3.9337573131782992,1.9583333333333333,70.0425,1.97,22.8,6.788985127882785,-0.02662390440794671,5.48404213247827,2.5115786607043415,0.7613517547867312,20,0.31336877709312866,313.36877709312864,6267.375541862573,1,passes
AMLF_powerVel_linearK600_ID_powerVel_freewaterK600,LF,2022-12-03,3.5323831659318827,-4.797505828606998,-1.2651226626751155,24,0.24641140840277365,0.03257804223736934,13863.241959574252,3.8763578129256997,3.8604166666666666,71.38958333333333,1.97,22.8,5.7729960155564966,4.182826304572989,5.509545052122121,2.6725093942355116,0.7261068223090162,20,0.31336877709312866,313.36877709312864,6267.375541862573,1,passes
AMLF_powerVel_linearK600_ID_powerVel_freewaterK600,LF,2022-12-04,4.704776425366234,-0.5224598194788037,4.18231660588743,24,0.2657714484638069,0.031737999063311505,14573.831054012588,3.784948226108955,4.939583333333333,71.86625,1.97,22.8,5.210902901231991,6.897858549216227,5.242303266676266,2.74279488010634,0.7244930439481406,20,0.31336877709312866,313.36877709312864,6267.375541862573,1,passes
AMLF_powerVel_linearK600_ID_powerVel_freewaterK600,LF,2022-12-05,7.085166340813846,-0.873693696193765,6.2114726446200805,24,0.2963078821725697,0.030589139295286796,15654.669669459725,3.631735772823224,5.131666666666667,72.2425,1.97,22.8,5.096945324550862,7.919180237553633,5.476682251660893,2.846149840343806,0.727752804127665,20,0.31336877709312866,313.36877709312864,6267.375541862573,1,passes
AMLF_powerVel_linearK600_ID_powerVel_freewaterK600,LF,2022-12-06,6.656343360371938,-1.5807611962658714,5.075582164106066,24,0.32445664497784743,0.029647496322110202,16621.73741613986,3.490503137490397,4.883333333333334,72.62416666666667,1.97,22.8,5.203662956640934,7.741612339489653,5.890246637156437,2.9360896496988453,0.7338642462101101,20,0.31336877709312866,313.36877709312864,6267.375541862573,1,passes
AMLF_powerVel_linearK600_ID_powerVel_freewaterK600,LF,2022-12-07,6.41399083134355,-0.5936159266213783,5.820374904722171,24,0.31221982437081797,0.03004124659398929,16205.396182192737,3.5518997407578694,5.074166666666667,72.17791666666666,1.97,22.8,5.129025920815422,8.015390122094772,5.689169899564097,2.8977214286157595,0.7307670217527703,20,0.31336877709312866,313.36877709312864,6267.375541862573,1,passes
AMLF_powerVel_linearK600_ID_powerVel_freewaterK600,LF,2022-12-08,6.71305835213772,0.015170152911991546,6.728228505049712,24,0.295188730454536,0.030619181450793016,15618.06003679846,3.637350966200232,5.270833333333333,72.08458333333333,1.97,22.8,5.035163393443777,8.21448815022599,5.408531247636611,2.8429096062481882,0.7273156269201424,20,0.31336877709312866,313.36877709312864,6267.375541862573,1,passes
AMLF_powerVel_linearK600_ID_powerVel_freewaterK600,LF,2022-12-09,6.815681457646682,-0.3463790460382628,6.469302411608419,23,0.2942577439595147,0.03065174064293248,15585.703916213972,3.6420220658524864,5.256521739130434,72.03782608695653,1.97,22.8,5.044266069283585,8.173367856803305,5.4058075534133305,2.8398683177987825,0.7271539021725867,20,0.31336877709312866,313.36877709312864,6267.375541862573,1,passes
AMLF_powerVel_linearK600_ID_powerVel_freewaterK600,LF,2022-12-10,7.49344427564966,0.2425430454640741,7.7359873211137336,24,0.28287782832152536,0.03107082513277461,15184.996193401721,3.699119263570787,5.4575,72.00708333333333,1.97,22.8,4.945311278997757,8.439848168696237,5.176096277321502,2.8017413147070713,0.7257247355948999,20,0.31336877709312866,313.36877709312864,6267.375541862573,1,passes
AMLF_powerVel_linearK600_ID_powerVel_freewaterK600,LF,2022-12-11,7.3300231095028545,0.670785888861717,8.00080899836457,24,0.2695816180434343,0.03158155877164787,14711.769106461556,3.7658312121741595,5.564166666666667,71.56041666666667,1.97,22.8,4.912206338051295,8.433109686643737,4.98764162251488,2.7562624753607703,0.7245802719908734,20,0.31336877709312866,313.36877709312864,6267.375541862573,1,passes
AMLF_powerVel_linearK600_ID_powerVel_freewaterK600,LF,2022-12-12,7.374192470446398,1.0641043052013919,8.43829677564779,24,0.2650098838777788,0.031767877891990745,14546.578979418466,3.7887692740962127,5.67,71.39375,1.97,22.8,4.86739297099195,8.58156951872132,4.888261811334509,2.7401626721168997,0.7244427632268599,20,0.31336877709312866,313.36877709312864,6267.375541862573,1,passes
AMLF_powerVel_linearK600_ID_powerVel_freewaterK600,LF,2022-12-13,7.812384314839535,1.5508151946037432,9.3631995094432785,23,0.256980703429556,0.032110533608024294,14253.034713075358,3.8290546082016497,5.823043478260869,70.92782608695653,1.97,22.8,4.812975364131494,8.739609491725124,4.738615076159551,2.711239051210378,0.7245537042335521,20,0.31336877709312866,313.36877709312864,6267.375541862573,1,passes
AMLF_powerVel_linearK600_ID_powerVel_freewaterK600,LF,2022-12-14,6.400091009331301,0.27768432282439937,6.6777753321557,24,0.3394592619421311,0.029274818604617666,17100.757865729942,3.415229522610333,5.182083333333334,71.56875,1.97,22.8,5.103594187809613,8.71210268054043,5.883415571671487,2.977644257977016,0.7413785734969525,20,0.31336877709312866,313.36877709312864,6267.375541862573,1,passes
AMLF_powerVel_linearK600_ID_powerVel_freewaterK600,LF,2022-12-15,-0.8216632491990385,-3.0179739237932655,-3.839637172992304,24,0.4407437193469199,0.02670896526532802,20337.415525419576,2.907048366071129,3.6345833333333335,71.95625,1.97,22.8,5.858673109393142,5.400068091245063,7.502912567290735,3.2593234265341615,0.7939640433928062,20,0.31336877709312866,313.36877709312864,6267.375541862573,1,passes
AMLF_powerVel_linearK600_ID_powerVel_freewaterK600,LF,2022-12-16,9.221605051942479,2.6667714520879993,11.888376504030479,24,0.3326255595413348,0.029543005706227962,16855.950647494185,3.4495167062361713,6.037916666666667,69.76,1.97,22.8,4.7616039758248565,10.821669610785916,5.423717492091884,2.9539908931247494,0.7409744212935615,20,0.31336877709312866,313.36877709312864,6267.375541862573,1,passes
AMLF_powerVel_linearK600_ID_powerVel_freewaterK600,LF,2022-12-17,8.258900239734958,3.4094683897297746,11.668368629464732,24,0.22376614287108637,0.033661101279009384,13011.256558785204,3.9312170485864644,6.5320833333333335,68.71958333333333,1.97,22.8,4.565816215027614,9.452891604673756,4.022826610775156,2.5862729996980685,0.7397916643005323,20,0.31336877709312866,313.36877709312864,6267.375541862573,1,passes
AMLF_powerVel_linearK600_ID_powerVel_freewaterK600,LF,2022-12-18,9.30695211655146,3.6057381767262555,12.912690293277716,24,0.21056666163491042,0.034364041895983036,12500.84105491566,3.9337573131782992,6.830416666666666,68.27666666666667,1.97,22.8,4.4383823956823525,9.666051667062975,3.684807682076216,2.5332758082070304,0.7547626819444213,20,0.31336877709312866,313.36877709312864,6267.375541862573,1,passes
AMLF_powerVel_linearK600_ID_powerVel_freewaterK600,LF,2022-12-19,9.849946095702748,5.014972375275305,14.864918470978054,24,0.2015477813608167,0.034882674876369736,12145.175886072608,3.9337573131782992,7.348333333333334,67.02416666666667,1.97,22.8,4.2447578152557055,10.400109334935209,3.370564576148468,2.4956677243896124,0.7661537988685121,20,0.31336877709312866,313.36877709312864,6267.375541862573,1,passes
AMLF_powerVel_linearK600_ID_powerVel_freewaterK600,LF,2022-12-20,8.441665789328825,2.7805252921171237,11.22219108144595,24,0.23899299148551884,0.032928718343061894,13584.987644070663,3.896873789696801,6.321666666666666,69.33791666666667,1.97,22.8,4.640015085366354,9.450559522932902,4.311225690310903,2.6444235908770937,0.7300310452800379,20,0.31336877709312866,313.36877709312864,6267.375541862573,1,passes
AMLF_powerVel_linearK600_ID_powerVel_freewaterK600,LF,2022-12-21,9.82059899340875,1.774756010337353,11.595355003746102,24,0.2695007276172592,0.031597467983976404,14705.928472721973,3.7662370690191276,6.178333333333334,69.33500000000001,1.97,22.8,4.711495707163859,9.900452229055833,4.773261642438732,2.755432874041299,0.7248794879584188,20,0.31336877709312866,313.36877709312864,6267.375541862573,1,passes
AMLF_powerVel_linearK600_ID_powerVel_freewaterK600,LF,2022-12-22,10.088613042754227,1.2491336783582243,11.337746721112453,24,0.33397444005063076,0.029378699816441613,16935.127854623643,3.4427488795151606,5.835416666666667,70.0325,1.97,22.8,4.849200567164989,10.489708598989232,5.557458518799341,2.9640954285694727,0.7374677434769428,20,0.31336877709312866,313.36877709312864,6267.375541862573,1,passes
AMLF_powerVel_linearK600_ID_powerVel_freewaterK600,LF,2022-12-23,7.830333435871184,0.5118588416302035,8.342192277501388,24,0.32929959938609876,0.029542146095158327,16772.711026903246,3.4662042644420294,5.517083333333333,69.43708333333333,1.97,22.8,5.038723893325637,9.320275182375516,5.759051926478238,2.948831447715832,0.7366461273049639,20,0.31336877709312866,313.36877709312864,6267.375541862573,1,passes
AMLF_powerVel_linearK600_ID_powerVel_freewaterK600,LF,2022-12-24,11.64432340398267,7.2496786176384616,18.89400202162113,24,0.22276336661170498,0.03380235003683211,12955.781706311052,3.90464777277635,8.1125,63.677083333333336,1.97,22.8,4.037647141519439,12.61221309328581,3.5314324813372626,2.5789296603729497,0.7477873161807187,20,0.31336877709312866,313.36877709312864,6267.375541862573,1,passes
AMLF_powerVel_linearK600_ID_powerVel_freewaterK600,LF,2022-12-25,11.367192803023007,6.810410053111808,18.177602856134815,24,0.20075358626356307,0.0349278723628817,12113.936363656365,3.9337573131782992,8.127083333333333,63.51166666666667,1.97,22.8,4.040845105182913,11.899510319365744,3.19044078712427,2.49237249430719,0.7671465044483788,20,0.31336877709312866,313.36877709312864,6267.375541862573,1,passes
AMLF_powerVel_linearK600_ID_powerVel_freewaterK600,LF,2022-12-26,10.814651818543428,6.133443096939253,16.94809491548268,23,0.21833930266284618,0.03393942157938142,12803.40035496579,3.9337573131782992,7.637391304347826,64.87565217391304,1.97,22.8,4.212079089920547,11.58073512822151,3.6155147054371466,2.564882577421816,0.7454364341783287,20,0.31336877709312866,313.36877709312864,6267.375541862573,1,passes
AMLF_powerVel_linearK600_ID_powerVel_freewaterK600,LF,2022-12-27,9.433255314812719,5.611428832537186,15.044684147349905,24,0.23025713208400536,0.033327802868618465,13260.003860318388,3.9337573131782992,7.23125,66.2975,1.97,22.8,4.340714738397615,11.133802114532987,3.929945581047663,2.6118806466851923,0.7320030033886638,20,0.31336877709312866,313.36877709312864,6267.375541862573,1,passes
AMLF_powerVel_linearK600_ID_powerVel_freewaterK600,LF,2022-12-28,8.472511415052756,5.156146319491507,13.628657734544262,24,0.2246200014556448,0.0336130876947582,13044.788219891358,3.9337573131782992,6.983333333333333,67.36083333333333,1.97,22.8,4.410938418114598,10.43661978662704,3.8986546773183464,2.5898014359720976,0.7382689234788277,20,0.31336877709312866,313.36877709312864,6267.375541862573,1,passes
AMLF_powerVel_linearK600_ID_powerVel_freewaterK600,LF,2022-12-29,8.686437577204577,4.087189281186928,12.773626858391506,24,0.21312828204681614,0.034217846922516414,12601.685455498251,3.9337573131782992,6.801666666666667,69.06041666666667,1.97,22.8,4.4154545760770905,9.708056310930111,3.7045135730691627,2.543920647673293,0.7515516944070864,20,0.31336877709312866,313.36877709312864,6267.375541862573,1,passes
AMLF_powerVel_linearK600_ID_powerVel_freewaterK600,LF,2022-12-30,9.059316798291027,2.8912956543893538,11.950612452680382,24,0.2302977392928357,0.03334108322289793,13258.559951460773,3.923127260920428,6.475416666666667,70.26416666666667,1.97,22.8,4.519411090767187,9.537937125655617,4.076632661307232,2.6114497497563844,0.7342535996752483,20,0.31336877709312866,313.36877709312864,6267.375541862573,1,passes
AMLF_powerVel_linearK600_ID_powerVel_freewaterK600,LF,2022-12-31,4.780032488040527,1.311816851471262,6.091849339511789,24,0.25887445270763815,0.03202240835191341,14323.888703375304,3.819552975641336,5.34375,71.54708333333333,1.97,22.8,5.023099170778944,7.720930618441045,4.964023918399255,2.71836738105156,0.7243610002188877,20,0.31336877709312866,313.36877709312864,6267.375541862573,1,passes
AMLF_powerVel_linearK600_ID_powerVel_freewaterK600,LF,2023-01-01,8.929310448826595,1.5574334666359113,10.486743915462506,23,0.2430287661912251,0.03273200431513789,13737.563708831201,3.8897471306544715,6.138695652173913,72.05608695652174,1.97,22.8,4.602497317960697,9.116074526692689,4.3534771547564795,2.6599366938035245,0.7270232780189715,20,0.31336877709312866,313.36877709312864,6267.375541862573,1,passes
AMLF_powerVel_linearK600_ID_powerVel_freewaterK600,LF,2023-01-02,8.663786115779377,1.9312253743477095,10.595011490127087,24,0.21934209441560773,0.03388608370196488,12842.168106001578,3.9337573131782992,6.2195833333333335,71.66375,1.97,22.8,4.581028555358805,8.693560668321542,3.957101651710637,2.5689067971495607,0.7442649352164201,20,0.31336877709312866,313.36877709312864,6267.375541862573,1,passes
AMLF_powerVel_linearK600_ID_powerVel_freewaterK600,LF,2023-01-03,9.27924575514084,1.347387759358688,10.626633514499527,24,0.2639806605282347,0.031857644540931825,14498.662447297631,3.7928561594270405,5.987916666666667,71.82416666666667,1.97,22.8,4.689026158134854,9.32620290604967,4.673874315115085,2.734515984495621,0.7257175393117772,20,0.31336877709312866,313.36877709312864,6267.375541862573,1,passes
AMLF_powerVel_linearK600_ID_powerVel_freewaterK600,LF,2023-01-04,7.735453859075914,-1.674127641877736,6.061326217198178,24,0.32066201355385304,0.029771330759411643,16492.15801250423,3.5095421908169966,4.680714285714286,72.10142857142857,1.749,23.57,5.377362757486723,7.667334609440875,5.98089742954945,2.9241079938899426,0.7329566196165853,20,0.31336877709312866,313.36877709312864,6267.375541862573,1,passes
AMLF_powerVel_linearK600_ID_powerVel_freewaterK600,LF,2023-01-05,9.25231075220066,0.2437691200131804,9.49607987221384,24,0.2965446932764403,0.03060347481992721,15657.23405287449,3.630547604927282,5.540416666666666,71.40208333333334,1.749,23.57,4.980177703955951,9.367743738485315,5.370415605060684,2.8458921941661677,0.72839646603122,20,0.31336877709312866,313.36877709312864,6267.375541862573,1,passes
AMLF_powerVel_linearK600_ID_powerVel_freewaterK600,LF,2023-01-06,9.41305084627781,3.81771707045422,13.230767916732031,24,0.22848924362564493,0.03345146405819623,13185.835323283158,3.9140665575716738,6.645,68.78208333333333,1.749,23.57,4.554662843618629,10.238633351467229,4.08952720775318,2.603641348743039,0.7383459555127899,20,0.31336877709312866,313.36877709312864,6267.375541862573,1,passes
AMLF_powerVel_linearK600_ID_powerVel_freewaterK600,LF,2023-01-07,9.137351981950234,4.629020062309625,13.766372044259858,24,0.20889229045839644,0.03445439960357351,12435.856865795915,3.9337573131782992,6.790909090909091,67.62181818181818,1.749,23.57,4.540802863705562,10.003811821016653,3.73539833338317,2.526506581556459,0.7567472746160798,20,0.31336877709312866,313.36877709312864,6267.375541862573,1,passes
AMLF_powerVel_linearK600_ID_powerVel_freewaterK600,LF,2023-01-08,9.544510871691676,3.828544551704964,13.37305542339664,24,0.23255457765922638,0.03322315958218655,13345.443429655536,3.9253013917974022,6.564347826086957,68.68782608695652,1.749,23.57,4.602353068708415,10.257523759587903,4.1922967348446605,2.6204315114749,0.731263448097716,20,0.31336877709312866,313.36877709312864,6267.375541862573,1,passes
AMLF_powerVel_linearK600_ID_powerVel_freewaterK600,LF,2023-01-09,8.162735674925536,2.436811225767544,10.59954690069308,24,0.24596599908441108,0.03258520098669618,13849.409819457755,3.8843194073275664,6.008333333333334,70.18875,1.749,23.57,4.80490049445717,9.41295845213988,4.590345372556507,2.671379157747345,0.7248014181104926,20,0.31336877709312866,313.36877709312864,6267.375541862573,1,passes
AMLF_powerVel_linearK600_ID_powerVel_freewaterK600,LF,2023-01-10,9.898574169457483,3.8136813484854857,13.712255517942967,23,0.2356896455606048,0.03306405001566267,13465.231279613286,3.928086501249425,6.705652173913044,68.9491304347826,1.749,23.57,4.51660399902475,10.642664900896092,4.183377978074955,2.6327292453623707,0.7272556153040152,20,0.31336877709312866,313.36877709312864,6267.375541862573,1,passes
AMLF_powerVel_linearK600_ID_powerVel_freewaterK600,LF,2023-01-11,9.541682009029907,4.086213258569197,13.627895267599104,24,0.2361126398937222,0.03304636422024436,13480.637539548636,3.921892686431895,6.5945833333333335,68.94833333333334,1.616,22.95,4.690617271146635,10.701854242495832,4.342529004568006,2.634240660239729,0.7280082525458503,20,0.31336877709312866,313.36877709312864,6267.375541862573,1,passes
AMLF_powerVel_linearK600_ID_powerVel_freewaterK600,LF,2023-01-12,9.305267156681337,3.293893368936715,12.599160525618052,24,0.2597355246079763,0.03199101359522376,14354.190631793812,3.8152326630742412,6.230833333333333,69.81458333333333,1.616,22.95,4.828389548809207,10.578767669328679,4.780135222165038,2.7212457091992963,0.7244702786777606,20,0.31336877709312866,313.36877709312864,6267.375541862573,1,passes
AMLF_powerVel_linearK600_ID_powerVel_freewaterK600,LF,2023-01-13,8.660616802042298,2.4954392749385987,11.156056076980898,24,0.25175305484440524,0.03234580653864339,14059.400741301506,3.851854781541944,6.04,69.25,1.616,22.95,4.950482362046431,9.871065455193124,4.806802210627983,2.691920860349424,0.7255179990901285,20,0.31336877709312866,313.36877709312864,6267.375541862573,1,passes
AMLF_powerVel_linearK600_ID_powerVel_freewaterK600,LF,2023-01-14,11.123910736728918,6.396999468891432,17.52091020562035,24,0.20604140915203745,0.03463861555255285,12319.847536861678,3.9337573131782992,7.690833333333333,65.04,1.616,22.95,4.340492065191395,11.898923208056374,3.532377377565989,2.5138899486955473,0.7607933447532729,20,0.31336877709312866,313.36877709312864,6267.375541862573,1,passes
AMLF_powerVel_linearK600_ID_powerVel_freewaterK600,LF,2023-01-15,11.459128792894248,6.389868400068988,17.848997192963235,24,0.19885342051361005,0.03503797424870226,12038.850255912006,3.9337573131782992,7.804166666666666,64.21625,1.616,22.95,4.330342946964669,11.887987573250479,3.385927342837634,2.4844183576718133,0.7695647530025099,20,0.31336877709312866,313.36877709312864,6267.375541862573,1,passes
AMLF_powerVel_linearK600_ID_powerVel_freewaterK600,LF,2023-01-16,10.21342355539161,5.177423641898634,15.390847197290245,24,0.21220344539063923,0.034276508094340276,12564.207390704629,3.9337573131782992,7.148333333333333,66.085,1.616,22.95,4.5595071381895895,11.082369515454781,3.8066125762674066,2.5398619392854895,0.7528401127923798,20,0.31336877709312866,313.36877709312864,6267.375541862573,1,passes
AMLF_powerVel_linearK600_ID_powerVel_freewaterK600,LF,2023-01-17,10.218252304972667,4.03317910270886,14.251431407681526,24,0.2438175763050631,0.032693233157415846,13767.45547391022,3.888841724563385,6.648333333333333,68.20458333333333,1.616,22.95,4.700737957566467,11.06071412309118,4.450421186105734,2.662982155899057,0.7263384971786379,20,0.31336877709312866,313.36877709312864,6267.375541862573,1,passes
AMLF_powerVel_linearK600_ID_powerVel_freewaterK600,LF,2023-01-18,11.281544466599117,1.9786219771813023,13.260166443780419,23,0.2741292355873662,0.03141319430964124,14872.156499488592,3.743014152161317,6.073913043478261,70.5313043478261,1.616,22.95,4.872560443002769,10.60802930964636,4.989133314866783,2.771543690053011,0.7251235241285948,20,0.31336877709312866,313.36877709312864,6267.375541862573,1,passes
AMLF_powerVel_linearK600_ID_powerVel_freewaterK600,LF,2023-01-19,10.823055068254849,0.9993766487433641,11.822431716998214,24,0.31023360783120135,0.03010820027181633,16137.012856949015,3.5618653153791136,5.7375,71.28333333333333,1.616,22.95,5.005210395145913,10.61920385529908,5.526627865092596,2.8913496892810864,0.7303524036080665,20,0.31336877709312866,313.36877709312864,6267.375541862573,1,passes
AMLF_powerVel_linearK600_ID_powerVel_freewaterK600,LF,2023-01-20,10.591551071750244,0.4055089696663179,10.997060041416562,24,0.30704446227294613,0.03022216301977963,16025.555764403318,3.5778664247269076,5.638333333333334,71.05458333333334,1.616,22.95,5.064481840837722,10.22085719572284,5.571164016854887,2.8808194744066133,0.7298648401701335,20,0.31336877709312866,313.36877709312864,6267.375541862573,1,passes
AMLF_powerVel_linearK600_ID_powerVel_freewaterK600,LF,2023-01-21,7.870726972184962,2.718315677711653,10.589042649896616,24,0.28357108092052724,0.031042861354811477,15209.988576495527,3.6956409618000956,5.812916666666666,68.89166666666667,1.616,22.95,5.080716071445006,10.188460517545035,5.323306800469504,2.8041714524442987,0.7257512451738716,20,0.31336877709312866,313.36877709312864,6267.375541862573,1,passes
AMLF_powerVel_linearK600_ID_powerVel_freewaterK600,LF,2023-01-22,9.66683898392974,0.13669888306523317,9.803537866994972,24,0.3294798363287979,0.02950554567430371,16787.243975825604,3.4652999497985113,5.350416666666667,71.1975,1.616,22.95,5.202554304927437,10.034455743802061,5.926865152043284,2.9508846578722054,0.7357441292894473,20,0.31336877709312866,313.36877709312864,6267.375541862573,1,passes
AMLF_powerVel_linearK600_ID_powerVel_freewaterK600,LF,2023-01-23,10.002377269801375,2.0325801963510948,12.03495746615247,24,0.29150930079841253,0.030816649080167187,15473.256256953226,3.655812010134946,5.9775,70.30291666666666,1.616,22.95,4.9306254602517345,10.616031287589763,5.262702310634386,2.827791942109963,0.72846667311438,20,0.31336877709312866,313.36877709312864,6267.375541862573,1,passes
AMLF_powerVel_linearK600_ID_powerVel_freewaterK600,LF,2023-01-24,11.496231585736114,5.032054778130679,16.52828636386679,24,0.2305627285771936,0.03332958300454782,13268.220504877338,3.919067050185963,7.18,68.74083333333333,1.616,22.95,4.4076068762713945,11.720771291967939,3.995309510668328,2.61240303049636,0.7347477334094128,20,0.31336877709312866,313.36877709312864,6267.375541862573,1,passes
AMLF_powerVel_linearK600_ID_powerVel_freewaterK600,LF,2023-01-25,6.005497303196372,1.2418566462663858,7.247353949462758,24,0.32348243333861926,0.02971369034622288,16579.311370535055,3.495391113496018,5.110416666666667,70.90916666666666,1.616,22.95,5.335086695643895,9.243426913579246,6.016719993592031,2.931378563277477,0.7346423074852436,20,0.31336877709312866,313.36877709312864,6267.375541862573,1,passes
AMLF_powerVel_linearK600_ID_powerVel_freewaterK600,LF,2023-01-26,11.125921521809254,3.124157726493495,14.250079248302749,24,0.30532018363509045,0.030335102561063164,15952.44700866728,3.586517761119809,6.267916666666666,69.39583333333333,1.616,22.95,4.829696854252529,11.74185294352074,5.283626968979012,2.872787715183328,0.730972881155316,20,0.31336877709312866,313.36877709312864,6267.375541862573,1,passes
AMLF_powerVel_linearK600_ID_powerVel_freewaterK600,LF,2023-01-27,11.182071497324843,6.574683153014796,17.756754650339637,24,0.2046231914501498,0.03473697689619065,12260.931826170294,3.9329910281419855,7.7370833333333335,66.48041666666667,1.616,22.95,4.24260615705059,11.926373150125535,3.4319448536482193,2.5073698083689586,0.7630950180959751,20,0.31336877709312866,313.36877709312864,6267.375541862573,1,passes
AMLF_powerVel_linearK600_ID_powerVel_freewaterK600,LF,2023-01-28,11.418540890389819,6.195875071624516,17.614415962014334,23,0.20012238727312018,0.03497428833321907,12087.305663212852,3.9337573131782992,7.751739130434783,66.23913043478261,1.616,22.95,4.249862498916939,11.814504810488682,3.3479054698357738,2.4893836412247716,0.7681659724831033,20,0.31336877709312866,313.36877709312864,6267.375541862573,1,passes
AMLF_powerVel_linearK600_ID_powerVel_freewaterK600,LF,2023-01-29,11.456916205888913,4.674931877620528,16.13184808350944,24,0.24910553167936025,0.03248835826748343,13956.35518252285,3.853780724523214,6.917916666666667,70.76125,1.616,22.95,4.440077550545891,11.760154155190454,4.259395474124766,2.6811827411254052,0.7283020109924724,20,0.31336877709312866,313.36877709312864,6267.375541862573,1,passes
AMLF_powerVel_linearK600_ID_powerVel_freewaterK600,LF,2023-01-30,11.165650997832824,0.7742898766563868,11.93994087448921,24,0.3065432713739464,0.03023775127829813,16008.635737428343,3.580381082723077,5.7283333333333335,72.30791666666667,1.616,22.95,4.962129288168489,10.538416276754521,5.4343925996079525,2.8792722465380973,0.7297241298964091,20,0.31336877709312866,313.36877709312864,6267.375541862573,1,passes
AMLF_powerVel_linearK600_ID_powerVel_freewaterK600,LF,2023-01-31,12.158423172365934,0.2830072142274452,12.44143038659338,24,0.32564658523415563,0.02961038012850303,16661.905584969398,3.484532772133682,5.696666666666667,72.84041666666667,1.616,22.95,4.952888685898084,10.850642886837099,5.61954569005195,2.9397642285489742,0.7342008524611306,20,0.31336877709312866,313.36877709312864,6267.375541862573,1,passes
AMLF_powerVel_linearK600_ID_powerVel_freewaterK600,LF,2023-02-01,11.375249870424229,0.17825051075615966,11.553500381180388,24,0.3451996436353956,0.029031840979797465,17313.08502658641,3.386427928736941,5.650833333333333,72.22458333333333,1.616,22.95,5.003741323582615,11.15514561042312,5.8449370598190935,2.9985922611021567,0.740758747149078,20,0.31336877709312866,313.36877709312864,6267.375541862573,1,passes
AMLF_powerVel_linearK600_ID_powerVel_freewaterK600,LF,2023-02-02,12.405739661123267,-1.0752842710959059,11.33045539002736,24,0.3933836036958182,0.027766752105467914,18869.33900122828,3.144671383087651,5.39625,72.27708333333334,1.616,22.95,5.129043781670619,11.437474447135045,6.333956082630497,3.1352507919327253,0.7630061396722,20,0.31336877709312866,313.36877709312864,6267.375541862573,1,passes
AMLF_powerVel_linearK600_ID_powerVel_freewaterK600,LF,2023-02-03,6.897783565801217,-2.0442817633602184,4.853501802440999,24,0.3915222439219052,0.027814665850245404,18809.49636674672,3.154010505662621,4.624583333333334,70.99249999999999,1.616,22.95,5.5740003260201325,8.941146229259239,6.8869813834204665,3.130019710890872,0.7621156212014565,20,0.31336877709312866,313.36877709312864,6267.375541862573,1,passes
AMLF_powerVel_linearK600_ID_powerVel_freewaterK600,LF,2023-02-04,12.534790115899044,4.547900664208605,17.082690780107647,24,0.33520155059529605,0.029324255774887804,16981.091116142798,3.4365920172307804,6.638333333333334,69.39291666666666,1.616,22.95,4.64574136463599,13.565953290104128,5.357394960537405,2.968681777938196,0.7372913034699763,20,0.31336877709312866,313.36877709312864,6267.375541862573,1,passes
AMLF_powerVel_linearK600_ID_powerVel_freewaterK600,LF,2023-02-05,13.164597980519876,1.9783777588418914,15.142975739361766,24,0.3692200054601588,0.028397958553344923,18089.87668002634,3.2659089906355736,6.08875,70.96375,1.616,22.95,4.844977359910309,12.926148166156327,5.820752805712027,3.0668858320043335,0.7517267696856649,20,0.31336877709312866,313.36877709312864,6267.375541862573,1,passes
AMLF_powerVel_linearK600_ID_powerVel_freewaterK600,LF,2023-02-06,12.0051033174409,-0.20397332338493365,11.801129994055966,24,0.4470526380445251,0.026582268630451,20527.802458528702,2.8753942141665823,5.303333333333334,70.88333333333334,1.616,22.95,5.241097247308667,12.120020260149614,6.728166789822707,3.2750146269352043,0.7990200299715785,20,0.31336877709312866,313.36877709312864,6267.375541862573,1,passes
AMLF_powerVel_linearK600_ID_powerVel_freewaterK600,LF,2023-02-07,10.305598677804744,0.04293733604379288,10.348536013848536,24,0.476402119678475,0.026006105056893776,21408.34740793941,2.7281371334384033,5.327916666666667,71.07541666666667,2.028,22.875,5.020368503547713,11.270673571170803,6.524016453486576,3.347196303803837,0.8236372996677547,20,0.31336877709312866,313.36877709312864,6267.375541862573,1,passes
AMLF_powerVel_linearK600_ID_powerVel_freewaterK600,LF,2023-02-08,6.946200525517052,-3.4210850734874243,3.525115452029628,24,0.4908390192742113,0.025742750087511,21833.525073460827,2.6557019294457445,4.72375,71.81291666666667,2.44,22.8,5.087127503199547,7.96099489848879,6.63040740576583,3.3814503897921737,0.8375516453203016,20,0.31336877709312866,313.36877709312864,6267.375541862573,1,passes
AMLF_powerVel_linearK600_ID_powerVel_freewaterK600,LF,2023-02-09,7.027220786795106,-4.779833781901997,2.247387004893109,23,0.513300389508621,0.025353427638019975,22486.468483773417,2.5430050221842575,4.4339130434782605,72.05173913043478,2.44,22.8,5.220117772961638,7.166154224780619,6.812486020292571,3.4334208567573974,0.8615179302596394,20,0.31336877709312866,313.36877709312864,6267.375541862573,1,passes
AMLF_powerVel_linearK600_ID_powerVel_freewaterK600,LF,2023-02-10,4.07741650094061,-7.416388295996669,-3.338971795056059,24,0.5324479231188093,0.0250382585447076,23035.812432162944,2.4469348449406687,3.8033333333333332,72.75125,2.44,22.8,5.50274258882337,5.019946885083569,7.168341315817319,3.4766134977405034,0.8841940306238352,20,0.31336877709312866,313.36877709312864,6267.375541862573,1,passes
AMLF_powerVel_linearK600_ID_powerVel_freewaterK600,LF,2023-02-11,0.7361577596295871,-4.500331969241544,-3.764174209611957,24,0.5820265002404168,0.024295976287714727,24424.10140633661,2.198180995566388,3.723333333333333,71.77374999999999,2.44,22.8,5.58762308723347,5.038319053011928,7.138593229854203,3.583340052434252,0.9566561586355172,20,0.31336877709312866,313.36877709312864,6267.375541862573,0.3333333333333333,too fast
AMLF_powerVel_linearK600_ID_powerVel_freewaterK600,LF,2023-02-12,7.017351125291694,-4.4955089246410465,2.5218422006506476,24,0.6219401336002923,0.02374624157257615,25518.317201065267,1.9979197029433768,4.27375,70.48375,2.44,22.8,5.373292161956374,7.4539207741802604,6.672702175935468,3.665813683414649,1.0273578415528053,20,0.31336877709312866,313.36877709312864,6267.375541862573,0,too fast
AMLF_powerVel_linearK600_ID_powerVel_freewaterK600,LF,2023-02-13,10.955462350709183,-0.0276646741406418,10.927797676568542,24,0.5505668468579134,0.02476147795466152,23545.831569219336,2.3560255795221408,5.430416666666667,70.59166666666667,2.44,22.8,4.791183716566112,11.207598444942953,6.201329899360758,3.5160103693545635,0.9093903858847935,20,0.31336877709312866,313.36877709312864,6267.375541862573,0.8333333333333334,passes
AMLF_powerVel_linearK600_ID_powerVel_freewaterK600,LF,2023-02-14,10.921082628484212,-1.7163521835969422,9.20473044488727,23,0.5410660696475462,0.024908776624184163,23277.42273923034,2.4036944526592094,5.175652173913043,70.79304347826087,2.44,22.8,4.909461252690204,10.151395890556335,6.373211199335385,3.495204791082498,0.896520446736799,20,0.31336877709312866,313.36877709312864,6267.375541862573,0.9130434782608695,passes
AMLF_powerVel_linearK600_ID_powerVel_freewaterK600,LF,2023-02-15,9.310235248363881,-5.043809057145616,4.266426191218265,24,0.6244076101461385,0.023720682989046404,25581.529801259723,1.9855394709025407,4.4,71.57166666666667,2.44,22.8,5.2602915155711045,8.04831974198443,6.5131918257715276,3.6702748317458758,1.0351110863200352,20,0.31336877709312866,313.36877709312864,6267.375541862573,0,too fast
AMLF_powerVel_linearK600_ID_powerVel_freewaterK600,LF,2023-02-16,7.983887604737555,-6.544116869278604,1.4397707354589517,24,0.710382755055964,0.0226987917710395,27851.153131012426,1.5541707328612486,3.819166666666667,72.48791666666666,2.44,22.8,5.507458963483553,6.192892734667867,6.078340886689063,3.8354587813662233,1.2693955227438218,20,0.31336877709312866,313.36877709312864,6267.375541862573,0,too fast
AMLF_powerVel_linearK600_ID_powerVel_freewaterK600,LF,2023-02-17,3.030613867658314,-6.96627447170829,-3.9356606040499758,24,0.7906336963289559,0.021881320421338748,29888.423568708597,1.1515224174688763,3.0570833333333334,72.5125,2.44,22.8,5.88702688572085,2.977529059686322,5.361896375851585,3.978417313518752,1.652199852534589,20,0.31336877709312866,313.36877709312864,6267.375541862573,0,too fast
AMLF_powerVel_linearK600_ID_powerVel_freewaterK600,LF,2023-02-18,11.301427563425847,-0.4240537175787182,10.877373845847128,24,0.827625765768926,0.021539891154462632,30804.466759094645,0.9659196792752694,4.3133333333333335,70.98,2.44,22.8,5.3303355496034435,9.21258389017226,4.262458687290551,4.0412181139233985,1.9284086695311995,20,0.31336877709312866,313.36877709312864,6267.375541862573,0,too fast
AMLF_powerVel_linearK600_ID_powerVel_freewaterK600,LF,2023-02-19,8.218879449625794,-0.07958003932214057,8.139299410303654,24,0.8670523919349011,0.02120249014409483,31762.210974804246,0.7681018798138017,3.8979166666666667,71.69208333333333,2.44,22.8,5.505211309765324,7.379375638977574,3.6554950791985785,4.1057126232654415,2.419275840205009,20,0.31336877709312866,313.36877709312864,6267.375541862573,0,too fast
AMLF_powerVel_linearK600_ID_powerVel_freewaterK600,LF,2023-02-20,7.88099706262304,-2.032417495687602,5.848579566935438,24,0.9439008946078449,0.020597644575148063,33589.47412676252,0.38252484294855627,3.2929166666666667,72.12125,2.44,22.8,5.787151867412449,4.613720686927263,2.1024898433891543,4.226340924078873,5.09980840303602,20,0.31336877709312866,313.36877709312864,6267.375541862573,0,too fast
AMLF_powerVel_linearK600_ID_powerVel_freewaterK600,LF,2023-02-21,7.674128938152563,-0.9839159307560397,6.690213007396523,24,1.0082297350073306,0.02013781979040925,35082.12281873615,0.08562448816354541,3.0608333333333335,72.66041666666666,2.44,22.8,5.878255995235311,3.5034565071461077,0.5191018729857048,4.322658813798741,25.566037774303233,20,0.31336877709312866,313.36877709312864,6267.375541862573,0,too fast
AMLF_powerVel_linearK600_ID_powerVel_freewaterK600,LF,2023-02-22,12.53369721603579,3.5943357628437655,16.128032978879556,24,1.0480341305131946,0.019872968799559295,35989.11520510697,0.05,2.8558333333333334,73.35416666666667,1.462,22.95,6.425846189163096,8.028088562415508,0.33654546685873066,4.380202004071559,34.34049008563846,20,0.31336877709312866,313.36877709312864,6267.375541862573,0,too fast
AMLF_powerVel_linearK600_ID_powerVel_freewaterK600,LF,2023-02-23,14.05047743948644,3.7322779488837456,17.782755388370184,24,1.06991257902392,0.019733117014227846,36482.597811236694,0.05,3.0458333333333334,73.08333333333333,1.462,22.95,6.343193335616314,9.230626674748537,0.33924898056344577,4.4112147646473145,34.09882620058572,20,0.31336877709312866,313.36877709312864,6267.375541862573,0,too fast
AMLF_powerVel_linearK600_ID_powerVel_freewaterK600,LF,2023-02-24,13.563754003293603,2.064356018278832,15.628110021572436,24,1.0734521232267265,0.019710848042029924,36562.11353131698,0.05,2.86125,73.48875,1.462,22.95,6.416939642287415,8.15850060928433,0.3444455984981123,4.416193157042001,34.060345416627705,20,0.31336877709312866,313.36877709312864,6267.375541862573,0,too fast
AMLF_powerVel_linearK600_ID_powerVel_freewaterK600,LF,2023-02-25,15.142123540811328,3.269486370404713,18.41160991121604,24,1.0616200776351974,0.019785600647291755,36296.02518042505,0.05,3.11125,72.97041666666667,1.462,22.95,6.315552072849592,9.541117852947087,0.3353128973390671,4.399517180166977,34.18951791852015,20,0.31336877709312866,313.36877709312864,6267.375541862573,0,too fast
AMLF_powerVel_linearK600_ID_powerVel_freewaterK600,LF,2023-02-26,14.567508828524858,2.355978823133243,16.9234876516581,24,1.041626416071791,0.019914400407211832,35844.16196095535,0.05,3.002083333333333,73.21166666666667,1.462,22.95,6.359169080562046,8.793048416172258,0.33130459034320714,4.371067677326878,34.412083903662044,20,0.31336877709312866,313.36877709312864,6267.375541862573,0,too fast
AMLF_powerVel_linearK600_ID_powerVel_freewaterK600,LF,2023-02-27,14.135906071246433,2.310666912838924,16.446572984085357,24,1.0302482280915042,0.019989029393354174,35585.830682265914,0.05,2.96875,73.00666666666666,1.462,22.95,6.384945350198688,8.552212532949222,0.3289260409065442,4.354733557680236,34.54104279171601,20,0.31336877709312866,313.36877709312864,6267.375541862573,0,too fast
AMLF_powerVel_linearK600_ID_powerVel_freewaterK600,LF,2023-02-28,11.806980755313711,1.0463023650482484,12.85328312036196,24,1.0252097120773744,0.02002255276877387,35471.018634244436,0.05,2.6579166666666665,73.28083333333333,1.462,22.95,6.527813258560836,6.761311705114073,0.3346701449330934,4.347449427860714,34.59897118444124,20,0.31336877709312866,313.36877709312864,6267.375541862573,0,too fast
AMLF_powerVel_linearK600_ID_powerVel_freewaterK600,LF,2023-03-01,13.115930847680625,1.219513516905776,14.335444364586401,24,0.9964337626158434,0.0202185470311087,34811.40219095676,0.1213766492812542,2.892916666666667,73.255,1.462,22.95,6.411607740920592,7.923154182094849,0.7554319998016488,4.3053683104037725,18.34171366963001,20,0.31336877709312866,313.36877709312864,6267.375541862573,0,too fast
AMLF_powerVel_linearK600_ID_powerVel_freewaterK600,LF,2023-03-02,13.834640776809914,0.5735986710543197,14.408239447864235,24,0.9619105078436564,0.020462766820832687,34012.38520028257,0.29216402829343685,3.1170833333333334,73.03125,1.462,22.95,6.309791886413673,8.96560104020791,1.7614813162757919,4.253934515765186,6.118366991131762,20,0.31336877709312866,313.36877709312864,6267.375541862573,0,too fast
AMLF_powerVel_linearK600_ID_powerVel_freewaterK600,LF,2023-03-03,13.173261539630133,-0.33394014447813325,12.839321395152,24,0.9605839189804279,0.020472402715257153,33981.47424974567,0.2988200096753897,2.9825,73.11083333333333,1.462,22.95,6.373378368082777,8.25533434896064,1.8356736513846397,4.251932217038857,5.979177862163457,20,0.31336877709312866,313.36877709312864,6267.375541862573,0,too fast
AMLF_powerVel_linearK600_ID_powerVel_freewaterK600,LF,2023-03-04,5.102167021278908,-3.4565241051894113,1.6456429160894968,24,0.9646094146806994,0.020443244434465668,34075.20663292069,0.27862262586128794,1.9541666666666666,73.21166666666667,1.462,22.95,6.882792428613365,2.663735957978773,1.8409144999340246,4.2579998558703664,6.415563669298526,20,0.31336877709312866,313.36877709312864,6267.375541862573,0,too fast
AMLF_powerVel_linearK600_ID_powerVel_freewaterK600,LF,2023-03-05,11.972187115024427,-0.23024093220768554,11.741946182816742,24,0.9138244330764327,0.020826335169102213,32880.52618819883,0.5334294476358817,3.0725000000000002,73.15166666666667,1.462,22.95,6.326662716388508,8.406775479013962,3.044236889573596,4.1799189907938334,3.514235171543708,20,0.31336877709312866,313.36877709312864,6267.375541862573,0,too fast
AMLF_powerVel_linearK600_ID_powerVel_freewaterK600,LF,2023-03-06,10.207323356691663,-1.3606390371635049,8.846684319528158,24,0.8499008118639226,0.021346783455646945,31347.37304558642,0.8541576283489418,3.163333333333333,73.1275,1.462,22.95,6.282290236666313,8.481643468832072,4.540299742145291,4.077890167755703,2.174452808546607,20,0.31336877709312866,313.36877709312864,6267.375541862573,0,too fast
AMLF_powerVel_linearK600_ID_powerVel_freewaterK600,LF,2023-03-07,8.43087183583204,-3.140839841178361,5.290031994653679,24,0.8113030316536137,0.021687299873679358,30402.472251248393,1.0478168045908567,3.0204166666666667,73.38583333333334,1.462,22.95,6.34203328722756,7.544243788719901,5.381382444601829,4.0138000575957635,1.7921361013875963,20,0.31336877709312866,313.36877709312864,6267.375541862573,0,too fast
AMLF_powerVel_linearK600_ID_powerVel_freewaterK600,LF,2023-03-08,9.932815022996042,-2.368436658173021,7.564378364823021,24,0.767964840553033,0.022098270015372113,29321.86872708873,1.2652603555573336,3.2825,73.09,1.263,22.71,6.3435218119391354,9.41571883704305,6.146081808013584,3.9392413667951063,1.5133643461194803,20,0.31336877709312866,313.36877709312864,6267.375541862573,0,too fast
AMLF_powerVel_linearK600_ID_powerVel_freewaterK600,LF,2023-03-09,10.898916141236253,-0.4352602774459999,10.463655863790253,24,0.7314612576450876,0.02246684292259993,28397.01746049839,1.448412178209121,3.75,72.57333333333334,1.263,22.71,6.133477335305304,11.252790752462365,6.4932201713456665,3.8744732553745034,1.3404056111537797,20,0.31336877709312866,313.36877709312864,6267.375541862573,0,too fast
AMLF_powerVel_linearK600_ID_powerVel_freewaterK600,LF,2023-03-10,9.61376684247045,-1.8015801246784577,7.8121867177919935,24,0.7444850341850737,0.02233205648316732,28729.082943698468,1.3830671292827361,3.4225,72.83166666666666,1.263,22.71,6.285284253711842,9.90278395664336,6.4723300547119,3.8978648580257405,1.39548110904588,20,0.31336877709312866,313.36877709312864,6267.375541862573,0,too fast
AMLF_powerVel_linearK600_ID_powerVel_freewaterK600,LF,2023-03-11,10.573266046249577,-1.7653984973406276,8.807867548908948,24,0.7433050006098766,0.022344411301174823,28698.905726689256,1.3889877891980298,3.5208333333333335,72.84458333333333,1.263,22.71,6.235614686501692,10.320489500374512,6.43066674856963,3.895733221603798,1.3907506598580535,20,0.31336877709312866,313.36877709312864,6267.375541862573,0,too fast
AMLF_powerVel_linearK600_ID_powerVel_freewaterK600,LF,2023-03-12,10.397796215337944,-0.0688149013256364,10.328981314012308,24,0.7454967611180425,0.022322581917208928,28754.24901433343,1.3779909253312934,3.674166666666667,72.56291666666667,1.263,22.71,6.1719924943227635,11.067387436018116,6.339005575539612,3.89959655502856,1.401572018315596,20,0.31336877709312866,313.36877709312864,6267.375541862573,0,too fast
AMLF_powerVel_linearK600_ID_powerVel_freewaterK600,LF,2023-03-13,5.897296544925494,-1.0529613386953627,4.844335206230131,24,0.7626235623883443,0.022149597726591683,29188.22308345896,1.2920595010992912,3.089166666666667,72.55541666666667,1.263,22.71,6.464368634873197,8.498855840156407,6.3662823155255435,3.9299908111290476,1.4820545140896437,20,0.31336877709312866,313.36877709312864,6267.375541862573,0,too fast
AMLF_powerVel_linearK600_ID_powerVel_freewaterK600,LF,2023-03-14,12.39490978746014,1.4554235339514938,13.850333321411634,24,0.6827228890572695,0.023014903057273644,27128.098903137354,1.6929503941547828,4.3275,71.99541666666667,1.263,22.71,5.871460018409239,13.204207881653163,6.734853148176873,3.7833186361911326,1.1851280609787032,20,0.31336877709312866,313.36877709312864,6267.375541862573,0,too fast
AMLF_powerVel_linearK600_ID_powerVel_freewaterK600,LF,2023-03-15,11.732625322080892,0.5485950278540497,12.281220349934943,24,0.5941960494999333,0.02412013922985674,24761.834822050485,2.137121917246543,4.56125,71.59291666666667,1.263,22.71,5.773472971998575,12.997326030992035,7.322717118284016,3.6090868128179783,0.9758442249257948,20,0.31336877709312866,313.36877709312864,6267.375541862573,0,too fast
AMLF_powerVel_linearK600_ID_powerVel_freewaterK600,LF,2023-03-16,11.749255876279692,-0.38129967869160775,11.367956197588084,24,0.6078930548560938,0.0239362525851327,25134.917630211738,2.0683990331894266,4.388333333333334,71.84833333333333,1.263,22.71,5.84855608354857,12.518769935135033,7.340231651131461,3.6370375981003042,1.0016282962283978,20,0.31336877709312866,313.36877709312864,6267.375541862573,0,too fast
AMLF_powerVel_linearK600_ID_powerVel_freewaterK600,LF,2023-03-17,12.428893964982267,-3.0673626863744974,9.36153127860777,24,0.7056854432816574,0.022752772789799054,27728.157918444187,1.5777388635622132,3.7087499999999998,72.47666666666667,1.263,22.71,6.15901682409891,10.878040681112445,6.84295240228176,3.826577166283842,1.2557745529182986,20,0.31336877709312866,313.36877709312864,6267.375541862573,0,too fast
AMLF_powerVel_linearK600_ID_powerVel_freewaterK600,LF,2023-03-18,2.669961766728875,-3.168295435397376,-0.49833366866850115,24,0.7580703025249732,0.02219575996244915,29072.738214331563,1.3149048706918227,2.6533333333333333,72.09708333333333,1.263,22.71,6.703547059761843,6.41973152096423,6.66889835529848,3.921895384415961,1.4609976075857662,20,0.31336877709312866,313.36877709312864,6267.375541862573,0,too fast
AMLF_powerVel_linearK600_ID_powerVel_freewaterK600,LF,2023-03-19,13.668283838145909,3.9073534934977583,17.575637331643666,24,0.6634962919981314,0.02324377575002159,26620.39301518879,1.7894172616305823,4.815833333333333,71.39625,1.263,22.71,5.65511169342635,15.04272475389066,6.661611519095833,3.746355345174539,1.132457284188066,20,0.31336877709312866,313.36877709312864,6267.375541862573,0,too fast
AMLF_powerVel_linearK600_ID_powerVel_freewaterK600,LF,2023-03-20,11.840990289171025,2.7934317389190686,14.634422028090093,24,0.58038059297647,0.02431277096477427,24381.858479441245,2.2064391141206094,4.985833333333334,71.18916666666667,1.263,22.71,5.580258317964724,14.459474623806228,7.142263609761182,3.58036256703125,0.9522500190383493,20,0.31336877709312866,313.36877709312864,6267.375541862573,0,too fast
AMLF_powerVel_linearK600_ID_powerVel_freewaterK600,LF,2023-03-21,11.232282104141648,1.8914880878460085,13.123770191987656,24,0.5927007982452719,0.0241403459012039,24721.03924219802,2.1446241395161834,4.757916666666667,71.49291666666667,1.263,22.71,5.680457008469416,13.778147406301148,7.21626231030732,3.606025725298873,0.9730753541059796,20,0.31336877709312866,313.36877709312864,6267.375541862573,0,too fast
AMLF_powerVel_linearK600_ID_powerVel_freewaterK600,LF,2023-03-22,11.333206937397257,-1.9428602579691399,9.390346679428117,24,0.6430389363308818,0.023479401851884494,26084.38065883367,1.8920592950589534,4.003333333333333,72.8675,1.263,22.71,5.993827862860698,11.431477547644812,7.289473674404355,3.7076274169839167,1.0736413173146586,20,0.31336877709312866,313.36877709312864,6267.375541862573,0,too fast
AMLF_powerVel_linearK600_ID_powerVel_freewaterK600,LF,2023-03-23,9.957598860153091,-1.38600110524415,8.571597754908941,24,0.6815542639930616,0.02301547900719907,27104.951000622234,1.698813813399025,3.8733333333333335,72.86708333333333,1.263,22.71,6.058889078141895,11.302730855078437,7.016931977623967,3.7821480339876303,1.1709538590727044,20,0.31336877709312866,313.36877709312864,6267.375541862573,0,too fast
AMLF_powerVel_linearK600_ID_powerVel_freewaterK600,LF,2023-03-24,9.854675045883077,-1.600109357112063,8.254565688771015,24,0.6938553528477281,0.02287496204763769,27426.56507032227,1.6370947528340583,3.7883333333333336,72.97,1.263,22.71,6.096588168048553,11.052760353628582,6.925477509243075,3.805339422945764,1.2073096761709659,20,0.31336877709312866,313.36877709312864,6267.375541862573,0,too fast
AMLF_powerVel_linearK600_ID_powerVel_freewaterK600,LF,2023-03-25,9.046225694762736,-3.2327530237762057,5.81347267098653,24,0.7007360346569477,0.02279803588501229,27605.48216198766,1.602571856338568,3.5079166666666666,73.33791666666667,1.263,22.71,6.219612839436403,9.89224779196132,6.985511456468055,3.8181754987978525,1.2291278474868879,20,0.31336877709312866,313.36877709312864,6267.375541862573,0,too fast
AMLF_powerVel_linearK600_ID_powerVel_freewaterK600,LF,2023-03-26,7.307307898361233,-4.145212036499629,3.162095861861604,24,0.6877203596534103,0.022945189759444543,27266.07826042471,1.6678762568943366,3.39125,73.54333333333334,1.263,22.71,6.268667043292483,9.24215342949323,7.1839171679432265,3.79376105814034,1.18931189926497,20,0.31336877709312866,313.36877709312864,6267.375541862573,0,too fast
AMLF_powerVel_linearK600_ID_powerVel_freewaterK600,LF,2023-03-27,8.745061455531237,-3.8806929523664797,4.864368503164758,24,0.6465524970889828,0.023435041723514714,26178.60483336577,1.8744304760340704,3.63375,73.56708333333333,1.263,22.71,6.146418241464732,9.869033753650179,7.4368495020678,3.7145846815359054,1.081391575676266,20,0.31336877709312866,313.36877709312864,6267.375541862573,0,too fast
AMLF_powerVel_linearK600_ID_powerVel_freewaterK600,LF,2023-03-28,5.844495269842734,-4.412922403353847,1.431572866488887,24,0.600654010031984,0.0240315755100005,24938.7097309564,2.1047199679627937,3.4345833333333333,73.25125,1.263,22.71,6.260058151477139,8.621397698832304,7.905611265587861,3.6224053331369976,0.9873055347954363,20,0.31336877709312866,313.36877709312864,6267.375541862573,0,too fast
AMLF_powerVel_linearK600_ID_powerVel_freewaterK600,LF,2023-03-29,10.262710678106817,-3.175704530619615,7.087006147487202,24,0.5515808893684607,0.024741392040899916,23576.537876046525,2.350937757471316,4.237916666666667,72.88208333333333,1.263,22.71,5.875318521407392,11.153917602531426,7.610414528787824,3.518537457988162,0.9098685487544893,20,0.31336877709312866,313.36877709312864,6267.375541862573,0.9166666666666666,passes
AMLF_powerVel_linearK600_ID_powerVel_freewaterK600,LF,2023-03-30,9.66550308262832,-1.7160524542637312,7.9494506283645885,24,0.5175619786065908,0.02528131660185895,22609.59927242295,2.5216230714685026,4.4591666666666665,72.73375,1.263,22.71,5.772012861632402,11.506835683584631,7.532110369402337,3.4431657699969165,0.8662845925303763,20,0.31336877709312866,313.36877709312864,6267.375541862573,1,passes
AMLF_powerVel_linearK600_ID_powerVel_freewaterK600,LF,2023-03-31,10.53945140906874,-2.0145650257246936,8.524886383344047,24,0.5404080948652152,0.024914894340660944,23260.72334416842,2.40699575272465,4.42875,73.05791666666667,1.263,22.71,5.772611879316286,11.76544373959171,7.5030005479196875,3.4940469066054,0.8948767581566682,20,0.31336877709312866,313.36877709312864,6267.375541862573,1,passes
AMLF_powerVel_linearK600_ID_powerVel_freewaterK600,LF,2023-04-01,8.391573879068392,-4.364813169810037,4.0267607092583555,23,0.5952721835407064,0.02410513144315677,24791.446322416006,2.131722559285374,3.784782608695652,73.17086956521739,1.263,22.71,6.0889867649621054,10.016545693135017,7.725852576573699,3.6113256888749223,0.9776349035783011,20,0.31336877709312866,313.36877709312864,6267.375541862573,0.08695652173913043,too fast
AMLF_powerVel_linearK600_ID_powerVel_freewaterK600,LF,2023-04-02,9.965439588090069,-5.025987445285996,4.939452142804073,24,0.6083891043447349,0.023924189328213982,25151.236641610718,2.0659101715289365,3.9166666666666665,73.57208333333334,1.263,22.71,6.0048312833807005,10.64042314852796,7.546054284068588,3.6384552125305705,1.0005862443983071,20,0.31336877709312866,313.36877709312864,6267.375541862573,0,too fast
AMLF_powerVel_linearK600_ID_powerVel_freewaterK600,LF,2023-04-03,10.351210524928652,-2.7487003034184454,7.602510221510206,24,0.5992874196018729,0.024047436884886766,24902.746820435153,2.1115766518320056,4.229166666666667,72.97916666666667,1.263,22.71,5.875562079121428,11.781807164669933,7.434722436067035,3.619800021342762,0.9839605396128921,20,0.31336877709312866,313.36877709312864,6267.375541862573,0,too fast
AMLF_powerVel_linearK600_ID_powerVel_freewaterK600,LF,2023-04-04,8.800093628297377,-3.294577930672508,5.505515697624869,24,0.6012978398984002,0.024019973484901168,24957.757255804376,2.1014896381124575,3.9787500000000002,73.40625,1.263,22.71,5.981526267800141,10.8151024330836,7.558399935980754,3.6239384885260546,0.9875534673631573,20,0.31336877709312866,313.36877709312864,6267.375541862573,0,too fast
AMLF_powerVel_linearK600_ID_powerVel_freewaterK600,LF,2023-04-05,9.691103500672163,-3.0164853855733975,6.674618115098766,24,0.5956175075317468,0.024097945759100927,24802.13741510712,2.1299899425577524,4.125,74.19125,1.263,22.71,5.874204128709345,11.318147577789338,7.451355649979722,3.612217714387523,0.9775194508764559,20,0.31336877709312866,313.36877709312864,6267.375541862573,0,too fast
AMLF_powerVel_linearK600_ID_powerVel_freewaterK600,LF,2023-04-06,8.162369794711745,-3.0671777359887193,5.0951920587230255,24,0.5883943242340688,0.02419844680572416,24603.56737355263,2.166231294253389,3.9675000000000002,73.99,1.263,22.71,5.961619542411618,10.613704378676127,7.5982105355354275,3.597214076641838,0.9651682462846862,20,0.31336877709312866,313.36877709312864,6267.375541862573,0,too fast
AMLF_powerVel_linearK600_ID_powerVel_freewaterK600,LF,2023-04-07,10.010936901668703,-3.837904406621034,6.17303249504767,23,0.5819407942653801,0.02428965138241853,24425.449788654943,2.1986110137807557,4.28,74.31409090909091,1.263,22.71,5.791854896502835,11.75485587283861,7.40935405183389,3.5837059499677517,0.9545340566290365,20,0.31336877709312866,313.36877709312864,6267.375541862573,0,too fast
AMLF_powerVel_linearK600_ID_powerVel_freewaterK600,LF,2023-04-08,0.589852394627468,-3.7452453308696123,-3.1553929362421442,24,0.5747031700867435,0.02439428677781955,24224.53696626948,2.2349248206563384,3.283,73.82000000000001,1.263,22.71,6.311094268834204,7.823479010286809,8.100646160758757,3.5683869597928055,0.943209985442834,20,0.31336877709312866,313.36877709312864,6267.375541862573,0.2916666666666667,too fast
AMLF_powerVel_linearK600_ID_powerVel_freewaterK600,LF,2023-04-09,8.034831173282951,-2.9420557455171252,5.092775427765826,24,0.5149745648816537,0.025339174521035172,22528.710983812212,2.534605072190775,4.270952380952381,68.56190476190476,1.263,22.71,6.0652244249829455,10.701479776633693,7.89373761230316,3.436313144413984,0.865306015770613,20,0.31336877709312866,313.36877709312864,6267.375541862573,1,passes
AMLF_powerVel_linearK600_ID_powerVel_freewaterK600,LF,2023-04-10,8.073776119044176,-0.8223601693937209,7.251415949650455,24,0.4259819310741665,0.027027672387524366,19883.6481263198,2.9811136553489685,4.5145,68.7045,1.263,22.71,5.93584615895291,10.28138799642153,7.545293650440092,3.221277805602302,0.783704285834571,20,0.31336877709312866,313.36877709312864,6267.375541862573,1,passes
AMLF_powerVel_linearK600_ID_powerVel_freewaterK600,LF,2023-04-11,11.58316146987457,-2.389298727594963,9.193862742279606,24,0.41119678080008015,0.027345770172418765,19429.61128143585,3.0552961603295983,4.26,69.18529411764706,1.263,22.71,6.039481499057273,9.306671282887775,7.586422893579933,3.1832422674220666,0.7733279686371645,20,0.31336877709312866,313.36877709312864,6267.375541862573,1,passes
AMLF_powerVel_linearK600_ID_powerVel_freewaterK600,LF,2023-04-12,9.523093881254137,4.559330923660889,14.082424804915027,24,0.4506964960357153,0.026513332602501723,20636.116569722035,2.857111646281294,5.426666666666667,70.21571428571428,1.263,22.71,5.407040129012188,13.641078870721687,6.954420965235121,3.2838164879751526,0.802290234740119,20,0.31336877709312866,313.36877709312864,6267.375541862573,1,passes
AMLF_powerVel_linearK600_ID_powerVel_freewaterK600,LF,2023-04-13,7.005903336634758,-1.5758438992235195,5.430059437411239,24,0.5161608714824749,0.025309516044208856,22567.154039444653,2.528652938212251,4.241666666666667,72.73958333333333,1.263,22.71,5.880427859269092,10.740225430982676,7.667622910782962,3.4396624776410922,0.8653351084912612,20,0.31336877709312866,313.36877709312864,6267.375541862573,1,passes
AMLF_powerVel_linearK600_ID_powerVel_freewaterK600,LF,2023-04-14,9.362579277815327,-2.8616114140770774,6.500967863738249,24,0.5330361264806867,0.025029340200442597,23052.345965934208,2.443983613602928,4.345416666666667,73.27708333333334,1.263,22.71,5.80411594052328,11.31841580130039,7.558590590602416,3.4778885872588114,0.8850089493666116,20,0.31336877709312866,313.36877709312864,6267.375541862573,1,passes
AMLF_powerVel_linearK600_ID_powerVel_freewaterK600,LF,2023-04-15,8.56236253382572,-1.8517235601493802,6.71063897367634,24,0.5173091062706572,0.025285039635726352,22602.537464864818,2.5228918244383483,4.4070833333333335,73.05083333333333,1.263,22.71,5.7835470215990945,11.33740306807896,7.5481633273251605,3.4426247482092838,0.8659232087882797,20,0.31336877709312866,313.36877709312864,6267.375541862573,1,passes
AMLF_powerVel_linearK600_ID_powerVel_freewaterK600,LF,2023-04-16,9.687464069027568,-3.389887902791408,6.29757616623616,24,0.5149923173669556,0.025324699635393567,22535.39845324439,2.5345160014809807,4.3875,73.34916666666666,1.263,22.71,5.779656208099705,11.236274065346517,7.54259631673598,3.437296517318302,0.8633943062172144,20,0.31336877709312866,313.36877709312864,6267.375541862573,1,passes
AMLF_powerVel_linearK600_ID_powerVel_freewaterK600,LF,2023-04-17,10.310114503154246,-1.8546600650031961,8.45545443815105,24,0.44753358129811893,0.026589098094242633,20536.05730834057,2.872981146010782,4.78625,72.77041666666666,1.263,22.71,5.606718504032512,11.421378498131256,7.1936512790557305,3.2752125259708094,0.8006596717574378,20,0.31336877709312866,313.36877709312864,6267.375541862573,1,passes
AMLF_powerVel_linearK600_ID_powerVel_freewaterK600,LF,2023-04-18,10.80220284382817,1.4357358507528228,12.237938694580992,24,0.38198173406778974,0.028043234981672733,18508.33721144436,3.201878732001254,5.534583333333333,71.97791666666667,1.263,22.71,5.27069621669199,12.570405736663474,6.451436389372978,3.1041385587579216,0.7567610578186658,20,0.31336877709312866,313.36877709312864,6267.375541862573,1,passes
AMLF_powerVel_linearK600_ID_powerVel_freewaterK600,LF,2023-04-19,11.120499882890032,-0.045016217500981094,11.07548366538905,24,0.4153761784317121,0.027258316443710188,19557.13034722962,3.0343265942530215,5.153043478260869,71.96913043478261,1.263,22.71,5.460726292268608,12.168047712999748,6.8730344911832875,3.1938568387499275,0.7763797872766873,20,0.31336877709312866,313.36877709312864,6267.375541862573,1,passes
AMLF_powerVel_linearK600_ID_powerVel_freewaterK600,LF,2023-04-20,9.954892048135806,-0.38058542529721745,9.574306622838588,24,0.44189236907489055,0.02668160118984464,20373.68347629218,2.9012851703925895,5.024166666666667,73.05083333333333,1.263,22.71,5.47600701392854,12.23740318660251,7.01960498045684,3.2624375918572164,0.7945800090529526,20,0.31336877709312866,313.36877709312864,6267.375541862573,1,passes
AMLF_powerVel_linearK600_ID_powerVel_freewaterK600,LF,2023-04-21,10.285345845192982,-0.3135126063083052,9.971833238884676,24,0.4515587697571024,0.02648746391282694,20665.41622777849,2.8527853037385618,5.042083333333333,72.99583333333334,1.263,22.71,5.4694104310245795,12.470130770100473,7.042595048512248,3.2864824293591943,0.802311298828767,20,0.31336877709312866,313.36877709312864,6267.375541862573,1,passes
AMLF_powerVel_linearK600_ID_powerVel_freewaterK600,LF,2023-04-22,9.44129978669895,-1.8518427157619441,7.589457070937006,24,0.4561830292577854,0.026395678869392612,20804.559502398446,2.829583703005265,4.73125,73.32625,1.263,22.71,5.609382428729719,11.504131679943695,7.2388555402059875,3.297918783821485,0.8060950569672368,20,0.31336877709312866,313.36877709312864,6267.375541862573,1,passes
AMLF_powerVel_linearK600_ID_powerVel_freewaterK600,LF,2023-04-23,11.58846791832187,-0.8364544835591611,10.75201343476271,24,0.40037160009553907,0.02761163986685273,19085.691029769143,3.109610050053013,5.235416666666667,73.18208333333334,1.263,22.71,5.364419097941577,12.048196197430203,6.672189480048849,3.153510822222026,0.7675903555755026,20,0.31336877709312866,313.36877709312864,6267.375541862573,1,passes
AMLF_powerVel_linearK600_ID_powerVel_freewaterK600,LF,2023-04-24,6.840419369243337,-0.24061941347644242,6.599799955766895,24,0.3562651551833787,0.02871737404403318,17677.86094299603,3.3309082112971935,4.802083333333333,72.28291666666667,1.263,22.71,5.6207150613376395,9.970990830817176,6.6710908529337285,3.031233647118616,0.7449136009211859,20,0.31336877709312866,313.36877709312864,6267.375541862573,1,passes
AMLF_powerVel_linearK600_ID_powerVel_freewaterK600,LF,2023-04-25,9.577729751956673,-0.16909930334531156,9.408630448611362,24,0.3494921142060503,0.02890507536903279,17456.002970191472,3.3648910343811966,5.218333333333334,73.06208333333333,1.263,22.71,5.377762305955044,11.026773499928288,6.322458275622607,3.0114987241589457,0.7421977412096641,20,0.31336877709312866,313.36877709312864,6267.375541862573,1,passes
AMLF_powerVel_linearK600_ID_powerVel_freewaterK600,LF,2023-04-26,9.291671415901533,-0.5623471711542299,8.729324244747303,24,0.3270086524537911,0.029570508141672947,16707.158254514943,3.477698782865297,5.323333333333333,73.61791666666667,1.263,22.71,5.300689504198389,10.805788576136907,6.030542345969265,2.9438424684520843,0.7346687174678215,20,0.31336877709312866,313.36877709312864,6267.375541862573,1,passes
AMLF_powerVel_linearK600_ID_powerVel_freewaterK600,LF,2023-04-27,10.388243224269772,-0.15476939121141448,10.233473833058357,24,0.33026233724683196,0.029471716068005062,16816.23930906608,3.4613738565784002,5.540416666666666,73.53916666666666,1.263,22.71,5.195480689370998,11.490844231015927,5.934815122175032,2.9537576941926607,0.7356749706517006,20,0.31336877709312866,313.36877709312864,6267.375541862573,1,passes
AMLF_powerVel_linearK600_ID_powerVel_freewaterK600,LF,2023-04-28,8.984600787584853,-2.230184377862829,6.754416409722024,24,0.35186452002635593,0.028838359036065058,17534.005375462304,3.3529878069321426,4.945833333333334,73.51291666666667,1.263,22.71,5.493603380102279,10.322510912920077,6.478019992832079,3.0184614282793185,0.7431127542564593,20,0.31336877709312866,313.36877709312864,6267.375541862573,1,passes
AMLF_powerVel_linearK600_ID_powerVel_freewaterK600,LF,2023-04-29,6.833146563117679,-1.6773722970909106,5.155774266026768,24,0.3997551459055775,0.027658814669048258,19055.178054177883,3.11270302612491,4.650416666666667,73.04708333333333,1.263,22.71,5.661579830903627,10.293319714831194,7.006222676800427,3.1500147669190754,0.7689676869276161,20,0.31336877709312866,313.36877709312864,6267.375541862573,1,passes
AMLF_powerVel_linearK600_ID_powerVel_freewaterK600,LF,2023-04-30,7.025757109171462,-3.4468408895906992,3.5789162195807624,23,0.48062260831808745,0.02592958269080631,21532.456637742238,2.7069613987502357,4.087391304347826,72.89347826086957,1.263,22.71,5.950171180905111,9.754523328479472,7.737400044802957,3.3571807880825433,0.8277485561848015,20,0.31336877709312866,313.36877709312864,6267.375541862573,1,passes
AMLF_powerVel_linearK600_ID_powerVel_freewaterK600,LF,2023-05-01,11.93289312825663,0.6232890210108925,12.556182149267523,24,0.4020580178045146,0.027627575288151508,19119.88166228979,3.1011486757838065,5.619583333333333,73.00833333333333,1.263,22.71,5.180133443600946,13.170300818282058,6.420976239179724,3.1549349448797237,0.771466679113717,20,0.31336877709312866,313.36877709312864,6267.375541862573,1,passes
AMLF_powerVel_linearK600_ID_powerVel_freewaterK600,LF,2023-05-02,10.591040931162773,0.22150752152977554,10.812548452692548,24,0.32233163366354,0.02971602191958158,16549.386765186,3.5011650962453107,5.685833333333333,73.22791666666667,1.263,22.71,5.137389480688231,11.641894245497145,5.803556127082828,2.929418411806989,0.7333328579820944,20,0.31336877709312866,313.36877709312864,6267.375541862573,1,passes
AMLF_powerVel_linearK600_ID_powerVel_freewaterK600,LF,2023-05-03,8.822730185727066,-0.40244958552558824,8.420280600201478,24,0.30780223846958965,0.030185034914299014,16054.64519359826,3.5740643844743825,5.83375,72.69291666666666,2.011,22.76,4.71001212772415,9.778755776760127,5.184232986190527,2.8837907639606617,0.7296991101908343,20,0.31336877709312866,313.36877709312864,6267.375541862573,1,passes
AMLF_powerVel_linearK600_ID_powerVel_freewaterK600,LF,2023-05-04,9.536743695967973,0.20732123506153377,9.744064931029506,24,0.3127270298999082,0.030022288734780505,16223.35233690557,3.5493549051633417,6.019583333333333,72.67875000000001,2.011,22.76,4.6190625988051695,10.385530130725265,5.124771729339409,2.899436764554471,0.7308188191949015,20,0.31336877709312866,313.36877709312864,6267.375541862573,1,passes
AMLF_powerVel_linearK600_ID_powerVel_freewaterK600,LF,2023-05-05,9.258362596639717,0.12537948339173227,9.38374208003145,24,0.31948928819925726,0.02980357071588878,16453.741956608574,3.515426182717349,6.05,72.78791666666666,2.011,22.76,4.598365661169795,10.615330840432371,5.1623778743126465,2.9206947630669036,0.7324949140687118,20,0.31336877709312866,313.36877709312864,6267.375541862573,1,passes
AMLF_powerVel_linearK600_ID_powerVel_freewaterK600,LF,2023-05-06,9.162976929196283,-0.7411309937939938,8.421845935402288,23,0.30673104181439564,0.030222186749529093,16017.492618082357,3.5794389697667914,5.898695652173913,73.95130434782608,2.011,22.76,4.620644473917247,9.930734585906404,5.073891536271112,2.880305455243711,0.7295050350553541,20,0.31336877709312866,313.36877709312864,6267.375541862573,1,passes
AMLF_powerVel_linearK600_ID_powerVel_freewaterK600,LF,2023-05-07,8.700132251560662,-0.18840447457705345,8.511727776983609,23,0.3032135813784024,0.030343398055722785,15895.703951387082,3.597087354901542,5.909130434782608,73.64782608695653,2.011,22.76,4.629362769581882,9.883331810560389,5.047780744276994,2.8688980436158142,0.7288449519845424,20,0.31336877709312866,313.36877709312864,6267.375541862573,1,passes
AMLF_powerVel_linearK600_ID_powerVel_freewaterK600,LF,2023-05-08,8.49928199377985,-0.8673819488402235,7.631900044939626,24,0.33204886383461324,0.029417643326576922,16876.083560875268,3.4524101994603265,5.723333333333334,73.62875,2.011,22.76,4.722869259683147,10.00641860676204,5.4099132557405545,2.959193275960508,0.7362333645093222,20,0.31336877709312866,313.36877709312864,6267.375541862573,1,passes
AMLF_powerVel_linearK600_ID_powerVel_freewaterK600,LF,2023-05-09,9.6591954131199,-1.9536894961859792,7.70550591693392,24,0.33328370240093846,0.029382089666462028,16916.93866025425,3.4462145628655976,5.785,74.28875,2.011,22.76,4.661903136223591,10.175256201019257,5.354762833443474,2.9628608398343848,0.73667758263389,20,0.31336877709312866,313.36877709312864,6267.375541862573,1,passes
AMLF_powerVel_linearK600_ID_powerVel_freewaterK600,LF,2023-05-10,9.299669524319086,-1.4810090785640433,7.818660445755042,24,0.2935960103633028,0.030685526275848023,15560.052109822782,3.645342225261544,5.776666666666666,75.20291666666667,2.011,22.76,4.627930280927782,9.316335957105354,4.957810792441035,2.837222849328066,0.7273196556899928,20,0.31336877709312866,313.36877709312864,6267.375541862573,1,passes
AMLF_powerVel_linearK600_ID_powerVel_freewaterK600,LF,2023-05-11,8.85501695188104,-1.3812021363461595,7.473814815534881,24,0.2641488627593589,0.03180373793436026,14515.292015545248,3.793089331871855,5.8220833333333335,74.80875,2.011,22.76,4.620979207988186,8.799345382887344,4.63592884644377,2.737097555421479,0.7244349777260217,20,0.31336877709312866,313.36877709312864,6267.375541862573,1,passes
AMLF_powerVel_linearK600_ID_powerVel_freewaterK600,LF,2023-05-12,9.28166799422061,-0.7243901911932176,8.557277803027393,24,0.2557688332951993,0.0321533922308692,14210.687363111234,3.8351350037749947,6.0325,75.26875,2.011,22.76,4.496073891648625,9.108235008475216,4.41267701590261,2.707244441494405,0.7243690196603513,20,0.31336877709312866,313.36877709312864,6267.375541862573,1,passes
AMLF_powerVel_linearK600_ID_powerVel_freewaterK600,LF,2023-05-13,8.655965595893925,-0.9559755107044797,7.6999900851894445,24,0.25979753185222626,0.03198313036329171,14357.608452388671,3.814921550057455,6.004166666666666,74.50291666666666,2.011,22.76,4.543414793373649,9.152500329133142,4.501510194321885,2.7216874799457935,0.7243511093097461,20,0.31336877709312866,313.36877709312864,6267.375541862573,1,passes
AMLF_powerVel_linearK600_ID_powerVel_freewaterK600,LF,2023-05-14,8.347813145324064,-1.6514931140980917,6.696320031225973,23,0.2703616471392717,0.03155055053174879,14739.776611125173,3.7619175209898086,5.880434782608695,74.48,2.011,22.76,4.605686083403737,9.11583864457808,4.680797513810512,2.7589761237477064,0.7246219865284724,20,0.31336877709312866,313.36877709312864,6267.375541862573,1,passes
AMLF_powerVel_linearK600_ID_powerVel_freewaterK600,LF,2023-05-15,7.722018030920307,-0.8244571099940323,6.897560920926274,24,0.2631135754816441,0.03184485689320466,14478.126591627213,3.7982837466875146,5.828333333333333,74.45708333333333,2.011,22.76,4.63347366414827,8.796476415945632,4.635489693739633,2.7334973179637774,0.7243788672119827,20,0.31336877709312866,313.36877709312864,6267.375541862573,1,passes
AMLF_powerVel_linearK600_ID_powerVel_freewaterK600,LF,2023-05-16,9.220839524007067,-0.5653677549044682,8.655471769102599,24,0.2741008623990931,0.03141013975102584,14872.11649270863,3.7431565108212808,6.1025,74.79666666666667,2.011,22.76,4.481486606318619,9.73327455177132,4.590021393977391,2.77162703936162,0.7250205486490615,20,0.31336877709312866,313.36877709312864,6267.375541862573,1,passes
AMLF_powerVel_linearK600_ID_powerVel_freewaterK600,LF,2023-05-17,8.080472617624503,-1.7335371486813316,6.346935468943172,24,0.30637420833395884,0.03023631351742843,16004.664001280416,3.5812293338110552,5.5925,74.79666666666667,2.011,22.76,4.7363158362282975,9.17963487534663,5.188332993682892,2.879062883578005,0.7294891394447045,20,0.31336877709312866,313.36877709312864,6267.375541862573,1,passes
AMLF_powerVel_linearK600_ID_powerVel_freewaterK600,LF,2023-05-18,7.610937726994967,-1.8068925607021487,5.804045166292818,24,0.3129643357173693,0.03001523037412076,16231.27507724085,3.5481642551084285,5.4991666666666665,74.01666666666667,2.011,22.76,4.81641664848507,9.034610575006923,5.347768801219088,2.900153679619779,0.7308953022955922,20,0.31336877709312866,313.36877709312864,6267.375541862573,1,passes
AMLF_powerVel_linearK600_ID_powerVel_freewaterK600,LF,2023-05-19,7.857373280400503,-1.5282326778143267,6.329140602586176,24,0.2830145797559861,0.03107460313196506,15187.693225355462,3.698433131622181,5.695,74.62958333333333,2.011,22.76,4.693077973345045,8.869109902675195,4.922405771530871,2.801808781604619,0.7259629830892472,20,0.31336877709312866,313.36877709312864,6267.375541862573,1,passes
AMLF_powerVel_linearK600_ID_powerVel_freewaterK600,LF,2023-05-20,7.801692782015849,-0.04378255833558716,7.757910223680262,22,0.254589109859058,0.032206469788811476,14166.96493537576,3.8410541076092453,6.007272727272727,75.26409090909091,2.011,22.76,4.509801152573232,9.008273269297504,4.416093126516335,2.702881850488915,0.7244461658603972,20,0.31336877709312866,313.36877709312864,6267.375541862573,1,passes
AMLF_powerVel_linearK600_ID_powerVel_freewaterK600,LF,2023-05-21,6.945816420153938,-0.3161452198821807,6.6296712002717575,22,0.25866561006262107,0.03203379166540254,14315.70815960473,3.8206008155527975,5.637727272727273,74.905,2.011,22.76,4.708932017547525,8.294603665408998,4.649678899816931,2.7175117193194214,0.7244199446372094,20,0.31336877709312866,313.36877709312864,6267.375541862573,1,passes
AMLF_powerVel_linearK600_ID_powerVel_freewaterK600,LF,2023-05-22,8.046626731254282,-0.39184687953624164,7.6547798517180405,24,0.2827809586792538,0.03107591205165275,15181.220994626594,3.6996052939855657,5.85875,74.69125,2.011,22.76,4.607847700439087,9.343872734323991,4.813276674232427,2.8013495243315956,0.7257505271467154,20,0.31336877709312866,313.36877709312864,6267.375541862573,1,passes
AMLF_powerVel_linearK600_ID_powerVel_freewaterK600,LF,2023-05-23,6.911070608525034,-0.42675676003731056,6.484313848487724,24,0.28991213087003603,0.030809323377681417,15433.281199770045,3.6638255956562484,5.613333333333333,74.09166666666667,2.0055,22.83,4.7534178786789285,8.899226083930397,5.045583545639674,2.82541819936891,0.7265459957798001,20,0.31336877709312866,313.36877709312864,6267.375541862573,1,passes
AMLF_powerVel_linearK600_ID_powerVel_freewaterK600,LF,2023-05-24,7.610996447028948,-1.2970625405185896,6.313933906510359,24,0.2649402345170614,0.03177389308341386,14543.341872614112,3.7891187304055864,5.719166666666667,74.75,2,22.9,4.669129504548549,8.594199933452206,4.694894731234732,2.739782032651491,0.7245148843551241,20,0.31336877709312866,313.36877709312864,6267.375541862573,1,passes
AMLF_powerVel_linearK600_ID_powerVel_freewaterK600,LF,2023-05-25,8.695349457066811,0.545926847338174,9.241276304404986,24,0.2533842463272639,0.032256807250871405,14123.151061649434,3.847099348495633,6.262083333333333,74.42583333333333,2,22.9,4.413375852843151,9.602514194965904,4.302757491952692,2.698586383859084,0.7244385875062866,20,0.31336877709312866,313.36877709312864,6267.375541862573,1,passes
AMLF_powerVel_linearK600_ID_powerVel_freewaterK600,LF,2023-05-26,5.732726313562713,1.2074878905161146,6.940214204078828,24,0.22882678696281974,0.03341142672251637,13203.212501771342,3.9270806282587585,5.85125,72.45291666666667,2,22.9,4.704091022013203,8.083072944027897,4.235862640067934,2.605847507376258,0.7350702652193528,20,0.31336877709312866,313.36877709312864,6267.375541862573,1,passes
AMLF_powerVel_linearK600_ID_powerVel_freewaterK600,LF,2023-05-27,8.686271891956196,2.3317012124142455,11.01797310437044,24,0.2109078333686735,0.034340745406996234,12514.95686404595,3.9337573131782992,6.779166666666667,73.37208333333334,2,22.9,4.204158960489404,9.53028540939814,3.491751300584423,2.534832248711761,0.7542510040527232,20,0.31336877709312866,313.36877709312864,6267.375541862573,1,passes
AMLF_powerVel_linearK600_ID_powerVel_freewaterK600,LF,2023-05-28,8.921521358894907,1.839837798586522,10.76135915748143,23,0.22612520002388128,0.0335397170732998,13101.71248290892,3.933162800834282,6.731739130434782,73.25739130434782,2,22.9,4.23292240303009,9.907361920243888,3.756934128426175,2.5955898353709603,0.7367670725388725,20,0.31336877709312866,313.36877709312864,6267.375541862573,1,passes
AMLF_powerVel_linearK600_ID_powerVel_freewaterK600,LF,2023-05-29,9.959103384951758,1.2146853973117775,11.173788782263536,24,0.25339043412285345,0.03226448218539145,14121.66858649237,3.8470683020626493,6.638333333333334,73.38666666666667,2,22.9,4.271037280711048,10.471204567628238,4.1556086775264705,2.698282262896287,0.7246142423152835,20,0.31336877709312866,313.36877709312864,6267.375541862573,1,passes
AMLF_powerVel_linearK600_ID_powerVel_freewaterK600,LF,2023-05-30,9.906696230899684,-0.6327749809149832,9.273921249984701,24,0.2867939629063598,0.0309294707939285,15322.192949210004,3.679470584459729,6.158333333333333,74.33458333333333,2,22.9,4.467926791405824,10.216324502415379,4.701074609771806,2.814733726506454,0.7262896565338038,20,0.31336877709312866,313.36877709312864,6267.375541862573,1,passes
AMLF_powerVel_linearK600_ID_powerVel_freewaterK600,LF,2023-05-31,7.993323562910999,-1.6198369769034526,6.373486586007546,24,0.30985889701427116,0.030118600261172926,16124.698624091334,3.56374537655725,5.581666666666667,73.94833333333334,2,22.9,4.772069084798522,9.249646158431503,5.261806153776525,2.8902527893507464,0.7302102664846479,20,0.31336877709312866,313.36877709312864,6267.375541862573,1,passes
AMLF_powerVel_linearK600_ID_powerVel_freewaterK600,LF,2023-06-01,8.478415624463382,-1.947304039207874,6.531111585255508,24,0.31174384343066863,0.03005605752128397,16189.336537716727,3.554287911172694,5.62125,74.66625,2,22.9,4.721450819750087,9.363446994369296,5.229081229768937,2.896253072035183,0.7306316941135137,20,0.31336877709312866,313.36877709312864,6267.375541862573,1,passes
AMLF_powerVel_linearK600_ID_powerVel_freewaterK600,LF,2023-06-02,9.459711959888807,-0.5815403137816874,8.87817164610712,24,0.29638697196359154,0.030576670712661166,15659.85629357496,3.6313389504232054,6.060416666666667,74.54958333333333,2,22.9,4.507740743459774,10.130515922205328,4.854659076345893,2.8468515625236406,0.7275076875759515,20,0.31336877709312866,313.36877709312864,6267.375541862573,1,passes
AMLF_powerVel_linearK600_ID_powerVel_freewaterK600,LF,2023-06-03,8.966755804564357,-0.8351708395911359,8.131584964973221,24,0.30816741413630067,0.030174401849227102,16066.77947182086,3.5722321646313366,5.872083333333333,74.79583333333333,2,22.9,4.591845686196864,9.934600871211172,5.05198116837827,2.8848835191347577,0.7298228902695736,20,0.31336877709312866,313.36877709312864,6267.375541862573,1,passes
AMLF_powerVel_linearK600_ID_powerVel_freewaterK600,LF,2023-06-04,7.976571432377642,-1.2558570605550925,6.72071437182255,23,0.31076237257992195,0.030091039381661657,16155.048229655024,3.559212309296768,5.5752173913043475,74.7004347826087,2,22.9,4.743530031185398,9.209083302276497,5.246611214652218,2.893015298988102,0.7304808809829844,20,0.31336877709312866,313.36877709312864,6267.375541862573,1,passes
AMLF_powerVel_linearK600_ID_powerVel_freewaterK600,LF,2023-06-05,10.06922753499379,-0.0604484029736271,10.008779132020162,24,0.2924873110319628,0.030715181677565224,15523.791659413471,3.6509049751926894,6.263333333333334,74.71791666666667,2,22.9,4.399599817446981,10.548741176400005,4.7002119488926395,2.8340153172087965,0.726886745329579,20,0.31336877709312866,313.36877709312864,6267.375541862573,1,passes
AMLF_powerVel_linearK600_ID_powerVel_freewaterK600,LF,2023-06-06,10.535778577725974,-0.2619506359501023,10.273827941775872,24,0.3150731585662349,0.029954828492077083,16301.030811834768,3.5375835198038015,6.19375,75.31291666666667,2,22.9,4.410668877098871,10.940921141998677,4.904196403304401,2.906410327836137,0.7316490552270187,20,0.31336877709312866,313.36877709312864,6267.375541862573,1,passes
AMLF_powerVel_linearK600_ID_powerVel_freewaterK600,LF,2023-06-07,7.485711079840289,-0.9350097410037154,6.550701338836574,24,0.3497335239812173,0.028901526319168674,17462.979424020123,3.363679793269898,5.452916666666667,74.17791666666666,2,22.9,4.826544701307337,9.648162290889486,5.671084886400866,3.012041448733862,0.7424081398763078,20,0.31336877709312866,313.36877709312864,6267.375541862573,1,passes
AMLF_powerVel_linearK600_ID_powerVel_freewaterK600,LF,2023-06-08,8.389973624006728,-1.939016696734134,6.450956927272594,24,0.36228781085006617,0.028552494421138448,17874.531679281154,3.300690345688231,5.4366666666666665,75.33208333333333,2,22.9,4.785663359805712,9.807882478238398,5.721654821207028,3.0486776721728517,0.7474037486440818,20,0.31336877709312866,313.36877709312864,6267.375541862573,1,passes
AMLF_powerVel_linearK600_ID_powerVel_freewaterK600,LF,2023-06-09,6.275370227417725,-3.045290881811976,3.2300793456057493,24,0.3329049979452973,0.02939830563934827,16902.905486127063,3.448114661589384,5.032916666666667,74.47333333333333,2,22.9,5.023858405497602,8.158067165495586,5.766305733590237,2.9614727713865983,0.7367157460652533,20,0.31336877709312866,313.36877709312864,6267.375541862573,1,passes
AMLF_powerVel_linearK600_ID_powerVel_freewaterK600,LF,2023-06-10,7.672870832071686,-1.3904695200860782,6.282401311985607,24,0.2917391092238238,0.03074790839311218,15496.154766985183,3.6546589772373,5.636666666666667,74.30916666666667,2,22.9,4.728654476690299,8.946208232024711,5.0497292133520935,2.8312732244845584,0.726929405594398,20,0.31336877709312866,313.36877709312864,6267.375541862573,1,passes
AMLF_powerVel_linearK600_ID_powerVel_freewaterK600,LF,2023-06-11,8.8573238949714,-1.0249333988127844,7.832390496158615,24,0.28129527818004546,0.031127140936208615,15129.73675044817,3.707059496275637,5.9262500000000005,75.40833333333333,2,22.9,4.537327601766844,9.47207428381247,4.73235759458448,2.7965253683377114,0.7254777274020635,20,0.31336877709312866,313.36877709312864,6267.375541862573,1,passes
AMLF_powerVel_linearK600_ID_powerVel_freewaterK600,LF,2023-06-12,8.604401642929929,-0.6812639883070006,7.923137654622929,24,0.2954523253971713,0.03061038913317698,15627.114844587848,3.6360284139919403,5.862916666666667,75,2,22.9,4.58597674529383,9.656346719089813,4.920972422508605,2.8437513161129675,0.7273726599977771,20,0.31336877709312866,313.36877709312864,6267.375541862573,1,passes
AMLF_powerVel_linearK600_ID_powerVel_freewaterK600,LF,2023-06-13,8.4003824075447735,-0.9619407499387327,7.438441657606041,24,0.2934392999427092,0.030682343679844574,15556.76577315365,3.6461284987414,5.801666666666667,75.56291666666667,2,22.9,4.5923299808990254,9.41670013468387,4.917285709423892,2.8371047095720416,0.7270638726560131,20,0.31336877709312866,313.36877709312864,6267.375541862573,1,passes
AMLF_powerVel_linearK600_ID_powerVel_freewaterK600,LF,2023-06-14,9.156077000382261,-0.25364794626412746,8.902429054118134,24,0.2913006195904561,0.03076056950874557,15481.580007242457,3.6568590400576464,6.045833333333333,75.60375,2,22.9,4.4687134514986075,9.994394380082772,4.75903610746984,2.829962103486474,0.7267829884470958,20,0.31336877709312866,313.36877709312864,6267.375541862573,1,passes
AMLF_powerVel_linearK600_ID_powerVel_freewaterK600,LF,2023-06-15,8.864481801498785,-1.3075104716090356,7.55697132988975,24,0.34446202100232587,0.029076326981991807,17281.955625717503,3.3901288511920495,5.635416666666667,74.26416666666667,2,22.9,4.7335738179168425,10.123795273083346,5.497643585379485,2.9952321055779194,0.741293986816305,20,0.31336877709312866,313.36877709312864,6267.375541862573,1,passes
AMLF_powerVel_linearK600_ID_powerVel_freewaterK600,LF,2023-06-16,7.537046492665899,-2.4851823841578664,5.051864108508033,24,0.3834794038819197,0.02800412948383102,18556.669405436412,3.194364374934437,5.18125,74.26208333333334,2,22.9,4.958444034987233,9.432992382982624,6.0718745889932935,3.1083779562799054,0.7574516809010512,20,0.31336877709312866,313.36877709312864,6267.375541862573,1,passes
AMLF_powerVel_linearK600_ID_powerVel_freewaterK600,LF,2023-06-17,8.269661076893614,-1.639163420955986,6.630497655937628,24,0.35826995868068473,0.0286652685516566,17742.4755355005,3.3208493791130698,5.48375,75.16791666666667,2,22.9,4.768950688709637,9.819953091405388,5.678968888615774,3.0368948361692802,0.7458514089747503,20,0.31336877709312866,313.36877709312864,6267.375541862573,1,passes
AMLF_powerVel_linearK600_ID_powerVel_freewaterK600,LF,2023-06-18,9.171800836737987,-1.9551297235490952,7.216671113188891,24,0.3529918140645855,0.028807700645202182,17570.756352230994,3.3473317605575463,5.59375,75.53416666666666,2,22.9,4.697919512766653,10.08418837669253,5.548608606740829,3.0217160439296107,0.7435864038228944,20,0.31336877709312866,313.36877709312864,6267.375541862573,1,passes
AMLF_powerVel_linearK600_ID_powerVel_freewaterK600,LF,2023-06-19,7.75701420748016,-2.755764759292823,5.0012494481873375,24,0.4035322158114859,0.02755875911429563,19177.522676301007,3.093752085355757,5.114583333333333,74.55083333333333,2,22.9,4.978440189518487,9.560164077667421,6.183474439676005,3.1607828327994594,0.7706451165870842,20,0.31336877709312866,313.36877709312864,6267.375541862573,1,passes
AMLF_powerVel_linearK600_ID_powerVel_freewaterK600,LF,2023-06-20,10.106400042711284,1.1407397460937792,11.247139788805063,24,0.5297966247297019,0.02510256665324674,22950.520407475156,2.460237378381929,5.435833333333333,74.64791666666667,2,22.9,4.8146586032592,12.618293670079144,6.247585417625154,3.46923502628952,0.8842555564886936,20,0.31336877709312866,313.36877709312864,6267.375541862573,0.875,passes
AMLF_powerVel_linearK600_ID_powerVel_freewaterK600,LF,2023-06-21,0.9269898987841982,-5.903766426442193,-4.976776527657995,24,0.5967594926392512,0.02408241716213755,24833.34968813823,2.124260185716949,3.3941666666666666,73.545,2,22.9,5.882791192396326,5.539196694302356,7.4583552643624875,3.614563302491153,0.9795795872336338,20,0.31336877709312866,313.36877709312864,6267.375541862573,0,too fast
AMLF_powerVel_linearK600_ID_powerVel_freewaterK600,LF,2023-06-22,-0.443945031726953,-2.1864213422872494,-2.6303663740142023,24,0.611624751192186,0.023882546835419845,25238.448822202463,2.0496757482104746,3.529583333333333,72.9325,2,22.9,5.842898768465577,6.1504511549042915,7.3204279826980345,3.6449244472698283,1.007274480952072,20,0.31336877709312866,313.36877709312864,6267.375541862573,0,too fast
AMLF_powerVel_linearK600_ID_powerVel_freewaterK600,LF,2023-06-23,2.607145491044508,-2.7957503977773244,-0.18860490673281616,24,0.6391125464823779,0.02352550849221244,25980.964774375258,1.9117594285775847,3.7616666666666667,73.755,2,22.9,5.689894881719553,7.308648182967872,6.952709312265793,3.7001203762658466,1.0632874339952474,20,0.31336877709312866,313.36877709312864,6267.375541862573,0,too fast
AMLF_powerVel_linearK600_ID_powerVel_freewaterK600,LF,2023-06-24,1.826126792783186,-5.8264346264095535,-4.000307833626367,24,0.624890797835153,0.023707610602624135,25598.181421814144,1.983115141593577,3.44375,73.83041666666666,2,22.9,5.845476459646275,5.876345311472741,7.238785776686529,3.6717616134152755,1.0332560989746102,20,0.31336877709312866,313.36877709312864,6267.375541862573,0,too fast
AMLF_powerVel_linearK600_ID_powerVel_freewaterK600,LF,2023-06-25,1.7760480328919999,-4.691936698538276,-2.9158886656462766,24,0.6150925479330754,0.02383516069720349,25333.348694425087,2.0322765439931376,3.5625,73.87708333333333,2,22.9,5.784006365755373,6.309759964605645,7.228705569809593,3.652064432694214,1.0134471523968145,20,0.31336877709312866,313.36877709312864,6267.375541862573,0,too fast
AMLF_powerVel_linearK600_ID_powerVel_freewaterK600,LF,2023-06-26,2.1604270821907914,-4.656076425691546,-2.4956493435007543,24,0.6610901884090764,0.023259992419169255,26563.78794963144,1.8014895631067345,3.47,74.01041666666667,2,22.9,5.824857809664079,6.249836218887871,6.929618931648053,3.7427079557441743,1.1181666666586805,20,0.31336877709312866,313.36877709312864,6267.375541862573,0,too fast
AMLF_powerVel_linearK600_ID_powerVel_freewaterK600,LF,2023-06-27,2.1581672785627886,-4.711216778797797,-2.5530495002350087,24,0.7310192134727325,0.022475279198579834,28383.352603607877,1.4506300754512524,3.17375,73.96833333333333,2,22.9,5.974226602767123,5.339239147041927,6.329539561436074,3.873352517037618,1.3443555320556317,20,0.31336877709312866,313.36877709312864,6267.375541862573,0,too fast
AMLF_powerVel_linearK600_ID_powerVel_freewaterK600,LF,2023-06-28,2.0760383760859225,-4.372353445908455,-2.296315069822533,24,0.7939601619061732,0.021848783330855874,29972.030471027287,1.1348323233761348,3.0091666666666668,74.04375,2,22.9,6.053131272348204,4.8424850496731935,5.4532765994182615,3.9842286261409963,1.6701045068973661,20,0.31336877709312866,313.36877709312864,6267.375541862573,0,too fast
AMLF_powerVel_linearK600_ID_powerVel_freewaterK600,LF,2023-06-29,3.600734881495387,-3.5744510202376407,0.026283861257746288,24,0.8367480933599786,0.0214598906387055,31027.462327937268,0.9201496262549586,3.06,73.87666666666667,2,22.9,6.035163589246265,5.260880194291968,4.649806105185342,4.0563222485868495,2.020166144210642,20,0.31336877709312866,313.36877709312864,6267.375541862573,0,too fast
AMLF_powerVel_linearK600_ID_powerVel_freewaterK600,LF,2023-06-30,4.52888038178051,-2.8592694281793483,1.669610953601162,24,0.8665304855176883,0.021205138425458334,31750.873342582756,0.7707204751392863,3.0795833333333333,73.82958333333333,2,22.9,6.027530546983599,5.478880105782421,4.028395478151852,4.105032052836919,2.383434303905289,20,0.31336877709312866,313.36877709312864,6267.375541862573,0,too fast
AMLF_powerVel_linearK600_ID_powerVel_freewaterK600,LF,2023-07-01,5.4539222925320265,-2.3202072833947174,3.133715009137309,24,0.8918383638850584,0.02099771277876173,32358.963494247066,0.6437415957749627,3.0970833333333334,73.85791666666667,2,22.9,6.017524919117012,5.673147269144186,3.4584456332483025,4.145564862863942,2.8245588853195525,20,0.31336877709312866,313.36877709312864,6267.375541862573,0,too fast
AMLF_powerVel_linearK600_ID_powerVel_freewaterK600,LF,2023-07-02,5.308670494468341,-2.3431437989064947,2.9655266955618464,23,0.9094840335520695,0.02085768851644492,32779.480673380305,0.5552068190771664,2.9656521739130435,73.84869565217392,2,22.9,6.083539498386782,5.056698432006038,3.0749037172658857,4.173381081456879,3.2499619617672235,20,0.31336877709312866,313.36877709312864,6267.375541862573,0,too fast
AMLF_powerVel_linearK600_ID_powerVel_freewaterK600,LF,2023-07-03,5.011427467103728,-2.272063726254512,2.7393637408492166,24,0.9189607012290975,0.020783974131577586,33004.178899037805,0.5076589122842925,2.9162500000000002,73.85875,2,22.9,6.1077565135435945,4.8272974427508935,2.850657972879765,4.188174268831117,3.5379230134417607,20,0.31336877709312866,313.36877709312864,6267.375541862573,0,too fast
AMLF_powerVel_linearK600_ID_powerVel_freewaterK600,LF,2023-07-04,5.080796484510589,-2.103853270552342,2.9769432139582475,24,0.9168857330142236,0.02080005390852908,32955.026771656834,0.518069786511544,2.9475000000000002,73.85000000000001,2,22.9,6.092559884146564,4.9791756560337,2.891983236132665,4.184941168938099,3.471933911393418,20,0.31336877709312866,313.36877709312864,6267.375541862573,0,too fast
AMLF_powerVel_linearK600_ID_powerVel_freewaterK600,LF,2023-07-05,5.416311436341146,-2.2644799835278597,3.151831452813286,24,0.8996416521153278,0.020935386767915072,32545.233570785313,0.6045896455224307,3.0595833333333333,73.83833333333334,2,22.9,6.037089101372506,5.493848492263137,3.277866814200743,4.157905206013215,2.9992184355904015,20,0.31336877709312866,313.36877709312864,6267.375541862573,0,too fast
AMLF_powerVel_linearK600_ID_powerVel_freewaterK600,LF,2023-07-06,4.514552016727094,-2.8349570210043344,1.6795949957227592,24,0.8757008509840322,0.02112900540392194,31971.939348639204,0.724709398534028,3.0375,73.88208333333334,2,22.9,6.046067789862192,5.282443400154215,3.8301868158152166,4.11981236398299,2.524711711127145,20,0.31336877709312866,313.36877709312864,6267.375541862573,0,too fast
AMLF_powerVel_linearK600_ID_powerVel_freewaterK600,LF,2023-07-07,2.7512620137430526,-3.1487279371801433,-0.39746592343709075,24,0.8514364301349002,0.021332575809144987,31385.4487160207,0.8464528699986125,2.9375,73.69083333333333,2,22.9,6.104567135065912,4.687298751925297,4.3943658844002425,4.080502526548389,2.1812967471393523,20,0.31336877709312866,313.36877709312864,6267.375541862573,0,too fast
AMLF_powerVel_linearK600_ID_powerVel_freewaterK600,LF,2023-07-08,5.185024975847339,-3.1046590853740414,2.080365890473298,24,0.8222850061906701,0.021587993823075916,30673.023070069437,0.9927162228794768,3.2729166666666667,73.88875,2,22.9,5.92813579955895,6.215356325510281,4.8297698777227405,4.0322586437304215,1.8832721642749284,20,0.31336877709312866,313.36877709312864,6267.375541862573,0,too fast
AMLF_powerVel_linearK600_ID_powerVel_freewaterK600,LF,2023-07-09,3.6245807971600317,-3.5170161653102787,0.10756463184975296,24,0.7869739265543445,0.02191375491648761,29798.6827064626,1.1698848205895875,3.2279166666666668,73.85000000000001,2,22.9,5.9523244997102465,5.822564774222951,5.471215918195146,3.972322887085131,1.6210988062001546,20,0.31336877709312866,313.36877709312864,6267.375541862573,0,too fast
AMLF_powerVel_linearK600_ID_powerVel_freewaterK600,LF,2023-07-10,1.4955736388694594,-3.3573919898564597,-1.8618183509870003,24,0.7677334897158861,0.022098858609874317,29317.145146224437,1.2664211272986263,3.0979166666666664,73.5275,2,22.9,6.031679315615691,5.135287434401517,5.863989708698104,3.9389838024129347,1.5078644332681488,20,0.31336877709312866,313.36877709312864,6267.375541862573,0,too fast
AMLF_powerVel_linearK600_ID_powerVel_freewaterK600,LF,2023-07-11,4.454065607361829,-3.0625335626940062,1.391532044667823,24,0.7421737334168363,0.022357279725739285,28669.33330157045,1.3946637703430582,3.535,73.75416666666666,2,22.9,5.8030611622895725,7.004667953930246,5.995710299510675,3.893602318971117,1.387937835102694,20,0.31336877709312866,313.36877709312864,6267.375541862573,0,too fast
AMLF_powerVel_linearK600_ID_powerVel_freewaterK600,LF,2023-07-12,4.650950838743761,-3.423485055582407,1.2274657831613536,24,0.6778527041005322,0.02306237873555391,27005.514003667668,1.7173858928215064,3.7600000000000002,73.875,2,22.9,5.6852146273191355,7.548704394595628,6.598536674084695,3.774797891310403,1.163610748402933,20,0.31336877709312866,313.36877709312864,6267.375541862573,0,too fast
AMLF_powerVel_linearK600_ID_powerVel_freewaterK600,LF,2023-07-13,5.757972822802943,-3.5947466980502574,2.1632261247526854,24,0.6256577602071873,0.023697811472550206,25618.81255033161,1.9792670109402748,4.042916666666667,73.91583333333334,2,22.9,5.541975981758548,8.328662098445255,6.857352389366695,3.673289282924093,1.0348878339547032,20,0.31336877709312866,313.36877709312864,6267.375541862573,0,too fast
AMLF_powerVel_linearK600_ID_powerVel_freewaterK600,LF,2023-07-14,1.8342145446370872,-3.54559540890732,-1.7113808642702328,24,0.614017512193958,0.023849077224355194,25304.33205560162,2.0376703913733163,3.6291666666666664,73.61500000000001,2,22.9,5.7621719109497525,6.577827802810726,7.2093594868814925,3.649909116776051,1.0112478754195946,20,0.31336877709312866,313.36877709312864,6267.375541862573,0,too fast
AMLF_powerVel_linearK600_ID_powerVel_freewaterK600,LF,2023-07-15,5.481825755250408,-3.6435938844279487,1.838231870822459,23,0.6211548593512561,0.023755203203563557,25497.75470042889,2.001859710979169,3.978695652173913,73.85000000000001,2,22.9,5.576946154877573,8.05255090841964,6.935056285189316,3.664330363332659,1.0252771008539032,20,0.31336877709312866,313.36877709312864,6267.375541862573,0,too fast
AMLF_powerVel_linearK600_ID_powerVel_freewaterK600,LF,2023-07-16,3.071673853035338,-4.257639952751802,-1.185966099716464,24,0.6193833091475169,0.023778388194751903,25449.80603641051,2.0107482261025256,3.6862500000000002,73.72416666666666,2,22.9,5.7287326134709815,6.846960806868385,7.134555781485486,3.660759594386058,1.0217504449828054,20,0.31336877709312866,313.36877709312864,6267.375541862573,0,too fast
AMLF_powerVel_linearK600_ID_powerVel_freewaterK600,LF,2023-07-17,6.251160931827085,-4.252416902811649,1.9987440290154366,24,0.6078420388344055,0.02393175984721859,25136.216930496983,2.068654999223781,4.087916666666667,74.11958333333334,2,22.9,5.510580872996952,8.364250985335282,6.927229894384284,3.637321774526252,0.9996437392486549,20,0.31336877709312866,313.36877709312864,6267.375541862573,0,too fast
AMLF_powerVel_linearK600_ID_powerVel_freewaterK600,LF,2023-07-18,4.809846820464253,-4.135984969427897,0.6738618510363565,24,0.5896151346396503,0.024181666684025292,24637.02525729699,2.1601060420703804,3.9870833333333335,73.90541666666667,2,22.9,5.570256426242142,7.8025512177708585,7.092877301007174,3.599734833430545,0.9673145992031223,20,0.31336877709312866,313.36877709312864,6267.375541862573,0,too fast
AMLF_powerVel_linearK600_ID_powerVel_freewaterK600,LF,2023-07-19,5.565963900831141,-4.237474595075204,1.3284893057559373,24,0.573068794018055,0.024417700671265356,24179.270267998643,2.2431250829876728,4.110833333333334,74.17916666666667,2,22.9,5.496395442643562,8.136802733175546,7.064081476301481,3.5649429023280783,0.9406055047836609,20,0.31336877709312866,313.36877709312864,6267.375541862573,0.4583333333333333,too fast
AMLF_powerVel_linearK600_ID_powerVel_freewaterK600,LF,2023-07-20,4.64768548915864,-4.239352155669235,0.4083333334894048,24,0.5514365692206721,0.024740670011464475,23573.846439948138,2.3516618644221197,4.05875,74.16041666666666,2,22.9,5.523276042522573,7.735309239036692,7.160849337090828,3.5184282195066348,0.9090939571987533,20,0.31336877709312866,313.36877709312864,6267.375541862573,1,passes
AMLF_powerVel_linearK600_ID_powerVel_freewaterK600,LF,2023-07-21,4.851765459064051,-4.26423275565628,0.5875327034077715,24,0.5280568268532069,0.025109101953871817,22910.469643954137,2.4689665804695524,4.140416666666667,74.27625,2,22.9,5.477416105848242,7.813354111865622,7.139754501215056,3.4668049242978305,0.8787787150103304,20,0.31336877709312866,313.36877709312864,6267.375541862573,1,passes
AMLF_powerVel_linearK600_ID_powerVel_freewaterK600,LF,2023-07-22,4.114343458246752,-4.2411490754519034,-0.12680561720515104,24,0.5167571237570999,0.025294302632869234,22586.62212103463,2.5256613225362434,4.15875,74.19625,2,22.9,5.471742410119791,7.77422392282971,7.1413356869573965,3.441367625770939,0.8652960705368694,20,0.31336877709312866,313.36877709312864,6267.375541862573,1,passes
AMLF_powerVel_linearK600_ID_powerVel_freewaterK600,LF,2023-07-23,0.11915895672002771,-3.915113695411536,-3.7959547386915085,24,0.5198103352701187,0.025243641983530588,22674.402125664732,2.5103422439964467,3.606666666666667,73.47125,2,22.9,5.77988050624353,5.812024195449468,7.541906870956407,3.4482826354368505,0.8688463226846347,20,0.31336877709312866,313.36877709312864,6267.375541862573,1,passes
AMLF_powerVel_linearK600_ID_powerVel_freewaterK600,LF,2023-07-24,4.665218993597017,-3.6606518434576776,1.0045671501393398,24,0.4956432203156506,0.02566021344018723,21972.884758257896,2.6315974962084883,4.262083333333333,74.15458333333333,2,22.9,5.421910955724958,7.91722374593677,7.068028885989821,3.3925198075800287,0.8427464890578494,20,0.31336877709312866,313.36877709312864,6267.375541862573,1,passes
AMLF_powerVel_linearK600_ID_powerVel_freewaterK600,LF,2023-07-25,4.536623843247345,-3.594364471969576,0.9422593712777694,24,0.4546971876699761,0.026426349638360384,20759.3951781085,2.837038713535749,4.4325,74.11541666666666,2,22.9,5.338473203477476,8.033235040891622,6.884522995651327,3.2941718550660153,0.8049743198280128,20,0.31336877709312866,313.36877709312864,6267.375541862573,1,passes
AMLF_powerVel_linearK600_ID_powerVel_freewaterK600,LF,2023-07-26,3.7868114892992133,-3.8847275040377802,-0.09791601473856693,24,0.4256350058812771,0.02702570858763152,19876.43734279838,2.982854305891732,4.34625,74.13083333333333,2,22.9,5.380999088898587,7.423056615662352,6.832719706920219,3.220941322274815,0.7828425499707841,20,0.31336877709312866,313.36877709312864,6267.375541862573,1,passes
AMLF_powerVel_linearK600_ID_powerVel_freewaterK600,LF,2023-07-27,5.4495126072638085,-3.102208283110723,2.3473043241530855,24,0.4290060384767032,0.026953338346023082,19979.916395484346,2.965940602773113,4.671666666666667,74.1,2,22.9,5.219463874140768,8.52584209205531,6.6395465224475565,3.2296059228917686,0.7852090747662301,20,0.31336877709312866,313.36877709312864,6267.375541862573,1,passes
AMLF_powerVel_linearK600_ID_powerVel_freewaterK600,LF,2023-07-28,3.3088113884186447,-4.077275823498009,-0.7684644350793639,24,0.4539382592466897,0.026439557976063906,20737.275359820957,2.8408465349306424,4.19375,74.02083333333333,2,22.9,5.461932774168309,7.272202869087278,7.040927818967239,3.2924085775327088,0.8042044464638654,20,0.31336877709312866,313.36877709312864,6267.375541862573,1,passes
AMLF_powerVel_linearK600_ID_powerVel_freewaterK600,LF,2023-07-29,5.683079640490529,-3.8217775720160625,1.8613020684744668,23,0.47778853205502425,0.02598084835698282,21449.167041029355,2.7211809956161974,4.465217391304348,74.27565217391304,2,22.9,5.315125213447749,8.459191815758617,6.908658789401388,3.3504839268420095,0.8249742279139447,20,0.31336877709312866,313.36877709312864,6267.375541862573,1,passes
AMLF_powerVel_linearK600_ID_powerVel_freewaterK600,LF,2023-07-30,8.2090511960103,-3.942945802790049,4.266105393220251,23,0.48516992267837145,0.0258445207443022,21667.242258490296,2.6841458599206107,4.656086956521739,74.46652173913044,2,22.9,5.211341738083565,9.183631887749744,6.786405343339612,3.3681046323004837,0.8319166550912326,20,0.31336877709312866,313.36877709312864,6267.375541862573,1,passes
AMLF_powerVel_linearK600_ID_powerVel_freewaterK600,LF,2023-07-31,6.839639229957358,-4.473172349409351,2.366466880548007,24,0.49789538400423133,0.025618027573143493,22039.679379314508,2.620297567499738,4.445416666666667,74.16291666666666,2,22.9,5.329960814661168,8.607034498506513,6.952433909092229,3.397935375377749,0.8447870310284556,20,0.31336877709312866,313.36877709312864,6267.375541862573,1,passes
AMLF_powerVel_linearK600_ID_powerVel_freewaterK600,LF,2023-08-01,7.2093468931548506,-4.621094422099923,2.5882524710549273,24,0.5187989540054199,0.025260623319296866,22645.237039831503,2.5154167136037886,4.4158333333333335,74.41125,2,22.9,5.333826510788224,8.7473583915369435,6.960297101207199,3.445978653170709,0.8676983674738029,20,0.31336877709312866,313.36877709312864,6267.375541862573,1,passes
AMLF_powerVel_linearK600_ID_powerVel_freewaterK600,LF,2023-08-02,6.880182802338657,-5.696911547237213,1.1832712551014444,24,0.5208833068872893,0.02522570363787413,22705.309622853332,2.504958753070802,4.257916666666667,74.39208333333333,2,22.9,5.413529551595422,8.17919578643229,7.063514560982574,3.4507217871785443,0.8700746885829671,20,0.31336877709312866,313.36877709312864,6267.375541862573,1,passes
AMLF_powerVel_linearK600_ID_powerVel_freewaterK600,LF,2023-08-03,7.158866464325645,-5.414513006602847,1.7443534577227986,24,0.5285578011409717,0.025100610284439644,22924.95345240558,2.4664530092911505,4.2995833333333335,74.50375,2,22.9,5.387912109100107,8.41959048101436,7.023522940864273,3.467951747661543,0.8793326711829617,20,0.31336877709312866,313.36877709312864,6267.375541862573,1,passes
AMLF_powerVel_linearK600_ID_powerVel_freewaterK600,LF,2023-08-04,5.58546793963193,-5.0261942829615744,0.5592736566703556,24,0.5529678679967506,0.024717966907554692,23616.631169805376,2.3439787785570827,4.0825,73.92958333333334,2,22.9,5.521435148380339,7.877542911772429,7.155753490829189,3.5217100352702095,0.9113492891171397,20,0.31336877709312866,313.36877709312864,6267.375541862573,1,passes
AMLF_powerVel_linearK600_ID_powerVel_freewaterK600,LF,2023-08-05,3.43365801035222,-5.776991398457915,-2.3433333881056955,24,0.5748507576666266,0.02439160615224357,24228.899093990905,2.2341843198040108,3.6958333333333333,73.68333333333334,2,22.9,5.725753637875239,6.566238031677848,7.354127667030274,3.5687384779576248,0.9433112045302298,20,0.31336877709312866,313.36877709312864,6267.375541862573,0.2916666666666667,too fast
AMLF_powerVel_linearK600_ID_powerVel_freewaterK600,LF,2023-08-06,6.809318762876262,-5.3371784371887685,1.4721403256874934,24,0.5774711209016355,0.024353596489453448,24301.702046904597,2.221036999342019,4.133333333333334,74.33333333333333,2,22.9,5.47838056083247,8.268334350852259,7.026160138005802,3.5742939014645883,0.9473765130954716,20,0.31336877709312866,313.36877709312864,6267.375541862573,0,too fast
AMLF_powerVel_linearK600_ID_powerVel_freewaterK600,LF,2023-08-07,5.093795127850843,-5.485971845668106,-0.3921767178172635,24,0.5761267086938009,0.024372958648351466,24264.417435385556,2.227782406960805,3.915,74.38375,2,22.9,5.585347384365241,7.413390026724585,7.168654761736594,3.5714536212145,0.9452565575443267,20,0.31336877709312866,313.36877709312864,6267.375541862573,0,too fast
AMLF_powerVel_linearK600_ID_powerVel_freewaterK600,LF,2023-08-08,4.883996937233199,-5.225469663338327,-0.3414727261051276,24,0.5789222618050791,0.024332740903112115,24341.925161105875,2.213756094832988,3.908333333333333,74.37541666666667,2,22.9,5.588969078653583,7.413399495753338,7.162908083782088,3.577356514131978,0.9496757894966597,20,0.31336877709312866,313.36877709312864,6267.375541862573,0,too fast
AMLF_powerVel_linearK600_ID_powerVel_freewaterK600,LF,2023-08-09,5.146290833390825,-5.093056829059431,0.05323400433139458,24,0.5803515297063636,0.024312287772239743,24381.498700589334,2.2065849351734528,3.9491666666666667,74.37791666666666,2,22.9,5.568532165486207,7.584417173972575,7.131160685871451,3.580366601577397,0.9519629891433059,20,0.31336877709312866,313.36877709312864,6267.375541862573,0,too fast
AMLF_powerVel_linearK600_ID_powerVel_freewaterK600,LF,2023-08-10,5.384867109592654,-4.670418652591527,0.7144484570011267,24,0.5844702164163519,0.024253729471375617,24495.348724548323,2.1859199779891587,4.007916666666667,74.35875,2,22.9,5.540012246240842,7.854708571459121,7.07851410286755,3.589013095949455,0.9586543261358764,20,0.31336877709312866,313.36877709312864,6267.375541862573,0,too fast
AMLF_powerVel_linearK600_ID_powerVel_freewaterK600,LF,2023-08-11,6.391033081139354,-4.692880552512742,1.6981525286266121,24,0.5791425870274762,0.024329939626693248,24347.852851542244,2.212650642632311,4.144583333333333,74.32375,2,22.9,5.473257696015925,8.323211079852125,7.0123050808033165,3.577795144592088,0.9501181446266977,20,0.31336877709312866,313.36877709312864,6267.375541862573,0.125,too fast
AMLF_powerVel_linearK600_ID_powerVel_freewaterK600,LF,2023-08-12,6.841151248877141,-4.876100819195547,1.965050429681594,24,0.5544513592478025,0.024695295617008155,23658.396240953574,2.3365355605254905,4.253333333333333,74.40416666666667,2,22.9,5.415382102614858,8.482879759177314,7.012135708166821,3.5249366068108525,0.9134041612339958,20,0.31336877709312866,313.36877709312864,6267.375541862573,1,passes
AMLF_powerVel_linearK600_ID_powerVel_freewaterK600,LF,2023-08-13,7.47282915623608,-4.720381442678832,2.752447713557248,24,0.5342330972526073,0.025009018566445333,23086.970152312388,2.4379779735787412,4.401666666666666,74.50166666666667,2,22.9,5.336920547892743,8.8347528960691335,6.950478597669056,3.4806312603134892,0.886321019573157,20,0.31336877709312866,313.36877709312864,6267.375541862573,1,passes
AMLF_powerVel_linearK600_ID_powerVel_freewaterK600,LF,2023-08-14,2.4423086879154763,-4.8070214292254265,-2.3647127413099502,24,0.538226135288323,0.024945576320368264,23200.510196200597,2.4179434417355647,3.7575,74.02083333333333,2,22.9,5.679993613477111,6.511566188512116,7.3918671376195535,3.489484119841567,0.8913998648862941,20,0.31336877709312866,313.36877709312864,6267.375541862573,1,passes
AMLF_powerVel_linearK600_ID_powerVel_freewaterK600,LF,2023-08-15,6.085986291396644,-4.025056931561051,2.060929359835593,24,0.5416345599643823,0.024891737139550597,23297.283623915966,2.4008421288763357,4.22625,73.94416666666666,1.915,22.9,5.49149110900676,8.59282568938993,7.141067541848895,3.4970192614628597,0.8957883513475846,20,0.31336877709312866,313.36877709312864,6267.375541862573,1,passes
AMLF_powerVel_linearK600_ID_powerVel_freewaterK600,LF,2023-08-16,8.216567502826727,-4.456358336103752,3.7602091667229756,24,0.5435213943988073,0.024862287670614103,23350.692573433433,2.3913751906149994,4.376666666666667,74.17791666666666,1.83,22.9,5.448499434903165,9.489866583395669,7.081723423412077,3.501166104668774,0.8982799021433343,20,0.31336877709312866,313.36877709312864,6267.375541862573,1,passes
AMLF_powerVel_linearK600_ID_powerVel_freewaterK600,LF,2023-08-17,6.3688056383531935,-4.216774432487865,2.1520312058653284,24,0.5497378777517071,0.024765966216484022,23526.330801854485,2.360184820632981,4.1570833333333335,73.97333333333333,1.83,22.9,5.567316178304087,8.740804931558433,7.223723492340724,3.514779692132074,0.9066180383586198,20,0.31336877709312866,313.36877709312864,6267.375541862573,1,passes
AMLF_powerVel_linearK600_ID_powerVel_freewaterK600,LF,2023-08-18,7.38973324265857,-4.1817399040382135,3.2079933386203567,23,0.5386259154382377,0.02493987655900821,23211.58004887023,2.4159375985474725,4.268695652173913,74.10608695652174,1.83,22.9,5.505640391459134,9.018293744658974,7.1627433112901695,3.490325676987627,0.8920195605846065,20,0.31336877709312866,313.36877709312864,6267.375541862573,1,passes
AMLF_powerVel_linearK600_ID_powerVel_freewaterK600,LF,2023-08-19,7.6871629151211645,-4.338209708281184,3.3489532068399805,24,0.5211081622621669,0.02522212238968523,22711.707969849693,2.503830571438721,4.389166666666666,74.44083333333333,1.83,22.9,5.430838954715553,9.261164379622944,7.085630583561189,3.4512209805090235,0.8703579651182203,20,0.31336877709312866,313.36877709312864,6267.375541862573,1,passes
AMLF_powerVel_linearK600_ID_powerVel_freewaterK600,LF,2023-08-20,6.659004589245808,-4.365083960225319,2.293920629020489,23,0.5227416543604478,0.025195213000036326,22758.58498021097,2.4956347443101374,4.310434782608696,74.21260869565218,1.83,22.9,5.480089147974964,9.015012858668552,7.149090247453669,3.4549074977010035,0.8722855671478279,20,0.31336877709312866,313.36877709312864,6267.375541862573,1,passes
AMLF_powerVel_linearK600_ID_powerVel_freewaterK600,LF,2023-08-21,9.078659986717556,-4.254986374739376,4.82367361197818,24,0.5228001513897403,0.025194277033014488,22760.25147163785,2.495341243325271,4.568333333333333,74.38208333333333,1.83,22.9,5.34396451607845,9.938628157102821,6.971222752719691,3.4550376571854993,0.8723585782989821,20,0.31336877709312866,313.36877709312864,6267.375541862573,1,passes
AMLF_powerVel_linearK600_ID_powerVel_freewaterK600,LF,2023-08-22,8.157668907235303,-3.9255797566351074,4.232089150600196,24,0.5071470853379756,0.025457554711252585,22308.67814462719,2.5738783991080125,4.53875,74.17541666666666,1.83,22.9,5.36780948002628,9.625297966700867,7.005784697072834,3.4193498601662804,0.8546353321462689,20,0.31336877709312866,313.36877709312864,6267.375541862573,1,passes
AMLF_powerVel_linearK600_ID_powerVel_freewaterK600,LF,2023-08-23,8.483957871721014,-4.320137247193361,4.163820624527653,24,0.48466261859671156,0.02585478032760436,21651.88774763861,2.6866911899894155,4.601666666666667,74.37625,1.83,22.9,5.327340921326532,9.551698959672763,6.936284684120837,3.366836602787271,0.8315326522441014,20,0.31336877709312866,313.36877709312864,6267.375541862573,1,passes
AMLF_powerVel_linearK600_ID_powerVel_freewaterK600,LF,2023-08-24,8.30860042538839,-4.6262322204818185,3.682368204906571,24,0.4641791360974637,0.026237942566427655,21044.780545720947,2.78946431128696,4.598333333333334,74.41333333333333,1.83,22.9,5.32739438581523,9.278355968280598,6.898220505582721,3.317633942764705,0.8127193688353607,20,0.31336877709312866,313.36877709312864,6267.375541862573,1,passes
AMLF_powerVel_linearK600_ID_powerVel_freewaterK600,LF,2023-08-25,7.665117108582276,-4.448141026037292,3.216976082544984,24,0.45504099893793837,0.026415945548335568,20771.121468512352,2.835313686692923,4.5529166666666665,74.37208333333334,1.83,22.9,5.352146180223632,9.0187713027665,6.905564172551527,3.2952413256187416,0.8049693017495624,20,0.31336877709312866,313.36877709312864,6267.375541862573,1,passes
AMLF_powerVel_linearK600_ID_powerVel_freewaterK600,LF,2023-08-26,9.04314261427313,-3.902276072166635,5.140866542106495,23,0.4594324821406769,0.026329820455464,20902.86129265646,2.813280009758947,4.721304347826087,74.51782608695652,1.83,22.9,5.261477297609827,9.65156908068088,6.799713664270246,3.3060385394722576,0.8086441835927554,20,0.31336877709312866,313.36877709312864,6267.375541862573,1,passes
AMLF_powerVel_linearK600_ID_powerVel_freewaterK600,LF,2023-08-27,7.923415806171178,-4.115174157319254,3.808241648851924,24,0.4749047233171931,0.026034130175513762,21363.958550203373,2.7356501184922966,4.567916666666666,74.40958333333333,1.83,22.9,5.342840947343475,9.345958490429025,6.940229750857627,3.343598335378469,0.8222651180134045,20,0.31336877709312866,313.36877709312864,6267.375541862573,1,passes
AMLF_powerVel_linearK600_ID_powerVel_freewaterK600,LF,2023-08-28,9.01455456261772,-3.2941443829870383,5.720410179630681,24,0.4911057960431914,0.025738101044453596,21841.291019333396,2.654363412851276,4.754583333333334,74.68166666666667,1.83,22.9,5.237628076040598,10.19970824514872,6.826640699266514,3.3820693087340787,0.8378329777394622,20,0.31336877709312866,313.36877709312864,6267.375541862573,1,passes
AMLF_powerVel_linearK600_ID_powerVel_freewaterK600,LF,2023-08-29,8.388807274135868,-5.752986136014627,2.6358211381212406,24,0.566985638492582,0.02453442980905813,23996.533473213738,2.273646498509385,4.160416666666666,74.34333333333333,1.83,22.9,5.549357335318209,9.017170272236251,7.1100183110860264,3.5500164589585745,0.9378546919651716,20,0.31336877709312866,313.36877709312864,6267.375541862573,0.5416666666666666,passes
AMLF_powerVel_linearK600_ID_powerVel_freewaterK600,LF,2023-08-30,9.353632940401628,-2.3291483761083374,7.0244845642932905,24,0.7498961712903188,0.022304858353967026,28848.90070104635,1.3559174758927224,3.91375,75.85833333333333,1.83,22.9,5.608333172104829,9.618589326391643,5.619564489390416,3.9051193245297027,1.4740244151651012,20,0.31336877709312866,313.36877709312864,6267.375541862573,0,too fast
AMLF_powerVel_linearK600_ID_powerVel_freewaterK600,LF,2023-08-31,6.5090972159521545,-5.013590889347251,1.4955063266049038,24,0.8108869235316633,0.021694132698552533,30390.139713288598,1.0499045711848276,3.1479166666666667,73.89916666666667,1.83,22.9,6.075119163865502,6.37927741499718,5.1514122473072534,4.012824509026075,1.801631187504189,20,0.31336877709312866,313.36877709312864,6267.375541862573,0,too fast
AMLF_powerVel_linearK600_ID_powerVel_freewaterK600,LF,2023-09-01,3.5611349799761642,-4.052153241231101,-0.4910182612549372,24,0.6506850093689882,0.02341948821172353,26269.196903013388,1.8536961509098056,3.5408333333333335,73.7,1.83,22.9,5.887499048881531,7.060155409593631,6.9884441976707965,3.7199034981785006,1.1123141107184247,20,0.31336877709312866,313.36877709312864,6267.375541862573,0.041666666666666664,too fast
AMLF_powerVel_linearK600_ID_powerVel_freewaterK600,LF,2023-09-02,4.819004972863129,-4.250326419426257,0.5686785534368726,24,0.5245131476406276,0.025171416159343273,22806.99927691812,2.486746514793092,4.04375,73.78625,1.83,22.9,5.632333829331131,7.999834799438468,7.337606714707974,3.458539246430095,0.8752309575070655,20,0.31336877709312866,313.36877709312864,6267.375541862573,1,passes
AMLF_powerVel_linearK600_ID_powerVel_freewaterK600,LF,2023-09-03,5.462619599539227,-4.575944325864735,0.8866752736744923,24,0.5320774512275542,0.025046373902472135,23024.270584682814,2.4487936378787682,4.05375,73.93416666666667,1.83,22.9,5.6208880419321225,8.181077748930388,7.319466615201311,3.4756400635619324,0.8840848211833412,20,0.31336877709312866,313.36877709312864,6267.375541862573,1,passes
AMLF_powerVel_linearK600_ID_powerVel_freewaterK600,LF,2023-09-04,5.335887679978106,-4.781475931085915,0.5544117488921909,24,0.5859535838871072,0.02423797583597017,24533.697249860932,2.1784773810085736,3.8629166666666666,73.86208333333333,1.83,22.9,5.719572240987966,7.992921244946623,7.294158553372859,3.591738508534914,0.9625461617588992,20,0.31336877709312866,313.36877709312864,6267.375541862573,0.2916666666666667,too fast
AMLF_powerVel_linearK600_ID_powerVel_freewaterK600,LF,2023-09-05,5.943834395247765,-4.255022703787497,1.688811691460268,24,0.6451006556896736,0.02345353964088034,26139.5786893603,1.881714895186989,3.8029166666666665,73.66125,1.83,22.9,5.758582798984241,8.257738054141054,6.98837982928445,3.7116968350374857,1.0782757689073568,20,0.31336877709312866,313.36877709312864,6267.375541862573,0,too fast
AMLF_powerVel_linearK600_ID_powerVel_freewaterK600,LF,2023-09-06,5.141448250171432,-4.184770107672594,0.9566781424988378,24,0.6816209566813468,0.02301449901901926,27106.8207662478,1.698479191796324,3.5945833333333335,73.87416666666667,1.83,22.9,5.853227787515312,7.645434687644151,6.7785031848178985,3.7822913684835084,1.1709778830872768,20,0.31336877709312866,313.36877709312864,6267.375541862573,0,too fast
AMLF_powerVel_linearK600_ID_powerVel_freewaterK600,LF,2023-09-07,4.228411184915295,-4.358424836681762,-0.1300136517664674,24,0.696289567333067,0.022847747468539403,27489.861540972197,1.624881408712757,3.4270833333333335,73.86708333333334,1.83,22.9,5.937187469919061,7.011034384952305,6.718256376602328,3.809880512465028,1.2150278917848618,20,0.31336877709312866,313.36877709312864,6267.375541862573,0,too fast
AMLF_powerVel_linearK600_ID_powerVel_freewaterK600,LF,2023-09-08,5.094472151384315,-4.495938314865352,0.5985338365189632,24,0.7080622523747898,0.022717397669985217,27795.22901677597,1.5658135432833704,3.4679166666666665,73.65625,1.83,22.9,5.926036022540002,7.270206224984661,6.571338870631444,3.8317382724247993,1.2536527957400807,20,0.31336877709312866,313.36877709312864,6267.375541862573,0,too fast
AMLF_powerVel_linearK600_ID_powerVel_freewaterK600,LF,2023-09-09,4.494569658544858,-3.977770988244032,0.516798670300826,24,0.7215680716208812,0.022571443450436636,28143.3955867663,1.4980499098459301,3.4008333333333334,73.54041666666667,1.83,22.9,5.964819301995532,7.060480691633171,6.449067162866554,3.856516683523914,1.301978116825773,20,0.31336877709312866,313.36877709312864,6267.375541862573,0,too fast
AMLF_powerVel_linearK600_ID_powerVel_freewaterK600,LF,2023-09-10,5.176335488544442,-3.957046819615762,1.2192886689286802,23,0.7288690574208199,0.02249392634875717,28330.76404158418,1.4614181945486757,3.411304347826087,73.66217391304347,1.83,22.9,5.95411144570356,7.151295482849325,6.343099359077155,3.869795657145364,1.3298669652076314,20,0.31336877709312866,313.36877709312864,6267.375541862573,0,too fast
AMLF_powerVel_linearK600_ID_powerVel_freewaterK600,LF,2023-09-11,5.500376660676754,-4.103585979740885,1.3967906809358697,24,0.7238528807500799,0.02254698948257891,28202.151587832013,1.4865861870250916,3.4870833333333335,73.87666666666667,1.83,22.9,5.906686688348403,7.453723751406596,6.35516330092126,3.860688697688611,1.3104417993827011,20,0.31336877709312866,313.36877709312864,6267.375541862573,0,too fast
AMLF_powerVel_linearK600_ID_powerVel_freewaterK600,LF,2023-09-12,5.228203857078595,-4.036233295010612,1.1919705620679837,24,0.7226527721296987,0.02255974414806286,28171.34475645111,1.4926075707823312,3.4695833333333335,73.735,1.83,22.9,5.921865643197494,7.369453724663745,6.38745022895937,3.8585048719328947,1.3058771154703714,20,0.31336877709312866,313.36877709312864,6267.375541862573,0,too fast
AMLF_powerVel_linearK600_ID_powerVel_freewaterK600,LF,2023-09-13,6.418426732124988,-4.584535966453994,1.8338907656709944,24,0.7207466604070076,0.022580105746654398,28122.35128764473,1.5021712302474632,3.4629166666666666,73.85083333333333,1.83,22.9,5.919971949585978,7.326018219259582,6.409072836424085,3.855027638982969,1.2987654343363026,20,0.31336877709312866,313.36877709312864,6267.375541862573,0,too fast
AMLF_powerVel_linearK600_ID_powerVel_freewaterK600,LF,2023-09-14,5.835402864862765,-4.4190557792033305,1.4163470856594342,24,0.7177602088181662,0.022612099704070736,28045.533299139664,1.5171553498375043,3.4320833333333334,73.88166666666666,1.83,22.9,5.933986808470508,7.170323343549942,6.4621498007202245,3.849571890467356,1.2877421366142718,20,0.31336877709312866,313.36877709312864,6267.375541862573,0,too fast
AMLF_powerVel_linearK600_ID_powerVel_freewaterK600,LF,2023-09-15,-0.19901783958195107,-4.079893501220858,-4.278911340802809,24,0.7204044616578359,0.022583744442194832,28113.565878807534,1.5038881664939137,2.6863636363636365,73.2,1.83,22.9,6.337240279189658,3.8424737692925475,6.863946635520977,3.8544047864883964,1.2974669432388308,20,0.31336877709312866,313.36877709312864,6267.375541862573,0,too fast
AMLF_powerVel_linearK600_ID_powerVel_freewaterK600,LF,2023-09-27,4.67388040875544,-3.6564447949156644,1.0174356138397753,24,0.5624123852039835,0.024576444924071402,23881.20008861003,2.2965921824266964,4.23,73.84083333333334,1.83,22.9,5.536617042705682,9.074211781652297,7.177106440787226,3.5420543879124216,0.9249994398498297,20,0.31336877709312866,313.36877709312864,6267.375541862573,0.75,passes
AMLF_powerVel_linearK600_ID_powerVel_freewaterK600,LF,2023-09-28,3.2006082174940653,-3.4983023909833673,-0.29769417348930194,24,0.5115682173753128,0.025385061666891483,22435.406000409614,2.551695963130029,3.882083333333333,73.38458333333334,1.83,22.9,5.731134053471517,7.32741547167389,7.476262558418542,3.4293051188949497,0.8598983891237985,20,0.31336877709312866,313.36877709312864,6267.375541862573,1,passes
AMLF_powerVel_linearK600_ID_powerVel_freewaterK600,LF,2023-09-29,4.090465808316628,-3.378917998756575,0.7115478095600527,24,0.49324222053806244,0.025699545374163187,21904.040997816457,2.643644189996349,4.039166666666667,73.47875,1.83,22.9,5.648370816056882,7.720745834826083,7.364971930046056,3.3871119181855454,0.8399330602541335,20,0.31336877709312866,313.36877709312864,6267.375541862573,1,passes
AMLF_powerVel_linearK600_ID_powerVel_freewaterK600,LF,2023-09-30,3.7295380121984567,-3.7035786923526297,0.025959319845827,24,0.4994936984126574,0.025589210920582407,22086.61583648461,2.612278239703558,3.9416666666666664,73.54083333333334,1.83,22.9,5.6943189366814595,7.442931503726081,7.429951843803168,3.4017064197609286,0.8463572838650802,20,0.31336877709312866,313.36877709312864,6267.375541862573,1,passes
AMLF_powerVel_linearK600_ID_powerVel_freewaterK600,LF,2023-10-01,2.398734716023282,-3.4664060305062234,-1.0676713144829413,24,0.47488537405831915,0.026037839038697528,21362.035926393717,2.735747200798947,3.865,73.33666666666667,1.83,22.9,5.74178725590725,6.921909522317368,7.455745179558839,3.343340707549191,0.8225668677436554,20,0.31336877709312866,313.36877709312864,6267.375541862573,1,passes
AMLF_powerVel_linearK600_ID_powerVel_freewaterK600,LF,2023-10-02,3.6587859646640455,-2.7741370377826966,0.8846489268813489,24,0.4377392898150878,0.02677027934336251,20246.363294551746,2.922122687574626,4.181666666666667,73.31125,1.83,22.9,5.584766606864851,7.5845002776361214,7.142175814195447,3.2517900927971364,0.7916401554467585,20,0.31336877709312866,313.36877709312864,6267.375541862573,1,passes
AMLF_powerVel_linearK600_ID_powerVel_freewaterK600,LF,2023-10-03,3.9573885512357814,-2.6648921094052787,1.2924964418305027,23,0.42301513549980135,0.027081894883938935,19796.03552589437,2.9959991535273396,4.223478260869565,73.25521739130434,1.83,22.9,5.566419087870756,7.557152458531669,7.054866860673831,3.2142106346154318,0.7810007708038569,20,0.31336877709312866,313.36877709312864,6267.375541862573,1,passes
AMLF_powerVel_linearK600_ID_powerVel_freewaterK600,LF,2023-10-04,3.7076883734607757,-2.929068269521676,0.7786201039390996,24,0.43202996880801575,0.026888527298572152,20072.7016303937,2.9507684386283337,4.172916666666667,73.42875000000001,1.83,22.9,5.583850892437143,7.50672583692631,7.117415784956759,3.237372053742931,0.7873387907624347,20,0.31336877709312866,313.36877709312864,6267.375541862573,1,passes
AMLF_powerVel_linearK600_ID_powerVel_freewaterK600,LF,2023-10-05,2.8492393731364434,-3.0227638011356306,-0.17352442799918721,24,0.4526595862450648,0.026464346596716322,20699.027774584072,2.8472621049149316,4.01125,73.45791666666666,1.83,22.9,5.663302093950176,7.210766404739963,7.297528618739556,3.289282399121232,0.8031113967669787,20,0.31336877709312866,313.36877709312864,6267.375541862573,1,passes
AMLF_powerVel_linearK600_ID_powerVel_freewaterK600,LF,2023-10-06,3.1879382361071267,-3.055893801924904,0.13204443418222267,24,0.46696768819139867,0.02618389230866428,21128.185180667806,2.7754731258230123,4.022916666666667,73.465,1.83,22.9,5.657146864617582,7.397650338378359,7.331628121287247,3.324450698892947,0.8151060564181909,20,0.31336877709312866,313.36877709312864,6267.375541862573,1,passes
AMLF_powerVel_linearK600_ID_powerVel_freewaterK600,LF,2023-10-07,2.9583485598318022,-2.708568943428161,0.2497796164036412,24,0.4442155023818759,0.026644016413973574,20440.40777016197,2.8896291611589082,4.08875,73.29125,1.83,22.9,5.632039674527345,7.346049498441409,7.221159690239588,3.2676730379695247,0.7970820933751656,20,0.31336877709312866,313.36877709312864,6267.375541862573,1,passes
AMLF_powerVel_linearK600_ID_powerVel_freewaterK600,LF,2023-10-08,5.982838566378801,-0.251007375798676,5.731831190580125,24,0.3792257208355558,0.028120993257589558,18417.53899626446,3.2157066580985094,4.99,72.07708333333333,1.83,22.9,5.2372062654455185,9.250783473547376,6.384867878257314,3.0960245634602517,0.7557444289590005,20,0.31336877709312866,313.36877709312864,6267.375541862573,1,passes
AMLF_powerVel_linearK600_ID_powerVel_freewaterK600,LF,2023-10-09,5.546265151613142,0.3698611239759377,5.916126275589079,24,0.36619672096660955,0.02845221717474078,18000.091751662432,3.28107791437615,5.04375,71.76583333333333,1.83,22.9,5.225022686783792,9.232843118606626,6.274779980812086,3.0596444617492233,0.7492901042579222,20,0.31336877709312866,313.36877709312864,6267.375541862573,1,passes
AMLF_powerVel_linearK600_ID_powerVel_freewaterK600,LF,2023-10-10,5.411942068399244,-0.23148770333844193,5.180454365060802,24,0.39350064777032734,0.027760530361287946,18874.155630889345,3.144084130169739,4.868333333333333,72.18,1.83,22.9,5.293984561457448,9.139427708957824,6.549200526427423,3.1357557362746036,0.7629119654673681,20,0.31336877709312866,313.36877709312864,6267.375541862573,1,passes
AMLF_powerVel_linearK600_ID_powerVel_freewaterK600,LF,2023-10-11,0.9220839827598046,-2.311191914310023,-1.3891079315502182,23,0.46532551797042,0.026247617186248396,21066.430307270002,2.7837124942662475,3.8265217391304347,72.66565217391305,1.83,22.9,5.791607433358498,6.7021651295232365,7.467007701756385,3.3184478822926136,0.8165804000774582,20,0.31336877709312866,313.36877709312864,6267.375541862573,1,passes
AMLF_powerVel_linearK600_ID_powerVel_freewaterK600,LF,2023-10-12,-0.812672338993053,-4.017751982386004,-4.830424321379057,24,0.6024978200273443,0.024019396096354454,24982.587289488052,2.09546889904374,3.14625,73.71416666666667,1.83,22.9,6.0842881075604645,5.234724283938476,7.649936444628004,3.6252433535383908,0.9946374599464672,20,0.31336877709312866,313.36877709312864,6267.375541862573,0.25,too fast
AMLF_powerVel_linearK600_ID_powerVel_freewaterK600,LF,2023-10-13,2.379678058113332,-5.3613802370917885,-2.9817021789784564,23,0.6132778120328358,0.023865656708225123,25280.762402303386,2.0413817375462937,3.3578260869565217,73.71478260869566,1.83,22.9,5.9784526659663015,6.145524361763732,7.46809157527024,3.6479041477791774,1.0121465538242629,20,0.31336877709312866,313.36877709312864,6267.375541862573,0.08695652173913043,too fast
AMLF_powerVel_linearK600_ID_powerVel_freewaterK600,LF,2023-10-14,2.2848117130856003,-3.746743823412884,-1.4619321103272838,24,0.5305421057597132,0.02507271617534893,22979.73133342225,2.4564970274760136,3.70625,73.31375,1.83,22.9,5.822211503248591,6.849279191700385,7.580245246864027,3.4721029977604,0.8824519873655717,20,0.31336877709312866,313.36877709312864,6267.375541862573,1,passes
AMLF_powerVel_linearK600_ID_powerVel_freewaterK600,LF,2023-10-15,3.8940984896294575,-2.609930560109821,1.2841679295196364,24,0.4954240930313842,0.025664651898149527,21966.248351559945,2.6326969379155485,4.1154166666666665,72.76166666666667,1.83,22.9,5.642919873942994,7.997425245394379,7.355341280634561,3.391971514260258,0.8425829137627888,20,0.31336877709312866,313.36877709312864,6267.375541862573,1,passes
AMLF_powerVel_linearK600_ID_powerVel_freewaterK600,LF,2023-10-16,6.053061787805315,-0.5889134570449118,5.464148330760403,24,0.4318970855075514,0.026904728375193896,20063.736153703732,2.951435162734332,4.740833333333334,71.97874999999999,1.83,22.9,5.366267614142786,9.28621344993972,6.830888253094943,3.2362420143574977,0.788129486949201,20,0.31336877709312866,313.36877709312864,6267.375541862573,1,passes
AMLF_powerVel_linearK600_ID_powerVel_freewaterK600,LF,2023-10-17,6.3166880274857276,0.3616050536263591,6.678293081112087,24,0.3971007123691373,0.02767403896385153,18987.872496635777,3.1260212897466775,5.005833333333333,71.52625,1.83,22.9,5.255178015172538,9.614057748335345,6.523039665023442,3.1455347317065283,0.7649225138043538,20,0.31336877709312866,313.36877709312864,6267.375541862573,1,passes
AMLF_powerVel_linearK600_ID_powerVel_freewaterK600,LF,2023-10-18,4.753454319331232,-0.3056891976250991,4.447765121706133,24,0.4325402561882613,0.026882439969939064,20086.578799946245,2.9482081402597085,4.674166666666666,71.73375,1.83,22.9,5.41155222278112,9.119344752139634,6.895462191286567,3.238395554326784,0.7880214332472598,20,0.31336877709312866,313.36877709312864,6267.375541862573,1,passes
AMLF_powerVel_linearK600_ID_powerVel_freewaterK600,LF,2023-10-19,4.683966482197995,-0.7168284124837889,3.9671380697142062,24,0.47120697881323836,0.02610583320091761,21253.342917073423,2.754203054715237,4.507916666666667,72.19791666666667,1.83,22.9,5.472951464262524,9.083304877952134,7.099735843095031,3.334556556661816,0.8191082375763329,20,0.31336877709312866,313.36877709312864,6267.375541862573,1,passes
AMLF_powerVel_linearK600_ID_powerVel_freewaterK600,LF,2023-10-20,3.317601977620761,-1.755517042927292,1.562084934693469,24,0.5165746474467293,0.025301395032830905,22579.600000351355,2.5265768729061735,4.096666666666667,72.45083333333334,1.83,22.9,5.666756808824835,8.171635985615177,7.390593518268442,3.440683426838818,0.8656413313969487,20,0.31336877709312866,313.36877709312864,6267.375541862573,1,passes
AMLF_powerVel_linearK600_ID_powerVel_freewaterK600,LF,2023-10-21,2.720201275094307,-2.5968678080349257,0.12333346705938153,24,0.5365367836284609,0.02497236363223759,23152.498782753704,2.4264195367091412,3.8775,72.7875,1.83,22.9,5.760702260103175,7.560944745378596,7.499278011848905,3.485742380017288,0.88924193767158,20,0.31336877709312866,313.36877709312864,6267.375541862573,1,passes
AMLF_powerVel_linearK600_ID_powerVel_freewaterK600,LF,2023-10-22,4.813324238623234,-1.1690897023214266,3.6442345363018074,24,0.5119030784293936,0.025378455266608084,22445.49686014051,2.5500158427828103,4.297083333333333,72.50083333333333,1.83,22.9,5.564288006107751,8.832740003005226,7.259889982393684,3.4301340142245396,0.8601365245185456,20,0.31336877709312866,313.36877709312864,6267.375541862573,1,passes
AMLF_powerVel_linearK600_ID_powerVel_freewaterK600,LF,2023-10-23,4.6323362496881435,-1.9547182937872554,2.677617955900888,24,0.4743754970188742,0.02604617976254234,21347.406805133884,2.7383054403377383,4.2683333333333335,72.79208333333334,1.83,22.9,5.565135284767203,8.291065586113852,7.2267172141415505,3.3421915234315835,0.8219836370190332,20,0.31336877709312866,313.36877709312864,6267.375541862573,1,passes
AMLF_powerVel_linearK600_ID_powerVel_freewaterK600,LF,2023-10-24,4.049473484173672,-1.666690594260391,2.3827828899132806,24,0.44808175955819496,0.026555550649840352,20561.147421976417,2.870230735243592,4.297916666666667,72.81583333333333,1.83,22.9,5.549320061535642,8.09027456261968,7.137056620931125,3.277939716861741,0.7993951076871357,20,0.31336877709312866,313.36877709312864,6267.375541862573,1,passes
AMLF_powerVel_linearK600_ID_powerVel_freewaterK600,LF,2023-10-25,3.7167651985045453,-2.311849828832452,1.4049153696720933,24,0.4506587203178842,0.026503842809284795,20638.90402749871,2.85730118087,4.160416666666666,72.99125,1.83,22.9,5.609907295956591,7.674356542226982,7.223091150196644,3.284347138963601,0.8014584831850867,20,0.31336877709312866,313.36877709312864,6267.375541862573,1,passes
AMLF_powerVel_linearK600_ID_powerVel_freewaterK600,LF,2023-10-26,4.671524739928981,-3.313733218480485,1.3577915214484961,24,0.4751484676900878,0.02603162111107858,21370.355900565606,2.7344271638505737,4.077916666666667,73.1925,1.83,22.9,5.6421172691891615,7.673497630106981,7.327320950983127,3.3440544215813235,0.8226850416479278,20,0.31336877709312866,313.36877709312864,6267.375541862573,1,passes
AMLF_powerVel_linearK600_ID_powerVel_freewaterK600,LF,2023-10-27,4.354234779865331,-3.194421900256238,1.1598128796090932,24,0.5006406276468744,0.02556958599674094,22119.850359728054,2.6065236763712627,4.005416666666667,73.02250000000001,1.83,22.9,5.686093307964039,7.684690233431721,7.419311155298907,3.4043436977385215,0.8476089976850341,20,0.31336877709312866,313.36877709312864,6267.375541862573,1,passes
AMLF_powerVel_linearK600_ID_powerVel_freewaterK600,LF,2023-10-28,3.9052656386281757,-3.1114074571552,0.7938581814729755,24,0.5031369447693383,0.0255258568013212,22192.616627465217,2.593998740612241,3.9633333333333334,73.0425,1.83,22.9,5.706354404210869,7.552068533206278,7.447500821460764,3.410150100957791,0.8502125101220208,20,0.31336877709312866,313.36877709312864,6267.375541862573,1,passes
AMLF_powerVel_linearK600_ID_powerVel_freewaterK600,LF,2023-10-29,3.769830515547978,-3.2439178850674555,0.5259126304805224,24,0.5019609601779863,0.025546273849203254,22158.41500196333,2.59989908529511,3.9341666666666666,73.04875,1.83,22.9,5.720565710926142,7.436224179540651,7.4655073809927,3.407426739616908,0.8489642761176823,20,0.31336877709312866,313.36877709312864,6267.375541862573,1,passes
AMLF_powerVel_linearK600_ID_powerVel_freewaterK600,LF,2023-10-30,3.2983023471215898,-3.327845844756599,-0.029543497635009075,24,0.5158558823943695,0.025309727551828927,22560.50511764933,2.5301831799837577,3.84,73.00583333333333,1.83,22.9,5.769654510681218,7.239191086351969,7.530052343164398,3.4392950223228107,0.8643132709655731,20,0.31336877709312866,313.36877709312864,6267.375541862573,1,passes
AMLF_powerVel_linearK600_ID_powerVel_freewaterK600,LF,2023-10-31,3.329725797114729,-3.6442297194461153,-0.31450392233138613,24,0.5016600708515017,0.02556389141691945,22144.455055665956,2.601408757063525,3.7608333333333333,73.03666666666666,1.83,22.9,5.807746473626602,6.824779292151161,7.563194213030258,3.405925471522754,0.850071082824393,20,0.31336877709312866,313.36877709312864,6267.375541862573,1,passes
AMLF_powerVel_linearK600_ID_powerVel_freewaterK600,LF,2023-11-01,3.9105205853796847,-0.7512247656140538,3.1592958197656307,24,0.37691866318103967,0.02826299485015289,18317.443292918026,3.227282009905836,4.4555,71.208,1.83,22.9,5.54487577087844,7.586214523340026,6.705828416106272,3.085149824873525,0.7581425021899398,20,0.31336877709312866,313.36877709312864,6267.375541862573,1,passes
AMLF_powerVel_linearK600_ID_powerVel_freewaterK600,LF,2023-11-02,3.9149254273804064,1.1708140806545222,5.085739508034928,24,0.25830785595821526,0.032071520064880406,14297.625943073532,3.8223957987041315,5.015789473684211,70.10105263157895,1.83,22.9,5.318135787943332,7.314027203654772,5.2766516450868135,2.7152777331420284,0.7249402946778591,20,0.31336877709312866,313.36877709312864,6267.375541862573,1,passes
AMLF_powerVel_linearK600_ID_powerVel_freewaterK600,LF,2023-11-03,2.019746252003448,-2.7578045365079045,-0.7380582845044565,24,0.26038001058510196,0.03197138169176635,14375.996444335946,3.8119990412765743,3.980909090909091,71.34772727272727,1.83,22.9,5.776122634981846,4.926062155106543,5.729414096314348,2.723235647180787,0.7246421517403039,20,0.31336877709312866,313.36877709312864,6267.375541862573,1,passes
AMLF_powerVel_linearK600_ID_powerVel_freewaterK600,LF,2023-11-04,3.6644138543787124,-0.09459555708570362,3.5698182972930086,23,0.29729470202914526,0.03055184717284781,15689.658771181697,3.626784536781092,4.678947368421053,71.09,1.83,22.9,5.43896818288793,7.139156120257716,5.8488534731196875,2.849499810057576,0.7278509678922583,20,0.31336877709312866,313.36877709312864,6267.375541862573,1,passes
AMLF_powerVel_linearK600_ID_powerVel_freewaterK600,LF,2023-11-05,4.156102324096096,0.9527293702082071,5.108831694304303,24,0.3263700368460256,0.02959061057103119,16685.55385593503,3.4809029508734377,4.944090909090909,70.99954545454545,1.83,22.9,5.31101006432832,8.292187805285005,6.02898768121357,2.941861907189134,0.7344930171088815,20,0.31336877709312866,313.36877709312864,6267.375541862573,1,passes
AMLF_powerVel_linearK600_ID_powerVel_freewaterK600,LF,2023-11-06,4.671908128642294,0.6622754483943093,5.334183577036604,24,0.34741897970318764,0.028964405024251863,17387.535975280836,3.375292708204808,4.936521739130435,71.26173913043478,1.83,22.9,5.302723408895367,8.621797599809463,6.216203594785595,3.005361781008042,0.741435146526272,20,0.31336877709312866,313.36877709312864,6267.375541862573,1,passes
AMLF_powerVel_linearK600_ID_powerVel_freewaterK600,LF,2023-11-07,4.5202639827344315,0.35981310517713366,4.880077087911565,23,0.3587281650662861,0.028649300099197708,17758.48622824672,3.318550390137516,4.835909090909091,71.43545454545455,1.7873913043478262,22.9,5.365648717811687,8.637606408285194,6.386679267854744,3.0384009921885133,0.7459074922387712,20,0.31336877709312866,313.36877709312864,6267.375541862573,1,passes
AMLF_powerVel_linearK600_ID_powerVel_freewaterK600,LF,2023-11-08,4.324896918935068,0.16070496699638454,4.485601885931453,24,0.38054995456576407,0.02808021646335674,18462.26940151615,3.2090624932800518,4.6276190476190475,71.32809523809524,1.76,22.9,5.48896298141755,8.446372612949661,6.699308807119492,3.100108438341466,0.7560798622408342,20,0.31336877709312866,313.36877709312864,6267.375541862573,1,passes
AMLF_powerVel_linearK600_ID_powerVel_freewaterK600,LF,2023-11-09,4.2884338606699854,-1.4780515971739066,2.810382263496079,24,0.412072949234123,0.02732758775749737,19456.29618088423,3.0509001029329976,4.3122727272727275,72.15227272727273,1.76,22.9,5.608105643332951,7.927561331001593,7.046596149966635,3.1854593659446016,0.7739736931002089,20,0.31336877709312866,313.36877709312864,6267.375541862573,1,passes
AMLF_powerVel_linearK600_ID_powerVel_freewaterK600,LF,2023-11-10,4.564964052905967,-2.325107736160158,2.239856316745809,24,0.42785436022217316,0.026977089497222172,19944.918057333613,2.971718993676755,4.182916666666666,72.895,1.76,22.9,5.638463697639907,7.714418594467446,7.168663085183385,3.2267030206251097,0.7843377711522559,20,0.31336877709312866,313.36877709312864,6267.375541862573,1,passes
AMLF_powerVel_linearK600_ID_powerVel_freewaterK600,LF,2023-11-11,4.484036994724461,-2.658510303029319,1.8255266916951416,23,0.40094778728204983,0.02759124231293962,19106.137310947703,3.106719108260691,4.121739130434783,73.13956521739131,1.76,22.9,5.657871036970251,7.179353137343573,7.04295362820837,3.1554460344390978,0.7675620568457956,20,0.31336877709312866,313.36877709312864,6267.375541862573,1,passes
AMLF_powerVel_linearK600_ID_powerVel_freewaterK600,LF,2023-11-12,2.8649378143826603,-1.1822880373790656,1.6826497770035946,24,0.3346351698871727,0.02936520366942942,16955.40996838173,3.439433756335383,4.257,72.1155,1.76,22.9,5.636735129506796,6.725138917375391,6.490897906637852,2.965782276670923,0.7378911170389881,20,0.31336877709312866,313.36877709312864,6267.375541862573,1,passes
AMLF_powerVel_linearK600_ID_powerVel_freewaterK600,LF,2023-11-13,3.1405825512183885,0.5874613934354482,3.7280439446538365,24,0.26396843166511813,0.031840593975652844,14502.141141125498,3.7939946206446473,4.698888888888889,71.24444444444444,1.76,22.9,5.4564068551884635,6.789862379619741,5.4932006645779206,2.735212839382074,0.7251133230827775,20,0.31336877709312866,313.36877709312864,6267.375541862573,1,passes
AMLF_powerVel_linearK600_ID_powerVel_freewaterK600,LF,2023-11-14,-1.7992460037904765,-0.6376476680597882,-2.4368936718502647,24,0.24190710100188642,0.03277399008387981,13697.729333619465,3.9046843831067095,3.645,71.34,1.76,22.9,5.978889590727082,4.071218869471766,5.58006528932957,2.6561257524558393,0.7251960878848114,20,0.31336877709312866,313.36877709312864,6267.375541862573,1,passes
AMLF_powerVel_linearK600_ID_powerVel_freewaterK600,LF,2023-11-15,1.8226649366812664,-2.4223045939716887,-0.5996396572904223,24,0.2946125945652238,0.030666978573985426,15591.221861834129,3.640241650615752,4.15,72.02,1.76,22.9,5.694679321038912,6.0782228919192365,6.1657942440318,2.839780695671679,0.7279341049228303,20,0.31336877709312866,313.36877709312864,6267.375541862573,1,passes
AMLF_powerVel_linearK600_ID_powerVel_freewaterK600,LF,2023-11-16,0.9175559602319965,-1.589192453017072,-0.6716364927850755,24,0.3101912153529586,0.030106980092717225,16136.251776720985,3.562078013942881,4.052083333333333,72.18666666666667,1.76,22.9,5.735837019821259,5.897354762280399,6.337620859224981,2.891338791688177,0.7302673345890641,20,0.31336877709312866,313.36877709312864,6267.375541862573,1,passes
AMLF_powerVel_linearK600_ID_powerVel_freewaterK600,LF,2023-11-17,3.258761334411108,-1.1771901479882605,2.081571186422847,24,0.29848684726142954,0.030503070777028334,15732.876589489228,3.620803108253675,4.475833333333333,72.43083333333334,1.76,22.9,5.512777469732984,6.814475019590148,5.958520738145364,2.8537185914928345,0.7278682754122324,20,0.31336877709312866,313.36877709312864,6267.375541862573,1,passes
AMLF_powerVel_linearK600_ID_powerVel_freewaterK600,LF,2023-11-18,3.409602781304958,-0.6642412170663485,2.7453615642386096,24,0.3002895599352046,0.030442961156116336,15794.783512351483,3.6117582396238745,4.586666666666667,72.67333333333333,1.76,22.9,5.4464976499517,7.1113859881444785,5.908448705957311,2.8594724155315334,0.7282609747007528,20,0.31336877709312866,313.36877709312864,6267.375541862573,1,passes
AMLF_powerVel_linearK600_ID_powerVel_freewaterK600,LF,2023-11-19,3.5477449995194603,0.7776971278214326,4.325442127340893,24,0.2790007655268565,0.031214500936804994,15048.251499737997,3.71857190522434,4.898695652173913,71.45913043478261,1.76,22.9,5.347094200878866,7.53155055013755,5.54948478244741,2.788710602149508,0.7252617692790208,20,0.31336877709312866,313.36877709312864,6267.375541862573,1,passes
AMLF_powerVel_linearK600_ID_powerVel_freewaterK600,LF,2023-11-20,3.5561447057401305,0.6177128032198819,4.173857508960013,23,0.2950845879642796,0.030637463517950353,15610.7563174258,3.6378734871526013,4.828571428571428,71.44666666666667,1.76,22.9,5.383014877154489,7.6434197709290865,5.766379009486242,2.841899727651366,0.7276892686502681,20,0.31336877709312866,313.36877709312864,6267.375541862573,1,passes
AMLF_powerVel_linearK600_ID_powerVel_freewaterK600,LF,2023-11-21,4.207632421399958,-0.6410189219049061,3.566613499495052,24,0.3517717578936352,0.028855209883592615,17526.715924501896,3.3534532284696312,4.5495833333333335,72.66958333333334,1.76,22.9,5.465124288946704,7.815561321733158,6.436308850594371,3.0174586127141847,0.7435978165784094,20,0.31336877709312866,313.36877709312864,6267.375541862573,1,passes
AMLF_powerVel_linearK600_ID_powerVel_freewaterK600,LF,2023-11-22,2.984642215138823,-1.769144691833385,1.2154975233054381,24,0.37247543672607536,0.02828458601323896,18203.820083732317,3.2495753016556774,4.193333333333333,72.45041666666667,1.76,22.9,5.653416225389098,7.055103284521539,6.843503431783171,3.077607414407993,0.7520521175266901,20,0.31336877709312866,313.36877709312864,6267.375541862573,1,passes
AMLF_powerVel_linearK600_ID_powerVel_freewaterK600,LF,2023-11-23,5.233434349766956,2.420214850991351,7.653649200758307,24,0.32385524652629866,0.02969095618840978,16594.63693477088,3.4935205734176837,5.1382352941176475,69.46352941176471,1.76,22.9,5.322206822264018,8.955740009602486,6.0390746588272055,2.9330313748155876,0.7344634594051569,20,0.31336877709312866,313.36877709312864,6267.375541862573,1,passes
AMLF_powerVel_linearK600_ID_powerVel_freewaterK600,LF,2023-11-24,4.049037504230068,1.4838463166090918,5.532883820839159,24,0.2743900874454764,0.03139830679336194,14882.576279151841,3.7417053630110715,4.962777777777777,69.80722222222222,1.76,22.9,5.39310982623919,7.609573132934,5.555684330186914,2.772647379085396,0.7250283327401078,20,0.31336877709312866,313.36877709312864,6267.375541862573,1,passes
AMLF_powerVel_linearK600_ID_powerVel_freewaterK600,LF,2023-11-25,3.66514100036592,1.5579618321385913,5.2231028325045115,24,0.2669607605854969,0.031689717569235304,14616.759074185607,3.7789810123332908,4.964705882352941,70.03058823529412,1.76,22.9,5.3816525094718335,7.487592257522624,5.43382356227172,2.74697479950561,0.7245335176274276,20,0.31336877709312866,313.36877709312864,6267.375541862573,1,passes
AMLF_powerVel_linearK600_ID_powerVel_freewaterK600,LF,2023-11-26,2.194552638523424,-0.7830569479791852,1.411495690544239,24,0.30731318669795715,0.03021883236778711,16033.307094889858,3.5765181360299887,4.3725,70.63583333333334,1.76,22.9,5.648416268809993,6.6625193543915024,6.204905641327934,2.8814122639804354,0.7300844515002707,20,0.31336877709312866,313.36877709312864,6267.375541862573,1,passes
AMLF_powerVel_linearK600_ID_powerVel_freewaterK600,LF,2023-11-27,4.834510856094855,0.29084488434832073,5.125355740443176,24,0.3327767049622306,0.02939587894900023,16900.397471635577,3.4487583543945908,4.667894736842105,70.36894736842105,1.76,22.9,5.513685325822844,7.8140374567957895,6.327491000935223,2.9613955884003063,0.736467743281675,20,0.31336877709312866,313.36877709312864,6267.375541862573,1,passes
AMLF_powerVel_linearK600_ID_powerVel_freewaterK600,LF,2023-11-28,5.274041779083322,3.64315233706366,8.917194116146982,24,0.26996350389759993,0.031627111431973394,14711.685681964873,3.761423502562644,5.606,67.702,1.76,22.9,5.175697802581648,9.05944017399824,5.307561874133269,2.7550010304400385,0.7264875194107592,20,0.31336877709312866,313.36877709312864,6267.375541862573,1,passes
AMLF_powerVel_linearK600_ID_powerVel_freewaterK600,LF,2023-11-29,4.483054903982012,4.02357504098219,8.506629944964203,24,0.2150241510306602,0.034117783246919935,12674.846017488464,3.9337573131782992,5.914285714285715,66.06642857142857,1.76,22.9,5.105453998661668,8.438774510894495,4.3495594894837595,2.551501406688819,0.749353922434074,20,0.31336877709312866,313.36877709312864,6267.375541862573,1,passes
AMLF_powerVel_linearK600_ID_powerVel_freewaterK600,LF,2023-11-30,4.335105174744628,3.15734100703336,7.4924461817779875,24,0.24684167387166236,0.03260072000363022,13870.366465662564,3.8569653375022326,5.512,67.176,1.76,22.9,5.252022977444046,8.179621096425217,4.943762478211105,2.67240211370743,0.7301833706406602,20,0.31336877709312866,313.36877709312864,6267.375541862573,1,passes
AMLF_powerVel_linearK600_ID_powerVel_freewaterK600,LF,2023-12-01,3.3529798502002577,0.1024128605308904,3.455392710731148,24,0.3276752894655828,0.029578402660774356,16721.751915965517,3.474354021227387,4.570476190476191,71.04380952380953,1.76,22.9,5.531130304830929,7.454680842329343,6.268745651908663,2.944504587746779,0.735754664397444,20,0.31336877709312866,313.36877709312864,6267.375541862573,1,passes
AMLF_powerVel_linearK600_ID_powerVel_freewaterK600,LF,2023-12-02,3.3546004044042737,-1.586788198532574,1.7678122058716996,24,0.37659014090197457,0.028179781741393885,18335.740342317724,3.228930326301085,4.251666666666667,72.64375,1.76,22.9,5.615273545169567,7.297468501872793,6.825344782515014,3.089109933393224,0.7540737317482953,20,0.31336877709312866,313.36877709312864,6267.375541862573,1,passes
AMLF_powerVel_linearK600_ID_powerVel_freewaterK600,LF,2023-12-03,0.2075267340843574,-2.4207385960674803,-2.213211861983123,24,0.3784491821714548,0.028131325203517486,18395.693777116005,3.219602836510594,3.7429166666666664,72.85041666666666,1.76,22.9,5.859941634100177,5.8144145213148635,7.140042563152411,3.0943661171501535,0.75493978977219,20,0.31336877709312866,313.36877709312864,6267.375541862573,1,passes
AMLF_powerVel_linearK600_ID_powerVel_freewaterK600,LF,2023-12-04,4.032148041767334,-0.6891858821002115,3.342962159667122,24,0.34895666347881854,0.02892637439107741,17436.55210586002,3.3675775864624002,4.5495833333333335,72.12791666666666,1.76,22.9,5.490117790772562,7.730525300236867,6.452488714058934,3.009608506672814,0.7422158630937764,20,0.31336877709312866,313.36877709312864,6267.375541862573,1,passes
AMLF_powerVel_linearK600_ID_powerVel_freewaterK600,LF,2023-12-05,5.143151402098809,1.6555686443089221,6.798720046407731,24,0.30986607408914624,0.0301244874122153,16123.333377972445,3.5637093665483697,5.010555555555555,69.87611111111111,1.76,22.9,5.365974518287166,8.365456523869264,5.934869488940368,2.889986836884518,0.7303875703075767,20,0.31336877709312866,313.36877709312864,6267.375541862573,1,passes
AMLF_powerVel_linearK600_ID_powerVel_freewaterK600,LF,2023-12-06,4.221018761119225,2.019230110928552,6.240248872047777,24,0.28631175174887175,0.030939639953472403,15307.052946106698,3.681890014152964,5.105,68.83222222222223,1.76,22.9,5.369786644119264,8.17738473008119,5.6688682524436,2.813456522631204,0.7260366900935932,20,0.31336877709312866,313.36877709312864,6267.375541862573,1,passes
AMLF_powerVel_linearK600_ID_powerVel_freewaterK600,LF,2023-12-07,5.240634704119194,2.418920723591601,7.659555427710795,24,0.32202002890008474,0.02975898227095115,16529.761002798918,3.5027285312790095,5.25,68.08736842105263,1.76,22.9,5.335029846019877,9.144240029870694,5.982762995613937,2.9268450469074825,0.7342725228966976,20,0.31336877709312866,313.36877709312864,6267.375541862573,1,passes
AMLF_powerVel_linearK600_ID_powerVel_freewaterK600,LF,2023-12-08,3.732366113557158,-0.8783412226724657,2.8540248908846926,24,0.41960460181180037,0.027189048584055638,19679.325927119447,3.013111048070621,4.2255,70.4465,1.76,22.9,5.731768626377292,7.713685236887225,7.208814258690804,3.2034848970740994,0.7806251249290149,20,0.31336877709312866,313.36877709312864,6267.375541862573,1,passes
AMLF_powerVel_linearK600_ID_powerVel_freewaterK600,LF,2023-12-09,4.85439476710235,-3.9918465082595316,0.8625482588428182,24,0.5004187861767951,0.02558092058686741,22110.222046853232,2.6076367361409636,3.827916666666667,72.01208333333334,1.76,22.9,5.856756294806135,7.325663844026721,7.631576487552135,3.403340931371821,0.8482722004486667,20,0.31336877709312866,313.36877709312864,6267.375541862573,1,passes
AMLF_powerVel_linearK600_ID_powerVel_freewaterK600,LF,2023-12-10,3.654709741815063,-5.94924393697989,-2.294534195164827,24,0.5556286678951308,0.024677136597964954,23691.623166225203,2.33062857256966,3.3316666666666666,71.85458333333334,1.76,22.9,6.1116433801299115,5.966327819752316,7.913924390567643,3.5275092788769253,0.9149937184120869,20,0.31336877709312866,313.36877709312864,6267.375541862573,1,passes
AMLF_powerVel_linearK600_ID_powerVel_freewaterK600,LF,2023-12-11,5.822194478531294,-2.629059914059687,3.1931345644716074,24,0.5159201115787839,0.025322243536004006,22556.448604976915,2.529860918680735,4.129166666666666,70.0525,1.76,22.9,5.7984804885265895,8.440583906160025,7.548287823306803,3.4385385140256446,0.8662181987512416,20,0.31336877709312866,313.36877709312864,6267.375541862573,1,passes
AMLF_powerVel_linearK600_ID_powerVel_freewaterK600,LF,2023-12-12,5.335979738887163,0.8807962575878425,6.216775996475006,24,0.4221270857049294,0.027118561302422548,19762.42745097609,3.0004548240555318,4.685,69.4775,1.76,22.9,5.548668968297135,9.2411363460067,7.023785044029061,3.2108988768572884,0.7814848334917651,20,0.31336877709312866,313.36877709312864,6267.375541862573,1,passes
AMLF_powerVel_linearK600_ID_powerVel_freewaterK600,LF,2023-12-13,4.513022111975001,0.48482239605849325,4.997844508033494,24,0.3771312189409897,0.028166893398490465,18352.79760927152,3.226215539939089,4.552777777777778,70.02166666666666,1.76,22.9,5.58778972982762,8.18426353559809,6.804285647113706,3.09057387214923,0.7543800637388969,20,0.31336877709312866,313.36877709312864,6267.375541862573,1,passes
AMLF_powerVel_linearK600_ID_powerVel_freewaterK600,LF,2023-12-14,4.459789875805798,0.2857693767193867,4.745559252525185,24,0.36871518513188967,0.028383093642554893,18082.39512575842,3.268441858805455,4.6145,70.0515,1.76,22.9,5.555668804117648,8.233383762523022,6.6954082360777125,3.0669491632882213,0.7503217994216974,20,0.31336877709312866,313.36877709312864,6267.375541862573,1,passes
AMLF_powerVel_linearK600_ID_powerVel_freewaterK600,LF,2023-12-15,4.9101863021489125,-1.150535844138042,3.7596504580108707,24,0.4212022879820778,0.02714218107571132,19732.731227254368,3.0050948723749427,4.2715,70.347,1.76,22.9,5.713058087689806,7.873765749984648,7.206084950236605,3.2083072238682053,0.7810446758582837,20,0.31336877709312866,313.36877709312864,6267.375541862573,1,passes
AMLF_powerVel_linearK600_ID_powerVel_freewaterK600,LF,2023-12-16,-0.3463337452041856,-0.4473294976438293,-0.7936632428480148,24,0.5603887225917039,0.024662366031518165,23798.25659413567,2.3067456376863067,3.6470833333333332,70.77416666666666,1.76,22.9,6.004742557756813,7.268986058872299,7.67423399299961,3.5337888828989,0.9340469155855142,20,0.31336877709312866,313.36877709312864,6267.375541862573,0.5416666666666666,passes
AMLF_powerVel_linearK600_ID_powerVel_freewaterK600,LF,2023-12-17,3.732541634104204,4.009441372090966,7.74198300619517,24,0.7285187308118631,0.02250879763225975,28314.950147494226,1.4631759112395453,3.956111111111111,70.93611111111112,1.76,22.9,5.842819095480696,9.877130118152158,6.021521933831615,3.868223232595885,1.3436590477226251,20,0.31336877709312866,313.36877709312864,6267.375541862573,0,too fast
AMLF_powerVel_linearK600_ID_powerVel_freewaterK600,LF,2023-12-18,3.8173779628198856,-0.4915949521779251,3.3257830106419606,24,0.7306460223760265,0.022480558621275366,28372.969001326564,1.452502511637352,3.4699999999999998,71.28999999999999,1.76,22.9,6.068862256877548,7.721954047045244,6.418143617974081,3.872563264907458,1.3447161209947809,20,0.31336877709312866,313.36877709312864,6267.375541862573,0,too fast
AMLF_powerVel_linearK600_ID_powerVel_freewaterK600,LF,2023-12-19,5.686860469079556,0.9369808775600712,6.623841346639627,24,0.6626724800079495,0.02323711578733354,26607.861484622892,1.7935506276046762,4.0725,70.65208333333334,1.76,22.9,5.79777104167772,9.802806828348471,6.886709454321947,3.7460716458465475,1.1197152265459873,20,0.31336877709312866,313.36877709312864,6267.375541862573,0,too fast
AMLF_powerVel_linearK600_ID_powerVel_freewaterK600,LF,2023-12-20,6.514256938141418,2.1242918902681165,8.638548828409535,24,0.7161080200214069,0.022638636929256394,27997.64821805009,1.525444985138631,4.062916666666666,70.61458333333333,1.76,22.9,5.804614766684372,10.263732142341699,6.310288148793039,3.8458143216468343,1.2931249737969748,20,0.31336877709312866,313.36877709312864,6267.375541862573,0,too fast
AMLF_powerVel_linearK600_ID_powerVel_freewaterK600,LF,2023-12-21,6.730089025435036,2.6447788049571685,9.374867830392205,24,0.841022695046106,0.021431627865053225,31125.380313865975,0.8987023866264822,3.57875,71.1675,1.76,22.9,6.020292635030349,9.022610231598925,4.505397575589401,4.062541306649716,2.150101950145472,20,0.31336877709312866,313.36877709312864,6267.375541862573,0,too fast
AMLF_powerVel_linearK600_ID_powerVel_freewaterK600,LF,2023-12-22,9.235965130439372,4.163568411413508,13.399533541852879,24,0.9652942478677653,0.02044381784180723,34086.624680503744,0.2784307925421508,3.214166666666667,71.3575,1.76,22.9,6.193617843020304,7.915571066341228,1.638504022000277,4.2584661757048545,11.318613891432953,20,0.31336877709312866,313.36877709312864,6267.375541862573,0,too fast
AMLF_powerVel_linearK600_ID_powerVel_freewaterK600,LF,2023-12-23,8.649074191286548,5.328490578281179,13.977564769567728,24,1.0673318328406023,0.019751672515167257,36422.523250874205,0.05,2.970833333333333,71.45208333333333,1.76,22.9,6.310897233138281,7.048748746866171,0.33668166316608883,4.407330934821395,34.130890106209016,20,0.31336877709312866,313.36877709312864,6267.375541862573,0,too fast
AMLF_powerVel_linearK600_ID_powerVel_freewaterK600,LF,2023-12-24,8.905117604946454,5.657812568196759,14.562930173143213,24,1.1448499021491467,0.01928404200784564,38145.19860609379,0.05,2.970833333333333,71.48666666666666,1.76,22.9,6.309237150849401,7.371964904018313,0.36110857050918044,4.514112482941669,33.32282458955726,20,0.31336877709312866,313.36877709312864,6267.375541862573,0,too fast
AMLF_powerVel_linearK600_ID_powerVel_freewaterK600,LF,2023-12-25,5.112761542258298,3.174623247672198,8.287384789930496,24,1.2199900096799439,0.01887019256475516,39776.86322445898,0.05,2.4495833333333334,71.86083333333333,1.76,22.9,6.55218198062708,4.381813013350305,0.39963214293389915,4.613096422350939,32.60769275189692,20,0.31336877709312866,313.36877709312864,6267.375541862573,0,too fast
AMLF_powerVel_linearK600_ID_powerVel_freewaterK600,LF,2023-12-26,3.7711799489967013,2.301574857907377,6.072754806904078,24,1.2785266606353056,0.018569892538838468,41025.28799348632,0.05,2.26875,72.13,1.76,22.9,6.630070263620873,3.337688891189123,0.4237785786611939,4.6875691169765075,32.08877430711288,20,0.31336877709312866,313.36877709312864,6267.375541862573,0,too fast
AMLF_powerVel_linearK600_ID_powerVel_freewaterK600,LF,2023-12-27,9.69390229280958,5.85980573632628,15.55370802913586,24,1.2955436656475088,0.01848599597276154,41384.58135743412,0.05,2.95125,71.25791666666666,1.76,22.9,6.329557567509231,7.867347061240252,0.4100010930459298,4.708801635959453,31.943801040931938,20,0.31336877709312866,313.36877709312864,6267.375541862573,0,too fast
AMLF_powerVel_linearK600_ID_powerVel_freewaterK600,LF,2023-12-28,9.912306216372354,8.241535249559265,18.15384146593162,24,1.2962195040827245,0.01848270564553444,41398.80538771221,0.05,3.174166666666667,71.01125,1.76,22.9,6.229714176334802,9.34144178407415,0.4037519650094295,4.709639708761236,31.938115355483514,20,0.31336877709312866,313.36877709312864,6267.375541862573,0,too fast
AMLF_powerVel_linearK600_ID_powerVel_freewaterK600,LF,2023-12-29,14.24941694795745,10.068503187008956,24.317920134966407,24,1.296389408513766,0.018481884655239637,41402.374470043665,0.05,3.6075,69.955,1.76,22.9,6.063557528223586,12.203594605314983,0.39304401791082233,4.7098496237370044,31.93669668425409,20,0.31336877709312866,313.36877709312864,6267.375541862573,0,too fast
AMLF_powerVel_linearK600_ID_powerVel_freewaterK600,LF,2023-12-30,15.537391564820044,12.628268957759438,28.165660522579483,24,1.2838196845148682,0.018543487742132173,41137.37986687833,0.05,3.9266666666666667,69.69291666666666,1.76,22.9,5.916876684863826,14.220230375379865,0.379826998011841,4.694211738127555,32.04314681840439,20,0.31336877709312866,313.36877709312864,6267.375541862573,0,too fast
AMLF_powerVel_linearK600_ID_powerVel_freewaterK600,LF,2023-12-31,14.817840184216147,12.263705035880024,27.08154522009617,24,1.2667754610460717,0.018628197256553663,40776.77308773825,0.05,3.86625,70.125,1.76,22.9,5.926265161312909,13.70329903153284,0.37537101717943167,4.672860925672929,32.18952485932473,20,0.31336877709312866,313.36877709312864,6267.375541862573,0,too fast
AMLF_powerVel_linearK600_ID_powerVel_freewaterK600,LF,2024-01-01,13.26635766997391,10.809133071755925,24.075490741729837,24,1.2556461333910387,0.01868434647874922,40540.40704093781,0.05,3.6475,70.78,1.76,22.9,6.004424029577765,12.209948222515397,0.376971568168645,4.658816295882107,32.28655071527865,20,0.31336877709312866,313.36877709312864,6267.375541862573,0,too fast
AMLF_powerVel_linearK600_ID_powerVel_freewaterK600,LF,2024-01-02,15.76722041924517,10.6646347430618,26.43185516230697,24,1.2413992343322962,0.018757268801001196,40236.7175589718,0.05,3.810416666666667,70.64541666666666,1.76,22.9,5.929048286134921,13.15876525394601,0.36805314580780635,4.640709613988754,32.41256048813006,20,0.31336877709312866,313.36877709312864,6267.375541862573,0,too fast
AMLF_powerVel_linearK600_ID_powerVel_freewaterK600,LF,2024-01-03,16.595995319704393,11.505733728456406,28.1017290481608,24,1.2317151371086374,0.01880739147822541,40029.703883640235,0.05,3.95,70.60458333333334,1.76,22.9,5.861452214105687,13.98765928977896,0.36098323163589413,4.628334374459769,32.49917247437351,20,0.31336877709312866,313.36877709312864,6267.375541862573,0,too fast
AMLF_powerVel_linearK600_ID_powerVel_freewaterK600,LF,2024-01-04,16.246033387488108,9.71248126699216,25.95851465448027,24,1.2231925811330369,0.018852057202079192,39846.93982938514,0.05,3.7195454545454547,70.96181818181819,1.76,22.9,5.959378974582655,12.452784894055453,0.36446649233749456,4.617376371721046,32.576354845192846,20,0.31336877709312866,313.36877709312864,6267.375541862573,0,too fast
AMLF_powerVel_linearK600_ID_powerVel_freewaterK600,LF,2024-01-05,15.597758607798133,11.943549769127792,27.541308376925926,24,1.2007683913444265,0.018971413001474743,39364.16377512071,0.05,3.96,70.97666666666666,1.76,22.9,5.838915825335814,13.816709974158393,0.35057318891795813,4.588324237798818,32.78260166654835,20,0.31336877709312866,313.36877709312864,6267.375541862573,0,too fast
AMLF_powerVel_linearK600_ID_powerVel_freewaterK600,LF,2024-01-06,8.978528773084141,6.707015950147466,15.685544723231608,24,1.2117055512369614,0.01891292307050872,39599.91608459022,0.05,3.0304166666666665,72.14833333333333,1.76,22.9,6.248461810224905,8.032005125033722,0.37852549866264185,4.602527043042401,32.68153106583907,20,0.31336877709312866,313.36877709312864,6267.375541862573,0,too fast
AMLF_powerVel_linearK600_ID_powerVel_freewaterK600,LF,2024-01-07,17.35791872470138,8.977240177491248,26.33515890219263,24,1.2183505020712966,0.01887771017481893,39742.8166527876,0.05,3.785,71.31166666666667,1.76,22.9,5.9101723102144925,12.829309285655794,0.36011971349365773,4.611117425381549,32.620683182087106,20,0.31336877709312866,313.36877709312864,6267.375541862573,0,too fast
AMLF_powerVel_linearK600_ID_powerVel_freewaterK600,LF,2024-01-08,13.44789084897372,10.653268201201785,24.101159050175504,24,1.186570260637846,0.01904856876412395,39056.870292732536,0.05,3.7133333333333334,71.01208333333334,1.76,22.9,5.960169997215553,12.171315371730522,0.35362106729043064,4.5697410439347905,32.915926824406185,20,0.31336877709312866,313.36877709312864,6267.375541862573,0,too fast
AMLF_powerVel_linearK600_ID_powerVel_freewaterK600,LF,2024-01-09,8.848634233563718,7.1960796085291925,16.04471384209291,23,1.2161196432285317,0.01889073474075859,39693.597957898266,0.05,3.057391304347826,71.79652173913043,1.76,22.9,6.251279221415826,8.222810534385774,0.380079116060462,4.608089128400911,32.64318963203084,20,0.31336877709312866,313.36877709312864,6267.375541862573,0,too fast
AMLF_powerVel_linearK600_ID_powerVel_freewaterK600,LF,2024-01-10,18.554916044340178,11.670320017330043,30.225236061670223,24,1.2721055282150489,0.01860161760495691,40889.6389878531,0.05,4.043333333333333,70.4125,1.76,22.9,5.823774309325643,14.9092310790283,0.37032938377736746,4.679548829114941,32.14359522136554,20,0.31336877709312866,313.36877709312864,6267.375541862573,0,too fast
AMLF_powerVel_linearK600_ID_powerVel_freewaterK600,LF,2024-01-11,17.344964617541656,13.641541304973217,30.986505922514873,24,1.2568249701508913,0.018678726736073997,40565.09340795831,0.05,4.1625,70.75208333333333,1.76,22.9,5.7480978203236,15.545900843620556,0.3612664917438234,4.660263738623315,32.276839799935864,20,0.31336877709312866,313.36877709312864,6267.375541862573,0,too fast
AMLF_powerVel_linearK600_ID_powerVel_freewaterK600,LF,2024-01-12,9.223742469257221,7.9418485750140695,17.16559104427129,24,1.2433117726332783,0.018747377754528807,40277.593099963655,0.05,3.1395833333333334,71.77375,1.76,22.9,6.211516754809739,8.86213761986081,0.38616658891209504,4.643152690526593,32.395468759825775,20,0.31336877709312866,313.36877709312864,6267.375541862573,0,too fast
AMLF_powerVel_linearK600_ID_powerVel_freewaterK600,LF,2024-01-13,17.754242792706933,6.999759775791921,24.754002568498855,24,1.2598835275415554,0.018662903985602615,40630.4701019464,0.05,3.5870833333333336,71.47708333333334,1.76,22.9,6.001541033046605,11.85875894734513,0.37796458117195486,4.664171553955374,32.24949808712132,20,0.31336877709312866,313.36877709312864,6267.375541862573,0,too fast
AMLF_powerVel_linearK600_ID_powerVel_freewaterK600,LF,2024-01-14,20.117153589091245,13.325666403472752,33.442819992564,24,1.2597367246473454,0.01866362056430513,40627.37798703707,0.05,4.307916666666666,70.52333333333334,1.76,22.9,5.686061752798321,16.513622985697157,0.3581702548833664,4.663989248219784,32.250736335119264,20,0.31336877709312866,313.36877709312864,6267.375541862573,0,too fast
AMLF_powerVel_linearK600_ID_powerVel_freewaterK600,LF,2024-01-15,15.267469572066705,12.274435513876869,27.541905085943576,24,1.2614953277048202,0.018654820635591755,40664.649712263825,0.05,3.901666666666667,71.04791666666667,1.76,22.9,5.864711994159319,13.891467356755328,0.3699343186326951,4.666199599197016,32.23553005830255,20,0.31336877709312866,313.36877709312864,6267.375541862573,0,too fast
AMLF_powerVel_linearK600_ID_powerVel_freewaterK600,LF,2024-01-16,7.710301859623119,8.181675049088696,15.891976908711815,24,1.2892060761410504,0.018517110464135785,41250.91265798228,0.05,3.03375,71.68875,1.76,22.9,6.268078332514321,8.389271408763912,0.4040018552858744,4.700910285016417,31.997566882026636,20,0.31336877709312866,313.36877709312864,6267.375541862573,0,too fast
AMLF_powerVel_linearK600_ID_powerVel_freewaterK600,LF,2024-01-17,24.907195319064314,16.760096597144052,41.66729191620837,24,1.3003651591506384,0.018462594624925437,41485.97742703403,0.05,4.85875,69.71458333333334,1.76,22.9,5.449685048445198,20.50907171755349,0.3543506529426609,4.714771486636036,31.90336351187115,20,0.31336877709312866,313.36877709312864,6267.375541862573,0,too fast
AMLF_powerVel_linearK600_ID_powerVel_freewaterK600,LF,2024-01-18,19.351793389664664,16.908388736682213,36.260182126346876,24,1.296666904842026,0.018480531188660346,41408.21751302805,0.05,4.528333333333333,69.99916666666667,1.76,22.9,5.601214802712747,18.289622966636053,0.3631489578778168,4.710194042082986,31.934357894005075,20,0.31336877709312866,313.36877709312864,6267.375541862573,0,too fast
AMLF_powerVel_linearK600_ID_powerVel_freewaterK600,LF,2024-01-19,15.483421353296869,13.27831654722995,28.761737900526818,24,1.311459417120005,0.018409253461236084,41718.730284029676,0.05,3.95,71.07916666666667,1.76,22.9,5.83882132038088,14.579953798673296,0.3828435822487967,4.7284445875215955,31.811189981015954,20,0.31336877709312866,313.36877709312864,6267.375541862573,0,too fast
AMLF_powerVel_linearK600_ID_powerVel_freewaterK600,LF,2024-01-20,21.091461931296557,15.214622171416035,36.30608410271259,24,1.3234284992804364,0.0183521806948267,41969.30815712483,0.05,4.453333333333333,70.10791666666667,1.76,22.9,5.633374385210436,18.036072368373294,0.3727669636737079,4.743135976334874,31.71256824066053,20,0.31336877709312866,313.36877709312864,6267.375541862573,0,too fast
AMLF_powerVel_linearK600_ID_powerVel_freewaterK600,LF,2024-01-21,24.64355059233552,18.637961053112505,43.28151164544802,24,1.313589743280718,0.018398986467311154,41763.45086515465,0.05,4.98625,69.45458333333333,1.76,22.9,5.398698138270396,21.494904214112267,0.3546141863235077,4.7310731886729425,31.793448615513675,20,0.31336877709312866,313.36877709312864,6267.375541862573,0,too fast
AMLF_powerVel_linearK600_ID_powerVel_freewaterK600,LF,2024-01-22,20.521876100315854,16.04767542594577,36.56955152626162,24,1.3120955864227979,0.01840612545565605,41732.15398886381,0.05,4.505416666666667,70.44833333333334,1.76,22.9,5.591382371685992,18.278755274397625,0.3668295674643185,4.729237377126308,31.805784787373657,20,0.31336877709312866,313.36877709312864,6267.375541862573,0,too fast
AMLF_powerVel_linearK600_ID_powerVel_freewaterK600,LF,2024-01-23,12.54917138132566,8.771247852373302,21.320419233698964,24,1.327271898886249,0.018334075407019784,42049.52322778722,0.05,3.3620833333333335,71.69958333333334,1.76,22.9,6.1034483587207,10.750413978189675,0.4050313220862241,4.747825473033092,31.681282303330182,20,0.31336877709312866,313.36877709312864,6267.375541862573,0,too fast
AMLF_powerVel_linearK600_ID_powerVel_freewaterK600,LF,2024-01-24,11.209448552460104,6.011419558664679,17.220868111124783,24,1.3363959678453512,0.01829123308153751,42239.79352482763,0.05,3.035,72.45625,1.76,22.9,6.2320749653648,8.593684942975349,0.4164199702292433,4.758940440655964,31.60725076489682,20,0.31336877709312866,313.36877709312864,6267.375541862573,0,too fast
AMLF_powerVel_linearK600_ID_powerVel_freewaterK600,LF,2024-01-25,10.444489543893713,4.377381299684256,14.821870843577969,24,1.3400478218596659,0.018274215926685995,42315.800628299265,0.05,2.845,72.77791666666667,1.76,22.9,6.312264793020111,7.328259093169575,0.4229160250647121,4.763372517682348,31.577845121313395,20,0.31336877709312866,313.36877709312864,6267.375541862573,0,too fast
AMLF_powerVel_linearK600_ID_powerVel_freewaterK600,LF,2024-01-26,11.291757160192882,3.882432488051344,15.174189648244226,24,1.3402943377958902,0.0182730696705793,42320.928623586915,0.05,2.855,72.89125,1.76,22.9,6.302024989375345,7.391995985225545,0.4223448837818937,4.763671385302818,31.57586439076103,20,0.31336877709312866,313.36877709312864,6267.375541862573,0,too fast
AMLF_powerVel_linearK600_ID_powerVel_freewaterK600,LF,2024-01-27,11.026395550158623,3.825359024410155,14.851754574568778,24,1.329099257397676,0.0183254668056346,42087.662143759015,0.05,2.839583333333333,72.74416666666667,1.76,22.9,6.316482083510882,7.245587066276861,0.4197961561381774,4.75005515481699,31.666406640136586,20,0.31336877709312866,313.36877709312864,6267.375541862573,0,too fast
AMLF_powerVel_linearK600_ID_powerVel_freewaterK600,LF,2024-01-28,15.71771230152459,5.489161312388481,21.20687361391307,24,1.3137906542760431,0.018398085971357298,41767.59297687862,0.05,3.285416666666667,72.26291666666667,1.76,22.9,6.115744306258114,10.152891496223662,0.4018339383618021,4.731312537275018,31.79189255850541,20,0.31336877709312866,313.36877709312864,6267.375541862573,0,too fast
AMLF_powerVel_linearK600_ID_powerVel_freewaterK600,LF,2024-01-29,19.319344412762966,10.30821074144876,29.627555154211727,24,1.2812929297926727,0.018556228577635076,41083.72175545744,0.05,4.015909090909091,71.25681818181818,1.76,22.9,5.797505952613217,14.776260800574187,0.3720802085280607,4.6910238056244005,32.06516298215341,20,0.31336877709312866,313.36877709312864,6267.375541862573,0,too fast
AMLF_powerVel_linearK600_ID_powerVel_freewaterK600,LF,2024-01-30,18.056863905895245,10.356022991101367,28.41288689699661,24,1.2465566967585942,0.018730837619820948,40346.689637003714,0.05,3.947391304347826,71.35173913043478,1.76,22.9,5.827330690336659,14.067315471892304,0.3631007787066414,4.647268338499768,32.3668874070506,20,0.31336877709312866,313.36877709312864,6267.375541862573,0,too fast
AMLF_powerVel_linearK600_ID_powerVel_freewaterK600,LF,2024-01-31,16.327977499136992,9.335739337506617,25.66371683664361,24,1.227618033744573,0.018828856214594358,39941.85043732374,0.05,3.74,71.505,1.76,22.9,5.923878414464904,12.612832960031879,0.3636610551792732,4.623067382008297,32.53626353881905,20,0.31336877709312866,313.36877709312864,6267.375541862573,0,too fast
AMLF_powerVel_linearK600_ID_powerVel_freewaterK600,LF,2024-02-01,18.156228913476195,9.416262598451409,27.572491511927602,24,1.20874588641647,0.01892863177734077,39536.24225569634,0.05,3.8870833333333334,71.38291666666667,1.76,22.9,5.855983617846731,13.411886965743923,0.3539717360321856,4.598697888828923,32.70867571124485,20,0.31336877709312866,313.36877709312864,6267.375541862573,0,too fast
AMLF_powerVel_linearK600_ID_powerVel_freewaterK600,LF,2024-02-02,15.693520006651148,8.045954781737294,23.739474788388442,24,1.1925902854558912,0.019015704904312924,39187.31479303879,0.05,3.6141666666666667,71.65125,1.76,22.9,5.979925860051377,11.589056371255392,0.35661607913732557,4.577638055851204,32.85913807465273,20,0.31336877709312866,313.36877709312864,6267.375541862573,0,too fast
AMLF_powerVel_linearK600_ID_powerVel_freewaterK600,LF,2024-02-03,16.158267387149575,7.842273500104691,24.000540887254267,24,1.1746551861237136,0.019114304582761362,38797.99566254821,0.05,3.6441666666666666,71.6875,1.76,22.9,5.96326513035499,11.657562851800142,0.3502918987600827,4.554029739997774,33.02951831901163,20,0.31336877709312866,313.36877709312864,6267.375541862573,0,too fast
AMLF_powerVel_linearK600_ID_powerVel_freewaterK600,LF,2024-02-04,10.796419850772569,5.515858956583562,16.31227880735613,24,1.1721164572348712,0.019128353430078446,38742.79479173763,0.05,3.066666666666667,72.14041666666667,1.76,22.9,6.230737044351674,8.081220219528097,0.3651275570324487,4.550677141552421,33.05379472717556,20,0.31336877709312866,313.36877709312864,6267.375541862573,0,too fast
AMLF_powerVel_linearK600_ID_powerVel_freewaterK600,LF,2024-02-05,14.602409336254489,7.319388709610006,21.921798045864495,24,1.175589782343019,0.019109113878126065,38818.33602314935,0.05,3.4895833333333335,71.65958333333333,1.76,22.9,6.041575668272125,10.709127786322146,0.35514714894360555,4.555266168993036,33.020548781401835,20,0.31336877709312866,313.36877709312864,6267.375541862573,0,too fast
AMLF_powerVel_linearK600_ID_powerVel_freewaterK600,LF,2024-02-06,17.42167178712902,8.958660615784401,26.380332402913425,24,1.1269286371950142,0.01938794008752299,37750.90856163326,0.05,3.8908333333333336,71.70291666666667,1.76,22.9,5.839060916315462,12.814089227424851,0.32917395691352547,4.489900416180982,33.502360471239726,20,0.31336877709312866,313.36877709312864,6267.375541862573,0,too fast
AMLF_powerVel_linearK600_ID_powerVel_freewaterK600,LF,2024-02-07,17.792785567326238,9.427934175219093,27.22071974254533,24,1.0685491597649932,0.019742199031776556,36451.51058675899,0.05,4.03625,71.55375,1.76,22.9,5.773430136548625,13.221879727240154,0.3085908053097507,4.409241729803693,34.11451992690989,20,0.31336877709312866,313.36877709312864,6267.375541862573,0,too fast
AMLF_powerVel_linearK600_ID_powerVel_freewaterK600,LF,2024-02-08,15.638031750369358,8.65314222041554,24.291173970784897,24,1.051937552048914,0.01984747102299108,36077.64741296268,0.05,3.8229166666666665,71.90166666666667,1.76,22.9,5.864048645957257,11.871963005267313,0.3084501473710148,4.385794430460696,34.29642992772859,20,0.31336877709312866,313.36877709312864,6267.375541862573,0,too fast
AMLF_powerVel_linearK600_ID_powerVel_freewaterK600,LF,2024-02-09,13.67805163831922,6.580163992781224,20.258215631100445,24,1.0680894413685673,0.01974469001911839,36441.54787280924,0.05,3.455,72.31041666666667,1.76,22.9,6.028857599503801,9.859550921511312,0.32193374308925593,4.408639233138132,34.11882435303657,20,0.31336877709312866,313.36877709312864,6267.375541862573,0,too fast
AMLF_powerVel_linearK600_ID_powerVel_freewaterK600,LF,2024-02-10,13.043247668609073,5.851881482720647,18.89512915132972,24,1.0872311515193305,0.019625320789249365,36870.59624239454,0.05,3.319583333333333,72.44166666666666,1.76,22.9,6.090502247505906,9.17933795385191,0.33105389367775195,4.435445204811887,33.912554323822896,20,0.31336877709312866,313.36877709312864,6267.375541862573,0,too fast
AMLF_powerVel_linearK600_ID_powerVel_freewaterK600,LF,2024-02-11,12.548884432619364,4.917489447316181,17.466373879935546,24,1.1001568793724745,0.019546330409609545,37158.83060772054,0.05,3.1825,72.61041666666667,1.76,22.9,6.151286627330465,8.435590116123263,0.3383527582640889,4.453367307090418,33.77605894780529,20,0.31336877709312866,313.36877709312864,6267.375541862573,0,too fast
AMLF_powerVel_linearK600_ID_powerVel_freewaterK600,LF,2024-02-12,9.397770063568922,2.7152209371030875,12.11299100067201,24,1.1162394779310718,0.01944982937845969,37515.79581599477,0.05,2.7370833333333335,72.80208333333333,1.76,22.9,6.365085736412577,5.854818608595381,0.35520220213152903,4.47546705681689,33.609305165978334,20,0.31336877709312866,313.36877709312864,6267.375541862573,0,too fast
AMLF_powerVel_linearK600_ID_powerVel_freewaterK600,LF,2024-02-13,20.368142488202544,7.036629652801336,27.404772141003882,24,1.1069620600711294,0.0195055934521994,37309.78708756359,0.05,3.92375,72.0775,1.7516666666666667,22.858333333333334,5.812628567543518,12.913259607829877,0.32183294027803777,4.462707829436034,33.70566548540056,20,0.31336877709312866,313.36877709312864,6267.375541862573,0,too fast
AMLF_powerVel_linearK600_ID_powerVel_freewaterK600,LF,2024-02-14,17.783011593973402,9.097275997516508,26.88028759148991,24,1.0502843211744617,0.01985945136236269,36039.09653962738,0.05,4.071666666666666,71.76375,1.74,22.8,5.764119112238505,13.381145363185885,0.3029072172932997,4.383297650712046,34.31713195416272,20,0.31336877709312866,313.36877709312864,6267.375541862573,0,too fast
AMLF_powerVel_linearK600_ID_powerVel_freewaterK600,LF,2024-02-15,14.324029200642066,7.34335989333824,21.667389093980304,24,1.0071059852943254,0.02014475995234096,35056.972935981634,0.07443584751766283,3.705,72.04208333333334,1.74,22.8,5.934469700941301,10.983377608965744,0.440544283113251,4.32109060721846,25.36366234488329,20,0.31336877709312866,313.36877709312864,6267.375541862573,0,too fast
AMLF_powerVel_linearK600_ID_powerVel_freewaterK600,LF,2024-02-16,12.445198876747309,5.602329361742088,18.0475282384894,24,0.9997021626444744,0.020195330249683587,34887.13368114487,0.10254947798335153,3.421666666666667,72.22,1.74,22.8,6.067754852423907,9.360151445586398,0.6215068894669172,4.310248170005281,17.02597953961603,20,0.31336877709312866,313.36877709312864,6267.375541862573,0,too fast
AMLF_powerVel_linearK600_ID_powerVel_freewaterK600,LF,2024-02-17,7.565243453809067,3.7790766190688196,11.344320072877887,24,1.0023785300194177,0.020176919709544227,34948.63912720939,0.0891211642739057,2.8308333333333335,72.15958333333333,1.74,22.8,6.3658665105505445,6.083723297134436,0.5693202121430028,4.314181251182424,19.598241934713688,20,0.31336877709312866,313.36877709312864,6267.375541862573,0,too fast
AMLF_powerVel_linearK600_ID_powerVel_freewaterK600,LF,2024-02-18,11.951972156238007,6.984274903983957,18.936247060221966,24,0.9943209490172794,0.020232732700581173,34763.14226893913,0.12954899434274061,3.5504166666666666,71.39166666666667,1.74,22.8,6.041872982414673,10.031230706250815,0.7700945616504179,4.302299831690481,14.30035235962853,20,0.31336877709312866,313.36877709312864,6267.375541862573,0,too fast
AMLF_powerVel_linearK600_ID_powerVel_freewaterK600,LF,2024-02-19,16.627815938117354,9.44175303048491,26.069568968602265,24,0.9690791059891091,0.02041108116939326,34179.106627844005,0.2561965502650788,4.331666666666667,71.795,1.74,22.8,5.632678168815236,14.12821105593974,1.3928458594566258,4.2647151744745075,7.032799769138259,20,0.31336877709312866,313.36877709312864,6267.375541862573,0,too fast
AMLF_powerVel_linearK600_ID_powerVel_freewaterK600,LF,2024-02-20,14.145321814098061,7.250880758133521,21.39620257223158,24,0.9582092470709485,0.020489520846678898,33926.247968411015,0.3107346069224041,3.9829166666666667,71.71333333333334,1.74,22.8,5.810949312944482,12.14072801455183,1.7298951057678937,4.248361281897015,5.697727667324293,20,0.31336877709312866,313.36877709312864,6267.375541862573,0,too fast
AMLF_powerVel_linearK600_ID_powerVel_freewaterK600,LF,2024-02-21,14.506396327401692,7.133592474759847,21.63998880216154,24,0.9654018736406594,0.02043739348311771,34093.749151498276,0.27464656950376765,3.95625,71.73666666666666,1.74,22.8,5.823160227219159,12.057486615799297,1.5446923752452704,4.259205638988226,6.466133621473637,20,0.31336877709312866,313.36877709312864,6267.375541862573,0,too fast
AMLF_powerVel_linearK600_ID_powerVel_freewaterK600,LF,2024-02-22,14.63868504540277,7.38503861503961,22.02372366044238,24,0.9949612635010296,0.02022900574327543,34777.283524638486,0.13253251531128432,3.8095833333333333,71.76958333333333,1.74,22.8,5.895083392322032,11.489650543830646,0.7800239815412533,4.303169870447972,17.370431238573254,20,0.31336877709312866,313.36877709312864,6267.375541862573,0,too fast
AMLF_powerVel_linearK600_ID_powerVel_freewaterK600,LF,2024-02-23,9.129255310324426,4.842048629184993,13.971303939509419,24,1.0564133932326942,0.019819844126419562,36177.72350821993,0.05,3.0058333333333334,72.08125,1.74,22.8,6.282102015756755,7.317386089850446,0.33173412009573616,4.3920320832424835,34.248690650453,20,0.31336877709312866,313.36877709312864,6267.375541862573,0,too fast
AMLF_powerVel_linearK600_ID_powerVel_freewaterK600,LF,2024-02-24,15.20952727474912,5.828611535297404,21.038138810046526,24,1.0913971432405225,0.019599696724591376,36963.64811998612,0.05,3.577916666666667,72.11583333333333,1.74,22.8,5.994581630336782,10.846146352750779,0.32707694772751666,4.441239950579836,33.868275940093895,20,0.31336877709312866,313.36877709312864,6267.375541862573,0,too fast
AMLF_powerVel_linearK600_ID_powerVel_freewaterK600,LF,2024-02-25,14.862862972910788,6.217481799535873,21.08034477244666,24,1.0806869966896222,0.01966578619980109,36724.22861630773,0.05,3.595,72.06583333333333,1.74,22.8,5.988487222602411,10.863801159344272,0.3236287731209403,4.426318813373901,33.982478553256286,20,0.31336877709312866,313.36877709312864,6267.375541862573,0,too fast
AMLF_powerVel_linearK600_ID_powerVel_freewaterK600,LF,2024-02-26,14.166837768479759,7.191580136986445,21.358417905466204,24,1.0736655450753196,0.019709501449760938,36566.911565200324,0.05,3.6254166666666667,71.90875,1.74,22.8,5.980791192621401,11.000277228636701,0.3210682759035992,4.416493761149109,34.0580185051869,20,0.31336877709312866,313.36877709312864,6267.375541862573,0,too fast
AMLF_powerVel_linearK600_ID_powerVel_freewaterK600,LF,2024-02-27,12.960711350497242,5.866370698914712,18.827082049411953,24,1.0814122853988961,0.01966126325114258,36740.48560785488,0.05,3.40125,72.27958333333333,1.74,22.8,6.075510887052796,9.742017861184031,0.3284768364780541,4.427334515880047,33.974662897974376,20,0.31336877709312866,313.36877709312864,6267.375541862573,0,too fast
AMLF_powerVel_linearK600_ID_powerVel_freewaterK600,LF,2024-02-28,11.617308754430562,4.2479296600079,15.865238414438462,24,1.08960219610494,0.01961067986914906,36923.60887432024,0.05,3.1433333333333335,72.60166666666667,1.74,22.8,6.189603566347701,8.269813460097536,0.3371942528783048,4.438749594755233,33.88725481388958,20,0.31336877709312866,313.36877709312864,6267.375541862573,0,too fast
AMLF_powerVel_linearK600_ID_powerVel_freewaterK600,LF,2024-02-29,13.33917754232195,3.1024383169167753,16.441615859238727,24,1.0697798080254495,0.01973427723296603,36479.32006667678,0.05,3.2129166666666666,72.66375000000001,1.74,22.8,6.151719892813302,8.550019413826728,0.32921148420736523,4.410992345223622,34.1008310585653,20,0.31336877709312866,313.36877709312864,6267.375541862573,0,too fast
AMLF_powerVel_linearK600_ID_powerVel_freewaterK600,LF,2024-03-01,9.256839448918448,4.658755123951114,13.915594572869562,24,1.0355537872257965,0.019954350034512767,35706.18354992353,0.05,3.01875,72.53083333333333,1.74,22.8,6.254938093996326,7.281699339371158,0.32390205293637714,4.362337199808962,34.48111685963806,20,0.31336877709312866,313.36877709312864,6267.375541862573,0,too fast
AMLF_powerVel_linearK600_ID_powerVel_freewaterK600,LF,2024-03-02,7.733164744345201,1.9445197564280903,9.67768450077329,24,1.0132456276871367,0.020103021214856475,35197.64410933368,0.05790579958636493,2.669583333333333,72.9175,1.74,22.8,6.411741458292231,5.215402354188017,0.376560103801371,4.330060967153236,31.25334264682809,20,0.31336877709312866,313.36877709312864,6267.375541862573,0,too fast
AMLF_powerVel_linearK600_ID_powerVel_freewaterK600,LF,2024-03-03,7.5994773106099345,1.195829365289861,8.795306675899795,24,0.9809951803539,0.020326604000139806,34455.05205568297,0.19640924817285985,2.7625,73.0475,1.74,22.8,6.3594260893577,5.611242209470499,1.2135888715206014,4.282487327355972,9.907299707557778,20,0.31336877709312866,313.36877709312864,6267.375541862573,0,too fast
AMLF_powerVel_linearK600_ID_powerVel_freewaterK600,LF,2024-03-04,7.3753861427273435,0.6328420152296126,8.008228157956957,24,0.9376437880294975,0.020642472121352774,33444.16625286199,0.4139190345061574,2.9466666666666668,72.9575,1.74,22.8,6.271438161882013,6.424367246897999,2.420253167919521,4.2169586427001615,4.397310101446715,20,0.31336877709312866,313.36877709312864,6267.375541862573,0,too fast
AMLF_powerVel_linearK600_ID_powerVel_freewaterK600,LF,2024-03-05,3.4135851565295714,-1.04365497728174,2.3699301792478313,23,0.9136590092047291,0.02082504955568356,32878.599113729586,0.5342594396859508,2.5852173913043477,72.87304347826087,1.74,22.8,6.45592226307888,4.431901941030501,3.1500403267585138,4.1799144098341605,3.368832854216357,20,0.31336877709312866,313.36877709312864,6267.375541862573,0,too fast
AMLF_powerVel_linearK600_ID_powerVel_freewaterK600,LF,2024-03-06,7.1122015643216665,-1.0845112819736593,6.027690282348007,24,0.916899840263297,0.020799912800619075,32955.38566386787,0.5179990052847561,2.881666666666667,73.09583333333333,1.74,22.8,6.297641940897204,6.00696160386453,2.9931164626905273,4.184966289821626,3.470658682075753,20,0.31336877709312866,313.36877709312864,6267.375541862573,0,too fast
AMLF_powerVel_linearK600_ID_powerVel_freewaterK600,LF,2024-03-07,7.533448099705503,-0.041365686135189685,7.492082413570314,24,0.9132022480616773,0.02082867944036023,32867.70930999047,0.5365511773511934,3.03625,72.99625,1.74,22.8,6.224992105992724,6.792264870526375,3.046223663741218,4.179193812188444,3.358814693627372,20,0.31336877709312866,313.36877709312864,6267.375541862573,0,too fast
AMLF_powerVel_linearK600_ID_powerVel_freewaterK600,LF,2024-03-08,6.228112365827929,-0.07349587811269374,6.154616487715235,24,0.9098033297018815,0.02085515582765667,32787.08920414552,0.5536047935458306,2.9325,73.05375000000001,1.74,22.8,6.274231994387087,6.235942049874292,3.1586338060166743,4.173884321635118,3.2575796639856596,20,0.31336877709312866,313.36877709312864,6267.375541862573,0,too fast
AMLF_powerVel_linearK600_ID_powerVel_freewaterK600,LF,2024-03-09,3.3121300631008332,-1.6175487910258015,1.6945812720750317,24,0.9422832546762979,0.02060772538318353,33553.11493810903,0.3906411339604352,2.3475,73.2475,1.74,22.8,6.557690256122517,3.263414012884442,2.416123376846926,4.224067269354115,4.654544969545481,20,0.31336877709312866,313.36877709312864,6267.375541862573,0,too fast
AMLF_powerVel_linearK600_ID_powerVel_freewaterK600,LF,2024-03-10,10.199960336105365,1.3782793751425695,11.578239711247935,24,0.9521071493291732,0.02053462234047732,33783.43146642125,0.3413510624693537,3.1858333333333335,72.75,1.74,22.8,6.161295246039432,7.782928074632837,1.9938082190088702,4.239071937179369,5.274449220551696,20,0.31336877709312866,313.36877709312864,6267.375541862573,0,too fast
AMLF_powerVel_linearK600_ID_powerVel_freewaterK600,LF,2024-03-11,10.966211780626809,4.0942467560978315,15.06045853672464,24,0.9070326810757836,0.020877433770564717,32720.83435083348,0.5675061507654,3.7645833333333334,72.11541666666666,1.74,22.8,5.90129098447201,10.556662452161207,3.026433183798888,4.169487899273956,3.206235649464829,20,0.31336877709312866,313.36877709312864,6267.375541862573,0,too fast
AMLF_powerVel_linearK600_ID_powerVel_freewaterK600,LF,2024-03-12,8.086037034005383,3.756235612179195,11.842272646184577,24,0.9102958294525036,0.020852040362733075,32798.21260051885,0.5511337422189115,3.45125,72.35208333333333,1.74,22.8,6.047268143756632,8.948145663386155,3.027009340293866,4.174582643536264,3.3080115705876083,20,0.31336877709312866,313.36877709312864,6267.375541862573,0,too fast
AMLF_powerVel_linearK600_ID_powerVel_freewaterK600,LF,2024-03-13,8.937443366003528,3.1410518228188637,12.07849518882239,24,0.9590042546811473,0.020484575586619164,33944.09800338296,0.3067457630547446,3.18875,72.54333333333334,1.74,22.8,6.169418181685892,7.855031777368281,1.8157841829570858,4.249476765449736,6.03538314520299,20,0.31336877709312866,313.36877709312864,6267.375541862573,0,too fast
AMLF_powerVel_linearK600_ID_powerVel_freewaterK600,LF,2024-03-14,9.732775317779405,4.076321615821999,13.809096933601403,24,0.9954359335521149,0.02022517473150855,34788.671058507796,0.12395470924753083,3.12125,72.74833333333333,1.74,22.8,6.193983100006306,7.66868984976899,0.7641413829682883,4.303926664533389,16.32374527814673,20,0.31336877709312866,313.36877709312864,6267.375541862573,0,too fast
AMLF_powerVel_linearK600_ID_powerVel_freewaterK600,LF,2024-03-15,8.929628016265166,3.4604929821226285,12.390120998387795,24,1.0258452726618985,0.020018599585396417,35485.261151847364,0.05,2.890833333333333,73.00375,1.74,22.8,6.297455424023216,6.518044099761319,0.3229836005674211,4.348338852719233,34.592140083565006,20,0.31336877709312866,313.36877709312864,6267.375541862573,0,too fast
AMLF_powerVel_linearK600_ID_powerVel_freewaterK600,LF,2024-03-16,7.0905067394729935,1.15436991707894,8.244876656551934,24,1.0557307308314092,0.019823369535749907,36163.075869223605,0.05,2.5125,73.24416666666667,1.74,22.8,6.475496031542879,4.4642027895676435,0.341764461291677,4.3911555470389905,34.25478255777584,20,0.31336877709312866,313.36877709312864,6267.375541862573,0,too fast
AMLF_powerVel_linearK600_ID_powerVel_freewaterK600,LF,2024-03-17,7.920062008256854,0.43982086198924797,8.359882870246102,23,1.0837974751696888,0.019646723191250853,36793.64119094736,0.05,2.482608695652174,73.33869565217391,1.74,22.8,6.486179645198995,4.368743771850905,0.3514162746901933,4.4306377554378145,33.94953767448147,20,0.31336877709312866,313.36877709312864,6267.375541862573,0,too fast
AMLF_powerVel_linearK600_ID_powerVel_freewaterK600,LF,2024-03-18,5.438371036453704,0.9009831883583725,6.339354224812077,24,1.1114711168811322,0.01947828693459167,37410.10381582877,0.05,2.3308333333333335,72.99916666666667,1.74,22.8,6.577332514453925,3.535142089260726,0.3654649768546875,4.468932024939513,33.6584798229744,20,0.31336877709312866,313.36877709312864,6267.375541862573,0,too fast
AMLF_powerVel_linearK600_ID_powerVel_freewaterK600,LF,2024-03-19,15.343142630913201,6.895963126403714,22.239105757316914,24,1.1153177184454668,0.01945524243185387,37495.44797641791,0.05,3.655,71.63875,1.74,22.8,5.978249237731545,11.452962947862574,0.3334100692041164,4.47421371976381,33.61865892224348,20,0.31336877709312866,313.36877709312864,6267.375541862573,0,too fast
AMLF_powerVel_linearK600_ID_powerVel_freewaterK600,LF,2024-03-20,14.953398505317319,9.927736088523123,24.881134593840443,24,1.1129241616705001,0.0194695100951318,37442.41008351676,0.05,3.877083333333333,71.675,1.74,22.8,5.8657588807480066,12.766973897733434,0.326406600813213,4.47093526374351,33.64331344438775,20,0.31336877709312866,313.36877709312864,6267.375541862573,0,too fast
AMLF_powerVel_linearK600_ID_powerVel_freewaterK600,LF,2024-03-21,14.506946491862006,9.07334407358816,23.580290565450166,24,1.1259789791191708,0.01939228454717496,37731.12387871272,0.05,3.75375,71.99375,1.74,22.8,5.912629458935225,12.123011935335503,0.33286665261041987,4.488749367911461,33.50986769751833,20,0.31336877709312866,313.36877709312864,6267.375541862573,0,too fast
AMLF_powerVel_linearK600_ID_powerVel_freewaterK600,LF,2024-03-22,7.022114326739043,3.0498815515404987,10.071995878279541,24,1.1566065564099839,0.019216081979864297,38403.67471791681,0.05,2.62125,72.51291666666667,1.74,22.8,6.454352979314269,5.409182179383268,0.37318424024349633,4.529973819952009,33.2053896612055,20,0.31336877709312866,313.36877709312864,6267.375541862573,0,too fast
AMLF_powerVel_linearK600_ID_powerVel_freewaterK600,LF,2024-03-23,8.023580660599468,3.1045224101841393,11.128103070783606,24,1.191208142519781,0.019023241909962234,39157.374313632616,0.05,2.6908333333333334,72.97958333333334,1.74,22.8,6.398456701403146,5.945108619534138,0.3810570841423352,4.575825952048035,32.87216202041474,20,0.31336877709312866,313.36877709312864,6267.375541862573,0,too fast
AMLF_powerVel_linearK600_ID_powerVel_freewaterK600,LF,2024-03-24,12.352026926049072,6.8385726490706435,19.190599575119716,24,1.1711874532682331,0.01913413024571658,38721.962951984184,0.05,3.3533333333333335,72.31625,1.74,22.8,6.0974323663418275,9.95247810473776,0.3571783171779023,4.549376053934546,33.06377706459825,20,0.31336877709312866,313.36877709312864,6267.375541862573,0,too fast
AMLF_powerVel_linearK600_ID_powerVel_freewaterK600,LF,2024-03-25,10.414290845197561,7.499172721327617,17.913463566525177,24,1.1357876049416011,0.019334985676600306,37947.35462812442,0.05,3.277083333333333,72.45666666666666,1.74,22.8,6.129328199425029,9.304833817487754,0.34810203422516506,4.502051530353723,33.41085524916533,20,0.31336877709312866,313.36877709312864,6267.375541862573,0,too fast
AMLF_powerVel_linearK600_ID_powerVel_freewaterK600,LF,2024-03-26,8.307556282933632,4.246471178022619,12.554027460956252,24,1.1520311803604206,0.01924188776807167,38303.70869695959,0.05,2.8270833333333334,72.91,1.74,22.8,6.333491799687528,6.641832900530921,0.364819170052795,4.523875027274701,33.24998206322785,20,0.31336877709312866,313.36877709312864,6267.375541862573,0,too fast
AMLF_powerVel_linearK600_ID_powerVel_freewaterK600,LF,2024-03-27,3.4953733612824003,1.3418972001191403,4.8372705614015405,23,1.1965891324535995,0.01899437202017688,39273.45926641812,0.05,2.181304347826087,72.65739130434783,1.74,22.8,6.66766715633943,2.7707073115144323,0.3988867299693851,4.58282483474869,32.82227485086565,20,0.31336877709312866,313.36877709312864,6267.375541862573,0,too fast
AMLF_powerVel_linearK600_ID_powerVel_freewaterK600,LF,2024-03-28,8.354312683036477,2.0952609431298237,10.449573626166302,24,1.2162627759132918,0.01888859198965727,39698.10700726877,0.05,2.6266666666666665,72.935,1.74,22.8,6.432507254970231,5.615969402574517,0.39118258949136603,4.608440214893382,32.639486958127755,20,0.31336877709312866,313.36877709312864,6267.375541862573,0,too fast
AMLF_powerVel_linearK600_ID_powerVel_freewaterK600,LF,2024-03-29,12.866412056524908,8.167731398805797,21.034143455330707,24,1.195053881256702,0.019002403994621667,39240.54701380261,0.05,3.4779166666666668,72.20291666666667,1.74,22.8,6.040621787931515,10.878045721214756,0.36097399354940296,4.580852255721607,32.83615410270624,20,0.31336877709312866,313.36877709312864,6267.375541862573,0,too fast
AMLF_powerVel_linearK600_ID_powerVel_freewaterK600,LF,2024-03-30,11.461447834267556,8.779042967820427,20.240490802087983,24,1.1853258799362025,0.019055373436556385,39029.89494237532,0.05,3.4233333333333333,72.22333333333333,1.74,22.8,6.067014844933276,10.479831614201673,0.35958621315768213,4.568107323255035,32.92768529836943,20,0.31336877709312866,313.36877709312864,6267.375541862573,0,too fast
AMLF_powerVel_linearK600_ID_powerVel_freewaterK600,LF,2024-03-31,9.793216188498674,6.835539557190623,16.628755745689297,24,1.2067271105681001,0.018939528811233747,39492.62369710283,0.05,3.1191666666666666,72.45375,1.74,22.8,6.208407862263204,8.688971588999719,0.37459371615507076,4.5960642978424655,32.727505785811914,20,0.31336877709312866,313.36877709312864,6267.375541862573,0,too fast
AMLF_powerVel_linearK600_ID_powerVel_freewaterK600,LF,2024-04-01,8.899913966305236,4.970510865456892,13.87042483176213,24,1.2307192702655951,0.018812686416496166,40008.268546290186,0.05,2.8870833333333334,72.86125,1.74,22.8,6.305702616207912,7.323227324309108,0.38801490842804315,4.627044765836628,32.50832212770538,20,0.31336877709312866,313.36877709312864,6267.375541862573,0,too fast
AMLF_powerVel_linearK600_ID_powerVel_freewaterK600,LF,2024-04-02,7.61965743419622,3.1632910329058155,10.782948467102036,24,1.2597767740372565,0.018663831160282338,40627.78673748994,0.05,2.63375,73.06333333333333,1.74,22.8,6.423131742318091,5.796029431560847,0.40455519800982914,4.663989087734279,32.25110024496788,20,0.31336877709312866,313.36877709312864,6267.375541862573,0,too fast
AMLF_powerVel_linearK600_ID_powerVel_freewaterK600,LF,2024-04-03,5.26743616032518,1.380636138044336,6.648072298369516,24,1.323754653281601,0.018351679481601102,41974.953231439074,0.05,2.2979166666666666,72.82583333333334,1.74,22.8,6.601712008681737,3.760814473921027,0.4367783247362692,4.7434025704368326,31.711702144206704,20,0.31336877709312866,313.36877709312864,6267.375541862573,0,too fast
AMLF_powerVel_linearK600_ID_powerVel_freewaterK600,LF,2024-04-04,15.605911103285127,8.897085972889682,24.502997076174807,24,1.373274565552877,0.018122233164903818,43004.091796807596,0.05,3.5841666666666665,72.03666666666666,1.74,22.8,5.994986000714606,12.663062184695093,0.4115636466076878,4.803331378985392,31.315218908953796,20,0.31336877709312866,313.36877709312864,6267.375541862573,0,too fast
AMLF_powerVel_linearK600_ID_powerVel_freewaterK600,LF,2024-04-05,14.709179452951826,10.831678288709481,25.540857741661306,24,1.3762062859358855,0.01810897009739698,43064.65294925004,0.05,3.658333333333333,72.0225,1.74,22.8,5.958817274844032,13.180463128360664,0.4100342575300091,4.806838114172544,31.29230032830198,20,0.31336877709312866,313.36877709312864,6267.375541862573,0,too fast
AMLF_powerVel_linearK600_ID_powerVel_freewaterK600,LF,2024-04-06,15.113109624285796,9.637759403603622,24.75086902788942,23,1.383504210044644,0.018076361000640702,43214.93302024397,0.05,3.577391304347826,72.12347826086956,1.74,22.8,5.9945138667232705,12.671058096383346,0.4146529350621624,4.815514427637517,31.235951809107135,20,0.31336877709312866,313.36877709312864,6267.375541862573,0,too fast
AMLF_powerVel_linearK600_ID_powerVel_freewaterK600,LF,2024-04-07,15.11045162156142,10.808456573044277,25.9189081946057,24,1.4026095004135914,0.017992035651000757,43607.12328126858,0.05,3.6625,72.07708333333333,1.74,22.8,5.9541365415571255,13.377004978203226,0.4175508809003794,4.838091435348708,31.090237604929303,20,0.31336877709312866,313.36877709312864,6267.375541862573,0,too fast
AMLF_powerVel_linearK600_ID_powerVel_freewaterK600,LF,2024-04-08,13.279403499690547,9.12993146813911,22.409334967829658,24,1.4282754924372978,0.017881099455262107,44131.191144059034,0.05,3.392916666666667,72.32583333333334,1.74,22.8,6.077385798880002,11.63866731855829,0.4339998346434629,4.868110945603014,30.898539858692917,20,0.31336877709312866,313.36877709312864,6267.375541862573,0,too fast
AMLF_powerVel_linearK600_ID_powerVel_freewaterK600,LF,2024-04-09,10.946737871040018,5.876244194266291,16.82298206530631,24,1.4516091076243476,0.017782454298534138,44604.95814334467,0.05,2.9854166666666666,72.70375,1.74,22.8,6.263677421829523,8.866086990121662,0.4545959574685081,4.895107110353841,30.72808102786699,20,0.31336877709312866,313.36877709312864,6267.375541862573,0,too fast
AMLF_powerVel_linearK600_ID_powerVel_freewaterK600,LF,2024-04-10,9.20988657783905,3.990339773708436,13.200226351547487,24,1.4729343432066857,0.01769426245863065,45035.529560034076,0.05,2.723333333333333,73.09041666666667,1.74,22.8,6.377051027832774,7.069724385962784,0.4696112101890412,4.919514325511645,30.57568552851376,20,0.31336877709312866,313.36877709312864,6267.375541862573,0,too fast
AMLF_powerVel_linearK600_ID_powerVel_freewaterK600,LF,2024-04-11,7.12297937998164,2.2020132954889995,9.32499267547064,24,1.5113386452154027,0.017539686277978448,45805.603662060916,0.05,2.4429166666666666,73.27916666666667,1.74,22.8,6.508647601735894,5.1541962811497655,0.491699943414446,4.962886958174892,30.308577888346758,20,0.31336877709312866,313.36877709312864,6267.375541862573,0,too fast
AMLF_powerVel_linearK600_ID_powerVel_freewaterK600,LF,2024-04-12,12.616362571100849,5.344449435452181,17.96081200655303,24,1.5249339930740347,0.017485974756229206,46076.929262944686,0.05,3.026666666666667,72.45416666666667,1.74,22.8,6.254547119180609,9.457314171241137,0.47690816796462276,4.978101548101543,30.215764378764067,20,0.31336877709312866,313.36877709312864,6267.375541862573,0,too fast
AMLF_powerVel_linearK600_ID_powerVel_freewaterK600,LF,2024-04-13,13.756685088481785,8.461242916035614,22.217928004517397,24,1.4936579157558216,0.017610138921484133,45451.97631222489,0.05,3.3358333333333334,72.32791666666667,1.74,22.8,6.105864505925376,11.56504133250459,0.4560773302458915,4.943017036807912,30.430320056324582,20,0.31336877709312866,313.36877709312864,6267.375541862573,0,too fast
AMLF_powerVel_linearK600_ID_powerVel_freewaterK600,LF,2024-04-14,11.35859598959221,9.319307493129475,20.677903482721685,24,1.4873368704141083,0.017635561283899263,45325.251593237284,0.05,3.2333333333333334,72.49,1.74,22.8,6.1497589195592415,10.796306717119977,0.4573549757591348,4.935880841435215,30.474249898577924,20,0.31336877709312866,313.36877709312864,6267.375541862573,0,too fast
AMLF_powerVel_linearK600_ID_powerVel_freewaterK600,LF,2024-04-15,9.498086523797804,6.3286113832799975,15.8266979070778,24,1.5248366765961912,0.017486710452244987,46074.53218733082,0.05,2.881666666666667,72.83416666666666,1.74,22.8,6.309677934620366,8.394378740716121,0.48102978717722084,4.9779435021310485,30.217035661479336,20,0.31336877709312866,313.36877709312864,6267.375541862573,0,too fast
AMLF_powerVel_linearK600_ID_powerVel_freewaterK600,LF,2024-04-16,9.503888185811002,6.238708580960418,15.74259676677142,24,1.5846271520328734,0.01725895190250244,47256.72712276837,0.05,2.8491666666666666,72.89125,1.74,22.8,6.3233727887947975,8.372208615994639,0.5009102326089294,5.043664316237352,29.823468887524214,20,0.31336877709312866,313.36877709312864,6267.375541862573,0,too fast
AMLF_powerVel_linearK600_ID_powerVel_freewaterK600,LF,2024-04-17,7.433102421503355,5.2817540456417404,12.714856467145095,24,1.6563734620798545,0.01700029357569919,48655.56435789492,0.05,2.6254166666666667,73.14958333333334,1.74,22.8,6.423362646799147,6.889256653161927,0.531828419589379,5.120420643104067,29.376507298808196,20,0.31336877709312866,313.36877709312864,6267.375541862573,0,too fast
AMLF_powerVel_linearK600_ID_powerVel_freewaterK600,LF,2024-04-18,5.429708023655488,5.403835618755704,10.833543642411193,24,1.7311172497095095,0.0167461189298185,50091.349067520976,0.05,2.4870833333333335,73.39708333333333,1.74,22.8,6.481260986999737,5.977690112048081,0.5609182908424846,5.198121705830933,28.93729351072637,20,0.31336877709312866,313.36877709312864,6267.375541862573,0,too fast
AMLF_powerVel_linearK600_ID_powerVel_freewaterK600,LF,2024-04-19,16.941399233069948,7.126635692533577,24.068034925603527,24,1.8001069355584773,0.01652420697002325,51397.993383292785,0.05,3.32,72.675,1.74,22.8,6.0975952791693775,12.991510313424984,0.5485443697675394,5.267908557360105,28.55382964420017,20,0.31336877709312866,313.36877709312864,6267.375541862573,0,too fast
AMLF_powerVel_linearK600_ID_powerVel_freewaterK600,LF,2024-04-20,21.253543561279834,11.222169238946844,32.475712800226674,24,1.864011495112019,0.01632865849764609,52593.06917022825,0.05,3.78625,72.4425,1.74,22.8,5.875234891187402,17.203145911155858,0.547315580945312,5.330986701302114,28.21592188393244,20,0.31336877709312866,313.36877709312864,6267.375541862573,0,too fast
AMLF_powerVel_linearK600_ID_powerVel_freewaterK600,LF,2024-04-21,21.16042746322743,19.164299177906955,40.32472664113438,24,1.9290795157026634,0.01613861117422521,53795.57354122541,0.05,4.1625,71.95125,1.74,22.8,5.70972440915495,20.7962283503532,0.5506930178976545,5.393760575009198,27.887520109061164,20,0.31336877709312866,313.36877709312864,6267.375541862573,0,too fast
AMLF_powerVel_linearK600_ID_powerVel_freewaterK600,LF,2024-04-22,20.10010953275029,19.886883876093233,39.986993408843524,24,1.9852965923583565,0.01598106121094718,54823.65338912628,0.05,4.092083333333333,71.66625,1.74,22.8,5.758209710320435,20.57397316245065,0.5715920556681753,5.446906497532021,27.61527377251673,20,0.31336877709312866,313.36877709312864,6267.375541862573,0,too fast
AMLF_powerVel_linearK600_ID_powerVel_freewaterK600,LF,2024-04-23,20.370120980214107,19.68733800488169,40.05745898509579,24,2.0246786598081234,0.015874254676748495,55537.881685492575,0.05,4.069583333333333,71.14375,1.74,22.8,5.79400290323192,20.6437199941341,0.5865412109473501,5.483542337172741,27.430712081421394,20,0.31336877709312866,313.36877709312864,6267.375541862573,0,too fast
AMLF_powerVel_linearK600_ID_powerVel_freewaterK600,LF,2024-04-24,19.29098399682836,19.182209460932306,38.473193457760665,24,2.059789849824705,0.015781402456477953,56170.58410691347,0.05,3.9541666666666666,71.16666666666667,1.74,22.8,5.850597309583816,19.84367629618624,0.6025472949769015,5.51580310582603,27.2702634447939,20,0.31336877709312866,313.36877709312864,6267.375541862573,0,too fast
AMLF_powerVel_linearK600_ID_powerVel_freewaterK600,LF,2024-04-25,18.451012510458643,18.21757429621543,36.66858680667407,24,2.085993062434039,0.01571343021050132,56640.45773621528,0.05,3.8379166666666666,71.32375,1.74,22.8,5.901411556139374,18.959531004828143,0.61551100923097,5.539652330535258,27.152807403746284,20,0.31336877709312866,313.36877709312864,6267.375541862573,0,too fast
AMLF_powerVel_linearK600_ID_powerVel_freewaterK600,LF,2024-04-26,17.86586183384199,17.244357643738766,35.110219477580756,24,2.093034998690501,0.015695354437920358,56766.3958693712,0.05,3.7495833333333333,71.63291666666666,1.74,22.8,5.9310733366092485,18.201703491913435,0.6206977452020895,5.546028618779037,27.121572468726377,20,0.31336877709312866,313.36877709312864,6267.375541862573,0,too fast
AMLF_powerVel_linearK600_ID_powerVel_freewaterK600,LF,2024-04-27,17.86309799980057,16.859575590107863,34.72267358990843,24,2.0833169583549997,0.015720311309747177,56592.57721438455,0.05,3.7358333333333333,71.62375,1.74,22.8,5.938291784820111,18.02171993895696,0.618569710265547,5.537227132522739,27.16469794324312,20,0.31336877709312866,313.36877709312864,6267.375541862573,0,too fast
AMLF_powerVel_linearK600_ID_powerVel_freewaterK600,LF,2024-04-28,14.297793909995885,12.405383970253876,26.70317788024976,24,2.0617857967209017,0.015776158354202194,56206.49185039634,0.05,3.3083333333333336,71.63958333333333,1.74,22.8,6.151384372300586,14.064589872321717,0.6341505180409185,5.517631186838402,27.261201636061386,20,0.31336877709312866,313.36877709312864,6267.375541862573,0,too fast
AMLF_powerVel_linearK600_ID_powerVel_freewaterK600,LF,2024-04-29,14.076389337759421,12.532603189325517,26.608992527084936,24,2.0306476917055813,0.01585831783695935,55645.705725610394,0.05,3.31625,71.73375,1.74,22.8,6.14304986143954,13.99256582755132,0.6237451411574384,5.489052630796447,27.403173222265757,20,0.31336877709312866,313.36877709312864,6267.375541862573,0,too fast
AMLF_powerVel_linearK600_ID_powerVel_freewaterK600,LF,2024-04-30,12.789613947672933,8.758746379737659,21.54836032741059,24,1.9912379130669708,0.01596475685314624,54931.72855191814,0.05,3.0595833333333333,72.25583333333333,1.74,22.8,6.247144467080573,11.564132225276756,0.6219992462408227,5.452465650425689,27.587099842236704,20,0.31336877709312866,313.36877709312864,6267.375541862573,0,too fast
AMLF_powerVel_linearK600_ID_powerVel_freewaterK600,LF,2024-05-01,12.637969734956059,8.031323699933115,20.669293434889173,24,1.9427863254519802,0.01609957204923089,54047.27367241348,0.05,3.0316666666666667,72.61166666666666,1.74,22.8,6.24476516760845,11.133259959520771,0.6066696572835615,5.406821961188895,27.820060501070976,20,0.31336877709312866,313.36877709312864,6267.375541862573,0,too fast
AMLF_powerVel_linearK600_ID_powerVel_freewaterK600,LF,2024-05-02,4.427398808873554,4.362417413276815,8.78981622215037,24,1.8862898801757815,0.016262548378177873,53006.46141665366,0.05,2.3341666666666665,73.35083333333334,1.74,22.8,6.559813953097811,5.016387141586032,0.6187714723609826,5.352648217071152,28.101683597491363,20,0.31336877709312866,313.36877709312864,6267.375541862573,0,too fast
AMLF_powerVel_linearK600_ID_powerVel_freewaterK600,LF,2024-05-03,3.8129810042138783,2.5279021819804215,6.3408831861943,24,1.8254912476570753,0.016445395713805502,51874.46605543261,0.05,2.203333333333333,73.72041666666667,1.74,22.8,6.60863977010355,3.8272755515012182,0.6032890074776743,5.293144285039414,28.417643793455905,20,0.31336877709312866,313.36877709312864,6267.375541862573,0,too fast
AMLF_powerVel_linearK600_ID_powerVel_freewaterK600,LF,2024-05-04,4.934589482949369,1.3082116341160959,6.242801117065465,24,1.7638329552783023,0.016639326190205327,50713.30893661877,0.05,2.236666666666667,73.48458333333333,1.74,22.8,6.6024170048629065,4.00598863124179,0.5823899186396178,5.231456238779448,28.752755656674804,20,0.31336877709312866,313.36877709312864,6267.375541862573,0,too fast
AMLF_powerVel_linearK600_ID_powerVel_freewaterK600,LF,2024-05-05,5.018256441166365,0.6048732761596897,5.623129717326054,24,1.7012133495910693,0.016845856235967436,49519.72477331729,0.05,2.2158333333333333,73.6225,1.74,22.8,6.606762960461475,3.7414926329397162,0.5621458438594661,5.1673284196523985,29.10963957575173,20,0.31336877709312866,313.36877709312864,6267.375541862573,0,too fast
AMLF_powerVel_linearK600_ID_powerVel_freewaterK600,LF,2024-05-06,5.7123898935694495,0.5716690271409819,6.284058920710431,24,1.6358283709041808,0.017072659512606992,48257.348764561575,0.05,2.2758333333333334,73.49708333333334,1.74,22.8,6.582327873259088,4.108951040242007,0.5385281743510859,5.098689805252829,29.501555637784882,20,0.31336877709312866,313.36877709312864,6267.375541862573,0,too fast
AMLF_powerVel_linearK600_ID_powerVel_freewaterK600,LF,2024-05-07,5.449144338091014,-0.033192683711226745,5.415951654379787,24,1.574162101203366,0.017297895078020643,47051.03202124954,0.05,2.2329166666666667,73.60041666666667,1.74,22.8,6.5991499347845055,3.684386377010358,0.5195491313369444,5.032292352109878,29.890762694819667,20,0.31336877709312866,313.36877709312864,6267.375541862573,0,too fast
AMLF_powerVel_linearK600_ID_powerVel_freewaterK600,LF,2024-05-08,5.853499007719972,0.31677109465129333,6.170270102371265,24,1.5174528453350207,0.01751573285686755,45927.3651030879,0.05,2.29375,73.6275,1.74,22.8,6.567563054335355,4.044944379466508,0.4984153355251519,4.969701147651282,30.267186376667123,20,0.31336877709312866,313.36877709312864,6267.375541862573,0,too fast
AMLF_powerVel_linearK600_ID_powerVel_freewaterK600,LF,2024-05-09,5.246834335613513,-0.3639858663715554,4.882848469241957,24,1.4680580227713491,0.017714467975647744,44937.024047629355,0.05,2.215,73.58416666666668,1.74,22.8,6.608824358264567,3.394198271831145,0.4852056870447439,4.913927899276874,30.6106006619193,20,0.31336877709312866,313.36877709312864,6267.375541862573,0,too fast
AMLF_powerVel_linearK600_ID_powerVel_freewaterK600,LF,2024-05-10,3.7257750092951674,-1.2970907701721404,2.4286842391230268,24,1.4287516463602592,0.01787919126085287,44140.7320302617,0.05,2.04125,73.4,1.74,22.8,6.703941275191931,2.111906533147482,0.47899226529702643,4.868647829879556,30.895242498753756,20,0.31336877709312866,313.36877709312864,6267.375541862573,0,too fast
AMLF_powerVel_linearK600_ID_powerVel_freewaterK600,LF,2024-05-11,5.662250970612577,-0.2906257128883258,5.371625257724252,24,1.383999449506482,0.01807463560993493,43224.55862298724,0.05,2.2695833333333333,73.4925,1.74,22.8,6.585669210613249,3.63773454182384,0.4558488560033055,4.816039414388027,31.23297033396756,20,0.31336877709312866,313.36877709312864,6267.375541862573,0,too fast
AMLF_powerVel_linearK600_ID_powerVel_freewaterK600,LF,2024-05-12,6.740718062309943,3.0859479552464237,9.826666017556366,24,1.3263045114495828,0.018339303810264416,42028.57692302301,0.05,2.56,73.035,1.74,22.8,6.461170869948838,5.494137443878346,0.42852234730584865,4.746559743408315,31.69031698413691,20,0.31336877709312866,313.36877709312864,6267.375541862573,0,too fast
AMLF_powerVel_linearK600_ID_powerVel_freewaterK600,LF,2024-05-13,4.789101426541883,2.982907643339585,7.772009069881468,24,1.2860005947293307,0.018532764640681126,41183.395505659966,0.05,2.4070833333333335,73.08791666666667,1.74,22.8,6.535200353507583,4.381493549937637,0.4202309406968069,4.6969292977405,32.02461729909698,20,0.31336877709312866,313.36877709312864,6267.375541862573,0,too fast
AMLF_powerVel_linearK600_ID_powerVel_freewaterK600,LF,2024-05-14,6.068355816884859,0.6846128316494065,6.7529686485342655,24,1.2824004480639604,0.01855041862724576,41107.48625931204,0.05,2.3116666666666665,73.40083333333334,1.6641666666666668,22.8,6.606650671730696,4.248737924809778,0.4236083517730246,4.6924491314939125,32.05512338788067,20,0.31336877709312866,313.36877709312864,6267.375541862573,0,too fast
AMLF_powerVel_linearK600_ID_powerVel_freewaterK600,LF,2024-05-15,5.005681213140732,1.0112800499674086,6.01696126310814,24,1.2763435725125611,0.01858047784024058,40979.38679138678,0.05,2.1770833333333335,73.32625,1.6,22.8,6.709349663465682,3.7695482201062758,0.42820082495442896,4.684867198250704,32.10706570793572,20,0.31336877709312866,313.36877709312864,6267.375541862573,0,too fast
AMLF_powerVel_linearK600_ID_powerVel_freewaterK600,LF,2024-05-16,6.326545013923998,2.4919107889814476,8.818455802905445,24,1.2514050219706,0.018706044768534373,40450.012726538655,0.05,2.3970833333333332,73.56958333333333,1.6,22.8,6.588560528846832,5.141059618517092,0.41227886498582283,4.653427339477024,32.32404536002739,20,0.31336877709312866,313.36877709312864,6267.375541862573,0,too fast
AMLF_powerVel_linearK600_ID_powerVel_freewaterK600,LF,2024-05-17,5.574437677629812,2.316058994046592,7.890496671676404,24,1.238278291627533,0.01877332527403971,40170.10404019897,0.05,2.3220833333333335,73.39,1.6,22.8,6.634105520840384,4.6275274165097695,0.4107475237062987,4.636733134087818,32.44030607354062,20,0.31336877709312866,313.36877709312864,6267.375541862573,0,too fast
AMLF_powerVel_linearK600_ID_powerVel_freewaterK600,LF,2024-05-18,5.318516763714029,1.2292148813483617,6.54773164506239,24,1.255257520377338,0.01868650710140644,40531.940313265746,0.05,2.222916666666667,73.45666666666666,1.6,22.8,6.680560135380012,4.033890131804571,0.4192491524095703,4.658301377516567,32.29028427123033,20,0.31336877709312866,313.36877709312864,6267.375541862573,0,too fast
AMLF_powerVel_linearK600_ID_powerVel_freewaterK600,LF,2024-05-19,6.438023571528945,0.9563946229782195,7.394418194507165,24,1.2895860072329082,0.01851534936461806,41258.81178184823,0.05,2.294583333333333,73.6725,1.6,22.8,6.635147665766408,4.581764215084843,0.4277527054520333,4.70137035832718,31.994523702060008,20,0.31336877709312866,313.36877709312864,6267.375541862573,0,too fast
AMLF_powerVel_linearK600_ID_powerVel_freewaterK600,LF,2024-05-20,6.4568380451110565,2.020266276519263,8.47710432163032,24,1.3215209915649417,0.018361372197884168,41929.26590623143,0.05,2.3533333333333335,73.44958333333334,1.6,22.8,6.615762904398314,5.045362585260917,0.4370961103964406,4.740782440715398,31.728451157943844,20,0.31336877709312866,313.36877709312864,6267.375541862573,0,too fast
AMLF_powerVel_linearK600_ID_powerVel_freewaterK600,LF,2024-05-21,7.6814593207812925,3.4400738053598885,11.12153312614118,24,1.3538106264572731,0.018210878515897817,42601.34040776632,0.05,2.5345833333333334,73.43166666666667,1.6,22.8,6.525967392869316,6.355925557515988,0.44171020149361395,4.779973550522568,31.468398075471423,20,0.31336877709312866,313.36877709312864,6267.375541862573,0,too fast
AMLF_powerVel_linearK600_ID_powerVel_freewaterK600,LF,2024-05-22,6.0251589698101,1.3908963282393096,7.416055298049409,24,1.3960043025655107,0.018021297807127683,43471.404011395585,0.05,2.2558333333333334,73.72291666666666,1.6,22.8,6.652285812672854,4.558460981935894,0.4642447794469567,4.830271659018829,31.140802610716637,20,0.31336877709312866,313.36877709312864,6267.375541862573,0,too fast
AMLF_powerVel_linearK600_ID_powerVel_freewaterK600,LF,2024-05-23,7.219181467958963,1.1280193087215329,8.347200776680495,24,1.4421731023025286,0.017822387165520148,44413.3177963359,0.05,2.325833333333333,73.89041666666667,1.6,22.8,6.609831604173941,5.157693999824863,0.4764967648814957,4.884184383682222,30.797085022018816,20,0.31336877709312866,313.36877709312864,6267.375541862573,0,too fast
AMLF_powerVel_linearK600_ID_powerVel_freewaterK600,LF,2024-05-24,7.4841608445536565,1.7876956935010129,9.271856538054669,23,1.4934860312371758,0.01761109229178646,45448.19853928862,0.05,2.389130434782609,74.59347826086956,1.6,22.8,6.547300228600675,5.743821025518336,0.48871176181136683,4.942786883865846,30.431967480207003,20,0.31336877709312866,313.36877709312864,6267.375541862573,0,too fast
AMLF_powerVel_linearK600_ID_powerVel_freewaterK600,LF,2024-05-25,9.599460256358308,4.225228741417135,13.824688997775443,24,1.5429228496771998,0.017416455056167922,46433.929164868794,0.05,2.655,75.82208333333334,1.6,22.8,6.360912898677691,7.850608282721419,0.49041115758859977,4.998016065648871,30.095634337058172,20,0.31336877709312866,313.36877709312864,6267.375541862573,0,too fast
AMLF_powerVel_linearK600_ID_powerVel_freewaterK600,LF,2024-05-26,19.504283600047792,18.782066763374935,38.28635036342273,24,1.5913411174867602,0.017233816895038463,47388.89685028138,0.05,4.1975,77.29083333333334,1.6,22.8,5.526412894989965,19.6430379502,0.43967803209923095,5.050981833720801,29.780035594626465,20,0.31336877709312866,313.36877709312864,6267.375541862573,0,too fast
AMLF_powerVel_linearK600_ID_powerVel_freewaterK600,LF,2024-05-27,20.45880340508439,18.287131882524726,38.745935287609115,24,1.6402890181063525,0.017056573050426436,48344.330036236504,0.05,4.192916666666667,77.85083333333334,1.6,22.8,5.505245486023307,20.005395476054755,0.4514552053702239,5.103463043006366,29.47375823113688,20,0.31336877709312866,313.36877709312864,6267.375541862573,0,too fast
AMLF_powerVel_linearK600_ID_powerVel_freewaterK600,LF,2024-05-28,19.85178467454906,19.054098530459232,38.905883205008294,24,1.6840031036504517,0.016904115414871256,49189.49528985867,0.05,4.145833333333333,78.70208333333333,1.6,22.8,5.49347994313536,19.981946580769996,0.46253113292502984,5.149476279568689,29.21031143689753,20,0.31336877709312866,313.36877709312864,6267.375541862573,0,too fast
AMLF_powerVel_linearK600_ID_powerVel_freewaterK600,LF,2024-05-29,19.081348930215054,17.697548686202317,36.77889761641737,23,1.7151306443793808,0.01679870078537573,49786.83376966296,0.05,3.986086956521739,79.31391304347827,1.6,22.8,5.548394321687981,18.95549479505439,0.4757981448448707,5.181771461783882,29.02815495712926,20,0.31336877709312866,313.36877709312864,6267.375541862573,0,too fast
AMLF_powerVel_linearK600_ID_powerVel_freewaterK600,LF,2024-05-30,18.39772467724813,16.80362177931009,35.20134645655823,24,1.7279592592447828,0.01675599466215136,50031.94590775794,0.05,3.882083333333333,79.15416666666667,1.6,22.8,5.606829550163364,18.217931338985323,0.48441620254471046,5.194969806406487,28.95435877619755,20,0.31336877709312866,313.36877709312864,6267.375541862573,0,too fast
AMLF_powerVel_linearK600_ID_powerVel_freewaterK600,LF,2024-05-31,18.362893272274206,15.477402518436246,33.84029579071046,23,1.7274151339036852,0.016757795468343373,50021.56493293027,0.05,3.8204347826086957,78.95695652173913,1.6,22.8,5.645673344678409,17.721413837532904,0.48762564284746296,5.194411605109848,28.95747056929735,20,0.31336877709312866,313.36877709312864,6267.375541862573,0,too fast
AMLF_powerVel_linearK600_ID_powerVel_freewaterK600,LF,2024-06-01,17.946136711369675,15.391795350774236,33.33793206214391,23,1.721037877017706,0.01677895962682421,49899.81241138256,0.05,3.79,78.37608695652175,1.6,22.8,5.684688976675077,17.435796213639197,0.4891843825025214,5.187860498809023,28.994042235152232,20,0.31336877709312866,313.36877709312864,6267.375541862573,0,too fast
AMLF_powerVel_linearK600_ID_powerVel_freewaterK600,LF,2024-06-02,12.605732205226191,11.551774442453938,24.15750664768013,24,1.7105994067300305,0.016813822887381702,49700.20171577301,0.05,3.1991666666666667,77.67625,1.6,22.8,6.009230728244031,12.680559245410551,0.5139761080061316,5.177103895619436,29.054285949395577,20,0.31336877709312866,313.36877709312864,6267.375541862573,0,too fast
AMLF_powerVel_linearK600_ID_powerVel_freewaterK600,LF,2024-06-03,15.050261078229942,13.414316884694124,28.464577962924068,24,1.7029376978667552,0.016839592413615614,49553.42795887212,0.05,3.4808333333333334,77.11666666666666,1.6,22.8,5.891875890559662,14.870298859899282,0.5016811956425974,5.169181397503576,29.098815690727783,20,0.31336877709312866,313.36877709312864,6267.375541862573,0,too fast
AMLF_powerVel_linearK600_ID_powerVel_freewaterK600,LF,2024-06-04,13.98435604628146,12.529405576836329,26.513761623117787,24,1.688294299239731,0.016889318487332085,49272.22328076348,0.05,3.3654166666666665,77.23041666666667,1.6,22.8,5.944866154729539,13.879960972367504,0.5018342883548497,5.1539681547612854,29.18474234610984,20,0.31336877709312866,313.36877709312864,6267.375541862573,0,too fast
AMLF_powerVel_linearK600_ID_powerVel_freewaterK600,LF,2024-06-05,12.366311696765246,10.614636444391838,22.980948141157086,24,1.6644476320312933,0.01697150861912775,48812.55173798993,0.05,3.15875,77.49083333333333,1.6,22.8,6.037293773021966,12.138902032886662,0.502455024610337,5.129012200216437,29.32676689385275,20,0.31336877709312866,313.36877709312864,6267.375541862573,0,too fast
AMLF_powerVel_linearK600_ID_powerVel_freewaterK600,LF,2024-06-06,13.797270008452735,13.753542766989654,27.550812775442388,24,1.6382326294141443,0.01706369651813499,48304.63762111084,0.05,3.4504166666666665,77.71625,1.6,22.8,5.882014837434593,14.260871297102796,0.48182097259301127,5.101305489042079,29.48606758333726,20,0.31336877709312866,313.36877709312864,6267.375541862573,0,too fast
AMLF_powerVel_linearK600_ID_powerVel_freewaterK600,LF,2024-06-07,10.912274154756116,10.955561657038153,21.86783581179427,24,1.6076776391894811,0.01717369360922083,47709.09946365237,0.05,3.100416666666667,77.8,1.6,22.8,6.05365831022595,11.416975614725681,0.4866650006853817,5.068638126106582,29.676142556733595,20,0.31336877709312866,313.36877709312864,6267.375541862573,0,too fast
AMLF_powerVel_linearK600_ID_powerVel_freewaterK600,LF,2024-06-08,5.13746776750348,3.9360273845910823,9.073495152094562,24,1.5713900673951975,0.017308051851805836,46996.757618981654,0.05,2.2870833333333334,76.88541666666667,1.6,22.8,6.498638626657536,5.14750564168264,0.5106380337259924,5.029302702317417,29.90831359992048,20,0.31336877709312866,313.36877709312864,6267.375541862573,0,too fast
AMLF_powerVel_linearK600_ID_powerVel_freewaterK600,LF,2024-06-09,4.441554273205529,0.4650367184314235,4.906590991636953,24,1.526311636729897,0.01748090387357219,46103.94195713544,0.05,2.05,74.96875,1.6,22.8,6.699780892837776,3.296080203071657,0.5114082443553387,4.979591275974716,30.20700189353274,20,0.31336877709312866,313.36877709312864,6267.375541862573,0,too fast
AMLF_powerVel_linearK600_ID_powerVel_freewaterK600,LF,2024-06-10,4.665586030366599,0.3965506813420621,5.0621367117086615,24,1.4750495189222372,0.017685895893521486,45077.760118446095,0.05,2.0720833333333335,73.91625,1.6,22.8,6.7354509568266225,3.383680314521521,0.4968590129151451,4.921883164313632,30.561228104005124,20,0.31336877709312866,313.36877709312864,6267.375541862573,0,too fast
AMLF_powerVel_linearK600_ID_powerVel_freewaterK600,LF,2024-06-11,-3.0722012832015375,-1.87412870582394,-4.946329989025477,24,1.4260712968107767,0.017890775726943718,44086.003167942414,0.05,1.30625,73.70333333333333,1.6,22.8,7.1278778189771135,-2.064762431971681,0.5082419439891908,4.865512911159193,30.91526045615874,20,0.31336877709312866,313.36877709312864,6267.375541862573,0,too fast
AMLF_powerVel_linearK600_ID_powerVel_freewaterK600,LF,2024-06-12,2.01199259090367,-2.9267225897114932,-0.914729998807823,24,1.3754127827251539,0.018113137382613134,43047.587446407946,0.05,1.66625,73.75458333333333,1.6,22.8,6.9455247927009784,0.4320301249601706,0.4778355259794852,4.805813727570924,31.299501397155495,20,0.31336877709312866,313.36877709312864,6267.375541862573,0,too fast
AMLF_powerVel_linearK600_ID_powerVel_freewaterK600,LF,2024-06-13,2.2347308166772546,-1.742477435491825,0.4922533811854295,24,1.308129842647118,0.018426320262970232,41647.70303791699,0.05,1.7591666666666668,73.79458333333334,1.6,22.8,6.897327668249618,1.0289216244218249,0.4513609128150202,4.724207837335836,31.840681414412558,20,0.31336877709312866,313.36877709312864,6267.375541862573,0,too fast
AMLF_powerVel_linearK600_ID_powerVel_freewaterK600,LF,2024-06-14,3.1253812470111666,-0.6687030141752577,2.456678232835909,24,1.2309037825709468,0.018812932420154558,40010.95767754093,0.05,1.9116666666666666,73.76708333333333,1.6,22.8,6.822287889294498,1.964590660210317,0.42007785536016035,4.627135411329957,32.508747222027075,20,0.31336877709312866,313.36877709312864,6267.375541862573,0,too fast
AMLF_powerVel_linearK600_ID_powerVel_freewaterK600,LF,2024-06-15,5.112134630353161,0.060349447103596125,5.172484077456757,24,1.1645521628402808,0.019171546374186412,38576.99914665,0.05,2.1558333333333333,73.74458333333334,1.6,22.8,6.701223902754933,3.397599393646924,0.3903752563144147,4.5405324652247465,33.12843213459412,20,0.31336877709312866,313.36877709312864,6267.375541862573,0,too fast
AMLF_powerVel_linearK600_ID_powerVel_freewaterK600,LF,2024-06-16,4.763107772636216,0.36557307289284524,5.128680845529061,24,1.104729326608628,0.019519809941113565,37259.46172299519,0.05,2.15875,73.64875,1.6,22.8,6.704073702214619,3.301264712078108,0.370463064334963,4.459547791037144,33.730231578244236,20,0.31336877709312866,313.36877709312864,6267.375541862573,0,too fast
AMLF_powerVel_linearK600_ID_powerVel_freewaterK600,LF,2024-06-17,3.387935086514745,0.010067325740579797,3.3980024122553245,24,1.0359452035819978,0.019953300469903314,35713.73589980173,0.05345883703156245,2.01875,73.6025,1.6,22.8,6.776134404591121,2.3548762719747733,0.374386085782597,4.362736087305572,32.998510721323555,20,0.31336877709312866,313.36877709312864,6267.375541862573,0,too fast
AMLF_powerVel_linearK600_ID_powerVel_freewaterK600,LF,2024-06-18,2.8237313925738747,0.14817467765775066,2.9719060702316256,24,0.9687616766239557,0.020414619022796322,34170.69677163998,0.2577892094552091,2.21875,73.5475,1.6,22.8,6.678577905746235,3.3525120747226116,1.6435959800304554,4.264109604778321,7.869891326737046,20,0.31336877709312866,313.36877709312864,6267.375541862573,0,too fast
AMLF_powerVel_linearK600_ID_powerVel_freewaterK600,LF,2024-06-19,1.219517522817124,-1.0719732409680982,0.1475442818490258,24,0.9125107242296937,0.020835395603976514,32850.277428549816,0.5400208052656463,2.27625,73.45666666666666,1.6,22.8,6.653889935635517,3.523808263505684,3.2590785589324027,4.177982639188109,3.4050082969010846,20,0.31336877709312866,313.36877709312864,6267.375541862573,0,too fast
AMLF_powerVel_linearK600_ID_powerVel_freewaterK600,LF,2024-06-20,0.2642207878058559,-1.3438834427393742,-1.0796626549335184,24,0.8574346030629963,0.02128281908764403,31530.01988971913,0.8163578432410525,2.4208333333333334,73.62083333333334,1.6,22.8,6.574317573073313,4.112833186956563,4.585660171483937,4.090166709896421,2.272457207967815,20,0.31336877709312866,313.36877709312864,6267.375541862573,0,too fast
AMLF_powerVel_linearK600_ID_powerVel_freewaterK600,LF,2024-06-21,-0.21141795501667493,-2.28218311212141,-2.493601067138085,23,0.8140035165043137,0.02166239800231299,30469.33376703643,1.034267484687205,2.503913043478261,73.52434782608695,1.6,22.8,6.537115735549202,4.38633433733989,5.498084969358624,4.018382950072784,1.812035207358282,20,0.31336877709312866,313.36877709312864,6267.375541862573,0,too fast
AMLF_powerVel_linearK600_ID_powerVel_freewaterK600,LF,2024-06-22,0.8552404311827114,-3.0012810548189326,-2.146040623636221,24,0.798538274641699,0.021804190386479693,30086.9859643568,1.1118622578367767,2.6075,73.77875,1.6,22.8,6.473935556272586,4.834813532121585,5.7471454486896265,3.992211255228975,1.694451171281651,20,0.31336877709312866,313.36877709312864,6267.375541862573,0,too fast
AMLF_powerVel_linearK600_ID_powerVel_freewaterK600,LF,2024-06-23,2.1671132484843456,-2.787843454516848,-0.6207302060325022,24,0.788860049042161,0.021895251236867534,29846.128477317183,1.1604214544247027,2.80375,73.80333333333334,1.6,22.8,6.374701094657255,5.7296395412549685,5.833548114979504,3.975623147084686,1.630871605590173,20,0.31336877709312866,313.36877709312864,6267.375541862573,0,too fast
AMLF_powerVel_linearK600_ID_powerVel_freewaterK600,LF,2024-06-24,2.2107128320878604,-2.998401423603315,-0.7876885915154546,24,0.7658821535504123,0.02211756451690413,29270.225843648503,1.2757099577650157,2.8875,73.77416666666667,1.6,22.8,6.334072828375199,6.0077883158711005,6.184586184308363,3.9356973325949594,1.4993309334499647,20,0.31336877709312866,313.36877709312864,6267.375541862573,0,too fast
AMLF_powerVel_linearK600_ID_powerVel_freewaterK600,LF,2024-06-25,1.1300003740153908,-2.985205384268119,-1.8552050102527284,24,0.7343123565262051,0.022437791405351615,28469.42867630314,1.4341071726442163,2.747692307692308,73.43538461538462,1.6,22.8,6.4191262343287505,5.240271029840647,6.642704968615109,3.8795554402465307,1.353155931523699,20,0.31336877709312866,313.36877709312864,6267.375541862573,0,too fast
