ID,Date,K600_1.d_daily
AM,2022-04-01T00:00:00Z,0.5736270860727253
AM,2022-04-02T00:00:00Z,0.5983933179381763
AM,2022-04-03T00:00:00Z,0.6025209886819942
AM,2022-04-04T00:00:00Z,0.6014708193909359
AM,2022-04-05T00:00:00Z,0.5930136995770351
AM,2022-04-06T00:00:00Z,0.5849808998956358
AM,2022-04-07T00:00:00Z,0.574403000619597
AM,2022-04-08T00:00:00Z,0.5493812600722173
AM,2022-04-09T00:00:00Z,0.5156270268670268
AM,2022-04-10T00:00:00Z,0.48982504619336287
AM,2022-04-11T00:00:00Z,0.47234282957042817
AM,2022-04-12T00:00:00Z,0.47561525817246353
AM,2022-04-13T00:00:00Z,0.49757777678516757
AM,2022-04-14T00:00:00Z,0.5227643735556103
AM,2022-04-15T00:00:00Z,0.5563063665215755
AM,2022-04-16T00:00:00Z,0.614053412420952
AM,2022-04-17T00:00:00Z,0.6804225730983846
AM,2022-04-18T00:00:00Z,0.7215223680928192
AM,2022-04-19T00:00:00Z,0.7313865624076109
AM,2022-04-20T00:00:00Z,0.7329128207748077
AM,2022-04-21T00:00:00Z,0.7412818261753729
AM,2022-04-22T00:00:00Z,0.7562609685752649
AM,2022-04-23T00:00:00Z,0.774643407936824
AM,2022-04-24T00:00:00Z,0.7943861765706877
AM,2022-04-25T00:00:00Z,0.8130232669095261
AM,2022-04-26T00:00:00Z,0.8273557368230757
AM,2022-04-27T00:00:00Z,0.8398025085035072
AM,2022-04-28T00:00:00Z,0.8555197854294985
AM,2022-04-29T00:00:00Z,0.8737408690805162
AM,2022-04-30T00:00:00Z,0.8858917161050062
AM,2022-05-01T00:00:00Z,0.8918076050815473
AM,2022-05-02T00:00:00Z,0.8988692392402882
AM,2022-05-03T00:00:00Z,0.9077901010583806
AM,2022-05-04T00:00:00Z,0.9168390983745569
AM,2022-05-05T00:00:00Z,0.9274641187291097
AM,2022-05-06T00:00:00Z,0.9362160514873337
AM,2022-05-07T00:00:00Z,0.9405875829373593
AM,2022-05-08T00:00:00Z,0.9478938797353736
AM,2022-05-09T00:00:00Z,0.9617925653327136
AM,2022-05-10T00:00:00Z,0.9756492188985537
AM,2022-05-11T00:00:00Z,0.9867913249292823
AM,2022-05-12T00:00:00Z,0.993638715397732
AM,2022-05-13T00:00:00Z,0.9979691800746642
AM,2022-05-14T00:00:00Z,1.006271173747827
AM,2022-05-15T00:00:00Z,1.0146759217675632
AM,2022-05-16T00:00:00Z,1.019715860656496
AM,2022-05-17T00:00:00Z,1.0268830541727818
AM,2022-05-18T00:00:00Z,1.0358286498520926
AM,2022-05-19T00:00:00Z,1.0427380705027496
AM,2022-05-20T00:00:00Z,1.0463382849287144
AM,2022-05-21T00:00:00Z,1.0470740913082834
AM,2022-05-22T00:00:00Z,1.0475053593265555
AM,2022-05-23T00:00:00Z,1.0474545371591268
AM,2022-05-24T00:00:00Z,1.0449266609333858
AM,2022-05-25T00:00:00Z,1.0388625372230427
AM,2022-05-26T00:00:00Z,1.0386910633467534
AM,2022-05-27T00:00:00Z,1.0388881041654048
AM,2022-05-28T00:00:00Z,1.0371872007306946
AM,2022-05-29T00:00:00Z,1.0317840785242398
AM,2022-05-30T00:00:00Z,1.0318373346957854
AM,2022-05-31T00:00:00Z,1.03290906295941
AM,2022-06-01T00:00:00Z,1.0343294823712754
AM,2022-06-02T00:00:00Z,1.0413020798448889
AM,2022-06-03T00:00:00Z,1.0479110105092788
AM,2022-06-04T00:00:00Z,1.048658650412829
AM,2022-06-05T00:00:00Z,1.0463790809077798
AM,2022-06-06T00:00:00Z,1.0441925613073257
AM,2022-06-07T00:00:00Z,1.043450235641301
AM,2022-06-08T00:00:00Z,1.0355826964160453
AM,2022-06-09T00:00:00Z,1.038568772117496
AM,2022-06-10T00:00:00Z,1.0503317035492894
AM,2022-06-11T00:00:00Z,1.0577419228646352
AM,2022-06-12T00:00:00Z,1.059257064794461
AM,2022-06-13T00:00:00Z,1.0589999805794357
AM,2022-06-14T00:00:00Z,1.0592087406729882
AM,2022-06-15T00:00:00Z,1.0682940536253296
AM,2022-06-16T00:00:00Z,1.0786717771085932
AM,2022-06-17T00:00:00Z,1.0855507701505553
AM,2022-06-18T00:00:00Z,1.0876997046052757
AM,2022-06-19T00:00:00Z,1.0895060294666765
AM,2022-06-20T00:00:00Z,1.0907770880361647
AM,2022-06-21T00:00:00Z,1.0904212256363843
AM,2022-06-22T00:00:00Z,1.0857349651958175
AM,2022-06-23T00:00:00Z,1.091278937228909
AM,2022-06-24T00:00:00Z,1.0925271849267977
AM,2022-06-25T00:00:00Z,1.0918930570705736
AM,2022-06-26T00:00:00Z,1.0908157396438474
AM,2022-06-27T00:00:00Z,1.0972631612917694
AM,2022-06-28T00:00:00Z,1.1050205236782695
AM,2022-06-29T00:00:00Z,1.1086074084406987
AM,2022-06-30T00:00:00Z,1.107282728359945
AM,2022-07-01T00:00:00Z,1.0835399183833807
AM,2022-07-02T00:00:00Z,1.0537103331046909
AM,2022-07-03T00:00:00Z,1.0637610606217134
AM,2022-07-04T00:00:00Z,1.073602250929133
AM,2022-07-05T00:00:00Z,1.0819579291464954
AM,2022-07-06T00:00:00Z,1.088869290183922
AM,2022-07-07T00:00:00Z,1.094066094483688
AM,2022-07-08T00:00:00Z,1.0943751881292898
AM,2022-07-09T00:00:00Z,1.0919119939485071
AM,2022-07-10T00:00:00Z,1.0805170252768455
AM,2022-07-11T00:00:00Z,1.0664582710288304
AM,2022-07-12T00:00:00Z,1.0535248523673808
AM,2022-07-13T00:00:00Z,1.03303668322535
AM,2022-07-14T00:00:00Z,1.007200582470077
AM,2022-07-15T00:00:00Z,0.9799749135105851
AM,2022-07-16T00:00:00Z,0.9406887692728896
AM,2022-07-17T00:00:00Z,0.8862819564770746
AM,2022-07-18T00:00:00Z,0.8274727573767544
AM,2022-07-19T00:00:00Z,0.7421478641200497
AM,2022-07-20T00:00:00Z,0.7203021865458534
AM,2022-07-21T00:00:00Z,0.6721135217506066
AM,2022-07-22T00:00:00Z,0.6435753337198118
AM,2022-07-23T00:00:00Z,0.6470301453678422
AM,2022-07-24T00:00:00Z,0.6527196361597071
AM,2022-07-25T00:00:00Z,0.6531780944945835
AM,2022-07-26T00:00:00Z,0.6518033775980907
AM,2022-07-27T00:00:00Z,0.6657381495996451
AM,2022-07-28T00:00:00Z,0.6930986265294853
AM,2022-07-29T00:00:00Z,0.7199600649772501
AM,2022-07-30T00:00:00Z,0.7461891928514908
AM,2022-07-31T00:00:00Z,0.7732945476125882
AM,2022-08-01T00:00:00Z,0.8029538998414865
AM,2022-08-02T00:00:00Z,0.8354110257515808
AM,2022-08-03T00:00:00Z,0.8674320394994566
AM,2022-08-04T00:00:00Z,0.8978083292103332
AM,2022-08-05T00:00:00Z,0.9218622443968687
AM,2022-08-06T00:00:00Z,0.9331980946359915
AM,2022-08-07T00:00:00Z,0.9348791364919128
AM,2022-08-08T00:00:00Z,0.9344551446447539
AM,2022-08-09T00:00:00Z,0.931155980991017
AM,2022-08-10T00:00:00Z,0.9272781146212307
AM,2022-08-11T00:00:00Z,0.9182144131175081
AM,2022-08-12T00:00:00Z,0.894412452213782
AM,2022-08-13T00:00:00Z,0.8811326020751429
AM,2022-08-14T00:00:00Z,0.8862061226050502
AM,2022-08-15T00:00:00Z,0.8878437317048531
AM,2022-08-16T00:00:00Z,0.8977394139755472
AM,2022-08-17T00:00:00Z,0.9158218265511295
AM,2022-08-18T00:00:00Z,0.9319338390207752
AM,2022-08-19T00:00:00Z,0.9440051485012055
AM,2022-08-20T00:00:00Z,0.9535598257366498
AM,2022-08-21T00:00:00Z,0.9590170024137494
AM,2022-08-22T00:00:00Z,0.9594497482921912
AM,2022-08-23T00:00:00Z,0.954993030658902
AM,2022-08-24T00:00:00Z,0.9363094176194604
AM,2022-08-25T00:00:00Z,0.9349878343629139
AM,2022-08-26T00:00:00Z,0.9401559699402586
AM,2022-08-27T00:00:00Z,0.9361016749852521
AM,2022-08-28T00:00:00Z,0.8802568084428454
AM,2022-08-29T00:00:00Z,0.7707432292988909
AM,2022-08-30T00:00:00Z,0.6633890737110826
AM,2022-08-31T00:00:00Z,0.5845984704260706
AM,2022-09-01T00:00:00Z,0.5180454762158843
AM,2022-09-02T00:00:00Z,0.4631393055016685
AM,2022-09-03T00:00:00Z,0.4753813821891998
AM,2022-09-04T00:00:00Z,0.5032777456425342
AM,2022-09-05T00:00:00Z,0.5115283528707939
AM,2022-09-06T00:00:00Z,0.5140609408802046
AM,2022-09-07T00:00:00Z,0.5219701904141153
AM,2022-09-08T00:00:00Z,0.535619515547597
AM,2022-09-09T00:00:00Z,0.5520765317359101
AM,2022-09-10T00:00:00Z,0.5667926830488258
AM,2022-09-11T00:00:00Z,0.5692728638559785
AM,2022-09-12T00:00:00Z,0.5675391360479898
AM,2022-09-13T00:00:00Z,0.5499653332642233
AM,2022-09-14T00:00:00Z,0.5310445555749179
AM,2022-09-15T00:00:00Z,0.5435047410295082
AM,2022-09-16T00:00:00Z,0.5684019004903645
AM,2022-09-17T00:00:00Z,0.5932257704217113
AM,2022-09-18T00:00:00Z,0.6167368506891906
AM,2022-09-19T00:00:00Z,0.6417302382295292
AM,2022-09-20T00:00:00Z,0.6681798004914484
AM,2022-09-21T00:00:00Z,0.6945557270449492
AM,2022-09-22T00:00:00Z,0.7196905189461121
AM,2022-09-23T00:00:00Z,0.7435772764881843
AM,2022-09-24T00:00:00Z,0.765032740437247
AM,2022-09-25T00:00:00Z,0.7836160767626268
AM,2022-09-26T00:00:00Z,0.8014598311292971
AM,2022-09-27T00:00:00Z,0.8236417397187237
AM,2022-09-28T00:00:00Z,0.8490789814284971
AM,2022-09-29T00:00:00Z,0.8657646396439116
AM,2022-09-30T00:00:00Z,0.8759653928035802
AM,2022-10-01T00:00:00Z,0.8918697773003119
AM,2022-10-02T00:00:00Z,0.910806283100458
AM,2022-10-03T00:00:00Z,0.927254423798251
AM,2022-10-04T00:00:00Z,0.9395888484873518
AM,2022-10-05T00:00:00Z,0.9512307938572611
AM,2022-10-06T00:00:00Z,0.9637504411197847
AM,2022-10-07T00:00:00Z,0.9750433027589644
AM,2022-10-08T00:00:00Z,0.9848761392635081
AM,2022-10-09T00:00:00Z,0.9928447424677244
AM,2022-10-10T00:00:00Z,0.9994644152494871
AM,2022-10-11T00:00:00Z,1.0077297929459264
AM,2022-10-12T00:00:00Z,1.013904861626904
AM,2022-10-13T00:00:00Z,1.016944734449144
AM,2022-10-14T00:00:00Z,1.023565474831988
AM,2022-10-15T00:00:00Z,1.040729343696429
AM,2022-10-16T00:00:00Z,1.0526965619822302
AM,2022-10-17T00:00:00Z,1.0548461145788433
AM,2022-10-18T00:00:00Z,1.0576205117254596
AM,2022-10-19T00:00:00Z,1.0604188928580391
AM,2022-10-20T00:00:00Z,1.06230499687175
AM,2022-10-21T00:00:00Z,1.064074057625271
AM,2022-10-22T00:00:00Z,1.066368193013451
AM,2022-10-23T00:00:00Z,1.066887880083854
AM,2022-10-24T00:00:00Z,1.0667754549797552
AM,2022-10-25T00:00:00Z,1.065401324594562
AM,2022-10-26T00:00:00Z,1.0643431455830823
AM,2022-10-27T00:00:00Z,1.0636813667614415
AM,2022-10-28T00:00:00Z,1.062797708611403
AM,2022-10-29T00:00:00Z,1.063041702789196
AM,2022-10-30T00:00:00Z,1.0630503292987654
AM,2022-10-31T00:00:00Z,1.0629655785537213
AM,2022-11-01T00:00:00Z,1.0625871960517377
AM,2022-11-02T00:00:00Z,1.0629331243496327
AM,2022-11-03T00:00:00Z,1.0631834035993704
AM,2022-11-04T00:00:00Z,1.063334376827776
AM,2022-11-05T00:00:00Z,1.0633318546057158
AM,2022-11-06T00:00:00Z,1.0630931182314045
AM,2022-11-07T00:00:00Z,1.0623584374370227
AM,2022-11-08T00:00:00Z,1.062193111984801
AM,2022-11-09T00:00:00Z,1.0612695224537707
AM,2022-11-10T00:00:00Z,1.0596092333556208
AM,2022-11-11T00:00:00Z,1.0614612586565377
AM,2022-11-12T00:00:00Z,1.0614700767192644
AM,2022-11-13T00:00:00Z,1.0610529871174728
AM,2022-11-14T00:00:00Z,1.061242102745491
AM,2022-11-15T00:00:00Z,1.0619597803589118
AM,2022-11-16T00:00:00Z,1.0622721729697766
AM,2022-11-17T00:00:00Z,1.0622663459007025
AM,2022-11-18T00:00:00Z,1.0618702723246174
AM,2022-11-19T00:00:00Z,1.062587359470907
AM,2022-11-20T00:00:00Z,1.0627371863069621
AM,2022-11-21T00:00:00Z,1.0636506647930113
AM,2022-11-22T00:00:00Z,1.0641227734645904
AM,2022-11-23T00:00:00Z,1.0644245979100637
AM,2022-11-24T00:00:00Z,1.0650801386962672
AM,2022-11-25T00:00:00Z,1.065198482445081
AM,2022-11-26T00:00:00Z,1.064979623691547
AM,2022-11-27T00:00:00Z,1.06452887373475
AM,2022-11-28T00:00:00Z,1.0644976751514224
AM,2022-11-29T00:00:00Z,1.0638875048990275
AM,2022-11-30T00:00:00Z,1.063805400959042
AM,2022-12-01T00:00:00Z,1.0638424355626477
AM,2022-12-02T00:00:00Z,1.064658875788523
AM,2022-12-03T00:00:00Z,1.064736126633624
AM,2022-12-04T00:00:00Z,1.0651625445322723
AM,2022-12-05T00:00:00Z,1.0673100814802394
AM,2022-12-06T00:00:00Z,1.0682017659865812
AM,2022-12-07T00:00:00Z,1.0680917334542808
AM,2022-12-08T00:00:00Z,1.068003469348239
AM,2022-12-09T00:00:00Z,1.0679647316391354
AM,2022-12-10T00:00:00Z,1.0682568915864041
AM,2022-12-11T00:00:00Z,1.0683466160614354
AM,2022-12-12T00:00:00Z,1.068529468928034
AM,2022-12-13T00:00:00Z,1.0685058570250303
AM,2022-12-14T00:00:00Z,1.0689168015243355
AM,2022-12-15T00:00:00Z,1.0693317917314726
AM,2022-12-16T00:00:00Z,1.0691548331758576
AM,2022-12-17T00:00:00Z,1.0688780949591634
AM,2022-12-18T00:00:00Z,1.0688774263603966
AM,2022-12-19T00:00:00Z,1.067618175303811
AM,2022-12-20T00:00:00Z,1.0703548834897068
AM,2022-12-21T00:00:00Z,1.0710601285264922
AM,2022-12-22T00:00:00Z,1.0692143208614262
AM,2022-12-23T00:00:00Z,1.0652729172203994
AM,2022-12-24T00:00:00Z,1.0628085983912827
AM,2022-12-25T00:00:00Z,1.0574529937466695
AM,2022-12-26T00:00:00Z,1.0554913130733685
AM,2022-12-27T00:00:00Z,1.0569235212229082
AM,2022-12-28T00:00:00Z,1.058382534890356
AM,2022-12-29T00:00:00Z,1.0612432115479848
AM,2022-12-30T00:00:00Z,1.0650458884069993
AM,2022-12-31T00:00:00Z,1.0664402374590003
AM,2023-01-01T00:00:00Z,1.0663718357173244
AM,2023-01-02T00:00:00Z,1.0665943988013036
AM,2023-01-03T00:00:00Z,1.0683021067126657
AM,2023-01-04T00:00:00Z,1.0684373375650846
AM,2023-01-05T00:00:00Z,1.0672126816235405
AM,2023-01-06T00:00:00Z,1.058808615725568
AM,2023-01-07T00:00:00Z,1.0427420549949478
AM,2023-01-08T00:00:00Z,1.034106512274905
AM,2023-01-09T00:00:00Z,1.0373449097747771
AM,2023-01-10T00:00:00Z,1.0376687177239032
AM,2023-01-11T00:00:00Z,1.0365945650977315
AM,2023-01-12T00:00:00Z,1.035857755741501
AM,2023-01-13T00:00:00Z,1.035887666071877
AM,2023-01-14T00:00:00Z,1.0346384925625023
AM,2023-01-15T00:00:00Z,1.0276764709389101
AM,2023-01-16T00:00:00Z,1.0182358863673784
AM,2023-01-17T00:00:00Z,1.0131523709504544
AM,2023-01-18T00:00:00Z,1.0141610251548232
AM,2023-01-19T00:00:00Z,1.0142370438964694
AM,2023-01-20T00:00:00Z,1.015972203185624
AM,2023-01-21T00:00:00Z,1.0174035449247318
AM,2023-01-22T00:00:00Z,1.0173791759118889
AM,2023-01-23T00:00:00Z,1.0164605376711098
AM,2023-01-24T00:00:00Z,1.0119601852835338
AM,2023-01-25T00:00:00Z,0.9871972177747328
AM,2023-01-26T00:00:00Z,0.9393654606203139
AM,2023-01-27T00:00:00Z,0.882809516511111
AM,2023-01-28T00:00:00Z,0.827402766833756
AM,2023-01-29T00:00:00Z,0.7803825033404548
AM,2023-01-30T00:00:00Z,0.7400755408206299
AM,2023-01-31T00:00:00Z,0.6987273876200808
AM,2023-02-01T00:00:00Z,0.7687823997955614
AM,2023-02-02T00:00:00Z,0.7995918973738294
AM,2023-02-03T00:00:00Z,0.7953622609447561
AM,2023-02-04T00:00:00Z,0.769810394785579
AM,2023-02-05T00:00:00Z,0.7567683593408194
AM,2023-02-06T00:00:00Z,0.7436099975070547
AM,2023-02-07T00:00:00Z,0.7327018656347628
AM,2023-02-08T00:00:00Z,0.7253583191211983
AM,2023-02-09T00:00:00Z,0.7202382341854132
AM,2023-02-10T00:00:00Z,0.7144391238704384
AM,2023-02-11T00:00:00Z,0.702561214864953
AM,2023-02-12T00:00:00Z,0.6784928107009606
AM,2023-02-13T00:00:00Z,0.6251073235592716
AM,2023-02-14T00:00:00Z,0.5397312359609486
AM,2023-02-15T00:00:00Z,0.44179628898966883
AM,2023-02-16T00:00:00Z,0.34885677367154255
AM,2023-02-17T00:00:00Z,0.275942424293132
AM,2023-02-18T00:00:00Z,0.217209090733249
AM,2023-02-19T00:00:00Z,0.16922153734978918
AM,2023-02-20T00:00:00Z,0.13309391335207588
AM,2023-02-21T00:00:00Z,0.1101389148135481
AM,2023-02-22T00:00:00Z,0.11022368836581031
AM,2023-02-23T00:00:00Z,0.13674097985047062
AM,2023-02-24T00:00:00Z,0.17779866486208484
AM,2023-02-25T00:00:00Z,0.22023430084481876
AM,2023-02-26T00:00:00Z,0.2602317440011318
AM,2023-02-27T00:00:00Z,0.3044008345541186
AM,2023-02-28T00:00:00Z,0.35216310329974765
AM,2023-03-01T00:00:00Z,0.39803763168363027
AM,2023-03-02T00:00:00Z,0.4401648596664043
AM,2023-03-03T00:00:00Z,0.47873262607831946
AM,2023-03-04T00:00:00Z,0.5154955758198952
AM,2023-03-05T00:00:00Z,0.5515381684007712
AM,2023-03-06T00:00:00Z,0.5843465789899546
AM,2023-03-07T00:00:00Z,0.6133142121710052
AM,2023-03-08T00:00:00Z,0.6424701312727771
AM,2023-03-09T00:00:00Z,0.6713843606436078
AM,2023-03-10T00:00:00Z,0.6947248065915981
AM,2023-03-11T00:00:00Z,0.712521246985113
AM,2023-03-12T00:00:00Z,0.7182665186665722
AM,2023-03-13T00:00:00Z,0.7186903190285299
AM,2023-03-14T00:00:00Z,0.7184027986110353
AM,2023-03-15T00:00:00Z,0.7078220522261931
AM,2023-03-16T00:00:00Z,0.698834010023041
AM,2023-03-17T00:00:00Z,0.7076103784201873
AM,2023-03-18T00:00:00Z,0.7086541922168998
AM,2023-03-19T00:00:00Z,0.7067259708553395
AM,2023-03-20T00:00:00Z,0.6945159142867191
AM,2023-03-21T00:00:00Z,0.6826755855779858
AM,2023-03-22T00:00:00Z,0.6855733370233481
AM,2023-03-23T00:00:00Z,0.6967558022288115
AM,2023-03-24T00:00:00Z,0.7040469822144432
AM,2023-03-25T00:00:00Z,0.7158425445653742
AM,2023-03-26T00:00:00Z,0.7370982629412809
AM,2023-03-27T00:00:00Z,0.7578967123922884
AM,2023-03-28T00:00:00Z,0.7618799935416538
AM,2023-03-29T00:00:00Z,0.7596422647115738
AM,2023-03-30T00:00:00Z,0.7439893844984711
AM,2023-03-31T00:00:00Z,0.725038864878747
AM,2023-04-01T00:00:00Z,0.7120290345606657
AM,2023-04-02T00:00:00Z,0.7160582440446582
AM,2023-04-03T00:00:00Z,0.7322156066310457
AM,2023-04-04T00:00:00Z,0.7496586726816492
AM,2023-04-05T00:00:00Z,0.7645432343789362
AM,2023-04-06T00:00:00Z,0.7799528660628703
AM,2023-04-07T00:00:00Z,0.7958794105221915
AM,2023-04-08T00:00:00Z,0.8074289542658155
AM,2023-04-09T00:00:00Z,0.814267227320494
AM,2023-04-10T00:00:00Z,0.8187242146379679
AM,2023-04-11T00:00:00Z,0.824825707403525
AM,2023-04-12T00:00:00Z,0.8339861874247242
AM,2023-04-13T00:00:00Z,0.8467145619687562
AM,2023-04-14T00:00:00Z,0.8634147805831347
AM,2023-04-15T00:00:00Z,0.8792581033494309
AM,2023-04-16T00:00:00Z,0.8917873641589285
AM,2023-04-17T00:00:00Z,0.9015332102674658
AM,2023-04-18T00:00:00Z,0.9079177353469393
AM,2023-04-19T00:00:00Z,0.916080855403927
AM,2023-04-20T00:00:00Z,0.93070299030814
AM,2023-04-21T00:00:00Z,0.9478011825433679
AM,2023-04-22T00:00:00Z,0.9656702212793072
AM,2023-04-23T00:00:00Z,0.985056319650971
AM,2023-04-24T00:00:00Z,1.0017251606568098
AM,2023-04-25T00:00:00Z,1.01326969987322
AM,2023-04-26T00:00:00Z,1.0206320347913191
AM,2023-04-27T00:00:00Z,1.0248516526220766
AM,2023-04-28T00:00:00Z,1.0284473784986634
AM,2023-04-29T00:00:00Z,1.0290733379863781
AM,2023-04-30T00:00:00Z,1.0281941067441296
AM,2023-05-01T00:00:00Z,1.0256319600930899
AM,2023-05-02T00:00:00Z,1.0228448652251347
AM,2023-05-03T00:00:00Z,1.0269513105016075
AM,2023-05-04T00:00:00Z,1.0462485172415605
AM,2023-05-05T00:00:00Z,1.0556512134431606
AM,2023-05-06T00:00:00Z,1.0600510939631582
AM,2023-05-07T00:00:00Z,1.0601284322220204
AM,2023-05-08T00:00:00Z,1.062739277802121
AM,2023-05-09T00:00:00Z,1.071183308583696
AM,2023-05-10T00:00:00Z,1.0746289669341664
AM,2023-05-11T00:00:00Z,1.0767558432068605
AM,2023-05-12T00:00:00Z,1.0775645874435364
AM,2023-05-13T00:00:00Z,1.0775828441398385
AM,2023-05-14T00:00:00Z,1.0774790496240014
AM,2023-05-15T00:00:00Z,1.078117744856457
AM,2023-05-16T00:00:00Z,1.079599616460309
AM,2023-05-17T00:00:00Z,1.0797580276939154
AM,2023-05-18T00:00:00Z,1.0774841796942065
AM,2023-05-19T00:00:00Z,1.0730212143084676
AM,2023-05-20T00:00:00Z,1.0684287456891535
AM,2023-05-21T00:00:00Z,1.0572310112335779
AM,2023-05-22T00:00:00Z,1.0473989817175673
AM,2023-05-23T00:00:00Z,1.0468933803828036
AM,2023-05-24T00:00:00Z,1.04139463828047
AM,2023-05-25T00:00:00Z,1.0187077094443038
AM,2023-05-26T00:00:00Z,0.9987621422299096
AM,2023-05-27T00:00:00Z,0.9924327229109682
AM,2023-05-28T00:00:00Z,0.9896710850694972
AM,2023-05-29T00:00:00Z,0.9959649935536217
AM,2023-05-30T00:00:00Z,1.0067666856159594
AM,2023-05-31T00:00:00Z,1.0193458091864902
AM,2023-06-01T00:00:00Z,1.0323261915366906
AM,2023-06-02T00:00:00Z,1.0421013902160934
AM,2023-06-03T00:00:00Z,1.0473242589220086
AM,2023-06-04T00:00:00Z,1.0521409029217188
AM,2023-06-05T00:00:00Z,1.0593162593318217
AM,2023-06-06T00:00:00Z,1.0680874938979819
AM,2023-06-07T00:00:00Z,1.07299605712792
AM,2023-06-08T00:00:00Z,1.0738819768806338
AM,2023-06-09T00:00:00Z,1.073699335402408
AM,2023-06-10T00:00:00Z,1.0710938301588466
AM,2023-06-11T00:00:00Z,1.0682902933899872
AM,2023-06-12T00:00:00Z,1.0681030912220368
AM,2023-06-13T00:00:00Z,1.0688596385074738
AM,2023-06-14T00:00:00Z,1.068882658838881
AM,2023-06-15T00:00:00Z,1.071275075292158
AM,2023-06-16T00:00:00Z,1.0693946953946958
AM,2023-06-17T00:00:00Z,1.0311252712440104
AM,2023-06-18T00:00:00Z,0.9118700002650693
AM,2023-06-19T00:00:00Z,0.8079903310783374
AM,2023-06-20T00:00:00Z,0.756065489556091
AM,2023-06-21T00:00:00Z,0.7341628555052921
AM,2023-06-22T00:00:00Z,0.7123705425801425
AM,2023-06-23T00:00:00Z,0.6698704122206145
AM,2023-06-24T00:00:00Z,0.5938974020754849
AM,2023-06-25T00:00:00Z,0.49998944899845676
AM,2023-06-26T00:00:00Z,0.4173233102912117
AM,2023-06-27T00:00:00Z,0.3602407610629824
AM,2023-06-28T00:00:00Z,0.3329257754491277
AM,2023-06-29T00:00:00Z,0.34583920057891215
AM,2023-06-30T00:00:00Z,0.363923325837883
AM,2023-07-01T00:00:00Z,0.3808962541532761
AM,2023-07-02T00:00:00Z,0.39732101580804324
AM,2023-07-03T00:00:00Z,0.41853500909319186
AM,2023-07-04T00:00:00Z,0.44874823135518316
AM,2023-07-05T00:00:00Z,0.48442141401211414
AM,2023-07-06T00:00:00Z,0.5225503116554588
AM,2023-07-07T00:00:00Z,0.5622362131111555
AM,2023-07-08T00:00:00Z,0.6097523459447581
AM,2023-07-09T00:00:00Z,0.6596791624755334
AM,2023-07-10T00:00:00Z,0.7041953327309489
AM,2023-07-11T00:00:00Z,0.7407340841815884
AM,2023-07-12T00:00:00Z,0.7673434485691761
AM,2023-07-13T00:00:00Z,0.7908954023315601
AM,2023-07-14T00:00:00Z,0.8119868901976495
AM,2023-07-15T00:00:00Z,0.8290244258729365
AM,2023-07-16T00:00:00Z,0.8376857355570175
AM,2023-07-17T00:00:00Z,0.8426997672522751
AM,2023-07-18T00:00:00Z,0.8546983276726825
AM,2023-07-19T00:00:00Z,0.8745842922768055
AM,2023-07-20T00:00:00Z,0.8941295093182888
AM,2023-07-21T00:00:00Z,0.904753771454597
AM,2023-07-22T00:00:00Z,0.9077469646480167
AM,2023-07-23T00:00:00Z,0.9077520250478059
AM,2023-07-24T00:00:00Z,0.9046036100339874
AM,2023-07-25T00:00:00Z,0.89680910577874
AM,2023-07-26T00:00:00Z,0.8862844044643174
AM,2023-07-27T00:00:00Z,0.8942445913843156
AM,2023-07-28T00:00:00Z,0.9078001441352369
AM,2023-07-29T00:00:00Z,0.9178274329500661
AM,2023-07-30T00:00:00Z,0.9191846104951225
AM,2023-07-31T00:00:00Z,0.9161998928434381
AM,2023-08-01T00:00:00Z,0.899873247489054
AM,2023-08-02T00:00:00Z,0.8784705979329712
AM,2023-08-03T00:00:00Z,0.8639230631695236
AM,2023-08-04T00:00:00Z,0.8543078851588279
AM,2023-08-05T00:00:00Z,0.848520190417962
AM,2023-08-06T00:00:00Z,0.8476645619526366
AM,2023-08-07T00:00:00Z,0.8349947379871789
AM,2023-08-08T00:00:00Z,0.8094603644844092
AM,2023-08-09T00:00:00Z,0.8011408044190064
AM,2023-08-10T00:00:00Z,0.8105924452083226
AM,2023-08-11T00:00:00Z,0.8297820709758243
AM,2023-08-12T00:00:00Z,0.8541129199567903
AM,2023-08-13T00:00:00Z,0.8775457102698885
AM,2023-08-14T00:00:00Z,0.8987022083764578
AM,2023-08-15T00:00:00Z,0.9148158642387685
AM,2023-08-16T00:00:00Z,0.9175316984964819
AM,2023-08-17T00:00:00Z,0.91487812020221
AM,2023-08-18T00:00:00Z,0.8998011662332878
AM,2023-08-19T00:00:00Z,0.8870744518378356
AM,2023-08-20T00:00:00Z,0.8893022133778098
AM,2023-08-21T00:00:00Z,0.9000378602614647
AM,2023-08-22T00:00:00Z,0.9126424944782268
AM,2023-08-23T00:00:00Z,0.9302170502530893
AM,2023-08-24T00:00:00Z,0.9513229372864129
AM,2023-08-25T00:00:00Z,0.9686692194916307
AM,2023-08-26T00:00:00Z,0.9795865808276535
AM,2023-08-27T00:00:00Z,0.9843905023796793
AM,2023-08-28T00:00:00Z,0.9889380178789953
AM,2023-08-29T00:00:00Z,0.9910447806021199
AM,2023-08-30T00:00:00Z,0.9918085663792169
AM,2023-08-31T00:00:00Z,0.9754705977353647
AM,2023-09-01T00:00:00Z,0.8934558725413693
AM,2023-09-02T00:00:00Z,0.7619934298062615
AM,2023-09-03T00:00:00Z,0.6464670874940225
AM,2023-09-04T00:00:00Z,0.5649000083005753
AM,2023-09-05T00:00:00Z,0.5163858505414196
AM,2023-09-06T00:00:00Z,0.5006083515645592
AM,2023-09-07T00:00:00Z,0.5162718567970966
AM,2023-09-08T00:00:00Z,0.5321397615570033
AM,2023-09-09T00:00:00Z,0.5367463397267807
AM,2023-09-10T00:00:00Z,0.5455381306343368
AM,2023-09-11T00:00:00Z,0.5659633833438618
AM,2023-09-12T00:00:00Z,0.5901952260316204
AM,2023-09-13T00:00:00Z,0.6214090794895272
AM,2023-09-14T00:00:00Z,0.6562491192770692
AM,2023-09-15T00:00:00Z,0.6887301114800067
AM,2023-09-16T00:00:00Z,0.7147856202199625
AM,2023-09-17T00:00:00Z,0.7363420304590242
AM,2023-09-18T00:00:00Z,0.7561713826601613
AM,2023-09-19T00:00:00Z,0.7726596496110087
AM,2023-09-20T00:00:00Z,0.7848977945341618
AM,2023-09-21T00:00:00Z,0.7985209837905276
AM,2023-09-22T00:00:00Z,0.8130898490258351
AM,2023-09-23T00:00:00Z,0.8251692637873504
AM,2023-09-24T00:00:00Z,0.8367697786910391
AM,2023-09-25T00:00:00Z,0.850203916961924
AM,2023-09-26T00:00:00Z,0.8549489872205189
AM,2023-09-27T00:00:00Z,0.8532698261749557
AM,2023-09-28T00:00:00Z,0.8333204294318532
AM,2023-09-29T00:00:00Z,0.8097724467074932
AM,2023-09-30T00:00:00Z,0.8005929695662013
AM,2023-10-01T00:00:00Z,0.8196177839609462
AM,2023-10-02T00:00:00Z,0.8659333117633301
AM,2023-10-03T00:00:00Z,0.8926440864956242
AM,2023-10-04T00:00:00Z,0.8989113251001208
AM,2023-10-05T00:00:00Z,0.9068585482723759
AM,2023-10-06T00:00:00Z,0.9143025335977669
AM,2023-10-07T00:00:00Z,0.922057871642415
AM,2023-10-08T00:00:00Z,0.9301961944053736
AM,2023-10-09T00:00:00Z,0.9386751681194319
AM,2023-10-10T00:00:00Z,0.9475141199705521
AM,2023-10-11T00:00:00Z,0.9484786004472712
AM,2023-10-12T00:00:00Z,0.9473193322988499
AM,2023-10-13T00:00:00Z,0.9396493121868152
AM,2023-10-14T00:00:00Z,0.9106527232424111
AM,2023-10-15T00:00:00Z,0.8661413744426979
AM,2023-10-16T00:00:00Z,0.837991305638006
AM,2023-10-17T00:00:00Z,0.825622853826764
AM,2023-10-18T00:00:00Z,0.830818312106739
AM,2023-10-19T00:00:00Z,0.8356967065395727
AM,2023-10-20T00:00:00Z,0.838585961437391
AM,2023-10-21T00:00:00Z,0.8430716266869117
AM,2023-10-22T00:00:00Z,0.848940019439426
AM,2023-10-23T00:00:00Z,0.8561800451912278
AM,2023-10-24T00:00:00Z,0.8656517740808168
AM,2023-10-25T00:00:00Z,0.8754595956454939
AM,2023-10-26T00:00:00Z,0.885651836174498
AM,2023-10-27T00:00:00Z,0.8969331678006205
AM,2023-10-28T00:00:00Z,0.9083999891052912
AM,2023-10-29T00:00:00Z,0.9193905696829552
AM,2023-10-30T00:00:00Z,0.9289229479953254
AM,2023-10-31T00:00:00Z,0.9382479014362244
AM,2023-11-01T00:00:00Z,0.9491050492678403
AM,2023-11-02T00:00:00Z,0.9563943127331224
AM,2023-11-03T00:00:00Z,0.9567104821511945
AM,2023-11-04T00:00:00Z,0.9601643221176347
AM,2023-11-05T00:00:00Z,0.9660493404589918
AM,2023-11-06T00:00:00Z,0.9724822398031037
AM,2023-11-07T00:00:00Z,0.9797844788941852
AM,2023-11-08T00:00:00Z,0.9872963637109519
AM,2023-11-09T00:00:00Z,0.9963205923882211
AM,2023-11-10T00:00:00Z,1.0068988755577966
AM,2023-11-11T00:00:00Z,1.0160057356107808
AM,2023-11-12T00:00:00Z,1.0202848182690465
AM,2023-11-13T00:00:00Z,1.0243774763900557
AM,2023-11-14T00:00:00Z,1.0310232106763006
AM,2023-11-15T00:00:00Z,1.0337337729112608
AM,2023-11-16T00:00:00Z,1.0330767937280638
AM,2023-11-17T00:00:00Z,1.027670743800128
AM,2023-11-18T00:00:00Z,1.0283779261725372
AM,2023-11-19T00:00:00Z,1.0293318300414345
AM,2023-11-20T00:00:00Z,1.03014705540782
AM,2023-11-21T00:00:00Z,1.0307991913024175
AM,2023-11-22T00:00:00Z,1.0311047099065624
AM,2023-11-23T00:00:00Z,1.0311744358177393
AM,2023-11-24T00:00:00Z,1.0320598996202084
AM,2023-11-25T00:00:00Z,1.0320792418725877
AM,2023-11-26T00:00:00Z,1.0306684260754038
AM,2023-11-27T00:00:00Z,1.0307456174233622
AM,2023-11-28T00:00:00Z,1.0301269068122547
AM,2023-11-29T00:00:00Z,1.0251461798234565
AM,2023-11-30T00:00:00Z,1.0186748213714232
AM,2023-12-01T00:00:00Z,1.017593232867547
AM,2023-12-02T00:00:00Z,1.014525113718958
AM,2023-12-03T00:00:00Z,1.002555030940834
AM,2023-12-04T00:00:00Z,0.9527487918809292
AM,2023-12-05T00:00:00Z,0.8582712594493416
AM,2023-12-06T00:00:00Z,0.7809561697942166
AM,2023-12-07T00:00:00Z,0.746578545514677
AM,2023-12-08T00:00:00Z,0.7460559676912135
AM,2023-12-09T00:00:00Z,0.7556486532682256
AM,2023-12-10T00:00:00Z,0.7611317199697611
AM,2023-12-11T00:00:00Z,0.7611399142669175
AM,2023-12-12T00:00:00Z,0.748401652609482
AM,2023-12-13T00:00:00Z,0.7152635684191084
AM,2023-12-14T00:00:00Z,0.6867571331877378
AM,2023-12-15T00:00:00Z,0.6716940050398869
AM,2023-12-16T00:00:00Z,0.6637516090935986
AM,2023-12-17T00:00:00Z,0.6533073421673464
AM,2023-12-18T00:00:00Z,0.5943756822622949
AM,2023-12-19T00:00:00Z,0.44672094861471867
AM,2023-12-20T00:00:00Z,0.2939017451683458
AM,2023-12-21T00:00:00Z,0.19481924774258486
AM,2023-12-22T00:00:00Z,0.13284302810904425
AM,2023-12-23T00:00:00Z,0.09978048927983862
AM,2023-12-24T00:00:00Z,0.08630632073451294
AM,2023-12-25T00:00:00Z,0.08205705639652683
AM,2023-12-26T00:00:00Z,0.08451396995684379
AM,2023-12-27T00:00:00Z,0.08920456599725335
AM,2023-12-28T00:00:00Z,0.09762993713610557
AM,2023-12-29T00:00:00Z,0.110856980214173
AM,2023-12-30T00:00:00Z,0.12744613496944313
AM,2023-12-31T00:00:00Z,0.1452016302132617
AM,2024-01-01T00:00:00Z,0.16232519887433905
AM,2024-01-02T00:00:00Z,0.18017360463098608
AM,2024-01-03T00:00:00Z,0.19793521313767037
AM,2024-01-04T00:00:00Z,0.21774993194573622
AM,2024-01-05T00:00:00Z,0.23211348553989908
AM,2024-01-06T00:00:00Z,0.2371129592137151
AM,2024-01-07T00:00:00Z,0.23714583828089508
AM,2024-01-08T00:00:00Z,0.2332973852909117
AM,2024-01-09T00:00:00Z,0.22144910331294498
AM,2024-01-10T00:00:00Z,0.20800929609058294
AM,2024-01-11T00:00:00Z,0.1857524018572605
AM,2024-01-12T00:00:00Z,0.15047584848395412
AM,2024-01-13T00:00:00Z,0.11886095104360206
AM,2024-01-14T00:00:00Z,0.09787789628468291
AM,2024-01-15T00:00:00Z,0.08164747929011362
AM,2024-01-16T00:00:00Z,0.0657268993843334
AM,2024-01-17T00:00:00Z,0.052627805120718074
AM,2024-01-18T00:00:00Z,0.04065556409877691
AM,2024-01-19T00:00:00Z,0.029568255587714365
AM,2024-01-20T00:00:00Z,0.03588345518123215
AM,2024-01-21T00:00:00Z,0.05325580331054103
AM,2024-01-22T00:00:00Z,0.07492640741036749
AM,2024-01-23T00:00:00Z,0.0985497013900345
AM,2024-01-24T00:00:00Z,0.12239573812922222
AM,2024-01-25T00:00:00Z,0.14255763931241527
AM,2024-01-26T00:00:00Z,0.15978960409489473
AM,2024-01-27T00:00:00Z,0.1763039746290178
AM,2024-01-28T00:00:00Z,0.19312067412857492
AM,2024-01-29T00:00:00Z,0.21336105613035705
AM,2024-01-30T00:00:00Z,0.23663784630625329
AM,2024-01-31T00:00:00Z,0.2613575177299696
AM,2024-02-01T00:00:00Z,0.2866478897997926
AM,2024-02-02T00:00:00Z,0.3117112227007742
AM,2024-02-03T00:00:00Z,0.33532198294787263
AM,2024-02-04T00:00:00Z,0.35815844974303146
AM,2024-02-05T00:00:00Z,0.37609664676150645
AM,2024-02-06T00:00:00Z,0.3863017278584251
AM,2024-02-07T00:00:00Z,0.393605524700007
AM,2024-02-08T00:00:00Z,0.3988659506015685
AM,2024-02-09T00:00:00Z,0.4008108330346093
AM,2024-02-10T00:00:00Z,0.400814479791347
AM,2024-02-11T00:00:00Z,0.4005828816009568
AM,2024-02-12T00:00:00Z,0.3997554884637923
AM,2024-02-13T00:00:00Z,0.4032296290391325
AM,2024-02-14T00:00:00Z,0.4063570040258151
AM,2024-02-15T00:00:00Z,0.4119875981098605
AM,2024-02-16T00:00:00Z,0.4173640292127295
AM,2024-02-17T00:00:00Z,0.41775883490880394
AM,2024-02-18T00:00:00Z,0.41623055550004384
AM,2024-02-19T00:00:00Z,0.40849982470856305
AM,2024-02-20T00:00:00Z,0.3926021581289115
AM,2024-02-21T00:00:00Z,0.3706576844212681
AM,2024-02-22T00:00:00Z,0.3471878191848924
AM,2024-02-23T00:00:00Z,0.32300238209015053
AM,2024-02-24T00:00:00Z,0.30560838262551215
AM,2024-02-25T00:00:00Z,0.313032038151027
AM,2024-02-26T00:00:00Z,0.32472291067381887
AM,2024-02-27T00:00:00Z,0.33829910960124765
AM,2024-02-28T00:00:00Z,0.3624127549262093
AM,2024-02-29T00:00:00Z,0.39895699966922304
AM,2024-03-01T00:00:00Z,0.4396093917709416
AM,2024-03-02T00:00:00Z,0.4775688306922583
AM,2024-03-03T00:00:00Z,0.507504973764264
AM,2024-03-04T00:00:00Z,0.5231716377840817
AM,2024-03-05T00:00:00Z,0.5287034675597471
AM,2024-03-06T00:00:00Z,0.5291592837093321
AM,2024-03-07T00:00:00Z,0.5255538195737025
AM,2024-03-08T00:00:00Z,0.5136232011335998
AM,2024-03-09T00:00:00Z,0.5045790371384797
AM,2024-03-10T00:00:00Z,0.49506110147159277
AM,2024-03-11T00:00:00Z,0.4580531784934534
AM,2024-03-12T00:00:00Z,0.4029376665643849
AM,2024-03-13T00:00:00Z,0.35399056894718994
AM,2024-03-14T00:00:00Z,0.30952701503786895
AM,2024-03-15T00:00:00Z,0.27301440326389126
AM,2024-03-16T00:00:00Z,0.24586782051114897
AM,2024-03-17T00:00:00Z,0.22687772153162422
AM,2024-03-18T00:00:00Z,0.2144532241766478
AM,2024-03-19T00:00:00Z,0.20948634185610016
AM,2024-03-20T00:00:00Z,0.21327366323388908
AM,2024-03-21T00:00:00Z,0.22422586469242378
AM,2024-03-22T00:00:00Z,0.23261610877858718
AM,2024-03-23T00:00:00Z,0.23327714357518592
AM,2024-03-24T00:00:00Z,0.2313776240973383
AM,2024-03-25T00:00:00Z,0.22302051998561956
AM,2024-03-26T00:00:00Z,0.21276322402194703
AM,2024-03-27T00:00:00Z,0.2044431692734826
AM,2024-03-28T00:00:00Z,0.19395413064644673
AM,2024-03-29T00:00:00Z,0.17583772543095133
AM,2024-03-30T00:00:00Z,0.1428377255921891
AM,2024-03-31T00:00:00Z,0.10528552394811008
AM,2024-04-01T00:00:00Z,0.06979306708586575
AM,2024-04-02T00:00:00Z,0.036338882507580994
AM,2024-04-03T00:00:00Z,0.002136737045275394
AM,2024-04-04T00:00:00Z,-0.034252753219604415
AM,2024-04-05T00:00:00Z,-0.06637934894758057
AM,2024-04-06T00:00:00Z,-0.09065623188588812
AM,2024-04-07T00:00:00Z,-0.09125493195561996
AM,2024-04-08T00:00:00Z,-0.06748763858652529
AM,2024-04-09T00:00:00Z,-0.0413602420567043
AM,2024-04-10T00:00:00Z,-0.02763342503288313
AM,2024-04-11T00:00:00Z,-0.028002109947685705
AM,2024-04-12T00:00:00Z,-0.07194582781133763
AM,2024-04-13T00:00:00Z,-0.18704778286993418
AM,2024-04-14T00:00:00Z,-0.3295871903548149
AM,2024-04-15T00:00:00Z,-0.4609067579850876
AM,2024-04-16T00:00:00Z,-0.5627874513377351
AM,2024-04-17T00:00:00Z,-0.6361217379887718
AM,2024-04-18T00:00:00Z,-0.6989799335435976
AM,2024-04-19T00:00:00Z,-0.7562072442075098
AM,2024-04-20T00:00:00Z,-0.8021243662358064
AM,2024-04-21T00:00:00Z,-0.8328511820873221
AM,2024-04-22T00:00:00Z,-0.837477921427505
AM,2024-04-23T00:00:00Z,-0.7935951678785775
AM,2024-04-24T00:00:00Z,-0.7265045331102933
AM,2024-04-25T00:00:00Z,-0.6542499510629376
AM,2024-04-26T00:00:00Z,-0.5827213536289668
AM,2024-04-27T00:00:00Z,-0.5056794803095064
AM,2024-04-28T00:00:00Z,-0.4214894990896665
AM,2024-04-29T00:00:00Z,-0.33672903964173684
AM,2024-04-30T00:00:00Z,-0.25672687714827
AM,2024-05-01T00:00:00Z,-0.18128869667917824
AM,2024-05-02T00:00:00Z,-0.10884226378511697
AM,2024-05-03T00:00:00Z,-0.042821664053842357
AM,2024-05-04T00:00:00Z,0.013037552530648089
AM,2024-05-05T00:00:00Z,0.06397105782492485
AM,2024-05-06T00:00:00Z,0.11166126677923716
AM,2024-05-07T00:00:00Z,0.15127817032807256
AM,2024-05-08T00:00:00Z,0.17991282397823105
AM,2024-05-09T00:00:00Z,0.20299907671569617
AM,2024-05-10T00:00:00Z,0.22297823516169557
AM,2024-05-11T00:00:00Z,0.238799923481124
AM,2024-05-12T00:00:00Z,0.252789884613592
AM,2024-05-13T00:00:00Z,0.25774994249878347
AM,2024-05-14T00:00:00Z,0.25731189303533164
AM,2024-05-15T00:00:00Z,0.23903717270865543
AM,2024-05-16T00:00:00Z,0.1950655108430811
AM,2024-05-17T00:00:00Z,0.13850530090711355
AM,2024-05-18T00:00:00Z,0.07926940868719234
AM,2024-05-19T00:00:00Z,0.017480904268914577
AM,2024-05-20T00:00:00Z,-0.047983595818550606
AM,2024-05-21T00:00:00Z,-0.11142388780294255
AM,2024-05-22T00:00:00Z,-0.16974821661005413
AM,2024-05-23T00:00:00Z,-0.23402439747766057
AM,2024-05-24T00:00:00Z,-0.30520978804708965
AM,2024-05-25T00:00:00Z,-0.3704248442172664
AM,2024-05-26T00:00:00Z,-0.4190549979801297
AM,2024-05-27T00:00:00Z,-0.44343009599283456
AM,2024-05-28T00:00:00Z,-0.4208132069855546
AM,2024-05-29T00:00:00Z,-0.38163533883892087
AM,2024-05-30T00:00:00Z,-0.33185389870718063
AM,2024-05-31T00:00:00Z,-0.28265305044019917
AM,2024-06-01T00:00:00Z,-0.24344412432981377
AM,2024-06-02T00:00:00Z,-0.21292119843517643
AM,2024-06-03T00:00:00Z,-0.18161528025579576
AM,2024-06-04T00:00:00Z,-0.14322906926730106
AM,2024-06-05T00:00:00Z,-0.09731487462572863
AM,2024-06-06T00:00:00Z,-0.046521093494546806
AM,2024-06-07T00:00:00Z,0.003404286904455711
AM,2024-06-08T00:00:00Z,0.05251181032005903
AM,2024-06-09T00:00:00Z,0.10593320880160317
AM,2024-06-10T00:00:00Z,0.16454785109202597
AM,2024-06-11T00:00:00Z,0.22533567968746493
AM,2024-06-12T00:00:00Z,0.28799734204098115
AM,2024-06-13T00:00:00Z,0.3488515908143941
AM,2024-06-14T00:00:00Z,0.4078426651929582
AM,2024-06-15T00:00:00Z,0.4653554334793242
AM,2024-06-16T00:00:00Z,0.5135401740999812
AM,2024-06-17T00:00:00Z,0.5555253553780639
AM,2024-06-18T00:00:00Z,0.593297588867353
AM,2024-06-19T00:00:00Z,0.627347631461141
AM,2024-06-20T00:00:00Z,0.6607473717811819
AM,2024-06-21T00:00:00Z,0.6896729978935325
AM,2024-06-22T00:00:00Z,0.7144190619597268
AM,2024-06-23T00:00:00Z,0.7368752463611467
AM,2024-06-24T00:00:00Z,0.7577379582096593
AM,2024-06-25T00:00:00Z,0.7802575568482863
AM,2024-06-26T00:00:00Z,0.8009051504339955
AM,2024-06-27T00:00:00Z,0.8147197117958818
AM,2024-06-28T00:00:00Z,0.8274932090901852
AM,2024-06-29T00:00:00Z,0.8408776020591219
AM,2024-06-30T00:00:00Z,0.8485198008661603
AM,2024-07-01T00:00:00Z,0.8555084239157538
AM,2024-07-02T00:00:00Z,0.8577930411350643
AM,2024-07-03T00:00:00Z,0.8563304394086443
AM,2024-07-04T00:00:00Z,0.8398901977605071
AM,2024-07-05T00:00:00Z,0.8050221937700406
AM,2024-07-06T00:00:00Z,0.7579515038774318
AM,2024-07-07T00:00:00Z,0.7202980686580225
AM,2024-07-08T00:00:00Z,0.7146308931013424
AM,2024-07-09T00:00:00Z,0.7181654162066686
AM,2024-07-10T00:00:00Z,0.718066893754594
AM,2024-07-11T00:00:00Z,0.7159572398349298
AM,2024-07-12T00:00:00Z,0.7095230208827515
AM,2024-07-13T00:00:00Z,0.6950620240419336
AM,2024-07-14T00:00:00Z,0.6725272822636367
AM,2024-07-15T00:00:00Z,0.6510761390501278
AM,2024-07-16T00:00:00Z,0.648133578767685
AM,2024-07-17T00:00:00Z,0.6720894530352983
AM,2024-07-18T00:00:00Z,0.7066313953348653
AM,2024-07-19T00:00:00Z,0.7317656173304239
AM,2024-07-20T00:00:00Z,-Inf
AM,2024-07-21T00:00:00Z,-Inf
AM,2024-07-22T00:00:00Z,-Inf
AM,2024-07-23T00:00:00Z,0.7443223263322889
AM,2024-07-24T00:00:00Z,0.7695430914557555
AM,2024-07-25T00:00:00Z,0.7785386959333573
AM,2024-07-26T00:00:00Z,0.7781028808485922
AM,2024-07-27T00:00:00Z,0.7638303423715413
AM,2024-07-28T00:00:00Z,0.7403838639017708
AM,2024-07-29T00:00:00Z,0.6599079591034185
AM,2024-07-30T00:00:00Z,0.5750923611893329
AM,2024-07-31T00:00:00Z,0.5646843044079753
AM,2024-08-01T00:00:00Z,0.5701351093543767
AM,2024-08-02T00:00:00Z,0.5690953608293614
AM,2024-08-03T00:00:00Z,0.5513226283413684
AM,2024-08-04T00:00:00Z,0.5604841926275019
AM,2024-08-05T00:00:00Z,0.5503678702656365
AM,2024-08-06T00:00:00Z,0.42175590662113716
AM,2024-08-07T00:00:00Z,0.1653848959615385
AM,2024-08-08T00:00:00Z,0.02364404430446032
AM,2024-08-09T00:00:00Z,0.01124674582117291
AM,2024-08-10T00:00:00Z,0.04097834857615479
AM,2024-08-11T00:00:00Z,0.07946113718593062
AM,2024-08-12T00:00:00Z,0.12072530409240234
AM,2024-08-13T00:00:00Z,0.1755672473932932
AM,2024-08-14T00:00:00Z,0.25006628354594274
AM,2024-08-15T00:00:00Z,0.33099164120663493
AM,2024-08-16T00:00:00Z,0.4045366653752127
AM,2024-08-17T00:00:00Z,0.4676385020955035
AM,2024-08-18T00:00:00Z,0.5144568484242434
AM,2024-08-19T00:00:00Z,0.5475432528499141
AM,2024-08-20T00:00:00Z,0.5762920820583128
AM,2024-08-21T00:00:00Z,0.6008188111375079
AM,2024-08-22T00:00:00Z,0.6202449908323292
AM,2024-08-23T00:00:00Z,0.637191347553127
AM,2024-08-24T00:00:00Z,0.6532783628865808
AM,2024-08-25T00:00:00Z,0.6740877764633444
AM,2024-08-26T00:00:00Z,0.6992596028541167
AM,2024-08-27T00:00:00Z,0.7157317829912784
AM,2024-08-28T00:00:00Z,0.7254280315086546
AM,2024-08-29T00:00:00Z,0.7385083808457715
AM,2024-08-30T00:00:00Z,0.755221428923976
AM,2024-08-31T00:00:00Z,0.7720973523297574
AM,2024-09-01T00:00:00Z,0.7875194798875711
AM,2024-09-02T00:00:00Z,0.8027823598412247
AM,2024-09-03T00:00:00Z,0.8171282986793011
AM,2024-09-04T00:00:00Z,0.831069747309877
AM,2024-09-05T00:00:00Z,0.8457169371522989
AM,2024-09-06T00:00:00Z,0.8603301731234566
AM,2024-09-07T00:00:00Z,0.8734819600199073
AM,2024-09-08T00:00:00Z,0.885389616005045
AM,2024-09-09T00:00:00Z,0.895161983584033
AM,2024-09-10T00:00:00Z,0.9026867161665988
AM,2024-09-11T00:00:00Z,0.9051384872923895
AM,2024-09-12T00:00:00Z,0.9048220098296762
AM,2024-09-13T00:00:00Z,0.8976298801964605
AM,2024-09-14T00:00:00Z,0.8879624378185185
AM,2024-09-15T00:00:00Z,0.8751308744138915
AM,2024-09-16T00:00:00Z,0.8545189460767564
AM,2024-09-17T00:00:00Z,0.8333294857579331
AM,2024-09-18T00:00:00Z,0.8171812547930029
AM,2024-09-19T00:00:00Z,0.7991678725104576
AM,2024-09-20T00:00:00Z,0.7741524967154501
AM,2024-09-21T00:00:00Z,0.7578942118195792
AM,2024-09-22T00:00:00Z,0.7748122635287106
AM,2024-09-23T00:00:00Z,0.792857318042032
AM,2024-09-24T00:00:00Z,0.8059260708424674
AM,2024-09-25T00:00:00Z,0.816776927218698
AM,2024-09-26T00:00:00Z,0.8309093151622371
AM,2024-09-27T00:00:00Z,0.8313632630910739
AM,2024-09-28T00:00:00Z,0.8108828399464629
AM,2024-09-29T00:00:00Z,0.7389284483055847
AM,2024-09-30T00:00:00Z,0.6778602338151422
AM,2024-10-01T00:00:00Z,0.6387841176174306
AM,2024-10-02T00:00:00Z,0.5623798131173662
AM,2024-10-03T00:00:00Z,0.4326755357965577
AM,2024-10-04T00:00:00Z,0.29492682763095157
AM,2024-10-05T00:00:00Z,0.16369145739989466
GB,2022-04-01T00:00:00Z,-6.542329668105534
GB,2022-04-02T00:00:00Z,-4.947126001738756
GB,2022-04-03T00:00:00Z,-4.1421787362893845
GB,2022-04-04T00:00:00Z,-3.9775045727163345
GB,2022-04-05T00:00:00Z,-3.8659741681738815
GB,2022-04-06T00:00:00Z,-3.419699200153733
GB,2022-04-07T00:00:00Z,-2.6978822251565617
GB,2022-04-08T00:00:00Z,-1.9748375426584452
GB,2022-04-09T00:00:00Z,-1.3593407340946264
GB,2022-04-10T00:00:00Z,-0.7388337378835601
GB,2022-04-11T00:00:00Z,-0.046891384220312915
GB,2022-04-12T00:00:00Z,0.6226097219106528
GB,2022-04-13T00:00:00Z,1.1966021242381686
GB,2022-04-14T00:00:00Z,1.7279426683751105
GB,2022-04-15T00:00:00Z,2.1646925083960724
GB,2022-04-16T00:00:00Z,2.514079331865087
GB,2022-04-17T00:00:00Z,2.9268962052196805
GB,2022-04-18T00:00:00Z,3.262136911188616
GB,2022-04-19T00:00:00Z,3.3650438895580805
GB,2022-04-20T00:00:00Z,3.367510301945284
GB,2022-04-21T00:00:00Z,3.3731171907554938
GB,2022-04-22T00:00:00Z,3.3937757028339846
GB,2022-04-23T00:00:00Z,3.4678935142147758
GB,2022-04-24T00:00:00Z,3.681863329576043
GB,2022-04-25T00:00:00Z,3.972733571044497
GB,2022-04-26T00:00:00Z,4.187038622049812
GB,2022-04-27T00:00:00Z,4.354591282749016
GB,2022-04-28T00:00:00Z,4.4878382912890835
GB,2022-04-29T00:00:00Z,4.591543188315999
GB,2022-04-30T00:00:00Z,4.736697430768395
GB,2022-05-01T00:00:00Z,4.901427538615405
GB,2022-05-02T00:00:00Z,4.981432410934762
GB,2022-05-03T00:00:00Z,4.978126390134264
GB,2022-05-04T00:00:00Z,4.720230428902635
GB,2022-05-05T00:00:00Z,4.298317856420578
GB,2022-05-06T00:00:00Z,3.948458409117876
GB,2022-05-07T00:00:00Z,3.621593716156351
GB,2022-05-08T00:00:00Z,3.554941981516688
GB,2022-05-09T00:00:00Z,3.6676950803197066
GB,2022-05-10T00:00:00Z,3.842394317182716
GB,2022-05-11T00:00:00Z,4.170438565058081
GB,2022-05-12T00:00:00Z,4.565826982976024
GB,2022-05-13T00:00:00Z,4.91768716650682
GB,2022-05-14T00:00:00Z,5.233741487451777
GB,2022-05-15T00:00:00Z,5.525872397479109
GB,2022-05-16T00:00:00Z,5.664987256843634
GB,2022-05-17T00:00:00Z,5.747167776537324
GB,2022-05-18T00:00:00Z,5.85202967517419
GB,2022-05-19T00:00:00Z,5.956418164697872
GB,2022-05-20T00:00:00Z,6.113743810917601
GB,2022-05-21T00:00:00Z,6.228648889265642
GB,2022-05-22T00:00:00Z,6.2281657445109495
GB,2022-05-23T00:00:00Z,6.108690227818009
GB,2022-05-24T00:00:00Z,5.938833664383736
GB,2022-05-25T00:00:00Z,6.1291230130659
GB,2022-05-26T00:00:00Z,6.252676642067758
GB,2022-05-27T00:00:00Z,6.354282937504486
GB,2022-05-28T00:00:00Z,6.504923723548401
GB,2022-05-29T00:00:00Z,6.658310978401111
GB,2022-05-30T00:00:00Z,6.809187422849092
GB,2022-05-31T00:00:00Z,6.846389155271961
GB,2022-06-29T00:00:00Z,8.205391072074708
GB,2022-06-30T00:00:00Z,8.193936669687822
GB,2022-07-01T00:00:00Z,8.10946244729622
GB,2022-07-02T00:00:00Z,8.066969917035864
GB,2022-07-03T00:00:00Z,8.055942149140892
GB,2022-07-04T00:00:00Z,8.006914859122386
GB,2022-07-05T00:00:00Z,7.926535304711647
GB,2022-07-06T00:00:00Z,7.775916888171501
GB,2022-07-07T00:00:00Z,7.4875667656812865
GB,2022-07-08T00:00:00Z,7.251301026413589
GB,2022-07-09T00:00:00Z,7.36892568999323
GB,2022-07-10T00:00:00Z,7.428159734460692
GB,2022-07-11T00:00:00Z,7.4265652037299255
GB,2022-07-12T00:00:00Z,7.315289281529164
GB,2022-07-13T00:00:00Z,7.0709264802523215
GB,2022-07-14T00:00:00Z,6.87801276014655
GB,2022-07-15T00:00:00Z,6.7951639375124095
GB,2022-07-16T00:00:00Z,6.775807867866586
GB,2022-07-17T00:00:00Z,6.808695578584214
GB,2022-07-18T00:00:00Z,6.866338637676588
GB,2022-07-19T00:00:00Z,6.913504816651592
GB,2022-07-20T00:00:00Z,6.914380029500997
GB,2022-07-21T00:00:00Z,6.884365577802264
GB,2022-07-22T00:00:00Z,6.822746271054122
GB,2022-07-23T00:00:00Z,6.793852467192821
GB,2022-07-24T00:00:00Z,6.698671215087064
GB,2022-07-25T00:00:00Z,6.426727923850613
GB,2022-07-26T00:00:00Z,6.023179675194498
GB,2022-07-27T00:00:00Z,5.370491912462047
GB,2022-07-28T00:00:00Z,4.195761436904515
GB,2022-07-29T00:00:00Z,3.2149206438267512
GB,2022-07-30T00:00:00Z,3.7825359307034034
GB,2022-07-31T00:00:00Z,4.284393062261607
GB,2022-08-01T00:00:00Z,4.649566327155746
GB,2022-08-02T00:00:00Z,5.027915798794993
GB,2022-08-03T00:00:00Z,5.401913874549436
GB,2022-08-04T00:00:00Z,5.6634830488315195
GB,2022-08-05T00:00:00Z,5.803956702184543
GB,2022-08-06T00:00:00Z,5.844551126510044
GB,2022-08-07T00:00:00Z,5.866489201432117
GB,2022-08-08T00:00:00Z,5.971510350190584
GB,2022-08-09T00:00:00Z,6.033725484251082
GB,2022-08-10T00:00:00Z,6.042715227504672
GB,2022-08-11T00:00:00Z,6.093086662927494
GB,2022-08-12T00:00:00Z,6.261265754618467
GB,2022-08-13T00:00:00Z,6.446633967597876
GB,2022-08-14T00:00:00Z,6.45456314224576
GB,2022-08-15T00:00:00Z,6.433898181223025
GB,2022-08-16T00:00:00Z,6.55745959094283
GB,2022-08-17T00:00:00Z,6.665938865985485
GB,2022-08-18T00:00:00Z,6.684453588106301
GB,2022-08-19T00:00:00Z,6.680472090271188
GB,2022-08-20T00:00:00Z,6.661863422539071
GB,2022-08-21T00:00:00Z,6.597322896422266
GB,2022-08-22T00:00:00Z,6.469922962807001
GB,2022-08-23T00:00:00Z,6.560573766656471
GB,2022-08-24T00:00:00Z,6.660905808363161
GB,2022-08-25T00:00:00Z,6.657678402591316
GB,2022-08-26T00:00:00Z,6.303096410409275
GB,2022-08-27T00:00:00Z,4.970261148484397
GB,2022-08-28T00:00:00Z,3.345328739953718
GB,2022-08-29T00:00:00Z,1.9388397902232661
GB,2022-08-30T00:00:00Z,0.1528735661917544
GB,2022-08-31T00:00:00Z,-2.2227968441316115
GB,2022-09-01T00:00:00Z,-4.447747160071486
GB,2022-09-02T00:00:00Z,-5.509049097359636
GB,2022-09-03T00:00:00Z,-5.123017441140508
GB,2022-09-04T00:00:00Z,-4.688775086907356
GB,2022-09-05T00:00:00Z,-4.531648378308972
GB,2022-09-06T00:00:00Z,-4.530735544162756
GB,2022-09-07T00:00:00Z,-4.639379123943488
GB,2022-09-08T00:00:00Z,-4.530917550530919
GB,2022-09-09T00:00:00Z,-3.9831026515111176
GB,2022-09-10T00:00:00Z,-3.8176228737745674
GB,2022-09-11T00:00:00Z,-3.8826141396984717
GB,2022-09-12T00:00:00Z,-5.156891830185494
GB,2022-09-13T00:00:00Z,-8.06385918585223
GB,2022-09-14T00:00:00Z,-10.971014367646337
GB,2022-09-15T00:00:00Z,-10.293533811072262
GB,2022-09-16T00:00:00Z,-8.391716290541464
GB,2022-09-17T00:00:00Z,-6.907044950962547
GB,2022-09-18T00:00:00Z,-5.945001733073809
GB,2022-09-19T00:00:00Z,-5.351386020219042
GB,2022-09-20T00:00:00Z,-4.868761618495579
GB,2022-09-21T00:00:00Z,-4.364593419279355
GB,2022-09-22T00:00:00Z,-3.672962496542393
GB,2022-09-23T00:00:00Z,-2.823683102156476
GB,2022-09-24T00:00:00Z,-2.0828633947716177
GB,2022-09-25T00:00:00Z,-1.4232036723197439
GB,2022-09-26T00:00:00Z,-0.725620855267735
GB,2022-09-27T00:00:00Z,-0.07891609997448867
GB,2022-09-28T00:00:00Z,0.4413837291540368
GB,2022-09-29T00:00:00Z,0.9291485725351052
GB,2022-09-30T00:00:00Z,1.4271407863803063
GB,2022-10-01T00:00:00Z,1.89120031022615
GB,2022-10-02T00:00:00Z,2.2873991452840627
GB,2022-10-03T00:00:00Z,2.5900016655612
GB,2022-10-04T00:00:00Z,2.8369275317969027
GB,2022-10-05T00:00:00Z,3.103050528647991
GB,2022-10-06T00:00:00Z,3.39034552935286
GB,2022-10-07T00:00:00Z,3.7217283002107457
GB,2022-10-08T00:00:00Z,4.210335759281872
GB,2022-10-09T00:00:00Z,4.307631822791002
GB,2022-10-10T00:00:00Z,3.933774368233255
GB,2022-10-11T00:00:00Z,2.7358711259766615
GB,2022-10-12T00:00:00Z,2.8036377953892604
GB,2022-10-13T00:00:00Z,2.8712047369956935
GB,2022-10-14T00:00:00Z,3.1819014325197337
GB,2022-10-15T00:00:00Z,3.489728974889136
GB,2022-10-16T00:00:00Z,3.648069923918957
GB,2022-10-17T00:00:00Z,3.7511011074427465
GB,2022-10-18T00:00:00Z,3.788310738563343
GB,2022-10-19T00:00:00Z,4.104940676919355
GB,2022-10-20T00:00:00Z,4.178691650537843
GB,2022-10-21T00:00:00Z,4.371711456421046
GB,2022-10-22T00:00:00Z,4.5352622060947105
GB,2022-10-23T00:00:00Z,4.767348861886234
GB,2022-10-24T00:00:00Z,4.85792073212426
GB,2022-10-25T00:00:00Z,4.897629534112536
GB,2022-10-26T00:00:00Z,4.982540086633481
GB,2022-10-27T00:00:00Z,5.180780091595832
GB,2022-10-28T00:00:00Z,5.310279663280866
GB,2022-10-29T00:00:00Z,5.35558017036487
GB,2022-10-30T00:00:00Z,5.3876193247736985
GB,2022-10-31T00:00:00Z,5.439684068034506
GB,2022-11-01T00:00:00Z,5.543905227937898
GB,2022-11-02T00:00:00Z,5.698763584635646
GB,2022-11-03T00:00:00Z,5.722126211335166
GB,2022-11-04T00:00:00Z,5.79683570066252
GB,2022-11-05T00:00:00Z,5.878245704809803
GB,2022-11-06T00:00:00Z,5.953521302760905
GB,2022-11-07T00:00:00Z,6.02469736345833
GB,2022-11-08T00:00:00Z,6.128339111977041
GB,2022-11-09T00:00:00Z,6.10652056639594
GB,2022-11-10T00:00:00Z,5.8403202804606345
GB,2022-11-11T00:00:00Z,5.912234861910839
GB,2022-11-12T00:00:00Z,5.917564081168603
GB,2022-11-13T00:00:00Z,5.691266013732015
GB,2022-11-14T00:00:00Z,5.474035790005935
GB,2022-11-15T00:00:00Z,5.3690662410157195
GB,2022-11-16T00:00:00Z,5.264507412575075
GB,2022-11-17T00:00:00Z,5.208215586319632
GB,2022-11-18T00:00:00Z,5.237283305154708
GB,2022-11-19T00:00:00Z,5.301485585327466
GB,2022-11-20T00:00:00Z,5.416326868666808
GB,2022-11-21T00:00:00Z,5.554893749581648
GB,2022-11-22T00:00:00Z,5.583213256003937
GB,2022-11-23T00:00:00Z,5.623499798471819
GB,2022-11-24T00:00:00Z,5.719734155214518
GB,2022-11-25T00:00:00Z,5.858976789934474
GB,2022-11-26T00:00:00Z,5.899927011982456
GB,2022-11-27T00:00:00Z,5.880346124559601
GB,2022-11-28T00:00:00Z,6.056938762606347
GB,2022-11-29T00:00:00Z,6.083030125538237
GB,2022-11-30T00:00:00Z,6.073485826118006
GB,2022-12-01T00:00:00Z,6.15464800670247
GB,2022-12-02T00:00:00Z,6.194633138994426
GB,2022-12-03T00:00:00Z,6.192010895887201
GB,2022-12-04T00:00:00Z,6.1452125271251
GB,2022-12-05T00:00:00Z,6.244431216911821
GB,2022-12-06T00:00:00Z,6.310832560394065
GB,2022-12-07T00:00:00Z,6.335913521030854
GB,2022-12-08T00:00:00Z,6.3423631910385225
GB,2022-12-09T00:00:00Z,6.411493038233406
GB,2022-12-10T00:00:00Z,6.465590630454976
GB,2022-12-11T00:00:00Z,6.465323484301447
GB,2022-12-12T00:00:00Z,6.53145711201541
GB,2022-12-13T00:00:00Z,6.586427883904268
GB,2022-12-14T00:00:00Z,6.593438677146345
GB,2022-12-15T00:00:00Z,6.589993495218565
GB,2022-12-16T00:00:00Z,6.681592027987765
GB,2022-12-17T00:00:00Z,6.715913252136584
GB,2022-12-18T00:00:00Z,6.7182764398765755
GB,2022-12-19T00:00:00Z,6.746798544906287
GB,2022-12-20T00:00:00Z,6.764043090445579
GB,2022-12-21T00:00:00Z,6.766587034697945
GB,2022-12-22T00:00:00Z,6.764158662565574
GB,2022-12-23T00:00:00Z,6.809739789134639
GB,2022-12-24T00:00:00Z,6.847708338216762
GB,2022-12-25T00:00:00Z,6.856996760675461
GB,2022-12-26T00:00:00Z,6.902496987701763
GB,2022-12-27T00:00:00Z,6.994617179196737
GB,2022-12-28T00:00:00Z,7.076076107701169
GB,2022-12-29T00:00:00Z,7.0923390156854005
GB,2022-12-30T00:00:00Z,7.11745210282681
GB,2022-12-31T00:00:00Z,7.15048200330612
GB,2023-01-01T00:00:00Z,7.192650145362887
GB,2023-01-02T00:00:00Z,7.242366450178999
GB,2023-01-03T00:00:00Z,7.24418658715123
GB,2023-01-04T00:00:00Z,7.1997975070113185
GB,2023-01-05T00:00:00Z,7.085611938172978
GB,2023-01-06T00:00:00Z,7.08071896592692
GB,2023-01-07T00:00:00Z,7.074104777710165
GB,2023-01-08T00:00:00Z,7.035644316027998
GB,2023-01-09T00:00:00Z,6.974076393661111
GB,2023-01-10T00:00:00Z,7.039853623574224
GB,2023-01-11T00:00:00Z,7.115872003619273
GB,2023-01-12T00:00:00Z,7.109151913866096
GB,2023-01-13T00:00:00Z,6.980712335547814
GB,2023-01-14T00:00:00Z,7.088774385431176
GB,2023-01-15T00:00:00Z,7.090525331102036
GB,2023-01-16T00:00:00Z,7.065026645200575
GB,2023-01-17T00:00:00Z,7.163821053828794
GB,2023-01-18T00:00:00Z,7.307545778314722
GB,2023-01-19T00:00:00Z,7.32007425512926
GB,2023-01-20T00:00:00Z,7.310817045827427
GB,2023-01-21T00:00:00Z,7.316801502810748
GB,2023-01-22T00:00:00Z,7.285805145820273
GB,2023-01-23T00:00:00Z,7.383549328168172
GB,2023-01-24T00:00:00Z,7.401305671526803
GB,2023-01-25T00:00:00Z,7.305926026057556
GB,2023-01-26T00:00:00Z,7.3104885249996485
GB,2023-01-27T00:00:00Z,7.362125183584503
GB,2023-01-28T00:00:00Z,7.361771699420672
GB,2023-01-29T00:00:00Z,7.351833452615306
GB,2023-01-30T00:00:00Z,7.327895921603247
GB,2023-01-31T00:00:00Z,7.38064069717711
GB,2023-02-01T00:00:00Z,7.456431313811759
GB,2023-02-02T00:00:00Z,7.4590677903868965
GB,2023-02-03T00:00:00Z,7.423052412400715
GB,2023-02-04T00:00:00Z,7.446658836679923
GB,2023-02-05T00:00:00Z,7.414488460010897
GB,2023-02-06T00:00:00Z,7.349081311715757
GB,2023-02-07T00:00:00Z,7.8050548566204085
GB,2023-02-08T00:00:00Z,8.599457866044927
GB,2023-02-09T00:00:00Z,8.74595325517528
GB,2023-02-10T00:00:00Z,8.693675977027077
GB,2023-02-11T00:00:00Z,8.730024761456807
GB,2023-02-12T00:00:00Z,8.683034417379655
GB,2023-02-13T00:00:00Z,8.333517530094731
GB,2023-02-14T00:00:00Z,8.201753520377382
GB,2023-02-15T00:00:00Z,8.092212185055697
GB,2023-02-16T00:00:00Z,8.08320082712078
GB,2023-02-17T00:00:00Z,7.874787298020795
GB,2023-02-18T00:00:00Z,7.570650522481838
GB,2023-02-19T00:00:00Z,7.555746454088148
GB,2023-02-20T00:00:00Z,7.490725137159821
GB,2023-02-21T00:00:00Z,7.611092890793991
GB,2023-02-22T00:00:00Z,7.732437925463817
GB,2023-02-23T00:00:00Z,7.772212766799861
GB,2023-02-24T00:00:00Z,7.784893527977818
GB,2023-02-25T00:00:00Z,7.7836923452406275
GB,2023-02-26T00:00:00Z,-Inf
GB,2023-02-27T00:00:00Z,-Inf
GB,2023-02-28T00:00:00Z,-Inf
GB,2023-03-01T00:00:00Z,-Inf
GB,2023-03-02T00:00:00Z,7.953866986172457
GB,2023-03-03T00:00:00Z,8.045739977069832
GB,2023-03-04T00:00:00Z,8.096711156754571
GB,2023-03-05T00:00:00Z,8.130956267828601
GB,2023-03-06T00:00:00Z,8.127490115578516
GB,2023-03-07T00:00:00Z,8.174962450571368
GB,2023-03-08T00:00:00Z,8.249831075946327
GB,2023-03-09T00:00:00Z,8.250805935217894
GB,2023-03-10T00:00:00Z,8.17666299459325
GB,2023-03-11T00:00:00Z,8.228039754646476
GB,2023-03-12T00:00:00Z,8.234359439991506
GB,2023-03-13T00:00:00Z,8.13726471663195
GB,2023-03-14T00:00:00Z,8.001105989723166
GB,2023-03-15T00:00:00Z,7.7441569782682755
GB,2023-03-16T00:00:00Z,7.261082196254538
GB,2023-03-17T00:00:00Z,6.7919954524735395
GB,2023-03-18T00:00:00Z,6.389159121667731
GB,2023-03-19T00:00:00Z,6.291990159617733
GB,2023-03-20T00:00:00Z,6.305106025049998
GB,2023-03-21T00:00:00Z,6.338792870085644
GB,2023-03-22T00:00:00Z,6.532226387681806
GB,2023-03-23T00:00:00Z,7.052436286131478
GB,2023-03-24T00:00:00Z,7.348689165458101
GB,2023-03-25T00:00:00Z,7.627104440731024
GB,2023-03-26T00:00:00Z,7.896993265761328
GB,2023-03-27T00:00:00Z,8.027126818306042
GB,2023-03-28T00:00:00Z,8.11405866452618
GB,2023-03-29T00:00:00Z,8.38605333275707
GB,2023-03-30T00:00:00Z,8.568049517501345
GB,2023-03-31T00:00:00Z,8.604963076384875
GB,2023-04-01T00:00:00Z,8.600547983990097
GB,2023-04-02T00:00:00Z,8.64747689774268
GB,2023-04-03T00:00:00Z,8.80350079936737
GB,2023-04-04T00:00:00Z,8.95343717728016
GB,2023-04-05T00:00:00Z,9.064098780707022
GB,2023-04-06T00:00:00Z,9.139686928853969
GB,2023-04-07T00:00:00Z,9.165183850936794
GB,2023-04-08T00:00:00Z,9.15902623991365
GB,2023-04-09T00:00:00Z,9.106253984898869
GB,2023-04-10T00:00:00Z,9.227243122218338
GB,2023-04-11T00:00:00Z,9.249555601835674
GB,2023-04-12T00:00:00Z,9.251799992525612
GB,2023-04-13T00:00:00Z,9.262304043763539
GB,2023-04-14T00:00:00Z,9.306788429340768
GB,2023-04-15T00:00:00Z,9.364939291027909
GB,2023-04-16T00:00:00Z,9.377190403057048
GB,2023-04-17T00:00:00Z,9.45337011810273
GB,2023-04-18T00:00:00Z,9.630626387144227
GB,2023-04-19T00:00:00Z,9.715173791074397
GB,2023-04-20T00:00:00Z,9.754774512167115
GB,2023-04-21T00:00:00Z,9.751313636200043
GB,2023-04-22T00:00:00Z,9.726061279435307
GB,2023-04-23T00:00:00Z,9.876596763557515
GB,2023-04-24T00:00:00Z,9.956008677562062
GB,2023-04-25T00:00:00Z,10.01714428054452
GB,2023-04-26T00:00:00Z,10.062510827128204
GB,2023-04-27T00:00:00Z,10.062875830380982
GB,2023-04-28T00:00:00Z,10.087113201559982
GB,2023-04-29T00:00:00Z,10.097988517024111
GB,2023-04-30T00:00:00Z,10.008923954224564
GB,2023-05-01T00:00:00Z,10.134334782644794
GB,2023-05-02T00:00:00Z,10.178664394070019
GB,2023-05-03T00:00:00Z,10.176297946476925
GB,2023-05-04T00:00:00Z,10.29614104698984
GB,2023-05-05T00:00:00Z,10.430588480986573
GB,2023-05-06T00:00:00Z,10.481115863783984
GB,2023-05-07T00:00:00Z,10.509351599927221
GB,2023-05-08T00:00:00Z,10.522973380519309
GB,2023-05-09T00:00:00Z,10.53869113903285
GB,2023-05-10T00:00:00Z,10.550225517629013
GB,2023-05-11T00:00:00Z,10.535075119116806
GB,2023-05-12T00:00:00Z,10.522454575287494
GB,2023-05-13T00:00:00Z,10.504063143820218
GB,2023-05-14T00:00:00Z,10.586977391658138
GB,2023-05-15T00:00:00Z,10.595493766545403
GB,2023-05-16T00:00:00Z,10.585572849700027
GB,2023-05-17T00:00:00Z,10.608116712318937
GB,2023-05-18T00:00:00Z,10.658338937316136
GB,2023-05-19T00:00:00Z,10.547123306145833
GB,2023-05-20T00:00:00Z,9.65935425877529
GB,2023-05-21T00:00:00Z,10.537319446934527
GB,2023-05-22T00:00:00Z,10.895106041230564
GB,2023-05-23T00:00:00Z,10.89989836658888
GB,2023-05-24T00:00:00Z,10.830029574179834
GB,2023-05-25T00:00:00Z,10.724163210918112
GB,2023-05-26T00:00:00Z,10.585457454745473
GB,2023-05-27T00:00:00Z,10.362792802097905
GB,2023-05-28T00:00:00Z,10.189162896828055
GB,2023-05-29T00:00:00Z,10.097521743304611
GB,2023-05-30T00:00:00Z,10.024032347632044
GB,2023-05-31T00:00:00Z,9.97480979996335
GB,2023-06-01T00:00:00Z,10.03642263236452
GB,2023-06-02T00:00:00Z,10.103734226808603
GB,2023-06-03T00:00:00Z,10.123138131189
GB,2023-06-04T00:00:00Z,10.163989216452833
GB,2023-06-05T00:00:00Z,10.334624601910734
GB,2023-06-06T00:00:00Z,10.454726496095992
GB,2023-06-07T00:00:00Z,10.490891697763615
GB,2023-06-08T00:00:00Z,10.616976442087521
GB,2023-06-09T00:00:00Z,10.790253494507239
GB,2023-06-10T00:00:00Z,10.869989104709285
GB,2023-06-11T00:00:00Z,10.91407730452761
GB,2023-06-12T00:00:00Z,10.969295902498187
GB,2023-06-13T00:00:00Z,11.038967837377278
GB,2023-06-14T00:00:00Z,11.041317168042942
GB,2023-06-15T00:00:00Z,10.953666344339736
GB,2023-06-16T00:00:00Z,10.841023119741585
GB,2023-06-17T00:00:00Z,10.81154894809344
GB,2023-06-18T00:00:00Z,10.825156328112804
GB,2023-06-19T00:00:00Z,10.813359095229345
GB,2023-06-20T00:00:00Z,10.679239151378987
GB,2023-06-21T00:00:00Z,10.392884247420414
GB,2023-06-22T00:00:00Z,10.00940974673217
GB,2023-06-23T00:00:00Z,9.705431611921123
GB,2023-06-24T00:00:00Z,9.350131897416128
GB,2023-06-25T00:00:00Z,8.6165921887046
GB,2023-06-26T00:00:00Z,7.629366840844138
GB,2023-06-27T00:00:00Z,6.426443308427356
GB,2023-06-28T00:00:00Z,4.924705681987877
GB,2023-06-29T00:00:00Z,3.9660995611414265
GB,2023-06-30T00:00:00Z,3.7657630750206295
GB,2023-07-01T00:00:00Z,3.8678011081663826
GB,2023-07-02T00:00:00Z,4.13338001937009
GB,2023-07-03T00:00:00Z,4.465415620965583
GB,2023-07-04T00:00:00Z,4.932938092520832
GB,2023-07-05T00:00:00Z,5.394670667977465
GB,2023-07-06T00:00:00Z,5.694990885207869
GB,2023-07-07T00:00:00Z,5.948835018026131
GB,2023-07-08T00:00:00Z,6.3109535352260195
GB,2023-07-09T00:00:00Z,6.417268524289028
GB,2023-07-10T00:00:00Z,6.34722687026396
GB,2023-07-11T00:00:00Z,5.982323685706977
GB,2023-07-12T00:00:00Z,5.780564572552969
GB,2023-07-13T00:00:00Z,5.519346864057141
GB,2023-07-14T00:00:00Z,5.030040963762595
GB,2023-07-15T00:00:00Z,4.809699608949934
GB,2023-07-16T00:00:00Z,4.660049979046878
GB,2023-07-17T00:00:00Z,4.458540338091883
GB,2023-07-18T00:00:00Z,4.470626233149996
GB,2023-07-19T00:00:00Z,4.526579175328106
GB,2023-07-20T00:00:00Z,4.5270782863279315
GB,2023-07-21T00:00:00Z,4.480187849352575
GB,2023-07-22T00:00:00Z,4.357094923022686
GB,2023-07-23T00:00:00Z,4.58691130518481
GB,2023-07-24T00:00:00Z,4.9742048949538535
GB,2023-07-25T00:00:00Z,5.26966884970966
GB,2023-07-26T00:00:00Z,5.493932651521106
GB,2023-07-27T00:00:00Z,5.551206078212527
GB,2023-07-28T00:00:00Z,5.516216236950253
GB,2023-07-29T00:00:00Z,5.21056016267794
GB,2023-07-30T00:00:00Z,4.93676246855323
GB,2023-07-31T00:00:00Z,4.85430436320685
GB,2023-08-01T00:00:00Z,4.8549331342752815
GB,2023-08-02T00:00:00Z,4.780750952522336
GB,2023-08-03T00:00:00Z,4.611271551909766
GB,2023-08-04T00:00:00Z,2.569497884750831
GB,2023-08-05T00:00:00Z,-2.4635025382172095
GB,2023-08-06T00:00:00Z,-6.208419320795141
GB,2023-08-07T00:00:00Z,-6.055525935868651
GB,2023-08-08T00:00:00Z,-5.098466910933254
GB,2023-08-09T00:00:00Z,-4.256561375627019
GB,2023-08-10T00:00:00Z,-3.450112933479481
GB,2023-08-11T00:00:00Z,-2.6377403100817034
GB,2023-08-12T00:00:00Z,-1.8006192956528402
GB,2023-08-13T00:00:00Z,-0.9826598682362189
GB,2023-08-14T00:00:00Z,-0.29557906230726516
GB,2023-08-15T00:00:00Z,0.1194547242754993
GB,2023-08-16T00:00:00Z,0.22542718055885658
GB,2023-08-17T00:00:00Z,0.3990072391736561
GB,2023-08-18T00:00:00Z,0.5898212590525489
GB,2023-08-19T00:00:00Z,0.7314154544361386
GB,2023-08-20T00:00:00Z,0.8078890380955102
GB,2023-08-21T00:00:00Z,0.8413960074359892
GB,2023-08-22T00:00:00Z,0.8847303178212655
GB,2023-08-23T00:00:00Z,1.1098474269201368
GB,2023-08-24T00:00:00Z,1.4953143172955805
GB,2023-08-25T00:00:00Z,1.894903196250624
GB,2023-08-26T00:00:00Z,2.2775349140052654
GB,2023-08-27T00:00:00Z,2.673762691951758
GB,2023-08-28T00:00:00Z,3.1165516725216733
GB,2023-08-29T00:00:00Z,3.3301007168734422
GB,2023-08-30T00:00:00Z,3.402017769157503
GB,2023-08-31T00:00:00Z,3.722647167960467
GB,2023-09-01T00:00:00Z,3.9459258452759585
GB,2023-09-02T00:00:00Z,3.9644071719616747
GB,2023-09-03T00:00:00Z,3.925224957294059
GB,2023-09-04T00:00:00Z,3.6621769569454834
GB,2023-09-05T00:00:00Z,3.472884136879987
GB,2023-09-06T00:00:00Z,3.4089575461312265
GB,2023-09-07T00:00:00Z,3.392939497248271
GB,2023-09-08T00:00:00Z,3.6043449865159687
GB,2023-09-09T00:00:00Z,3.8688883121256197
GB,2023-09-10T00:00:00Z,4.162201380639118
GB,2023-09-11T00:00:00Z,4.39077019954933
GB,2023-09-12T00:00:00Z,4.435843530571532
GB,2023-09-13T00:00:00Z,4.434077101981295
GB,2023-09-14T00:00:00Z,4.471475901379041
GB,2023-09-15T00:00:00Z,4.723305808753459
GB,2023-09-16T00:00:00Z,5.009860740963777
GB,2023-09-17T00:00:00Z,5.18857412042513
GB,2023-09-18T00:00:00Z,5.3883491698869435
GB,2023-09-19T00:00:00Z,5.519949691555347
GB,2023-09-20T00:00:00Z,5.539156479825817
GB,2023-09-21T00:00:00Z,5.584360415248238
GB,2023-09-22T00:00:00Z,5.664274084031028
GB,2023-09-23T00:00:00Z,5.816301246397256
GB,2023-09-24T00:00:00Z,6.035395987389389
GB,2023-09-25T00:00:00Z,6.249615910762596
GB,2023-09-26T00:00:00Z,6.404943569191506
GB,2023-09-27T00:00:00Z,6.5243178286076215
GB,2023-09-28T00:00:00Z,6.599505890630365
GB,2023-09-29T00:00:00Z,6.618536978049395
GB,2023-09-30T00:00:00Z,6.641888419385317
GB,2023-10-01T00:00:00Z,6.727699454039406
GB,2023-10-02T00:00:00Z,6.848753214475863
GB,2023-10-03T00:00:00Z,7.055785904169696
GB,2023-10-04T00:00:00Z,7.296039136389485
GB,2023-10-05T00:00:00Z,7.402012313800899
GB,2023-10-06T00:00:00Z,7.481423988587316
GB,2023-10-07T00:00:00Z,7.545961158588458
GB,2023-10-08T00:00:00Z,7.662132048915954
GB,2023-10-09T00:00:00Z,7.811574230545492
GB,2023-10-10T00:00:00Z,7.9267706843781465
GB,2023-10-11T00:00:00Z,7.900722778507593
GB,2023-10-12T00:00:00Z,7.658021209892002
GB,2023-10-13T00:00:00Z,7.6816730923981105
GB,2023-10-14T00:00:00Z,7.68453943215172
GB,2023-10-15T00:00:00Z,7.527256817190871
GB,2023-10-16T00:00:00Z,7.228082118079186
GB,2023-10-17T00:00:00Z,6.992255909699452
GB,2023-10-18T00:00:00Z,6.848457826878629
GB,2023-10-19T00:00:00Z,6.693319293013243
GB,2023-10-20T00:00:00Z,6.526235209419667
GB,2023-10-21T00:00:00Z,6.623281888572205
GB,2023-10-22T00:00:00Z,6.852945619250853
GB,2023-10-23T00:00:00Z,7.09594587691425
GB,2023-10-24T00:00:00Z,7.307770566219567
GB,2023-10-25T00:00:00Z,7.449701423674362
GB,2023-10-26T00:00:00Z,7.5939218854186095
GB,2023-10-27T00:00:00Z,7.739008351972576
GB,2023-10-28T00:00:00Z,7.86899021794995
GB,2023-10-29T00:00:00Z,7.956270361925428
GB,2023-10-30T00:00:00Z,8.019564063339189
GB,2023-10-31T00:00:00Z,8.061109824727422
GB,2023-11-01T00:00:00Z,8.194115295768935
GB,2023-11-02T00:00:00Z,8.351927953002672
GB,2023-11-03T00:00:00Z,8.429565952355645
GB,2023-11-04T00:00:00Z,8.464546801661722
GB,2023-11-05T00:00:00Z,8.513976672423016
GB,2023-11-06T00:00:00Z,8.600221382031682
GB,2023-11-07T00:00:00Z,8.669374140730966
GB,2023-11-08T00:00:00Z,8.748609524629156
GB,2023-11-09T00:00:00Z,8.825155742723494
GB,2023-11-10T00:00:00Z,8.88320800699737
GB,2023-11-11T00:00:00Z,8.904387426976925
GB,2023-11-12T00:00:00Z,8.901826132390383
GB,2023-11-13T00:00:00Z,8.911207979043818
GB,2023-11-14T00:00:00Z,8.902578364514666
GB,2023-11-15T00:00:00Z,8.890272689922332
GB,2023-11-16T00:00:00Z,8.890276570732132
GB,2023-11-17T00:00:00Z,8.856215630709002
GB,2023-11-18T00:00:00Z,8.93234314941598
GB,2023-11-19T00:00:00Z,9.024326081634094
GB,2023-11-20T00:00:00Z,9.0761373995053
GB,2023-11-21T00:00:00Z,9.07607306689378
GB,2023-11-22T00:00:00Z,9.005966116308652
GB,2023-11-23T00:00:00Z,8.994691734667699
GB,2023-11-24T00:00:00Z,9.046880249547828
GB,2023-11-25T00:00:00Z,9.046622397087452
GB,2023-11-26T00:00:00Z,8.9334197830163
GB,2023-11-27T00:00:00Z,8.844540428461457
GB,2023-11-28T00:00:00Z,8.86925824278776
GB,2023-11-29T00:00:00Z,8.852608867435247
GB,2023-11-30T00:00:00Z,8.952391387849673
GB,2023-12-01T00:00:00Z,8.988649408230723
GB,2023-12-02T00:00:00Z,8.99581449086987
GB,2023-12-03T00:00:00Z,9.046333210621365
GB,2023-12-04T00:00:00Z,9.094626060626213
GB,2023-12-05T00:00:00Z,9.094563866530688
GB,2023-12-06T00:00:00Z,9.050406576156556
GB,2023-12-07T00:00:00Z,8.932793288852622
GB,2023-12-08T00:00:00Z,8.76673529450522
GB,2023-12-09T00:00:00Z,8.59376214430676
GB,2023-12-10T00:00:00Z,8.476997427863013
GB,2023-12-11T00:00:00Z,8.583470448377279
GB,2023-12-12T00:00:00Z,8.581538855716609
GB,2023-12-13T00:00:00Z,8.408991667590206
GB,2023-12-14T00:00:00Z,8.175627313523597
GB,2023-12-15T00:00:00Z,8.180292614219367
GB,2023-12-16T00:00:00Z,7.932725278733951
GB,2023-12-17T00:00:00Z,6.728844794692133
GB,2023-12-18T00:00:00Z,5.451862213476861
GB,2023-12-19T00:00:00Z,1.4536551900310464
GB,2023-12-20T00:00:00Z,-6.127417551964548
GB,2023-12-21T00:00:00Z,-11.76635057601985
GB,2023-12-22T00:00:00Z,-15.159768081167147
GB,2023-12-23T00:00:00Z,-17.21426754582532
GB,2023-12-24T00:00:00Z,-15.83078569780064
GB,2023-12-25T00:00:00Z,-13.649716365509203
GB,2023-12-26T00:00:00Z,-11.583870401075448
GB,2023-12-27T00:00:00Z,-9.91158668902018
GB,2023-12-28T00:00:00Z,-8.572585122695902
GB,2023-12-29T00:00:00Z,-7.397371178207646
GB,2023-12-30T00:00:00Z,-6.379948162381211
GB,2023-12-31T00:00:00Z,-5.505900487936312
GB,2024-01-01T00:00:00Z,-4.709113372070622
GB,2024-01-02T00:00:00Z,-4.015374476669713
GB,2024-01-03T00:00:00Z,-3.400956444485214
GB,2024-01-04T00:00:00Z,-2.638497583306364
GB,2024-01-05T00:00:00Z,-2.1369957707012333
GB,2024-01-06T00:00:00Z,-1.7232884707412275
GB,2024-01-07T00:00:00Z,-1.1265935798738482
GB,2024-01-08T00:00:00Z,-0.9369358580994991
GB,2024-01-09T00:00:00Z,-0.9927916555422946
GB,2024-01-10T00:00:00Z,-1.1181213349722654
GB,2024-01-11T00:00:00Z,-1.1415585643602029
GB,2024-01-12T00:00:00Z,-1.6467032498161167
GB,2024-01-13T00:00:00Z,-2.4512842510896924
GB,2024-01-14T00:00:00Z,-3.0662781552672556
GB,2024-01-15T00:00:00Z,-3.6395728680282105
GB,2024-01-16T00:00:00Z,-4.154783261242127
GB,2024-01-17T00:00:00Z,-3.9018109549752182
GB,2024-01-18T00:00:00Z,-3.8118953750204305
GB,2024-01-19T00:00:00Z,-3.5172793288632356
GB,2024-01-20T00:00:00Z,-2.9836965118314573
GB,2024-01-21T00:00:00Z,-2.5395370688657017
GB,2024-01-22T00:00:00Z,-2.225186250806516
GB,2024-01-23T00:00:00Z,-1.8550033519314475
GB,2024-01-24T00:00:00Z,-1.4365973185537086
GB,2024-01-25T00:00:00Z,-1.188610775051366
GB,2024-01-26T00:00:00Z,-1.0325853169045445
GB,2024-01-27T00:00:00Z,-1.013566155142179
GB,2024-01-28T00:00:00Z,-1.140612669478596
GB,2024-01-29T00:00:00Z,-1.4037668648985004
GB,2024-01-30T00:00:00Z,-1.4757524745338628
GB,2024-01-31T00:00:00Z,-1.5632666744620671
GB,2024-02-01T00:00:00Z,-1.4470028779716202
GB,2024-02-02T00:00:00Z,-1.1991090909964548
GB,2024-02-03T00:00:00Z,-0.7665908307777123
GB,2024-02-04T00:00:00Z,-0.41094521244321314
GB,2024-02-05T00:00:00Z,0.032997276421895094
GB,2024-02-06T00:00:00Z,0.5943479378323033
GB,2024-02-07T00:00:00Z,0.9748614549772512
GB,2024-02-08T00:00:00Z,1.109121273795143
GB,2024-02-09T00:00:00Z,1.2507719155410335
GB,2024-02-10T00:00:00Z,1.4994392668121002
GB,2024-02-11T00:00:00Z,1.789105774808565
GB,2024-02-12T00:00:00Z,2.1012036451711786
GB,2024-02-13T00:00:00Z,2.515055713882738
GB,2024-02-14T00:00:00Z,2.851650793612041
GB,2024-02-15T00:00:00Z,2.988894510233507
GB,2024-02-16T00:00:00Z,3.1001883400868984
GB,2024-02-17T00:00:00Z,3.1597292277553457
GB,2024-02-18T00:00:00Z,3.214305448664966
GB,2024-02-19T00:00:00Z,3.226949131265787
GB,2024-02-20T00:00:00Z,3.138169411441119
GB,2024-02-21T00:00:00Z,2.8358395320650374
GB,2024-02-22T00:00:00Z,2.3971675775703822
GB,2024-02-23T00:00:00Z,1.8670577808008382
GB,2024-02-24T00:00:00Z,1.5680458597672562
GB,2024-02-25T00:00:00Z,1.6556051936006213
GB,2024-02-26T00:00:00Z,1.7097660113156223
GB,2024-02-27T00:00:00Z,1.8759823476001678
GB,2024-02-28T00:00:00Z,2.1996848822418684
GB,2024-02-29T00:00:00Z,2.565656866896532
GB,2024-03-01T00:00:00Z,2.796982773889365
GB,2024-03-02T00:00:00Z,3.0003550846287084
GB,2024-03-03T00:00:00Z,3.269339157728112
GB,2024-03-04T00:00:00Z,3.4755750765814852
GB,2024-03-05T00:00:00Z,3.4741562410172335
GB,2024-03-06T00:00:00Z,3.262654324660044
GB,2024-03-07T00:00:00Z,2.9765440060522046
GB,2024-03-08T00:00:00Z,2.7945892691278225
GB,2024-03-09T00:00:00Z,2.6404398183881597
GB,2024-03-10T00:00:00Z,2.4150718164416354
GB,2024-03-11T00:00:00Z,2.4283968492398564
GB,2024-03-12T00:00:00Z,2.355444003796247
GB,2024-03-13T00:00:00Z,1.8197374807804394
GB,2024-03-14T00:00:00Z,1.127031069192693
GB,2024-03-15T00:00:00Z,0.6603878101604295
GB,2024-03-16T00:00:00Z,0.47072838416031004
GB,2024-03-17T00:00:00Z,0.6183833104994996
GB,2024-03-18T00:00:00Z,0.9898042955550501
GB,2024-03-19T00:00:00Z,1.5358687367876023
GB,2024-03-20T00:00:00Z,1.9717495405710679
GB,2024-03-21T00:00:00Z,2.355787921852997
GB,2024-03-22T00:00:00Z,2.547139114363638
GB,2024-03-23T00:00:00Z,2.764256471113672
GB,2024-03-24T00:00:00Z,3.144175696838392
GB,2024-03-25T00:00:00Z,3.23834005223733
GB,2024-03-26T00:00:00Z,3.2259174582081585
GB,2024-03-27T00:00:00Z,3.0466186128309687
GB,2024-03-28T00:00:00Z,2.8083167312933064
GB,2024-03-29T00:00:00Z,2.9013723521911565
GB,2024-03-30T00:00:00Z,2.896482099973877
GB,2024-03-31T00:00:00Z,2.787633912104802
GB,2024-04-01T00:00:00Z,2.851255527961758
GB,2024-04-02T00:00:00Z,2.870798949017029
GB,2024-04-03T00:00:00Z,2.775183297948235
GB,2024-04-04T00:00:00Z,2.532582647753319
GB,2024-04-05T00:00:00Z,2.3306152132361078
GB,2024-04-06T00:00:00Z,1.6522415233681826
GB,2024-04-07T00:00:00Z,0.8574538070693407
GB,2024-04-08T00:00:00Z,0.4277808920453978
GB,2024-04-09T00:00:00Z,0.30455408013417085
GB,2024-04-10T00:00:00Z,0.35705248079414886
GB,2024-04-11T00:00:00Z,0.5985046378296843
GB,2024-04-12T00:00:00Z,1.0757143699196092
GB,2024-04-13T00:00:00Z,1.2230961057192609
GB,2024-04-14T00:00:00Z,1.1948595348288649
GB,2024-04-15T00:00:00Z,1.0122570952862695
GB,2024-04-16T00:00:00Z,0.9504291785723566
GB,2024-04-17T00:00:00Z,1.033643433998428
GB,2024-04-18T00:00:00Z,1.0618545756120383
GB,2024-04-19T00:00:00Z,1.0663458666757109
GB,2024-04-20T00:00:00Z,1.0478510611626355
GB,2024-04-21T00:00:00Z,0.8895450471412687
GB,2024-04-22T00:00:00Z,0.5989437371388711
GB,2024-04-23T00:00:00Z,0.49083543633496873
GB,2024-04-24T00:00:00Z,0.5679277225803361
GB,2024-04-25T00:00:00Z,0.9337985003479119
GB,2024-04-26T00:00:00Z,1.5577717700352238
GB,2024-04-27T00:00:00Z,2.283966388224634
GB,2024-04-28T00:00:00Z,2.9873614045429093
GB,2024-04-29T00:00:00Z,3.65757066280338
GB,2024-04-30T00:00:00Z,4.295994357243668
GB,2024-05-01T00:00:00Z,4.873787243316336
GB,2024-05-02T00:00:00Z,5.377319101737431
GB,2024-05-03T00:00:00Z,5.857330573055929
GB,2024-05-04T00:00:00Z,6.178383429928509
GB,2024-05-05T00:00:00Z,6.424505656835496
GB,2024-05-06T00:00:00Z,6.613040693030985
GB,2024-05-07T00:00:00Z,6.742352130565937
GB,2024-05-08T00:00:00Z,6.933951076644096
GB,2024-05-09T00:00:00Z,7.053161495663627
GB,2024-05-10T00:00:00Z,7.077172171341125
GB,2024-05-11T00:00:00Z,7.242146090883271
GB,2024-05-12T00:00:00Z,7.37097797361546
GB,2024-05-13T00:00:00Z,7.363183743711744
GB,2024-05-14T00:00:00Z,7.222870076436898
GB,2024-05-15T00:00:00Z,7.2770784465794165
GB,2024-05-16T00:00:00Z,7.297186133682775
GB,2024-05-17T00:00:00Z,7.352283155319935
GB,2024-05-18T00:00:00Z,7.386360636017649
GB,2024-05-19T00:00:00Z,7.3972055968096555
GB,2024-05-20T00:00:00Z,7.460368341816803
GB,2024-05-21T00:00:00Z,7.538518077239104
GB,2024-05-22T00:00:00Z,7.629042213682318
GB,2024-05-23T00:00:00Z,7.681529278580349
GB,2024-05-24T00:00:00Z,7.678960478568985
GB,2024-05-25T00:00:00Z,7.648854107226118
GB,2024-05-26T00:00:00Z,7.65690585127847
GB,2024-05-27T00:00:00Z,7.641471083889947
GB,2024-05-28T00:00:00Z,7.608450250767067
GB,2024-05-29T00:00:00Z,7.63887493960522
GB,2024-05-30T00:00:00Z,7.792498589398491
GB,2024-05-31T00:00:00Z,7.960253105110127
GB,2024-06-01T00:00:00Z,8.090261581033618
GB,2024-06-02T00:00:00Z,8.18998443855265
GB,2024-06-03T00:00:00Z,8.304035763412815
GB,2024-06-04T00:00:00Z,8.4246035881602
GB,2024-06-05T00:00:00Z,8.519615439409488
GB,2024-06-06T00:00:00Z,8.59721826527073
GB,2024-06-07T00:00:00Z,8.722074990398927
GB,2024-06-08T00:00:00Z,8.841884824949195
GB,2024-06-09T00:00:00Z,8.912004231421955
GB,2024-06-10T00:00:00Z,9.004609865414546
GB,2024-06-11T00:00:00Z,9.06560643219182
GB,2024-06-12T00:00:00Z,9.098090694067642
GB,2024-06-13T00:00:00Z,9.168637411538526
GB,2024-06-14T00:00:00Z,9.258560227203967
GB,2024-06-15T00:00:00Z,9.256528617480235
GB,2024-06-16T00:00:00Z,9.06423852271241
GB,2024-06-17T00:00:00Z,8.535460567146435
GB,2024-06-18T00:00:00Z,8.457528089729877
GB,2024-06-19T00:00:00Z,8.51896275795379
GB,2024-06-20T00:00:00Z,8.526680534000969
GB,2024-06-21T00:00:00Z,8.507859824785728
GB,2024-06-22T00:00:00Z,8.584502016215367
GB,2024-06-23T00:00:00Z,8.610014154631626
GB,2024-06-24T00:00:00Z,8.60931933525869
GB,2024-06-25T00:00:00Z,8.631519345019985
GB,2024-06-26T00:00:00Z,8.722612620235244
GB,2024-06-27T00:00:00Z,8.810093122002806
GB,2024-06-28T00:00:00Z,8.832541853185242
GB,2024-06-29T00:00:00Z,8.8285852515358
GB,2024-06-30T00:00:00Z,8.727765392438323
GB,2024-07-01T00:00:00Z,8.5248393722536
GB,2024-07-02T00:00:00Z,8.541344329472107
GB,2024-07-03T00:00:00Z,8.543089591391853
GB,2024-07-04T00:00:00Z,8.51297692405658
GB,2024-07-05T00:00:00Z,8.48161850141342
GB,2024-07-06T00:00:00Z,8.56288799719423
GB,2024-07-07T00:00:00Z,8.668896650609264
GB,2024-07-08T00:00:00Z,8.691573736002878
GB,2024-07-09T00:00:00Z,8.67443340352919
GB,2024-07-10T00:00:00Z,8.563069406555089
GB,2024-07-11T00:00:00Z,8.383203151677739
GB,2024-07-12T00:00:00Z,8.126058593232225
GB,2024-07-13T00:00:00Z,7.931280927588913
GB,2024-07-14T00:00:00Z,7.959487605704936
GB,2024-07-15T00:00:00Z,8.176385639115875
GB,2024-07-16T00:00:00Z,8.38408929069326
GB,2024-07-17T00:00:00Z,8.5134088662643
GB,2024-07-18T00:00:00Z,8.580801143757707
GB,2024-07-19T00:00:00Z,8.652267408343013
GB,2024-07-20T00:00:00Z,8.734195635307177
GB,2024-07-21T00:00:00Z,8.817009707471186
GB,2024-07-22T00:00:00Z,8.923780440642648
GB,2024-07-23T00:00:00Z,9.015609980155606
GB,2024-07-24T00:00:00Z,9.036434930342997
GB,2024-07-25T00:00:00Z,9.031293630723725
GB,2024-07-26T00:00:00Z,8.946611892733818
GB,2024-07-27T00:00:00Z,8.777742234794164
GB,2024-07-28T00:00:00Z,8.424607486452924
GB,2024-07-29T00:00:00Z,7.4864488414525425
GB,2024-07-30T00:00:00Z,5.87656747640418
GB,2024-07-31T00:00:00Z,4.010752701789482
GB,2024-08-01T00:00:00Z,2.3943719382551336
GB,2024-08-02T00:00:00Z,1.3832320104776308
GB,2024-08-03T00:00:00Z,1.387158888585386
GB,2024-08-04T00:00:00Z,2.0711451309668156
GB,2024-08-05T00:00:00Z,1.76210991160589
GB,2024-08-06T00:00:00Z,-3.1844056882109903
GB,2024-08-07T00:00:00Z,-20.09392607337701
GB,2024-08-08T00:00:00Z,-36.20571868652988
GB,2024-08-09T00:00:00Z,-26.120472831631627
GB,2024-08-10T00:00:00Z,-17.349567276559174
GB,2024-08-11T00:00:00Z,-12.368932282172349
GB,2024-08-12T00:00:00Z,-9.208862473840856
GB,2024-08-13T00:00:00Z,-6.3616019102128405
GB,2024-08-14T00:00:00Z,-3.4215806601552465
GB,2024-08-15T00:00:00Z,-0.6644268975895038
GB,2024-08-16T00:00:00Z,1.5277546509768598
GB,2024-08-17T00:00:00Z,3.0331089813003835
GB,2024-08-18T00:00:00Z,4.100379615712832
GB,2024-08-19T00:00:00Z,4.930140646253189
GB,2024-08-20T00:00:00Z,5.552902338558475
GB,2024-08-21T00:00:00Z,6.006153615602923
GB,2024-08-22T00:00:00Z,6.290854542750822
GB,2024-08-23T00:00:00Z,6.359545764145018
GB,2024-08-24T00:00:00Z,6.348338675760754
GB,2024-08-25T00:00:00Z,6.159390344219016
GB,2024-08-26T00:00:00Z,5.840685508719474
GB,2024-08-27T00:00:00Z,5.410380405824796
GB,2024-08-28T00:00:00Z,4.879831919333668
GB,2024-08-29T00:00:00Z,4.3030038126964705
GB,2024-08-30T00:00:00Z,3.653185280506989
GB,2024-08-31T00:00:00Z,2.8676371888019574
GB,2024-09-01T00:00:00Z,2.2478422263006337
GB,2024-09-02T00:00:00Z,2.3206401377217283
GB,2024-09-03T00:00:00Z,2.5517905002755974
GB,2024-09-04T00:00:00Z,2.658841857756837
GB,2024-09-05T00:00:00Z,2.6744105794536104
GB,2024-09-06T00:00:00Z,2.764169704780251
GB,2024-09-07T00:00:00Z,2.993146658465289
GB,2024-09-08T00:00:00Z,3.138710969686489
GB,2024-09-09T00:00:00Z,3.1372999919834825
GB,2024-09-10T00:00:00Z,2.9594954898677344
GB,2024-09-11T00:00:00Z,2.609719586778102
GB,2024-09-12T00:00:00Z,2.2858118716919904
GB,2024-09-13T00:00:00Z,2.256234235135551
GB,2024-09-14T00:00:00Z,2.2756330745456914
GB,2024-09-15T00:00:00Z,2.232556117517074
GB,2024-09-16T00:00:00Z,1.9953067880625852
GB,2024-09-17T00:00:00Z,1.6391853183561125
GB,2024-09-18T00:00:00Z,1.2807579362398087
GB,2024-09-19T00:00:00Z,0.9776013655163105
GB,2024-09-20T00:00:00Z,0.7412642534370555
GB,2024-09-21T00:00:00Z,0.6700709657963628
GB,2024-09-22T00:00:00Z,0.7257424324023525
GB,2024-09-23T00:00:00Z,0.9028171569487924
GB,2024-09-24T00:00:00Z,1.2245364243867414
GB,2024-09-25T00:00:00Z,1.501166377077027
GB,2024-09-26T00:00:00Z,1.902667554541587
GB,2024-09-27T00:00:00Z,2.4081153867432334
GB,2024-09-28T00:00:00Z,2.518173126475112
GB,2024-09-29T00:00:00Z,2.482192520191923
GB,2024-09-30T00:00:00Z,2.2706027018710806
GB,2024-10-01T00:00:00Z,2.1348066740229257
GB,2024-10-02T00:00:00Z,2.074686419535091
GB,2024-10-03T00:00:00Z,2.288738016466901
GB,2024-10-04T00:00:00Z,2.6684206752319604
GB,2024-10-05T00:00:00Z,2.7466141529420085
ID,2022-08-11T00:00:00Z,0.8989289916407458
ID,2022-08-12T00:00:00Z,0.8914830558804069
ID,2022-08-13T00:00:00Z,0.8826148071257944
ID,2022-08-14T00:00:00Z,0.8831074876121615
ID,2022-08-15T00:00:00Z,0.8836001680985289
ID,2022-08-16T00:00:00Z,0.8875416119894679
ID,2022-08-17T00:00:00Z,0.8909903753940396
ID,2022-08-18T00:00:00Z,0.8944391387986113
ID,2022-08-19T00:00:00Z,0.9033073875532238
ID,2022-08-20T00:00:00Z,0.9131609972805714
ID,2022-08-21T00:00:00Z,0.923014607007919
ID,2022-08-22T00:00:00Z,0.9279414118715925
ID,2022-08-23T00:00:00Z,0.9299121338170622
ID,2022-08-24T00:00:00Z,0.9318828557625318
ID,2022-08-25T00:00:00Z,0.9200585240897146
ID,2022-08-26T00:00:00Z,0.9121756363078367
ID,2022-08-27T00:00:00Z,0.9042927485259586
ID,2022-08-28T00:00:00Z,0.8885269729622025
ID,2022-08-29T00:00:00Z,0.8496052145391801
ID,2022-08-30T00:00:00Z,0.8208604109431389
ID,2022-08-31T00:00:00Z,0.7868913418502442
ID,2022-09-01T00:00:00Z,0.7217462458517924
ID,2022-09-02T00:00:00Z,0.6663942035001675
ID,2022-09-03T00:00:00Z,0.6193949549653971
ID,2022-09-04T00:00:00Z,0.5815938214020041
ID,2022-09-05T00:00:00Z,0.5561395584570364
ID,2022-09-06T00:00:00Z,0.5461590524093828
ID,2022-09-07T00:00:00Z,0.5323674585839829
ID,2022-09-08T00:00:00Z,0.5201562675514744
ID,2022-09-09T00:00:00Z,0.5060089602663664
ID,2022-09-10T00:00:00Z,0.4977333793341814
ID,2022-09-11T00:00:00Z,0.497264748332114
ID,2022-09-12T00:00:00Z,0.4918705797352725
ID,2022-09-13T00:00:00Z,0.4812705876178175
ID,2022-09-14T00:00:00Z,0.45991126907804014
ID,2022-09-15T00:00:00Z,0.4352411825601482
ID,2022-09-16T00:00:00Z,0.42164150451258076
ID,2022-09-17T00:00:00Z,0.4186382478808637
ID,2022-09-18T00:00:00Z,0.4223248133360342
ID,2022-09-19T00:00:00Z,0.4328966873575295
ID,2022-09-20T00:00:00Z,0.4472796491567711
ID,2022-09-21T00:00:00Z,0.4625123954875444
ID,2022-09-22T00:00:00Z,0.4784293433171718
ID,2022-09-23T00:00:00Z,0.5020193468418048
ID,2022-09-24T00:00:00Z,0.5277311336690612
ID,2022-09-25T00:00:00Z,0.5535357540213293
ID,2022-09-26T00:00:00Z,0.5821343092363352
ID,2022-09-27T00:00:00Z,0.604725458512506
ID,2022-09-28T00:00:00Z,0.6355912960454623
ID,2022-09-29T00:00:00Z,0.6653953492517053
ID,2022-09-30T00:00:00Z,0.6903037683099367
ID,2022-10-01T00:00:00Z,0.7125182274336515
ID,2022-10-02T00:00:00Z,0.7329576899604386
ID,2022-10-03T00:00:00Z,0.7561893019991619
ID,2022-10-04T00:00:00Z,0.7790397605084225
ID,2022-10-05T00:00:00Z,0.7946509823424548
ID,2022-10-06T00:00:00Z,0.8120398787996176
ID,2022-10-07T00:00:00Z,0.8279358499364945
ID,2022-10-08T00:00:00Z,0.8416555869296325
ID,2022-10-09T00:00:00Z,0.8590418053605919
ID,2022-10-10T00:00:00Z,0.8740397898526295
ID,2022-10-11T00:00:00Z,0.8876175985320452
ID,2022-10-12T00:00:00Z,0.9001501362004933
ID,2022-10-13T00:00:00Z,0.9061557567885258
ID,2022-10-14T00:00:00Z,0.9146495862437012
ID,2022-10-15T00:00:00Z,0.9285866790844287
ID,2022-10-16T00:00:00Z,0.9383998167486036
ID,2022-10-17T00:00:00Z,0.9462496127396225
ID,2022-10-18T00:00:00Z,0.9480000619421951
ID,2022-10-19T00:00:00Z,0.9637148294060534
ID,2022-10-20T00:00:00Z,0.971920338856779
ID,2022-10-21T00:00:00Z,0.9780259343730338
ID,2022-10-22T00:00:00Z,0.9846001608913565
ID,2022-10-23T00:00:00Z,0.9895448898280779
ID,2022-10-24T00:00:00Z,0.9933997163421278
ID,2022-10-25T00:00:00Z,0.9963065687472272
ID,2022-10-26T00:00:00Z,0.9968234018626032
ID,2022-10-27T00:00:00Z,1.0042072448777584
ID,2022-10-28T00:00:00Z,1.011688384794932
ID,2022-10-29T00:00:00Z,1.018736598367729
ID,2022-10-30T00:00:00Z,1.0236768639274443
ID,2022-10-31T00:00:00Z,1.0261606094175812
ID,2022-11-01T00:00:00Z,1.0305157557312632
ID,2022-11-02T00:00:00Z,1.0387248358835939
ID,2022-11-03T00:00:00Z,1.0408774153083793
ID,2022-11-04T00:00:00Z,1.0432893039662536
ID,2022-11-05T00:00:00Z,1.0445175640010431
ID,2022-11-06T00:00:00Z,1.047497165913806
ID,2022-11-07T00:00:00Z,1.0506932309987573
ID,2022-11-08T00:00:00Z,1.0573402070247426
ID,2022-11-09T00:00:00Z,1.0593709421531559
ID,2022-11-10T00:00:00Z,1.0607165831073122
ID,2022-11-11T00:00:00Z,1.0408394777830057
ID,2022-11-12T00:00:00Z,1.038601206236418
ID,2022-11-13T00:00:00Z,1.038675741094884
ID,2022-11-14T00:00:00Z,1.0447076944280738
ID,2022-11-15T00:00:00Z,1.045228098245055
ID,2022-11-16T00:00:00Z,1.0412759748289864
ID,2022-11-17T00:00:00Z,1.0485205675566234
ID,2022-11-18T00:00:00Z,1.051005205722162
ID,2022-11-19T00:00:00Z,1.0522352511077537
ID,2022-11-20T00:00:00Z,1.0518804303234484
ID,2022-11-21T00:00:00Z,1.055450507534653
ID,2022-11-22T00:00:00Z,1.0544561166631965
ID,2022-11-23T00:00:00Z,1.0552094969681096
ID,2022-11-24T00:00:00Z,1.054427998567236
ID,2022-11-25T00:00:00Z,1.0552086042927078
ID,2022-11-26T00:00:00Z,1.0577633139397058
ID,2022-11-27T00:00:00Z,1.060268036122593
ID,2022-11-28T00:00:00Z,1.0602716068241984
ID,2022-11-29T00:00:00Z,1.0651690263230125
ID,2022-11-30T00:00:00Z,1.0654765376694104
ID,2022-12-01T00:00:00Z,1.066500831987629
ID,2022-12-02T00:00:00Z,1.0706149677347678
ID,2022-12-03T00:00:00Z,1.0715865965626714
ID,2022-12-04T00:00:00Z,1.0690747329765744
ID,2022-12-05T00:00:00Z,1.0714129794513847
ID,2022-12-06T00:00:00Z,1.0701164332859383
ID,2022-12-07T00:00:00Z,1.0716785374122821
ID,2022-12-08T00:00:00Z,1.0744198067847062
ID,2022-12-09T00:00:00Z,1.07401499853629
ID,2022-12-10T00:00:00Z,1.0764523272639204
ID,2022-12-11T00:00:00Z,1.0767852786800747
ID,2022-12-12T00:00:00Z,1.0788869779653474
ID,2022-12-13T00:00:00Z,1.081845603185361
ID,2022-12-14T00:00:00Z,1.0829047094858697
ID,2022-12-15T00:00:00Z,1.0803718692070223
ID,2022-12-16T00:00:00Z,1.079290000862962
ID,2022-12-17T00:00:00Z,1.0838544689456218
ID,2022-12-18T00:00:00Z,1.0839053490851345
ID,2022-12-19T00:00:00Z,1.0865801176777041
ID,2022-12-20T00:00:00Z,1.0872661045273606
ID,2022-12-21T00:00:00Z,1.0820111862180368
ID,2022-12-22T00:00:00Z,1.0838272435250638
ID,2022-12-23T00:00:00Z,1.0827382337777927
ID,2022-12-24T00:00:00Z,1.0839325745056931
ID,2022-12-25T00:00:00Z,1.0868175575426413
ID,2022-12-26T00:00:00Z,1.0857794279348831
ID,2022-12-27T00:00:00Z,1.0883305668802765
ID,2022-12-28T00:00:00Z,1.0907687882833086
ID,2022-12-29T00:00:00Z,1.0920934525447148
ID,2022-12-30T00:00:00Z,1.0932235230020844
ID,2022-12-31T00:00:00Z,1.0944062589497685
ID,2023-01-01T00:00:00Z,1.0918542273289744
ID,2023-01-02T00:00:00Z,1.0920207030370517
ID,2023-01-03T00:00:00Z,1.09140210964265
ID,2023-01-04T00:00:00Z,1.0914012169672491
ID,2023-01-05T00:00:00Z,1.0868840583224961
ID,2023-01-06T00:00:00Z,1.0887800065403967
ID,2023-01-07T00:00:00Z,1.0891839221134114
ID,2023-01-08T00:00:00Z,1.0891084945795435
ID,2023-01-09T00:00:00Z,1.0878074850370905
ID,2023-01-10T00:00:00Z,1.0862217261917932
ID,2023-01-11T00:00:00Z,1.0885871980871618
ID,2023-01-12T00:00:00Z,1.0894642080392507
ID,2023-01-13T00:00:00Z,1.0870442853027646
ID,2023-01-14T00:00:00Z,1.0883506508976246
ID,2023-01-15T00:00:00Z,1.090339432640537
ID,2023-01-16T00:00:00Z,1.0874754262963386
ID,2023-01-17T00:00:00Z,1.086551106906342
ID,2023-01-18T00:00:00Z,1.0855102992723795
ID,2023-01-19T00:00:00Z,1.0833822672419497
ID,2023-01-20T00:00:00Z,1.080568248361862
ID,2023-01-21T00:00:00Z,1.0828408867322186
ID,2023-01-22T00:00:00Z,1.0817692829760928
ID,2023-01-23T00:00:00Z,1.078040764135423
ID,2023-01-24T00:00:00Z,1.0838571469718252
ID,2023-01-25T00:00:00Z,1.0860525724575123
ID,2023-01-26T00:00:00Z,1.0630445649941869
ID,2023-01-27T00:00:00Z,1.0611758421968458
ID,2023-01-28T00:00:00Z,1.0497541836438207
ID,2023-01-29T00:00:00Z,1.0319167402019387
ID,2023-01-30T00:00:00Z,1.0034793046426018
ID,2023-01-31T00:00:00Z,0.9803922989438041
ID,2023-02-01T00:00:00Z,0.9588191952580423
ID,2023-02-02T00:00:00Z,0.9403457524306147
ID,2023-02-03T00:00:00Z,0.9209680742305391
ID,2023-02-04T00:00:00Z,0.902196046810727
ID,2023-02-05T00:00:00Z,0.8963997479916724
ID,2023-02-06T00:00:00Z,0.8828866547413081
ID,2023-02-07T00:00:00Z,0.8680341692645979
ID,2023-02-08T00:00:00Z,0.8598277671384711
ID,2023-02-09T00:00:00Z,0.8532727319620965
ID,2023-02-10T00:00:00Z,0.8473117427857673
ID,2023-02-11T00:00:00Z,0.8287401103809201
ID,2023-02-12T00:00:00Z,0.8108044773616188
ID,2023-02-13T00:00:00Z,0.7973993931180885
ID,2023-02-14T00:00:00Z,0.7688481473409895
ID,2023-02-15T00:00:00Z,0.7152255774991861
ID,2023-02-16T00:00:00Z,0.6488013413264334
ID,2023-02-17T00:00:00Z,0.5915069339944021
ID,2023-02-18T00:00:00Z,0.550234805472627
ID,2023-02-19T00:00:00Z,0.5079901554475483
ID,2023-02-20T00:00:00Z,0.471439151287097
ID,2023-02-21T00:00:00Z,0.44023679163638174
ID,2023-02-22T00:00:00Z,0.4178621055323988
ID,2023-02-23T00:00:00Z,0.40911253754573873
ID,2023-02-24T00:00:00Z,0.4052121869445853
ID,2023-02-25T00:00:00Z,0.4161826204866865
ID,2023-02-26T00:00:00Z,0.43389554160599175
ID,2023-02-27T00:00:00Z,0.4529340196621042
ID,2023-02-28T00:00:00Z,0.4737283029731958
ID,2023-03-01T00:00:00Z,0.5052215545683856
ID,2023-03-02T00:00:00Z,0.5288638821526338
ID,2023-03-03T00:00:00Z,0.5497483209625357
ID,2023-03-04T00:00:00Z,0.5740716207747326
ID,2023-03-05T00:00:00Z,0.6045197074451331
ID,2023-03-06T00:00:00Z,0.6305845297058914
ID,2023-03-07T00:00:00Z,0.6544275937358061
ID,2023-03-08T00:00:00Z,0.6825338632297913
ID,2023-03-09T00:00:00Z,0.7040105626889357
ID,2023-03-10T00:00:00Z,0.7197110473463741
ID,2023-03-11T00:00:00Z,0.739487285067057
ID,2023-03-12T00:00:00Z,0.7535863902388557
ID,2023-03-13T00:00:00Z,0.7492531132933241
ID,2023-03-14T00:00:00Z,0.7628871581646602
ID,2023-03-15T00:00:00Z,0.7690199791014745
ID,2023-03-16T00:00:00Z,0.7651160577987142
ID,2023-03-17T00:00:00Z,0.7597174258248661
ID,2023-03-18T00:00:00Z,0.7509616091103971
ID,2023-03-19T00:00:00Z,0.754609791881673
ID,2023-03-20T00:00:00Z,0.7597937460341347
ID,2023-03-21T00:00:00Z,0.759510782082092
ID,2023-03-22T00:00:00Z,0.7543049585614788
ID,2023-03-23T00:00:00Z,0.7664898168488308
ID,2023-03-24T00:00:00Z,0.7694685260861924
ID,2023-03-25T00:00:00Z,0.7732041863300728
ID,2023-03-26T00:00:00Z,0.7816489209965385
ID,2023-03-27T00:00:00Z,0.7929576620072026
ID,2023-03-28T00:00:00Z,0.8016143964688511
ID,2023-03-29T00:00:00Z,0.8156443228345902
ID,2023-03-30T00:00:00Z,0.8259350182548454
ID,2023-03-31T00:00:00Z,0.8244947584248734
ID,2023-04-01T00:00:00Z,0.8190269476449678
ID,2023-04-02T00:00:00Z,0.8093967990046141
ID,2023-04-03T00:00:00Z,0.8119979254141175
ID,2023-04-04T00:00:00Z,0.8191644125816835
ID,2023-04-05T00:00:00Z,0.8325320068167197
ID,2023-04-06T00:00:00Z,0.8425625003284841
ID,2023-04-07T00:00:00Z,0.8560211427377302
ID,2023-04-08T00:00:00Z,0.8599951355219495
ID,2023-04-09T00:00:00Z,0.8694106063409179
ID,2023-04-10T00:00:00Z,0.8892595935692635
ID,2023-04-11T00:00:00Z,0.9003536567585423
ID,2023-04-12T00:00:00Z,0.9047480784315209
ID,2023-04-13T00:00:00Z,0.9013855376384922
ID,2023-04-14T00:00:00Z,0.9090751066492433
ID,2023-04-15T00:00:00Z,0.9167856523527436
ID,2023-04-16T00:00:00Z,0.9344084179732399
ID,2023-04-17T00:00:00Z,0.9505654836940087
ID,2023-04-18T00:00:00Z,0.9697994482295593
ID,2023-04-19T00:00:00Z,0.9659910384780158
ID,2023-04-20T00:00:00Z,0.975219056896157
ID,2023-04-21T00:00:00Z,0.9785017067783119
ID,2023-04-22T00:00:00Z,0.9876279649174284
ID,2023-04-23T00:00:00Z,1.0111688736533524
ID,2023-04-24T00:00:00Z,1.0318921928075835
ID,2023-04-25T00:00:00Z,1.0431027442408287
ID,2023-04-26T00:00:00Z,1.0674889741312763
ID,2023-04-27T00:00:00Z,1.0813260920437804
ID,2023-04-28T00:00:00Z,1.0839999679609489
ID,2023-04-29T00:00:00Z,1.0914030023180508
ID,2023-04-30T00:00:00Z,1.0845578617864244
ID,2023-05-01T00:00:00Z,1.083525088231073
ID,2023-05-02T00:00:00Z,1.085963309634105
ID,2023-05-03T00:00:00Z,1.0943352947929075
ID,2023-05-04T00:00:00Z,1.0984784413114081
ID,2023-05-05T00:00:00Z,1.1006810082003045
ID,2023-05-06T00:00:00Z,1.1092484798385445
ID,2023-05-07T00:00:00Z,1.1122981532327678
ID,2023-05-08T00:00:00Z,1.1170982758295636
ID,2023-05-09T00:00:00Z,1.1204782226137369
ID,2023-05-10T00:00:00Z,1.1242893103914842
ID,2023-05-11T00:00:00Z,1.1252372845004341
ID,2023-05-12T00:00:00Z,1.127651851184512
ID,2023-05-13T00:00:00Z,1.1263981510799668
ID,2023-05-14T00:00:00Z,1.1192754026487042
ID,2023-05-15T00:00:00Z,1.1201515199253917
ID,2023-05-16T00:00:00Z,1.118370274600655
ID,2023-05-17T00:00:00Z,1.1258924752279273
ID,2023-05-18T00:00:00Z,1.1229119806397625
ID,2023-05-19T00:00:00Z,1.1186813566486582
ID,2023-05-20T00:00:00Z,1.0483862258046326
ID,2023-05-21T00:00:00Z,1.1165952780037265
ID,2023-05-22T00:00:00Z,1.1244057986354499
ID,2023-05-23T00:00:00Z,1.125612189302088
ID,2023-05-24T00:00:00Z,1.1209240915722511
ID,2023-05-25T00:00:00Z,1.123004814164775
ID,2023-05-26T00:00:00Z,1.1188888930668335
ID,2023-05-27T00:00:00Z,1.1156990767096913
ID,2023-05-28T00:00:00Z,1.1136665562304766
ID,2023-05-29T00:00:00Z,1.1140450317337356
ID,2023-05-30T00:00:00Z,1.1100683609233126
ID,2023-05-31T00:00:00Z,1.1082951496771876
ID,2023-06-01T00:00:00Z,1.1122437023916503
ID,2023-06-02T00:00:00Z,1.1194784756898728
ID,2023-06-03T00:00:00Z,1.1169447427356247
ID,2023-06-04T00:00:00Z,1.1139169387095529
ID,2023-06-05T00:00:00Z,1.1166907895549434
ID,2023-06-06T00:00:00Z,1.1186777859470531
ID,2023-06-07T00:00:00Z,1.1248025728052553
ID,2023-06-08T00:00:00Z,1.1274983180905744
ID,2023-06-09T00:00:00Z,1.1248007874544523
ID,2023-06-10T00:00:00Z,1.1262727360819893
ID,2023-06-11T00:00:00Z,1.1253019999294862
ID,2023-06-12T00:00:00Z,1.121540006940449
ID,2023-06-13T00:00:00Z,1.123481479245454
ID,2023-06-14T00:00:00Z,1.1274791267486268
ID,2023-06-15T00:00:00Z,1.1256813681081468
ID,2023-06-16T00:00:00Z,1.1259652247355911
ID,2023-06-17T00:00:00Z,1.127027901737704
ID,2023-06-18T00:00:00Z,1.1060225113068307
ID,2023-06-19T00:00:00Z,1.0511672180532328
ID,2023-06-20T00:00:00Z,0.9996463474967023
ID,2023-06-21T00:00:00Z,0.9918545730484073
ID,2023-06-22T00:00:00Z,0.9231969738645939
ID,2023-06-23T00:00:00Z,0.8766444869637398
ID,2023-06-24T00:00:00Z,0.8400042199798806
ID,2023-06-25T00:00:00Z,0.7897852516412049
ID,2023-06-26T00:00:00Z,0.7319249164050879
ID,2023-06-27T00:00:00Z,0.6634190649644102
ID,2023-06-28T00:00:00Z,0.6120637774405557
ID,2023-06-29T00:00:00Z,0.5795403242300409
ID,2023-06-30T00:00:00Z,0.5648788618557616
ID,2023-07-01T00:00:00Z,0.5595056699516702
ID,2023-07-02T00:00:00Z,0.5676692260168955
ID,2023-07-03T00:00:00Z,0.5723983844568294
ID,2023-07-04T00:00:00Z,0.5814826892104468
ID,2023-07-05T00:00:00Z,0.6010214870661913
ID,2023-07-06T00:00:00Z,0.6216693786865557
ID,2023-07-07T00:00:00Z,0.6415875447209611
ID,2023-07-08T00:00:00Z,0.662356387962297
ID,2023-07-09T00:00:00Z,0.690600122392999
ID,2023-07-10T00:00:00Z,0.7099733372160671
ID,2023-07-11T00:00:00Z,0.7320904994377642
ID,2023-07-12T00:00:00Z,0.7662979010709977
ID,2023-07-13T00:00:00Z,0.7750264923649076
ID,2023-07-14T00:00:00Z,0.7766033244561927
ID,2023-07-15T00:00:00Z,0.7897790029133962
ID,2023-07-16T00:00:00Z,0.8000696983336516
ID,2023-07-17T00:00:00Z,0.8075682442419697
ID,2023-07-18T00:00:00Z,0.8178607250130268
ID,2023-07-19T00:00:00Z,0.8282924560716023
ID,2023-07-20T00:00:00Z,0.8406620887335778
ID,2023-07-21T00:00:00Z,0.8510192849336871
ID,2023-07-22T00:00:00Z,0.8580929385762406
ID,2023-07-23T00:00:00Z,0.8614072772559604
ID,2023-07-24T00:00:00Z,0.8654540195478432
ID,2023-07-25T00:00:00Z,0.8720527934605199
ID,2023-07-26T00:00:00Z,0.8734466365279858
ID,2023-07-27T00:00:00Z,0.8773978672686521
ID,2023-07-28T00:00:00Z,0.8796941603579622
ID,2023-07-29T00:00:00Z,0.8812080623709984
ID,2023-07-30T00:00:00Z,0.888090692911119
ID,2023-07-31T00:00:00Z,0.8892944055515531
ID,2023-08-01T00:00:00Z,0.8859117807411763
ID,2023-08-02T00:00:00Z,0.8726187213646066
ID,2023-08-03T00:00:00Z,0.8674874327024582
ID,2023-08-04T00:00:00Z,0.8540725290295147
ID,2023-08-05T00:00:00Z,0.8101921326950265
ID,2023-08-06T00:00:00Z,0.7602106042212885
ID,2023-08-07T00:00:00Z,0.7418799823829847
ID,2023-08-08T00:00:00Z,0.7325827851587853
ID,2023-08-09T00:00:00Z,0.7296951240956329
ID,2023-08-10T00:00:00Z,0.7356324585530079
ID,2023-08-11T00:00:00Z,0.744834144225992
ID,2023-08-12T00:00:00Z,0.7656993916939449
ID,2023-08-13T00:00:00Z,0.7881013032184871
ID,2023-08-14T00:00:00Z,0.8006838283510453
ID,2023-08-15T00:00:00Z,0.8165797994879223
ID,2023-08-16T00:00:00Z,0.8256623188907373
ID,2023-08-17T00:00:00Z,0.8347921477314585
ID,2023-08-18T00:00:00Z,0.8310783568557301
ID,2023-08-19T00:00:00Z,0.8305351909951967
ID,2023-08-20T00:00:00Z,0.834654682794742
ID,2023-08-21T00:00:00Z,0.8394083886290324
ID,2023-08-22T00:00:00Z,0.8453430450602041
ID,2023-08-23T00:00:00Z,0.8544036950948664
ID,2023-08-24T00:00:00Z,0.868383633996495
ID,2023-08-25T00:00:00Z,0.8870690766191047
ID,2023-08-26T00:00:00Z,0.8995324354814936
ID,2023-08-27T00:00:00Z,0.9126362571064343
ID,2023-08-28T00:00:00Z,0.9231617143654243
ID,2023-08-29T00:00:00Z,0.9271129451060901
ID,2023-08-30T00:00:00Z,0.9404207324476025
ID,2023-08-31T00:00:00Z,0.9178438659778505
ID,2023-09-01T00:00:00Z,0.9171596644789956
ID,2023-09-02T00:00:00Z,0.8859626608806891
ID,2023-09-03T00:00:00Z,0.8407812550037467
ID,2023-09-04T00:00:00Z,0.7824942421510626
ID,2023-09-05T00:00:00Z,0.7331741531326268
ID,2023-09-06T00:00:00Z,0.6959652802184787
ID,2023-09-07T00:00:00Z,0.6731594531209211
ID,2023-09-08T00:00:00Z,0.6651396107202205
ID,2023-09-09T00:00:00Z,0.6678134866373887
ID,2023-09-10T00:00:00Z,0.6690698647681373
ID,2023-09-11T00:00:00Z,0.6741547366677783
ID,2023-09-12T00:00:00Z,0.6821027222362167
ID,2023-09-13T00:00:00Z,0.691798478981025
ID,2023-09-14T00:00:00Z,0.708878078740987
ID,2023-09-15T00:00:00Z,0.7277326750978775
ID,2023-09-16T00:00:00Z,0.7504876220559225
ID,2023-09-17T00:00:00Z,0.7668312475021172
ID,2023-09-18T00:00:00Z,0.7849770949657974
ID,2023-09-19T00:00:00Z,0.8023633133967569
ID,2023-09-20T00:00:00Z,0.8098163352179711
ID,2023-09-21T00:00:00Z,0.8236026333142356
ID,2023-09-22T00:00:00Z,0.8343321194617915
ID,2023-09-23T00:00:00Z,0.8476344925937107
ID,2023-09-24T00:00:00Z,0.8609368657256297
ID,2023-09-25T00:00:00Z,0.86808985649066706
ID,2023-09-26T00:00:00Z,0.8813739821971652
ID,2023-09-27T00:00:00Z,0.8885269729622025
ID,2023-09-28T00:00:00Z,0.8908261485652504
ID,2023-09-29T00:00:00Z,0.895096046113768
ID,2023-09-30T00:00:00Z,0.8973952217168157
ID,2023-10-01T00:00:00Z,0.9007162531434402
ID,2023-10-02T00:00:00Z,0.913423111559715
ID,2023-10-03T00:00:00Z,0.919905397228426
ID,2023-10-04T00:00:00Z,0.9271892653153586
ID,2023-10-05T00:00:00Z,0.9335287299949464
ID,2023-10-06T00:00:00Z,0.9380923054022056
ID,2023-10-07T00:00:00Z,0.9432017246962021
ID,2023-10-08T00:00:00Z,0.9559052014497328
ID,2023-10-09T00:00:00Z,0.9665743723732458
ID,2023-10-10T00:00:00Z,0.9721542080201121
ID,2023-10-11T00:00:00Z,0.9780170076190222
ID,2023-10-12T00:00:00Z,0.9682694780593006
ID,2023-10-13T00:00:00Z,0.9548581450879619
ID,2023-10-14T00:00:00Z,0.9582662099680948
ID,2023-10-15T00:00:00Z,0.9474551107308595
ID,2023-10-16T00:00:00Z,0.9236830108578057
ID,2023-10-17T00:00:00Z,0.9124523754072121
ID,2023-10-18T00:00:00Z,0.9038456284096757
ID,2023-10-19T00:00:00Z,0.8990437204620774
ID,2023-10-20T00:00:00Z,0.8965318568759808
ID,2023-10-21T00:00:00Z,0.8932884823531222
ID,2023-10-22T00:00:00Z,0.9012163839042112
ID,2023-10-23T00:00:00Z,0.9079370021132617
ID,2023-10-24T00:00:00Z,0.9189864338908378
ID,2023-10-25T00:00:00Z,0.9246635664397223
ID,2023-10-26T00:00:00Z,0.9322558385484543
ID,2023-10-27T00:00:00Z,0.93767366186425
ID,2023-10-28T00:00:00Z,0.9447682921995526
ID,2023-10-29T00:00:00Z,0.9548670718419741
ID,2023-10-30T00:00:00Z,0.9595935522557048
ID,2023-10-31T00:00:00Z,0.9669738245692547
ID,2023-11-01T00:00:00Z,0.9808935114188377
ID,2023-11-02T00:00:00Z,0.9964837565601197
ID,2023-11-03T00:00:00Z,1.0060139302722513
ID,2023-11-04T00:00:00Z,1.0103864825770779
ID,2023-11-05T00:00:00Z,1.0173173152305077
ID,2023-11-06T00:00:00Z,1.02299266242859
ID,2023-11-07T00:00:00Z,1.0276999515003735
ID,2023-11-08T00:00:00Z,1.0324782047290184
ID,2023-11-09T00:00:00Z,1.0388176694086064
ID,2023-11-10T00:00:00Z,1.0426979359924111
ID,2023-11-11T00:00:00Z,1.049797029704722
ID,2023-11-12T00:00:00Z,1.0569898496174444
ID,2023-11-13T00:00:00Z,1.0646066691205318
ID,2023-11-14T00:00:00Z,1.0674671047631257
ID,2023-11-15T00:00:00Z,1.0660205962053453
ID,2023-11-16T00:00:00Z,1.0640300291116307
ID,2023-11-17T00:00:00Z,1.0698218645536786
ID,2023-11-18T00:00:00Z,1.0722574079305074
ID,2023-11-19T00:00:00Z,1.077726111385815
ID,2023-11-20T00:00:00Z,1.0819875314990832
ID,2023-11-21T00:00:00Z,1.0843766581134053
ID,2023-11-22T00:00:00Z,1.0823615436253355
ID,2023-11-23T00:00:00Z,1.0851108470763702
ID,2023-11-24T00:00:00Z,1.0863435704881668
ID,2023-11-25T00:00:00Z,1.090694253424842
ID,2023-11-26T00:00:00Z,1.089795374104602
ID,2023-11-27T00:00:00Z,1.0792708095210148
ID,2023-11-28T00:00:00Z,1.0814006269022474
ID,2023-11-29T00:00:00Z,1.0826552196821941
ID,2023-11-30T00:00:00Z,1.0764804453598802
ID,2023-12-01T00:00:00Z,1.0715812405102638
ID,2023-12-02T00:00:00Z,1.0669194755255853
ID,2023-12-03T00:00:00Z,1.051164540027029
ID,2023-12-04T00:00:00Z,1.0472833807678223
ID,2023-12-05T00:00:00Z,1.0216688908425846
ID,2023-12-06T00:00:00Z,0.9758733549482481
ID,2023-12-07T00:00:00Z,0.9367056037379508
ID,2023-12-08T00:00:00Z,0.9114878879825191
ID,2023-12-09T00:00:00Z,0.8965854150416972
ID,2023-12-10T00:00:00Z,0.8895081906975387
ID,2023-12-11T00:00:00Z,0.8778763177001335
ID,2023-12-12T00:00:00Z,0.8801052173341871
ID,2023-12-13T00:00:00Z,0.8729141827722664
ID,2023-12-14T00:00:00Z,0.8583665306157499
ID,2023-12-15T00:00:00Z,0.844977067012563
ID,2023-12-16T00:00:00Z,0.8322700195574267
ID,2023-12-17T00:00:00Z,0.7967736583204781
ID,2023-12-18T00:00:00Z,0.746934058160463
ID,2023-12-19T00:00:00Z,0.704529181155114
ID,2023-12-20T00:00:00Z,0.5924375021122075
ID,2023-12-21T00:00:00Z,0.4756559399886622
ID,2023-12-22T00:00:00Z,0.3829040016204561
ID,2023-12-23T00:00:00Z,0.31167785750010424
ID,2023-12-24T00:00:00Z,0.2666856893747922
ID,2023-12-25T00:00:00Z,0.24565218084795815
ID,2023-12-26T00:00:00Z,0.2327795503601473
ID,2023-12-27T00:00:00Z,0.23171598068263322
ID,2023-12-28T00:00:00Z,0.23469558259539558
ID,2023-12-29T00:00:00Z,0.24047269007250271
ID,2023-12-30T00:00:00Z,0.24603333437742259
ID,2023-12-31T00:00:00Z,0.25431337868661275
ID,2024-01-01T00:00:00Z,0.26495621686496995
ID,2024-01-02T00:00:00Z,0.2754606974312086
ID,2024-01-03T00:00:00Z,0.28716442726087554
ID,2024-01-04T00:00:00Z,0.2993747256179846
ID,2024-01-05T00:00:00Z,0.31375143868941713
ID,2024-01-06T00:00:00Z,0.3169631244147113
ID,2024-01-07T00:00:00Z,0.32558593956947046
ID,2024-01-08T00:00:00Z,0.3320646545365771
ID,2024-01-09T00:00:00Z,0.33233690638380486
ID,2024-01-10T00:00:00Z,0.3151225197133303
ID,2024-01-11T00:00:00Z,0.3115760972210797
ID,2024-01-12T00:00:00Z,0.3006703791080283
ID,2024-01-13T00:00:00Z,0.282826686938338
ID,2024-01-14T00:00:00Z,0.26294645842930797
ID,2024-01-15T00:00:00Z,0.252915964917543
ID,2024-01-16T00:00:00Z,0.2358783185430806
ID,2024-01-17T00:00:00Z,0.23731312562671092
ID,2024-01-18T00:00:00Z,0.21422041541091796
ID,2024-01-19T00:00:00Z,0.20565026574647338
ID,2024-01-20T00:00:00Z,0.1954604379298419
ID,2024-01-21T00:00:00Z,0.19930053647894996
ID,2024-01-22T00:00:00Z,0.20256310234375619
ID,2024-01-23T00:00:00Z,0.2088989963217398
ID,2024-01-24T00:00:00Z,0.22091380819940953
ID,2024-01-25T00:00:00Z,0.2287653895412316
ID,2024-01-26T00:00:00Z,0.2355306391619858
ID,2024-01-27T00:00:00Z,0.24780297492194192
ID,2024-01-28T00:00:00Z,0.2537175473357647
ID,2024-01-29T00:00:00Z,0.26568862047713204
ID,2024-01-30T00:00:00Z,0.2788169894964283
ID,2024-01-31T00:00:00Z,0.29296340410613375
ID,2024-02-01T00:00:00Z,0.30739099731707853
ID,2024-02-02T00:00:00Z,0.32325885035799673
ID,2024-02-03T00:00:00Z,0.34201436446206634
ID,2024-02-04T00:00:00Z,0.35818615814777655
ID,2024-02-05T00:00:00Z,0.37365991504509233
ID,2024-02-06T00:00:00Z,0.39292556837820714
ID,2024-02-07T00:00:00Z,0.40913351423848865
ID,2024-02-08T00:00:00Z,0.42065425504433507
ID,2024-02-09T00:00:00Z,0.4270392438110282
ID,2024-02-10T00:00:00Z,0.4326181867824924
ID,2024-02-11T00:00:00Z,0.43585799060374664
ID,2024-02-12T00:00:00Z,0.44051172150981344
ID,2024-02-13T00:00:00Z,0.4409700879239459
ID,2024-02-14T00:00:00Z,0.4514290444030802
ID,2024-02-15T00:00:00Z,0.4568906064551784
ID,2024-02-16T00:00:00Z,0.46237403787542686
ID,2024-02-17T00:00:00Z,0.46350857170980264
ID,2024-02-18T00:00:00Z,0.46095564741360706
ID,2024-02-19T00:00:00Z,0.4637732369952998
ID,2024-02-20T00:00:00Z,0.46209642997579126
ID,2024-02-21T00:00:00Z,0.45618453558817285
ID,2024-02-22T00:00:00Z,0.44258039416359995
ID,2024-02-23T00:00:00Z,0.4317393914796013
ID,2024-02-24T00:00:00Z,0.4088161834626769
ID,2024-02-25T00:00:00Z,0.3996452939118569
ID,2024-02-26T00:00:00Z,0.40101726761117096
ID,2024-02-27T00:00:00Z,0.40387859592916464
ID,2024-02-28T00:00:00Z,0.4108112139333977
ID,2024-02-29T00:00:00Z,0.4257891144080872
ID,2024-03-01T00:00:00Z,0.45074127220262117
ID,2024-03-02T00:00:00Z,0.47460709827608827
ID,2024-03-03T00:00:00Z,0.4971973548768579
ID,2024-03-04T00:00:00Z,0.5223650831681786
ID,2024-03-05T00:00:00Z,0.5346128715337806
ID,2024-03-06T00:00:00Z,0.5352506562701295
ID,2024-03-07T00:00:00Z,0.5422314763876706
ID,2024-03-08T00:00:00Z,0.5422096070195195
ID,2024-03-09T00:00:00Z,0.5401471830935429
ID,2024-03-10T00:00:00Z,0.5245368539349115
ID,2024-03-11T00:00:00Z,0.5226743798653791
ID,2024-03-12T00:00:00Z,0.5120797438003322
ID,2024-03-13T00:00:00Z,0.48122863423231743
ID,2024-03-14T00:00:00Z,0.4495076561154243
ID,2024-03-15T00:00:00Z,0.4231817392707742
ID,2024-03-16T00:00:00Z,0.402291051733064
ID,2024-03-17T00:00:00Z,0.37669396779897224
ID,2024-03-18T00:00:00Z,0.36777524607803236
ID,2024-03-19T00:00:00Z,0.35255053382587054
ID,2024-03-20T00:00:00Z,0.3491424689457372
ID,2024-03-21T00:00:00Z,0.3502069312986531
ID,2024-03-22T00:00:00Z,0.3491826369804347
ID,2024-03-23T00:00:00Z,0.3478544020174228
ID,2024-03-24T00:00:00Z,0.35152802485845336
ID,2024-03-25T00:00:00Z,0.3529727480654312
ID,2024-03-26T00:00:00Z,0.35245055889764765
ID,2024-03-27T00:00:00Z,0.3468653671983739
ID,2024-03-28T00:00:00Z,0.33338128471937223
ID,2024-03-29T00:00:00Z,0.3249691315258729
ID,2024-03-30T00:00:00Z,0.3201908782972278
ID,2024-03-31T00:00:00Z,0.3042685744151927
ID,2024-04-01T00:00:00Z,0.28716621261167696
ID,2024-04-02T00:00:00Z,0.2686891990826452
ID,2024-04-03T00:00:00Z,0.2520545756057966
ID,2024-04-04T00:00:00Z,0.21855368626421035
ID,2024-04-05T00:00:00Z,0.1977951137030476
ID,2024-04-06T00:00:00Z,0.17731101976455554
ID,2024-04-07T00:00:00Z,0.15973734893276936
ID,2024-04-08T00:00:00Z,0.14580650481985158
ID,2024-04-09T00:00:00Z,0.14353475912489544
ID,2024-04-10T00:00:00Z,0.14762077677607555
ID,2024-04-11T00:00:00Z,0.15064679545134418
ID,2024-04-12T00:00:00Z,0.13766928149978308
ID,2024-04-13T00:00:00Z,0.12643507534758514
ID,2024-04-14T00:00:00Z,0.09613427304331434
ID,2024-04-15T00:00:00Z,0.04586531724052767
ID,2024-04-16T00:00:00Z,-0.008280334444459525
ID,2024-04-17T00:00:00Z,-0.058356481794012094
ID,2024-04-18T00:00:00Z,-0.09812095703056012
ID,2024-04-19T00:00:00Z,-0.13719944541745144
ID,2024-04-20T00:00:00Z,-0.17386515247106527
ID,2024-04-21T00:00:00Z,-0.18832254801503345
ID,2024-04-22T00:00:00Z,-0.22985765758524335
ID,2024-04-23T00:00:00Z,-0.24830298231670977
ID,2024-04-24T00:00:00Z,-0.2568914306477008
ID,2024-04-25T00:00:00Z,-0.25062471547577725
ID,2024-04-26T00:00:00Z,-0.23075028817767418
ID,2024-04-27T00:00:00Z,-0.20472920465321742
ID,2024-04-28T00:00:00Z,-0.17712682566046944
ID,2024-04-29T00:00:00Z,-0.14448599153058672
ID,2024-04-30T00:00:00Z,-0.1068294643071217
ID,2024-05-01T00:00:00Z,-0.06796565374161556
ID,2024-05-02T00:00:00Z,-0.026002182317776956
ID,2024-05-03T00:00:00Z,0.014377315611565411
ID,2024-05-04T00:00:00Z,0.0557038949744586
ID,2024-05-05T00:00:00Z,0.09492341899967038
ID,2024-05-06T00:00:00Z,0.13331234983529905
ID,2024-05-07T00:00:00Z,0.1717021733463282
ID,2024-05-08T00:00:00Z,0.20985723501862408
ID,2024-05-09T00:00:00Z,0.24011162056038882
ID,2024-05-10T00:00:00Z,0.2591983007298093
ID,2024-05-11T00:00:00Z,0.2835180298404023
ID,2024-05-12T00:00:00Z,0.3052102997963342
ID,2024-05-13T00:00:00Z,0.3177718482361429
ID,2024-05-14T00:00:00Z,0.32616927346470215
ID,2024-05-15T00:00:00Z,0.3233989933209165
ID,2024-05-16T00:00:00Z,0.3193285963100796
ID,2024-05-17T00:00:00Z,0.3072182728811941
ID,2024-05-18T00:00:00Z,0.28955176852439557
ID,2024-05-19T00:00:00Z,0.2609750826775399
ID,2024-05-20T00:00:00Z,0.2263918835672507
ID,2024-05-21T00:00:00Z,0.1963521758468727
ID,2024-05-22T00:00:00Z,0.1610120257300658
ID,2024-05-23T00:00:00Z,0.13146906710771433
ID,2024-05-24T00:00:00Z,0.10048049260298297
ID,2024-05-25T00:00:00Z,0.0638375475929216
ID,2024-05-26T00:00:00Z,0.027645827593781425
ID,2024-05-27T00:00:00Z,-0.0024429749153067615
ID,2024-05-28T00:00:00Z,-0.023186378086887727
ID,2024-05-29T00:00:00Z,-0.03692976979897944
ID,2024-05-30T00:00:00Z,-0.034136727611641104
ID,2024-05-31T00:00:00Z,-0.020721823938697703
ID,2024-06-01T00:00:00Z,-0.002580439852023275
ID,2024-06-02T00:00:00Z,0.014923159498303695
ID,2024-06-03T00:00:00Z,0.030532595981532795
ID,2024-06-04T00:00:00Z,0.045741687593350955
ID,2024-06-05T00:00:00Z,0.0671010061331283
ID,2024-06-06T00:00:00Z,0.09435034969237388
ID,2024-06-07T00:00:00Z,0.12008668391398514
ID,2024-06-08T00:00:00Z,0.15346527770843776
ID,2024-06-09T00:00:00Z,0.18142247748549112
ID,2024-06-10T00:00:00Z,0.2188433501948217
ID,2024-06-11T00:00:00Z,0.26064302393678696
ID,2024-06-12T00:00:00Z,0.3032224107288233
ID,2024-06-13T00:00:00Z,0.3493254579695575
ID,2024-06-14T00:00:00Z,0.3959498017026746
ID,2024-06-15T00:00:00Z,0.4389322113923241
ID,2024-06-16T00:00:00Z,0.48158434769202374
ID,2024-06-17T00:00:00Z,0.5243038774469803
ID,2024-06-18T00:00:00Z,0.5633105090016085
ID,2024-06-19T00:00:00Z,0.5966891027960617
ID,2024-06-20T00:00:00Z,0.6292152340327818
ID,2024-06-21T00:00:00Z,0.6570778149340202
ID,2024-06-22T00:00:00Z,0.6817014846894064
ID,2024-06-23T00:00:00Z,0.702396685747677
ID,2024-06-24T00:00:00Z,0.7265008443614834
ID,2024-06-25T00:00:00Z,0.7456857141083244
ID,2024-06-26T00:00:00Z,0.764464882931348
ID,2024-06-27T00:00:00Z,0.7803617467436252
ID,2024-06-28T00:00:00Z,0.7893313486040784
ID,2024-06-29T00:00:00Z,0.8050416526909319
ID,2024-06-30T00:00:00Z,0.8207211606556204
ID,2024-07-01T00:00:00Z,0.8303231912000137
ID,2024-07-02T00:00:00Z,0.8386514376225146
ID,2024-07-03T00:00:00Z,0.8450154496964567
ID,2024-07-04T00:00:00Z,0.8446360815177971
ID,2024-07-05T00:00:00Z,0.8410624336049876
ID,2024-07-06T00:00:00Z,0.8188961765945814
ID,2024-07-07T00:00:00Z,0.7967098355668261
ID,2024-07-08T00:00:00Z,0.770430335484683
ID,2024-07-09T00:00:00Z,0.7675672218158845
ID,2024-07-10T00:00:00Z,0.769766218003177
ID,2024-07-11T00:00:00Z,0.7719669995412701
ID,2024-07-12T00:00:00Z,0.7716358334759184
ID,2024-07-13T00:00:00Z,0.7691320039684331
ID,2024-07-14T00:00:00Z,0.761468767702841
ID,2024-07-15T00:00:00Z,0.7516511666616594
ID,2024-07-16T00:00:00Z,0.7382371556641171
ID,2024-07-17T00:00:00Z,0.7330576648886603
ID,2024-07-18T00:00:00Z,0.7454518449449913
ID,2024-07-19T00:00:00Z,0.7663170924129451
ID,2024-07-20T00:00:00Z,0.7763931100118132
ID,2024-07-21T00:00:00Z,0.7909407621683299
ID,2024-07-22T00:00:00Z,0.8042574762638548
ID,2024-07-23T00:00:00Z,0.8099363941635424
ID,2024-07-24T00:00:00Z,0.8023213600112575
ID,2024-07-25T00:00:00Z,1.095900076945456
ID,2024-07-26T00:00:00Z,0.7878376794890485
ID,2024-07-27T00:00:00Z,0.7860494317977889
ID,2024-07-28T00:00:00Z,0.7717434502677138
ID,2024-07-29T00:00:00Z,0.745175198854718
ID,2024-07-30T00:00:00Z,0.7308692173246429
ID,2024-07-31T00:00:00Z,0.7068556054705885
ID,2024-08-01T00:00:00Z,0.662258897741631
ID,2024-08-02T00:00:00Z,0.6382452858875767
ID,2024-08-03T00:00:00Z,0.6598784602681282
ID,2024-08-04T00:00:00Z,0.6549112470849786
ID,2024-08-05T00:00:00Z,0.5423196643538465
ID,2024-08-06T00:00:00Z,0.4341862426032772
LF,2022-04-01T00:00:00Z,-7.466889811932472
LF,2022-04-02T00:00:00Z,-7.578949710500815
LF,2022-04-03T00:00:00Z,-7.403318065607223
LF,2022-04-04T00:00:00Z,-7.150336875027225
LF,2022-04-05T00:00:00Z,-7.012566438787417
LF,2022-04-06T00:00:00Z,-6.976981985925526
LF,2022-04-07T00:00:00Z,-6.919742918382383
LF,2022-04-08T00:00:00Z,-6.752351897549577
LF,2022-04-09T00:00:00Z,-6.50609077129538
LF,2022-04-10T00:00:00Z,-6.3399986266811155
LF,2022-04-11T00:00:00Z,-6.331424796343118
LF,2022-04-12T00:00:00Z,-6.381461929193069
LF,2022-04-13T00:00:00Z,-6.574907401395027
LF,2022-04-14T00:00:00Z,-6.807861956907054
LF,2022-04-15T00:00:00Z,-6.986874483886066
LF,2022-04-16T00:00:00Z,-7.0576533936391215
LF,2022-04-17T00:00:00Z,-7.061493076442062
LF,2022-04-18T00:00:00Z,-6.921660291128166
LF,2022-04-19T00:00:00Z,-6.485358327772232
LF,2022-04-20T00:00:00Z,-5.881967512570988
LF,2022-04-21T00:00:00Z,-5.325769469229844
LF,2022-04-22T00:00:00Z,-4.8050232325348965
LF,2022-04-23T00:00:00Z,-4.316643644661784
LF,2022-04-24T00:00:00Z,-3.934330499172308
LF,2022-04-25T00:00:00Z,-3.6102048224259136
LF,2022-04-26T00:00:00Z,-3.2151528003438337
LF,2022-04-27T00:00:00Z,-2.700455101248858
LF,2022-04-28T00:00:00Z,-2.1055812963257505
LF,2022-04-29T00:00:00Z,-1.579361331615626
LF,2022-04-30T00:00:00Z,-1.1799660072120304
LF,2022-05-01T00:00:00Z,-0.7609512595572525
LF,2022-05-02T00:00:00Z,-0.30281246950838536
LF,2022-05-03T00:00:00Z,0.14184048377620506
LF,2022-05-04T00:00:00Z,0.6670949279924603
LF,2022-05-05T00:00:00Z,1.1018555504790601
LF,2022-05-06T00:00:00Z,1.1676066199260795
LF,2022-05-07T00:00:00Z,1.3178585996871224
LF,2022-05-08T00:00:00Z,2.029644018611105
LF,2022-05-09T00:00:00Z,2.777396869982521
LF,2022-05-10T00:00:00Z,3.194626763003214
LF,2022-05-11T00:00:00Z,3.309664284424466
LF,2022-05-12T00:00:00Z,3.303842644821694
LF,2022-05-13T00:00:00Z,3.036835020740952
LF,2022-05-14T00:00:00Z,2.6830885159941804
LF,2022-05-15T00:00:00Z,2.6667727123245015
LF,2022-05-16T00:00:00Z,2.664307053633312
LF,2022-05-17T00:00:00Z,2.7973316123675662
LF,2022-05-18T00:00:00Z,3.234534009162684
LF,2022-05-19T00:00:00Z,3.51948636723201
LF,2022-05-20T00:00:00Z,3.548086124194512
LF,2022-05-21T00:00:00Z,3.6395267998140435
LF,2022-05-22T00:00:00Z,4.191147077791231
LF,2022-05-23T00:00:00Z,4.603318879622033
LF,2022-05-24T00:00:00Z,4.656922253240438
LF,2022-05-25T00:00:00Z,4.635517729222245
LF,2022-05-26T00:00:00Z,4.438171338718028
LF,2022-05-27T00:00:00Z,4.172481308518595
LF,2022-05-28T00:00:00Z,4.512267101302023
LF,2022-05-29T00:00:00Z,4.7688462164540555
LF,2022-05-30T00:00:00Z,4.797407297013177
LF,2022-05-31T00:00:00Z,5.001718104873842
LF,2022-06-01T00:00:00Z,5.281960973597375
LF,2022-06-02T00:00:00Z,5.283276335522733
LF,2022-06-03T00:00:00Z,5.138557625855843
LF,2022-06-04T00:00:00Z,5.12506475646114
LF,2022-06-05T00:00:00Z,5.474040839508265
LF,2022-06-06T00:00:00Z,5.6678965734576074
LF,2022-06-07T00:00:00Z,5.7522200788686835
LF,2022-06-08T00:00:00Z,5.752603983191466
LF,2022-06-09T00:00:00Z,5.618018518956384
LF,2022-06-10T00:00:00Z,5.40074534472734
LF,2022-06-11T00:00:00Z,5.254717917484046
LF,2022-06-12T00:00:00Z,4.961866883503595
LF,2022-06-13T00:00:00Z,5.166255467867848
LF,2022-06-14T00:00:00Z,5.482579645589614
LF,2022-06-15T00:00:00Z,5.531273039870985
LF,2022-06-16T00:00:00Z,5.661232098972761
LF,2022-06-17T00:00:00Z,5.825614443356441
LF,2022-06-18T00:00:00Z,5.8952597045268815
LF,2022-06-19T00:00:00Z,6.140975523977088
LF,2022-06-20T00:00:00Z,6.626287632751825
LF,2022-06-21T00:00:00Z,6.940021659982279
LF,2022-06-22T00:00:00Z,6.9502006523906115
LF,2022-06-23T00:00:00Z,6.745955432034086
LF,2022-06-24T00:00:00Z,6.271380868383387
LF,2022-06-25T00:00:00Z,6.743873055130601
LF,2022-06-26T00:00:00Z,7.133933782943842
LF,2022-06-27T00:00:00Z,7.136484779375886
LF,2022-06-28T00:00:00Z,6.894435442035198
LF,2022-06-29T00:00:00Z,6.56172990111618
LF,2022-06-30T00:00:00Z,6.865563783274226
LF,2022-07-01T00:00:00Z,6.91282749758597
LF,2022-07-02T00:00:00Z,6.793917676978038
LF,2022-07-03T00:00:00Z,6.580209267808994
LF,2022-07-04T00:00:00Z,6.791204655188789
LF,2022-07-05T00:00:00Z,7.0183588768344745
LF,2022-07-06T00:00:00Z,7.141146822785634
LF,2022-07-07T00:00:00Z,7.132987845580925
LF,2022-07-08T00:00:00Z,7.188020289287332
LF,2022-07-09T00:00:00Z,7.252221108642416
LF,2022-07-10T00:00:00Z,7.039675433174729
LF,2022-07-11T00:00:00Z,6.658264217016193
LF,2022-07-12T00:00:00Z,6.371398694733311
LF,2022-07-13T00:00:00Z,6.136763279977564
LF,2022-07-14T00:00:00Z,6.296468609143436
LF,2022-07-15T00:00:00Z,6.264350637011056
LF,2022-07-16T00:00:00Z,6.358130470070383
LF,2022-07-17T00:00:00Z,6.278325160347586
LF,2022-07-18T00:00:00Z,5.710732160873828
LF,2022-07-19T00:00:00Z,5.233314865435461
LF,2022-07-20T00:00:00Z,5.231700033891277
LF,2022-07-21T00:00:00Z,5.180612426807519
LF,2022-07-22T00:00:00Z,4.975358593608279
LF,2022-07-23T00:00:00Z,4.72124578352614
LF,2022-07-24T00:00:00Z,4.356308827972534
LF,2022-07-25T00:00:00Z,4.006073814836246
LF,2022-07-26T00:00:00Z,3.6572691476740706
LF,2022-07-27T00:00:00Z,3.31140112769707
LF,2022-07-28T00:00:00Z,3.1554400412673633
LF,2022-07-29T00:00:00Z,3.1764983055371383
LF,2022-07-30T00:00:00Z,3.1755478889853315
LF,2022-07-31T00:00:00Z,3.121983399135895
LF,2022-08-01T00:00:00Z,3.2263380994717537
LF,2022-08-02T00:00:00Z,3.5391893594941513
LF,2022-08-03T00:00:00Z,3.8709905299999416
LF,2022-08-04T00:00:00Z,4.300792213846445
LF,2022-08-05T00:00:00Z,4.815416098884664
LF,2022-08-06T00:00:00Z,5.172402863597975
LF,2022-08-07T00:00:00Z,5.2485674106952684
LF,2022-08-08T00:00:00Z,5.240595068462661
LF,2022-08-09T00:00:00Z,5.04276134657991
LF,2022-08-10T00:00:00Z,4.8507351225235285
LF,2022-08-11T00:00:00Z,4.724630500647336
LF,2022-08-12T00:00:00Z,4.6179346138510216
LF,2022-08-13T00:00:00Z,4.674529034741296
LF,2022-08-14T00:00:00Z,4.811968348235812
LF,2022-08-15T00:00:00Z,4.902688866270063
LF,2022-08-16T00:00:00Z,4.928554243874505
LF,2022-08-17T00:00:00Z,5.073287924599189
LF,2022-08-18T00:00:00Z,5.195278548077087
LF,2022-08-19T00:00:00Z,5.461578572394709
LF,2022-08-20T00:00:00Z,5.854562113505102
LF,2022-08-21T00:00:00Z,5.975876902150354
LF,2022-08-22T00:00:00Z,5.9673175120252004
LF,2022-08-23T00:00:00Z,5.8570067020115
LF,2022-08-24T00:00:00Z,5.707774082375945
LF,2022-08-25T00:00:00Z,5.529632553724425
LF,2022-08-26T00:00:00Z,5.335941707195193
LF,2022-08-27T00:00:00Z,5.226333327706582
LF,2022-08-28T00:00:00Z,5.117377925578638
LF,2022-08-29T00:00:00Z,4.839996570111945
LF,2022-08-30T00:00:00Z,4.429716832163472
LF,2022-08-31T00:00:00Z,3.835135115426577
LF,2022-09-01T00:00:00Z,3.2344965668740837
LF,2022-09-02T00:00:00Z,2.7583547027918627
LF,2022-09-03T00:00:00Z,2.3422083278888515
LF,2022-09-04T00:00:00Z,1.9881395546990035
LF,2022-09-05T00:00:00Z,1.5564409417550849
LF,2022-09-06T00:00:00Z,1.1828774743701214
LF,2022-09-07T00:00:00Z,0.9878887374546199
LF,2022-09-08T00:00:00Z,0.6906718798967422
LF,2022-09-09T00:00:00Z,0.2047333263927804
LF,2022-09-10T00:00:00Z,-0.3599043748415145
LF,2022-09-11T00:00:00Z,-0.571200457808203
LF,2022-09-12T00:00:00Z,-0.5116434238629051
LF,2022-09-13T00:00:00Z,-0.5173578480214314
LF,2022-09-14T00:00:00Z,-0.544022589713741
LF,2022-09-15T00:00:00Z,-0.5764501322395947
LF,2022-09-16T00:00:00Z,-0.6121674838685447
LF,2022-09-17T00:00:00Z,-0.6589647623698909
LF,2022-09-18T00:00:00Z,-0.6432634760070268
LF,2022-09-19T00:00:00Z,-0.5231317636298929
LF,2022-09-20T00:00:00Z,-0.4345633048741231
LF,2022-09-21T00:00:00Z,-0.29182901368691994
LF,2022-09-22T00:00:00Z,-0.12548896100273588
LF,2022-09-23T00:00:00Z,0.16599464736242808
LF,2022-09-24T00:00:00Z,0.4375389418806286
LF,2022-09-25T00:00:00Z,0.512120893470815
LF,2022-09-26T00:00:00Z,0.5224497900301355
LF,2022-09-27T00:00:00Z,1.1680241267126767
LF,2022-09-28T00:00:00Z,3.1868109839486785
LF,2022-09-29T00:00:00Z,4.1696704771074256
LF,2022-09-30T00:00:00Z,4.137408317729464
LF,2022-10-01T00:00:00Z,3.4954384889650294
LF,2022-10-02T00:00:00Z,3.6296181396462863
LF,2022-10-03T00:00:00Z,4.388875236547385
LF,2022-10-04T00:00:00Z,4.456956630683857
LF,2022-10-05T00:00:00Z,4.290100673676085
LF,2022-10-06T00:00:00Z,3.8478871608717258
LF,2022-10-07T00:00:00Z,4.084982754721303
LF,2022-10-08T00:00:00Z,4.385130453875676
LF,2022-10-09T00:00:00Z,4.633205737515882
LF,2022-10-10T00:00:00Z,4.812261049149103
LF,2022-10-11T00:00:00Z,5.057915567140736
LF,2022-10-12T00:00:00Z,5.092537795565062
LF,2022-10-13T00:00:00Z,4.943493648909448
LF,2022-10-14T00:00:00Z,5.493426009049414
LF,2022-10-15T00:00:00Z,6.191604444350175
LF,2022-10-16T00:00:00Z,6.275833388643491
LF,2022-10-17T00:00:00Z,6.198550201412029
LF,2022-10-18T00:00:00Z,7.006481059071535
LF,2022-10-19T00:00:00Z,7.998258492648803
LF,2022-10-20T00:00:00Z,8.076991767200049
LF,2022-10-21T00:00:00Z,7.792377256951804
LF,2022-10-22T00:00:00Z,7.581527179855986
LF,2022-10-23T00:00:00Z,7.1596261780969215
LF,2022-10-24T00:00:00Z,6.4394363941764965
LF,2022-10-25T00:00:00Z,5.879284077373643
LF,2022-10-26T00:00:00Z,5.64145820352252
LF,2022-10-27T00:00:00Z,6.095078977992757
LF,2022-10-28T00:00:00Z,6.713686445671727
LF,2022-10-29T00:00:00Z,7.27416962826791
LF,2022-10-30T00:00:00Z,7.32255736040586
LF,2022-10-31T00:00:00Z,7.1933447021947545
LF,2022-11-01T00:00:00Z,7.588039036408048
LF,2022-11-02T00:00:00Z,7.688642430203847
LF,2022-11-03T00:00:00Z,7.614338177459351
LF,2022-11-04T00:00:00Z,7.396399803766727
LF,2022-11-05T00:00:00Z,7.245727986249263
LF,2022-11-06T00:00:00Z,6.810596834359664
LF,2022-11-07T00:00:00Z,7.451664473322841
LF,2022-11-08T00:00:00Z,8.441553968524087
LF,2022-11-09T00:00:00Z,8.80528909836429
LF,2022-11-10T00:00:00Z,8.590932377064318
LF,2022-11-11T00:00:00Z,6.397359138373284
LF,2022-11-12T00:00:00Z,6.169339330603253
LF,2022-11-13T00:00:00Z,7.1847831122145065
LF,2022-11-14T00:00:00Z,7.5603517857990115
LF,2022-11-15T00:00:00Z,7.49550425177809
LF,2022-11-16T00:00:00Z,7.76888160068759
LF,2022-11-17T00:00:00Z,8.401243452397885
LF,2022-11-18T00:00:00Z,8.615405406586722
LF,2022-11-19T00:00:00Z,8.57573226100848
LF,2022-11-20T00:00:00Z,8.560820968433141
LF,2022-11-21T00:00:00Z,8.54007269303624
LF,2022-11-22T00:00:00Z,8.25684220643572
LF,2022-11-23T00:00:00Z,7.641151309498479
LF,2022-11-24T00:00:00Z,7.142341403547739
LF,2022-11-25T00:00:00Z,6.717058962676634
LF,2022-11-26T00:00:00Z,6.467084965856577
LF,2022-11-27T00:00:00Z,6.61803982688432
LF,2022-11-28T00:00:00Z,7.189955150923112
LF,2022-11-29T00:00:00Z,7.31768326555264
LF,2022-11-30T00:00:00Z,7.5897348676188114
LF,2022-12-01T00:00:00Z,8.509809682898982
LF,2022-12-02T00:00:00Z,8.52937599191145
LF,2022-12-03T00:00:00Z,8.201621126690366
LF,2022-12-04T00:00:00Z,7.794644750388425
LF,2022-12-05T00:00:00Z,7.584020516647698
LF,2022-12-06T00:00:00Z,7.13762350231671
LF,2022-12-07T00:00:00Z,7.318810307198369
LF,2022-12-08T00:00:00Z,7.419878166932789
LF,2022-12-09T00:00:00Z,7.41399851884891
LF,2022-12-10T00:00:00Z,7.652430292507468
LF,2022-12-11T00:00:00Z,7.701768153186485
LF,2022-12-12T00:00:00Z,7.828659830416678
LF,2022-12-13T00:00:00Z,7.9260334043782485
LF,2022-12-14T00:00:00Z,7.5182010896160465
LF,2022-12-15T00:00:00Z,5.963924068822994
LF,2022-12-16T00:00:00Z,7.903703847241595
LF,2022-12-17T00:00:00Z,8.292865682935592
LF,2022-12-18T00:00:00Z,8.454387066935825
LF,2022-12-19T00:00:00Z,8.552654744232981
LF,2022-12-20T00:00:00Z,8.305356963068316
LF,2022-12-21T00:00:00Z,7.829775145743418
LF,2022-12-22T00:00:00Z,7.339124747338544
LF,2022-12-23T00:00:00Z,7.611993531753442
LF,2022-12-24T00:00:00Z,8.556699960638403
LF,2022-12-25T00:00:00Z,8.539211886288719
LF,2022-12-26T00:00:00Z,8.356990268386758
LF,2022-12-27T00:00:00Z,8.196840749477863
LF,2022-12-28T00:00:00Z,8.284598539808105
LF,2022-12-29T00:00:00Z,8.357891963679121
LF,2022-12-30T00:00:00Z,8.324443853626924
LF,2022-12-31T00:00:00Z,7.912383111140445
LF,2023-01-01T00:00:00Z,8.225959208114922
LF,2023-01-02T00:00:00Z,8.306106344461169
LF,2023-01-03T00:00:00Z,8.1140240940302
LF,2023-01-04T00:00:00Z,7.295607905127836
LF,2023-01-05T00:00:00Z,7.7626478494846225
LF,2023-01-06T00:00:00Z,8.394381732356035
LF,2023-01-07T00:00:00Z,8.415113134952394
LF,2023-01-08T00:00:00Z,8.27661932561265
LF,2023-01-09T00:00:00Z,7.998650969580773
LF,2023-01-10T00:00:00Z,8.134683932831162
LF,2023-01-11T00:00:00Z,8.138781211567181
LF,2023-01-12T00:00:00Z,7.9411367398101165
LF,2023-01-13T00:00:00Z,8.147514300061156
LF,2023-01-14T00:00:00Z,8.565945176923027
LF,2023-01-15T00:00:00Z,8.554204879135538
LF,2023-01-16T00:00:00Z,8.445868805366452
LF,2023-01-17T00:00:00Z,8.17042040540561
LF,2023-01-18T00:00:00Z,7.80993625139292
LF,2023-01-19T00:00:00Z,7.376203079843916
LF,2023-01-20T00:00:00Z,7.532437381725689
LF,2023-01-21T00:00:00Z,7.573403630243211
LF,2023-01-22T00:00:00Z,7.366260706959503
LF,2023-01-23T00:00:00Z,8.001527398983054
LF,2023-01-24T00:00:00Z,8.242031878956817
LF,2023-01-25T00:00:00Z,7.682334583670462
LF,2023-01-26T00:00:00Z,7.958335167204142
LF,2023-01-27T00:00:00Z,8.611311923386411
LF,2023-01-28T00:00:00Z,8.598744779213266
LF,2023-01-29T00:00:00Z,8.259265204863594
LF,2023-01-30T00:00:00Z,7.506235013054948
LF,2023-01-31T00:00:00Z,7.069363660026413
LF,2023-02-01T00:00:00Z,6.956825387252586
LF,2023-02-02T00:00:00Z,6.536779229056173
LF,2023-02-03T00:00:00Z,6.589189861771312
LF,2023-02-04T00:00:00Z,7.005542286233499
LF,2023-02-05T00:00:00Z,6.926749112732004
LF,2023-02-06T00:00:00Z,5.957174116692689
LF,2023-02-07T00:00:00Z,5.374357953986657
LF,2023-02-08T00:00:00Z,5.2086110198576785
LF,2023-02-09T00:00:00Z,5.006630486351442
LF,2023-02-10T00:00:00Z,4.734699209595316
LF,2023-02-11T00:00:00Z,4.478454913362333
LF,2023-02-12T00:00:00Z,3.8644777541699007
LF,2023-02-13T00:00:00Z,4.777779079473277
LF,2023-02-14T00:00:00Z,4.807607196088689
LF,2023-02-15T00:00:00Z,4.032122554522886
LF,2023-02-16T00:00:00Z,3.0752003344410612
LF,2023-02-17T00:00:00Z,2.0604633088246125
LF,2023-02-18T00:00:00Z,1.3362677047196971
LF,2023-02-19T00:00:00Z,1.0609632364760593
LF,2023-02-20T00:00:00Z,0.3273409256235542
LF,2023-02-21T00:00:00Z,-0.565318337472803
LF,2023-02-22T00:00:00Z,-1.1420661289087803
LF,2023-02-23T00:00:00Z,-1.4942631730272282
LF,2023-02-24T00:00:00Z,-1.5796856113886797
LF,2023-02-25T00:00:00Z,-1.3878105552300681
LF,2023-02-26T00:00:00Z,-1.1613700809106255
LF,2023-02-27T00:00:00Z,-1.1071573580490508
LF,2023-02-28T00:00:00Z,-0.967042111698845
LF,2023-03-01T00:00:00Z,-0.4960336065556614
LF,2023-03-02T00:00:00Z,-0.24422135219026764
LF,2023-03-03T00:00:00Z,-0.23651006765289218
LF,2023-03-04T00:00:00Z,-0.19753462871390148
LF,2023-03-05T00:00:00Z,0.6202603048442885
LF,2023-03-06T00:00:00Z,1.215450936068624
LF,2023-03-07T00:00:00Z,1.6222108762106195
LF,2023-03-08T00:00:00Z,2.195946921604696
LF,2023-03-09T00:00:00Z,2.386986529428759
LF,2023-03-10T00:00:00Z,2.282434253331484
LF,2023-03-11T00:00:00Z,2.3394082279214903
LF,2023-03-12T00:00:00Z,2.3462526454903987
LF,2023-03-13T00:00:00Z,2.179171378150123
LF,2023-03-14T00:00:00Z,3.5353324364429906
LF,2023-03-15T00:00:00Z,4.069306146358375
LF,2023-03-16T00:00:00Z,4.042632502911362
LF,2023-03-17T00:00:00Z,3.231252423078539
LF,2023-03-18T00:00:00Z,2.3807622545186256
LF,2023-03-19T00:00:00Z,3.8348885233114407
LF,2023-03-20T00:00:00Z,4.164566702698557
LF,2023-03-21T00:00:00Z,4.127747115807427
LF,2023-03-22T00:00:00Z,3.6746837920694553
LF,2023-03-23T00:00:00Z,3.0701534301822244
LF,2023-03-24T00:00:00Z,2.8076655634831864
LF,2023-03-25T00:00:00Z,2.7163454613925992
LF,2023-03-26T00:00:00Z,3.038329405898745
LF,2023-03-27T00:00:00Z,3.5705909994185916
LF,2023-03-28T00:00:00Z,4.112401653199682
LF,2023-03-29T00:00:00Z,4.669189615982857
LF,2023-03-30T00:00:00Z,4.869889842694669
LF,2023-03-31T00:00:00Z,4.800811117694524
LF,2023-04-01T00:00:00Z,4.20902463299962
LF,2023-04-02T00:00:00Z,3.824494063152474
LF,2023-04-03T00:00:00Z,3.8785970421464286
LF,2023-04-04T00:00:00Z,3.865472786237337
LF,2023-04-05T00:00:00Z,3.9520794603383473
LF,2023-04-06T00:00:00Z,4.032684239979878
LF,2023-04-07T00:00:00Z,4.101387613055543
LF,2023-04-08T00:00:00Z,4.346182478318684
LF,2023-04-09T00:00:00Z,5.375515145836254
LF,2023-04-10T00:00:00Z,6.089759922880543
LF,2023-04-11T00:00:00Z,6.102807173504351
LF,2023-04-12T00:00:00Z,5.9034547500359835
LF,2023-04-13T00:00:00Z,5.158520337090543
LF,2023-04-14T00:00:00Z,4.791034676670585
LF,2023-04-15T00:00:00Z,4.830141973874735
LF,2023-04-16T00:00:00Z,5.043243787220286
LF,2023-04-17T00:00:00Z,6.158113932474569
LF,2023-04-18T00:00:00Z,6.4750916363071624
LF,2023-04-19T00:00:00Z,6.29255280073834
LF,2023-04-20T00:00:00Z,5.738080761696591
LF,2023-04-21T00:00:00Z,5.69303138842443
LF,2023-04-22T00:00:00Z,5.726079585942251
LF,2023-04-23T00:00:00Z,6.529277224551209
LF,2023-04-24T00:00:00Z,6.746818273480444
LF,2023-04-25T00:00:00Z,6.848703728195007
LF,2023-04-26T00:00:00Z,7.121341462969525
LF,2023-04-27T00:00:00Z,7.120425835610727
LF,2023-04-28T00:00:00Z,6.813719041941477
LF,2023-04-29T00:00:00Z,6.69568010426957
LF,2023-04-30T00:00:00Z,5.41984896823817
LF,2023-05-01T00:00:00Z,6.8995205694155715
LF,2023-05-02T00:00:00Z,7.176737221564822
LF,2023-05-03T00:00:00Z,7.2660044770340315
LF,2023-05-04T00:00:00Z,7.239772061947093
LF,2023-05-05T00:00:00Z,7.1499690871249815
LF,2023-05-06T00:00:00Z,7.348955320061631
LF,2023-05-07T00:00:00Z,7.3760443791909225
LF,2023-05-08T00:00:00Z,7.122840675717338
LF,2023-05-09T00:00:00Z,7.165353127526718
LF,2023-05-10T00:00:00Z,7.606692752489005
LF,2023-05-11T00:00:00Z,7.8064612050660145
LF,2023-05-12T00:00:00Z,7.8567934606663306
LF,2023-05-13T00:00:00Z,7.843257460476837
LF,2023-05-14T00:00:00Z,7.720078200549589
LF,2023-05-15T00:00:00Z,7.7813032705766325
LF,2023-05-16T00:00:00Z,7.760976025777083
LF,2023-05-17T00:00:00Z,7.420353961143161
LF,2023-05-18T00:00:00Z,7.294919506485147
LF,2023-05-19T00:00:00Z,7.7388115750773725
LF,2023-05-20T00:00:00Z,7.9202775415160716
LF,2023-05-21T00:00:00Z,7.910154146276908
LF,2023-05-22T00:00:00Z,7.675762104075563
LF,2023-05-23T00:00:00Z,7.571904719579463
LF,2023-05-24T00:00:00Z,7.824576547991407
LF,2023-05-25T00:00:00Z,7.938317770949546
LF,2023-05-26T00:00:00Z,8.33872484552354
LF,2023-05-27T00:00:00Z,8.391467032844897
LF,2023-05-28T00:00:00Z,8.297906794780154
LF,2023-05-29T00:00:00Z,8.030420193041673
LF,2023-05-30T00:00:00Z,7.6814567184332425
LF,2023-05-31T00:00:00Z,7.3254206600002165
LF,2023-06-01T00:00:00Z,7.332605793354346
LF,2023-06-02T00:00:00Z,7.399700296466381
LF,2023-06-03T00:00:00Z,7.328595759876894
LF,2023-06-04T00:00:00Z,7.3885148577560305
LF,2023-06-05T00:00:00Z,7.439587888402677
LF,2023-06-06T00:00:00Z,7.354668355482194
LF,2023-06-07T00:00:00Z,6.92137778121006
LF,2023-06-08T00:00:00Z,6.693588206017683
LF,2023-06-09T00:00:00Z,7.200295641503798
LF,2023-06-10T00:00:00Z,7.552156561478588
LF,2023-06-11T00:00:00Z,7.5768964600154485
LF,2023-06-12T00:00:00Z,7.462306105969608
LF,2023-06-13T00:00:00Z,7.487584161714302
LF,2023-06-14T00:00:00Z,7.491221528503417
LF,2023-06-15T00:00:00Z,7.2477387195474945
LF,2023-06-16T00:00:00Z,6.439196643079008
LF,2023-06-17T00:00:00Z,6.770101294203092
LF,2023-06-18T00:00:00Z,6.775917520423403
LF,2023-06-19T00:00:00Z,6.592970167294479
LF,2023-06-20T00:00:00Z,5.382444650705325
LF,2023-06-21T00:00:00Z,4.04849019328287
LF,2023-06-22T00:00:00Z,3.896436585768119
LF,2023-06-23T00:00:00Z,3.508317466699241
LF,2023-06-24T00:00:00Z,3.692831833311632
LF,2023-06-25T00:00:00Z,3.731933891822429
LF,2023-06-26T00:00:00Z,3.505938369226816
LF,2023-06-27T00:00:00Z,2.736967994606699
LF,2023-06-28T00:00:00Z,1.9245020751453819
LF,2023-06-29T00:00:00Z,1.3196467736495556
LF,2023-06-30T00:00:00Z,0.9299037565306918
LF,2023-07-01T00:00:00Z,0.6056105772349429
LF,2023-07-02T00:00:00Z,0.3577640289742732
LF,2023-07-03T00:00:00Z,0.1990645113998788
LF,2023-07-04T00:00:00Z,0.26399419567116844
LF,2023-07-05T00:00:00Z,0.5113345188847358
LF,2023-07-06T00:00:00Z,0.7978333625301186
LF,2023-07-07T00:00:00Z,1.090222338028786
LF,2023-07-08T00:00:00Z,1.4796034626285195
LF,2023-07-09T00:00:00Z,1.8634695854255767
LF,2023-07-10T00:00:00Z,1.9913335340686906
LF,2023-07-11T00:00:00Z,2.5167109730407837
LF,2023-07-12T00:00:00Z,3.3321507076430343
LF,2023-07-13T00:00:00Z,3.690509963271084
LF,2023-07-14T00:00:00Z,3.721375622425029
LF,2023-07-15T00:00:00Z,3.648284013783181
LF,2023-07-16T00:00:00Z,3.6752853693565823
LF,2023-07-17T00:00:00Z,3.8619284890657752
LF,2023-07-18T00:00:00Z,4.068539658063908
LF,2023-07-19T00:00:00Z,4.282183925796364
LF,2023-07-20T00:00:00Z,4.549720957218804
LF,2023-07-21T00:00:00Z,4.805926920818238
LF,2023-07-22T00:00:00Z,4.844583368487467
LF,2023-07-23T00:00:00Z,4.860923956673527
LF,2023-07-24T00:00:00Z,5.309456943219161
LF,2023-07-25T00:00:00Z,5.7516881890634455
LF,2023-07-26T00:00:00Z,5.939247968031705
LF,2023-07-27T00:00:00Z,5.930701886749081
LF,2023-07-28T00:00:00Z,5.705658004641448
LF,2023-07-29T00:00:00Z,5.3998983703933945
LF,2023-07-30T00:00:00Z,5.21087204319319
LF,2023-07-31T00:00:00Z,5.1370381629566495
LF,2023-08-01T00:00:00Z,4.89582451269375
LF,2023-08-02T00:00:00Z,4.77842875669225
LF,2023-08-03T00:00:00Z,4.762967348015624
LF,2023-08-04T00:00:00Z,4.571634586175164
LF,2023-08-05T00:00:00Z,4.234161297259258
LF,2023-08-06T00:00:00Z,4.134218771069184
LF,2023-08-07T00:00:00Z,4.140383799490144
LF,2023-08-08T00:00:00Z,4.116640348032199
LF,2023-08-09T00:00:00Z,4.097685657645733
LF,2023-08-10T00:00:00Z,4.067071619967759
LF,2023-08-11T00:00:00Z,4.20271585631858
LF,2023-08-12T00:00:00Z,4.540055624680423
LF,2023-08-13T00:00:00Z,4.654269406091353
LF,2023-08-14T00:00:00Z,4.640287620429976
LF,2023-08-15T00:00:00Z,4.537772755528456
LF,2023-08-16T00:00:00Z,4.5362234769445955
LF,2023-08-17T00:00:00Z,4.462862435788133
LF,2023-08-18T00:00:00Z,4.700014174489988
LF,2023-08-19T00:00:00Z,4.799989874869825
LF,2023-08-20T00:00:00Z,4.790999677586612
LF,2023-08-21T00:00:00Z,4.815389181429847
LF,2023-08-22T00:00:00Z,5.052555663596694
LF,2023-08-23T00:00:00Z,5.319897908269952
LF,2023-08-24T00:00:00Z,5.508469110054137
LF,2023-08-25T00:00:00Z,5.545355162653942
LF,2023-08-26T00:00:00Z,5.535023428497656
LF,2023-08-27T00:00:00Z,5.397392459014002
LF,2023-08-28T00:00:00Z,5.216047743553629
LF,2023-08-29T00:00:00Z,4.931265751653027
LF,2023-08-30T00:00:00Z,3.2945881027293584
LF,2023-08-31T00:00:00Z,2.0805569068325056
LF,2023-09-01T00:00:00Z,4.216990814506966
LF,2023-09-02T00:00:00Z,4.884502545892383
LF,2023-09-03T00:00:00Z,4.8656733499179365
LF,2023-09-04T00:00:00Z,4.353991805641714
LF,2023-09-05T00:00:00Z,3.634824225387862
LF,2023-09-06T00:00:00Z,3.0448427255262374
LF,2023-09-07T00:00:00Z,2.821908725998651
LF,2023-09-08T00:00:00Z,2.6700731440779837
LF,2023-09-09T00:00:00Z,2.5289576448387443
LF,2023-09-10T00:00:00Z,2.3865151110951874
LF,2023-09-11T00:00:00Z,2.4359061004256617
LF,2023-09-12T00:00:00Z,2.4398500881841283
LF,2023-09-13T00:00:00Z,2.499016955770964
LF,2023-09-14T00:00:00Z,2.5089281717492273
LF,2023-09-15T00:00:00Z,2.4851028130469324
LF,2023-09-16T00:00:00Z,2.728640334725579
LF,2023-09-17T00:00:00Z,3.0349552588242386
LF,2023-09-18T00:00:00Z,3.460613432082349
LF,2023-09-19T00:00:00Z,3.8197372998442587
LF,2023-09-20T00:00:00Z,3.967770904486982
LF,2023-09-21T00:00:00Z,4.315467114288398
LF,2023-09-22T00:00:00Z,4.796694468845281
LF,2023-09-23T00:00:00Z,4.901042763961669
LF,2023-09-24T00:00:00Z,4.886710620094588
LF,2023-09-25T00:00:00Z,4.653398944638688
LF,2023-09-26T00:00:00Z,4.300474707175926
LF,2023-09-27T00:00:00Z,4.547196328220401
LF,2023-09-28T00:00:00Z,5.084659713100153
LF,2023-09-29T00:00:00Z,5.139726264711601
LF,2023-09-30T00:00:00Z,5.070049902661737
LF,2023-10-01T00:00:00Z,5.529576884201744
LF,2023-10-02T00:00:00Z,5.881184066951171
LF,2023-10-03T00:00:00Z,5.916517666001682
LF,2023-10-04T00:00:00Z,5.88820290807018
LF,2023-10-05T00:00:00Z,5.686963123164786
LF,2023-10-06T00:00:00Z,5.448054232186554
LF,2023-10-07T00:00:00Z,6.059895417920265
LF,2023-10-08T00:00:00Z,6.660881487677816
LF,2023-10-09T00:00:00Z,6.6881975930958975
LF,2023-10-10T00:00:00Z,6.3523016617256856
LF,2023-10-11T00:00:00Z,6.004952547014826
LF,2023-10-12T00:00:00Z,4.562211024668685
LF,2023-10-13T00:00:00Z,4.268679938850854
LF,2023-10-14T00:00:00Z,4.869042750402798
LF,2023-10-15T00:00:00Z,5.355888376400724
LF,2023-10-16T00:00:00Z,6.191929844707195
LF,2023-10-17T00:00:00Z,6.288204810839351
LF,2023-10-18T00:00:00Z,6.028478986811944
LF,2023-10-19T00:00:00Z,5.534177611759087
LF,2023-10-20T00:00:00Z,5.117111299471501
LF,2023-10-21T00:00:00Z,4.674155862009223
LF,2023-10-22T00:00:00Z,5.102848454943907
LF,2023-10-23T00:00:00Z,5.505152909643532
LF,2023-10-24T00:00:00Z,5.653801032016155
LF,2023-10-25T00:00:00Z,5.650161908106058
LF,2023-10-26T00:00:00Z,5.480269011800075
LF,2023-10-27T00:00:00Z,5.106495276651283
LF,2023-10-28T00:00:00Z,5.004936538104532
LF,2023-10-29T00:00:00Z,5.010581335324399
LF,2023-10-30T00:00:00Z,4.920776689678229
LF,2023-10-31T00:00:00Z,5.560827377042329
LF,2023-11-01T00:00:00Z,7.333617443682688
LF,2023-11-02T00:00:00Z,7.99400151791998
LF,2023-11-03T00:00:00Z,7.949593856659595
LF,2023-11-04T00:00:00Z,7.550359022845344
LF,2023-11-05T00:00:00Z,7.166698697235434
LF,2023-11-06T00:00:00Z,6.88342457730019
LF,2023-11-07T00:00:00Z,6.706383337672014
LF,2023-11-08T00:00:00Z,6.546477593778423
LF,2023-11-09T00:00:00Z,6.204728328145921
LF,2023-11-10T00:00:00Z,5.899311356124293
LF,2023-11-11T00:00:00Z,6.49526314072739
LF,2023-11-12T00:00:00Z,7.349457264116939
LF,2023-11-13T00:00:00Z,8.029832780416537
LF,2023-11-14T00:00:00Z,8.059148428310017
LF,2023-11-15T00:00:00Z,7.806273868144569
LF,2023-11-16T00:00:00Z,7.341244526616636
LF,2023-11-17T00:00:00Z,7.368623065189425
LF,2023-11-18T00:00:00Z,7.461266174502752
LF,2023-11-19T00:00:00Z,7.610794036640503
LF,2023-11-20T00:00:00Z,7.598247922107444
LF,2023-11-21T00:00:00Z,7.048213628652103
LF,2023-11-22T00:00:00Z,6.634835833892095
LF,2023-11-23T00:00:00Z,7.403925686171315
LF,2023-11-24T00:00:00Z,7.754342360265522
LF,2023-11-25T00:00:00Z,7.768744070545326
LF,2023-11-26T00:00:00Z,7.559135176898829
LF,2023-11-27T00:00:00Z,7.181135407480131
LF,2023-11-28T00:00:00Z,8.151467500380207
LF,2023-11-29T00:00:00Z,8.366455126679437
LF,2023-11-30T00:00:00Z,8.311242728729685
LF,2023-12-01T00:00:00Z,7.475966020403
LF,2023-12-02T00:00:00Z,6.615628231651997
LF,2023-12-03T00:00:00Z,6.545192379692406
LF,2023-12-04T00:00:00Z,6.98179730989393
LF,2023-12-05T00:00:00Z,7.42089595612855
LF,2023-12-06T00:00:00Z,7.514589954312313
LF,2023-12-07T00:00:00Z,7.454473731925971
LF,2023-12-08T00:00:00Z,6.552001241220391
LF,2023-12-09T00:00:00Z,5.373909967258728
LF,2023-12-10T00:00:00Z,4.590207193241762
LF,2023-12-11T00:00:00Z,5.381623295179555
LF,2023-12-12T00:00:00Z,6.2557091088568555
LF,2023-12-13T00:00:00Z,6.584855583227597
LF,2023-12-14T00:00:00Z,6.602158052532653
LF,2023-12-15T00:00:00Z,6.349810782571206
LF,2023-12-16T00:00:00Z,5.353589660127102
LF,2023-12-17T00:00:00Z,3.1792699996836387
LF,2023-12-18T00:00:00Z,2.8773578609022294
LF,2023-12-19T00:00:00Z,3.223038007266192
LF,2023-12-20T00:00:00Z,3.0183798876793704
LF,2023-12-21T00:00:00Z,1.8014200296197256
LF,2023-12-22T00:00:00Z,0.2909259604799157
LF,2023-12-23T00:00:00Z,-1.0541685305269564
LF,2023-12-24T00:00:00Z,-2.04132239124848
LF,2023-12-25T00:00:00Z,-2.8937035737489634
LF,2023-12-26T00:00:00Z,-3.740778341278496
LF,2023-12-27T00:00:00Z,-4.17151406548161
LF,2023-12-28T00:00:00Z,-4.195308025504069
LF,2023-12-29T00:00:00Z,-4.161870952113608
LF,2023-12-30T00:00:00Z,-3.9510064768944364
LF,2023-12-31T00:00:00Z,-3.795272378822757
LF,2024-01-01T00:00:00Z,-3.67195228787555
LF,2024-01-02T00:00:00Z,-3.484604649026089
LF,2024-01-03T00:00:00Z,-3.424056598936348
LF,2024-01-04T00:00:00Z,-3.2301008901425785
LF,2024-01-05T00:00:00Z,-3.0612851953080042
LF,2024-01-06T00:00:00Z,-3.0795051534166333
LF,2024-01-07T00:00:00Z,-3.092721528864054
LF,2024-01-08T00:00:00Z,-2.8804552944022106
LF,2024-01-09T00:00:00Z,-2.9099592854731533
LF,2024-01-10T00:00:00Z,-3.7577482041109924
LF,2024-01-11T00:00:00Z,-3.577620609890092
LF,2024-01-12T00:00:00Z,-3.5644412601659337
LF,2024-01-13T00:00:00Z,-3.6903936537892896
LF,2024-01-14T00:00:00Z,-3.7336192994718154
LF,2024-01-15T00:00:00Z,-3.732608815170815
LF,2024-01-16T00:00:00Z,-3.9618303741020178
LF,2024-01-17T00:00:00Z,-4.203398751386333
LF,2024-01-18T00:00:00Z,-4.199847276717982
LF,2024-01-19T00:00:00Z,-4.2481986252424715
LF,2024-01-20T00:00:00Z,-4.489217343145732
LF,2024-01-21T00:00:00Z,-4.348823967044279
LF,2024-01-22T00:00:00Z,-4.3480826216385875
LF,2024-01-23T00:00:00Z,-4.472093560262337
LF,2024-01-24T00:00:00Z,-4.639772851444237
LF,2024-01-25T00:00:00Z,-4.681278591032919
LF,2024-01-26T00:00:00Z,-4.6714184202041
LF,2024-01-27T00:00:00Z,-4.505129595519412
LF,2024-01-28T00:00:00Z,-4.264386908445664
LF,2024-01-29T00:00:00Z,-3.812107168499317
LF,2024-01-30T00:00:00Z,-3.509066697874708
LF,2024-01-31T00:00:00Z,-3.3006513959268275
LF,2024-02-01T00:00:00Z,-3.0956646128284557
LF,2024-02-02T00:00:00Z,-2.9200167530490724
LF,2024-02-03T00:00:00Z,-2.7071878792573703
LF,2024-02-04T00:00:00Z,-2.7070830928164096
LF,2024-02-05T00:00:00Z,-2.6469528266875155
LF,2024-02-06T00:00:00Z,-1.859949728079993
LF,2024-02-07T00:00:00Z,-1.3903605732062019
LF,2024-02-08T00:00:00Z,-1.3478306401115692
LF,2024-02-09T00:00:00Z,-1.4485858814126065
LF,2024-02-10T00:00:00Z,-1.694373370168087
LF,2024-02-11T00:00:00Z,-1.8634848036062817
LF,2024-02-12T00:00:00Z,-2.0101793113195576
LF,2024-02-13T00:00:00Z,-1.7496271099610237
LF,2024-02-14T00:00:00Z,-1.0435654002076848
LF,2024-02-15T00:00:00Z,-0.7740379117509182
LF,2024-02-16T00:00:00Z,-0.7613036362813617
LF,2024-02-17T00:00:00Z,-0.7850381086824871
LF,2024-02-18T00:00:00Z,-0.5792866722645531
LF,2024-02-19T00:00:00Z,-0.3006617963314433
LF,2024-02-20T00:00:00Z,-0.2808233907409594
LF,2024-02-21T00:00:00Z,-0.3092977077326893
LF,2024-02-22T00:00:00Z,-0.487531147161377
LF,2024-02-23T00:00:00Z,-1.0685388002316216
LF,2024-02-24T00:00:00Z,-1.73783562430949
LF,2024-02-25T00:00:00Z,-1.628878591836493
LF,2024-02-26T00:00:00Z,-1.6140041649896144
LF,2024-02-27T00:00:00Z,-1.6540962158530785
LF,2024-02-28T00:00:00Z,-1.7768371292784
LF,2024-02-29T00:00:00Z,-1.3906922393477856
LF,2024-03-01T00:00:00Z,-1.0456116379185953
LF,2024-03-02T00:00:00Z,-0.7878279629698959
LF,2024-03-03T00:00:00Z,-0.3065017313761782
LF,2024-03-04T00:00:00Z,0.1526919629075909
LF,2024-03-05T00:00:00Z,0.2443616542640079
LF,2024-03-06T00:00:00Z,0.2268482636946647
LF,2024-03-07T00:00:00Z,0.29387951472322804
LF,2024-03-08T00:00:00Z,0.2994903131340614
LF,2024-03-09T00:00:00Z,0.14707897978491147
LF,2024-03-10T00:00:00Z,0.014232149833192764
LF,2024-03-11T00:00:00Z,0.44258588954162725
LF,2024-03-12T00:00:00Z,0.43506751802978094
LF,2024-03-13T00:00:00Z,-0.03476316221579445
LF,2024-03-14T00:00:00Z,-0.543721048248992
LF,2024-03-15T00:00:00Z,-0.8997971945990937
LF,2024-03-16T00:00:00Z,-1.257796075871914
LF,2024-03-17T00:00:00Z,-1.5868593396667041
LF,2024-03-18T00:00:00Z,-1.9296486703512041
LF,2024-03-19T00:00:00Z,-2.0724244918424954
LF,2024-03-20T00:00:00Z,-2.0558563312319578
LF,2024-03-21T00:00:00Z,-2.1381427945074467
LF,2024-03-22T00:00:00Z,-2.3544830144840923
LF,2024-03-23T00:00:00Z,-2.871791605038011
LF,2024-03-24T00:00:00Z,-2.497309830078546
LF,2024-03-25T00:00:00Z,-2.2834480126842145
LF,2024-03-26T00:00:00Z,-2.3395367200249026
LF,2024-03-27T00:00:00Z,-2.800260926937705
LF,2024-03-28T00:00:00Z,-3.185564355456613
LF,2024-03-29T00:00:00Z,-2.9033918431858314
LF,2024-03-30T00:00:00Z,-2.8732275919592496
LF,2024-03-31T00:00:00Z,-3.024719435624755
LF,2024-04-01T00:00:00Z,-3.3260149445428926
LF,2024-04-02T00:00:00Z,-3.5849359868895103
LF,2024-04-03T00:00:00Z,-4.09860094460821
LF,2024-04-04T00:00:00Z,-4.9295111027718725
LF,2024-04-05T00:00:00Z,-5.112725198804112
LF,2024-04-06T00:00:00Z,-5.147557361967632
LF,2024-04-07T00:00:00Z,-5.312484188580555
LF,2024-04-08T00:00:00Z,-5.584156983708475
LF,2024-04-09T00:00:00Z,-5.889730038084924
LF,2024-04-10T00:00:00Z,-6.107383320498343
LF,2024-04-11T00:00:00Z,-6.447991090938981
LF,2024-04-12T00:00:00Z,-6.722562628493478
LF,2024-04-13T00:00:00Z,-6.3675092432907086
LF,2024-04-14T00:00:00Z,-6.352980277871346
LF,2024-04-15T00:00:00Z,-6.577410287806661
LF,2024-04-16T00:00:00Z,-7.185325367065097
LF,2024-04-17T00:00:00Z,-7.958050500980423
LF,2024-04-18T00:00:00Z,-8.829494063390435
LF,2024-04-19T00:00:00Z,-9.667286043766627
LF,2024-04-20T00:00:00Z,-10.428238281368113
LF,2024-04-21T00:00:00Z,-11.16915516929766
LF,2024-04-22T00:00:00Z,-11.90367773387704
LF,2024-04-23T00:00:00Z,-12.43565924827541
LF,2024-04-24T00:00:00Z,-12.853243839014755
LF,2024-04-25T00:00:00Z,-13.23663168874199
LF,2024-04-26T00:00:00Z,-13.400804863472956
LF,2024-04-27T00:00:00Z,-13.216908377465003
LF,2024-04-28T00:00:00Z,-12.911325455616836
LF,2024-04-29T00:00:00Z,-12.502940290279003
LF,2024-04-30T00:00:00Z,-11.99948082246971
LF,2024-05-01T00:00:00Z,-11.384259358816045
LF,2024-05-02T00:00:00Z,-10.702806182180606
LF,2024-05-03T00:00:00Z,-9.986729663273557
LF,2024-05-04T00:00:00Z,-9.273763049577653
LF,2024-05-05T00:00:00Z,-8.531445378752917
LF,2024-05-06T00:00:00Z,-7.782039968416893
LF,2024-05-07T00:00:00Z,-7.098169890124886
LF,2024-05-08T00:00:00Z,-6.469589171212341
LF,2024-05-09T00:00:00Z,-5.962791318453217
LF,2024-05-10T00:00:00Z,-5.522623269442143
LF,2024-05-11T00:00:00Z,-4.914277829762089
LF,2024-05-12T00:00:00Z,-4.249547063747597
LF,2024-05-13T00:00:00Z,-4.008522728577065
LF,2024-05-14T00:00:00Z,-4.0091387918908605
LF,2024-05-15T00:00:00Z,-3.8476023629774296
LF,2024-05-16T00:00:00Z,-3.5576617097628507
LF,2024-05-17T00:00:00Z,-3.5108979399249733
LF,2024-05-18T00:00:00Z,-3.5837007440793
LF,2024-05-19T00:00:00Z,-3.932468773279611
LF,2024-05-20T00:00:00Z,-4.336211098661481
LF,2024-05-21T00:00:00Z,-4.671063492510623
LF,2024-05-22T00:00:00Z,-5.10800456042743
LF,2024-05-23T00:00:00Z,-5.630983309581087
LF,2024-05-24T00:00:00Z,-6.1917256296612955
LF,2024-05-25T00:00:00Z,-6.785708092456467
LF,2024-05-26T00:00:00Z,-7.3490791660819745
LF,2024-05-27T00:00:00Z,-7.919767227124087
LF,2024-05-28T00:00:00Z,-8.467170471574292
LF,2024-05-29T00:00:00Z,-8.91323085811456
LF,2024-05-30T00:00:00Z,-9.171489308066409
LF,2024-05-31T00:00:00Z,-9.16679298896614
LF,2024-06-01T00:00:00Z,-9.071155566058483
LF,2024-06-02T00:00:00Z,-8.958149146289816
LF,2024-06-03T00:00:00Z,-8.852468932193304
LF,2024-06-04T00:00:00Z,-8.617086626274471
LF,2024-06-05T00:00:00Z,-8.326554969758543
LF,2024-06-06T00:00:00Z,-8.003290818506766
LF,2024-06-07T00:00:00Z,-7.621378457154272
LF,2024-06-08T00:00:00Z,-7.157381528276424
LF,2024-06-09T00:00:00Z,-6.5891577144419635
LF,2024-06-10T00:00:00Z,-5.991052270583928
LF,2024-06-11T00:00:00Z,-5.445767400771064
LF,2024-06-12T00:00:00Z,-4.783147377654236
LF,2024-06-13T00:00:00Z,-3.905895806728738
LF,2024-06-14T00:00:00Z,-3.046122271483359
LF,2024-06-15T00:00:00Z,-2.3514823968647782
LF,2024-06-16T00:00:00Z,-1.629221328646608
LF,2024-06-17T00:00:00Z,-0.79266115415626
LF,2024-06-18T00:00:00Z,-0.08675504813377444
LF,2024-06-19T00:00:00Z,0.544775873155416
LF,2024-06-20T00:00:00Z,1.1770895144634164
LF,2024-06-21T00:00:00Z,1.5082573032057152
LF,2024-06-22T00:00:00Z,1.5842627717496907
LF,2024-06-23T00:00:00Z,1.7751057610056495
LF,2024-06-24T00:00:00Z,2.0999301627693505
LF,2024-06-25T00:00:00Z,2.4905762243574916
LF,2024-06-26T00:00:00Z,2.8620595142517358
LF,2024-06-27T00:00:00Z,3.166940573081492
LF,2024-06-28T00:00:00Z,3.4753833168612154
LF,2024-06-29T00:00:00Z,3.8904273523630444
LF,2024-06-30T00:00:00Z,3.9601959106516578
LF,2024-07-01T00:00:00Z,3.895343715723559
LF,2024-07-02T00:00:00Z,4.027269324632416
LF,2024-07-03T00:00:00Z,4.168066031493365
LF,2024-07-04T00:00:00Z,4.172814032192341
LF,2024-07-05T00:00:00Z,4.070406345661769
LF,2024-07-06T00:00:00Z,3.8294015785786666
LF,2024-07-07T00:00:00Z,3.5801314741522337
LF,2024-07-08T00:00:00Z,3.280626292018745
LF,2024-07-09T00:00:00Z,3.1504313280125533
LF,2024-07-10T00:00:00Z,3.33265216774892
LF,2024-07-11T00:00:00Z,3.5082167067934735
LF,2024-07-12T00:00:00Z,3.7529339618009185
LF,2024-07-13T00:00:00Z,3.926759137150232
LF,2024-07-14T00:00:00Z,3.925974017798545
LF,2024-07-15T00:00:00Z,3.7749865964718836
LF,2024-07-16T00:00:00Z,3.4474436655237763
LF,2024-07-17T00:00:00Z,3.1326078367570105
LF,2024-07-18T00:00:00Z,3.0850576076649823
LF,2024-07-19T00:00:00Z,3.1256023621305653
LF,2024-07-20T00:00:00Z,3.1608781273738744
LF,2024-07-21T00:00:00Z,3.4230509102212485
LF,2024-07-22T00:00:00Z,3.549511730679783
LF,2024-07-23T00:00:00Z,-Inf
LF,2024-07-24T00:00:00Z,3.4113555883938487
LF,2024-07-25T00:00:00Z,3.3902284156039624
LF,2024-07-26T00:00:00Z,3.2479889013641667
LF,2024-07-27T00:00:00Z,3.175371849064672
LF,2024-07-28T00:00:00Z,3.3085892140083066
LF,2024-07-29T00:00:00Z,3.3347316433285963
LF,2024-07-30T00:00:00Z,3.269087210719883
LF,2024-07-31T00:00:00Z,2.9234660850455993
LF,2024-08-01T00:00:00Z,2.4253285286100557
LF,2024-08-02T00:00:00Z,1.9416260402804522
LF,2024-08-03T00:00:00Z,1.5803405296378212
LF,2024-08-04T00:00:00Z,1.2550568234473136
LF,2024-08-05T00:00:00Z,-0.7629453905098469
LF,2024-08-06T00:00:00Z,-3.8037514129752896
LF,2024-08-07T00:00:00Z,-4.48492827320621
LF,2024-08-08T00:00:00Z,-4.483171865423749
LF,2024-08-09T00:00:00Z,-5.327812322638302
LF,2024-08-10T00:00:00Z,-7.03851526835216
LF,2024-08-11T00:00:00Z,-9.032392707790365
LF,2024-08-12T00:00:00Z,-10.842021019198587
LF,2024-08-13T00:00:00Z,-12.277671907373641
LF,2024-08-14T00:00:00Z,-13.274339785409214
LF,2024-08-15T00:00:00Z,-13.861154920294425
LF,2024-08-16T00:00:00Z,-14.138539186684433
LF,2024-08-17T00:00:00Z,-14.113278152588407
LF,2024-08-18T00:00:00Z,-13.958132329254418
LF,2024-08-19T00:00:00Z,-13.74810767669534
LF,2024-08-20T00:00:00Z,-13.455934265245823
LF,2024-08-21T00:00:00Z,-13.082312006277206
LF,2024-08-22T00:00:00Z,-12.667436162237827
LF,2024-08-23T00:00:00Z,-12.221399123262252
LF,2024-08-24T00:00:00Z,-11.744680631480247
LF,2024-08-25T00:00:00Z,-11.263547494509769
LF,2024-08-26T00:00:00Z,-10.805542283325526
LF,2024-08-27T00:00:00Z,-10.379079742826576
LF,2024-08-28T00:00:00Z,-9.955224814044989
LF,2024-08-29T00:00:00Z,-9.526573071568475
LF,2024-08-30T00:00:00Z,-9.087360771578375
LF,2024-08-31T00:00:00Z,-8.623402828764387
LF,2024-09-01T00:00:00Z,-8.175948389847502
LF,2024-09-02T00:00:00Z,-7.764009339675891
LF,2024-09-03T00:00:00Z,-7.38522407862316
LF,2024-09-04T00:00:00Z,-7.12208844854872
LF,2024-09-05T00:00:00Z,-6.864187810451362
LF,2024-09-06T00:00:00Z,-6.3204027823478235
LF,2024-09-07T00:00:00Z,-5.6114800203773605
LF,2024-09-08T00:00:00Z,-4.947455342254548
LF,2024-09-09T00:00:00Z,-4.293052677686967
LF,2024-09-10T00:00:00Z,-3.594249426443845
LF,2024-09-11T00:00:00Z,-3.010084120677366
LF,2024-09-12T00:00:00Z,-2.6913192891586206
LF,2024-09-13T00:00:00Z,-2.516783636130654
LF,2024-09-14T00:00:00Z,-2.271367055478727
LF,2024-09-15T00:00:00Z,-1.9336756051358517
LF,2024-09-16T00:00:00Z,-1.7063740313073321
LF,2024-09-17T00:00:00Z,-1.67234458236336
LF,2024-09-18T00:00:00Z,-1.7089147098643647
LF,2024-09-19T00:00:00Z,-1.856493450059432
LF,2024-09-20T00:00:00Z,-1.8844140858290128
LF,2024-09-21T00:00:00Z,-1.7645978486426017
LF,2024-09-22T00:00:00Z,-1.6288229434114907
LF,2024-09-23T00:00:00Z,-1.4995408223797568
LF,2024-09-24T00:00:00Z,-1.3281849144979727
LF,2024-09-25T00:00:00Z,-1.2291231732512244
LF,2024-09-26T00:00:00Z,-1.5107285488316613
LF,2024-09-27T00:00:00Z,-3.5078410469768038
LF,2024-09-28T00:00:00Z,-4.348310044683943
LF,2024-09-29T00:00:00Z,-2.405389492402904
LF,2024-09-30T00:00:00Z,-1.608999901777901
LF,2024-10-01T00:00:00Z,-1.5109725759962434
LF,2024-10-02T00:00:00Z,-1.5158747188407116
LF,2024-10-03T00:00:00Z,-1.646263059488648
LF,2024-10-04T00:00:00Z,-2.041333974436574
LF,2024-10-05T00:00:00Z,-2.719245659554476
OS,2022-04-01T00:00:00Z,-Inf
OS,2022-04-02T00:00:00Z,-Inf
OS,2022-04-03T00:00:00Z,-Inf
OS,2022-04-04T00:00:00Z,-Inf
OS,2022-04-05T00:00:00Z,-Inf
OS,2022-04-06T00:00:00Z,-Inf
OS,2022-04-07T00:00:00Z,-Inf
OS,2022-04-08T00:00:00Z,-Inf
OS,2022-04-09T00:00:00Z,-Inf
OS,2022-04-10T00:00:00Z,-Inf
OS,2022-04-11T00:00:00Z,-Inf
OS,2022-04-12T00:00:00Z,-Inf
OS,2022-04-13T00:00:00Z,-Inf
OS,2022-04-14T00:00:00Z,-Inf
OS,2022-04-15T00:00:00Z,-Inf
OS,2022-04-16T00:00:00Z,-Inf
OS,2022-04-17T00:00:00Z,-Inf
OS,2022-04-18T00:00:00Z,-Inf
OS,2022-04-19T00:00:00Z,-Inf
OS,2022-04-20T00:00:00Z,-Inf
OS,2022-04-21T00:00:00Z,-Inf
OS,2022-04-22T00:00:00Z,-Inf
OS,2022-04-23T00:00:00Z,-Inf
OS,2022-04-24T00:00:00Z,-Inf
OS,2022-04-25T00:00:00Z,-Inf
OS,2022-04-26T00:00:00Z,-Inf
OS,2022-04-27T00:00:00Z,-Inf
OS,2022-04-28T00:00:00Z,-Inf
OS,2022-04-29T00:00:00Z,-Inf
OS,2022-04-30T00:00:00Z,-Inf
OS,2022-05-01T00:00:00Z,-Inf
OS,2022-05-02T00:00:00Z,-Inf
OS,2022-05-03T00:00:00Z,-Inf
OS,2022-05-04T00:00:00Z,-Inf
OS,2022-05-05T00:00:00Z,-Inf
OS,2022-05-06T00:00:00Z,-Inf
OS,2022-05-07T00:00:00Z,-Inf
OS,2022-05-08T00:00:00Z,-Inf
OS,2022-05-09T00:00:00Z,-Inf
OS,2022-05-10T00:00:00Z,-Inf
OS,2022-05-11T00:00:00Z,-Inf
OS,2022-05-12T00:00:00Z,-Inf
OS,2022-05-13T00:00:00Z,-Inf
OS,2022-05-14T00:00:00Z,-Inf
OS,2022-05-15T00:00:00Z,-Inf
OS,2022-05-16T00:00:00Z,-Inf
OS,2022-05-17T00:00:00Z,-Inf
OS,2022-05-18T00:00:00Z,-Inf
OS,2022-05-19T00:00:00Z,-Inf
OS,2022-05-20T00:00:00Z,-Inf
OS,2022-05-21T00:00:00Z,-Inf
OS,2022-05-22T00:00:00Z,-Inf
OS,2022-05-23T00:00:00Z,-Inf
OS,2022-05-24T00:00:00Z,-Inf
OS,2022-05-25T00:00:00Z,-Inf
OS,2022-05-26T00:00:00Z,-Inf
OS,2022-05-27T00:00:00Z,-Inf
OS,2022-05-28T00:00:00Z,-Inf
OS,2022-05-29T00:00:00Z,-Inf
OS,2022-05-30T00:00:00Z,-Inf
OS,2022-05-31T00:00:00Z,-Inf
OS,2022-06-01T00:00:00Z,-Inf
OS,2022-06-02T00:00:00Z,-Inf
OS,2022-06-03T00:00:00Z,-Inf
OS,2022-06-04T00:00:00Z,-Inf
OS,2022-06-05T00:00:00Z,-Inf
OS,2022-06-06T00:00:00Z,-Inf
OS,2022-06-07T00:00:00Z,-Inf
OS,2022-06-08T00:00:00Z,-Inf
OS,2022-06-09T00:00:00Z,-Inf
OS,2022-06-10T00:00:00Z,-Inf
OS,2022-06-11T00:00:00Z,-Inf
OS,2022-06-12T00:00:00Z,-Inf
OS,2022-06-13T00:00:00Z,-Inf
OS,2022-06-14T00:00:00Z,-Inf
OS,2022-06-15T00:00:00Z,-Inf
OS,2022-06-16T00:00:00Z,-Inf
OS,2022-06-17T00:00:00Z,-Inf
OS,2022-06-18T00:00:00Z,-Inf
OS,2022-06-19T00:00:00Z,-Inf
OS,2022-06-20T00:00:00Z,-Inf
OS,2022-06-21T00:00:00Z,-Inf
OS,2022-06-22T00:00:00Z,-Inf
OS,2022-06-23T00:00:00Z,-Inf
OS,2022-06-24T00:00:00Z,-Inf
OS,2022-06-25T00:00:00Z,-Inf
OS,2022-06-26T00:00:00Z,-Inf
OS,2022-06-27T00:00:00Z,-Inf
OS,2022-06-28T00:00:00Z,-Inf
OS,2022-06-29T00:00:00Z,-Inf
OS,2022-06-30T00:00:00Z,-Inf
OS,2022-07-01T00:00:00Z,-Inf
OS,2022-07-02T00:00:00Z,-Inf
OS,2022-07-03T00:00:00Z,-Inf
OS,2022-07-04T00:00:00Z,-Inf
OS,2022-07-05T00:00:00Z,-Inf
OS,2022-07-06T00:00:00Z,-Inf
OS,2022-07-07T00:00:00Z,-Inf
OS,2022-07-08T00:00:00Z,-Inf
OS,2022-07-09T00:00:00Z,-Inf
OS,2022-07-10T00:00:00Z,-Inf
OS,2022-07-11T00:00:00Z,-Inf
OS,2022-07-12T00:00:00Z,-Inf
OS,2022-07-13T00:00:00Z,-Inf
OS,2022-07-14T00:00:00Z,-Inf
OS,2022-07-15T00:00:00Z,-Inf
OS,2022-07-16T00:00:00Z,-Inf
OS,2022-07-17T00:00:00Z,-Inf
OS,2022-07-18T00:00:00Z,-Inf
OS,2022-07-19T00:00:00Z,-Inf
OS,2022-07-20T00:00:00Z,-Inf
OS,2022-07-21T00:00:00Z,-Inf
OS,2022-07-22T00:00:00Z,-Inf
OS,2022-07-23T00:00:00Z,-Inf
OS,2022-07-24T00:00:00Z,-Inf
OS,2022-07-25T00:00:00Z,-Inf
OS,2022-07-26T00:00:00Z,-Inf
OS,2022-07-27T00:00:00Z,-Inf
OS,2022-07-28T00:00:00Z,-Inf
OS,2022-07-29T00:00:00Z,-Inf
OS,2022-07-30T00:00:00Z,-Inf
OS,2022-07-31T00:00:00Z,-Inf
OS,2022-08-01T00:00:00Z,-Inf
OS,2022-08-02T00:00:00Z,-Inf
OS,2022-08-03T00:00:00Z,-Inf
OS,2022-08-04T00:00:00Z,-Inf
OS,2022-08-05T00:00:00Z,-Inf
OS,2022-08-06T00:00:00Z,-Inf
OS,2022-08-07T00:00:00Z,-Inf
OS,2022-08-08T00:00:00Z,-Inf
OS,2022-08-09T00:00:00Z,-Inf
OS,2022-08-10T00:00:00Z,-Inf
OS,2022-08-11T00:00:00Z,-Inf
OS,2022-08-12T00:00:00Z,-Inf
OS,2022-08-13T00:00:00Z,-Inf
OS,2022-08-14T00:00:00Z,-Inf
OS,2022-08-15T00:00:00Z,-Inf
OS,2022-08-16T00:00:00Z,-Inf
OS,2022-08-17T00:00:00Z,-Inf
OS,2022-08-18T00:00:00Z,-Inf
OS,2022-08-19T00:00:00Z,-Inf
OS,2022-08-20T00:00:00Z,-Inf
OS,2022-08-21T00:00:00Z,-Inf
OS,2022-08-22T00:00:00Z,-Inf
OS,2022-08-23T00:00:00Z,-Inf
OS,2022-08-24T00:00:00Z,-Inf
OS,2022-08-25T00:00:00Z,-Inf
OS,2022-08-26T00:00:00Z,-Inf
OS,2022-08-27T00:00:00Z,-Inf
OS,2022-08-28T00:00:00Z,-Inf
OS,2022-08-29T00:00:00Z,-Inf
OS,2022-08-30T00:00:00Z,-Inf
OS,2022-08-31T00:00:00Z,-Inf
OS,2022-09-01T00:00:00Z,-Inf
OS,2022-09-02T00:00:00Z,-Inf
OS,2022-09-03T00:00:00Z,-Inf
OS,2022-09-04T00:00:00Z,-Inf
OS,2022-09-05T00:00:00Z,-Inf
OS,2022-09-06T00:00:00Z,-Inf
OS,2022-09-07T00:00:00Z,-Inf
OS,2022-09-08T00:00:00Z,-Inf
OS,2022-09-09T00:00:00Z,-Inf
OS,2022-09-10T00:00:00Z,-Inf
OS,2022-09-11T00:00:00Z,-Inf
OS,2022-09-12T00:00:00Z,-Inf
OS,2022-09-13T00:00:00Z,-Inf
OS,2022-09-14T00:00:00Z,-Inf
OS,2022-09-15T00:00:00Z,-Inf
OS,2022-09-16T00:00:00Z,-Inf
OS,2022-09-17T00:00:00Z,-Inf
OS,2022-09-18T00:00:00Z,-Inf
OS,2022-09-19T00:00:00Z,-Inf
OS,2022-09-20T00:00:00Z,-Inf
OS,2022-09-21T00:00:00Z,-Inf
OS,2022-09-22T00:00:00Z,-Inf
OS,2022-09-23T00:00:00Z,-Inf
OS,2022-09-24T00:00:00Z,-Inf
OS,2022-09-25T00:00:00Z,-Inf
OS,2022-09-26T00:00:00Z,-Inf
OS,2022-09-27T00:00:00Z,-Inf
OS,2022-09-28T00:00:00Z,-Inf
OS,2022-09-29T00:00:00Z,-Inf
OS,2022-09-30T00:00:00Z,-Inf
OS,2022-10-01T00:00:00Z,-Inf
OS,2022-10-02T00:00:00Z,-Inf
OS,2022-10-03T00:00:00Z,-Inf
OS,2022-10-04T00:00:00Z,-Inf
OS,2022-10-05T00:00:00Z,-Inf
OS,2022-10-06T00:00:00Z,-Inf
OS,2022-10-07T00:00:00Z,-Inf
OS,2022-10-08T00:00:00Z,-Inf
OS,2022-10-09T00:00:00Z,-Inf
OS,2022-10-10T00:00:00Z,-Inf
OS,2022-10-11T00:00:00Z,-Inf
OS,2022-10-12T00:00:00Z,-Inf
OS,2022-10-13T00:00:00Z,-Inf
OS,2022-10-14T00:00:00Z,-Inf
OS,2022-10-15T00:00:00Z,-Inf
OS,2022-10-16T00:00:00Z,-Inf
OS,2022-10-17T00:00:00Z,-Inf
OS,2022-10-18T00:00:00Z,-Inf
OS,2022-10-19T00:00:00Z,-Inf
OS,2022-10-20T00:00:00Z,-Inf
OS,2022-10-21T00:00:00Z,-Inf
OS,2022-10-22T00:00:00Z,-Inf
OS,2022-10-23T00:00:00Z,-Inf
OS,2022-10-24T00:00:00Z,-Inf
OS,2022-10-25T00:00:00Z,-Inf
OS,2022-10-26T00:00:00Z,-Inf
OS,2022-10-27T00:00:00Z,-Inf
OS,2022-10-28T00:00:00Z,-Inf
OS,2022-10-29T00:00:00Z,-Inf
OS,2022-10-30T00:00:00Z,-Inf
OS,2022-10-31T00:00:00Z,-Inf
OS,2022-11-01T00:00:00Z,-Inf
OS,2022-11-02T00:00:00Z,-Inf
OS,2022-11-03T00:00:00Z,-Inf
OS,2022-11-04T00:00:00Z,-Inf
OS,2022-11-05T00:00:00Z,-Inf
OS,2022-11-06T00:00:00Z,-Inf
OS,2022-11-07T00:00:00Z,-Inf
OS,2022-11-08T00:00:00Z,-Inf
OS,2022-11-09T00:00:00Z,-Inf
OS,2022-11-10T00:00:00Z,-Inf
OS,2022-11-11T00:00:00Z,-Inf
OS,2022-11-12T00:00:00Z,-Inf
OS,2022-11-13T00:00:00Z,-Inf
OS,2022-11-14T00:00:00Z,-Inf
OS,2022-11-15T00:00:00Z,-Inf
OS,2022-11-16T00:00:00Z,-Inf
OS,2022-11-17T00:00:00Z,-Inf
OS,2022-11-18T00:00:00Z,-Inf
OS,2022-11-19T00:00:00Z,-Inf
OS,2022-11-20T00:00:00Z,-Inf
OS,2022-11-21T00:00:00Z,-Inf
OS,2022-11-22T00:00:00Z,-Inf
OS,2022-11-23T00:00:00Z,-Inf
OS,2022-11-24T00:00:00Z,-Inf
OS,2022-11-25T00:00:00Z,-Inf
OS,2022-11-26T00:00:00Z,-Inf
OS,2022-11-27T00:00:00Z,-Inf
OS,2022-11-28T00:00:00Z,-Inf
OS,2022-11-29T00:00:00Z,-Inf
OS,2022-11-30T00:00:00Z,-Inf
OS,2022-12-01T00:00:00Z,-Inf
OS,2022-12-02T00:00:00Z,-Inf
OS,2022-12-03T00:00:00Z,-Inf
OS,2022-12-04T00:00:00Z,-Inf
OS,2022-12-05T00:00:00Z,-Inf
OS,2022-12-06T00:00:00Z,-Inf
OS,2022-12-07T00:00:00Z,-Inf
OS,2022-12-08T00:00:00Z,-Inf
OS,2022-12-09T00:00:00Z,-Inf
OS,2022-12-10T00:00:00Z,-Inf
OS,2022-12-11T00:00:00Z,-Inf
OS,2022-12-12T00:00:00Z,-Inf
OS,2022-12-13T00:00:00Z,-Inf
OS,2022-12-14T00:00:00Z,-Inf
OS,2022-12-15T00:00:00Z,-Inf
OS,2022-12-16T00:00:00Z,-Inf
OS,2022-12-17T00:00:00Z,-Inf
OS,2022-12-18T00:00:00Z,-Inf
OS,2022-12-19T00:00:00Z,-Inf
OS,2022-12-20T00:00:00Z,-Inf
OS,2022-12-21T00:00:00Z,-Inf
OS,2022-12-22T00:00:00Z,-Inf
OS,2022-12-23T00:00:00Z,-Inf
OS,2022-12-24T00:00:00Z,-Inf
OS,2022-12-25T00:00:00Z,-Inf
OS,2022-12-26T00:00:00Z,-Inf
OS,2022-12-27T00:00:00Z,-Inf
OS,2022-12-28T00:00:00Z,-Inf
OS,2022-12-29T00:00:00Z,-Inf
OS,2022-12-30T00:00:00Z,-Inf
OS,2022-12-31T00:00:00Z,-Inf
OS,2023-01-01T00:00:00Z,-Inf
OS,2023-01-02T00:00:00Z,-Inf
OS,2023-01-03T00:00:00Z,-Inf
OS,2023-01-04T00:00:00Z,-Inf
OS,2023-01-05T00:00:00Z,-Inf
OS,2023-01-06T00:00:00Z,-Inf
OS,2023-01-07T00:00:00Z,-Inf
OS,2023-01-08T00:00:00Z,-Inf
OS,2023-01-09T00:00:00Z,-Inf
OS,2023-01-10T00:00:00Z,-Inf
OS,2023-01-11T00:00:00Z,-Inf
OS,2023-01-12T00:00:00Z,-Inf
OS,2023-01-13T00:00:00Z,-Inf
OS,2023-01-14T00:00:00Z,-Inf
OS,2023-01-15T00:00:00Z,-Inf
OS,2023-01-16T00:00:00Z,-Inf
OS,2023-01-17T00:00:00Z,-Inf
OS,2023-01-18T00:00:00Z,-Inf
OS,2023-01-19T00:00:00Z,-Inf
OS,2023-01-20T00:00:00Z,-Inf
OS,2023-01-21T00:00:00Z,-Inf
OS,2023-01-22T00:00:00Z,-Inf
OS,2023-01-23T00:00:00Z,-Inf
OS,2023-01-24T00:00:00Z,-Inf
OS,2023-01-25T00:00:00Z,-Inf
OS,2023-01-26T00:00:00Z,-Inf
OS,2023-01-27T00:00:00Z,-Inf
OS,2023-01-28T00:00:00Z,-Inf
OS,2023-01-29T00:00:00Z,-Inf
OS,2023-01-30T00:00:00Z,-Inf
OS,2023-01-31T00:00:00Z,-Inf
OS,2023-02-01T00:00:00Z,-Inf
OS,2023-02-02T00:00:00Z,-Inf
OS,2023-02-03T00:00:00Z,-Inf
OS,2023-02-04T00:00:00Z,-Inf
OS,2023-02-05T00:00:00Z,-Inf
OS,2023-02-06T00:00:00Z,-Inf
OS,2023-02-07T00:00:00Z,-Inf
OS,2023-02-08T00:00:00Z,-Inf
OS,2023-02-09T00:00:00Z,-Inf
OS,2023-02-10T00:00:00Z,-Inf
OS,2023-02-11T00:00:00Z,-Inf
OS,2023-02-12T00:00:00Z,-Inf
OS,2023-02-13T00:00:00Z,-Inf
OS,2023-02-14T00:00:00Z,-Inf
OS,2023-02-15T00:00:00Z,-Inf
OS,2023-02-16T00:00:00Z,-Inf
OS,2023-02-17T00:00:00Z,-Inf
OS,2023-02-18T00:00:00Z,-Inf
OS,2023-02-19T00:00:00Z,-Inf
OS,2023-02-20T00:00:00Z,-Inf
OS,2023-02-21T00:00:00Z,-Inf
OS,2023-02-22T00:00:00Z,-Inf
OS,2023-02-23T00:00:00Z,-Inf
OS,2023-02-24T00:00:00Z,-Inf
OS,2023-02-25T00:00:00Z,-Inf
OS,2023-02-26T00:00:00Z,-Inf
OS,2023-02-27T00:00:00Z,-Inf
OS,2023-02-28T00:00:00Z,-Inf
OS,2023-03-01T00:00:00Z,-Inf
OS,2023-03-02T00:00:00Z,-Inf
OS,2023-03-03T00:00:00Z,-Inf
OS,2023-03-04T00:00:00Z,-Inf
OS,2023-03-05T00:00:00Z,-Inf
OS,2023-03-06T00:00:00Z,-Inf
OS,2023-03-07T00:00:00Z,-Inf
OS,2023-03-08T00:00:00Z,-Inf
OS,2023-03-09T00:00:00Z,-Inf
OS,2023-03-10T00:00:00Z,-Inf
OS,2023-03-11T00:00:00Z,-Inf
OS,2023-03-12T00:00:00Z,-Inf
OS,2023-03-13T00:00:00Z,-Inf
OS,2023-03-14T00:00:00Z,-Inf
OS,2023-03-15T00:00:00Z,-Inf
OS,2023-03-16T00:00:00Z,-Inf
OS,2023-03-17T00:00:00Z,-Inf
OS,2023-03-18T00:00:00Z,-Inf
OS,2023-03-19T00:00:00Z,-Inf
OS,2023-03-20T00:00:00Z,-Inf
OS,2023-03-21T00:00:00Z,-Inf
OS,2023-03-22T00:00:00Z,-Inf
OS,2023-03-23T00:00:00Z,-Inf
OS,2023-03-24T00:00:00Z,-Inf
OS,2023-03-25T00:00:00Z,-Inf
OS,2023-03-26T00:00:00Z,-Inf
OS,2023-03-27T00:00:00Z,-Inf
OS,2023-03-28T00:00:00Z,-Inf
OS,2023-03-29T00:00:00Z,-Inf
OS,2023-03-30T00:00:00Z,-Inf
OS,2023-03-31T00:00:00Z,-Inf
OS,2023-04-01T00:00:00Z,-Inf
OS,2023-04-02T00:00:00Z,-Inf
OS,2023-04-03T00:00:00Z,-Inf
OS,2023-04-04T00:00:00Z,-Inf
OS,2023-04-05T00:00:00Z,-Inf
OS,2023-04-06T00:00:00Z,-Inf
OS,2023-04-07T00:00:00Z,-Inf
OS,2023-04-08T00:00:00Z,-Inf
OS,2023-04-09T00:00:00Z,-Inf
OS,2023-04-10T00:00:00Z,-Inf
OS,2023-04-11T00:00:00Z,-Inf
OS,2023-04-12T00:00:00Z,-Inf
OS,2023-04-13T00:00:00Z,-Inf
OS,2023-04-14T00:00:00Z,-Inf
OS,2023-04-15T00:00:00Z,-Inf
OS,2023-04-16T00:00:00Z,-Inf
OS,2023-04-17T00:00:00Z,-Inf
OS,2023-04-18T00:00:00Z,-Inf
OS,2023-04-19T00:00:00Z,-Inf
OS,2023-04-20T00:00:00Z,-Inf
OS,2023-04-21T00:00:00Z,-Inf
OS,2023-04-22T00:00:00Z,-Inf
OS,2023-04-23T00:00:00Z,-Inf
OS,2023-04-24T00:00:00Z,-Inf
OS,2023-04-25T00:00:00Z,-Inf
OS,2023-04-26T00:00:00Z,-Inf
OS,2023-04-27T00:00:00Z,-Inf
OS,2023-04-28T00:00:00Z,-Inf
OS,2023-04-29T00:00:00Z,-Inf
OS,2023-04-30T00:00:00Z,-Inf
OS,2023-05-01T00:00:00Z,-Inf
OS,2023-05-02T00:00:00Z,-Inf
OS,2023-05-03T00:00:00Z,-Inf
OS,2023-05-04T00:00:00Z,-Inf
OS,2023-05-05T00:00:00Z,-Inf
OS,2023-05-06T00:00:00Z,-Inf
OS,2023-05-07T00:00:00Z,-Inf
OS,2023-05-08T00:00:00Z,-Inf
OS,2023-05-09T00:00:00Z,-Inf
OS,2023-05-10T00:00:00Z,-Inf
OS,2023-05-11T00:00:00Z,-Inf
OS,2023-05-12T00:00:00Z,-Inf
OS,2023-05-13T00:00:00Z,-Inf
OS,2023-05-14T00:00:00Z,-Inf
OS,2023-05-15T00:00:00Z,-Inf
OS,2023-05-16T00:00:00Z,-Inf
OS,2023-05-17T00:00:00Z,-Inf
OS,2023-05-18T00:00:00Z,-Inf
OS,2023-05-19T00:00:00Z,-Inf
OS,2023-05-20T00:00:00Z,-Inf
OS,2023-05-21T00:00:00Z,-Inf
OS,2023-05-22T00:00:00Z,-Inf
OS,2023-05-23T00:00:00Z,-Inf
OS,2023-05-24T00:00:00Z,-Inf
OS,2023-05-25T00:00:00Z,-Inf
OS,2023-05-26T00:00:00Z,-Inf
OS,2023-05-27T00:00:00Z,-Inf
OS,2023-05-28T00:00:00Z,-Inf
OS,2023-05-29T00:00:00Z,-Inf
OS,2023-05-30T00:00:00Z,-Inf
OS,2023-05-31T00:00:00Z,-Inf
OS,2023-06-01T00:00:00Z,-Inf
OS,2023-06-02T00:00:00Z,-Inf
OS,2023-06-03T00:00:00Z,-Inf
OS,2023-06-04T00:00:00Z,-Inf
OS,2023-06-05T00:00:00Z,-Inf
OS,2023-06-06T00:00:00Z,-Inf
OS,2023-06-07T00:00:00Z,-Inf
OS,2023-06-08T00:00:00Z,-Inf
OS,2023-06-09T00:00:00Z,-Inf
OS,2023-06-10T00:00:00Z,-Inf
OS,2023-06-11T00:00:00Z,-Inf
OS,2023-06-12T00:00:00Z,-Inf
OS,2023-06-13T00:00:00Z,-Inf
OS,2023-06-14T00:00:00Z,-Inf
OS,2023-06-15T00:00:00Z,-Inf
OS,2023-06-16T00:00:00Z,-Inf
OS,2023-06-17T00:00:00Z,-Inf
OS,2023-06-18T00:00:00Z,-Inf
OS,2023-06-19T00:00:00Z,-Inf
OS,2023-06-20T00:00:00Z,-Inf
OS,2023-06-21T00:00:00Z,-Inf
OS,2023-06-22T00:00:00Z,-Inf
OS,2023-06-23T00:00:00Z,-Inf
OS,2023-06-24T00:00:00Z,-Inf
OS,2023-06-25T00:00:00Z,-Inf
OS,2023-06-26T00:00:00Z,-Inf
OS,2023-06-27T00:00:00Z,-Inf
OS,2023-06-28T00:00:00Z,-Inf
OS,2023-06-29T00:00:00Z,-Inf
OS,2023-06-30T00:00:00Z,-Inf
OS,2023-07-01T00:00:00Z,-Inf
OS,2023-07-02T00:00:00Z,-Inf
OS,2023-07-03T00:00:00Z,-Inf
OS,2023-07-04T00:00:00Z,-Inf
OS,2023-07-05T00:00:00Z,-Inf
OS,2023-07-06T00:00:00Z,-Inf
OS,2023-07-07T00:00:00Z,-Inf
OS,2023-07-08T00:00:00Z,-Inf
OS,2023-07-09T00:00:00Z,-Inf
OS,2023-07-10T00:00:00Z,-Inf
OS,2023-07-11T00:00:00Z,-Inf
OS,2023-07-12T00:00:00Z,-Inf
OS,2023-07-13T00:00:00Z,-Inf
OS,2023-07-14T00:00:00Z,-Inf
OS,2023-07-15T00:00:00Z,-Inf
OS,2023-07-16T00:00:00Z,-Inf
OS,2023-07-17T00:00:00Z,-Inf
OS,2023-07-18T00:00:00Z,-Inf
OS,2023-07-19T00:00:00Z,-Inf
OS,2023-07-20T00:00:00Z,-Inf
OS,2023-07-21T00:00:00Z,-Inf
OS,2023-07-22T00:00:00Z,-Inf
OS,2023-07-23T00:00:00Z,-Inf
OS,2023-07-24T00:00:00Z,-Inf
OS,2023-07-25T00:00:00Z,-Inf
OS,2023-07-26T00:00:00Z,-Inf
OS,2023-07-27T00:00:00Z,-Inf
OS,2023-07-28T00:00:00Z,-Inf
OS,2023-07-29T00:00:00Z,-Inf
OS,2023-07-30T00:00:00Z,-Inf
OS,2023-07-31T00:00:00Z,-Inf
OS,2023-08-01T00:00:00Z,-Inf
OS,2023-08-02T00:00:00Z,-Inf
OS,2023-08-03T00:00:00Z,-Inf
OS,2023-08-04T00:00:00Z,-Inf
OS,2023-08-05T00:00:00Z,-Inf
OS,2023-08-06T00:00:00Z,-Inf
OS,2023-08-07T00:00:00Z,-Inf
OS,2023-08-08T00:00:00Z,-Inf
OS,2023-08-09T00:00:00Z,-Inf
OS,2023-08-10T00:00:00Z,-Inf
OS,2023-08-11T00:00:00Z,-Inf
OS,2023-08-12T00:00:00Z,-Inf
OS,2023-08-13T00:00:00Z,-Inf
OS,2023-08-14T00:00:00Z,-Inf
OS,2023-08-15T00:00:00Z,-Inf
OS,2023-08-16T00:00:00Z,-Inf
OS,2023-08-17T00:00:00Z,-Inf
OS,2023-08-18T00:00:00Z,-Inf
OS,2023-08-19T00:00:00Z,-Inf
OS,2023-08-20T00:00:00Z,-Inf
OS,2023-08-21T00:00:00Z,-Inf
OS,2023-08-22T00:00:00Z,-Inf
OS,2023-08-23T00:00:00Z,-Inf
OS,2023-08-24T00:00:00Z,-Inf
OS,2023-08-25T00:00:00Z,-Inf
OS,2023-08-26T00:00:00Z,-Inf
OS,2023-08-27T00:00:00Z,-Inf
OS,2023-08-28T00:00:00Z,-Inf
OS,2023-08-29T00:00:00Z,-Inf
OS,2023-08-30T00:00:00Z,-Inf
OS,2023-08-31T00:00:00Z,-Inf
OS,2023-09-01T00:00:00Z,-Inf
OS,2023-09-02T00:00:00Z,-Inf
OS,2023-09-03T00:00:00Z,-Inf
OS,2023-09-04T00:00:00Z,-Inf
OS,2023-09-05T00:00:00Z,-Inf
OS,2023-09-06T00:00:00Z,-Inf
OS,2023-09-07T00:00:00Z,-Inf
OS,2023-09-08T00:00:00Z,-Inf
OS,2023-09-09T00:00:00Z,-Inf
OS,2023-09-10T00:00:00Z,-Inf
OS,2023-09-11T00:00:00Z,-Inf
OS,2023-09-12T00:00:00Z,-Inf
OS,2023-09-13T00:00:00Z,-Inf
OS,2023-09-14T00:00:00Z,-Inf
OS,2023-09-15T00:00:00Z,-Inf
OS,2023-09-16T00:00:00Z,-Inf
OS,2023-09-17T00:00:00Z,-Inf
OS,2023-09-18T00:00:00Z,-Inf
OS,2023-09-19T00:00:00Z,-Inf
OS,2023-09-20T00:00:00Z,-Inf
OS,2023-09-21T00:00:00Z,-Inf
OS,2023-09-22T00:00:00Z,-Inf
OS,2023-09-23T00:00:00Z,-Inf
OS,2023-09-24T00:00:00Z,-Inf
OS,2023-09-25T00:00:00Z,-Inf
OS,2023-09-26T00:00:00Z,-Inf
OS,2023-09-27T00:00:00Z,-Inf
OS,2023-09-28T00:00:00Z,-Inf
OS,2023-09-29T00:00:00Z,-Inf
OS,2023-09-30T00:00:00Z,-Inf
OS,2023-10-01T00:00:00Z,-Inf
OS,2023-10-02T00:00:00Z,-Inf
OS,2023-10-03T00:00:00Z,-Inf
OS,2023-10-04T00:00:00Z,-Inf
OS,2023-10-05T00:00:00Z,-Inf
OS,2023-10-06T00:00:00Z,-Inf
OS,2023-10-07T00:00:00Z,-Inf
OS,2023-10-08T00:00:00Z,-Inf
OS,2023-10-09T00:00:00Z,-Inf
OS,2023-10-10T00:00:00Z,-Inf
OS,2023-10-11T00:00:00Z,-Inf
OS,2023-10-12T00:00:00Z,-Inf
OS,2023-10-13T00:00:00Z,-Inf
OS,2023-10-14T00:00:00Z,-Inf
OS,2023-10-15T00:00:00Z,-Inf
OS,2023-10-16T00:00:00Z,-Inf
OS,2023-10-17T00:00:00Z,-Inf
OS,2023-10-18T00:00:00Z,-Inf
OS,2023-10-19T00:00:00Z,-Inf
OS,2023-10-20T00:00:00Z,-Inf
OS,2023-10-21T00:00:00Z,-Inf
OS,2023-10-22T00:00:00Z,-Inf
OS,2023-10-23T00:00:00Z,-Inf
OS,2023-10-24T00:00:00Z,-Inf
OS,2023-10-25T00:00:00Z,-Inf
OS,2023-10-26T00:00:00Z,-Inf
OS,2023-10-27T00:00:00Z,-Inf
OS,2023-10-28T00:00:00Z,-Inf
OS,2023-10-29T00:00:00Z,-Inf
OS,2023-10-30T00:00:00Z,-Inf
OS,2023-10-31T00:00:00Z,-Inf
OS,2023-11-01T00:00:00Z,-Inf
OS,2023-11-02T00:00:00Z,-Inf
OS,2023-11-03T00:00:00Z,-Inf
OS,2023-11-04T00:00:00Z,-Inf
OS,2023-11-05T00:00:00Z,-Inf
OS,2023-11-06T00:00:00Z,-Inf
OS,2023-11-07T00:00:00Z,-Inf
OS,2023-11-08T00:00:00Z,-Inf
OS,2023-11-09T00:00:00Z,-Inf
OS,2023-11-10T00:00:00Z,-Inf
OS,2023-11-11T00:00:00Z,-Inf
OS,2023-11-12T00:00:00Z,-Inf
OS,2023-11-13T00:00:00Z,-Inf
OS,2023-11-14T00:00:00Z,-Inf
OS,2023-11-15T00:00:00Z,-Inf
OS,2023-11-16T00:00:00Z,-Inf
OS,2023-11-17T00:00:00Z,-Inf
OS,2023-11-18T00:00:00Z,-Inf
OS,2023-11-19T00:00:00Z,-Inf
OS,2023-11-20T00:00:00Z,-Inf
OS,2023-11-21T00:00:00Z,-Inf
OS,2023-11-22T00:00:00Z,-Inf
OS,2023-11-23T00:00:00Z,-Inf
OS,2023-11-24T00:00:00Z,-Inf
OS,2023-11-25T00:00:00Z,-Inf
OS,2023-11-26T00:00:00Z,-Inf
OS,2023-11-27T00:00:00Z,-Inf
OS,2023-11-28T00:00:00Z,-Inf
OS,2023-11-29T00:00:00Z,-Inf
OS,2023-11-30T00:00:00Z,-Inf
OS,2023-12-01T00:00:00Z,-Inf
OS,2023-12-02T00:00:00Z,-Inf
OS,2023-12-03T00:00:00Z,-Inf
OS,2023-12-04T00:00:00Z,-Inf
OS,2023-12-05T00:00:00Z,-Inf
OS,2023-12-06T00:00:00Z,-Inf
OS,2023-12-07T00:00:00Z,-Inf
OS,2023-12-08T00:00:00Z,-Inf
OS,2023-12-09T00:00:00Z,-Inf
OS,2023-12-10T00:00:00Z,-Inf
OS,2023-12-11T00:00:00Z,-Inf
OS,2023-12-12T00:00:00Z,-Inf
OS,2023-12-13T00:00:00Z,-Inf
OS,2023-12-14T00:00:00Z,-Inf
OS,2023-12-15T00:00:00Z,-Inf
OS,2023-12-16T00:00:00Z,-Inf
OS,2023-12-17T00:00:00Z,-Inf
OS,2023-12-18T00:00:00Z,-Inf
OS,2023-12-19T00:00:00Z,-Inf
OS,2023-12-20T00:00:00Z,-Inf
OS,2023-12-21T00:00:00Z,-Inf
OS,2023-12-22T00:00:00Z,-Inf
OS,2023-12-23T00:00:00Z,-Inf
OS,2023-12-24T00:00:00Z,-Inf
OS,2023-12-25T00:00:00Z,-Inf
OS,2023-12-26T00:00:00Z,-Inf
OS,2023-12-27T00:00:00Z,-Inf
OS,2023-12-28T00:00:00Z,-Inf
OS,2023-12-29T00:00:00Z,-Inf
OS,2023-12-30T00:00:00Z,-Inf
OS,2023-12-31T00:00:00Z,-Inf
OS,2024-01-01T00:00:00Z,-Inf
OS,2024-01-02T00:00:00Z,-Inf
OS,2024-01-03T00:00:00Z,-Inf
OS,2024-01-04T00:00:00Z,-Inf
OS,2024-01-05T00:00:00Z,-Inf
OS,2024-01-06T00:00:00Z,-Inf
OS,2024-01-07T00:00:00Z,-Inf
OS,2024-01-08T00:00:00Z,-Inf
OS,2024-01-09T00:00:00Z,-Inf
OS,2024-01-10T00:00:00Z,-Inf
OS,2024-01-11T00:00:00Z,-Inf
OS,2024-01-12T00:00:00Z,-Inf
OS,2024-01-13T00:00:00Z,-Inf
OS,2024-01-14T00:00:00Z,-Inf
OS,2024-01-15T00:00:00Z,-Inf
OS,2024-01-16T00:00:00Z,-Inf
OS,2024-01-17T00:00:00Z,-Inf
OS,2024-01-18T00:00:00Z,-Inf
OS,2024-01-19T00:00:00Z,-Inf
OS,2024-01-20T00:00:00Z,-Inf
OS,2024-01-21T00:00:00Z,-Inf
OS,2024-01-22T00:00:00Z,-Inf
OS,2024-01-23T00:00:00Z,-Inf
OS,2024-01-24T00:00:00Z,-Inf
OS,2024-01-25T00:00:00Z,-Inf
OS,2024-01-26T00:00:00Z,-Inf
OS,2024-01-27T00:00:00Z,-Inf
OS,2024-01-28T00:00:00Z,-Inf
OS,2024-01-29T00:00:00Z,-Inf
OS,2024-01-30T00:00:00Z,-Inf
OS,2024-01-31T00:00:00Z,-Inf
OS,2024-02-01T00:00:00Z,-Inf
OS,2024-02-02T00:00:00Z,-Inf
OS,2024-02-03T00:00:00Z,-Inf
OS,2024-02-04T00:00:00Z,-Inf
OS,2024-02-05T00:00:00Z,-Inf
OS,2024-02-06T00:00:00Z,-Inf
OS,2024-02-07T00:00:00Z,-Inf
OS,2024-02-08T00:00:00Z,-Inf
OS,2024-02-09T00:00:00Z,-Inf
OS,2024-02-10T00:00:00Z,-Inf
OS,2024-02-11T00:00:00Z,-Inf
OS,2024-02-12T00:00:00Z,-Inf
OS,2024-02-13T00:00:00Z,-Inf
OS,2024-02-14T00:00:00Z,-Inf
OS,2024-02-15T00:00:00Z,-Inf
OS,2024-02-16T00:00:00Z,-Inf
OS,2024-02-17T00:00:00Z,-Inf
OS,2024-02-18T00:00:00Z,-Inf
OS,2024-02-19T00:00:00Z,-Inf
OS,2024-02-20T00:00:00Z,-Inf
OS,2024-02-21T00:00:00Z,-Inf
OS,2024-02-22T00:00:00Z,-Inf
OS,2024-02-23T00:00:00Z,-Inf
OS,2024-02-24T00:00:00Z,-Inf
OS,2024-02-25T00:00:00Z,-Inf
OS,2024-02-26T00:00:00Z,-Inf
OS,2024-02-27T00:00:00Z,-Inf
OS,2024-02-28T00:00:00Z,-Inf
OS,2024-02-29T00:00:00Z,-Inf
OS,2024-03-01T00:00:00Z,-Inf
OS,2024-03-02T00:00:00Z,-Inf
OS,2024-03-03T00:00:00Z,-Inf
OS,2024-03-04T00:00:00Z,-Inf
OS,2024-03-05T00:00:00Z,-Inf
OS,2024-03-06T00:00:00Z,-Inf
OS,2024-03-07T00:00:00Z,-Inf
OS,2024-03-08T00:00:00Z,-Inf
OS,2024-03-09T00:00:00Z,-Inf
OS,2024-03-10T00:00:00Z,-Inf
OS,2024-03-11T00:00:00Z,-Inf
OS,2024-03-12T00:00:00Z,-Inf
OS,2024-03-13T00:00:00Z,-Inf
OS,2024-03-14T00:00:00Z,-Inf
OS,2024-03-15T00:00:00Z,-Inf
OS,2024-03-16T00:00:00Z,-Inf
OS,2024-03-17T00:00:00Z,-Inf
OS,2024-03-18T00:00:00Z,-Inf
OS,2024-03-19T00:00:00Z,-Inf
OS,2024-03-20T00:00:00Z,-Inf
OS,2024-03-21T00:00:00Z,-Inf
OS,2024-03-22T00:00:00Z,-Inf
OS,2024-03-23T00:00:00Z,-Inf
OS,2024-03-24T00:00:00Z,-Inf
OS,2024-03-25T00:00:00Z,-Inf
OS,2024-03-26T00:00:00Z,-Inf
OS,2024-03-27T00:00:00Z,-Inf
OS,2024-03-28T00:00:00Z,-Inf
OS,2024-03-29T00:00:00Z,-Inf
OS,2024-03-30T00:00:00Z,-Inf
OS,2024-03-31T00:00:00Z,-Inf
OS,2024-04-01T00:00:00Z,-Inf
OS,2024-04-02T00:00:00Z,-Inf
OS,2024-04-03T00:00:00Z,-Inf
OS,2024-04-04T00:00:00Z,-Inf
OS,2024-04-05T00:00:00Z,-Inf
OS,2024-04-06T00:00:00Z,-Inf
OS,2024-04-07T00:00:00Z,-Inf
OS,2024-04-08T00:00:00Z,-Inf
OS,2024-04-09T00:00:00Z,-Inf
OS,2024-04-10T00:00:00Z,-Inf
OS,2024-04-11T00:00:00Z,-Inf
OS,2024-04-12T00:00:00Z,-Inf
OS,2024-04-13T00:00:00Z,-Inf
OS,2024-04-14T00:00:00Z,-Inf
OS,2024-04-15T00:00:00Z,-Inf
OS,2024-04-16T00:00:00Z,-Inf
OS,2024-04-17T00:00:00Z,-Inf
OS,2024-04-18T00:00:00Z,-Inf
OS,2024-04-19T00:00:00Z,-Inf
OS,2024-04-20T00:00:00Z,-Inf
OS,2024-04-21T00:00:00Z,-Inf
OS,2024-04-22T00:00:00Z,-Inf
OS,2024-04-23T00:00:00Z,-Inf
OS,2024-04-24T00:00:00Z,-Inf
OS,2024-04-25T00:00:00Z,-Inf
OS,2024-04-26T00:00:00Z,-Inf
OS,2024-04-27T00:00:00Z,-Inf
OS,2024-04-28T00:00:00Z,-Inf
OS,2024-04-29T00:00:00Z,-Inf
OS,2024-04-30T00:00:00Z,-Inf
OS,2024-05-01T00:00:00Z,-Inf
OS,2024-05-02T00:00:00Z,-Inf
OS,2024-05-03T00:00:00Z,-Inf
OS,2024-05-04T00:00:00Z,-Inf
OS,2024-05-05T00:00:00Z,-Inf
OS,2024-05-06T00:00:00Z,-Inf
OS,2024-05-07T00:00:00Z,-Inf
OS,2024-05-08T00:00:00Z,-Inf
OS,2024-05-09T00:00:00Z,-Inf
OS,2024-05-10T00:00:00Z,-Inf
OS,2024-05-11T00:00:00Z,-Inf
OS,2024-05-12T00:00:00Z,-Inf
OS,2024-05-13T00:00:00Z,-Inf
OS,2024-05-14T00:00:00Z,-Inf
OS,2024-05-15T00:00:00Z,-Inf
OS,2024-05-16T00:00:00Z,-Inf
OS,2024-05-17T00:00:00Z,-Inf
OS,2024-05-18T00:00:00Z,-Inf
OS,2024-05-19T00:00:00Z,-Inf
OS,2024-05-20T00:00:00Z,-Inf
OS,2024-05-21T00:00:00Z,-Inf
OS,2024-05-22T00:00:00Z,-Inf
OS,2024-05-23T00:00:00Z,-Inf
OS,2024-05-24T00:00:00Z,-Inf
OS,2024-05-25T00:00:00Z,-Inf
OS,2024-05-26T00:00:00Z,-Inf
OS,2024-05-27T00:00:00Z,-Inf
OS,2024-05-28T00:00:00Z,-Inf
OS,2024-05-29T00:00:00Z,-Inf
OS,2024-05-30T00:00:00Z,-Inf
OS,2024-05-31T00:00:00Z,-Inf
OS,2024-06-01T00:00:00Z,-Inf
OS,2024-06-02T00:00:00Z,-Inf
OS,2024-06-03T00:00:00Z,-Inf
OS,2024-06-04T00:00:00Z,-Inf
OS,2024-06-05T00:00:00Z,-Inf
OS,2024-06-06T00:00:00Z,-Inf
OS,2024-06-07T00:00:00Z,-Inf
OS,2024-06-08T00:00:00Z,-Inf
OS,2024-06-09T00:00:00Z,-Inf
OS,2024-06-10T00:00:00Z,-Inf
OS,2024-06-11T00:00:00Z,-Inf
OS,2024-06-12T00:00:00Z,-Inf
OS,2024-06-13T00:00:00Z,-Inf
OS,2024-06-14T00:00:00Z,-Inf
OS,2024-06-15T00:00:00Z,-Inf
OS,2024-06-16T00:00:00Z,-Inf
OS,2024-06-17T00:00:00Z,-Inf
OS,2024-06-18T00:00:00Z,-Inf
OS,2024-06-19T00:00:00Z,-Inf
OS,2024-06-20T00:00:00Z,-Inf
OS,2024-06-21T00:00:00Z,-Inf
OS,2024-06-22T00:00:00Z,-Inf
OS,2024-06-23T00:00:00Z,-Inf
OS,2024-06-24T00:00:00Z,-Inf
OS,2024-06-25T00:00:00Z,-Inf
OS,2024-06-26T00:00:00Z,-Inf
OS,2024-06-27T00:00:00Z,-Inf
OS,2024-06-28T00:00:00Z,-Inf
OS,2024-06-29T00:00:00Z,-Inf
OS,2024-06-30T00:00:00Z,-Inf
OS,2024-07-01T00:00:00Z,-Inf
OS,2024-07-02T00:00:00Z,-Inf
OS,2024-07-03T00:00:00Z,-Inf
OS,2024-07-04T00:00:00Z,-Inf
OS,2024-07-05T00:00:00Z,-Inf
OS,2024-07-06T00:00:00Z,-Inf
OS,2024-07-07T00:00:00Z,-Inf
OS,2024-07-08T00:00:00Z,-Inf
OS,2024-07-09T00:00:00Z,-Inf
OS,2024-07-10T00:00:00Z,-Inf
OS,2024-07-11T00:00:00Z,-Inf
OS,2024-07-12T00:00:00Z,-Inf
OS,2024-07-13T00:00:00Z,-Inf
OS,2024-07-14T00:00:00Z,-Inf
OS,2024-07-15T00:00:00Z,-Inf
OS,2024-07-16T00:00:00Z,-Inf
OS,2024-07-17T00:00:00Z,-Inf
OS,2024-07-18T00:00:00Z,-Inf
OS,2024-07-19T00:00:00Z,-Inf
OS,2024-07-20T00:00:00Z,-Inf
OS,2024-07-21T00:00:00Z,-Inf
OS,2024-07-22T00:00:00Z,-Inf
OS,2024-07-24T00:00:00Z,-Inf
OS,2024-07-25T00:00:00Z,-Inf
OS,2024-07-26T00:00:00Z,-Inf
OS,2024-07-27T00:00:00Z,-Inf
OS,2024-07-28T00:00:00Z,-Inf
OS,2024-07-29T00:00:00Z,-Inf
OS,2024-07-30T00:00:00Z,-Inf
OS,2024-07-31T00:00:00Z,-Inf
OS,2024-08-01T00:00:00Z,-Inf
OS,2024-08-02T00:00:00Z,-Inf
OS,2024-08-03T00:00:00Z,-Inf
OS,2024-08-04T00:00:00Z,-Inf
OS,2024-08-05T00:00:00Z,-Inf
OS,2024-08-06T00:00:00Z,-Inf
OS,2024-08-07T00:00:00Z,-Inf
OS,2024-08-08T00:00:00Z,-Inf
OS,2024-08-09T00:00:00Z,-Inf
OS,2024-08-10T00:00:00Z,-Inf
OS,2024-08-11T00:00:00Z,-Inf
OS,2024-08-12T00:00:00Z,-Inf
OS,2024-08-13T00:00:00Z,-Inf
OS,2024-08-14T00:00:00Z,-Inf
OS,2024-08-15T00:00:00Z,-Inf
OS,2024-08-16T00:00:00Z,-Inf
OS,2024-08-17T00:00:00Z,-Inf
OS,2024-08-18T00:00:00Z,-Inf
OS,2024-08-19T00:00:00Z,-Inf
OS,2024-08-20T00:00:00Z,-Inf
OS,2024-08-21T00:00:00Z,-Inf
OS,2024-08-22T00:00:00Z,-Inf
OS,2024-08-23T00:00:00Z,-Inf
OS,2024-08-24T00:00:00Z,-Inf
OS,2024-08-25T00:00:00Z,-Inf
OS,2024-08-26T00:00:00Z,-Inf
OS,2024-08-27T00:00:00Z,-Inf
OS,2024-08-28T00:00:00Z,-Inf
OS,2024-08-29T00:00:00Z,-Inf
OS,2024-08-30T00:00:00Z,-Inf
OS,2024-08-31T00:00:00Z,-Inf
OS,2024-09-01T00:00:00Z,-Inf
OS,2024-09-02T00:00:00Z,-Inf
OS,2024-09-03T00:00:00Z,-Inf
OS,2024-09-04T00:00:00Z,-Inf
OS,2024-09-05T00:00:00Z,-Inf
OS,2024-09-06T00:00:00Z,-Inf
OS,2024-09-07T00:00:00Z,-Inf
OS,2024-09-08T00:00:00Z,-Inf
OS,2024-09-09T00:00:00Z,-Inf
OS,2024-09-10T00:00:00Z,-Inf
OS,2024-09-11T00:00:00Z,-Inf
OS,2024-09-12T00:00:00Z,-Inf
OS,2024-09-13T00:00:00Z,-Inf
OS,2024-09-14T00:00:00Z,-Inf
OS,2024-09-15T00:00:00Z,-Inf
OS,2024-09-16T00:00:00Z,-Inf
OS,2024-09-17T00:00:00Z,-Inf
OS,2024-09-18T00:00:00Z,-Inf
OS,2024-09-19T00:00:00Z,-Inf
OS,2024-09-20T00:00:00Z,-Inf
OS,2024-09-21T00:00:00Z,-Inf
OS,2024-09-22T00:00:00Z,-Inf
OS,2024-09-23T00:00:00Z,-Inf
OS,2024-09-24T00:00:00Z,-Inf
OS,2024-09-25T00:00:00Z,-Inf
OS,2024-09-26T00:00:00Z,-Inf
OS,2024-09-27T00:00:00Z,-Inf
OS,2024-09-28T00:00:00Z,-Inf
OS,2024-09-29T00:00:00Z,-Inf
OS,2024-09-30T00:00:00Z,-Inf
OS,2024-10-01T00:00:00Z,-Inf
OS,2024-10-02T00:00:00Z,-Inf
OS,2024-10-03T00:00:00Z,-Inf
OS,2024-10-04T00:00:00Z,-Inf
OS,2024-10-05T00:00:00Z,-Inf
